shipment_id,order_id,courier_partner,warehouse_location,dispatch_date,delivery_date,delivery_status,estimated_days
1,1,Ekart Logistics,Kanpur,,,Processing,4
2,2,Delhivery,Jaipur,2026-05-18,2026-05-22,Delivered Late,2
3,3,Bluedart,Lucknow,2024-10-29,2024-11-01,Delivered,4
4,4,Ekart Logistics,Bhubaneswar,2024-11-28,2024-12-02,Delivered,5
5,5,DTDC,Bhopal,2025-11-04,2025-11-08,Delivered,5
6,6,Ekart Logistics,Nashik,2026-05-05,2026-05-10,Delivered,5
7,7,Ekart Logistics,Lucknow,2025-12-08,2025-12-14,Delivered,7
8,8,Bluedart,Thiruvananthapuram,,,Not Shipped,5
9,9,Xpressbees,Bhopal,2024-01-27,2024-01-31,Delivered,4
10,10,Ecom Express,Delhi,2025-05-22,2025-06-01,Delivered Late,7
11,11,Ekart Logistics,Indore,,,Processing,5
12,12,Ekart Logistics,Hyderabad,2025-04-29,2025-05-04,Delivered,6
13,13,Xpressbees,Guwahati,2025-02-26,2025-03-04,Delivered,6
14,14,Ekart Logistics,Hyderabad,2025-09-07,,In Transit,7
15,15,Bluedart,Chandigarh,2026-04-09,2026-04-16,Delivered Late,6
16,16,Ekart Logistics,Patna,2025-12-17,2025-12-19,Delivered,2
17,17,DTDC,Thiruvananthapuram,2025-12-24,2025-12-26,Delivered,2
18,18,Delhivery,Chandigarh,2025-07-02,2025-07-04,Delivered,2
19,19,DTDC,Thiruvananthapuram,2026-05-18,,In Transit,2
20,20,Bluedart,Bengaluru,2026-01-20,2026-01-24,Delivered,4
21,21,Bluedart,Pune,2026-02-15,2026-02-23,Delivered Late,6
22,22,DTDC,Vadodara,2024-05-12,2024-05-17,Delivered,5
23,23,DTDC,Surat,2025-08-13,,In Transit,5
24,24,DTDC,Bengaluru,2023-11-12,2023-11-13,Delivered,2
25,25,Ecom Express,Vadodara,2025-11-17,2025-11-24,Delivered,7
26,26,Delhivery,Bhopal,2026-01-17,2026-01-20,Delivered Late,2
27,27,Delhivery,Pune,2026-05-16,,In Transit,4
28,28,Ecom Express,Coimbatore,2026-04-14,2026-04-17,Returned,3
29,29,Xpressbees,Vadodara,2025-02-20,2025-02-23,Delivered,3
30,30,Bluedart,Delhi,2024-11-30,2024-12-04,Delivered,4
31,31,Delhivery,Nagpur,2024-02-24,2024-02-28,Delivered Late,2
32,32,Ecom Express,Pune,2025-10-19,2025-10-26,Delivered Late,7
33,33,Bluedart,Vadodara,2024-10-25,2024-11-02,Delivered Late,6
34,34,Bluedart,Chennai,2025-08-12,2025-08-18,Delivered,7
35,35,Xpressbees,Bhopal,2025-11-14,2025-11-17,Delivered,4
36,36,Bluedart,Bengaluru,,,Not Shipped,4
37,37,DTDC,Coimbatore,2026-07-28,2026-08-05,Delivered Late,7
38,38,Bluedart,Bhopal,2025-05-07,2025-05-09,Returned,2
39,39,Ekart Logistics,Chandigarh,2025-11-18,2025-11-25,Delivered,7
40,40,DTDC,Bhopal,2025-09-05,2025-09-10,Returned,6
41,41,Xpressbees,Chennai,,,Not Shipped,5
42,42,Ecom Express,Jaipur,2024-09-18,2024-09-21,Delivered,3
43,43,Ecom Express,Kolkata,2025-05-10,2025-05-11,Delivered,2
44,44,Ecom Express,Chennai,2025-07-05,2025-07-09,Delivered,5
45,45,Ekart Logistics,Bhubaneswar,2026-03-13,2026-03-15,Delivered,3
46,46,Ecom Express,Vadodara,2026-02-11,2026-02-16,Returned,6
47,47,Bluedart,Hyderabad,2025-10-29,2025-11-01,Delivered,3
48,48,Delhivery,Bhubaneswar,2026-04-26,2026-04-28,Returned,2
49,49,Bluedart,Indore,2025-05-22,2025-05-24,Delivered,3
50,50,DTDC,Chandigarh,2025-11-20,2025-11-26,Delivered,6
51,51,DTDC,Pune,2026-05-07,2026-05-12,Delivered,5
52,52,Delhivery,Ranchi,2025-07-17,2025-07-21,Returned,4
53,53,Ecom Express,Guwahati,2026-05-31,2026-06-02,Delivered,2
54,54,Xpressbees,Patna,2025-12-01,2025-12-05,Delivered Late,3
55,55,Xpressbees,Indore,2025-11-04,2025-11-09,Delivered Late,4
56,56,Bluedart,Chennai,2026-03-27,2026-04-02,Delivered,7
57,57,Delhivery,Nagpur,2026-04-13,2026-04-19,Delivered,7
58,58,Delhivery,Amritsar,2025-09-02,2025-09-07,Delivered Late,5
59,59,DTDC,Vadodara,2025-12-22,2025-12-25,Delivered,3
60,60,DTDC,Patna,2026-03-21,2026-03-26,Delivered,5
61,61,Bluedart,Ranchi,2025-06-15,2025-06-19,Delivered Late,4
62,62,Ecom Express,Ranchi,2024-10-03,2024-10-09,Delivered,7
63,63,Xpressbees,Delhi,2026-06-27,2026-07-01,Delivered,5
64,64,Bluedart,Mumbai,2025-08-29,2025-09-03,Delivered Late,5
65,65,Xpressbees,Pune,2025-05-18,2025-05-21,Delivered Late,2
66,66,Ecom Express,Hyderabad,2025-12-08,2025-12-12,Delivered,4
67,67,Ekart Logistics,Patna,2024-12-05,2024-12-11,Delivered,7
68,68,Xpressbees,Indore,2025-02-14,2025-02-21,Delivered,7
69,69,Delhivery,Kolkata,2026-02-01,2026-02-04,Delivered Late,3
70,70,Delhivery,Coimbatore,2025-04-04,2025-04-09,Returned,6
71,71,DTDC,Nagpur,,,Processing,2
72,72,DTDC,Chandigarh,2026-02-14,2026-02-17,Delivered,4
73,73,Xpressbees,Kanpur,2023-12-23,,In Transit,6
74,74,Delhivery,Hyderabad,2026-03-17,2026-03-22,Delivered Late,3
75,75,Delhivery,Kochi,2025-10-27,2025-11-03,Delivered,7
76,76,Ecom Express,Mysuru,,,Not Shipped,2
77,77,Delhivery,Kochi,2024-10-29,2024-11-06,Delivered Late,7
78,78,Delhivery,Indore,2024-09-27,2024-09-30,Delivered,4
79,79,Ekart Logistics,Vadodara,2026-03-25,2026-03-28,Delivered Late,2
80,80,Xpressbees,Nashik,2024-08-26,2024-09-02,Delivered,7
81,81,Xpressbees,Hyderabad,2024-05-21,2024-05-25,Delivered Late,3
82,82,DTDC,Surat,,,Not Shipped,2
83,83,Ecom Express,Ahmedabad,2025-12-31,2026-01-02,Delivered,2
84,84,Ekart Logistics,Delhi,2025-09-14,2025-09-17,Delivered Late,2
85,85,Ecom Express,Bengaluru,,,Not Shipped,2
86,86,Ekart Logistics,Coimbatore,2025-09-01,2025-09-05,Delivered,4
87,87,DTDC,Ahmedabad,2024-12-09,2024-12-15,Delivered,7
88,88,DTDC,Pune,2026-04-22,2026-04-27,Returned,6
89,89,Delhivery,Chandigarh,2026-03-14,2026-03-16,Delivered,2
90,90,DTDC,Kochi,2025-03-22,2025-03-27,Returned,5
91,91,Ecom Express,Ahmedabad,2024-09-14,2024-09-19,Delivered Late,5
92,92,Bluedart,Kolkata,2026-04-01,2026-04-05,Returned,3
93,93,Xpressbees,Chennai,2026-04-17,2026-04-20,Delivered,3
94,94,Bluedart,Hyderabad,2026-01-31,2026-02-07,Delivered,7
95,95,Ecom Express,Mysuru,2025-12-24,2025-12-30,Delivered Late,3
96,96,Ekart Logistics,Surat,2025-01-31,2025-02-07,Delivered,7
97,97,Bluedart,Pune,,,Not Shipped,5
98,98,Xpressbees,Kanpur,2024-08-28,2024-09-04,Delivered Late,6
99,99,Bluedart,Chennai,2025-08-25,2025-09-01,Delivered Late,6
100,100,Ecom Express,Surat,2026-01-24,2026-01-26,Delivered,2
101,101,Ekart Logistics,Bhubaneswar,2025-01-31,2025-02-05,Delivered,6
102,102,Bluedart,Bengaluru,2026-08-03,2026-08-06,Returned,3
103,103,Delhivery,Mumbai,2026-04-28,2026-05-05,Delivered,7
104,104,Ecom Express,Chennai,2024-07-29,,In Transit,6
105,105,Ecom Express,Coimbatore,2024-04-30,2024-05-01,Delivered,2
106,106,Ekart Logistics,Chennai,,,Not Shipped,7
107,107,Ekart Logistics,Amritsar,2024-09-11,2024-09-13,Delivered,3
108,108,Delhivery,Mysuru,2025-02-19,2025-02-23,Delivered,5
109,109,Delhivery,Patna,2025-02-10,2025-02-12,Delivered,3
110,110,DTDC,Mysuru,2025-08-02,,In Transit,6
111,111,Bluedart,Mysuru,2026-05-21,2026-05-26,Delivered,6
112,112,Ekart Logistics,Bhubaneswar,,,Processing,7
113,113,DTDC,Bhubaneswar,2026-08-05,2026-08-11,Delivered Late,4
114,114,Delhivery,Bhopal,2025-10-12,2025-10-18,Delivered,6
115,115,Xpressbees,Hyderabad,2025-05-21,2025-05-26,Delivered,5
116,116,Ecom Express,Bhubaneswar,,,Not Shipped,4
117,117,DTDC,Kolkata,2025-07-26,2025-08-02,Delivered Late,5
118,118,Ekart Logistics,Chennai,2026-07-04,2026-07-09,Delivered Late,3
119,119,DTDC,Ranchi,2026-03-20,,In Transit,7
120,120,Ekart Logistics,Chennai,2026-06-20,2026-06-26,Delivered Late,5
121,121,Ekart Logistics,Patna,2025-12-24,2025-12-26,Delivered,3
122,122,Xpressbees,Guwahati,2025-08-03,2025-08-12,Delivered Late,7
123,123,Ecom Express,Vadodara,2025-10-27,2025-11-02,Delivered Late,5
124,124,Bluedart,Mumbai,2025-10-24,2025-10-30,Delivered,7
125,125,Xpressbees,Nashik,2025-12-22,2025-12-26,Delivered,4
126,126,Delhivery,Jaipur,2026-01-19,2026-01-23,Delivered,5
127,127,Bluedart,Mysuru,2026-05-06,2026-05-14,Delivered Late,7
128,128,Ecom Express,Nagpur,,,Processing,4
129,129,Bluedart,Chennai,2026-02-09,2026-02-14,Returned,6
130,130,Ekart Logistics,Bhopal,2026-01-28,2026-02-06,Delivered Late,7
131,131,Ekart Logistics,Nashik,2024-09-27,2024-10-05,Delivered Late,7
132,132,Delhivery,Bhubaneswar,2026-02-12,2026-02-21,Delivered Late,7
133,133,Ekart Logistics,Indore,2025-08-27,2025-08-31,Delivered,4
134,134,Delhivery,Mumbai,2026-01-27,2026-02-02,Delivered Late,5
135,135,Delhivery,Guwahati,2025-04-25,2025-05-02,Returned,7
136,136,DTDC,Thiruvananthapuram,,,Not Shipped,5
137,137,Ecom Express,Bhopal,2026-01-27,2026-02-02,Returned,7
138,138,DTDC,Hyderabad,2026-05-23,2026-05-29,Delivered Late,6
139,139,Delhivery,Mysuru,2025-07-05,,In Transit,4
140,140,DTDC,Jaipur,2026-01-20,2026-01-25,Delivered,6
141,141,Xpressbees,Mumbai,2025-07-21,2025-07-28,Delivered Late,6
142,142,Delhivery,Kolkata,2025-07-11,2025-07-17,Delivered,6
143,143,Ekart Logistics,Surat,2024-11-17,2024-11-23,Delivered Late,5
144,144,Xpressbees,Chandigarh,2026-03-16,2026-03-17,Delivered,2
145,145,Delhivery,Mysuru,2025-02-14,2025-02-17,Delivered,3
146,146,Ecom Express,Kochi,2025-11-21,2025-11-25,Returned,4
147,147,DTDC,Amritsar,2026-03-03,2026-03-07,Delivered,4
148,148,Bluedart,Chennai,2025-08-26,,In Transit,6
149,149,DTDC,Coimbatore,2025-05-10,2025-05-17,Delivered Late,5
150,150,Ecom Express,Jaipur,2025-11-21,,In Transit,6
151,151,Xpressbees,Lucknow,2026-06-14,,In Transit,3
152,152,Xpressbees,Lucknow,2026-03-15,2026-03-18,Delivered,4
153,153,Ecom Express,Bengaluru,2024-02-07,2024-02-13,Delivered Late,3
154,154,Xpressbees,Mumbai,2025-08-23,2025-08-28,Delivered,6
155,155,Bluedart,Ranchi,2025-04-05,2025-04-13,Delivered Late,7
156,156,Bluedart,Kochi,2025-08-25,2025-08-26,Delivered,2
157,157,Xpressbees,Bhopal,2026-08-03,2026-08-10,Delivered,7
158,158,Bluedart,Thiruvananthapuram,2026-06-10,2026-06-16,Delivered Late,6
159,159,DTDC,Hyderabad,,,Not Shipped,2
160,160,DTDC,Bengaluru,2025-11-27,2025-12-03,Returned,6
161,161,Ekart Logistics,Bengaluru,2026-07-20,,In Transit,6
162,162,DTDC,Chennai,,,Not Shipped,2
163,163,Ecom Express,Kochi,2025-11-20,2025-11-25,Delivered Late,4
164,164,Bluedart,Patna,2026-03-09,2026-03-12,Delivered,3
165,165,DTDC,Kochi,2026-02-17,2026-02-19,Delivered,2
166,166,Ekart Logistics,Guwahati,2025-09-29,2025-10-04,Returned,6
167,167,Bluedart,Pune,,,Not Shipped,5
168,168,Ekart Logistics,Ranchi,,,Processing,6
169,169,Ecom Express,Kanpur,2026-06-05,2026-06-11,Delivered Late,4
170,170,DTDC,Coimbatore,2025-09-25,2025-09-27,Delivered,3
171,171,Bluedart,Vadodara,,,Not Shipped,6
172,172,Ekart Logistics,Hyderabad,2024-07-31,2024-08-10,Delivered Late,7
173,173,Ekart Logistics,Hyderabad,2025-05-08,2025-05-15,Delivered Late,6
174,174,Delhivery,Bhopal,,,Processing,7
175,175,Bluedart,Bhubaneswar,2025-05-03,2025-05-12,Delivered Late,7
176,176,Ecom Express,Guwahati,2024-12-23,2024-12-28,Delivered Late,5
177,177,Delhivery,Chandigarh,2026-02-09,2026-02-14,Delivered,5
178,178,Delhivery,Ahmedabad,2026-05-26,2026-05-31,Delivered Late,4
179,179,Delhivery,Chandigarh,2025-02-05,2025-02-10,Delivered Late,5
180,180,Bluedart,Guwahati,2024-11-20,2024-11-22,Delivered,3
181,181,Ecom Express,Kolkata,2026-03-09,2026-03-13,Returned,4
182,182,Ecom Express,Nagpur,2025-11-28,2025-11-30,Delivered Late,2
183,183,DTDC,Thiruvananthapuram,2025-07-22,2025-07-27,Delivered,6
184,184,Ekart Logistics,Pune,2025-08-15,2025-08-24,Delivered Late,7
185,185,Bluedart,Indore,2025-08-14,2025-08-19,Returned,4
186,186,Xpressbees,Mumbai,2026-05-10,2026-05-12,Delivered,3
187,187,Ekart Logistics,Ahmedabad,2024-11-11,2024-11-18,Delivered Late,7
188,188,Ecom Express,Surat,2026-02-12,2026-02-15,Delivered Late,3
189,189,Ecom Express,Bhopal,,,Not Shipped,3
190,190,Bluedart,Kochi,2025-03-04,2025-03-10,Returned,6
191,191,DTDC,Amritsar,2025-10-05,2025-10-12,Delivered Late,6
192,192,Delhivery,Amritsar,2024-11-10,2024-11-16,Delivered,6
193,193,Bluedart,Ahmedabad,,,Not Shipped,7
194,194,Ekart Logistics,Chennai,,,Not Shipped,2
195,195,Delhivery,Ahmedabad,2026-01-31,2026-02-05,Delivered,5
196,196,DTDC,Chennai,2026-01-27,2026-01-30,Delivered,4
197,197,Ecom Express,Coimbatore,2025-07-08,2025-07-09,Delivered,2
198,198,DTDC,Coimbatore,2026-02-05,,In Transit,5
199,199,DTDC,Ahmedabad,2026-03-13,2026-03-16,Delivered,3
200,200,Bluedart,Mumbai,2025-05-23,2025-05-29,Delivered Late,5
201,201,Ekart Logistics,Jaipur,2025-06-03,2025-06-07,Delivered Late,3
202,202,Delhivery,Chandigarh,2025-09-24,2025-09-28,Delivered,5
203,203,Xpressbees,Jaipur,2026-04-12,2026-04-19,Delivered,7
204,204,Ekart Logistics,Bhopal,2026-04-17,2026-04-23,Delivered Late,5
205,205,Delhivery,Patna,2026-02-07,2026-02-11,Delivered,5
206,206,Xpressbees,Nashik,2026-01-24,2026-01-31,Delivered Late,7
207,207,Bluedart,Mumbai,2026-05-15,2026-05-22,Delivered,7
208,208,Delhivery,Surat,2024-03-25,2024-03-29,Returned,4
209,209,Delhivery,Nashik,2026-04-05,2026-04-11,Delivered,6
210,210,Delhivery,Lucknow,2025-08-26,2025-08-27,Delivered,2
211,211,DTDC,Guwahati,2024-03-14,2024-03-19,Delivered,6
212,212,Delhivery,Nashik,2026-03-12,2026-03-14,Delivered,3
213,213,Ekart Logistics,Ranchi,2024-08-12,,In Transit,7
214,214,DTDC,Surat,2025-11-02,2025-11-09,Delivered,7
215,215,Ecom Express,Coimbatore,2026-06-13,2026-06-14,Delivered,2
216,216,Bluedart,Chennai,2025-07-31,2025-08-07,Delivered Late,4
217,217,Delhivery,Mumbai,2026-03-08,2026-03-11,Delivered,3
218,218,Xpressbees,Surat,2024-11-28,2024-11-30,Delivered,2
219,219,Ecom Express,Kolkata,2026-01-16,2026-01-21,Delivered,5
220,220,Ekart Logistics,Patna,2026-03-04,2026-03-08,Delivered,4
221,221,Ecom Express,Nashik,2026-01-10,2026-01-18,Delivered Late,5
222,222,DTDC,Kochi,2026-07-11,2026-07-17,Delivered,7
223,223,DTDC,Lucknow,2025-07-03,2025-07-06,Delivered,4
224,224,Xpressbees,Delhi,2025-01-18,2025-01-21,Delivered,3
225,225,DTDC,Guwahati,2025-08-06,2025-08-12,Delivered,7
226,226,Bluedart,Chandigarh,2025-12-28,2026-01-01,Delivered,5
227,227,Xpressbees,Mumbai,2025-08-21,2025-08-24,Delivered Late,3
228,228,Ekart Logistics,Patna,2026-05-25,2026-05-30,Delivered,6
229,229,Delhivery,Bhopal,2025-02-13,2025-02-20,Delivered Late,7
230,230,DTDC,Chennai,2025-05-12,2025-05-18,Delivered Late,3
231,231,DTDC,Mumbai,2024-10-07,2024-10-12,Delivered,5
232,232,Delhivery,Ranchi,2026-06-16,2026-06-22,Delivered Late,4
233,233,Bluedart,Pune,2026-04-09,2026-04-15,Delivered Late,4
234,234,Ecom Express,Lucknow,2026-04-05,2026-04-07,Delivered Late,2
235,235,Bluedart,Lucknow,2026-04-23,2026-04-28,Delivered,5
236,236,DTDC,Kanpur,2026-06-05,2026-06-10,Delivered Late,4
237,237,Bluedart,Nagpur,2023-12-28,2023-12-31,Delivered Late,2
238,238,DTDC,Bhubaneswar,2026-01-22,2026-01-27,Delivered,5
239,239,Ekart Logistics,Guwahati,2025-06-04,2025-06-08,Delivered,5
240,240,Ecom Express,Bhubaneswar,2026-05-26,2026-06-01,Returned,4
241,241,Delhivery,Thiruvananthapuram,2026-04-04,2026-04-05,Delivered,2
242,242,Bluedart,Pune,2026-06-16,2026-06-19,Delivered,3
243,243,Ekart Logistics,Thiruvananthapuram,2025-09-23,2025-10-01,Delivered Late,5
244,244,Bluedart,Nashik,2025-04-30,2025-05-04,Delivered,5
245,245,Delhivery,Bhopal,2026-04-15,2026-04-22,Returned,5
246,246,Ekart Logistics,Lucknow,2025-09-30,2025-10-03,Delivered,3
247,247,Ecom Express,Delhi,2026-02-24,,In Transit,2
248,248,Delhivery,Vadodara,2025-04-04,2025-04-10,Delivered,7
249,249,Ecom Express,Kanpur,2025-11-29,2025-12-05,Delivered Late,4
250,250,Bluedart,Guwahati,,,Not Shipped,6
251,251,Delhivery,Amritsar,2025-06-26,2025-07-01,Delivered,5
252,252,Bluedart,Guwahati,2024-08-26,,In Transit,3
253,253,Delhivery,Mysuru,2024-12-11,2024-12-14,Delivered,3
254,254,Delhivery,Indore,,,Not Shipped,6
255,255,DTDC,Kolkata,2025-05-05,2025-05-13,Delivered Late,7
256,256,DTDC,Vadodara,2025-10-05,2025-10-09,Delivered,5
257,257,Ecom Express,Delhi,2024-08-29,2024-09-01,Delivered Late,3
258,258,Ecom Express,Bengaluru,2025-10-27,2025-10-31,Returned,3
259,259,Delhivery,Delhi,2024-06-27,2024-07-01,Delivered,5
260,260,Xpressbees,Jaipur,2025-11-21,2025-11-28,Delivered Late,6
261,261,Delhivery,Vadodara,2025-01-11,2025-01-12,Returned,2
262,262,Bluedart,Kolkata,2024-12-27,2024-12-28,Delivered,2
263,263,Ecom Express,Amritsar,2026-03-02,2026-03-03,Delivered,2
264,264,Xpressbees,Hyderabad,2026-03-20,2026-03-27,Delivered,7
265,265,DTDC,Guwahati,2024-11-18,2024-11-25,Delivered Late,6
266,266,Ecom Express,Nagpur,2024-08-21,2024-08-26,Delivered,5
267,267,Xpressbees,Nagpur,2025-07-30,2025-08-06,Delivered Late,7
268,268,Ecom Express,Guwahati,2025-03-03,2025-03-08,Delivered,5
269,269,Ekart Logistics,Kanpur,2023-12-22,2023-12-24,Delivered,3
270,270,Xpressbees,Bhubaneswar,2026-02-26,2026-03-02,Delivered,4
271,271,Xpressbees,Nagpur,,,Not Shipped,6
272,272,Delhivery,Surat,2025-06-18,2025-06-23,Delivered Late,3
273,273,Bluedart,Nashik,2026-05-27,2026-05-30,Delivered,3
274,274,Bluedart,Delhi,2026-02-23,2026-03-03,Delivered Late,6
275,275,Ekart Logistics,Amritsar,2025-10-16,2025-10-21,Delivered Late,4
276,276,DTDC,Surat,2025-09-24,2025-10-03,Delivered Late,6
277,277,Bluedart,Bhopal,2025-11-13,,In Transit,4
278,278,Delhivery,Bhubaneswar,2026-03-25,2026-03-29,Delivered Late,4
279,279,Xpressbees,Mysuru,2026-03-13,2026-03-14,Delivered,2
280,280,DTDC,Thiruvananthapuram,2024-10-14,2024-10-20,Delivered,6
281,281,Ekart Logistics,Chandigarh,2026-03-11,2026-03-14,Delivered Late,2
282,282,DTDC,Chandigarh,2024-09-19,2024-09-23,Delivered Late,2
283,283,DTDC,Indore,2025-12-16,,In Transit,4
284,284,Delhivery,Mumbai,2025-09-27,2025-10-01,Delivered,4
285,285,DTDC,Patna,2025-04-03,2025-04-05,Delivered,3
286,286,Bluedart,Bengaluru,2026-02-12,2026-02-15,Delivered Late,3
287,287,Ecom Express,Hyderabad,2026-01-11,2026-01-17,Delivered Late,5
288,288,Delhivery,Thiruvananthapuram,2026-03-05,2026-03-09,Delivered,4
289,289,Delhivery,Chandigarh,,,Processing,3
290,290,Delhivery,Amritsar,2025-09-08,2025-09-11,Delivered,3
291,291,Ekart Logistics,Bhubaneswar,2026-01-05,2026-01-09,Delivered Late,3
292,292,Bluedart,Bengaluru,2024-07-24,2024-07-31,Returned,7
293,293,Bluedart,Ahmedabad,2026-01-24,,In Transit,2
294,294,Xpressbees,Chennai,,,Not Shipped,6
295,295,Ecom Express,Bhubaneswar,2025-04-07,2025-04-10,Delivered,4
296,296,Delhivery,Pune,2024-09-03,2024-09-06,Delivered,3
297,297,DTDC,Bengaluru,2025-09-20,2025-09-23,Delivered Late,3
298,298,Bluedart,Vadodara,2026-04-15,,In Transit,4
299,299,Ekart Logistics,Nashik,2025-08-26,2025-08-30,Delivered,4
300,300,DTDC,Surat,,,Processing,4
301,301,Bluedart,Mumbai,2024-02-08,2024-02-13,Returned,6
302,302,Xpressbees,Kochi,2024-08-30,2024-09-04,Returned,5
303,303,Ekart Logistics,Nagpur,2025-07-28,2025-08-01,Delivered Late,3
304,304,DTDC,Delhi,2025-10-15,2025-10-22,Delivered,7
305,305,Delhivery,Mumbai,2025-08-08,2025-08-13,Delivered,5
306,306,Delhivery,Nashik,2026-01-26,2026-01-27,Delivered,2
307,307,Ekart Logistics,Kolkata,2026-03-29,2026-04-04,Delivered,6
308,308,DTDC,Patna,2025-05-06,2025-05-09,Delivered Late,2
309,309,Delhivery,Ranchi,2024-07-25,2024-08-01,Delivered,7
310,310,Xpressbees,Bhopal,2026-03-06,2026-03-11,Delivered Late,3
311,311,Xpressbees,Amritsar,2026-01-07,2026-01-10,Delivered,4
312,312,Xpressbees,Patna,2024-07-04,2024-07-07,Delivered,3
313,313,DTDC,Mumbai,2026-02-13,2026-02-18,Delivered,5
314,314,Ecom Express,Mysuru,2024-05-25,2024-05-30,Delivered Late,4
315,315,Ecom Express,Bengaluru,2025-04-13,2025-04-18,Delivered,5
316,316,Bluedart,Jaipur,2025-05-13,2025-05-19,Delivered Late,6
317,317,DTDC,Vadodara,2024-07-10,2024-07-16,Delivered,7
318,318,Bluedart,Patna,2024-05-26,2024-05-31,Delivered,6
319,319,Ekart Logistics,Mumbai,2025-05-09,2025-05-11,Delivered,3
320,320,Xpressbees,Ahmedabad,2025-07-25,2025-08-01,Delivered,7
321,321,Ecom Express,Chennai,2025-02-21,2025-02-26,Delivered Late,4
322,322,Xpressbees,Nagpur,2026-08-17,2026-08-21,Delivered,4
323,323,Xpressbees,Delhi,2025-08-23,,In Transit,6
324,324,Bluedart,Nashik,,,Not Shipped,4
325,325,Bluedart,Thiruvananthapuram,2026-07-20,2026-07-25,Returned,6
326,326,Delhivery,Chennai,2025-12-28,,In Transit,4
327,327,Ekart Logistics,Thiruvananthapuram,2026-08-11,2026-08-13,Delivered,3
328,328,Ekart Logistics,Chennai,2024-11-18,2024-11-24,Delivered,7
329,329,Ecom Express,Mumbai,2025-02-04,2025-02-07,Delivered,4
330,330,Ekart Logistics,Ranchi,,,Not Shipped,4
331,331,Bluedart,Mumbai,2026-01-22,2026-01-28,Delivered,6
332,332,Delhivery,Bhubaneswar,2026-03-06,2026-03-14,Delivered Late,7
333,333,Delhivery,Chandigarh,2025-04-13,2025-04-15,Delivered,3
334,334,Xpressbees,Nagpur,2025-10-14,2025-10-19,Delivered,5
335,335,Delhivery,Guwahati,2025-01-28,2025-02-01,Delivered,5
336,336,Ecom Express,Ranchi,2025-11-12,2025-11-15,Delivered,3
337,337,Delhivery,Kolkata,2025-06-18,2025-06-23,Delivered,5
338,338,Ekart Logistics,Mysuru,,,Not Shipped,6
339,339,Xpressbees,Bhubaneswar,2025-12-21,2025-12-22,Delivered,2
340,340,Delhivery,Kanpur,2024-07-17,2024-07-20,Delivered Late,2
341,341,DTDC,Delhi,,,Not Shipped,7
342,342,Delhivery,Pune,2026-06-11,2026-06-15,Delivered,4
343,343,Delhivery,Mysuru,2025-04-23,2025-04-29,Delivered,7
344,344,Bluedart,Lucknow,2024-11-25,2024-12-03,Delivered Late,7
345,345,Bluedart,Vadodara,2025-12-18,2025-12-21,Delivered Late,2
346,346,Xpressbees,Kanpur,,,Processing,5
347,347,Ekart Logistics,Indore,2026-01-17,2026-01-19,Returned,3
348,348,Ekart Logistics,Thiruvananthapuram,2024-12-21,2024-12-27,Delivered Late,5
349,349,Ecom Express,Indore,,,Processing,5
350,350,Ecom Express,Bengaluru,2025-08-19,2025-08-29,Delivered Late,7
351,351,Ekart Logistics,Thiruvananthapuram,2025-04-17,2025-04-21,Delivered Late,3
352,352,Xpressbees,Delhi,2026-04-15,2026-04-17,Delivered,3
353,353,Ecom Express,Surat,2025-10-12,2025-10-14,Delivered,2
354,354,Ecom Express,Lucknow,2026-06-23,2026-07-02,Returned,7
355,355,Xpressbees,Bengaluru,2025-06-27,2025-07-02,Delivered Late,4
356,356,DTDC,Hyderabad,2025-07-10,2025-07-13,Delivered,3
357,357,Delhivery,Hyderabad,2024-12-23,2024-12-30,Delivered,7
358,358,Delhivery,Indore,2025-06-17,2025-06-20,Returned,4
359,359,Xpressbees,Bengaluru,2025-03-27,2025-04-04,Delivered Late,6
360,360,Xpressbees,Bhubaneswar,2026-05-15,2026-05-19,Delivered,4
361,361,Xpressbees,Bengaluru,2025-07-14,2025-07-16,Delivered,2
362,362,Bluedart,Kolkata,2026-05-04,2026-05-10,Delivered,6
363,363,Xpressbees,Chennai,2025-11-10,2025-11-15,Delivered Late,4
364,364,Delhivery,Delhi,2026-05-09,2026-05-11,Delivered,2
365,365,Delhivery,Kochi,2026-04-03,2026-04-09,Delivered Late,4
366,366,Delhivery,Indore,2024-09-04,2024-09-12,Returned,7
367,367,Ecom Express,Guwahati,2025-01-16,2025-01-22,Delivered,6
368,368,Delhivery,Mumbai,2024-10-05,,In Transit,2
369,369,DTDC,Patna,2025-02-02,2025-02-04,Delivered,3
370,370,Ekart Logistics,Bhopal,2026-05-14,2026-05-21,Delivered Late,5
371,371,Delhivery,Delhi,,,Not Shipped,4
372,372,Ekart Logistics,Bhopal,2026-04-19,2026-04-24,Delivered Late,3
373,373,DTDC,Nashik,2024-08-26,2024-09-02,Delivered Late,6
374,374,Xpressbees,Guwahati,2026-06-22,2026-06-27,Delivered,5
375,375,Ecom Express,Patna,2026-01-01,,In Transit,5
376,376,DTDC,Ahmedabad,,,Not Shipped,7
377,377,Ecom Express,Delhi,2026-01-30,2026-02-03,Returned,5
378,378,Ekart Logistics,Amritsar,2025-11-23,2025-11-27,Delivered,4
379,379,Ecom Express,Bhubaneswar,2025-02-05,2025-02-07,Delivered,3
380,380,Bluedart,Indore,2026-01-08,2026-01-15,Delivered,7
381,381,Delhivery,Surat,2025-07-28,2025-08-01,Delivered Late,3
382,382,Xpressbees,Surat,2026-02-07,2026-02-14,Returned,7
383,383,Ekart Logistics,Bhubaneswar,2026-03-17,2026-03-24,Delivered Late,6
384,384,Delhivery,Indore,2026-05-22,2026-05-25,Delivered,4
385,385,Bluedart,Mysuru,2024-07-27,2024-08-01,Delivered,6
386,386,DTDC,Chandigarh,2025-12-12,2025-12-19,Delivered,7
387,387,Xpressbees,Nashik,,,Not Shipped,6
388,388,DTDC,Patna,,,Not Shipped,4
389,389,Delhivery,Pune,2025-05-16,2025-05-24,Delivered Late,7
390,390,Bluedart,Guwahati,2026-06-01,2026-06-05,Delivered,5
391,391,DTDC,Kochi,2025-10-24,,In Transit,4
392,392,Bluedart,Jaipur,2026-02-07,2026-02-12,Delivered,5
393,393,Xpressbees,Chennai,2025-09-08,2025-09-10,Delivered,3
394,394,Delhivery,Indore,2026-05-03,2026-05-08,Delivered Late,4
395,395,DTDC,Kochi,2025-04-28,2025-05-03,Delivered Late,3
396,396,Bluedart,Amritsar,2025-08-19,2025-08-25,Delivered Late,6
397,397,Xpressbees,Amritsar,,,Not Shipped,4
398,398,Xpressbees,Mysuru,2025-11-12,2025-11-18,Returned,4
399,399,Bluedart,Nashik,2024-09-23,2024-09-25,Delivered Late,2
400,400,DTDC,Bengaluru,2024-09-15,2024-09-22,Delivered Late,4
401,401,Bluedart,Kochi,2025-06-05,2025-06-07,Delivered,2
402,402,Ekart Logistics,Chandigarh,2026-02-02,,In Transit,7
403,403,Ecom Express,Bhubaneswar,2025-02-02,2025-02-07,Delivered Late,4
404,404,Bluedart,Amritsar,2026-07-14,2026-07-20,Delivered Late,4
405,405,Ekart Logistics,Chandigarh,2024-12-09,2024-12-16,Delivered,7
406,406,Delhivery,Nagpur,2024-12-18,2024-12-22,Delivered,4
407,407,Bluedart,Nagpur,2025-01-05,2025-01-12,Delivered Late,6
408,408,Ecom Express,Kolkata,2025-07-13,2025-07-17,Delivered,4
409,409,Xpressbees,Chandigarh,2025-03-28,2025-04-03,Delivered,7
410,410,Delhivery,Surat,2025-02-05,2025-02-08,Delivered Late,2
411,411,Xpressbees,Delhi,2026-05-23,2026-05-31,Delivered Late,7
412,412,DTDC,Lucknow,2026-01-02,2026-01-08,Delivered Late,6
413,413,Xpressbees,Patna,2026-01-12,2026-01-15,Delivered,3
414,414,Ecom Express,Hyderabad,2026-06-08,2026-06-14,Delivered Late,5
415,415,Xpressbees,Amritsar,2025-07-22,2025-07-28,Delivered,7
416,416,DTDC,Chennai,2026-07-22,2026-07-29,Delivered Late,7
417,417,Ecom Express,Bhubaneswar,2025-12-31,2026-01-05,Delivered,5
418,418,DTDC,Guwahati,2025-01-04,2025-01-08,Delivered Late,3
419,419,Bluedart,Kanpur,2026-04-25,2026-05-01,Delivered Late,6
420,420,Ekart Logistics,Coimbatore,2024-10-18,2024-10-22,Delivered,4
421,421,DTDC,Bengaluru,2024-11-12,2024-11-16,Delivered Late,4
422,422,Delhivery,Kolkata,2025-10-04,2025-10-10,Delivered,6
423,423,Bluedart,Delhi,2023-12-15,2023-12-21,Returned,6
424,424,Xpressbees,Jaipur,2025-12-26,2026-01-02,Delivered,7
425,425,Ekart Logistics,Chandigarh,2025-12-01,2025-12-06,Delivered,5
426,426,Ecom Express,Delhi,2025-01-17,2025-01-19,Delivered,3
427,427,Bluedart,Hyderabad,2026-02-14,2026-02-20,Delivered,6
428,428,DTDC,Chandigarh,2025-07-14,2025-07-21,Delivered,7
429,429,Delhivery,Bhubaneswar,2026-02-08,2026-02-13,Delivered,6
430,430,DTDC,Chennai,2026-04-02,2026-04-04,Delivered,3
431,431,Ecom Express,Thiruvananthapuram,2025-03-17,2025-03-26,Delivered Late,7
432,432,Xpressbees,Ranchi,2025-05-06,2025-05-13,Delivered Late,6
433,433,Ecom Express,Bhubaneswar,,,Not Shipped,3
434,434,Ekart Logistics,Nagpur,,,Not Shipped,5
435,435,Delhivery,Nashik,2024-08-01,2024-08-09,Returned,7
436,436,Bluedart,Kochi,2025-07-07,2025-07-12,Delivered,6
437,437,Bluedart,Bhopal,,,Processing,7
438,438,Ecom Express,Ranchi,2025-06-18,2025-06-20,Delivered,2
439,439,Xpressbees,Guwahati,2026-04-15,2026-04-18,Delivered,4
440,440,Bluedart,Mumbai,2025-11-04,2025-11-06,Delivered,2
441,441,DTDC,Pune,,,Processing,7
442,442,Bluedart,Bhopal,2025-11-08,2025-11-10,Delivered,3
443,443,Ekart Logistics,Coimbatore,2026-08-01,2026-08-07,Returned,7
444,444,Ekart Logistics,Indore,2026-01-25,2026-01-31,Delivered,7
445,445,Bluedart,Pune,2026-03-09,2026-03-16,Delivered Late,5
446,446,Ekart Logistics,Vadodara,,,Processing,2
447,447,Ekart Logistics,Bhubaneswar,,,Not Shipped,7
448,448,Delhivery,Nashik,2024-04-23,2024-04-24,Delivered,2
449,449,Delhivery,Guwahati,2026-08-11,2026-08-14,Delivered Late,3
450,450,Ekart Logistics,Ranchi,2026-01-06,2026-01-09,Delivered,4
451,451,Ekart Logistics,Surat,2025-09-18,2025-09-22,Delivered Late,3
452,452,Xpressbees,Nagpur,2026-03-28,2026-03-30,Delivered,3
453,453,Xpressbees,Jaipur,2026-01-31,2026-02-05,Returned,5
454,454,Bluedart,Kochi,2025-03-22,2025-03-26,Delivered,4
455,455,Ekart Logistics,Indore,2025-12-13,2025-12-16,Delivered,4
456,456,Xpressbees,Coimbatore,2024-10-30,2024-11-05,Delivered Late,5
457,457,DTDC,Jaipur,2024-06-20,2024-06-21,Delivered,2
458,458,Delhivery,Pune,2026-02-24,2026-03-04,Delivered Late,5
459,459,Ecom Express,Mysuru,,,Not Shipped,3
460,460,Ekart Logistics,Kolkata,2025-04-01,2025-04-07,Delivered,7
461,461,Ecom Express,Kanpur,2026-01-21,,In Transit,6
462,462,Ecom Express,Nagpur,2025-11-15,2025-11-21,Delivered,6
463,463,Xpressbees,Thiruvananthapuram,2025-04-29,2025-05-05,Delivered,6
464,464,Ekart Logistics,Pune,2023-11-16,2023-11-22,Returned,6
465,465,DTDC,Ranchi,2026-04-15,2026-04-19,Delivered,4
466,466,Ekart Logistics,Kanpur,2026-04-11,2026-04-12,Delivered,2
467,467,Ecom Express,Kolkata,,,Processing,4
468,468,Delhivery,Bhubaneswar,2024-12-18,,In Transit,2
469,469,Delhivery,Kochi,2026-04-28,,In Transit,3
470,470,Bluedart,Bhubaneswar,2025-10-28,,In Transit,6
471,471,DTDC,Bengaluru,2025-07-13,2025-07-15,Delivered,2
472,472,Ecom Express,Nagpur,2025-11-16,2025-11-20,Delivered Late,3
473,473,Xpressbees,Delhi,2026-03-09,2026-03-13,Delivered Late,4
474,474,Delhivery,Thiruvananthapuram,2026-01-22,2026-01-24,Delivered Late,2
475,475,Delhivery,Ahmedabad,,,Not Shipped,4
476,476,Ecom Express,Indore,2026-05-01,,In Transit,7
477,477,Ekart Logistics,Amritsar,2026-01-22,2026-01-28,Delivered,6
478,478,DTDC,Amritsar,2025-08-26,2025-09-01,Delivered,6
479,479,DTDC,Nashik,2026-03-26,2026-03-28,Delivered,3
480,480,Ekart Logistics,Mysuru,2024-03-28,2024-04-04,Delivered Late,6
481,481,Bluedart,Surat,2024-03-18,2024-03-22,Delivered,4
482,482,Bluedart,Ranchi,2026-01-23,2026-01-26,Delivered Late,2
483,483,DTDC,Delhi,2025-06-03,2025-06-08,Delivered,6
484,484,DTDC,Bhubaneswar,,,Not Shipped,4
485,485,Ekart Logistics,Ranchi,2025-03-09,2025-03-11,Delivered,3
486,486,DTDC,Bhopal,2025-05-20,2025-05-25,Delivered Late,5
487,487,Ecom Express,Kanpur,2026-02-11,2026-02-15,Delivered,5
488,488,Delhivery,Patna,2026-03-12,2026-03-16,Delivered,4
489,489,DTDC,Nagpur,2026-03-17,,In Transit,2
490,490,Ecom Express,Nagpur,2025-06-18,2025-06-24,Delivered Late,5
491,491,DTDC,Coimbatore,2026-05-03,2026-05-09,Delivered,6
492,492,Xpressbees,Mysuru,2026-01-28,2026-02-03,Delivered,7
493,493,DTDC,Nashik,2025-06-24,2025-06-30,Delivered Late,6
494,494,Ekart Logistics,Ranchi,2025-08-23,2025-09-01,Delivered Late,7
495,495,Xpressbees,Kanpur,,,Processing,2
496,496,Xpressbees,Kolkata,2025-10-20,2025-10-27,Delivered,7
497,497,Ekart Logistics,Kanpur,2026-06-15,2026-06-17,Delivered,2
498,498,Ekart Logistics,Nagpur,2025-10-31,,In Transit,3
499,499,DTDC,Ahmedabad,2025-12-23,2025-12-29,Delivered,6
500,500,Delhivery,Hyderabad,,,Not Shipped,4
501,501,Ekart Logistics,Mumbai,2026-02-07,,In Transit,3
502,502,DTDC,Bengaluru,2026-01-08,2026-01-16,Delivered Late,7
503,503,Delhivery,Coimbatore,,,Not Shipped,5
504,504,Delhivery,Bhopal,2025-06-09,2025-06-10,Delivered,2
505,505,Delhivery,Hyderabad,2024-12-08,2024-12-13,Delivered,5
506,506,Ekart Logistics,Surat,2026-02-21,2026-02-25,Delivered,4
507,507,Xpressbees,Kochi,2025-09-10,2025-09-16,Delivered,7
508,508,Ecom Express,Mysuru,2026-03-09,2026-03-13,Delivered,4
509,509,Ecom Express,Amritsar,2025-05-21,2025-05-28,Delivered Late,6
510,510,Ecom Express,Mumbai,2026-01-06,2026-01-09,Delivered,3
511,511,Ecom Express,Ahmedabad,2024-04-03,2024-04-06,Delivered,4
512,512,Ecom Express,Ahmedabad,2026-01-22,2026-01-25,Delivered Late,2
513,513,Ecom Express,Kolkata,,,Processing,4
514,514,Ecom Express,Patna,,,Processing,7
515,515,Xpressbees,Amritsar,2025-11-16,2025-11-20,Delivered,5
516,516,Xpressbees,Bengaluru,2026-02-07,2026-02-09,Delivered Late,2
517,517,Delhivery,Chandigarh,2025-07-28,2025-07-31,Delivered,4
518,518,DTDC,Mysuru,2025-04-29,2025-05-03,Delivered Late,4
519,519,DTDC,Kolkata,,,Processing,3
520,520,DTDC,Bhopal,,,Processing,2
521,521,Delhivery,Guwahati,2025-09-20,2025-09-26,Delivered,7
522,522,Xpressbees,Mysuru,2025-10-24,2025-10-31,Delivered,7
523,523,Delhivery,Patna,2026-04-02,2026-04-08,Delivered Late,4
524,524,Bluedart,Nagpur,2024-12-23,2024-12-27,Delivered,4
525,525,Delhivery,Vadodara,2026-02-02,2026-02-09,Delivered Late,5
526,526,Delhivery,Amritsar,2026-07-04,2026-07-06,Delivered,3
527,527,Ekart Logistics,Kolkata,2026-02-26,2026-03-02,Delivered Late,2
528,528,Ekart Logistics,Mumbai,2025-09-27,2025-09-30,Returned,4
529,529,Delhivery,Nagpur,2026-01-28,2026-01-29,Delivered,2
530,530,Ekart Logistics,Indore,2025-11-08,2025-11-13,Delivered,6
531,531,Xpressbees,Ranchi,2026-07-06,2026-07-12,Delivered,7
532,532,Delhivery,Amritsar,2025-06-19,2025-06-24,Delivered Late,5
533,533,Ecom Express,Nagpur,2026-01-12,2026-01-19,Delivered,7
534,534,Ecom Express,Bhubaneswar,2026-04-14,2026-04-16,Delivered,2
535,535,Xpressbees,Hyderabad,2025-07-01,2025-07-04,Delivered,3
536,536,Ecom Express,Kanpur,2025-06-22,2025-06-28,Delivered,6
537,537,Ecom Express,Kanpur,2026-06-28,2026-07-03,Delivered,5
538,538,DTDC,Mumbai,2026-05-28,2026-05-30,Delivered,2
539,539,DTDC,Chennai,2025-07-24,2025-07-29,Delivered Late,4
540,540,Ecom Express,Kanpur,2024-12-12,2024-12-17,Delivered,5
541,541,Ecom Express,Vadodara,,,Processing,6
542,542,Xpressbees,Hyderabad,2024-09-20,2024-09-26,Returned,7
543,543,Xpressbees,Pune,2025-11-08,2025-11-12,Delivered,4
544,544,Ecom Express,Chandigarh,2025-08-07,2025-08-12,Delivered Late,3
545,545,DTDC,Patna,2026-01-30,,In Transit,2
546,546,Xpressbees,Coimbatore,2023-12-06,2023-12-12,Delivered,7
547,547,Delhivery,Nagpur,,,Not Shipped,3
548,548,Ecom Express,Mumbai,2026-03-20,2026-03-26,Delivered,6
549,549,Xpressbees,Mumbai,2026-01-03,2026-01-05,Delivered Late,2
550,550,Ecom Express,Bhubaneswar,,,Not Shipped,7
551,551,Bluedart,Hyderabad,2026-04-08,2026-04-11,Delivered,3
552,552,Delhivery,Thiruvananthapuram,,,Not Shipped,3
553,553,Ekart Logistics,Lucknow,2026-01-31,2026-02-08,Delivered Late,7
554,554,Bluedart,Nagpur,2024-08-29,2024-08-31,Delivered,2
555,555,Delhivery,Thiruvananthapuram,2026-03-12,2026-03-17,Delivered Late,4
556,556,DTDC,Amritsar,2026-02-11,2026-02-19,Delivered Late,5
557,557,Bluedart,Hyderabad,2025-07-28,2025-08-03,Delivered,6
558,558,Delhivery,Mysuru,2025-02-22,2025-02-26,Delivered,5
559,559,Delhivery,Thiruvananthapuram,,,Processing,5
560,560,Xpressbees,Hyderabad,2025-12-02,2025-12-07,Delivered Late,3
561,561,Xpressbees,Ahmedabad,2025-06-19,2025-06-25,Delivered,6
562,562,DTDC,Mysuru,2025-08-01,2025-08-09,Delivered Late,7
563,563,Ecom Express,Kanpur,2025-10-13,2025-10-17,Delivered,4
564,564,Ecom Express,Mysuru,2026-04-09,2026-04-10,Delivered,2
565,565,DTDC,Coimbatore,2026-01-31,,In Transit,6
566,566,Xpressbees,Mysuru,,,Not Shipped,4
567,567,Xpressbees,Mumbai,2025-06-24,2025-07-02,Delivered Late,6
568,568,Ecom Express,Nashik,,,Processing,6
569,569,Xpressbees,Bengaluru,2025-01-27,2025-02-03,Delivered Late,7
570,570,Ekart Logistics,Chennai,2026-01-21,2026-01-30,Delivered Late,7
571,571,DTDC,Nagpur,2026-08-04,2026-08-10,Delivered,7
572,572,Bluedart,Ahmedabad,,,Not Shipped,6
573,573,DTDC,Coimbatore,2025-12-04,2025-12-08,Delivered,5
574,574,Bluedart,Nashik,2024-07-04,,In Transit,2
575,575,Ekart Logistics,Nagpur,2026-05-10,2026-05-14,Delivered Late,3
576,576,Ecom Express,Bhopal,2026-03-20,2026-03-26,Delivered Late,5
577,577,DTDC,Bhopal,2025-09-21,2025-09-28,Delivered,7
578,578,DTDC,Surat,2026-01-20,2026-01-21,Delivered,2
579,579,Xpressbees,Patna,2026-03-08,2026-03-09,Delivered,2
580,580,Ekart Logistics,Surat,2025-07-02,2025-07-05,Delivered Late,2
581,581,Bluedart,Kanpur,2026-01-06,2026-01-09,Delivered Late,3
582,582,Ekart Logistics,Nagpur,,,Processing,6
583,583,Ecom Express,Mysuru,2026-01-20,2026-01-28,Delivered Late,6
584,584,Ekart Logistics,Nashik,2025-07-25,2025-07-27,Delivered,3
585,585,Delhivery,Kolkata,,,Not Shipped,4
586,586,Ecom Express,Bengaluru,2025-09-20,2025-09-27,Delivered Late,7
587,587,Ekart Logistics,Bengaluru,,,Processing,3
588,588,Xpressbees,Ahmedabad,2025-11-08,2025-11-13,Delivered,5
589,589,Ekart Logistics,Chennai,2026-01-08,2026-01-14,Delivered,6
590,590,Xpressbees,Nashik,2026-02-23,2026-02-28,Delivered,6
591,591,Bluedart,Guwahati,2025-12-14,2025-12-17,Delivered,4
592,592,Bluedart,Vadodara,2025-09-22,2025-09-26,Delivered Late,3
593,593,Bluedart,Patna,2026-01-23,2026-01-29,Delivered Late,4
594,594,Ecom Express,Surat,2026-03-03,2026-03-07,Delivered,5
595,595,Bluedart,Mysuru,,,Processing,5
596,596,Xpressbees,Amritsar,2026-05-01,2026-05-04,Returned,3
597,597,Delhivery,Mumbai,2025-06-17,2025-06-19,Returned,3
598,598,DTDC,Bhopal,2025-05-01,2025-05-04,Delivered,4
599,599,Xpressbees,Kochi,2026-02-14,2026-02-18,Delivered Late,3
600,600,Xpressbees,Thiruvananthapuram,2024-12-01,2024-12-06,Delivered Late,3
601,601,Delhivery,Bhopal,,,Not Shipped,7
602,602,Delhivery,Pune,2025-07-15,2025-07-19,Delivered Late,3
603,603,Bluedart,Hyderabad,,,Not Shipped,4
604,604,Delhivery,Ahmedabad,2026-05-10,2026-05-16,Delivered,6
605,605,Delhivery,Bhopal,2025-05-09,2025-05-15,Delivered,6
606,606,Xpressbees,Mysuru,2025-03-15,2025-03-17,Delivered,3
607,607,Delhivery,Coimbatore,,,Not Shipped,4
608,608,Xpressbees,Mumbai,2026-01-03,2026-01-04,Delivered,2
609,609,DTDC,Kochi,2024-10-14,2024-10-19,Delivered,6
610,610,Ekart Logistics,Kochi,2026-04-22,2026-04-29,Delivered Late,6
611,611,Ekart Logistics,Chennai,2026-04-11,2026-04-17,Delivered Late,5
612,612,Ecom Express,Ahmedabad,2026-03-30,2026-04-02,Delivered Late,2
613,613,Ecom Express,Bengaluru,2025-04-29,2025-05-02,Returned,2
614,614,Xpressbees,Surat,,,Processing,2
615,615,Xpressbees,Ranchi,2026-04-03,2026-04-06,Delivered Late,3
616,616,Delhivery,Kolkata,2025-07-14,2025-07-17,Delivered,3
617,617,Xpressbees,Coimbatore,2025-11-22,2025-11-24,Returned,3
618,618,Delhivery,Lucknow,2024-08-11,2024-08-16,Delivered Late,3
619,619,Xpressbees,Patna,2024-06-25,2024-06-30,Delivered,5
620,620,Xpressbees,Chennai,2025-12-02,2025-12-04,Delivered,2
621,621,DTDC,Jaipur,2025-08-14,2025-08-19,Delivered,6
622,622,DTDC,Jaipur,2024-12-22,2024-12-28,Delivered,6
623,623,Ekart Logistics,Kanpur,,,Not Shipped,3
624,624,Ecom Express,Ranchi,2024-09-26,2024-09-29,Returned,4
625,625,Bluedart,Chennai,2025-10-27,2025-10-30,Delivered,4
626,626,Xpressbees,Bhubaneswar,2025-06-17,2025-06-22,Delivered Late,4
627,627,Xpressbees,Hyderabad,2024-10-28,2024-10-30,Delivered,2
628,628,Bluedart,Surat,,,Not Shipped,7
629,629,Ekart Logistics,Guwahati,,,Not Shipped,3
630,630,Bluedart,Amritsar,2026-01-07,2026-01-09,Delivered,3
631,631,Ekart Logistics,Bhubaneswar,,,Processing,2
632,632,Ekart Logistics,Bhopal,2024-10-18,2024-10-21,Delivered Late,2
633,633,DTDC,Delhi,2026-08-15,2026-08-17,Delivered,2
634,634,Xpressbees,Bhopal,2026-07-26,2026-08-01,Delivered Late,4
635,635,DTDC,Kanpur,2026-03-11,2026-03-19,Delivered Late,7
636,636,Ekart Logistics,Delhi,2026-06-08,,In Transit,7
637,637,Ekart Logistics,Chennai,2025-12-17,2025-12-24,Delivered Late,6
638,638,Ecom Express,Bengaluru,2026-02-08,2026-02-09,Delivered,2
639,639,Bluedart,Nashik,2026-07-11,2026-07-17,Delivered,6
640,640,Ecom Express,Chennai,2024-09-24,2024-10-01,Delivered,7
641,641,Ecom Express,Delhi,2024-11-03,2024-11-08,Delivered,6
642,642,Bluedart,Kolkata,2025-05-19,2025-05-23,Delivered,5
643,643,Xpressbees,Chandigarh,2025-01-08,2025-01-15,Delivered Late,6
644,644,Ekart Logistics,Kolkata,2025-11-17,2025-11-23,Delivered,7
645,645,Ecom Express,Chandigarh,2024-10-15,2024-10-16,Delivered,2
646,646,Xpressbees,Indore,2026-03-29,2026-04-05,Delivered Late,6
647,647,Delhivery,Delhi,2026-08-11,2026-08-14,Delivered Late,3
648,648,Ecom Express,Bengaluru,2025-10-11,2025-10-12,Delivered,2
649,649,Ecom Express,Kanpur,2026-05-27,2026-05-31,Delivered Late,4
650,650,Bluedart,Kanpur,2025-12-24,2025-12-27,Delivered,4
651,651,Delhivery,Ranchi,,,Not Shipped,2
652,652,Xpressbees,Mysuru,2025-09-29,2025-10-04,Delivered Late,3
653,653,Bluedart,Lucknow,2026-02-22,2026-02-26,Delivered,4
654,654,Ecom Express,Mumbai,,,Not Shipped,7
655,655,Delhivery,Kochi,2026-05-20,2026-05-23,Delivered Late,3
656,656,DTDC,Delhi,2026-06-01,2026-06-05,Delivered,4
657,657,DTDC,Lucknow,2026-02-01,,In Transit,3
658,658,Ekart Logistics,Hyderabad,2026-02-09,2026-02-15,Delivered Late,6
659,659,DTDC,Chandigarh,,,Not Shipped,4
660,660,Delhivery,Kanpur,2025-12-14,2025-12-21,Delivered Late,5
661,661,DTDC,Lucknow,2025-01-03,2025-01-08,Delivered,5
662,662,Delhivery,Bengaluru,2025-01-17,2025-01-21,Delivered,5
663,663,Bluedart,Chandigarh,2026-01-04,2026-01-08,Delivered,4
664,664,Ekart Logistics,Guwahati,2025-03-22,,In Transit,7
665,665,DTDC,Nagpur,2026-04-05,2026-04-13,Delivered Late,7
666,666,Delhivery,Kochi,2025-12-13,2025-12-15,Delivered,2
667,667,DTDC,Chandigarh,2026-05-23,2026-05-29,Delivered Late,4
668,668,Ekart Logistics,Amritsar,2025-12-09,2025-12-15,Delivered,7
669,669,Ecom Express,Pune,2024-05-21,2024-05-26,Returned,3
670,670,Delhivery,Kanpur,2026-03-06,2026-03-11,Delivered,5
671,671,Ekart Logistics,Mysuru,2025-05-07,2025-05-13,Delivered,7
672,672,Xpressbees,Kolkata,,,Processing,7
673,673,Xpressbees,Amritsar,2026-06-09,2026-06-13,Delivered,4
674,674,Ecom Express,Bhopal,2025-03-05,2025-03-09,Delivered Late,4
675,675,Delhivery,Kanpur,2025-05-28,2025-06-03,Delivered,6
676,676,Ecom Express,Nagpur,,,Processing,7
677,677,Ecom Express,Kolkata,2026-02-07,,In Transit,7
678,678,Bluedart,Jaipur,2025-08-28,2025-09-05,Returned,7
679,679,Ekart Logistics,Amritsar,,,Processing,4
680,680,Ecom Express,Lucknow,2025-07-13,2025-07-15,Delivered,3
681,681,Bluedart,Nashik,2025-12-19,2025-12-21,Delivered,3
682,682,Bluedart,Bhopal,2025-11-07,2025-11-10,Delivered,4
683,683,DTDC,Bengaluru,2026-07-25,2026-07-31,Delivered,7
684,684,Delhivery,Ranchi,2026-01-21,2026-01-23,Delivered,3
685,685,Ecom Express,Kanpur,2026-05-11,2026-05-17,Delivered Late,4
686,686,DTDC,Chandigarh,2025-12-09,2025-12-16,Returned,7
687,687,Delhivery,Patna,2025-05-24,2025-05-25,Delivered,2
688,688,Ecom Express,Kanpur,2026-02-02,2026-02-06,Delivered,4
689,689,Ecom Express,Thiruvananthapuram,2024-11-04,,In Transit,6
690,690,Ekart Logistics,Mumbai,2024-09-17,,In Transit,6
691,691,Xpressbees,Surat,2026-02-08,2026-02-12,Delivered Late,3
692,692,Ecom Express,Kolkata,2025-04-24,2025-04-26,Delivered Late,2
693,693,Xpressbees,Hyderabad,2024-11-12,2024-11-13,Delivered,2
694,694,Delhivery,Jaipur,2025-01-10,2025-01-16,Delivered Late,5
695,695,Xpressbees,Lucknow,2025-04-25,2025-04-26,Delivered,2
696,696,Ekart Logistics,Jaipur,2025-05-06,2025-05-07,Delivered,2
697,697,Bluedart,Mysuru,2026-06-08,2026-06-14,Delivered Late,6
698,698,Ekart Logistics,Bhopal,2026-01-15,2026-01-18,Delivered,4
699,699,DTDC,Nagpur,2026-07-22,2026-07-27,Delivered,5
700,700,Xpressbees,Delhi,2026-01-12,2026-01-15,Delivered,3
701,701,Xpressbees,Indore,2026-02-03,2026-02-07,Delivered,4
702,702,DTDC,Coimbatore,2026-04-20,2026-04-27,Delivered,7
703,703,DTDC,Delhi,2026-05-09,2026-05-16,Delivered Late,5
704,704,Delhivery,Coimbatore,,,Processing,4
705,705,Bluedart,Mysuru,2026-02-13,2026-02-19,Delivered,6
706,706,DTDC,Ahmedabad,2026-02-18,2026-02-23,Delivered,6
707,707,DTDC,Guwahati,2026-01-12,2026-01-13,Delivered,2
708,708,Ekart Logistics,Mysuru,2025-07-25,2025-07-30,Delivered,6
709,709,Ecom Express,Nagpur,2026-04-01,2026-04-03,Delivered,2
710,710,Xpressbees,Bengaluru,2026-03-18,2026-03-19,Delivered,2
711,711,Ekart Logistics,Mysuru,2025-11-03,2025-11-09,Delivered,7
712,712,Xpressbees,Hyderabad,2025-04-07,2025-04-13,Delivered Late,5
713,713,Xpressbees,Hyderabad,2025-08-17,2025-08-18,Delivered,2
714,714,Ecom Express,Mumbai,2024-11-05,2024-11-12,Delivered,7
715,715,DTDC,Mumbai,2025-07-28,2025-07-30,Returned,2
716,716,Bluedart,Nagpur,2026-04-23,,In Transit,5
717,717,Delhivery,Ranchi,,,Not Shipped,6
718,718,Ekart Logistics,Mysuru,2026-03-14,,In Transit,2
719,719,Ekart Logistics,Nagpur,2025-09-19,2025-09-25,Delivered,7
720,720,Xpressbees,Kochi,2025-05-24,2025-05-26,Delivered,2
721,721,Bluedart,Amritsar,2024-10-31,2024-11-08,Delivered Late,7
722,722,Delhivery,Ranchi,2026-03-30,2026-04-06,Delivered,7
723,723,Bluedart,Bengaluru,2025-05-17,2025-05-22,Delivered,6
724,724,Xpressbees,Pune,2025-01-10,2025-01-13,Returned,2
725,725,Ekart Logistics,Ranchi,2025-08-23,,In Transit,7
726,726,Xpressbees,Ranchi,2026-03-03,2026-03-10,Delivered,7
727,727,Xpressbees,Kolkata,,,Not Shipped,7
728,728,Bluedart,Jaipur,2026-06-05,2026-06-08,Delivered,3
729,729,DTDC,Jaipur,2026-04-30,2026-05-03,Delivered,4
730,730,Ecom Express,Bhubaneswar,2026-05-14,2026-05-21,Delivered,7
731,731,DTDC,Chennai,2024-11-13,2024-11-16,Delivered,3
732,732,Ecom Express,Patna,2025-03-25,2025-03-27,Delivered,2
733,733,Xpressbees,Patna,2025-08-21,,In Transit,5
734,734,Ekart Logistics,Thiruvananthapuram,2026-01-11,2026-01-18,Delivered Late,5
735,735,Ecom Express,Ranchi,2026-04-29,2026-05-04,Delivered,6
736,736,Ecom Express,Bhubaneswar,2025-05-03,2025-05-08,Delivered Late,4
737,737,Bluedart,Lucknow,2026-01-15,2026-01-20,Delivered,5
738,738,Ekart Logistics,Kochi,2025-07-15,2025-07-21,Delivered Late,5
739,739,Ecom Express,Ahmedabad,2026-07-30,2026-08-07,Delivered Late,7
740,740,Ecom Express,Jaipur,2026-04-05,2026-04-08,Delivered Late,3
741,741,Delhivery,Patna,2025-12-27,2026-01-01,Delivered Late,3
742,742,Xpressbees,Nashik,2026-04-25,2026-04-30,Returned,3
743,743,Xpressbees,Mysuru,2025-08-02,,In Transit,2
744,744,Xpressbees,Kolkata,2026-03-26,2026-03-29,Delivered,3
745,745,Delhivery,Nashik,2025-03-28,2025-04-01,Delivered,4
746,746,Delhivery,Chennai,2026-01-23,2026-01-26,Delivered,3
747,747,DTDC,Guwahati,2025-04-28,2025-05-02,Delivered,4
748,748,Bluedart,Bhubaneswar,2025-09-13,2025-09-20,Delivered,7
749,749,Delhivery,Kanpur,2025-11-15,2025-11-21,Delivered,7
750,750,Ekart Logistics,Bhubaneswar,2026-08-05,2026-08-11,Delivered,6
751,751,Delhivery,Nashik,2025-05-19,2025-05-26,Delivered,7
752,752,Ekart Logistics,Hyderabad,2026-08-15,2026-08-21,Delivered Late,5
753,753,Delhivery,Nashik,2025-12-01,2025-12-02,Delivered,2
754,754,Ekart Logistics,Kolkata,2026-03-17,2026-03-20,Returned,4
755,755,Xpressbees,Coimbatore,2026-01-04,2026-01-07,Delivered,4
756,756,DTDC,Surat,2026-06-11,2026-06-15,Delivered,5
757,757,Ekart Logistics,Chandigarh,2026-02-08,2026-02-14,Delivered Late,4
758,758,Xpressbees,Vadodara,2026-04-11,2026-04-12,Delivered,2
759,759,Bluedart,Patna,2025-12-05,2025-12-09,Delivered Late,2
760,760,Ekart Logistics,Indore,2026-01-21,2026-01-31,Delivered Late,7
761,761,Ecom Express,Jaipur,2025-04-07,2025-04-14,Delivered Late,7
762,762,Ecom Express,Ranchi,2026-04-16,2026-04-18,Returned,3
763,763,DTDC,Bhopal,2025-03-05,2025-03-14,Delivered Late,7
764,764,Ecom Express,Patna,2026-06-16,2026-06-18,Delivered,3
765,765,Delhivery,Hyderabad,2026-01-30,2026-02-02,Delivered,4
766,766,Bluedart,Nashik,2025-10-03,2025-10-10,Delivered Late,7
767,767,Ecom Express,Bhopal,2026-04-09,2026-04-14,Delivered Late,4
768,768,Delhivery,Guwahati,2025-12-11,2025-12-16,Delivered,5
769,769,Ecom Express,Nashik,2026-07-20,2026-07-24,Delivered,5
770,770,DTDC,Patna,2026-06-16,2026-06-19,Delivered,3
771,771,Bluedart,Kanpur,2025-07-09,2025-07-17,Delivered Late,5
772,772,Ekart Logistics,Kochi,2025-04-20,,In Transit,4
773,773,Bluedart,Kanpur,2025-11-22,2025-11-25,Delivered,3
774,774,Ecom Express,Chandigarh,2024-06-08,2024-06-11,Delivered,4
775,775,Delhivery,Bhubaneswar,2026-02-10,2026-02-14,Delivered,4
776,776,Xpressbees,Indore,2026-02-06,2026-02-07,Delivered,2
777,777,DTDC,Chandigarh,2026-04-08,2026-04-12,Returned,4
778,778,Ecom Express,Indore,2026-08-17,2026-08-23,Delivered,7
779,779,Bluedart,Bhubaneswar,2026-01-05,2026-01-09,Delivered Late,2
780,780,Ecom Express,Kolkata,2026-02-02,2026-02-08,Delivered Late,6
781,781,Ecom Express,Patna,2025-08-21,2025-08-26,Delivered,6
782,782,DTDC,Chennai,2026-04-13,2026-04-15,Delivered,2
783,783,Ecom Express,Coimbatore,2025-08-29,2025-09-02,Delivered,5
784,784,Ecom Express,Kanpur,2026-03-05,2026-03-08,Delivered,4
785,785,DTDC,Jaipur,2025-05-27,2025-05-29,Delivered,2
786,786,Ekart Logistics,Indore,2025-08-22,2025-08-28,Delivered,6
787,787,Bluedart,Patna,2026-05-30,2026-06-03,Delivered,5
788,788,Ecom Express,Vadodara,2026-04-04,2026-04-08,Delivered Late,4
789,789,Xpressbees,Delhi,2026-01-22,,In Transit,2
790,790,Xpressbees,Chennai,2025-06-25,2025-06-28,Delivered,3
791,791,Bluedart,Mysuru,2025-02-21,2025-02-27,Delivered,7
792,792,Delhivery,Thiruvananthapuram,2024-10-09,2024-10-17,Delivered Late,7
793,793,Bluedart,Surat,2026-03-05,2026-03-10,Delivered Late,5
794,794,Bluedart,Jaipur,2026-01-02,2026-01-06,Delivered Late,3
795,795,DTDC,Thiruvananthapuram,,,Not Shipped,7
796,796,Ekart Logistics,Hyderabad,2026-04-08,2026-04-14,Delivered,7
797,797,Bluedart,Kanpur,2025-09-30,2025-10-04,Delivered,4
798,798,Delhivery,Guwahati,2026-05-21,2026-05-24,Delivered,3
799,799,DTDC,Mysuru,2025-06-15,2025-06-18,Delivered Late,2
800,800,Delhivery,Ahmedabad,2025-05-29,2025-06-01,Delivered,4
801,801,Bluedart,Hyderabad,2026-02-07,2026-02-11,Delivered,4
802,802,DTDC,Amritsar,2026-08-14,2026-08-21,Delivered,7
803,803,Delhivery,Mysuru,2025-12-25,2025-12-29,Delivered Late,4
804,804,Bluedart,Ranchi,2025-12-14,,In Transit,2
805,805,DTDC,Ranchi,2025-03-05,2025-03-06,Delivered,2
806,806,DTDC,Kolkata,2025-12-08,2025-12-10,Delivered,3
807,807,DTDC,Coimbatore,2026-06-08,2026-06-11,Delivered,3
808,808,Ecom Express,Indore,2024-11-13,2024-11-19,Delivered Late,3
809,809,DTDC,Kanpur,2025-07-25,2025-08-01,Delivered,7
810,810,DTDC,Lucknow,2025-01-31,2025-02-03,Delivered,3
811,811,Xpressbees,Thiruvananthapuram,2025-10-28,2025-11-02,Delivered Late,3
812,812,Ekart Logistics,Surat,2025-01-25,2025-01-29,Returned,4
813,813,DTDC,Coimbatore,2026-02-20,2026-02-27,Delivered Late,6
814,814,Xpressbees,Indore,2026-07-07,2026-07-11,Delivered Late,3
815,815,Bluedart,Jaipur,2025-06-06,2025-06-14,Delivered Late,6
816,816,DTDC,Patna,2025-11-11,2025-11-19,Returned,5
817,817,DTDC,Mumbai,2025-06-23,2025-06-30,Delivered Late,6
818,818,Xpressbees,Bengaluru,2026-05-02,2026-05-12,Delivered Late,7
819,819,Bluedart,Amritsar,2025-09-28,2025-10-03,Returned,5
820,820,Ecom Express,Surat,2026-02-24,2026-02-27,Delivered,4
821,821,Bluedart,Kolkata,2025-11-07,2025-11-10,Delivered Late,2
822,822,Delhivery,Delhi,2025-02-05,2025-02-09,Delivered,4
823,823,Ecom Express,Guwahati,2026-08-17,2026-08-19,Delivered,3
824,824,Ecom Express,Ahmedabad,2026-05-20,2026-05-24,Delivered Late,2
825,825,Bluedart,Kochi,2024-05-11,2024-05-19,Delivered Late,6
826,826,DTDC,Delhi,2025-12-06,2025-12-13,Delivered,7
827,827,Ekart Logistics,Jaipur,2026-05-30,2026-05-31,Delivered,2
828,828,DTDC,Mumbai,2026-03-03,2026-03-05,Delivered,3
829,829,Delhivery,Jaipur,2024-09-16,2024-09-22,Delivered,6
830,830,Ecom Express,Nagpur,2025-05-15,2025-05-19,Delivered,4
831,831,Delhivery,Kanpur,2025-10-29,2025-11-02,Delivered,5
832,832,Bluedart,Nagpur,2024-05-30,2024-06-02,Delivered,3
833,833,Ekart Logistics,Coimbatore,2025-08-26,2025-08-30,Delivered Late,3
834,834,Xpressbees,Chennai,2024-11-13,2024-11-15,Delivered Late,2
835,835,Ecom Express,Thiruvananthapuram,2025-11-08,2025-11-14,Delivered,7
836,836,Bluedart,Bengaluru,2026-03-16,2026-03-18,Delivered,3
837,837,Xpressbees,Chandigarh,2026-03-21,2026-03-25,Delivered,5
838,838,Xpressbees,Kolkata,2025-11-24,2025-11-27,Delivered,4
839,839,Xpressbees,Chennai,2026-03-31,2026-04-04,Delivered,4
840,840,Ekart Logistics,Patna,2024-10-21,2024-10-27,Delivered,7
841,841,Ekart Logistics,Patna,2025-07-01,2025-07-09,Delivered Late,7
842,842,Ecom Express,Bengaluru,2025-10-07,2025-10-12,Delivered Late,5
843,843,Ecom Express,Delhi,2025-10-20,2025-10-21,Delivered,2
844,844,DTDC,Bhubaneswar,2025-12-26,2025-12-29,Delivered,3
845,845,Delhivery,Ranchi,2025-06-06,2025-06-13,Delivered Late,4
846,846,Bluedart,Coimbatore,2024-02-22,,In Transit,2
847,847,DTDC,Hyderabad,2026-06-24,,In Transit,3
848,848,DTDC,Mumbai,2026-02-28,2026-03-08,Delivered Late,7
849,849,Bluedart,Surat,2026-03-16,2026-03-24,Delivered Late,7
850,850,Xpressbees,Amritsar,2025-12-06,2025-12-10,Delivered,5
851,851,Bluedart,Nagpur,2025-06-12,2025-06-17,Delivered,5
852,852,DTDC,Coimbatore,2025-11-13,2025-11-21,Delivered Late,7
853,853,Xpressbees,Patna,2025-07-11,2025-07-16,Delivered Late,4
854,854,Delhivery,Indore,,,Not Shipped,4
855,855,Bluedart,Chandigarh,2026-06-15,2026-06-17,Delivered,3
856,856,DTDC,Guwahati,2025-09-02,2025-09-03,Delivered,2
857,857,DTDC,Pune,2025-03-12,2025-03-20,Delivered Late,6
858,858,Ecom Express,Guwahati,2026-01-19,2026-01-21,Delivered,3
859,859,Xpressbees,Vadodara,2025-09-11,2025-09-15,Delivered Late,2
860,860,Bluedart,Chennai,2025-12-11,2025-12-13,Delivered,3
861,861,DTDC,Hyderabad,,,Not Shipped,6
862,862,Delhivery,Guwahati,,,Not Shipped,6
863,863,Delhivery,Vadodara,2024-06-02,2024-06-08,Delivered,6
864,864,Bluedart,Mumbai,2024-12-10,2024-12-17,Delivered Late,7
865,865,Bluedart,Mumbai,,,Not Shipped,7
866,866,Ekart Logistics,Hyderabad,2026-01-18,2026-01-25,Delivered,7
867,867,Xpressbees,Chennai,,,Not Shipped,7
868,868,DTDC,Coimbatore,,,Not Shipped,6
869,869,Xpressbees,Indore,,,Not Shipped,4
870,870,Bluedart,Ranchi,2026-04-15,2026-04-19,Delivered,5
871,871,Ecom Express,Coimbatore,2026-02-21,2026-02-26,Delivered Late,3
872,872,Ecom Express,Surat,2025-04-12,2025-04-15,Delivered Late,2
873,873,Bluedart,Chennai,2024-11-21,2024-11-22,Delivered,2
874,874,Xpressbees,Delhi,2024-05-19,2024-05-25,Delivered Late,6
875,875,Delhivery,Coimbatore,2026-03-11,2026-03-18,Delivered Late,4
876,876,Delhivery,Amritsar,,,Processing,7
877,877,Ecom Express,Delhi,2024-11-08,2024-11-11,Delivered Late,2
878,878,Xpressbees,Nagpur,2026-04-20,2026-04-25,Delivered Late,4
879,879,Bluedart,Bhopal,2025-10-26,2025-11-01,Delivered Late,5
880,880,Bluedart,Thiruvananthapuram,2025-10-05,2025-10-09,Delivered Late,4
881,881,DTDC,Guwahati,2025-01-28,2025-02-01,Delivered,5
882,882,Xpressbees,Chandigarh,2025-09-30,2025-10-02,Returned,3
883,883,DTDC,Amritsar,2025-02-11,,In Transit,6
884,884,Delhivery,Chennai,2024-11-10,2024-11-19,Delivered Late,7
885,885,DTDC,Bhubaneswar,2026-04-09,2026-04-16,Delivered,7
886,886,Bluedart,Pune,2025-09-28,2025-10-04,Delivered Late,3
887,887,Delhivery,Nagpur,2026-02-06,2026-02-13,Delivered Late,7
888,888,Xpressbees,Indore,2025-06-16,2025-06-19,Delivered,4
889,889,Ecom Express,Amritsar,2025-12-07,2025-12-14,Delivered Late,5
890,890,Xpressbees,Bengaluru,2025-06-04,2025-06-09,Delivered Late,5
891,891,Bluedart,Bhubaneswar,2025-05-18,2025-05-25,Delivered Late,5
892,892,Ecom Express,Guwahati,2026-07-11,2026-07-14,Delivered Late,2
893,893,Ekart Logistics,Bhubaneswar,2025-08-27,2025-08-30,Delivered,4
894,894,DTDC,Delhi,,,Not Shipped,4
895,895,Bluedart,Kochi,2026-08-17,2026-08-21,Delivered,5
896,896,DTDC,Kanpur,2026-03-13,2026-03-18,Delivered,5
897,897,Xpressbees,Indore,2026-06-08,2026-06-14,Delivered Late,6
898,898,Delhivery,Mysuru,2026-05-09,2026-05-17,Delivered Late,7
899,899,DTDC,Jaipur,2025-10-24,2025-10-26,Delivered,2
900,900,Delhivery,Kolkata,2026-03-18,,In Transit,3
901,901,Xpressbees,Coimbatore,2025-06-24,2025-07-03,Delivered Late,6
902,902,Xpressbees,Hyderabad,2025-08-07,2025-08-13,Delivered Late,5
903,903,DTDC,Ahmedabad,2026-03-28,2026-04-04,Delivered Late,6
904,904,Ekart Logistics,Ahmedabad,2026-03-11,2026-03-14,Delivered,4
905,905,DTDC,Patna,2025-07-07,2025-07-13,Delivered Late,3
906,906,Xpressbees,Lucknow,2026-03-09,2026-03-15,Returned,7
907,907,Bluedart,Mumbai,2025-09-30,2025-10-04,Delivered,4
908,908,Bluedart,Kanpur,2025-08-24,2025-08-28,Delivered,4
909,909,Delhivery,Bhopal,2025-10-04,2025-10-06,Returned,2
910,910,Bluedart,Coimbatore,2026-06-14,2026-06-20,Delivered,6
911,911,Ecom Express,Amritsar,2025-10-07,2025-10-12,Delivered Late,4
912,912,Delhivery,Vadodara,2025-12-02,2025-12-09,Delivered Late,5
913,913,Xpressbees,Nagpur,2025-11-10,2025-11-14,Delivered Late,3
914,914,DTDC,Guwahati,2024-11-19,2024-11-24,Delivered,5
915,915,Bluedart,Mumbai,2025-05-11,2025-05-16,Delivered,6
916,916,Ecom Express,Bhubaneswar,2025-10-12,2025-10-14,Delivered,2
917,917,Ecom Express,Nashik,,,Processing,4
918,918,DTDC,Kolkata,2026-02-17,2026-02-20,Delivered Late,2
919,919,Bluedart,Surat,2025-10-05,2025-10-10,Delivered,6
920,920,Delhivery,Patna,2026-04-18,2026-04-21,Delivered,3
921,921,Xpressbees,Nashik,2025-01-23,2025-01-28,Delivered Late,4
922,922,DTDC,Guwahati,2025-11-17,2025-11-21,Delivered,4
923,923,Ecom Express,Patna,2025-02-06,2025-02-07,Delivered,2
924,924,Delhivery,Chandigarh,2026-04-24,2026-04-27,Delivered Late,2
925,925,Ecom Express,Pune,2026-01-16,2026-01-21,Delivered,5
926,926,Delhivery,Indore,,,Processing,2
927,927,Bluedart,Ahmedabad,2026-04-13,2026-04-17,Delivered Late,2
928,928,Bluedart,Coimbatore,2025-03-09,2025-03-12,Delivered,3
929,929,DTDC,Mysuru,,,Not Shipped,6
930,930,Delhivery,Kochi,2025-12-18,2025-12-22,Returned,4
931,931,Ekart Logistics,Bhubaneswar,2025-05-02,2025-05-06,Delivered,5
932,932,Ekart Logistics,Ranchi,2025-08-17,2025-08-23,Delivered Late,5
933,933,DTDC,Jaipur,,,Not Shipped,3
934,934,Ekart Logistics,Bhubaneswar,2026-04-29,2026-05-03,Delivered,4
935,935,Ecom Express,Vadodara,2025-12-19,,In Transit,5
936,936,Ecom Express,Pune,2026-04-30,2026-05-02,Delivered,2
937,937,Ecom Express,Indore,2025-05-09,2025-05-13,Delivered,4
938,938,Delhivery,Guwahati,2026-04-11,2026-04-18,Delivered Late,6
939,939,DTDC,Vadodara,2026-07-27,2026-08-01,Delivered,6
940,940,Xpressbees,Amritsar,2025-10-09,2025-10-11,Delivered,3
941,941,DTDC,Chandigarh,2026-05-26,2026-06-02,Delivered,7
942,942,Delhivery,Chandigarh,2025-09-19,2025-09-28,Delivered Late,6
943,943,Ecom Express,Jaipur,2026-08-14,2026-08-17,Delivered Late,2
944,944,Delhivery,Thiruvananthapuram,2025-10-21,2025-10-27,Delivered,7
945,945,Ecom Express,Lucknow,2024-12-21,2024-12-27,Delivered Late,5
946,946,Bluedart,Ahmedabad,2026-04-08,2026-04-15,Delivered Late,6
947,947,Ecom Express,Nagpur,2024-09-15,2024-09-18,Returned,4
948,948,Ekart Logistics,Nashik,2025-08-26,2025-08-27,Delivered,2
949,949,Xpressbees,Bhubaneswar,2025-04-02,2025-04-08,Delivered Late,5
950,950,Ekart Logistics,Chennai,2025-02-01,2025-02-05,Delivered,5
951,951,Delhivery,Kolkata,2026-07-29,2026-08-02,Delivered,5
952,952,DTDC,Delhi,2026-08-17,2026-08-18,Returned,2
953,953,DTDC,Coimbatore,,,Not Shipped,6
954,954,Ecom Express,Jaipur,2026-01-10,2026-01-15,Delivered,6
955,955,Xpressbees,Nashik,2025-09-03,2025-09-05,Returned,2
956,956,Delhivery,Surat,2025-12-23,2025-12-30,Delivered,7
957,957,Ekart Logistics,Amritsar,2026-01-22,2026-01-26,Delivered,4
958,958,Xpressbees,Ranchi,2025-11-08,2025-11-16,Returned,6
959,959,Bluedart,Bhopal,2026-05-12,2026-05-17,Returned,5
960,960,Delhivery,Hyderabad,2024-08-15,2024-08-21,Delivered,6
961,961,Ekart Logistics,Kochi,2025-08-28,2025-09-03,Delivered Late,5
962,962,Delhivery,Hyderabad,2025-08-07,2025-08-10,Delivered,3
963,963,Bluedart,Lucknow,2026-03-05,,In Transit,3
964,964,DTDC,Ranchi,2026-03-13,2026-03-19,Delivered,7
965,965,Ekart Logistics,Thiruvananthapuram,,,Not Shipped,4
966,966,Ekart Logistics,Vadodara,2025-04-03,2025-04-10,Delivered Late,7
967,967,Xpressbees,Bhopal,2026-03-25,2026-04-01,Delivered Late,6
968,968,Ecom Express,Thiruvananthapuram,,,Not Shipped,4
969,969,Ecom Express,Kolkata,2025-11-17,2025-11-23,Delivered Late,6
970,970,Bluedart,Ranchi,2026-04-17,2026-04-18,Delivered,2
971,971,Xpressbees,Kanpur,2025-02-24,2025-03-03,Delivered,7
972,972,Xpressbees,Bengaluru,2026-03-26,,In Transit,6
973,973,DTDC,Chandigarh,2026-07-09,2026-07-18,Delivered Late,7
974,974,Xpressbees,Kolkata,2024-12-01,2024-12-07,Delivered Late,5
975,975,Bluedart,Guwahati,2026-03-27,2026-04-01,Delivered,6
976,976,Bluedart,Mysuru,2025-09-02,2025-09-04,Delivered,2
977,977,Bluedart,Chandigarh,2026-02-27,2026-03-06,Delivered,7
978,978,DTDC,Pune,2024-02-22,2024-02-27,Delivered,5
979,979,Xpressbees,Surat,2026-07-09,2026-07-14,Returned,6
980,980,Delhivery,Nagpur,2026-02-21,,In Transit,4
981,981,Ecom Express,Kolkata,2026-04-08,2026-04-12,Delivered,4
982,982,Bluedart,Patna,2025-06-03,2025-06-09,Delivered Late,6
983,983,Delhivery,Mumbai,2026-04-26,2026-04-30,Delivered,4
984,984,Ekart Logistics,Hyderabad,2026-02-16,2026-02-21,Delivered,5
985,985,DTDC,Nashik,2026-06-03,,In Transit,7
986,986,Ecom Express,Nashik,2025-03-08,2025-03-12,Delivered,4
987,987,Bluedart,Kolkata,2025-10-07,2025-10-14,Delivered Late,4
988,988,Xpressbees,Chennai,,,Processing,6
989,989,Ekart Logistics,Jaipur,2025-12-09,2025-12-13,Delivered,4
990,990,Delhivery,Vadodara,2025-05-13,2025-05-17,Delivered Late,4
991,991,DTDC,Chandigarh,2025-09-21,2025-09-28,Delivered,7
992,992,Ecom Express,Kolkata,2024-06-03,2024-06-09,Delivered Late,5
993,993,DTDC,Nashik,2026-04-04,2026-04-10,Delivered Late,3
994,994,DTDC,Mumbai,2024-05-15,2024-05-19,Returned,4
995,995,Xpressbees,Amritsar,2025-11-04,2025-11-08,Delivered Late,3
996,996,Delhivery,Jaipur,2026-03-08,2026-03-15,Delivered Late,4
997,997,Bluedart,Mumbai,,,Not Shipped,4
998,998,Ecom Express,Patna,2025-03-01,2025-03-09,Delivered Late,7
999,999,DTDC,Surat,2024-11-11,2024-11-14,Delivered Late,3
1000,1000,Xpressbees,Ahmedabad,2024-11-14,2024-11-18,Delivered Late,4
1001,1001,Delhivery,Chandigarh,2025-05-25,2025-05-29,Delivered,4
1002,1002,Ecom Express,Chennai,,,Not Shipped,6
1003,1003,Delhivery,Bhubaneswar,2025-01-06,,In Transit,2
1004,1004,Ecom Express,Surat,2025-12-14,2025-12-17,Delivered,3
1005,1005,Delhivery,Patna,2025-11-14,,In Transit,3
1006,1006,Ecom Express,Bengaluru,2024-06-22,2024-06-24,Delivered,2
1007,1007,Delhivery,Nagpur,2025-07-28,2025-08-01,Delivered Late,4
1008,1008,Ekart Logistics,Indore,2025-03-22,2025-03-29,Delivered Late,6
1009,1009,Bluedart,Surat,2026-01-20,2026-01-22,Delivered,2
1010,1010,Ekart Logistics,Ranchi,,,Processing,4
1011,1011,Ekart Logistics,Lucknow,,,Not Shipped,5
1012,1012,DTDC,Mumbai,2026-05-30,2026-06-05,Delivered Late,6
1013,1013,Bluedart,Bhubaneswar,2024-11-20,,In Transit,2
1014,1014,Bluedart,Kochi,2026-03-25,2026-03-31,Delivered Late,5
1015,1015,Delhivery,Chennai,2025-02-20,2025-02-24,Delivered Late,2
1016,1016,Delhivery,Bhubaneswar,2025-12-06,2025-12-13,Delivered Late,6
1017,1017,Xpressbees,Thiruvananthapuram,,,Not Shipped,2
1018,1018,Ekart Logistics,Coimbatore,,,Not Shipped,7
1019,1019,Delhivery,Nashik,2026-01-30,2026-02-05,Delivered,7
1020,1020,Xpressbees,Ahmedabad,2026-02-24,2026-03-04,Delivered Late,7
1021,1021,Delhivery,Thiruvananthapuram,2025-09-03,2025-09-09,Delivered Late,3
1022,1022,Delhivery,Nashik,2026-05-11,2026-05-19,Delivered Late,7
1023,1023,Xpressbees,Lucknow,2025-11-14,2025-11-17,Delivered Late,3
1024,1024,Ekart Logistics,Surat,2025-04-17,2025-04-18,Delivered,2
1025,1025,Xpressbees,Jaipur,2026-07-05,2026-07-11,Delivered,7
1026,1026,Ekart Logistics,Patna,2026-01-21,2026-01-27,Delivered,7
1027,1027,Delhivery,Bhopal,2025-08-02,2025-08-05,Delivered Late,2
1028,1028,Ekart Logistics,Jaipur,2024-12-06,2024-12-14,Delivered Late,6
1029,1029,DTDC,Ranchi,2025-01-03,,In Transit,3
1030,1030,Xpressbees,Bhopal,,,Not Shipped,2
1031,1031,DTDC,Chennai,,,Not Shipped,4
1032,1032,Bluedart,Ranchi,2024-11-01,2024-11-09,Delivered Late,7
1033,1033,Delhivery,Nagpur,,,Not Shipped,2
1034,1034,Xpressbees,Chennai,2026-04-14,2026-04-20,Delivered,6
1035,1035,DTDC,Hyderabad,2025-09-06,2025-09-09,Delivered,4
1036,1036,Xpressbees,Indore,2026-04-29,,In Transit,3
1037,1037,DTDC,Bhubaneswar,2025-07-06,2025-07-08,Delivered,2
1038,1038,Delhivery,Guwahati,2025-10-04,2025-10-10,Delivered Late,6
1039,1039,Bluedart,Bhubaneswar,2024-08-01,2024-08-08,Delivered Late,5
1040,1040,Bluedart,Delhi,2026-02-20,,In Transit,7
1041,1041,Bluedart,Jaipur,,,Processing,5
1042,1042,Bluedart,Bhopal,2025-03-29,2025-04-03,Delivered,6
1043,1043,Ecom Express,Mumbai,2025-02-28,2025-03-08,Delivered Late,5
1044,1044,Xpressbees,Mumbai,2025-12-17,2025-12-24,Returned,4
1045,1045,Ekart Logistics,Guwahati,2025-08-04,2025-08-08,Delivered Late,3
1046,1046,Ecom Express,Kolkata,2026-02-06,2026-02-12,Delivered Late,6
1047,1047,DTDC,Surat,2026-02-25,2026-03-04,Delivered Late,6
1048,1048,Bluedart,Delhi,2025-09-03,,In Transit,3
1049,1049,Delhivery,Ahmedabad,2026-04-18,2026-04-28,Delivered Late,7
1050,1050,Ekart Logistics,Nashik,2024-05-08,2024-05-16,Delivered Late,7
1051,1051,Bluedart,Mumbai,2025-05-21,2025-05-23,Delivered,3
1052,1052,Ecom Express,Bhopal,2025-01-01,2025-01-03,Delivered,3
1053,1053,Xpressbees,Kolkata,2024-07-07,2024-07-09,Delivered,2
1054,1054,DTDC,Nashik,2026-05-23,2026-05-29,Delivered,7
1055,1055,Ekart Logistics,Ahmedabad,2025-09-22,2025-09-28,Delivered Late,5
1056,1056,Ekart Logistics,Hyderabad,2025-11-21,2025-11-23,Delivered,2
1057,1057,Ekart Logistics,Indore,2025-10-03,2025-10-09,Returned,7
1058,1058,Delhivery,Bengaluru,2025-06-04,2025-06-08,Delivered Late,3
1059,1059,Ecom Express,Chennai,2025-01-07,2025-01-14,Delivered,7
1060,1060,Bluedart,Lucknow,2025-11-23,2025-11-28,Delivered,6
1061,1061,Xpressbees,Surat,2025-12-28,,In Transit,7
1062,1062,Ecom Express,Pune,2024-05-24,2024-05-28,Delivered Late,4
1063,1063,Xpressbees,Ranchi,2026-05-26,2026-05-31,Delivered,5
1064,1064,Ecom Express,Delhi,2025-08-13,2025-08-20,Delivered Late,5
1065,1065,Bluedart,Delhi,2025-05-09,2025-05-14,Delivered,6
1066,1066,Bluedart,Pune,2025-07-23,2025-07-26,Delivered,4
1067,1067,DTDC,Bhopal,2024-12-11,2024-12-18,Delivered,7
1068,1068,Xpressbees,Thiruvananthapuram,2026-03-24,2026-03-31,Delivered,7
1069,1069,Delhivery,Bengaluru,2026-01-30,2026-02-01,Delivered Late,2
1070,1070,Delhivery,Patna,2025-02-24,2025-02-26,Delivered,3
1071,1071,Delhivery,Surat,2026-03-04,2026-03-10,Delivered,7
1072,1072,Delhivery,Kanpur,2026-06-29,2026-07-05,Delivered Late,6
1073,1073,Xpressbees,Surat,2024-06-30,2024-07-04,Delivered,4
1074,1074,Bluedart,Lucknow,2024-12-11,,In Transit,2
1075,1075,Bluedart,Hyderabad,2025-09-09,2025-09-18,Delivered Late,7
1076,1076,Ekart Logistics,Ranchi,2025-10-12,2025-10-19,Delivered,7
1077,1077,Ecom Express,Lucknow,2025-12-29,2026-01-01,Delivered,3
1078,1078,Ecom Express,Mumbai,2025-05-18,2025-05-24,Delivered Late,4
1079,1079,DTDC,Coimbatore,2026-08-15,2026-08-18,Delivered,4
1080,1080,DTDC,Chandigarh,2024-12-12,2024-12-17,Returned,5
1081,1081,Delhivery,Guwahati,2025-09-10,2025-09-14,Delivered Late,3
1082,1082,Ekart Logistics,Nagpur,2025-11-27,2025-12-03,Delivered,7
1083,1083,Ekart Logistics,Vadodara,2024-06-27,2024-07-06,Delivered Late,7
1084,1084,Xpressbees,Vadodara,2025-11-04,,In Transit,3
1085,1085,Delhivery,Coimbatore,2024-07-30,2024-07-31,Delivered,2
1086,1086,Delhivery,Patna,2025-07-02,2025-07-06,Delivered,5
1087,1087,Bluedart,Guwahati,2026-04-23,2026-05-02,Delivered Late,7
1088,1088,Ecom Express,Surat,2025-08-08,2025-08-13,Delivered,6
1089,1089,Xpressbees,Hyderabad,2026-05-02,2026-05-06,Delivered Late,2
1090,1090,Ekart Logistics,Thiruvananthapuram,2025-09-21,2025-09-25,Delivered,5
1091,1091,Delhivery,Delhi,2025-12-29,2026-01-03,Delivered Late,4
1092,1092,Bluedart,Ranchi,2025-11-15,2025-11-19,Delivered,4
1093,1093,Delhivery,Surat,2025-05-04,2025-05-08,Delivered,5
1094,1094,DTDC,Kanpur,2026-04-07,2026-04-09,Delivered,2
1095,1095,Ecom Express,Kanpur,2025-11-29,2025-12-04,Delivered,5
1096,1096,Delhivery,Guwahati,2025-05-30,2025-06-06,Delivered Late,5
1097,1097,Bluedart,Kanpur,,,Processing,3
1098,1098,Xpressbees,Thiruvananthapuram,2025-11-16,2025-11-20,Delivered,5
1099,1099,Ekart Logistics,Lucknow,2025-06-23,2025-06-28,Delivered Late,5
1100,1100,Xpressbees,Jaipur,2026-02-27,2026-03-05,Delivered,6
1101,1101,DTDC,Indore,2024-06-17,2024-06-20,Delivered,4
1102,1102,Delhivery,Kanpur,2025-12-10,2025-12-16,Delivered,7
1103,1103,Xpressbees,Guwahati,2026-01-21,2026-01-28,Delivered,7
1104,1104,Bluedart,Delhi,2024-12-26,2024-12-29,Returned,3
1105,1105,Bluedart,Guwahati,2025-08-29,2025-09-06,Delivered Late,7
1106,1106,Delhivery,Pune,,,Not Shipped,6
1107,1107,DTDC,Chandigarh,2026-02-09,2026-02-15,Delivered Late,5
1108,1108,DTDC,Amritsar,2024-05-13,2024-05-19,Delivered,7
1109,1109,Ekart Logistics,Surat,,,Not Shipped,2
1110,1110,Bluedart,Jaipur,2025-11-17,2025-11-24,Delivered Late,6
1111,1111,Bluedart,Mysuru,2026-01-12,,In Transit,4
1112,1112,Bluedart,Bhopal,2026-07-08,,In Transit,4
1113,1113,DTDC,Jaipur,,,Not Shipped,3
1114,1114,Delhivery,Pune,,,Not Shipped,3
1115,1115,Xpressbees,Thiruvananthapuram,2025-11-19,2025-11-22,Delivered,3
1116,1116,Ekart Logistics,Chennai,2024-12-31,2025-01-03,Delivered Late,3
1117,1117,Ekart Logistics,Kolkata,2024-03-09,2024-03-11,Delivered,3
1118,1118,Bluedart,Nashik,2025-01-16,2025-01-25,Delivered Late,6
1119,1119,Xpressbees,Hyderabad,2025-08-13,2025-08-14,Delivered,2
1120,1120,Ecom Express,Chennai,2026-02-06,2026-02-13,Delivered Late,6
1121,1121,Ecom Express,Bhopal,2026-02-18,2026-02-25,Delivered,7
1122,1122,Delhivery,Guwahati,2024-10-09,2024-10-11,Delivered,2
1123,1123,Xpressbees,Bhopal,2025-04-11,,In Transit,7
1124,1124,Delhivery,Chandigarh,,,Not Shipped,3
1125,1125,DTDC,Nagpur,2024-08-05,2024-08-11,Returned,6
1126,1126,Xpressbees,Indore,2026-08-05,2026-08-12,Returned,6
1127,1127,Xpressbees,Thiruvananthapuram,2025-09-04,2025-09-10,Delivered Late,6
1128,1128,Ecom Express,Coimbatore,2025-12-22,2025-12-24,Delivered,3
1129,1129,Ekart Logistics,Coimbatore,2025-11-22,2025-11-24,Delivered,3
1130,1130,Ecom Express,Indore,2025-08-17,2025-08-19,Delivered,3
1131,1131,DTDC,Mumbai,2026-03-14,2026-03-18,Delivered Late,4
1132,1132,Ecom Express,Ranchi,,,Not Shipped,2
1133,1133,Bluedart,Pune,2026-05-11,2026-05-13,Delivered,2
1134,1134,Delhivery,Chandigarh,2026-03-16,2026-03-23,Delivered,7
1135,1135,Bluedart,Nagpur,2025-09-27,,In Transit,3
1136,1136,DTDC,Hyderabad,2025-11-20,2025-11-26,Delivered,7
1137,1137,Delhivery,Kolkata,2025-08-10,2025-08-16,Delivered Late,6
1138,1138,Ecom Express,Delhi,2025-12-09,2025-12-15,Delivered Late,5
1139,1139,Xpressbees,Nagpur,2026-08-19,2026-08-22,Delivered,4
1140,1140,Ekart Logistics,Ahmedabad,2024-04-15,2024-04-18,Delivered,3
1141,1141,Bluedart,Jaipur,2026-02-20,2026-02-22,Delivered,3
1142,1142,Bluedart,Amritsar,2024-08-06,2024-08-10,Delivered,4
1143,1143,Delhivery,Lucknow,2025-10-09,2025-10-15,Delivered Late,4
1144,1144,Bluedart,Thiruvananthapuram,2026-06-12,2026-06-17,Delivered,6
1145,1145,DTDC,Patna,2026-01-18,2026-01-24,Delivered,6
1146,1146,Ecom Express,Surat,2025-12-23,2025-12-29,Delivered Late,5
1147,1147,Ecom Express,Chandigarh,2026-05-26,2026-05-31,Returned,6
1148,1148,Ecom Express,Bhopal,,,Not Shipped,6
1149,1149,DTDC,Kolkata,2024-02-07,2024-02-10,Delivered Late,2
1150,1150,Xpressbees,Mysuru,2025-10-07,2025-10-12,Delivered,5
1151,1151,Ecom Express,Mysuru,2025-07-29,,In Transit,2
1152,1152,Delhivery,Thiruvananthapuram,2025-05-30,2025-06-04,Delivered,6
1153,1153,Xpressbees,Delhi,2026-02-01,2026-02-02,Delivered,2
1154,1154,Delhivery,Pune,2025-12-06,2025-12-09,Delivered,4
1155,1155,DTDC,Patna,2025-07-17,2025-07-20,Delivered Late,2
1156,1156,Xpressbees,Kanpur,2026-02-14,2026-02-19,Delivered,6
1157,1157,Ekart Logistics,Chennai,2026-03-24,2026-03-29,Delivered,6
1158,1158,Xpressbees,Surat,2025-12-07,,In Transit,3
1159,1159,DTDC,Ranchi,2026-02-23,2026-02-28,Delivered,6
1160,1160,Xpressbees,Nagpur,2025-06-08,2025-06-14,Delivered Late,5
1161,1161,Xpressbees,Hyderabad,2026-01-27,2026-01-30,Returned,4
1162,1162,Delhivery,Chennai,2025-08-16,2025-08-21,Delivered,6
1163,1163,DTDC,Thiruvananthapuram,2026-03-19,2026-03-22,Delivered Late,3
1164,1164,Ekart Logistics,Ahmedabad,2026-01-07,2026-01-11,Delivered Late,2
1165,1165,Delhivery,Kolkata,2025-04-11,2025-04-18,Delivered Late,7
1166,1166,Xpressbees,Mysuru,2025-10-26,2025-11-01,Returned,6
1167,1167,Bluedart,Delhi,2025-09-10,2025-09-18,Delivered Late,6
1168,1168,Ecom Express,Bhubaneswar,,,Not Shipped,5
1169,1169,Ecom Express,Jaipur,2025-02-20,2025-02-21,Delivered,2
1170,1170,Bluedart,Hyderabad,2024-08-24,2024-08-27,Delivered Late,2
1171,1171,Bluedart,Amritsar,2026-06-19,2026-06-22,Delivered,3
1172,1172,Xpressbees,Kanpur,2025-08-05,2025-08-08,Delivered,4
1173,1173,Ekart Logistics,Ahmedabad,2025-12-19,2025-12-23,Delivered Late,3
1174,1174,Ecom Express,Patna,2026-01-10,2026-01-12,Delivered,2
1175,1175,Bluedart,Mysuru,2025-11-12,2025-11-14,Delivered,3
1176,1176,Ecom Express,Bengaluru,2025-04-20,2025-04-24,Delivered,5
1177,1177,Xpressbees,Chennai,,,Not Shipped,4
1178,1178,Bluedart,Vadodara,,,Not Shipped,5
1179,1179,Xpressbees,Coimbatore,2026-05-14,,In Transit,2
1180,1180,Delhivery,Hyderabad,2026-06-09,2026-06-19,Delivered Late,7
1181,1181,Bluedart,Guwahati,2026-06-08,2026-06-11,Delivered,4
1182,1182,DTDC,Bengaluru,2026-05-07,2026-05-09,Delivered Late,2
1183,1183,Ekart Logistics,Kolkata,2026-04-12,2026-04-17,Delivered Late,4
1184,1184,Bluedart,Nagpur,2026-01-14,,In Transit,7
1185,1185,Delhivery,Bhubaneswar,2025-11-19,2025-11-24,Delivered,5
1186,1186,Ekart Logistics,Chandigarh,2025-09-04,2025-09-09,Delivered Late,4
1187,1187,Ecom Express,Coimbatore,2025-06-13,2025-06-20,Delivered Late,7
1188,1188,Ecom Express,Chennai,2025-05-22,2025-05-28,Delivered Late,6
1189,1189,DTDC,Chandigarh,2025-06-08,2025-06-15,Delivered,7
1190,1190,DTDC,Delhi,2026-06-19,2026-06-22,Delivered,3
1191,1191,Ecom Express,Chennai,2025-12-13,2025-12-17,Returned,5
1192,1192,Delhivery,Guwahati,2025-08-11,2025-08-16,Delivered,6
1193,1193,Ekart Logistics,Vadodara,,,Processing,4
1194,1194,Ekart Logistics,Mumbai,2026-02-24,2026-03-01,Delivered,6
1195,1195,Xpressbees,Nagpur,2025-10-17,2025-10-19,Delivered,3
1196,1196,Bluedart,Surat,2025-11-07,2025-11-08,Returned,2
1197,1197,DTDC,Patna,2024-04-10,2024-04-12,Delivered Late,2
1198,1198,Delhivery,Kanpur,2025-09-28,2025-09-29,Delivered,2
1199,1199,Bluedart,Surat,2025-06-17,2025-06-24,Delivered Late,7
1200,1200,Ecom Express,Chandigarh,2025-05-11,2025-05-13,Delivered,2
1201,1201,Ekart Logistics,Bhubaneswar,2026-01-15,2026-01-19,Delivered Late,3
1202,1202,DTDC,Nashik,2026-02-06,,In Transit,3
1203,1203,Bluedart,Indore,2024-03-26,2024-04-02,Delivered Late,6
1204,1204,Ecom Express,Kochi,2025-01-18,2025-01-23,Delivered Late,5
1205,1205,Ekart Logistics,Bhopal,2025-06-23,,In Transit,3
1206,1206,Ecom Express,Nashik,2025-04-14,2025-04-21,Delivered Late,5
1207,1207,Ekart Logistics,Pune,,,Processing,4
1208,1208,Xpressbees,Jaipur,2024-09-30,2024-10-05,Delivered Late,3
1209,1209,Ecom Express,Jaipur,2026-05-02,2026-05-08,Delivered,7
1210,1210,Ekart Logistics,Jaipur,2025-04-28,2025-05-01,Delivered Late,2
1211,1211,Ekart Logistics,Mumbai,2025-12-17,2025-12-20,Delivered,3
1212,1212,Ekart Logistics,Coimbatore,,,Not Shipped,2
1213,1213,Ekart Logistics,Kolkata,2025-01-29,2025-02-03,Delivered Late,5
1214,1214,DTDC,Mysuru,2025-05-15,2025-05-17,Delivered,3
1215,1215,Delhivery,Hyderabad,,,Not Shipped,5
1216,1216,Xpressbees,Bhopal,,,Not Shipped,2
1217,1217,Ekart Logistics,Delhi,2025-10-26,2025-11-03,Delivered Late,6
1218,1218,Bluedart,Bhopal,2026-08-08,2026-08-15,Delivered,7
1219,1219,Ekart Logistics,Bengaluru,2025-08-07,2025-08-09,Returned,2
1220,1220,Delhivery,Kanpur,2026-07-19,2026-07-27,Delivered Late,6
1221,1221,DTDC,Pune,2026-05-25,2026-05-29,Delivered,4
1222,1222,DTDC,Thiruvananthapuram,2025-06-08,2025-06-13,Delivered,6
1223,1223,Xpressbees,Ahmedabad,2026-03-04,2026-03-11,Returned,7
1224,1224,Xpressbees,Coimbatore,2025-04-19,2025-04-27,Delivered Late,5
1225,1225,Xpressbees,Pune,,,Processing,5
1226,1226,Xpressbees,Ahmedabad,,,Processing,4
1227,1227,Delhivery,Bhopal,2025-10-22,2025-10-26,Delivered Late,3
1228,1228,DTDC,Pune,2026-05-02,2026-05-08,Delivered,7
1229,1229,Bluedart,Mumbai,2025-06-29,2025-07-02,Delivered Late,2
1230,1230,Xpressbees,Kanpur,2025-07-31,,In Transit,7
1231,1231,Ekart Logistics,Bhubaneswar,2026-03-30,,In Transit,6
1232,1232,Xpressbees,Nagpur,2026-06-22,2026-06-26,Delivered,5
1233,1233,Delhivery,Coimbatore,,,Not Shipped,4
1234,1234,Ekart Logistics,Hyderabad,2025-08-10,2025-08-15,Delivered,6
1235,1235,Xpressbees,Ranchi,2025-08-06,2025-08-11,Delivered,6
1236,1236,Ekart Logistics,Kanpur,2024-12-21,2024-12-27,Delivered,6
1237,1237,DTDC,Chandigarh,2025-11-14,2025-11-18,Delivered,5
1238,1238,DTDC,Mysuru,2026-05-28,2026-05-29,Delivered,2
1239,1239,Ekart Logistics,Coimbatore,2025-08-23,2025-08-27,Delivered Late,4
1240,1240,Ecom Express,Coimbatore,2025-08-05,2025-08-11,Delivered,7
1241,1241,Ecom Express,Thiruvananthapuram,2025-07-28,2025-08-03,Delivered,6
1242,1242,DTDC,Lucknow,2025-06-28,2025-07-04,Returned,7
1243,1243,Delhivery,Thiruvananthapuram,2026-04-27,2026-04-28,Delivered,2
1244,1244,Ekart Logistics,Chennai,2025-06-21,2025-06-27,Delivered Late,5
1245,1245,Bluedart,Hyderabad,2025-06-05,2025-06-09,Delivered,5
1246,1246,DTDC,Bhopal,2025-05-13,2025-05-19,Delivered,6
1247,1247,Delhivery,Kochi,,,Not Shipped,5
1248,1248,Bluedart,Mumbai,2025-05-11,,In Transit,7
1249,1249,DTDC,Lucknow,2025-09-21,2025-09-27,Delivered,6
1250,1250,Bluedart,Bhubaneswar,,,Processing,2
1251,1251,Delhivery,Nagpur,2026-06-29,2026-07-01,Delivered,3
1252,1252,Bluedart,Kolkata,2025-10-01,2025-10-05,Delivered,4
1253,1253,Bluedart,Ranchi,2024-12-06,2024-12-14,Delivered Late,7
1254,1254,Xpressbees,Amritsar,2025-11-07,2025-11-13,Delivered Late,6
1255,1255,Delhivery,Mysuru,2025-10-16,2025-10-21,Delivered,6
1256,1256,Bluedart,Patna,,,Not Shipped,3
1257,1257,Bluedart,Amritsar,2026-04-23,2026-04-25,Delivered,2
1258,1258,Bluedart,Kanpur,2026-02-19,2026-02-25,Delivered Late,5
1259,1259,DTDC,Pune,2025-04-19,2025-04-26,Delivered,7
1260,1260,DTDC,Pune,2026-02-22,2026-03-01,Delivered Late,4
1261,1261,Ekart Logistics,Guwahati,2024-11-26,2024-12-01,Delivered,5
1262,1262,Ekart Logistics,Coimbatore,2026-02-07,,In Transit,6
1263,1263,Ekart Logistics,Pune,2026-05-17,2026-05-24,Delivered,7
1264,1264,Delhivery,Indore,2026-01-20,2026-01-30,Delivered Late,7
1265,1265,Ekart Logistics,Bhopal,2025-08-23,2025-09-01,Delivered Late,7
1266,1266,DTDC,Patna,2025-12-29,2026-01-01,Delivered,4
1267,1267,Bluedart,Indore,2026-03-04,,In Transit,2
1268,1268,Bluedart,Lucknow,2026-02-12,2026-02-15,Returned,3
1269,1269,Ecom Express,Nagpur,2025-08-05,2025-08-08,Returned,4
1270,1270,Delhivery,Nashik,2026-07-17,2026-07-19,Delivered,3
1271,1271,Xpressbees,Nashik,2025-11-21,2025-11-29,Delivered Late,7
1272,1272,Bluedart,Jaipur,2026-02-28,,In Transit,6
1273,1273,Ekart Logistics,Nagpur,2025-01-16,,In Transit,2
1274,1274,DTDC,Mysuru,2026-03-26,2026-03-29,Delivered Late,2
1275,1275,Ecom Express,Ranchi,2025-11-07,2025-11-10,Delivered Late,2
1276,1276,Ecom Express,Bengaluru,2026-03-24,2026-03-30,Delivered,7
1277,1277,Bluedart,Hyderabad,2026-08-12,2026-08-17,Delivered,5
1278,1278,Ecom Express,Vadodara,2024-10-23,2024-10-26,Delivered,3
1279,1279,Bluedart,Jaipur,2025-05-04,2025-05-10,Delivered,7
1280,1280,Ekart Logistics,Vadodara,2025-03-29,2025-04-05,Delivered,7
1281,1281,Bluedart,Nagpur,2024-11-07,,In Transit,3
1282,1282,Ecom Express,Nagpur,2026-06-27,2026-07-01,Delivered Late,3
1283,1283,Bluedart,Guwahati,,,Not Shipped,7
1284,1284,Xpressbees,Ranchi,2025-10-25,2025-10-29,Returned,4
1285,1285,DTDC,Guwahati,2024-12-28,2024-12-31,Delivered Late,2
1286,1286,Ecom Express,Mysuru,2025-03-12,2025-03-17,Delivered Late,4
1287,1287,Ecom Express,Delhi,2026-01-30,2026-02-05,Delivered,6
1288,1288,Ecom Express,Delhi,2026-01-25,2026-01-29,Delivered,5
1289,1289,Delhivery,Mumbai,2025-03-16,2025-03-24,Delivered Late,7
1290,1290,Xpressbees,Nashik,2026-06-03,2026-06-09,Delivered,6
1291,1291,Ekart Logistics,Lucknow,2025-12-22,2025-12-27,Delivered Late,3
1292,1292,Ekart Logistics,Ranchi,2026-08-15,,In Transit,6
1293,1293,Xpressbees,Kochi,2026-02-26,2026-03-04,Delivered Late,4
1294,1294,DTDC,Amritsar,2026-04-12,,In Transit,2
1295,1295,Bluedart,Amritsar,2025-06-07,2025-06-12,Delivered Late,4
1296,1296,Ekart Logistics,Ranchi,2025-09-07,2025-09-12,Delivered,6
1297,1297,DTDC,Bhopal,2026-05-28,2026-06-01,Delivered,5
1298,1298,Ekart Logistics,Coimbatore,2025-07-25,2025-07-27,Delivered,2
1299,1299,Delhivery,Kanpur,2025-11-27,2025-11-30,Delivered,4
1300,1300,Ecom Express,Mysuru,2026-05-17,2026-05-20,Delivered,3
1301,1301,Ecom Express,Coimbatore,2026-01-02,2026-01-09,Delivered,7
1302,1302,Ekart Logistics,Chandigarh,2026-07-13,2026-07-15,Delivered,3
1303,1303,Ekart Logistics,Coimbatore,2025-07-25,,In Transit,2
1304,1304,Ecom Express,Nashik,,,Processing,7
1305,1305,DTDC,Bhubaneswar,2026-02-01,2026-02-06,Delivered Late,3
1306,1306,Ekart Logistics,Amritsar,2024-10-11,2024-10-15,Delivered,4
1307,1307,Ekart Logistics,Vadodara,2025-12-02,2025-12-05,Delivered,3
1308,1308,Bluedart,Nashik,2026-07-29,2026-07-31,Delivered,3
1309,1309,Ecom Express,Delhi,,,Not Shipped,3
1310,1310,Ekart Logistics,Bhubaneswar,2026-01-19,2026-01-23,Delivered,4
1311,1311,Xpressbees,Ranchi,,,Not Shipped,3
1312,1312,Delhivery,Kochi,2026-05-19,2026-05-21,Delivered,2
1313,1313,Ekart Logistics,Vadodara,2026-04-26,2026-04-29,Delivered,4
1314,1314,Ekart Logistics,Kanpur,2025-11-13,,In Transit,5
1315,1315,Xpressbees,Surat,2025-05-29,2025-06-01,Delivered,4
1316,1316,Ekart Logistics,Ahmedabad,2026-06-02,2026-06-06,Delivered,4
1317,1317,Delhivery,Mumbai,2025-04-26,2025-04-29,Delivered,3
1318,1318,Ecom Express,Nashik,2025-10-12,2025-10-14,Delivered,2
1319,1319,Xpressbees,Surat,2025-07-01,2025-07-06,Delivered Late,3
1320,1320,Xpressbees,Pune,2025-08-23,2025-08-24,Delivered,2
1321,1321,Xpressbees,Mumbai,2025-11-01,2025-11-06,Delivered,6
1322,1322,DTDC,Mumbai,2025-03-11,2025-03-12,Delivered,2
1323,1323,DTDC,Delhi,2024-10-16,2024-10-18,Delivered,3
1324,1324,Ekart Logistics,Guwahati,2025-08-19,2025-08-25,Delivered Late,4
1325,1325,Bluedart,Coimbatore,2025-04-01,2025-04-05,Delivered,4
1326,1326,Bluedart,Bhopal,2026-03-05,2026-03-06,Delivered,2
1327,1327,Xpressbees,Kanpur,2025-12-30,2026-01-04,Delivered,6
1328,1328,Delhivery,Delhi,2025-04-03,2025-04-06,Delivered,3
1329,1329,Delhivery,Delhi,2024-08-01,2024-08-04,Delivered,3
1330,1330,Ekart Logistics,Kolkata,,,Not Shipped,6
1331,1331,Xpressbees,Guwahati,2026-05-07,,In Transit,5
1332,1332,Bluedart,Bhubaneswar,2024-08-06,2024-08-13,Delivered Late,7
1333,1333,Ecom Express,Nagpur,2025-10-09,2025-10-19,Delivered Late,7
1334,1334,Delhivery,Pune,2026-03-12,2026-03-15,Returned,3
1335,1335,Delhivery,Kanpur,2025-11-08,2025-11-14,Returned,5
1336,1336,DTDC,Delhi,2026-05-26,2026-06-02,Delivered Late,6
1337,1337,Xpressbees,Lucknow,2024-07-18,2024-07-22,Delivered Late,4
1338,1338,DTDC,Vadodara,2026-01-18,2026-01-26,Delivered Late,7
1339,1339,Ekart Logistics,Nagpur,2025-04-25,2025-04-30,Delivered Late,4
1340,1340,Bluedart,Delhi,2026-01-07,2026-01-13,Delivered,6
1341,1341,Delhivery,Chandigarh,2025-08-07,2025-08-13,Delivered Late,6
1342,1342,Ecom Express,Lucknow,2024-11-18,2024-11-26,Delivered Late,7
1343,1343,DTDC,Nagpur,2026-05-09,2026-05-13,Delivered,5
1344,1344,Xpressbees,Jaipur,2024-06-29,2024-07-01,Delivered,3
1345,1345,DTDC,Kanpur,2024-07-14,2024-07-20,Delivered Late,6
1346,1346,Ekart Logistics,Ranchi,2025-12-05,2025-12-12,Delivered Late,7
1347,1347,Bluedart,Ahmedabad,2024-10-28,2024-10-31,Delivered Late,2
1348,1348,Ekart Logistics,Amritsar,2024-11-11,2024-11-15,Delivered Late,4
1349,1349,Ekart Logistics,Lucknow,2026-01-09,2026-01-16,Delivered Late,5
1350,1350,DTDC,Chennai,,,Not Shipped,3
1351,1351,Ecom Express,Patna,2024-11-11,,In Transit,7
1352,1352,Ecom Express,Surat,2025-01-08,2025-01-11,Delivered,3
1353,1353,Bluedart,Ahmedabad,2026-05-02,2026-05-09,Delivered Late,5
1354,1354,DTDC,Chennai,2024-04-17,2024-04-22,Delivered Late,5
1355,1355,Ecom Express,Kochi,2025-10-26,2025-11-02,Delivered,7
1356,1356,Delhivery,Surat,2025-07-21,2025-07-31,Delivered Late,7
1357,1357,Delhivery,Bhopal,2025-01-15,2025-01-18,Delivered,3
1358,1358,DTDC,Delhi,2025-09-15,2025-09-22,Delivered Late,4
1359,1359,Ekart Logistics,Hyderabad,2025-10-05,2025-10-07,Delivered,2
1360,1360,Ekart Logistics,Bhopal,2025-10-01,2025-10-03,Delivered,2
1361,1361,Bluedart,Pune,2025-11-03,2025-11-10,Delivered Late,7
1362,1362,Ecom Express,Ranchi,2025-09-04,,In Transit,7
1363,1363,DTDC,Mumbai,2025-02-19,2025-02-26,Delivered,7
1364,1364,Delhivery,Bhopal,2026-06-18,,In Transit,4
1365,1365,Ecom Express,Surat,,,Processing,7
1366,1366,DTDC,Pune,2026-02-09,2026-02-15,Delivered Late,6
1367,1367,Delhivery,Mysuru,2026-03-04,2026-03-06,Delivered,3
1368,1368,Xpressbees,Vadodara,,,Not Shipped,5
1369,1369,Xpressbees,Jaipur,2025-11-20,2025-11-26,Delivered,7
1370,1370,DTDC,Jaipur,2026-04-29,2026-05-05,Delivered,7
1371,1371,Bluedart,Mumbai,2025-09-12,2025-09-16,Delivered,4
1372,1372,Xpressbees,Kolkata,2026-07-24,,In Transit,6
1373,1373,Delhivery,Mumbai,2024-02-11,2024-02-20,Returned,7
1374,1374,Delhivery,Coimbatore,2025-11-12,2025-11-18,Delivered,6
1375,1375,DTDC,Guwahati,2026-07-05,,In Transit,7
1376,1376,Xpressbees,Vadodara,2024-10-11,2024-10-18,Delivered Late,5
1377,1377,Xpressbees,Nashik,2025-11-19,2025-11-25,Delivered,6
1378,1378,Ekart Logistics,Ranchi,2025-09-24,2025-09-29,Delivered,5
1379,1379,Delhivery,Guwahati,2025-10-03,2025-10-06,Returned,3
1380,1380,Ekart Logistics,Indore,2025-07-04,,In Transit,6
1381,1381,Ekart Logistics,Lucknow,2025-11-17,2025-11-21,Delivered Late,2
1382,1382,Bluedart,Bhubaneswar,2026-05-22,2026-05-28,Delivered,6
1383,1383,DTDC,Chennai,2025-07-27,2025-08-01,Returned,5
1384,1384,Bluedart,Ahmedabad,2025-09-08,2025-09-15,Delivered Late,4
1385,1385,Bluedart,Indore,2026-01-27,2026-01-29,Returned,2
1386,1386,DTDC,Indore,2025-06-04,2025-06-07,Delivered Late,2
1387,1387,Delhivery,Patna,2025-01-20,2025-01-25,Delivered,6
1388,1388,Delhivery,Kochi,2025-06-21,2025-06-28,Delivered,7
1389,1389,Ecom Express,Thiruvananthapuram,2026-02-25,2026-03-05,Delivered Late,7
1390,1390,Xpressbees,Jaipur,2026-08-18,2026-08-23,Delivered Late,3
1391,1391,Ekart Logistics,Coimbatore,2025-10-18,2025-10-22,Delivered Late,4
1392,1392,Bluedart,Lucknow,2025-08-19,2025-08-26,Delivered,7
1393,1393,Ecom Express,Chandigarh,2024-07-13,2024-07-18,Delivered,6
1394,1394,Bluedart,Chennai,2025-11-16,2025-11-25,Delivered Late,6
1395,1395,DTDC,Bhubaneswar,2024-12-16,2024-12-18,Delivered,2
1396,1396,Xpressbees,Mumbai,2024-11-19,2024-11-23,Delivered Late,2
1397,1397,Bluedart,Lucknow,2025-12-11,2025-12-16,Delivered Late,4
1398,1398,Ecom Express,Patna,2025-03-26,2025-04-02,Returned,7
1399,1399,Bluedart,Patna,,,Not Shipped,5
1400,1400,Delhivery,Nashik,2026-01-12,2026-01-18,Delivered,6
1401,1401,Delhivery,Ranchi,2024-08-10,2024-08-17,Delivered,7
1402,1402,Ekart Logistics,Surat,2026-04-16,2026-04-23,Delivered Late,7
1403,1403,Bluedart,Patna,,,Processing,2
1404,1404,Delhivery,Ranchi,2025-12-15,,In Transit,3
1405,1405,Delhivery,Patna,2026-08-01,2026-08-08,Delivered,7
1406,1406,Xpressbees,Coimbatore,2025-06-19,2025-06-28,Returned,7
1407,1407,Ekart Logistics,Vadodara,2025-03-29,2025-04-04,Delivered,7
1408,1408,Xpressbees,Pune,2026-06-22,2026-06-30,Delivered Late,7
1409,1409,Xpressbees,Jaipur,2025-03-13,2025-03-18,Delivered,5
1410,1410,DTDC,Nagpur,2025-06-03,2025-06-07,Delivered Late,3
1411,1411,Delhivery,Mumbai,,,Processing,4
1412,1412,Bluedart,Bengaluru,2025-06-22,2025-06-26,Delivered,4
1413,1413,Bluedart,Coimbatore,,,Processing,4
1414,1414,Ekart Logistics,Kochi,2025-01-28,2025-01-31,Delivered Late,2
1415,1415,Bluedart,Lucknow,2026-01-03,2026-01-07,Delivered,4
1416,1416,Ekart Logistics,Patna,2026-02-27,2026-03-06,Delivered,7
1417,1417,Ekart Logistics,Jaipur,2025-03-29,2025-03-31,Delivered,2
1418,1418,Xpressbees,Delhi,2026-05-31,2026-06-01,Delivered,2
1419,1419,Ekart Logistics,Mumbai,2025-11-26,2025-12-02,Delivered Late,5
1420,1420,Ecom Express,Bhubaneswar,2026-03-07,2026-03-11,Delivered Late,3
1421,1421,Ecom Express,Kanpur,2025-05-15,,In Transit,7
1422,1422,Delhivery,Chandigarh,2026-05-16,2026-05-21,Delivered Late,4
1423,1423,Ekart Logistics,Kanpur,2026-07-17,2026-07-23,Delivered,7
1424,1424,Ekart Logistics,Kolkata,2025-03-03,2025-03-11,Delivered Late,6
1425,1425,Delhivery,Chandigarh,2026-08-10,2026-08-11,Returned,2
1426,1426,Ekart Logistics,Bhubaneswar,2026-05-22,2026-05-23,Returned,2
1427,1427,Bluedart,Chandigarh,2024-10-10,2024-10-17,Delivered,7
1428,1428,Ecom Express,Kochi,2026-03-20,2026-03-26,Delivered Late,6
1429,1429,Bluedart,Patna,2026-01-30,2026-02-01,Delivered,3
1430,1430,Xpressbees,Nagpur,2025-05-25,2025-05-29,Delivered,5
1431,1431,DTDC,Guwahati,2025-12-27,2026-01-01,Delivered,6
1432,1432,Xpressbees,Nagpur,2026-03-25,2026-03-28,Delivered,3
1433,1433,Xpressbees,Lucknow,,,Not Shipped,3
1434,1434,Ekart Logistics,Nagpur,2025-10-31,2025-11-05,Delivered,5
1435,1435,DTDC,Delhi,2024-12-18,2024-12-25,Delivered Late,6
1436,1436,Bluedart,Amritsar,2025-01-22,2025-01-23,Delivered,2
1437,1437,Xpressbees,Bengaluru,,,Not Shipped,5
1438,1438,Bluedart,Bhopal,2024-07-19,2024-07-22,Delivered,3
1439,1439,Ekart Logistics,Kolkata,,,Not Shipped,3
1440,1440,Ekart Logistics,Kanpur,2026-03-16,2026-03-21,Delivered,6
1441,1441,Xpressbees,Delhi,2025-11-28,2025-12-05,Returned,7
1442,1442,Ekart Logistics,Hyderabad,2025-08-28,2025-09-03,Delivered Late,5
1443,1443,Ekart Logistics,Guwahati,,,Not Shipped,5
1444,1444,Ecom Express,Patna,2025-05-17,2025-05-19,Delivered,3
1445,1445,Ekart Logistics,Hyderabad,,,Not Shipped,7
1446,1446,Xpressbees,Surat,2025-10-24,2025-10-27,Delivered,4
1447,1447,Ecom Express,Patna,2026-03-09,2026-03-10,Delivered,2
1448,1448,Bluedart,Mysuru,2025-08-05,2025-08-07,Delivered,2
1449,1449,Ecom Express,Guwahati,,,Not Shipped,3
1450,1450,Delhivery,Bengaluru,2026-02-18,2026-02-23,Delivered Late,5
1451,1451,DTDC,Nashik,2025-12-14,2025-12-19,Delivered,5
1452,1452,Xpressbees,Delhi,2026-03-01,2026-03-05,Delivered,4
1453,1453,Xpressbees,Kolkata,,,Not Shipped,3
1454,1454,Delhivery,Pune,2025-09-26,2025-10-01,Delivered,5
1455,1455,Ekart Logistics,Mumbai,,,Not Shipped,5
1456,1456,Delhivery,Pune,,,Not Shipped,4
1457,1457,Ekart Logistics,Chandigarh,2025-12-27,2026-01-01,Delivered,6
1458,1458,DTDC,Chennai,2026-02-25,2026-03-03,Delivered,6
1459,1459,Delhivery,Kolkata,2026-02-03,2026-02-04,Delivered,2
1460,1460,Bluedart,Mumbai,,,Processing,4
1461,1461,Delhivery,Surat,2026-03-15,2026-03-20,Delivered,5
1462,1462,Xpressbees,Chennai,2024-08-02,2024-08-06,Returned,2
1463,1463,Ekart Logistics,Coimbatore,2024-04-28,2024-04-30,Delivered,2
1464,1464,Ecom Express,Kochi,2025-08-06,2025-08-12,Delivered,6
1465,1465,Ekart Logistics,Jaipur,2025-07-18,,In Transit,7
1466,1466,Delhivery,Bengaluru,2026-04-05,2026-04-08,Delivered,4
1467,1467,Ekart Logistics,Kochi,,,Not Shipped,3
1468,1468,DTDC,Coimbatore,2026-03-10,2026-03-12,Returned,3
1469,1469,Delhivery,Mysuru,2025-03-08,2025-03-10,Delivered,2
1470,1470,Bluedart,Surat,,,Not Shipped,4
1471,1471,Xpressbees,Hyderabad,2026-05-09,2026-05-18,Delivered Late,6
1472,1472,Ecom Express,Delhi,2024-03-21,2024-03-25,Delivered,5
1473,1473,Ecom Express,Lucknow,2024-12-31,2025-01-05,Delivered,6
1474,1474,Ecom Express,Chandigarh,2025-12-13,2025-12-16,Delivered Late,3
1475,1475,DTDC,Indore,2024-07-03,2024-07-06,Delivered Late,2
1476,1476,DTDC,Chennai,2026-02-10,2026-02-14,Delivered,5
1477,1477,Bluedart,Jaipur,,,Not Shipped,7
1478,1478,Bluedart,Nashik,2024-12-17,2024-12-19,Delivered,2
1479,1479,DTDC,Patna,2025-12-27,2026-01-01,Delivered,6
1480,1480,Ekart Logistics,Hyderabad,2025-10-03,2025-10-07,Delivered,4
1481,1481,Xpressbees,Nagpur,2025-11-06,2025-11-09,Delivered Late,2
1482,1482,DTDC,Ahmedabad,2025-12-11,2025-12-17,Delivered,6
1483,1483,Xpressbees,Bhubaneswar,2026-02-23,2026-02-27,Delivered Late,3
1484,1484,Xpressbees,Nagpur,,,Not Shipped,2
1485,1485,Ecom Express,Bhubaneswar,2025-03-25,2025-03-31,Delivered,7
1486,1486,Ecom Express,Ahmedabad,2025-12-14,2025-12-19,Delivered,6
1487,1487,Ekart Logistics,Bhopal,2024-11-13,2024-11-17,Delivered,4
1488,1488,Ekart Logistics,Amritsar,2024-12-17,2024-12-24,Delivered Late,5
1489,1489,Ekart Logistics,Hyderabad,2026-07-17,,In Transit,2
1490,1490,Xpressbees,Hyderabad,,,Not Shipped,4
1491,1491,Bluedart,Bhubaneswar,2025-11-27,2025-12-04,Delivered,7
1492,1492,Ekart Logistics,Nagpur,,,Not Shipped,4
1493,1493,Xpressbees,Bhopal,2025-07-31,2025-08-04,Delivered,5
1494,1494,DTDC,Mumbai,2026-01-28,2026-02-03,Delivered,6
1495,1495,Xpressbees,Mumbai,2026-07-22,,In Transit,5
1496,1496,Xpressbees,Chandigarh,2025-03-19,2025-03-23,Delivered Late,3
1497,1497,Ecom Express,Mysuru,2026-05-30,2026-05-31,Delivered,2
1498,1498,Ekart Logistics,Kolkata,2024-11-21,,In Transit,4
1499,1499,Bluedart,Pune,2026-01-22,2026-01-27,Delivered,6
1500,1500,Xpressbees,Thiruvananthapuram,,,Processing,7
1501,1501,DTDC,Mysuru,,,Not Shipped,7
1502,1502,Xpressbees,Hyderabad,2025-03-06,2025-03-09,Delivered,4
1503,1503,Delhivery,Guwahati,2026-05-11,2026-05-16,Delivered Late,4
1504,1504,Delhivery,Guwahati,2025-07-05,2025-07-10,Delivered Late,4
1505,1505,Ecom Express,Vadodara,2025-01-11,2025-01-14,Delivered,4
1506,1506,DTDC,Kanpur,,,Not Shipped,3
1507,1507,DTDC,Lucknow,2025-07-08,2025-07-13,Delivered,6
1508,1508,Ecom Express,Amritsar,2025-02-02,2025-02-06,Delivered,4
1509,1509,Ekart Logistics,Mysuru,2026-03-24,2026-03-30,Delivered Late,4
1510,1510,Ekart Logistics,Mumbai,2025-06-05,2025-06-08,Delivered,3
1511,1511,Ekart Logistics,Ranchi,2025-09-14,2025-09-19,Delivered,5
1512,1512,Bluedart,Bhubaneswar,2025-12-28,2025-12-31,Returned,3
1513,1513,Bluedart,Coimbatore,2026-06-23,2026-06-26,Returned,4
1514,1514,DTDC,Kolkata,2025-06-13,2025-06-22,Delivered Late,7
1515,1515,Delhivery,Mysuru,2026-07-24,2026-07-28,Delivered,4
1516,1516,Delhivery,Lucknow,2024-10-15,2024-10-18,Returned,4
1517,1517,Ekart Logistics,Indore,2026-03-07,2026-03-11,Delivered,4
1518,1518,Bluedart,Indore,2025-12-24,2025-12-29,Delivered,6
1519,1519,Delhivery,Hyderabad,2025-04-08,2025-04-14,Delivered,6
1520,1520,Delhivery,Mysuru,2026-02-20,2026-02-25,Delivered Late,2
1521,1521,DTDC,Mysuru,2025-04-28,2025-05-04,Delivered Late,5
1522,1522,Delhivery,Surat,2025-12-14,2025-12-16,Delivered Late,2
1523,1523,DTDC,Chennai,2025-11-28,2025-11-30,Delivered,2
1524,1524,Ecom Express,Surat,2026-01-20,2026-01-24,Delivered,5
1525,1525,Ekart Logistics,Bhopal,2026-04-18,2026-04-23,Delivered,6
1526,1526,Bluedart,Nagpur,2025-11-28,2025-12-03,Delivered,6
1527,1527,Ekart Logistics,Kolkata,2025-03-04,2025-03-13,Delivered Late,7
1528,1528,Ekart Logistics,Surat,2026-01-13,2026-01-21,Delivered Late,7
1529,1529,DTDC,Bhubaneswar,2026-04-28,2026-05-02,Delivered Late,3
1530,1530,Ekart Logistics,Mumbai,2025-06-18,,In Transit,2
1531,1531,Delhivery,Thiruvananthapuram,2024-07-01,2024-07-05,Delivered,5
1532,1532,Delhivery,Surat,2024-09-27,2024-10-05,Delivered Late,7
1533,1533,Xpressbees,Coimbatore,2024-05-02,2024-05-07,Delivered,5
1534,1534,Bluedart,Patna,2026-06-04,2026-06-08,Delivered Late,3
1535,1535,Xpressbees,Chennai,2025-04-04,2025-04-08,Delivered Late,3
1536,1536,Delhivery,Patna,2026-06-08,2026-06-13,Delivered Late,4
1537,1537,Ecom Express,Indore,2026-03-09,2026-03-13,Delivered Late,3
1538,1538,Bluedart,Bhubaneswar,2025-04-15,2025-04-18,Delivered,3
1539,1539,DTDC,Ranchi,2025-04-17,2025-04-18,Delivered,2
1540,1540,DTDC,Jaipur,2025-09-23,,In Transit,2
1541,1541,Bluedart,Chennai,2025-09-02,2025-09-04,Delivered,2
1542,1542,Bluedart,Mysuru,2026-01-25,2026-01-30,Delivered,6
1543,1543,Bluedart,Kochi,2026-08-18,2026-08-23,Delivered,5
1544,1544,DTDC,Vadodara,2025-12-08,2025-12-10,Delivered,3
1545,1545,Ecom Express,Nashik,2025-12-07,2025-12-15,Delivered Late,7
1546,1546,Ekart Logistics,Kolkata,2026-02-21,2026-02-23,Delivered Late,2
1547,1547,DTDC,Pune,2026-04-03,2026-04-06,Delivered,4
1548,1548,Bluedart,Chennai,2024-06-30,2024-07-09,Delivered Late,7
1549,1549,Xpressbees,Thiruvananthapuram,2024-08-11,2024-08-15,Returned,2
1550,1550,Ekart Logistics,Surat,2026-05-13,2026-05-17,Delivered Late,4
1551,1551,Delhivery,Indore,2025-07-07,2025-07-10,Delivered,3
1552,1552,Ekart Logistics,Indore,2025-05-11,2025-05-15,Delivered,5
1553,1553,Ekart Logistics,Lucknow,2025-11-27,2025-12-01,Delivered,4
1554,1554,Bluedart,Patna,2026-06-21,2026-06-30,Delivered Late,7
1555,1555,DTDC,Nashik,2025-10-05,2025-10-14,Delivered Late,7
1556,1556,Ecom Express,Guwahati,2024-12-24,2024-12-26,Delivered,2
1557,1557,DTDC,Amritsar,2025-04-10,2025-04-14,Delivered Late,2
1558,1558,DTDC,Bengaluru,2025-12-07,2025-12-09,Delivered,3
1559,1559,Ekart Logistics,Pune,2026-03-01,2026-03-09,Delivered Late,7
1560,1560,DTDC,Kolkata,2025-12-10,2025-12-15,Delivered Late,3
1561,1561,Bluedart,Bengaluru,2024-05-05,2024-05-12,Delivered Late,6
1562,1562,Delhivery,Chandigarh,2025-07-03,2025-07-08,Delivered Late,3
1563,1563,Xpressbees,Kanpur,2025-04-23,2025-04-27,Delivered,5
1564,1564,Xpressbees,Chandigarh,2025-12-05,2025-12-09,Delivered,5
1565,1565,DTDC,Coimbatore,2024-03-18,,In Transit,6
1566,1566,Ekart Logistics,Chennai,2025-08-27,2025-09-02,Delivered Late,4
1567,1567,Delhivery,Bengaluru,2025-08-06,2025-08-10,Delivered,4
1568,1568,Ecom Express,Nagpur,2026-03-25,2026-03-28,Delivered,3
1569,1569,Bluedart,Thiruvananthapuram,2026-01-12,2026-01-18,Delivered Late,5
1570,1570,Xpressbees,Kanpur,2025-08-27,2025-08-31,Delivered,5
1571,1571,Xpressbees,Kanpur,2026-01-19,,In Transit,3
1572,1572,Ekart Logistics,Pune,2026-07-17,2026-07-22,Delivered Late,5
1573,1573,Ekart Logistics,Thiruvananthapuram,2026-03-01,2026-03-07,Delivered,7
1574,1574,Xpressbees,Kochi,2025-12-24,2025-12-28,Delivered Late,2
1575,1575,Bluedart,Coimbatore,2024-10-20,2024-10-29,Delivered Late,6
1576,1576,Ecom Express,Kolkata,2025-03-05,2025-03-12,Delivered,7
1577,1577,Ekart Logistics,Mysuru,2026-03-14,2026-03-15,Delivered,2
1578,1578,DTDC,Ahmedabad,2024-04-16,2024-04-22,Delivered,7
1579,1579,Ecom Express,Bengaluru,2026-04-08,2026-04-13,Delivered,5
1580,1580,Ecom Express,Jaipur,2025-06-12,2025-06-17,Delivered Late,3
1581,1581,Bluedart,Bhubaneswar,2024-05-17,2024-05-24,Returned,7
1582,1582,Delhivery,Kanpur,2026-08-18,2026-08-22,Delivered,4
1583,1583,Ekart Logistics,Lucknow,2026-05-29,2026-06-02,Delivered,4
1584,1584,Ecom Express,Pune,2025-10-19,2025-10-26,Delivered Late,6
1585,1585,Ecom Express,Ranchi,2025-04-20,,In Transit,7
1586,1586,Bluedart,Nashik,2025-07-02,,In Transit,5
1587,1587,Bluedart,Ranchi,2025-11-24,2025-11-26,Delivered,3
1588,1588,Bluedart,Delhi,2026-01-17,,In Transit,4
1589,1589,Ekart Logistics,Amritsar,2026-06-19,2026-06-21,Delivered,3
1590,1590,Ekart Logistics,Vadodara,,,Not Shipped,4
1591,1591,Ekart Logistics,Coimbatore,2026-01-07,2026-01-10,Delivered,4
1592,1592,Ekart Logistics,Bengaluru,2025-05-26,,In Transit,2
1593,1593,Ecom Express,Mumbai,2025-12-06,2025-12-09,Delivered,3
1594,1594,Delhivery,Ranchi,,,Processing,4
1595,1595,Bluedart,Chandigarh,2025-12-01,2025-12-03,Delivered,3
1596,1596,Bluedart,Mumbai,2025-12-23,2025-12-28,Delivered,6
1597,1597,Ecom Express,Thiruvananthapuram,2025-08-10,,In Transit,6
1598,1598,Ekart Logistics,Ahmedabad,2026-05-12,2026-05-16,Delivered,5
1599,1599,Delhivery,Bhopal,2024-12-10,2024-12-15,Delivered,5
1600,1600,Bluedart,Amritsar,2024-12-26,2024-12-28,Delivered Late,2
1601,1601,Bluedart,Surat,2025-05-23,2025-05-27,Returned,3
1602,1602,Ecom Express,Nagpur,2025-12-27,2025-12-29,Delivered,3
1603,1603,Bluedart,Chennai,2026-04-01,,In Transit,5
1604,1604,Xpressbees,Amritsar,2026-05-12,2026-05-17,Delivered Late,5
1605,1605,DTDC,Delhi,2026-01-19,2026-01-25,Delivered,7
1606,1606,Ekart Logistics,Mysuru,2025-02-04,2025-02-07,Delivered,3
1607,1607,Delhivery,Kochi,2026-04-10,,In Transit,5
1608,1608,Ecom Express,Nagpur,2026-03-18,2026-03-23,Delivered,5
1609,1609,DTDC,Nagpur,2026-05-05,2026-05-07,Delivered,2
1610,1610,DTDC,Kolkata,2026-04-20,2026-04-28,Delivered Late,6
1611,1611,Xpressbees,Kochi,2026-01-25,,In Transit,3
1612,1612,Bluedart,Nagpur,2025-07-11,2025-07-16,Delivered Late,4
1613,1613,Bluedart,Patna,2025-02-16,2025-02-22,Delivered,6
1614,1614,Xpressbees,Nagpur,2026-02-12,2026-02-16,Delivered,4
1615,1615,Bluedart,Amritsar,2025-06-23,2025-06-30,Delivered Late,7
1616,1616,Xpressbees,Kanpur,2026-05-05,2026-05-11,Delivered,6
1617,1617,Ekart Logistics,Nagpur,2025-12-28,2026-01-03,Delivered Late,3
1618,1618,DTDC,Kolkata,2024-11-21,2024-11-25,Returned,4
1619,1619,Ekart Logistics,Lucknow,2026-02-06,2026-02-12,Returned,5
1620,1620,Ecom Express,Amritsar,2024-03-26,2024-03-31,Returned,6
1621,1621,Bluedart,Bhubaneswar,2026-02-16,2026-02-22,Delivered,7
1622,1622,Bluedart,Thiruvananthapuram,2026-02-19,2026-02-21,Delivered,3
1623,1623,Ekart Logistics,Patna,2025-05-19,2025-05-27,Delivered Late,7
1624,1624,Delhivery,Chandigarh,2026-04-13,2026-04-19,Delivered,7
1625,1625,Ekart Logistics,Indore,2026-02-15,2026-02-19,Delivered,4
1626,1626,Ecom Express,Jaipur,2025-11-14,2025-11-18,Delivered Late,3
1627,1627,Bluedart,Jaipur,2025-08-16,2025-08-21,Delivered,5
1628,1628,Ekart Logistics,Lucknow,2026-05-27,2026-05-30,Delivered Late,2
1629,1629,Xpressbees,Kolkata,2024-08-06,2024-08-12,Delivered Late,6
1630,1630,Ekart Logistics,Bengaluru,2025-07-28,2025-08-04,Delivered,7
1631,1631,Ekart Logistics,Ahmedabad,2025-04-25,2025-05-01,Returned,5
1632,1632,Xpressbees,Ranchi,2025-10-08,2025-10-09,Delivered,2
1633,1633,Bluedart,Chandigarh,2026-01-06,2026-01-12,Returned,6
1634,1634,Xpressbees,Kolkata,2025-11-29,2025-12-06,Delivered Late,7
1635,1635,Ecom Express,Surat,2025-06-20,2025-06-26,Delivered,7
1636,1636,Ecom Express,Vadodara,,,Not Shipped,7
1637,1637,Ecom Express,Hyderabad,2026-01-27,2026-02-02,Delivered Late,5
1638,1638,DTDC,Ahmedabad,2026-06-06,2026-06-12,Delivered,6
1639,1639,Ecom Express,Bhopal,2025-01-08,2025-01-13,Delivered Late,3
1640,1640,Delhivery,Coimbatore,2026-02-10,2026-02-15,Delivered,6
1641,1641,DTDC,Mysuru,,,Processing,7
1642,1642,Delhivery,Guwahati,2026-04-01,2026-04-05,Delivered,5
1643,1643,Xpressbees,Vadodara,2026-03-03,2026-03-10,Delivered Late,5
1644,1644,Ekart Logistics,Bengaluru,2026-01-26,2026-02-01,Delivered,6
1645,1645,Bluedart,Indore,2025-07-10,2025-07-12,Delivered Late,2
1646,1646,Bluedart,Thiruvananthapuram,2026-04-18,2026-04-20,Delivered,2
1647,1647,Bluedart,Mumbai,2026-03-14,2026-03-18,Delivered,4
1648,1648,DTDC,Thiruvananthapuram,,,Not Shipped,2
1649,1649,Ekart Logistics,Amritsar,2026-07-14,2026-07-21,Returned,7
1650,1650,DTDC,Thiruvananthapuram,2026-02-24,2026-02-27,Returned,4
1651,1651,DTDC,Kanpur,2026-01-19,2026-01-25,Delivered Late,6
1652,1652,Ekart Logistics,Mysuru,2023-11-05,2023-11-07,Delivered,2
1653,1653,Delhivery,Coimbatore,2025-11-12,2025-11-18,Delivered,7
1654,1654,Xpressbees,Chandigarh,2025-05-07,2025-05-11,Delivered,4
1655,1655,Ecom Express,Nagpur,2024-12-12,2024-12-14,Delivered,3
1656,1656,Ecom Express,Kanpur,2026-02-01,2026-02-09,Delivered Late,6
1657,1657,Xpressbees,Guwahati,2026-05-02,2026-05-09,Delivered Late,6
1658,1658,Bluedart,Pune,2024-09-09,2024-09-14,Delivered,5
1659,1659,Ekart Logistics,Vadodara,2024-06-17,2024-06-21,Delivered,4
1660,1660,Xpressbees,Bengaluru,,,Not Shipped,4
1661,1661,Bluedart,Indore,2025-10-18,2025-10-20,Returned,3
1662,1662,DTDC,Coimbatore,2026-05-04,2026-05-09,Delivered,6
1663,1663,Delhivery,Mumbai,2026-01-10,2026-01-15,Delivered,5
1664,1664,DTDC,Amritsar,2025-11-06,2025-11-11,Delivered Late,4
1665,1665,Bluedart,Nagpur,,,Not Shipped,6
1666,1666,Ekart Logistics,Thiruvananthapuram,2024-10-25,2024-10-31,Delivered,7
1667,1667,Xpressbees,Lucknow,2026-03-21,2026-03-23,Delivered,3
1668,1668,Ekart Logistics,Pune,2026-07-23,2026-07-28,Delivered,5
1669,1669,Xpressbees,Lucknow,,,Not Shipped,6
1670,1670,Ekart Logistics,Mysuru,2025-03-23,2025-03-27,Delivered,4
1671,1671,Delhivery,Bhopal,2025-04-08,2025-04-14,Delivered,7
1672,1672,DTDC,Chandigarh,2025-09-13,2025-09-15,Delivered,2
1673,1673,Xpressbees,Indore,2025-04-19,2025-04-24,Delivered Late,4
1674,1674,Xpressbees,Delhi,2025-07-30,,In Transit,3
1675,1675,Xpressbees,Thiruvananthapuram,2026-05-06,2026-05-07,Delivered,2
1676,1676,Ekart Logistics,Jaipur,2026-07-06,2026-07-10,Delivered Late,3
1677,1677,Xpressbees,Chennai,2026-04-18,2026-04-20,Delivered,2
1678,1678,Ecom Express,Surat,2025-09-15,2025-09-17,Delivered,3
1679,1679,Ecom Express,Bengaluru,2025-09-16,2025-09-18,Delivered,3
1680,1680,Ekart Logistics,Jaipur,2024-03-29,2024-04-03,Delivered,5
1681,1681,Xpressbees,Bhopal,2024-07-19,2024-07-23,Delivered,5
1682,1682,Ekart Logistics,Patna,2026-06-30,2026-07-04,Delivered,4
1683,1683,DTDC,Mysuru,2026-03-01,2026-03-03,Delivered,3
1684,1684,Delhivery,Guwahati,2025-06-13,2025-06-17,Returned,5
1685,1685,DTDC,Kochi,2026-06-18,2026-06-23,Delivered,6
1686,1686,Bluedart,Ranchi,2025-10-16,2025-10-19,Delivered Late,2
1687,1687,Xpressbees,Patna,2024-12-26,2024-12-29,Delivered Late,3
1688,1688,Bluedart,Pune,2025-01-22,2025-01-24,Delivered,3
1689,1689,Xpressbees,Chandigarh,2025-12-10,2025-12-12,Delivered,3
1690,1690,Ekart Logistics,Ahmedabad,2025-06-29,2025-07-01,Delivered,3
1691,1691,DTDC,Bengaluru,2025-08-23,,In Transit,7
1692,1692,Xpressbees,Chennai,2026-01-15,2026-01-17,Delivered,2
1693,1693,DTDC,Mumbai,2026-01-15,2026-01-22,Delivered,7
1694,1694,Delhivery,Thiruvananthapuram,2026-08-17,2026-08-21,Delivered Late,3
1695,1695,Ecom Express,Hyderabad,2026-02-09,2026-02-13,Delivered,4
1696,1696,Delhivery,Hyderabad,2025-02-24,2025-03-02,Delivered,7
1697,1697,Ekart Logistics,Delhi,2024-04-06,2024-04-12,Delivered,6
1698,1698,Delhivery,Vadodara,2025-07-05,2025-07-11,Delivered,6
1699,1699,Delhivery,Amritsar,2026-07-07,2026-07-10,Delivered,3
1700,1700,Delhivery,Kolkata,2025-09-27,2025-09-30,Delivered,3
1701,1701,Ekart Logistics,Lucknow,2026-01-10,2026-01-15,Delivered Late,3
1702,1702,Ecom Express,Mysuru,2026-01-21,2026-01-26,Delivered Late,4
1703,1703,Ecom Express,Delhi,2025-05-22,2025-05-24,Delivered,2
1704,1704,Bluedart,Guwahati,2024-10-23,2024-10-26,Delivered Late,2
1705,1705,Xpressbees,Ranchi,,,Not Shipped,4
1706,1706,Ekart Logistics,Jaipur,,,Processing,2
1707,1707,DTDC,Mysuru,2025-04-29,2025-05-04,Delivered Late,5
1708,1708,Xpressbees,Hyderabad,2026-03-31,2026-04-02,Delivered,3
1709,1709,DTDC,Indore,,,Not Shipped,4
1710,1710,Bluedart,Bhubaneswar,,,Not Shipped,7
1711,1711,Delhivery,Ranchi,2026-05-08,2026-05-14,Delivered,6
1712,1712,Bluedart,Thiruvananthapuram,,,Processing,6
1713,1713,Ekart Logistics,Guwahati,2026-02-03,2026-02-11,Delivered Late,7
1714,1714,Bluedart,Pune,2025-10-20,2025-10-22,Delivered Late,2
1715,1715,Ekart Logistics,Hyderabad,2025-08-16,2025-08-18,Delivered,2
1716,1716,Ekart Logistics,Mumbai,2026-02-14,2026-02-20,Delivered Late,5
1717,1717,Bluedart,Bhopal,2025-04-03,2025-04-09,Delivered,7
1718,1718,Ecom Express,Mysuru,2025-04-24,,In Transit,4
1719,1719,Bluedart,Nashik,2025-09-26,2025-10-03,Delivered,7
1720,1720,Bluedart,Kolkata,2025-12-20,2025-12-21,Delivered,2
1721,1721,Bluedart,Chandigarh,2026-06-07,,In Transit,6
1722,1722,Xpressbees,Pune,2026-02-06,2026-02-09,Delivered,3
1723,1723,Ecom Express,Coimbatore,2025-12-24,2025-12-31,Delivered,7
1724,1724,DTDC,Delhi,2026-08-17,2026-08-23,Delivered Late,5
1725,1725,Bluedart,Chandigarh,2025-11-01,2025-11-09,Delivered Late,7
1726,1726,Delhivery,Lucknow,2026-04-13,2026-04-19,Delivered,6
1727,1727,DTDC,Ranchi,2025-08-06,2025-08-11,Delivered Late,2
1728,1728,Bluedart,Jaipur,2026-01-27,2026-02-01,Delivered,6
1729,1729,Xpressbees,Ahmedabad,2026-04-15,2026-04-21,Delivered,7
1730,1730,Ecom Express,Hyderabad,2025-09-20,2025-09-27,Delivered Late,5
1731,1731,DTDC,Nashik,2026-04-22,2026-04-23,Delivered,2
1732,1732,DTDC,Nashik,2026-02-09,2026-02-13,Returned,5
1733,1733,DTDC,Ranchi,2026-05-21,2026-05-23,Delivered,2
1734,1734,Xpressbees,Thiruvananthapuram,2025-10-08,2025-10-10,Delivered,3
1735,1735,DTDC,Chennai,2025-04-11,2025-04-15,Delivered,5
1736,1736,DTDC,Coimbatore,2024-10-10,2024-10-17,Delivered,7
1737,1737,Ecom Express,Bhubaneswar,2024-12-04,2024-12-08,Returned,4
1738,1738,DTDC,Ahmedabad,,,Not Shipped,6
1739,1739,Ekart Logistics,Delhi,2026-08-02,2026-08-06,Delivered Late,3
1740,1740,Bluedart,Ranchi,2026-02-17,2026-02-20,Delivered Late,2
1741,1741,Delhivery,Surat,2026-02-25,2026-02-28,Delivered Late,2
1742,1742,Ekart Logistics,Vadodara,2026-04-20,2026-04-27,Delivered Late,6
1743,1743,Bluedart,Bhopal,2026-08-04,2026-08-07,Delivered Late,3
1744,1744,Xpressbees,Delhi,2026-03-19,2026-03-26,Delivered,7
1745,1745,Xpressbees,Thiruvananthapuram,2026-04-09,2026-04-13,Delivered,4
1746,1746,Delhivery,Pune,2025-10-06,2025-10-09,Delivered,3
1747,1747,Bluedart,Ahmedabad,2025-07-13,2025-07-16,Delivered,4
1748,1748,Xpressbees,Kanpur,,,Not Shipped,3
1749,1749,Delhivery,Bhopal,2026-08-19,2026-08-24,Delivered Late,5
1750,1750,Delhivery,Ranchi,2026-03-14,2026-03-18,Delivered,4
1751,1751,Delhivery,Patna,2025-11-19,2025-11-25,Delivered,6
1752,1752,Delhivery,Indore,2026-07-28,2026-08-04,Delivered Late,7
1753,1753,Ecom Express,Indore,2026-08-05,2026-08-10,Delivered,6
1754,1754,Ekart Logistics,Nashik,2025-11-08,2025-11-14,Delivered,7
1755,1755,Xpressbees,Mysuru,2025-08-27,2025-08-30,Returned,3
1756,1756,Ekart Logistics,Bhopal,2025-12-14,2025-12-21,Delivered Late,6
1757,1757,Delhivery,Ahmedabad,2025-05-25,2025-05-29,Delivered Late,3
1758,1758,Bluedart,Guwahati,2026-04-12,2026-04-17,Returned,2
1759,1759,DTDC,Kanpur,2025-11-01,2025-11-07,Delivered,7
1760,1760,Xpressbees,Mysuru,2025-08-24,2025-08-31,Delivered Late,6
1761,1761,Bluedart,Amritsar,2026-01-08,2026-01-09,Delivered,2
1762,1762,Ecom Express,Pune,2026-04-16,2026-04-21,Delivered Late,5
1763,1763,Delhivery,Kochi,2025-08-15,2025-08-19,Returned,5
1764,1764,Ecom Express,Indore,2025-09-29,2025-10-05,Delivered Late,3
1765,1765,Xpressbees,Thiruvananthapuram,2024-10-20,2024-10-28,Delivered Late,7
1766,1766,Delhivery,Pune,2024-11-04,2024-11-08,Delivered,5
1767,1767,Delhivery,Mysuru,2025-01-07,2025-01-12,Delivered,6
1768,1768,DTDC,Delhi,2025-08-08,2025-08-11,Delivered,3
1769,1769,Ecom Express,Kochi,2026-01-16,2026-01-25,Delivered Late,6
1770,1770,Bluedart,Delhi,2025-12-08,2025-12-12,Delivered,4
1771,1771,Bluedart,Chennai,2025-06-03,2025-06-05,Delivered,2
1772,1772,Xpressbees,Patna,2023-12-10,2023-12-13,Delivered,3
1773,1773,Ekart Logistics,Delhi,2024-10-30,2024-11-01,Delivered,3
1774,1774,Xpressbees,Bhopal,2025-01-24,2025-01-27,Delivered,4
1775,1775,Delhivery,Indore,2024-09-28,2024-10-05,Delivered Late,5
1776,1776,Ekart Logistics,Bhubaneswar,2026-01-18,2026-01-26,Delivered Late,7
1777,1777,Bluedart,Mumbai,2026-02-19,2026-02-21,Delivered,2
1778,1778,Delhivery,Jaipur,2026-07-13,2026-07-21,Returned,7
1779,1779,Xpressbees,Kanpur,2026-01-30,2026-02-06,Returned,7
1780,1780,Delhivery,Surat,2025-08-06,,In Transit,6
1781,1781,Ekart Logistics,Bhopal,2026-02-20,2026-02-27,Delivered Late,6
1782,1782,Ecom Express,Chandigarh,2025-02-24,2025-03-05,Delivered Late,6
1783,1783,DTDC,Chandigarh,2026-01-31,2026-02-05,Delivered Late,4
1784,1784,DTDC,Hyderabad,2025-08-28,2025-09-03,Delivered,6
1785,1785,DTDC,Coimbatore,2026-03-09,2026-03-15,Delivered Late,5
1786,1786,Delhivery,Jaipur,2024-01-06,2024-01-08,Delivered,2
1787,1787,Ekart Logistics,Bhopal,2025-10-27,2025-11-01,Delivered Late,3
1788,1788,Bluedart,Thiruvananthapuram,2026-01-12,2026-01-16,Delivered,5
1789,1789,Ekart Logistics,Ranchi,2025-06-20,2025-06-28,Delivered Late,7
1790,1790,Delhivery,Thiruvananthapuram,2026-06-06,2026-06-08,Delivered,2
1791,1791,Xpressbees,Nagpur,,,Processing,6
1792,1792,Bluedart,Bhopal,,,Not Shipped,5
1793,1793,Ekart Logistics,Ahmedabad,,,Not Shipped,6
1794,1794,DTDC,Chandigarh,2026-07-13,2026-07-18,Returned,3
1795,1795,Xpressbees,Hyderabad,2025-04-02,2025-04-04,Delivered,3
1796,1796,Ekart Logistics,Amritsar,2026-05-19,2026-05-21,Delivered,2
1797,1797,Xpressbees,Nagpur,2026-02-04,2026-02-06,Delivered,2
1798,1798,Xpressbees,Indore,2024-04-26,2024-04-30,Delivered,4
1799,1799,Delhivery,Bengaluru,2025-09-07,2025-09-11,Delivered,5
1800,1800,Ecom Express,Ranchi,2025-12-01,2025-12-08,Delivered,7
1801,1801,Xpressbees,Chandigarh,2026-02-09,2026-02-15,Delivered,7
1802,1802,Ecom Express,Ahmedabad,2025-12-01,2025-12-05,Delivered,4
1803,1803,Bluedart,Thiruvananthapuram,2024-07-13,2024-07-21,Delivered Late,5
1804,1804,Ecom Express,Guwahati,2025-03-08,2025-03-12,Delivered Late,3
1805,1805,Ekart Logistics,Patna,2025-03-16,2025-03-19,Delivered,4
1806,1806,DTDC,Chennai,2025-10-08,2025-10-16,Delivered Late,7
1807,1807,Bluedart,Kolkata,2023-12-31,2024-01-02,Delivered Late,2
1808,1808,DTDC,Nagpur,2026-07-03,2026-07-09,Delivered,6
1809,1809,Ecom Express,Jaipur,2025-11-21,2025-11-29,Delivered Late,6
1810,1810,DTDC,Chandigarh,2026-01-05,2026-01-07,Returned,2
1811,1811,Ecom Express,Indore,2025-11-10,2025-11-18,Delivered Late,7
1812,1812,Delhivery,Amritsar,2025-12-16,2025-12-19,Delivered Late,3
1813,1813,DTDC,Chennai,2026-04-04,2026-04-09,Delivered Late,5
1814,1814,Xpressbees,Indore,2024-06-27,2024-07-03,Delivered Late,4
1815,1815,Ekart Logistics,Lucknow,2025-12-25,2025-12-26,Delivered,2
1816,1816,DTDC,Kochi,2026-04-16,2026-04-22,Delivered,7
1817,1817,Ekart Logistics,Lucknow,2025-11-06,2025-11-10,Delivered Late,3
1818,1818,Xpressbees,Vadodara,2026-03-28,2026-04-03,Delivered,7
1819,1819,Xpressbees,Hyderabad,2026-06-04,2026-06-08,Delivered,5
1820,1820,Bluedart,Bhopal,,,Not Shipped,2
1821,1821,Xpressbees,Kolkata,2024-09-30,2024-10-03,Delivered,3
1822,1822,Ecom Express,Patna,2026-04-11,,In Transit,2
1823,1823,Xpressbees,Guwahati,2026-03-15,2026-03-18,Delivered,4
1824,1824,Ecom Express,Pune,2025-10-31,2025-11-03,Delivered Late,2
1825,1825,Delhivery,Lucknow,2026-04-05,2026-04-11,Delivered,7
1826,1826,Ecom Express,Mumbai,,,Not Shipped,5
1827,1827,Ecom Express,Mysuru,2025-08-26,,In Transit,4
1828,1828,Delhivery,Nashik,,,Not Shipped,2
1829,1829,Xpressbees,Coimbatore,2025-10-05,2025-10-09,Delivered,4
1830,1830,Delhivery,Chandigarh,2024-06-17,2024-06-23,Delivered,7
1831,1831,Delhivery,Chandigarh,2025-11-03,2025-11-11,Delivered Late,7
1832,1832,Ecom Express,Kolkata,2025-09-02,2025-09-11,Delivered Late,7
1833,1833,Ecom Express,Guwahati,2025-11-02,2025-11-08,Delivered Late,5
1834,1834,Xpressbees,Indore,2024-08-30,2024-09-07,Delivered Late,6
1835,1835,Bluedart,Patna,2025-04-23,,In Transit,3
1836,1836,Delhivery,Lucknow,2026-03-06,2026-03-13,Delivered Late,6
1837,1837,Ekart Logistics,Bhubaneswar,2026-05-08,2026-05-11,Delivered Late,2
1838,1838,DTDC,Guwahati,2025-02-19,2025-02-23,Delivered,4
1839,1839,Delhivery,Nashik,2025-09-24,2025-10-01,Returned,4
1840,1840,DTDC,Ahmedabad,2024-07-29,2024-08-01,Delivered,4
1841,1841,Xpressbees,Nagpur,2025-05-11,2025-05-15,Delivered,5
1842,1842,Bluedart,Kochi,2025-11-03,2025-11-07,Delivered Late,3
1843,1843,Ecom Express,Chennai,2025-12-12,2025-12-17,Delivered,6
1844,1844,Xpressbees,Coimbatore,2026-08-08,2026-08-12,Delivered Late,3
1845,1845,Ekart Logistics,Delhi,2025-06-22,2025-06-29,Delivered Late,6
1846,1846,DTDC,Mumbai,2025-12-28,2026-01-05,Delivered Late,7
1847,1847,Bluedart,Bhubaneswar,2026-03-11,2026-03-13,Delivered,3
1848,1848,Delhivery,Bengaluru,2026-03-25,2026-03-28,Delivered,3
1849,1849,DTDC,Thiruvananthapuram,,,Not Shipped,5
1850,1850,Delhivery,Coimbatore,2025-09-29,2025-10-05,Delivered Late,5
1851,1851,Bluedart,Vadodara,,,Not Shipped,2
1852,1852,Xpressbees,Amritsar,2024-06-18,2024-06-24,Delivered,7
1853,1853,Xpressbees,Patna,2026-02-25,2026-03-02,Delivered,5
1854,1854,DTDC,Nashik,2025-11-17,2025-11-23,Delivered,6
1855,1855,DTDC,Hyderabad,,,Not Shipped,2
1856,1856,Ekart Logistics,Chennai,2025-12-24,2025-12-29,Returned,5
1857,1857,Ecom Express,Jaipur,2026-01-24,2026-02-01,Delivered Late,6
1858,1858,DTDC,Vadodara,2024-12-27,2024-12-31,Delivered,5
1859,1859,DTDC,Thiruvananthapuram,2026-01-05,2026-01-13,Returned,7
1860,1860,DTDC,Chennai,2025-10-29,2025-10-31,Delivered Late,2
1861,1861,Delhivery,Mysuru,2025-10-14,,In Transit,2
1862,1862,Xpressbees,Pune,2025-09-26,2025-09-27,Delivered,2
1863,1863,Delhivery,Kanpur,2026-06-15,2026-06-19,Delivered,5
1864,1864,Ekart Logistics,Guwahati,2026-06-22,2026-06-25,Delivered,3
1865,1865,Delhivery,Kochi,2025-08-20,2025-08-23,Delivered,3
1866,1866,Bluedart,Ahmedabad,2025-09-23,,In Transit,3
1867,1867,Bluedart,Mumbai,2025-09-23,,In Transit,6
1868,1868,Bluedart,Kanpur,2026-03-04,2026-03-06,Delivered,3
1869,1869,Delhivery,Coimbatore,2026-06-12,2026-06-17,Delivered Late,5
1870,1870,Ecom Express,Ranchi,2025-04-25,2025-05-03,Delivered Late,7
1871,1871,Ekart Logistics,Kolkata,2025-07-06,2025-07-09,Delivered Late,3
1872,1872,Ecom Express,Hyderabad,2025-07-26,2025-07-29,Delivered,4
1873,1873,Ekart Logistics,Lucknow,2026-05-04,2026-05-07,Delivered Late,3
1874,1874,Bluedart,Amritsar,2026-03-15,2026-03-19,Delivered Late,3
1875,1875,Xpressbees,Coimbatore,2026-04-09,2026-04-16,Delivered,7
1876,1876,Xpressbees,Guwahati,2024-04-24,2024-04-27,Delivered,3
1877,1877,DTDC,Ahmedabad,2026-07-01,2026-07-05,Delivered Late,2
1878,1878,Delhivery,Amritsar,2024-05-28,2024-05-30,Delivered,2
1879,1879,Bluedart,Chandigarh,2026-04-12,2026-04-15,Delivered Late,3
1880,1880,Bluedart,Coimbatore,2026-06-17,2026-06-26,Delivered Late,7
1881,1881,DTDC,Mumbai,2024-12-30,2025-01-06,Delivered Late,6
1882,1882,DTDC,Thiruvananthapuram,2025-12-02,2025-12-06,Delivered,5
1883,1883,Bluedart,Nagpur,2026-01-03,,In Transit,6
1884,1884,Xpressbees,Guwahati,2025-07-23,2025-07-26,Delivered Late,2
1885,1885,Ecom Express,Kochi,2025-11-08,2025-11-15,Delivered Late,4
1886,1886,Delhivery,Amritsar,2025-08-05,2025-08-11,Delivered,7
1887,1887,Xpressbees,Kolkata,2024-09-05,2024-09-10,Returned,6
1888,1888,Ekart Logistics,Vadodara,,,Processing,2
1889,1889,Delhivery,Lucknow,2024-08-07,2024-08-11,Delivered,4
1890,1890,Xpressbees,Bengaluru,2024-11-19,,In Transit,4
1891,1891,Bluedart,Indore,2026-03-19,2026-03-26,Delivered,7
1892,1892,Ekart Logistics,Pune,2026-01-11,,In Transit,4
1893,1893,Bluedart,Bhopal,2025-10-01,2025-10-03,Delivered,2
1894,1894,Bluedart,Mumbai,2026-04-19,2026-04-21,Delivered,3
1895,1895,Xpressbees,Bhopal,2025-02-01,2025-02-05,Delivered,4
1896,1896,Ekart Logistics,Vadodara,2024-10-10,2024-10-11,Delivered,2
1897,1897,Ekart Logistics,Amritsar,2025-06-27,2025-06-28,Delivered,2
1898,1898,Xpressbees,Ranchi,,,Not Shipped,7
1899,1899,Xpressbees,Kanpur,2026-06-11,2026-06-14,Delivered,4
1900,1900,Ecom Express,Vadodara,2025-08-17,2025-08-22,Delivered,6
1901,1901,Delhivery,Mumbai,2026-01-07,2026-01-16,Delivered Late,6
1902,1902,DTDC,Amritsar,2025-06-24,2025-07-01,Delivered Late,5
1903,1903,Xpressbees,Pune,2026-04-14,2026-04-20,Returned,6
1904,1904,Bluedart,Amritsar,,,Not Shipped,3
1905,1905,Xpressbees,Mumbai,2024-03-06,2024-03-10,Returned,4
1906,1906,Xpressbees,Guwahati,2026-08-13,2026-08-14,Delivered,2
1907,1907,Ecom Express,Kochi,2025-04-06,2025-04-10,Delivered Late,3
1908,1908,Delhivery,Nagpur,2026-02-28,2026-03-04,Delivered Late,3
1909,1909,DTDC,Chennai,2025-12-29,2026-01-01,Delivered Late,3
1910,1910,Xpressbees,Chennai,2026-06-20,,In Transit,4
1911,1911,DTDC,Ranchi,2025-09-30,2025-10-06,Delivered,7
1912,1912,DTDC,Mysuru,2026-02-07,2026-02-11,Delivered,4
1913,1913,Xpressbees,Mumbai,2026-02-03,2026-02-09,Returned,6
1914,1914,Ecom Express,Guwahati,,,Not Shipped,6
1915,1915,Ecom Express,Patna,2025-11-30,2025-12-02,Delivered,3
1916,1916,Delhivery,Vadodara,2025-07-13,2025-07-15,Delivered,2
1917,1917,Bluedart,Jaipur,2026-04-30,2026-05-07,Delivered Late,5
1918,1918,Bluedart,Amritsar,2024-12-20,2024-12-26,Delivered,6
1919,1919,Xpressbees,Nagpur,2026-05-24,2026-05-26,Delivered,3
1920,1920,Delhivery,Lucknow,,,Not Shipped,4
1921,1921,Ekart Logistics,Kolkata,2023-12-07,2023-12-11,Delivered,4
1922,1922,Ecom Express,Bhopal,2025-10-28,2025-11-02,Delivered Late,3
1923,1923,Delhivery,Kanpur,2025-09-16,2025-09-21,Delivered,6
1924,1924,DTDC,Kanpur,2024-09-24,2024-09-28,Delivered,5
1925,1925,Delhivery,Kochi,2025-05-24,2025-05-29,Delivered Late,4
1926,1926,Ecom Express,Chandigarh,2026-07-12,2026-07-18,Delivered Late,6
1927,1927,Ekart Logistics,Kolkata,,,Not Shipped,5
1928,1928,Delhivery,Chandigarh,2024-08-17,2024-08-24,Delivered,7
1929,1929,Ekart Logistics,Lucknow,2024-10-19,2024-10-22,Delivered Late,3
1930,1930,DTDC,Bhopal,,,Not Shipped,7
1931,1931,Delhivery,Chennai,2026-03-01,2026-03-08,Delivered,7
1932,1932,Ekart Logistics,Kochi,2025-11-04,2025-11-06,Delivered,3
1933,1933,Ekart Logistics,Chennai,,,Processing,3
1934,1934,Ecom Express,Mysuru,2026-08-18,2026-08-23,Delivered,5
1935,1935,Ekart Logistics,Amritsar,2024-07-11,2024-07-13,Delivered,3
1936,1936,Ekart Logistics,Ahmedabad,2024-06-17,2024-06-23,Delivered,6
1937,1937,DTDC,Surat,,,Not Shipped,6
1938,1938,Ecom Express,Kanpur,,,Processing,7
1939,1939,Xpressbees,Surat,2023-11-25,2023-11-28,Delivered Late,3
1940,1940,Xpressbees,Ranchi,2025-09-22,2025-09-26,Delivered,4
1941,1941,Xpressbees,Nashik,2025-10-22,2025-10-26,Delivered,4
1942,1942,Delhivery,Chandigarh,2026-07-22,2026-07-26,Delivered,4
1943,1943,Delhivery,Ranchi,2024-11-09,2024-11-15,Delivered Late,5
1944,1944,DTDC,Bhubaneswar,2025-01-24,2025-01-29,Delivered,6
1945,1945,DTDC,Mumbai,2025-05-27,2025-05-29,Returned,2
1946,1946,Delhivery,Ranchi,2024-05-25,,In Transit,2
1947,1947,Bluedart,Mysuru,2026-03-14,2026-03-18,Delivered Late,2
1948,1948,Ecom Express,Bengaluru,,,Not Shipped,4
1949,1949,Ecom Express,Bengaluru,2025-12-18,2025-12-19,Delivered,2
1950,1950,Bluedart,Surat,,,Not Shipped,5
1951,1951,Delhivery,Lucknow,2025-09-24,2025-09-29,Delivered Late,4
1952,1952,DTDC,Nashik,,,Not Shipped,3
1953,1953,Ecom Express,Guwahati,2025-08-24,2025-08-30,Delivered,6
1954,1954,Delhivery,Bhopal,2026-03-27,2026-03-31,Delivered,4
1955,1955,Bluedart,Kanpur,2026-03-16,2026-03-21,Delivered Late,3
1956,1956,DTDC,Thiruvananthapuram,2024-02-24,2024-03-01,Delivered,6
1957,1957,Xpressbees,Kolkata,2025-12-25,2025-12-30,Delivered,5
1958,1958,Delhivery,Kolkata,2025-11-12,2025-11-14,Delivered,2
1959,1959,Ekart Logistics,Surat,2026-05-29,2026-06-01,Delivered,4
1960,1960,Ecom Express,Chennai,2026-03-05,2026-03-13,Delivered Late,5
1961,1961,Delhivery,Hyderabad,2025-05-28,2025-06-01,Delivered,5
1962,1962,Ecom Express,Bengaluru,2025-01-05,2025-01-10,Delivered,6
1963,1963,Bluedart,Ahmedabad,2026-08-14,2026-08-19,Delivered Late,5
1964,1964,Delhivery,Kolkata,2026-02-16,2026-02-20,Delivered,5
1965,1965,Delhivery,Bengaluru,2025-08-10,2025-08-19,Returned,7
1966,1966,DTDC,Bengaluru,2024-02-18,2024-02-22,Delivered,4
1967,1967,Bluedart,Nashik,2026-04-08,2026-04-17,Delivered Late,7
1968,1968,Delhivery,Ahmedabad,2026-08-17,2026-08-19,Delivered,2
1969,1969,Xpressbees,Mumbai,2024-09-24,2024-10-03,Delivered Late,7
1970,1970,Bluedart,Thiruvananthapuram,2025-03-22,2025-03-24,Delivered,3
1971,1971,DTDC,Nashik,2025-10-29,2025-11-04,Delivered,7
1972,1972,Ecom Express,Mysuru,2025-05-16,2025-05-20,Delivered,5
1973,1973,DTDC,Chandigarh,2025-06-07,2025-06-16,Delivered Late,7
1974,1974,Ekart Logistics,Bengaluru,2026-03-19,2026-03-25,Delivered,7
1975,1975,Delhivery,Mysuru,2024-08-12,2024-08-15,Delivered,4
1976,1976,Bluedart,Mumbai,2025-01-19,2025-01-23,Delivered,4
1977,1977,Ecom Express,Bhubaneswar,,,Processing,3
1978,1978,Bluedart,Coimbatore,2025-11-11,2025-11-17,Delivered,6
1979,1979,Xpressbees,Lucknow,2025-02-20,2025-02-22,Delivered,2
1980,1980,Ecom Express,Surat,,,Not Shipped,2
1981,1981,Xpressbees,Coimbatore,2024-12-18,2024-12-19,Delivered,2
1982,1982,Ecom Express,Nagpur,2026-05-05,2026-05-06,Delivered,2
1983,1983,Ecom Express,Delhi,,,Not Shipped,4
1984,1984,Ecom Express,Jaipur,2026-02-10,,In Transit,3
1985,1985,Xpressbees,Hyderabad,2025-11-24,2025-12-01,Delivered,7
1986,1986,Ekart Logistics,Ahmedabad,2026-05-26,2026-05-31,Delivered Late,4
1987,1987,DTDC,Mysuru,,,Processing,5
1988,1988,Delhivery,Patna,2026-02-10,2026-02-15,Delivered Late,5
1989,1989,DTDC,Lucknow,2024-08-11,2024-08-15,Delivered Late,2
1990,1990,Bluedart,Lucknow,2025-12-25,2025-12-27,Delivered,3
1991,1991,Bluedart,Vadodara,2026-02-01,2026-02-06,Delivered,5
1992,1992,Bluedart,Vadodara,2025-04-11,2025-04-16,Delivered Late,5
1993,1993,Bluedart,Vadodara,2025-02-05,2025-02-08,Delivered Late,2
1994,1994,DTDC,Guwahati,2026-01-24,2026-01-27,Delivered,4
1995,1995,Delhivery,Kochi,,,Not Shipped,6
1996,1996,Bluedart,Mysuru,2026-03-20,2026-03-28,Delivered Late,5
1997,1997,Ekart Logistics,Bhubaneswar,2025-09-29,2025-10-03,Delivered,4
1998,1998,Delhivery,Lucknow,,,Processing,4
1999,1999,DTDC,Coimbatore,2024-06-18,2024-06-22,Delivered,4
2000,2000,Bluedart,Indore,2025-12-26,2026-01-01,Delivered,6
2001,2001,Ecom Express,Chandigarh,2025-10-15,2025-10-17,Delivered,2
2002,2002,DTDC,Bhopal,2026-03-14,2026-03-18,Delivered,4
2003,2003,Delhivery,Ranchi,2024-11-13,2024-11-20,Delivered,7
2004,2004,Delhivery,Bengaluru,2024-03-28,2024-04-03,Delivered,6
2005,2005,DTDC,Nagpur,2026-07-18,2026-07-23,Delivered,6
2006,2006,Ecom Express,Coimbatore,2026-06-05,2026-06-11,Returned,5
2007,2007,Delhivery,Delhi,2025-05-09,2025-05-16,Delivered Late,7
2008,2008,Ekart Logistics,Nagpur,2026-06-16,2026-06-23,Delivered Late,6
2009,2009,Ekart Logistics,Thiruvananthapuram,2026-07-06,2026-07-11,Delivered Late,4
2010,2010,Xpressbees,Vadodara,2025-10-28,2025-11-02,Delivered,5
2011,2011,Delhivery,Patna,2025-05-12,2025-05-17,Delivered,6
2012,2012,Xpressbees,Nagpur,2026-02-27,2026-03-02,Delivered,3
2013,2013,Bluedart,Mumbai,2026-06-26,2026-07-03,Delivered Late,6
2014,2014,Bluedart,Hyderabad,2025-08-09,2025-08-16,Returned,7
2015,2015,Bluedart,Amritsar,2025-10-06,2025-10-11,Delivered Late,3
2016,2016,Xpressbees,Bhubaneswar,2025-07-21,2025-07-27,Delivered,7
2017,2017,Bluedart,Ahmedabad,2026-04-06,2026-04-13,Delivered,7
2018,2018,Bluedart,Bhubaneswar,,,Processing,6
2019,2019,DTDC,Thiruvananthapuram,,,Not Shipped,3
2020,2020,Delhivery,Thiruvananthapuram,,,Not Shipped,5
2021,2021,Xpressbees,Bengaluru,2025-09-28,2025-09-30,Delivered,2
2022,2022,Ekart Logistics,Nashik,,,Not Shipped,3
2023,2023,DTDC,Bengaluru,2025-11-30,2025-12-07,Delivered Late,6
2024,2024,Delhivery,Kolkata,2026-06-21,,In Transit,3
2025,2025,Ecom Express,Ahmedabad,,,Not Shipped,4
2026,2026,Ekart Logistics,Delhi,,,Processing,5
2027,2027,Ecom Express,Mysuru,,,Not Shipped,6
2028,2028,Ekart Logistics,Bhubaneswar,2026-01-08,2026-01-10,Delivered Late,2
2029,2029,Xpressbees,Kolkata,2025-10-31,2025-11-01,Delivered,2
2030,2030,Bluedart,Thiruvananthapuram,2026-01-01,2026-01-06,Delivered Late,3
2031,2031,Bluedart,Kanpur,2025-01-17,2025-01-24,Delivered Late,6
2032,2032,Delhivery,Thiruvananthapuram,,,Not Shipped,2
2033,2033,Delhivery,Delhi,2025-11-19,2025-11-21,Delivered,2
2034,2034,Ekart Logistics,Chandigarh,2024-06-16,2024-06-20,Delivered Late,4
2035,2035,Ekart Logistics,Kanpur,2025-07-26,2025-07-31,Delivered,5
2036,2036,Ekart Logistics,Amritsar,2025-03-26,2025-03-30,Returned,5
2037,2037,Bluedart,Kanpur,2025-07-28,2025-08-03,Delivered Late,6
2038,2038,Bluedart,Nagpur,2025-08-07,2025-08-13,Returned,7
2039,2039,Delhivery,Surat,2024-09-17,2024-09-22,Delivered Late,3
2040,2040,Delhivery,Bhubaneswar,2026-01-31,2026-02-05,Delivered,6
2041,2041,Ekart Logistics,Vadodara,2025-06-04,2025-06-08,Delivered Late,3
2042,2042,Bluedart,Ahmedabad,2024-09-06,2024-09-07,Delivered,2
2043,2043,Ekart Logistics,Bengaluru,2026-04-01,2026-04-06,Delivered,5
2044,2044,Bluedart,Jaipur,,,Processing,6
2045,2045,DTDC,Mumbai,2025-05-14,2025-05-17,Delivered,3
2046,2046,DTDC,Amritsar,2026-02-08,2026-02-10,Delivered,3
2047,2047,Bluedart,Kanpur,2026-01-22,2026-01-30,Delivered Late,7
2048,2048,Xpressbees,Bhubaneswar,2024-10-27,2024-11-03,Delivered Late,5
2049,2049,Bluedart,Kolkata,2024-08-23,,In Transit,6
2050,2050,Xpressbees,Kolkata,2026-05-20,,In Transit,7
2051,2051,DTDC,Thiruvananthapuram,2025-05-30,2025-06-04,Returned,4
2052,2052,Xpressbees,Coimbatore,2025-12-22,2025-12-23,Delivered,2
2053,2053,Delhivery,Kochi,2026-02-04,2026-02-09,Delivered Late,4
2054,2054,Ekart Logistics,Patna,2026-01-26,2026-02-01,Delivered Late,5
2055,2055,Delhivery,Ahmedabad,2026-05-09,2026-05-16,Delivered,7
2056,2056,Ecom Express,Lucknow,2026-04-10,2026-04-16,Delivered,7
2057,2057,Ecom Express,Lucknow,2025-11-28,2025-12-04,Delivered Late,4
2058,2058,Delhivery,Coimbatore,2026-03-25,2026-03-31,Delivered,7
2059,2059,DTDC,Chennai,2025-09-04,2025-09-08,Delivered,5
2060,2060,Delhivery,Mumbai,2025-12-12,2025-12-16,Delivered,4
2061,2061,DTDC,Bengaluru,2026-01-15,2026-01-22,Delivered Late,6
2062,2062,Ecom Express,Patna,2026-06-24,2026-06-26,Delivered,2
2063,2063,Ecom Express,Kolkata,2025-07-27,2025-07-28,Delivered,2
2064,2064,Xpressbees,Coimbatore,2025-09-01,2025-09-07,Delivered,7
2065,2065,Xpressbees,Nagpur,2025-03-08,,In Transit,3
2066,2066,Bluedart,Delhi,2026-02-22,2026-03-01,Delivered Late,7
2067,2067,Xpressbees,Bengaluru,2026-06-26,2026-06-28,Delivered,2
2068,2068,DTDC,Mysuru,2025-08-02,2025-08-05,Returned,3
2069,2069,Xpressbees,Coimbatore,2025-07-06,2025-07-12,Delivered Late,6
2070,2070,Bluedart,Mysuru,2025-09-21,,In Transit,7
2071,2071,Delhivery,Surat,2025-09-26,2025-09-29,Delivered,4
2072,2072,Bluedart,Thiruvananthapuram,2025-02-03,2025-02-07,Delivered,5
2073,2073,Xpressbees,Indore,2025-02-02,2025-02-07,Delivered Late,5
2074,2074,DTDC,Kochi,2024-12-05,2024-12-08,Delivered Late,2
2075,2075,Ekart Logistics,Vadodara,2026-02-24,2026-03-02,Delivered Late,4
2076,2076,Bluedart,Bengaluru,2024-08-11,2024-08-17,Delivered,7
2077,2077,Bluedart,Mumbai,2024-09-26,2024-09-30,Delivered,4
2078,2078,Ekart Logistics,Surat,2026-06-12,2026-06-15,Delivered,3
2079,2079,DTDC,Ranchi,2025-05-14,2025-05-20,Delivered Late,4
2080,2080,Delhivery,Chennai,2025-10-27,2025-10-31,Delivered,5
2081,2081,Delhivery,Guwahati,2025-06-27,2025-07-01,Delivered,4
2082,2082,Xpressbees,Chennai,2025-08-05,2025-08-10,Delivered,5
2083,2083,Bluedart,Nashik,2026-03-15,2026-03-19,Delivered,4
2084,2084,Xpressbees,Hyderabad,2024-10-01,,In Transit,2
2085,2085,DTDC,Kanpur,2026-02-14,,In Transit,5
2086,2086,Ekart Logistics,Ahmedabad,2026-08-18,2026-08-22,Delivered Late,3
2087,2087,Ecom Express,Bengaluru,,,Not Shipped,4
2088,2088,Delhivery,Surat,2025-11-09,2025-11-11,Delivered,2
2089,2089,Xpressbees,Surat,2025-12-26,2025-12-28,Delivered,2
2090,2090,Ecom Express,Kanpur,2025-01-07,2025-01-10,Delivered,4
2091,2091,Bluedart,Chennai,2024-12-29,,In Transit,3
2092,2092,Ekart Logistics,Hyderabad,2025-06-09,2025-06-14,Delivered,5
2093,2093,Bluedart,Kochi,,,Not Shipped,4
2094,2094,DTDC,Nashik,2025-02-23,2025-02-24,Delivered,2
2095,2095,DTDC,Kanpur,2026-04-11,2026-04-16,Delivered,6
2096,2096,Ekart Logistics,Kolkata,2026-04-13,2026-04-16,Delivered,4
2097,2097,Bluedart,Mumbai,2026-04-10,2026-04-17,Delivered,7
2098,2098,Ecom Express,Surat,2025-09-17,2025-09-20,Delivered,3
2099,2099,Ekart Logistics,Bhubaneswar,2024-11-08,2024-11-17,Delivered Late,7
2100,2100,DTDC,Nagpur,2025-05-17,2025-05-23,Delivered Late,5
2101,2101,Ecom Express,Amritsar,2026-03-09,2026-03-11,Returned,2
2102,2102,Ekart Logistics,Kanpur,2024-05-14,2024-05-17,Delivered,4
2103,2103,Xpressbees,Vadodara,2025-09-18,2025-09-25,Returned,6
2104,2104,Bluedart,Mumbai,2026-03-19,2026-03-26,Delivered Late,7
2105,2105,Xpressbees,Surat,2025-12-06,2025-12-08,Delivered,2
2106,2106,Ecom Express,Lucknow,2026-01-21,2026-01-27,Delivered,6
2107,2107,Bluedart,Hyderabad,2024-03-29,2024-04-03,Delivered Late,5
2108,2108,DTDC,Ahmedabad,2025-07-06,2025-07-13,Returned,7
2109,2109,Ecom Express,Mumbai,2026-06-06,2026-06-08,Delivered,2
2110,2110,Xpressbees,Vadodara,2025-11-25,,In Transit,3
2111,2111,Xpressbees,Hyderabad,2026-01-22,2026-01-26,Delivered,4
2112,2112,Ecom Express,Bengaluru,2025-09-21,2025-09-26,Delivered,5
2113,2113,DTDC,Nashik,2025-06-11,2025-06-17,Delivered,7
2114,2114,Delhivery,Bhopal,2025-07-08,2025-07-15,Returned,7
2115,2115,Xpressbees,Pune,,,Not Shipped,7
2116,2116,DTDC,Thiruvananthapuram,2025-12-21,2025-12-22,Delivered,2
2117,2117,Xpressbees,Thiruvananthapuram,2026-01-30,2026-02-07,Delivered Late,5
2118,2118,Ecom Express,Thiruvananthapuram,2025-09-27,2025-10-01,Returned,5
2119,2119,Ecom Express,Amritsar,2026-07-16,2026-07-22,Delivered Late,3
2120,2120,Ekart Logistics,Amritsar,2026-08-18,2026-08-24,Delivered,7
2121,2121,Bluedart,Pune,2026-02-03,2026-02-05,Delivered Late,2
2122,2122,Bluedart,Indore,2025-09-08,2025-09-12,Delivered Late,2
2123,2123,Bluedart,Amritsar,2025-07-29,2025-08-01,Delivered Late,3
2124,2124,Bluedart,Patna,2025-09-18,2025-09-24,Delivered,7
2125,2125,DTDC,Ranchi,2025-05-31,2025-06-03,Delivered,4
2126,2126,Xpressbees,Mumbai,2025-10-23,2025-10-25,Delivered,3
2127,2127,Ekart Logistics,Chandigarh,2025-12-02,2025-12-08,Delivered Late,4
2128,2128,Ecom Express,Lucknow,2025-10-18,2025-10-19,Delivered,2
2129,2129,Delhivery,Surat,2026-01-16,2026-01-20,Delivered,4
2130,2130,DTDC,Kochi,2026-05-13,2026-05-15,Delivered,2
2131,2131,DTDC,Amritsar,2026-05-05,2026-05-11,Delivered,6
2132,2132,Xpressbees,Mysuru,,,Processing,4
2133,2133,Ekart Logistics,Nagpur,2025-09-05,2025-09-10,Delivered,6
2134,2134,Ekart Logistics,Ranchi,2026-01-30,2026-02-01,Delivered,3
2135,2135,Xpressbees,Ranchi,2025-06-08,2025-06-11,Delivered Late,3
2136,2136,Delhivery,Bhubaneswar,,,Not Shipped,3
2137,2137,Xpressbees,Vadodara,2025-02-05,,In Transit,7
2138,2138,Delhivery,Kanpur,2026-06-25,,In Transit,5
2139,2139,Xpressbees,Mumbai,2026-07-27,2026-07-28,Delivered,2
2140,2140,Xpressbees,Ranchi,,,Not Shipped,5
2141,2141,Xpressbees,Surat,,,Not Shipped,2
2142,2142,Delhivery,Amritsar,2025-03-19,2025-03-28,Delivered Late,6
2143,2143,Bluedart,Vadodara,2026-02-25,2026-02-26,Delivered,2
2144,2144,Ekart Logistics,Pune,2024-10-22,2024-10-28,Delivered Late,6
2145,2145,DTDC,Pune,2025-10-28,2025-11-02,Delivered Late,3
2146,2146,Xpressbees,Bhopal,2026-02-04,2026-02-10,Delivered,6
2147,2147,Xpressbees,Guwahati,2026-07-26,2026-08-01,Delivered,6
2148,2148,Xpressbees,Thiruvananthapuram,2025-02-18,2025-02-22,Delivered,5
2149,2149,Ecom Express,Kanpur,2024-10-12,2024-10-14,Delivered,2
2150,2150,Xpressbees,Lucknow,2024-09-19,2024-09-25,Returned,7
2151,2151,Ecom Express,Chandigarh,2026-01-03,2026-01-08,Delivered,5
2152,2152,Xpressbees,Mysuru,,,Not Shipped,7
2153,2153,DTDC,Ahmedabad,2025-08-25,2025-09-02,Delivered Late,7
2154,2154,Ecom Express,Kanpur,2025-10-31,,In Transit,3
2155,2155,Delhivery,Guwahati,2025-01-15,2025-01-20,Delivered,6
2156,2156,Ekart Logistics,Vadodara,2026-01-10,2026-01-15,Delivered,6
2157,2157,Ecom Express,Vadodara,2024-08-18,,In Transit,7
2158,2158,Ecom Express,Mumbai,2026-05-30,2026-06-08,Delivered Late,7
2159,2159,Xpressbees,Pune,2025-04-26,2025-04-28,Delivered,3
2160,2160,DTDC,Bhopal,2024-10-04,2024-10-06,Delivered,3
2161,2161,Ecom Express,Chandigarh,2025-06-29,2025-07-05,Delivered Late,5
2162,2162,Delhivery,Delhi,2026-03-25,2026-03-31,Delivered,7
2163,2163,Xpressbees,Pune,2025-01-20,2025-01-27,Delivered Late,6
2164,2164,Ekart Logistics,Ranchi,2026-06-21,2026-06-29,Delivered Late,5
2165,2165,Bluedart,Pune,2026-04-08,2026-04-13,Delivered,5
2166,2166,Ecom Express,Jaipur,2025-07-14,2025-07-22,Delivered Late,7
2167,2167,Delhivery,Chandigarh,2025-08-07,2025-08-09,Delivered,2
2168,2168,Ekart Logistics,Amritsar,2026-02-11,2026-02-14,Delivered Late,2
2169,2169,Bluedart,Chandigarh,2025-02-26,2025-03-03,Returned,5
2170,2170,DTDC,Kanpur,,,Not Shipped,6
2171,2171,Ekart Logistics,Pune,2026-06-22,2026-06-28,Delivered Late,5
2172,2172,Ecom Express,Bhopal,2024-04-18,2024-04-24,Delivered,6
2173,2173,Delhivery,Nashik,2025-11-30,2025-12-08,Delivered Late,5
2174,2174,DTDC,Chandigarh,2026-01-15,,In Transit,4
2175,2175,Ekart Logistics,Kochi,2026-03-22,2026-03-26,Delivered,4
2176,2176,Ecom Express,Ranchi,2026-02-28,2026-03-05,Delivered Late,4
2177,2177,DTDC,Kanpur,2025-07-25,2025-07-30,Returned,6
2178,2178,Delhivery,Chandigarh,2026-01-22,,In Transit,4
2179,2179,Delhivery,Ranchi,2025-08-24,2025-08-28,Delivered Late,2
2180,2180,Ecom Express,Guwahati,2024-02-09,2024-02-15,Delivered,7
2181,2181,Xpressbees,Bhopal,2025-03-17,2025-03-22,Delivered,5
2182,2182,Delhivery,Kochi,2025-09-17,2025-09-23,Delivered,7
2183,2183,Bluedart,Vadodara,2024-12-22,2024-12-24,Delivered,2
2184,2184,Delhivery,Pune,,,Not Shipped,5
2185,2185,Xpressbees,Ahmedabad,2026-05-07,2026-05-08,Delivered,2
2186,2186,Delhivery,Indore,2026-03-12,2026-03-19,Delivered,7
2187,2187,Delhivery,Coimbatore,2026-04-19,2026-04-24,Returned,5
2188,2188,Bluedart,Chennai,2026-04-08,2026-04-14,Delivered Late,4
2189,2189,DTDC,Coimbatore,2025-09-26,2025-10-02,Delivered,6
2190,2190,Ekart Logistics,Mumbai,2025-04-03,2025-04-06,Delivered,3
2191,2191,Delhivery,Patna,2025-05-28,2025-05-30,Delivered,3
2192,2192,Xpressbees,Nagpur,2026-06-27,2026-06-28,Delivered,2
2193,2193,Ekart Logistics,Thiruvananthapuram,,,Not Shipped,4
2194,2194,DTDC,Chandigarh,2025-08-21,2025-08-26,Delivered Late,5
2195,2195,Xpressbees,Surat,2025-11-16,2025-11-23,Delivered Late,5
2196,2196,Xpressbees,Delhi,2026-03-13,2026-03-15,Delivered,2
2197,2197,Bluedart,Kolkata,2026-08-18,2026-08-23,Delivered Late,3
2198,2198,Ecom Express,Bhopal,2024-08-19,2024-08-25,Delivered,7
2199,2199,DTDC,Coimbatore,2025-06-29,2025-07-05,Delivered Late,4
2200,2200,Ecom Express,Nagpur,2025-11-19,2025-11-23,Delivered Late,2
2201,2201,Delhivery,Patna,2026-04-13,2026-04-15,Delivered,3
2202,2202,Xpressbees,Delhi,2025-06-14,2025-06-16,Delivered,2
2203,2203,DTDC,Bengaluru,2026-06-27,2026-06-30,Delivered Late,3
2204,2204,Bluedart,Vadodara,,,Not Shipped,2
2205,2205,Xpressbees,Amritsar,2025-06-01,2025-06-07,Delivered,6
2206,2206,DTDC,Nagpur,2025-02-16,2025-02-22,Returned,4
2207,2207,Ekart Logistics,Delhi,2025-03-24,2025-03-27,Delivered Late,2
2208,2208,Xpressbees,Ahmedabad,2025-12-10,2025-12-15,Delivered,6
2209,2209,Delhivery,Patna,2026-06-05,2026-06-09,Returned,5
2210,2210,DTDC,Kanpur,,,Processing,4
2211,2211,DTDC,Bhopal,2025-08-14,2025-08-18,Delivered,4
2212,2212,Xpressbees,Delhi,,,Not Shipped,6
2213,2213,Bluedart,Coimbatore,2026-01-22,2026-01-26,Delivered,4
2214,2214,Xpressbees,Nagpur,2025-09-15,2025-09-21,Delivered,7
2215,2215,Ekart Logistics,Amritsar,2025-04-05,2025-04-09,Delivered,4
2216,2216,Ecom Express,Guwahati,2025-05-26,2025-06-01,Delivered,7
2217,2217,Delhivery,Kochi,2026-05-13,2026-05-16,Delivered Late,3
2218,2218,Xpressbees,Nashik,,,Not Shipped,2
2219,2219,Ekart Logistics,Patna,2026-07-15,2026-07-22,Returned,5
2220,2220,DTDC,Delhi,2025-09-08,2025-09-13,Delivered,6
2221,2221,Bluedart,Mumbai,2026-01-25,2026-01-30,Delivered,5
2222,2222,Ekart Logistics,Jaipur,2025-08-18,2025-08-23,Delivered,5
2223,2223,Xpressbees,Vadodara,2025-10-09,2025-10-16,Delivered,7
2224,2224,DTDC,Mysuru,2025-05-21,2025-05-23,Delivered Late,2
2225,2225,Xpressbees,Nashik,2026-06-18,2026-06-20,Delivered,3
2226,2226,Ekart Logistics,Bhopal,2026-05-10,2026-05-18,Returned,7
2227,2227,Xpressbees,Guwahati,2026-08-19,2026-08-27,Delivered Late,6
2228,2228,Bluedart,Vadodara,2026-06-21,2026-06-24,Delivered,3
2229,2229,Ekart Logistics,Hyderabad,2025-10-03,2025-10-06,Delivered Late,3
2230,2230,Delhivery,Nashik,2026-01-03,2026-01-08,Delivered Late,4
2231,2231,DTDC,Nagpur,,,Not Shipped,2
2232,2232,Ekart Logistics,Patna,2025-09-19,,In Transit,2
2233,2233,DTDC,Lucknow,2025-10-24,2025-10-30,Delivered Late,3
2234,2234,DTDC,Pune,2025-09-17,2025-09-24,Delivered,7
2235,2235,Delhivery,Bhopal,2026-03-23,2026-03-27,Delivered,5
2236,2236,Ecom Express,Indore,2025-08-05,2025-08-08,Delivered,3
2237,2237,DTDC,Ahmedabad,2026-02-27,2026-02-28,Delivered,2
2238,2238,Delhivery,Nashik,2025-02-27,2025-03-06,Delivered,7
2239,2239,Bluedart,Chennai,2025-11-13,2025-11-18,Delivered,6
2240,2240,Delhivery,Indore,2025-07-14,2025-07-19,Delivered Late,5
2241,2241,Ekart Logistics,Kolkata,2025-06-25,2025-06-28,Delivered Late,2
2242,2242,Ekart Logistics,Ranchi,2024-09-25,2024-10-01,Delivered,6
2243,2243,Ekart Logistics,Jaipur,2024-05-12,2024-05-16,Delivered,5
2244,2244,DTDC,Jaipur,2025-02-19,2025-02-25,Delivered,6
2245,2245,Xpressbees,Patna,2026-02-10,2026-02-13,Delivered,4
2246,2246,Ekart Logistics,Nagpur,2026-05-23,2026-05-27,Delivered,4
2247,2247,DTDC,Bengaluru,2026-04-22,2026-04-29,Delivered,7
2248,2248,Bluedart,Lucknow,,,Processing,2
2249,2249,DTDC,Indore,2025-09-11,,In Transit,3
2250,2250,Ekart Logistics,Bhubaneswar,2026-03-15,2026-03-19,Delivered,5
2251,2251,Bluedart,Chennai,2024-02-27,2024-03-02,Delivered,4
2252,2252,Bluedart,Kochi,2025-09-01,2025-09-05,Delivered,5
2253,2253,DTDC,Chennai,2025-06-27,2025-07-01,Delivered,4
2254,2254,Delhivery,Ranchi,2025-10-11,2025-10-14,Delivered,4
2255,2255,Delhivery,Lucknow,,,Not Shipped,4
2256,2256,Ecom Express,Bengaluru,2025-03-03,2025-03-06,Delivered,3
2257,2257,Ecom Express,Surat,2025-07-15,2025-07-20,Delivered Late,4
2258,2258,Ekart Logistics,Chandigarh,2026-03-28,2026-04-01,Delivered,4
2259,2259,Delhivery,Ranchi,,,Processing,5
2260,2260,Delhivery,Hyderabad,2024-01-12,2024-01-14,Delivered,2
2261,2261,Xpressbees,Patna,2025-10-13,2025-10-15,Delivered,3
2262,2262,DTDC,Nagpur,2025-12-15,2025-12-21,Delivered Late,6
2263,2263,Ekart Logistics,Surat,2024-08-19,2024-08-27,Delivered Late,7
2264,2264,DTDC,Nashik,2026-03-06,2026-03-07,Delivered,2
2265,2265,Delhivery,Mumbai,2025-06-13,2025-06-18,Delivered,5
2266,2266,Xpressbees,Chennai,2024-10-05,2024-10-10,Delivered,6
2267,2267,Delhivery,Coimbatore,2024-06-21,2024-06-25,Delivered,5
2268,2268,Ekart Logistics,Bengaluru,2026-04-13,2026-04-19,Delivered Late,6
2269,2269,Ekart Logistics,Nagpur,2025-03-28,2025-03-29,Delivered,2
2270,2270,Ekart Logistics,Kolkata,,,Not Shipped,4
2271,2271,Ecom Express,Chennai,2026-07-01,2026-07-04,Returned,4
2272,2272,Ekart Logistics,Nagpur,2025-06-13,2025-06-20,Delivered Late,7
2273,2273,DTDC,Kochi,2026-05-24,2026-05-29,Delivered,5
2274,2274,Delhivery,Mysuru,2026-04-19,2026-04-27,Delivered Late,7
2275,2275,Ecom Express,Nagpur,2024-05-16,2024-05-22,Delivered,7
2276,2276,DTDC,Coimbatore,2026-02-09,2026-02-10,Delivered,2
2277,2277,DTDC,Bhopal,,,Processing,3
2278,2278,Bluedart,Vadodara,2026-01-08,2026-01-10,Delivered,3
2279,2279,Xpressbees,Vadodara,2026-02-13,2026-02-16,Delivered,3
2280,2280,Xpressbees,Bhopal,2025-07-04,2025-07-08,Delivered,4
2281,2281,Xpressbees,Kanpur,2026-02-22,2026-02-27,Returned,6
2282,2282,Xpressbees,Kolkata,2025-11-07,2025-11-12,Delivered,6
2283,2283,Ekart Logistics,Delhi,2024-10-07,2024-10-12,Delivered,5
2284,2284,DTDC,Bengaluru,2025-08-28,2025-08-30,Delivered,3
2285,2285,DTDC,Guwahati,2025-12-03,2025-12-07,Delivered Late,2
2286,2286,Xpressbees,Vadodara,2025-08-03,2025-08-04,Delivered,2
2287,2287,Xpressbees,Lucknow,2025-06-09,,In Transit,5
2288,2288,Ekart Logistics,Jaipur,2025-10-31,2025-11-07,Delivered,7
2289,2289,Delhivery,Amritsar,2025-12-24,2026-01-01,Delivered Late,6
2290,2290,Bluedart,Amritsar,2026-04-23,2026-04-28,Delivered Late,3
2291,2291,Xpressbees,Surat,2024-08-04,2024-08-09,Delivered Late,4
2292,2292,Ecom Express,Bhopal,2026-02-28,2026-03-04,Delivered,4
2293,2293,Ecom Express,Ahmedabad,2026-08-13,2026-08-16,Delivered Late,3
2294,2294,Bluedart,Amritsar,2026-04-13,2026-04-15,Delivered,2
2295,2295,Delhivery,Pune,2026-03-01,2026-03-06,Delivered,6
2296,2296,Xpressbees,Mysuru,2026-03-13,2026-03-16,Delivered,3
2297,2297,DTDC,Guwahati,2024-12-08,2024-12-12,Delivered,5
2298,2298,DTDC,Indore,2025-02-05,2025-02-09,Delivered Late,2
2299,2299,Ecom Express,Kochi,2025-06-06,2025-06-13,Delivered,7
2300,2300,Ecom Express,Ahmedabad,2024-04-24,2024-04-28,Delivered Late,3
2301,2301,Xpressbees,Nagpur,2025-03-18,2025-03-22,Delivered,5
2302,2302,DTDC,Ahmedabad,2025-12-29,2026-01-04,Delivered Late,6
2303,2303,Bluedart,Bhubaneswar,2026-07-02,2026-07-04,Delivered,2
2304,2304,Delhivery,Delhi,2026-07-30,2026-08-07,Delivered Late,6
2305,2305,Ecom Express,Amritsar,2025-05-22,2025-05-28,Delivered Late,5
2306,2306,Ecom Express,Amritsar,2025-07-20,2025-07-25,Delivered Late,5
2307,2307,Xpressbees,Bhubaneswar,2026-05-18,2026-05-20,Delivered,2
2308,2308,Delhivery,Chennai,2026-07-16,2026-07-18,Delivered,2
2309,2309,Bluedart,Bhopal,2024-12-29,2025-01-03,Delivered Late,4
2310,2310,DTDC,Ranchi,2025-10-09,2025-10-10,Returned,2
2311,2311,DTDC,Kanpur,2025-12-04,2025-12-10,Delivered,6
2312,2312,Delhivery,Indore,2025-05-20,,In Transit,2
2313,2313,Delhivery,Guwahati,2024-12-25,2024-12-29,Returned,5
2314,2314,Bluedart,Delhi,2025-04-27,,In Transit,7
2315,2315,DTDC,Bengaluru,2026-04-30,2026-05-06,Delivered Late,5
2316,2316,DTDC,Nagpur,2024-03-22,2024-03-29,Delivered,7
2317,2317,Ecom Express,Thiruvananthapuram,2026-07-11,2026-07-18,Delivered,7
2318,2318,Delhivery,Ahmedabad,2025-08-13,2025-08-15,Delivered,3
2319,2319,Ekart Logistics,Bengaluru,2025-10-10,2025-10-19,Delivered Late,7
2320,2320,DTDC,Chennai,2026-02-18,2026-02-20,Delivered,3
2321,2321,Xpressbees,Mumbai,2025-11-11,2025-11-19,Delivered Late,7
2322,2322,Xpressbees,Ahmedabad,,,Not Shipped,4
2323,2323,DTDC,Ranchi,2025-02-06,2025-02-13,Delivered Late,4
2324,2324,Xpressbees,Thiruvananthapuram,2026-07-13,2026-07-19,Delivered Late,5
2325,2325,Xpressbees,Pune,2024-12-12,,In Transit,5
2326,2326,Xpressbees,Chandigarh,,,Not Shipped,3
2327,2327,DTDC,Surat,2024-11-20,2024-11-24,Delivered,4
2328,2328,DTDC,Kochi,2025-03-05,2025-03-06,Delivered,2
2329,2329,Ekart Logistics,Indore,2026-02-20,2026-02-25,Delivered Late,2
2330,2330,Ecom Express,Nashik,2025-11-07,2025-11-10,Delivered,4
2331,2331,Bluedart,Surat,2025-09-15,,In Transit,3
2332,2332,DTDC,Chandigarh,,,Not Shipped,2
2333,2333,DTDC,Jaipur,2026-06-22,,In Transit,2
2334,2334,Bluedart,Nagpur,2024-10-03,2024-10-09,Delivered,6
2335,2335,Xpressbees,Amritsar,2025-01-22,2025-01-29,Delivered Late,7
2336,2336,Ekart Logistics,Thiruvananthapuram,2026-05-28,2026-05-31,Delivered,3
2337,2337,Ecom Express,Kolkata,2026-04-16,2026-04-17,Returned,2
2338,2338,Delhivery,Nagpur,2025-09-14,2025-09-20,Delivered Late,5
2339,2339,Delhivery,Ahmedabad,2025-11-09,2025-11-12,Delivered,3
2340,2340,DTDC,Mysuru,2026-06-19,2026-06-20,Delivered,2
2341,2341,DTDC,Ranchi,2025-12-11,2025-12-17,Delivered,7
2342,2342,DTDC,Surat,2025-11-01,2025-11-02,Delivered,2
2343,2343,Delhivery,Jaipur,2025-06-25,2025-06-28,Delivered,4
2344,2344,DTDC,Delhi,,,Not Shipped,5
2345,2345,Ecom Express,Guwahati,2025-11-02,2025-11-07,Delivered Late,5
2346,2346,Delhivery,Hyderabad,2024-04-30,2024-05-06,Delivered,6
2347,2347,Delhivery,Mysuru,,,Processing,7
2348,2348,Bluedart,Mumbai,2024-09-14,2024-09-16,Delivered,2
2349,2349,Xpressbees,Ranchi,,,Processing,7
2350,2350,Delhivery,Guwahati,2025-08-28,2025-08-30,Delivered,2
2351,2351,Ecom Express,Bhopal,2026-02-26,2026-03-02,Delivered Late,3
2352,2352,Xpressbees,Coimbatore,2025-08-29,2025-09-02,Delivered Late,3
2353,2353,Ecom Express,Mumbai,2025-05-24,2025-05-28,Returned,5
2354,2354,Delhivery,Amritsar,2026-04-05,2026-04-07,Delivered Late,2
2355,2355,Xpressbees,Mysuru,2025-12-29,2026-01-01,Delivered Late,2
2356,2356,Ecom Express,Nagpur,2026-05-11,2026-05-15,Returned,2
2357,2357,Xpressbees,Hyderabad,2026-06-02,2026-06-08,Delivered,7
2358,2358,Delhivery,Delhi,,,Not Shipped,7
2359,2359,Ecom Express,Coimbatore,2025-12-12,2025-12-19,Delivered Late,6
2360,2360,Xpressbees,Chennai,2024-12-05,2024-12-07,Delivered,2
2361,2361,Delhivery,Delhi,,,Not Shipped,3
2362,2362,Delhivery,Ranchi,,,Not Shipped,6
2363,2363,DTDC,Bhubaneswar,2026-05-20,2026-05-26,Delivered Late,5
2364,2364,Xpressbees,Indore,2026-03-25,,In Transit,2
2365,2365,Xpressbees,Patna,2026-07-06,2026-07-08,Delivered,3
2366,2366,DTDC,Ranchi,2025-10-16,2025-10-22,Returned,5
2367,2367,Bluedart,Patna,2024-11-05,2024-11-14,Delivered Late,7
2368,2368,Bluedart,Bhubaneswar,2025-07-13,2025-07-16,Returned,3
2369,2369,Ekart Logistics,Bhubaneswar,2025-07-24,2025-07-29,Delivered,5
2370,2370,Bluedart,Kolkata,2025-04-18,,In Transit,5
2371,2371,Xpressbees,Chennai,,,Processing,7
2372,2372,Xpressbees,Thiruvananthapuram,2026-06-25,2026-06-27,Delivered,2
2373,2373,DTDC,Hyderabad,2025-11-26,2025-12-02,Delivered,7
2374,2374,Ekart Logistics,Bhopal,2025-11-13,2025-11-16,Delivered,4
2375,2375,DTDC,Kochi,2025-11-11,2025-11-16,Delivered,6
2376,2376,Bluedart,Kolkata,,,Not Shipped,4
2377,2377,DTDC,Patna,2025-07-10,2025-07-14,Delivered,4
2378,2378,Bluedart,Kochi,2025-11-18,2025-11-23,Delivered,5
2379,2379,Delhivery,Pune,2026-05-19,2026-05-24,Returned,6
2380,2380,Ecom Express,Lucknow,2025-01-21,2025-01-26,Delivered,6
2381,2381,Delhivery,Amritsar,2026-02-28,2026-03-02,Delivered Late,2
2382,2382,Xpressbees,Mumbai,2026-06-27,2026-06-29,Delivered,2
2383,2383,Xpressbees,Vadodara,2025-02-19,2025-02-24,Delivered Late,4
2384,2384,Ecom Express,Pune,2025-12-20,2025-12-26,Delivered,7
2385,2385,Delhivery,Amritsar,2025-08-14,2025-08-22,Delivered Late,7
2386,2386,Delhivery,Chandigarh,2025-05-20,2025-05-28,Delivered Late,7
2387,2387,Bluedart,Jaipur,2024-09-23,2024-09-27,Delivered,5
2388,2388,Xpressbees,Kochi,2026-03-26,2026-04-01,Delivered,6
2389,2389,Xpressbees,Lucknow,2025-10-04,2025-10-08,Delivered,5
2390,2390,Bluedart,Jaipur,2025-12-24,2025-12-27,Delivered,3
2391,2391,DTDC,Jaipur,2025-09-24,2025-09-29,Delivered,6
2392,2392,Ecom Express,Jaipur,,,Not Shipped,5
2393,2393,Xpressbees,Thiruvananthapuram,2025-10-26,2025-11-03,Delivered Late,6
2394,2394,Delhivery,Chandigarh,,,Not Shipped,5
2395,2395,Bluedart,Jaipur,,,Processing,6
2396,2396,Bluedart,Vadodara,2026-03-15,2026-03-22,Delivered,7
2397,2397,Ecom Express,Kanpur,2025-04-09,2025-04-17,Delivered Late,7
2398,2398,DTDC,Lucknow,2025-04-23,2025-04-24,Delivered,2
2399,2399,Ekart Logistics,Hyderabad,2025-09-05,2025-09-09,Returned,4
2400,2400,Ecom Express,Patna,2025-04-04,2025-04-08,Delivered,5
2401,2401,DTDC,Nashik,2024-10-20,2024-10-28,Delivered Late,7
2402,2402,Delhivery,Coimbatore,,,Not Shipped,5
2403,2403,Xpressbees,Indore,,,Not Shipped,5
2404,2404,DTDC,Hyderabad,2026-02-21,2026-02-27,Delivered,6
2405,2405,Ecom Express,Kanpur,2025-10-05,2025-10-11,Delivered Late,5
2406,2406,Ecom Express,Nagpur,2024-09-09,2024-09-13,Delivered,4
2407,2407,Xpressbees,Lucknow,2026-04-10,2026-04-19,Delivered Late,7
2408,2408,DTDC,Hyderabad,2024-12-28,2025-01-01,Delivered,4
2409,2409,Ecom Express,Delhi,2025-05-28,2025-05-31,Delivered,4
2410,2410,Delhivery,Hyderabad,2024-11-27,2024-12-01,Delivered Late,4
2411,2411,Xpressbees,Chennai,2026-04-09,2026-04-14,Delivered Late,3
2412,2412,Xpressbees,Vadodara,2026-03-03,2026-03-05,Delivered,2
2413,2413,Delhivery,Lucknow,2024-06-21,2024-06-26,Delivered,5
2414,2414,Delhivery,Patna,,,Processing,3
2415,2415,Ecom Express,Kochi,2024-11-22,2024-11-26,Delivered,4
2416,2416,Bluedart,Delhi,,,Processing,5
2417,2417,Delhivery,Nagpur,2025-03-13,2025-03-20,Delivered,7
2418,2418,Bluedart,Amritsar,2026-02-12,2026-02-16,Delivered Late,4
2419,2419,Ekart Logistics,Lucknow,2025-06-27,2025-07-04,Delivered Late,6
2420,2420,Bluedart,Lucknow,2026-06-08,2026-06-15,Delivered,7
2421,2421,Bluedart,Nagpur,2025-07-11,2025-07-20,Delivered Late,7
2422,2422,Ekart Logistics,Guwahati,2025-06-06,2025-06-08,Delivered Late,2
2423,2423,Delhivery,Ranchi,2026-05-02,2026-05-05,Delivered Late,2
2424,2424,Ecom Express,Chennai,2026-03-16,2026-03-20,Delivered Late,3
2425,2425,DTDC,Patna,2024-09-25,2024-09-30,Delivered,6
2426,2426,Bluedart,Delhi,,,Not Shipped,7
2427,2427,DTDC,Coimbatore,2025-09-11,2025-09-19,Delivered Late,6
2428,2428,DTDC,Chennai,2025-02-22,2025-02-28,Delivered,7
2429,2429,DTDC,Mumbai,,,Not Shipped,3
2430,2430,Delhivery,Ahmedabad,,,Not Shipped,7
2431,2431,Bluedart,Surat,2025-01-09,2025-01-13,Delivered,4
2432,2432,Xpressbees,Pune,2025-08-31,2025-09-03,Delivered,3
2433,2433,Xpressbees,Guwahati,2026-04-27,2026-05-01,Delivered,4
2434,2434,DTDC,Nagpur,2025-05-31,2025-06-05,Delivered,6
2435,2435,Bluedart,Amritsar,,,Not Shipped,3
2436,2436,DTDC,Coimbatore,2026-02-28,2026-03-08,Delivered Late,7
2437,2437,Ekart Logistics,Surat,2026-02-17,2026-02-19,Delivered,3
2438,2438,Delhivery,Bengaluru,2026-07-23,2026-07-28,Delivered Late,5
2439,2439,Bluedart,Ahmedabad,2026-06-05,2026-06-10,Returned,6
2440,2440,DTDC,Chandigarh,2026-06-04,2026-06-08,Delivered,5
2441,2441,Ekart Logistics,Pune,2024-10-29,2024-11-05,Delivered,7
2442,2442,DTDC,Kochi,2025-06-07,2025-06-12,Delivered Late,4
2443,2443,DTDC,Amritsar,2026-01-08,,In Transit,7
2444,2444,Bluedart,Coimbatore,2026-02-04,2026-02-07,Delivered,4
2445,2445,Bluedart,Chandigarh,2025-10-01,2025-10-05,Delivered,5
2446,2446,Delhivery,Vadodara,2025-06-05,2025-06-13,Delivered Late,7
2447,2447,DTDC,Surat,2024-06-23,2024-06-29,Delivered,7
2448,2448,Ekart Logistics,Kolkata,2026-02-13,2026-02-15,Delivered Late,2
2449,2449,Xpressbees,Guwahati,2026-01-25,2026-01-26,Delivered,2
2450,2450,Xpressbees,Vadodara,2025-12-30,2026-01-01,Delivered,3
2451,2451,Xpressbees,Nagpur,2025-05-04,2025-05-08,Delivered,4
2452,2452,Bluedart,Chandigarh,2026-08-12,2026-08-13,Delivered,2
2453,2453,DTDC,Kolkata,2025-07-16,2025-07-21,Returned,3
2454,2454,DTDC,Surat,2026-06-28,,In Transit,5
2455,2455,Ecom Express,Coimbatore,,,Not Shipped,6
2456,2456,Delhivery,Bengaluru,2024-04-27,2024-05-02,Delivered,6
2457,2457,Ecom Express,Thiruvananthapuram,2026-04-25,2026-05-01,Delivered,6
2458,2458,Ekart Logistics,Bengaluru,2026-04-13,2026-04-20,Delivered,7
2459,2459,Ekart Logistics,Thiruvananthapuram,2024-12-19,2024-12-23,Delivered,4
2460,2460,Bluedart,Chennai,2024-06-04,2024-06-11,Delivered Late,6
2461,2461,Xpressbees,Jaipur,,,Not Shipped,2
2462,2462,Ecom Express,Indore,2024-07-17,2024-07-20,Delivered Late,3
2463,2463,Xpressbees,Ahmedabad,2025-08-28,2025-09-02,Delivered Late,5
2464,2464,DTDC,Guwahati,2025-04-25,2025-04-29,Delivered,4
2465,2465,Ekart Logistics,Chennai,2026-04-30,,In Transit,6
2466,2466,Ekart Logistics,Kolkata,,,Not Shipped,7
2467,2467,Ekart Logistics,Nagpur,2026-02-06,2026-02-11,Delivered,6
2468,2468,Ekart Logistics,Jaipur,2026-08-17,2026-08-22,Delivered,6
2469,2469,Delhivery,Delhi,2025-12-25,2025-12-27,Delivered,3
2470,2470,Ecom Express,Pune,2024-12-29,2025-01-02,Delivered,4
2471,2471,Ekart Logistics,Thiruvananthapuram,2024-07-15,,In Transit,5
2472,2472,Delhivery,Chandigarh,2026-03-20,2026-03-22,Delivered Late,2
2473,2473,Ekart Logistics,Ahmedabad,2026-06-18,2026-06-25,Delivered,7
2474,2474,DTDC,Patna,2025-11-17,2025-11-23,Delivered,7
2475,2475,Xpressbees,Patna,,,Not Shipped,6
2476,2476,Bluedart,Mumbai,2024-08-29,2024-09-01,Delivered,4
2477,2477,Bluedart,Ranchi,2026-08-18,2026-08-21,Delivered Late,3
2478,2478,Delhivery,Guwahati,2025-11-12,2025-11-20,Delivered Late,7
2479,2479,Ecom Express,Ranchi,2025-09-05,2025-09-06,Delivered,2
2480,2480,Xpressbees,Lucknow,2026-06-11,,In Transit,5
2481,2481,Delhivery,Mumbai,2026-02-03,2026-02-07,Delivered,4
2482,2482,Xpressbees,Bhubaneswar,2026-07-23,2026-07-30,Delivered Late,7
2483,2483,Bluedart,Lucknow,2026-01-22,2026-01-25,Delivered,3
2484,2484,DTDC,Delhi,2025-09-26,2025-10-01,Delivered Late,4
2485,2485,Ekart Logistics,Ahmedabad,2026-02-12,2026-02-16,Delivered Late,2
2486,2486,Delhivery,Kolkata,2025-10-25,2025-10-31,Delivered,7
2487,2487,Bluedart,Pune,2026-01-06,2026-01-11,Delivered Late,4
2488,2488,Ecom Express,Amritsar,,,Not Shipped,5
2489,2489,Bluedart,Bhopal,2025-07-22,2025-07-24,Delivered,2
2490,2490,Delhivery,Vadodara,2025-08-08,2025-08-15,Delivered Late,7
2491,2491,Xpressbees,Amritsar,2026-06-24,2026-06-27,Delivered,4
2492,2492,Ekart Logistics,Coimbatore,2025-01-24,2025-01-28,Delivered,4
2493,2493,Bluedart,Nashik,2025-09-13,2025-09-15,Delivered,3
2494,2494,Xpressbees,Coimbatore,2026-03-29,,In Transit,7
2495,2495,Delhivery,Hyderabad,2026-07-05,2026-07-06,Delivered,2
2496,2496,Ecom Express,Thiruvananthapuram,2024-06-02,2024-06-08,Delivered,7
2497,2497,DTDC,Patna,2026-07-29,2026-08-03,Delivered,6
2498,2498,Xpressbees,Vadodara,2026-08-17,2026-08-19,Delivered,3
2499,2499,Ecom Express,Bhubaneswar,2025-09-14,2025-09-18,Delivered,5
2500,2500,DTDC,Delhi,2026-04-13,2026-04-14,Delivered,2
2501,2501,Bluedart,Mumbai,2025-08-01,2025-08-07,Delivered Late,5
2502,2502,Delhivery,Nashik,2025-07-04,2025-07-07,Delivered,3
2503,2503,Bluedart,Ahmedabad,2025-11-18,,In Transit,3
2504,2504,Delhivery,Chandigarh,2026-07-20,2026-07-21,Delivered,2
2505,2505,DTDC,Coimbatore,,,Processing,2
2506,2506,Delhivery,Kanpur,2025-12-04,2025-12-10,Delivered,6
2507,2507,Xpressbees,Nashik,2025-02-01,2025-02-04,Delivered,4
2508,2508,Xpressbees,Mumbai,2026-03-01,,In Transit,3
2509,2509,Delhivery,Chennai,,,Not Shipped,7
2510,2510,Ecom Express,Kolkata,2026-04-05,2026-04-07,Delivered,3
2511,2511,Ecom Express,Chennai,2026-02-14,,In Transit,3
2512,2512,Delhivery,Vadodara,,,Processing,3
2513,2513,Bluedart,Nagpur,2025-05-28,2025-05-30,Delivered,3
2514,2514,Bluedart,Kochi,2026-05-21,2026-05-28,Delivered,7
2515,2515,DTDC,Nashik,2025-05-18,2025-05-24,Delivered Late,6
2516,2516,Delhivery,Delhi,2026-06-16,2026-06-23,Delivered,7
2517,2517,Ekart Logistics,Amritsar,2026-01-25,2026-02-01,Delivered Late,6
2518,2518,DTDC,Kolkata,,,Not Shipped,6
2519,2519,Xpressbees,Patna,2024-06-12,2024-06-20,Delivered Late,7
2520,2520,Ekart Logistics,Mumbai,2026-01-05,2026-01-12,Delivered,7
2521,2521,Ecom Express,Thiruvananthapuram,2025-12-17,2025-12-22,Delivered,6
2522,2522,DTDC,Coimbatore,2026-04-22,2026-05-01,Returned,6
2523,2523,Ekart Logistics,Chandigarh,2026-03-22,2026-03-26,Delivered,4
2524,2524,DTDC,Bhubaneswar,2026-03-21,,In Transit,3
2525,2525,Xpressbees,Hyderabad,2024-11-11,2024-11-13,Delivered,3
2526,2526,Ecom Express,Bhopal,2026-03-28,2026-03-30,Delivered,2
2527,2527,Delhivery,Nashik,2025-07-15,2025-07-21,Delivered,7
2528,2528,Xpressbees,Vadodara,2026-04-21,2026-04-23,Delivered,2
2529,2529,Ecom Express,Patna,2025-12-12,2025-12-17,Returned,5
2530,2530,Delhivery,Guwahati,,,Processing,6
2531,2531,Bluedart,Nagpur,2026-04-11,2026-04-18,Delivered Late,5
2532,2532,Xpressbees,Kochi,2024-07-11,2024-07-17,Returned,6
2533,2533,Delhivery,Mysuru,2025-07-17,,In Transit,5
2534,2534,Ecom Express,Chennai,2026-06-05,2026-06-09,Delivered Late,3
2535,2535,Ecom Express,Hyderabad,2026-08-02,2026-08-06,Delivered,4
2536,2536,Xpressbees,Coimbatore,,,Processing,6
2537,2537,Ecom Express,Kolkata,2026-01-26,2026-02-01,Delivered,6
2538,2538,Bluedart,Indore,2026-03-21,2026-03-25,Delivered,4
2539,2539,DTDC,Chandigarh,2024-04-03,2024-04-11,Delivered Late,7
2540,2540,Ecom Express,Patna,2025-01-06,2025-01-13,Delivered,7
2541,2541,Ecom Express,Thiruvananthapuram,2026-01-29,2026-02-04,Delivered,6
2542,2542,Ecom Express,Amritsar,2026-02-12,2026-02-17,Delivered,5
2543,2543,Ecom Express,Kolkata,2026-08-15,2026-08-20,Delivered,5
2544,2544,Ekart Logistics,Patna,,,Processing,4
2545,2545,DTDC,Lucknow,2025-12-28,,In Transit,4
2546,2546,Delhivery,Guwahati,2025-04-19,2025-04-26,Delivered Late,6
2547,2547,Bluedart,Kolkata,2025-12-24,2025-12-28,Delivered,5
2548,2548,Delhivery,Kolkata,2026-05-26,2026-05-30,Delivered,4
2549,2549,Ecom Express,Kolkata,,,Processing,7
2550,2550,Ekart Logistics,Bhubaneswar,,,Not Shipped,4
2551,2551,Bluedart,Kolkata,2026-04-04,2026-04-10,Delivered,6
2552,2552,Delhivery,Kochi,,,Not Shipped,5
2553,2553,DTDC,Ranchi,2026-03-09,2026-03-13,Delivered,4
2554,2554,Ekart Logistics,Ahmedabad,2024-07-21,2024-07-27,Delivered,7
2555,2555,Xpressbees,Kanpur,2025-09-05,2025-09-10,Delivered Late,5
2556,2556,DTDC,Guwahati,2025-07-11,2025-07-16,Delivered,6
2557,2557,Ekart Logistics,Lucknow,2025-08-31,2025-09-04,Delivered Late,3
2558,2558,Bluedart,Guwahati,2025-10-12,2025-10-19,Delivered Late,4
2559,2559,Ekart Logistics,Patna,2026-05-02,,In Transit,4
2560,2560,Ekart Logistics,Kolkata,2025-02-07,2025-02-09,Delivered,2
2561,2561,Bluedart,Indore,2024-08-17,2024-08-26,Delivered Late,7
2562,2562,Ekart Logistics,Nashik,2026-05-02,2026-05-04,Delivered Late,2
2563,2563,Bluedart,Ahmedabad,2025-07-05,2025-07-06,Delivered,2
2564,2564,Bluedart,Hyderabad,2026-02-14,2026-02-19,Delivered,5
2565,2565,Xpressbees,Lucknow,2025-07-28,2025-07-31,Delivered,4
2566,2566,Ekart Logistics,Surat,,,Not Shipped,4
2567,2567,Ecom Express,Amritsar,2025-12-29,2026-01-03,Delivered,5
2568,2568,Xpressbees,Bhopal,2025-09-10,2025-09-13,Delivered,4
2569,2569,DTDC,Bhubaneswar,2025-09-12,2025-09-17,Delivered Late,4
2570,2570,Bluedart,Mysuru,2024-07-25,2024-08-02,Delivered Late,7
2571,2571,Ecom Express,Ahmedabad,,,Not Shipped,2
2572,2572,Ekart Logistics,Vadodara,2025-10-07,2025-10-13,Delivered,7
2573,2573,Xpressbees,Amritsar,2026-04-16,2026-04-18,Delivered,3
2574,2574,Bluedart,Amritsar,,,Not Shipped,6
2575,2575,DTDC,Chandigarh,2026-05-31,2026-06-07,Delivered,7
2576,2576,Ekart Logistics,Coimbatore,2026-02-08,2026-02-15,Delivered,7
2577,2577,Ekart Logistics,Hyderabad,2025-06-02,2025-06-07,Delivered,5
2578,2578,Ekart Logistics,Bhopal,2026-04-11,,In Transit,7
2579,2579,Bluedart,Amritsar,2025-11-19,2025-11-25,Delivered,7
2580,2580,Ekart Logistics,Guwahati,2025-11-08,2025-11-15,Delivered Late,5
2581,2581,Ekart Logistics,Mysuru,2025-11-03,2025-11-11,Delivered Late,5
2582,2582,Bluedart,Kanpur,2026-03-12,2026-03-15,Delivered,4
2583,2583,Ekart Logistics,Kochi,2025-11-25,2025-11-26,Delivered,2
2584,2584,Xpressbees,Delhi,2025-08-10,2025-08-17,Delivered,7
2585,2585,Ecom Express,Indore,2025-12-23,2025-12-24,Delivered,2
2586,2586,Xpressbees,Kochi,2025-08-26,2025-08-30,Delivered,4
2587,2587,DTDC,Patna,2025-05-04,2025-05-08,Delivered Late,2
2588,2588,Xpressbees,Hyderabad,2026-06-10,2026-06-15,Delivered Late,4
2589,2589,Xpressbees,Bhopal,,,Not Shipped,4
2590,2590,Delhivery,Delhi,2025-11-03,2025-11-11,Delivered Late,7
2591,2591,Ecom Express,Kochi,2026-02-23,2026-03-01,Delivered Late,5
2592,2592,DTDC,Kanpur,2025-11-08,2025-11-12,Delivered,4
2593,2593,Xpressbees,Coimbatore,2024-08-18,,In Transit,5
2594,2594,Ecom Express,Chennai,2026-04-09,2026-04-13,Returned,5
2595,2595,Xpressbees,Lucknow,,,Not Shipped,5
2596,2596,Delhivery,Chandigarh,2025-01-08,2025-01-11,Delivered,3
2597,2597,Delhivery,Mumbai,2025-08-23,2025-08-26,Delivered,3
2598,2598,Bluedart,Kanpur,2025-09-29,2025-10-03,Delivered,4
2599,2599,Delhivery,Lucknow,2025-11-08,2025-11-11,Delivered,3
2600,2600,Xpressbees,Thiruvananthapuram,2024-10-23,2024-10-24,Delivered,2
2601,2601,Xpressbees,Nashik,2025-04-30,2025-05-04,Delivered Late,4
2602,2602,Ekart Logistics,Pune,,,Processing,5
2603,2603,Ekart Logistics,Chennai,2026-06-17,2026-06-23,Delivered Late,4
2604,2604,Ecom Express,Vadodara,2024-08-25,2024-08-31,Delivered Late,5
2605,2605,Ekart Logistics,Pune,2026-04-16,2026-04-19,Delivered,3
2606,2606,Ecom Express,Ranchi,2026-02-27,2026-03-04,Delivered,6
2607,2607,Delhivery,Kochi,2026-01-13,2026-01-21,Delivered Late,6
2608,2608,Bluedart,Kanpur,2025-11-23,2025-11-28,Delivered Late,4
2609,2609,Bluedart,Lucknow,2025-09-01,2025-09-04,Delivered,3
2610,2610,Ekart Logistics,Ranchi,2026-01-27,2026-02-02,Delivered Late,4
2611,2611,Ecom Express,Vadodara,2025-09-04,2025-09-08,Delivered,4
2612,2612,Xpressbees,Chandigarh,2024-08-20,2024-08-29,Delivered Late,7
2613,2613,DTDC,Amritsar,2026-04-25,2026-04-27,Delivered,3
2614,2614,Bluedart,Chandigarh,2025-03-26,2025-03-30,Delivered Late,3
2615,2615,Xpressbees,Surat,2025-09-30,2025-10-07,Delivered Late,6
2616,2616,Delhivery,Kolkata,2025-02-05,2025-02-09,Delivered Late,2
2617,2617,Delhivery,Amritsar,2026-03-05,,In Transit,4
2618,2618,Bluedart,Bhopal,2026-07-31,2026-08-05,Returned,3
2619,2619,Delhivery,Vadodara,2026-03-19,2026-03-23,Delivered,5
2620,2620,Ecom Express,Nashik,,,Processing,3
2621,2621,DTDC,Chennai,2026-05-29,2026-06-03,Delivered,5
2622,2622,Xpressbees,Ranchi,2025-07-31,2025-08-06,Delivered Late,5
2623,2623,Xpressbees,Mumbai,2026-04-18,2026-04-21,Delivered Late,3
2624,2624,Bluedart,Ahmedabad,2026-08-18,2026-08-24,Delivered,7
2625,2625,Bluedart,Vadodara,,,Not Shipped,4
2626,2626,Ecom Express,Mysuru,,,Not Shipped,6
2627,2627,Bluedart,Thiruvananthapuram,2025-07-23,2025-07-28,Delivered Late,3
2628,2628,DTDC,Hyderabad,2025-07-10,2025-07-17,Delivered Late,7
2629,2629,Xpressbees,Mumbai,2025-11-12,2025-11-16,Delivered,5
2630,2630,DTDC,Surat,2025-10-25,2025-10-27,Delivered,2
2631,2631,Bluedart,Mumbai,2025-10-05,2025-10-11,Delivered Late,5
2632,2632,Xpressbees,Ranchi,2025-06-05,2025-06-11,Delivered,7
2633,2633,Delhivery,Vadodara,2025-10-05,2025-10-09,Delivered,4
2634,2634,Ecom Express,Delhi,2026-01-24,2026-01-27,Delivered,3
2635,2635,Ecom Express,Surat,2025-09-23,2025-09-27,Delivered Late,3
2636,2636,Xpressbees,Mysuru,2025-09-27,2025-09-30,Delivered,4
2637,2637,Xpressbees,Ahmedabad,2026-02-01,2026-02-05,Delivered,4
2638,2638,Bluedart,Lucknow,2025-07-07,2025-07-15,Delivered Late,7
2639,2639,DTDC,Delhi,2024-10-04,2024-10-10,Delivered Late,6
2640,2640,Delhivery,Jaipur,2025-06-27,2025-07-05,Delivered Late,7
2641,2641,Ecom Express,Mumbai,2026-06-05,2026-06-08,Delivered,3
2642,2642,DTDC,Mumbai,2026-01-18,2026-01-20,Delivered,2
2643,2643,DTDC,Vadodara,,,Processing,7
2644,2644,Ekart Logistics,Chennai,2026-02-03,2026-02-08,Delivered,5
2645,2645,Ecom Express,Pune,2026-07-04,2026-07-09,Delivered,6
2646,2646,Ekart Logistics,Mysuru,2026-01-21,2026-01-25,Delivered,5
2647,2647,Delhivery,Kolkata,2025-11-25,2025-12-02,Delivered,7
2648,2648,DTDC,Vadodara,2025-08-29,2025-09-02,Delivered,4
2649,2649,Bluedart,Bhopal,2025-05-03,,In Transit,3
2650,2650,Ecom Express,Chandigarh,2025-06-15,,In Transit,5
2651,2651,Ecom Express,Kolkata,2025-09-17,2025-09-23,Delivered Late,4
2652,2652,Ekart Logistics,Hyderabad,2026-06-14,,In Transit,4
2653,2653,Ekart Logistics,Surat,2024-02-24,2024-02-25,Delivered,2
2654,2654,Xpressbees,Thiruvananthapuram,2025-08-24,,In Transit,3
2655,2655,Ecom Express,Jaipur,2026-06-29,2026-07-01,Delivered,2
2656,2656,Ecom Express,Bhubaneswar,2025-01-24,2025-01-26,Delivered,3
2657,2657,Ecom Express,Chennai,2025-12-01,2025-12-03,Delivered,2
2658,2658,Ekart Logistics,Vadodara,2025-11-05,2025-11-07,Delivered,2
2659,2659,Delhivery,Mysuru,2025-07-18,,In Transit,2
2660,2660,Ecom Express,Bhubaneswar,2025-02-05,2025-02-13,Delivered Late,7
2661,2661,Xpressbees,Bengaluru,2025-10-16,,In Transit,2
2662,2662,Ecom Express,Chandigarh,2025-05-22,2025-05-28,Delivered Late,4
2663,2663,Ecom Express,Nashik,2026-02-12,2026-02-14,Delivered,2
2664,2664,Ekart Logistics,Thiruvananthapuram,2025-09-18,2025-09-26,Delivered Late,5
2665,2665,Ecom Express,Nagpur,2025-12-17,2025-12-20,Delivered,3
2666,2666,Xpressbees,Pune,2026-03-24,2026-03-27,Delivered,4
2667,2667,Delhivery,Nagpur,2025-01-09,2025-01-13,Delivered,5
2668,2668,Xpressbees,Chandigarh,2025-09-03,2025-09-06,Delivered,3
2669,2669,Xpressbees,Bengaluru,2026-02-13,2026-02-15,Delivered Late,2
2670,2670,DTDC,Mysuru,2025-07-10,2025-07-12,Delivered Late,2
2671,2671,Ekart Logistics,Ahmedabad,2026-02-14,2026-02-22,Returned,6
2672,2672,Xpressbees,Nagpur,2026-02-15,2026-02-23,Delivered Late,7
2673,2673,Ecom Express,Amritsar,2026-04-05,2026-04-11,Delivered Late,6
2674,2674,Delhivery,Ahmedabad,2026-02-14,2026-02-23,Delivered Late,6
2675,2675,Ekart Logistics,Chandigarh,2026-07-22,,In Transit,4
2676,2676,Delhivery,Vadodara,2025-05-20,2025-05-27,Delivered Late,5
2677,2677,Xpressbees,Indore,2026-08-17,2026-08-22,Delivered,6
2678,2678,DTDC,Pune,2026-01-19,2026-01-26,Delivered Late,5
2679,2679,Ecom Express,Kochi,2026-02-04,2026-02-13,Delivered Late,6
2680,2680,Bluedart,Kochi,2026-03-23,2026-03-31,Delivered Late,7
2681,2681,Bluedart,Bhopal,2026-05-15,2026-05-21,Delivered Late,3
2682,2682,Xpressbees,Delhi,2026-04-09,2026-04-13,Delivered Late,3
2683,2683,Bluedart,Kanpur,2025-11-14,,In Transit,5
2684,2684,Ekart Logistics,Pune,2026-01-31,2026-02-03,Delivered,3
2685,2685,Ecom Express,Guwahati,2026-01-29,2026-02-04,Delivered Late,5
2686,2686,DTDC,Chennai,2024-07-16,2024-07-24,Delivered Late,7
2687,2687,DTDC,Chennai,2026-01-20,2026-01-26,Delivered Late,5
2688,2688,Delhivery,Indore,2025-08-18,2025-08-22,Delivered Late,2
2689,2689,DTDC,Kanpur,2025-12-18,2025-12-22,Delivered Late,4
2690,2690,DTDC,Ranchi,2026-07-20,2026-07-24,Delivered Late,2
2691,2691,DTDC,Nagpur,2024-10-23,2024-11-01,Delivered Late,7
2692,2692,Bluedart,Lucknow,2025-12-12,2025-12-15,Delivered,4
2693,2693,Delhivery,Thiruvananthapuram,2025-06-04,2025-06-10,Delivered Late,5
2694,2694,Delhivery,Delhi,2026-04-11,2026-04-17,Delivered,6
2695,2695,DTDC,Vadodara,2025-12-16,2025-12-21,Delivered,6
2696,2696,Ecom Express,Chandigarh,2025-04-06,2025-04-11,Returned,5
2697,2697,Bluedart,Hyderabad,2025-06-30,2025-07-01,Delivered,2
2698,2698,Xpressbees,Chandigarh,2025-04-14,2025-04-17,Delivered Late,2
2699,2699,Ecom Express,Patna,2025-09-18,2025-09-23,Delivered,5
2700,2700,Bluedart,Bhopal,2025-09-14,2025-09-18,Delivered,5
2701,2701,Delhivery,Amritsar,2024-01-17,2024-01-23,Delivered,7
2702,2702,Bluedart,Kochi,2026-02-16,2026-02-20,Delivered Late,2
2703,2703,Bluedart,Kochi,2025-05-11,2025-05-15,Returned,5
2704,2704,Ecom Express,Pune,2025-08-01,2025-08-08,Delivered Late,7
2705,2705,Xpressbees,Patna,2026-06-25,2026-06-28,Delivered Late,2
2706,2706,Ecom Express,Amritsar,2025-11-20,2025-11-22,Delivered,3
2707,2707,Bluedart,Coimbatore,2026-01-19,2026-01-22,Returned,4
2708,2708,DTDC,Lucknow,2026-05-19,2026-05-23,Delivered Late,4
2709,2709,Delhivery,Amritsar,2026-07-03,2026-07-08,Returned,3
2710,2710,DTDC,Chandigarh,2025-10-07,2025-10-13,Delivered,6
2711,2711,Ekart Logistics,Coimbatore,2024-02-29,2024-03-04,Delivered,4
2712,2712,Xpressbees,Thiruvananthapuram,2025-06-20,2025-06-27,Delivered Late,7
2713,2713,DTDC,Kanpur,2025-08-24,,In Transit,4
2714,2714,Bluedart,Mysuru,2025-12-10,,In Transit,7
2715,2715,Delhivery,Ahmedabad,2026-01-12,,In Transit,3
2716,2716,Bluedart,Nashik,2026-04-17,2026-04-23,Delivered,7
2717,2717,DTDC,Patna,2025-08-26,2025-08-31,Delivered,5
2718,2718,DTDC,Thiruvananthapuram,,,Processing,4
2719,2719,Delhivery,Lucknow,2025-09-19,2025-09-23,Delivered Late,2
2720,2720,Xpressbees,Guwahati,,,Processing,7
2721,2721,Bluedart,Guwahati,2026-06-18,2026-06-23,Delivered,6
2722,2722,Delhivery,Indore,2025-06-12,2025-06-15,Delivered,3
2723,2723,Xpressbees,Delhi,2026-02-19,2026-02-25,Delivered,7
2724,2724,Ecom Express,Coimbatore,2026-08-07,2026-08-14,Delivered Late,6
2725,2725,Ecom Express,Kanpur,2026-07-28,2026-08-04,Returned,7
2726,2726,Delhivery,Indore,2026-08-10,2026-08-14,Delivered Late,4
2727,2727,Xpressbees,Kolkata,2025-11-18,2025-11-24,Delivered Late,6
2728,2728,DTDC,Guwahati,2026-01-28,2026-02-02,Delivered Late,4
2729,2729,Ekart Logistics,Mumbai,2026-04-16,2026-04-17,Delivered,2
2730,2730,Xpressbees,Chennai,2025-12-02,2025-12-08,Delivered,6
2731,2731,DTDC,Amritsar,2025-03-14,2025-03-17,Delivered,4
2732,2732,DTDC,Bhopal,2025-08-28,2025-09-01,Delivered Late,3
2733,2733,DTDC,Kochi,2025-09-15,2025-09-17,Delivered,2
2734,2734,Ekart Logistics,Guwahati,,,Not Shipped,5
2735,2735,Xpressbees,Amritsar,2025-09-09,,In Transit,7
2736,2736,DTDC,Amritsar,2026-05-02,,In Transit,3
2737,2737,Delhivery,Mumbai,2025-03-19,2025-03-26,Delivered Late,7
2738,2738,Ekart Logistics,Ranchi,2026-05-14,2026-05-16,Delivered,2
2739,2739,Ecom Express,Chandigarh,2025-06-19,2025-06-20,Delivered,2
2740,2740,Ecom Express,Nagpur,2026-03-20,2026-03-23,Delivered Late,3
2741,2741,Xpressbees,Kanpur,,,Not Shipped,5
2742,2742,Xpressbees,Bengaluru,2025-04-07,2025-04-15,Delivered Late,7
2743,2743,Delhivery,Mysuru,2025-07-02,2025-07-07,Delivered Late,5
2744,2744,Xpressbees,Thiruvananthapuram,2023-12-11,2023-12-14,Delivered Late,2
2745,2745,Ecom Express,Bhubaneswar,2026-01-12,2026-01-14,Delivered,3
2746,2746,Ecom Express,Lucknow,2024-09-27,2024-09-28,Delivered,2
2747,2747,Bluedart,Lucknow,2024-12-12,2024-12-17,Delivered,6
2748,2748,DTDC,Amritsar,2026-05-07,2026-05-11,Delivered,5
2749,2749,Ecom Express,Chandigarh,,,Not Shipped,4
2750,2750,Bluedart,Chennai,2025-02-09,2025-02-17,Returned,5
2751,2751,Xpressbees,Hyderabad,2025-01-09,,In Transit,5
2752,2752,Ekart Logistics,Ranchi,2026-04-05,2026-04-08,Delivered Late,2
2753,2753,Delhivery,Jaipur,2026-01-30,2026-02-01,Delivered,2
2754,2754,Xpressbees,Ranchi,2025-03-20,2025-03-23,Returned,3
2755,2755,Bluedart,Mysuru,2026-06-19,2026-06-25,Delivered,7
2756,2756,Ekart Logistics,Chandigarh,2026-03-19,2026-03-25,Returned,6
2757,2757,Bluedart,Nashik,2026-05-06,2026-05-09,Delivered,4
2758,2758,Xpressbees,Indore,2025-07-27,2025-08-04,Delivered Late,7
2759,2759,Bluedart,Bhopal,2025-11-25,2025-11-30,Delivered,5
2760,2760,Ekart Logistics,Guwahati,2026-04-07,2026-04-11,Delivered,5
2761,2761,Delhivery,Chandigarh,2026-02-08,2026-02-09,Delivered,2
2762,2762,DTDC,Amritsar,2026-06-13,2026-06-20,Returned,7
2763,2763,Bluedart,Bengaluru,,,Processing,2
2764,2764,DTDC,Kochi,,,Not Shipped,5
2765,2765,Delhivery,Kochi,2025-07-02,2025-07-05,Delivered,3
2766,2766,DTDC,Ranchi,2025-09-17,2025-09-18,Delivered,2
2767,2767,DTDC,Ranchi,2026-03-03,2026-03-06,Delivered,3
2768,2768,DTDC,Chandigarh,2026-06-03,2026-06-08,Delivered Late,4
2769,2769,Xpressbees,Chandigarh,2025-03-25,2025-03-31,Delivered,7
2770,2770,Ecom Express,Kochi,2025-11-01,2025-11-08,Delivered Late,6
2771,2771,Delhivery,Thiruvananthapuram,2026-03-13,2026-03-17,Returned,3
2772,2772,DTDC,Amritsar,2025-01-19,2025-01-25,Delivered Late,6
2773,2773,Xpressbees,Patna,2026-01-13,2026-01-22,Returned,7
2774,2774,Delhivery,Surat,2024-09-02,2024-09-07,Returned,3
2775,2775,Delhivery,Pune,2025-04-12,2025-04-19,Delivered Late,6
2776,2776,Xpressbees,Chennai,2025-05-01,2025-05-08,Delivered,7
2777,2777,Delhivery,Coimbatore,2025-04-18,2025-04-25,Delivered Late,6
2778,2778,Xpressbees,Ranchi,,,Processing,3
2779,2779,Ecom Express,Bhopal,2025-10-12,2025-10-19,Delivered,7
2780,2780,Delhivery,Hyderabad,2026-04-07,2026-04-11,Delivered,4
2781,2781,Xpressbees,Surat,2025-12-03,2025-12-12,Delivered Late,6
2782,2782,DTDC,Bengaluru,2026-03-03,2026-03-06,Delivered,4
2783,2783,Xpressbees,Nashik,,,Not Shipped,2
2784,2784,Delhivery,Bengaluru,2026-05-28,2026-06-04,Delivered Late,6
2785,2785,Delhivery,Patna,,,Not Shipped,7
2786,2786,Ecom Express,Bhopal,2025-05-12,2025-05-15,Delivered,4
2787,2787,Ekart Logistics,Bhubaneswar,2025-06-20,2025-06-27,Delivered,7
2788,2788,Delhivery,Kanpur,2025-10-06,2025-10-09,Delivered,4
2789,2789,Xpressbees,Bhopal,2024-02-15,2024-02-16,Delivered,2
2790,2790,Delhivery,Hyderabad,2026-02-18,2026-02-23,Delivered,6
2791,2791,DTDC,Pune,2026-05-17,2026-05-20,Delivered,4
2792,2792,Xpressbees,Kochi,2025-09-08,,In Transit,2
2793,2793,Ecom Express,Nagpur,,,Not Shipped,4
2794,2794,Ekart Logistics,Mysuru,2026-04-24,2026-04-28,Delivered,4
2795,2795,Bluedart,Chandigarh,2025-12-27,2026-01-01,Delivered Late,4
2796,2796,Bluedart,Kanpur,2025-10-13,2025-10-16,Delivered Late,3
2797,2797,DTDC,Coimbatore,2025-12-04,2025-12-07,Delivered,4
2798,2798,Ecom Express,Vadodara,2025-06-16,2025-06-19,Returned,4
2799,2799,Bluedart,Hyderabad,2025-11-11,2025-11-13,Delivered,2
2800,2800,Delhivery,Kolkata,2025-11-05,2025-11-08,Delivered Late,3
2801,2801,Xpressbees,Jaipur,,,Not Shipped,7
2802,2802,Ekart Logistics,Patna,2026-02-10,2026-02-14,Delivered,4
2803,2803,Bluedart,Guwahati,2026-02-24,2026-02-28,Delivered,5
2804,2804,Xpressbees,Ranchi,2025-10-19,2025-10-24,Delivered Late,5
2805,2805,DTDC,Thiruvananthapuram,2025-03-24,2025-03-30,Delivered,6
2806,2806,Ecom Express,Hyderabad,2026-01-23,2026-01-27,Delivered Late,4
2807,2807,Delhivery,Jaipur,2025-06-19,2025-06-26,Delivered Late,7
2808,2808,Bluedart,Coimbatore,2024-10-12,2024-10-15,Delivered Late,2
2809,2809,Ekart Logistics,Ahmedabad,2026-07-02,2026-07-05,Delivered,4
2810,2810,Delhivery,Guwahati,2026-08-02,2026-08-06,Delivered Late,2
2811,2811,DTDC,Coimbatore,2026-03-25,2026-03-30,Delivered Late,5
2812,2812,Xpressbees,Delhi,2024-03-25,2024-04-01,Delivered,7
2813,2813,DTDC,Thiruvananthapuram,2025-01-28,2025-01-30,Delivered,2
2814,2814,Ecom Express,Guwahati,2025-12-23,2025-12-29,Delivered Late,4
2815,2815,Xpressbees,Thiruvananthapuram,2026-03-28,2026-03-29,Returned,2
2816,2816,Delhivery,Bhubaneswar,2024-11-06,2024-11-09,Delivered,3
2817,2817,DTDC,Indore,2025-02-17,2025-02-21,Delivered Late,3
2818,2818,Xpressbees,Coimbatore,2026-01-03,2026-01-05,Delivered,3
2819,2819,Xpressbees,Chandigarh,2026-01-26,2026-01-31,Delivered,6
2820,2820,Delhivery,Indore,,,Processing,7
2821,2821,Ecom Express,Delhi,2025-05-03,2025-05-11,Delivered Late,6
2822,2822,Ecom Express,Chandigarh,2025-07-23,2025-07-30,Delivered,7
2823,2823,Ecom Express,Delhi,2025-01-11,,In Transit,2
2824,2824,Delhivery,Chennai,,,Not Shipped,4
2825,2825,Ekart Logistics,Nagpur,2025-11-13,2025-11-16,Delivered,3
2826,2826,Ecom Express,Lucknow,2024-09-02,2024-09-07,Delivered,6
2827,2827,DTDC,Mysuru,2026-05-01,2026-05-07,Delivered,6
2828,2828,Ecom Express,Bhubaneswar,2026-07-25,2026-07-27,Delivered Late,2
2829,2829,Xpressbees,Nagpur,2025-12-29,2026-01-01,Delivered,4
2830,2830,Xpressbees,Bhubaneswar,2025-05-16,2025-05-24,Delivered Late,7
2831,2831,Xpressbees,Mumbai,2026-01-18,2026-01-24,Delivered,7
2832,2832,Ekart Logistics,Guwahati,,,Not Shipped,7
2833,2833,Ekart Logistics,Mumbai,2025-07-16,2025-07-20,Delivered,4
2834,2834,Ecom Express,Mumbai,2025-12-03,2025-12-08,Delivered Late,4
2835,2835,Delhivery,Patna,2025-12-18,2025-12-25,Delivered,7
2836,2836,Bluedart,Chandigarh,2026-05-17,2026-05-20,Delivered Late,3
2837,2837,Ekart Logistics,Mumbai,2025-02-18,2025-02-21,Delivered Late,2
2838,2838,Bluedart,Chennai,2025-05-15,2025-05-21,Delivered,6
2839,2839,Xpressbees,Surat,2026-03-03,2026-03-04,Delivered,2
2840,2840,Delhivery,Nashik,2025-08-08,2025-08-10,Delivered,3
2841,2841,DTDC,Kochi,2026-05-25,2026-05-31,Delivered Late,4
2842,2842,Delhivery,Ranchi,2026-06-19,2026-06-27,Delivered Late,7
2843,2843,Bluedart,Ahmedabad,2025-09-23,,In Transit,5
2844,2844,Ecom Express,Chandigarh,2026-06-28,2026-07-02,Delivered,4
2845,2845,Delhivery,Surat,2026-05-10,2026-05-15,Delivered Late,3
2846,2846,Xpressbees,Pune,2025-02-15,2025-02-17,Delivered,3
2847,2847,Ecom Express,Thiruvananthapuram,2026-05-30,2026-06-03,Delivered Late,4
2848,2848,Ecom Express,Hyderabad,2025-05-17,2025-05-19,Delivered,2
2849,2849,Delhivery,Indore,2026-08-17,2026-08-22,Delivered,6
2850,2850,Ekart Logistics,Kochi,2025-06-25,2025-06-28,Delivered,3
2851,2851,Ecom Express,Kanpur,2024-08-08,2024-08-15,Delivered,7
2852,2852,Delhivery,Coimbatore,2025-04-11,2025-04-18,Delivered Late,6
2853,2853,Xpressbees,Bhopal,2026-03-31,2026-04-01,Delivered,2
2854,2854,Bluedart,Guwahati,,,Processing,2
2855,2855,Xpressbees,Kanpur,2026-02-23,2026-02-26,Delivered,4
2856,2856,Xpressbees,Nagpur,2026-05-08,2026-05-15,Delivered Late,5
2857,2857,Delhivery,Ranchi,2025-08-16,2025-08-19,Delivered,4
2858,2858,Ecom Express,Mysuru,2025-12-05,2025-12-09,Delivered Late,3
2859,2859,Ecom Express,Chandigarh,2026-04-15,2026-04-19,Delivered,5
2860,2860,Bluedart,Nagpur,,,Processing,3
2861,2861,Ekart Logistics,Chandigarh,2025-06-03,2025-06-07,Delivered,5
2862,2862,Bluedart,Bengaluru,2026-04-30,2026-05-01,Delivered,2
2863,2863,Ekart Logistics,Ranchi,2024-04-12,2024-04-17,Delivered,6
2864,2864,Bluedart,Chandigarh,2025-08-13,2025-08-15,Delivered,2
2865,2865,Ekart Logistics,Pune,2026-02-19,2026-02-21,Delivered,2
2866,2866,Delhivery,Nagpur,2026-06-23,2026-06-28,Delivered,6
2867,2867,Ekart Logistics,Bhopal,2026-04-13,2026-04-20,Delivered Late,6
2868,2868,Ekart Logistics,Indore,2025-12-09,2025-12-11,Delivered Late,2
2869,2869,Bluedart,Jaipur,2026-03-03,2026-03-10,Returned,7
2870,2870,Bluedart,Vadodara,2026-05-01,2026-05-04,Delivered,3
2871,2871,Bluedart,Surat,2026-01-25,2026-01-28,Delivered,3
2872,2872,Xpressbees,Nagpur,2025-09-09,2025-09-13,Delivered Late,3
2873,2873,Xpressbees,Nagpur,2025-12-23,2025-12-30,Delivered Late,4
2874,2874,Delhivery,Kanpur,2026-05-23,2026-05-27,Delivered Late,3
2875,2875,Bluedart,Nagpur,2026-03-24,2026-03-28,Delivered,5
2876,2876,Delhivery,Mumbai,2026-06-26,2026-06-30,Delivered Late,4
2877,2877,DTDC,Bhubaneswar,2024-10-28,2024-11-03,Delivered Late,4
2878,2878,Bluedart,Kolkata,2026-06-12,2026-06-13,Delivered,2
2879,2879,Xpressbees,Thiruvananthapuram,2025-06-09,2025-06-10,Delivered,2
2880,2880,DTDC,Lucknow,2026-01-30,,In Transit,5
2881,2881,Delhivery,Bhopal,2025-12-04,2025-12-09,Delivered Late,4
2882,2882,Bluedart,Guwahati,2024-10-26,2024-10-31,Delivered Late,3
2883,2883,Ekart Logistics,Kochi,2025-08-31,2025-09-05,Delivered,5
2884,2884,DTDC,Surat,2026-03-20,2026-03-25,Delivered,6
2885,2885,Bluedart,Hyderabad,2025-08-21,2025-08-24,Delivered Late,3
2886,2886,Delhivery,Mumbai,2025-12-10,2025-12-13,Delivered,3
2887,2887,Xpressbees,Thiruvananthapuram,,,Not Shipped,6
2888,2888,DTDC,Indore,2026-07-01,2026-07-03,Delivered,2
2889,2889,Ecom Express,Delhi,2025-02-05,2025-02-10,Delivered,5
2890,2890,Delhivery,Surat,2026-07-07,2026-07-13,Delivered Late,6
2891,2891,Xpressbees,Indore,2025-11-21,2025-11-29,Delivered Late,7
2892,2892,Xpressbees,Mumbai,2025-01-21,2025-01-27,Delivered,7
2893,2893,Xpressbees,Jaipur,2025-12-17,2025-12-19,Delivered,2
2894,2894,Bluedart,Amritsar,2026-01-22,2026-01-29,Delivered,7
2895,2895,Delhivery,Nashik,2025-01-19,2025-01-23,Delivered,4
2896,2896,Delhivery,Mysuru,2026-01-29,2026-02-02,Returned,4
2897,2897,DTDC,Kanpur,2026-07-06,2026-07-10,Delivered,5
2898,2898,Bluedart,Chandigarh,2026-02-09,2026-02-11,Delivered,2
2899,2899,Bluedart,Nashik,2026-05-06,2026-05-16,Delivered Late,7
2900,2900,DTDC,Guwahati,2025-07-16,2025-07-22,Delivered,7
2901,2901,Bluedart,Jaipur,2026-04-05,2026-04-06,Delivered,2
2902,2902,Xpressbees,Chandigarh,,,Processing,4
2903,2903,Xpressbees,Bhubaneswar,2025-09-10,,In Transit,7
2904,2904,Ekart Logistics,Patna,2025-10-29,2025-11-03,Returned,5
2905,2905,Xpressbees,Chandigarh,2026-05-26,2026-05-30,Delivered,4
2906,2906,DTDC,Thiruvananthapuram,,,Not Shipped,3
2907,2907,Ekart Logistics,Nashik,2025-07-25,,In Transit,6
2908,2908,Delhivery,Mysuru,2026-05-01,2026-05-07,Delivered,7
2909,2909,Bluedart,Amritsar,2025-08-13,2025-08-14,Delivered,2
2910,2910,Ekart Logistics,Indore,2025-12-17,2025-12-23,Delivered Late,5
2911,2911,Xpressbees,Lucknow,2026-03-15,2026-03-17,Delivered Late,2
2912,2912,Xpressbees,Chennai,,,Not Shipped,4
2913,2913,Xpressbees,Lucknow,,,Not Shipped,6
2914,2914,Delhivery,Mumbai,2025-09-16,2025-09-25,Delivered Late,7
2915,2915,Bluedart,Bhopal,2026-05-10,2026-05-12,Delivered Late,2
2916,2916,Bluedart,Thiruvananthapuram,2025-12-25,,In Transit,3
2917,2917,Xpressbees,Surat,2025-10-15,2025-10-17,Returned,3
2918,2918,Delhivery,Nagpur,2026-08-01,2026-08-08,Delivered Late,4
2919,2919,DTDC,Jaipur,2025-12-02,2025-12-08,Delivered Late,6
2920,2920,Xpressbees,Indore,2026-01-07,2026-01-12,Delivered,6
2921,2921,Bluedart,Thiruvananthapuram,2026-02-23,2026-02-28,Delivered Late,4
2922,2922,Bluedart,Chennai,2025-09-22,2025-09-25,Returned,3
2923,2923,DTDC,Mumbai,2025-03-14,2025-03-21,Delivered Late,7
2924,2924,Xpressbees,Surat,2026-07-03,2026-07-07,Delivered,5
2925,2925,Ekart Logistics,Mumbai,2025-02-08,2025-02-13,Delivered Late,4
2926,2926,Ekart Logistics,Mysuru,2025-11-22,2025-11-26,Delivered,5
2927,2927,Ecom Express,Delhi,2024-06-07,2024-06-14,Delivered Late,5
2928,2928,Xpressbees,Delhi,2025-10-09,2025-10-16,Delivered,7
2929,2929,Bluedart,Vadodara,2025-02-16,2025-02-18,Returned,2
2930,2930,DTDC,Kanpur,2025-07-25,2025-07-27,Delivered,2
2931,2931,DTDC,Kanpur,2025-05-07,2025-05-10,Delivered Late,2
2932,2932,Delhivery,Pune,2025-01-08,2025-01-12,Delivered,4
2933,2933,Delhivery,Indore,2026-01-05,2026-01-07,Delivered,3
2934,2934,DTDC,Patna,2024-12-18,2024-12-23,Delivered,5
2935,2935,Ecom Express,Kolkata,2026-06-06,2026-06-07,Delivered,2
2936,2936,DTDC,Amritsar,2025-04-14,2025-04-20,Delivered,6
2937,2937,Ekart Logistics,Chandigarh,2025-05-07,2025-05-15,Delivered Late,5
2938,2938,Ekart Logistics,Mysuru,2026-04-06,2026-04-10,Delivered,5
2939,2939,Delhivery,Lucknow,2026-03-10,,In Transit,5
2940,2940,DTDC,Lucknow,2026-05-10,2026-05-16,Delivered,7
2941,2941,DTDC,Bhubaneswar,2026-04-14,2026-04-16,Delivered,2
2942,2942,DTDC,Kochi,2025-10-09,2025-10-13,Delivered,4
2943,2943,Ecom Express,Chandigarh,2025-07-17,2025-07-22,Delivered,6
2944,2944,DTDC,Chandigarh,2025-05-12,2025-05-18,Delivered,6
2945,2945,Ekart Logistics,Mumbai,2024-10-01,2024-10-04,Delivered,4
2946,2946,Ekart Logistics,Bengaluru,2025-01-30,2025-02-04,Delivered Late,5
2947,2947,Bluedart,Chennai,2024-09-11,2024-09-16,Delivered Late,5
2948,2948,Ekart Logistics,Lucknow,2026-02-06,2026-02-12,Delivered,7
2949,2949,Bluedart,Nashik,2026-03-13,2026-03-18,Delivered,6
2950,2950,Ekart Logistics,Kochi,2026-04-17,2026-04-22,Delivered,6
2951,2951,Delhivery,Bengaluru,,,Not Shipped,5
2952,2952,Bluedart,Lucknow,2026-08-18,2026-08-23,Delivered,5
2953,2953,Ekart Logistics,Coimbatore,2025-10-06,2025-10-10,Delivered,5
2954,2954,Ecom Express,Chennai,2025-11-30,2025-12-09,Delivered Late,7
2955,2955,DTDC,Bengaluru,2025-01-29,2025-02-03,Delivered Late,2
2956,2956,Delhivery,Delhi,2026-04-23,2026-04-25,Delivered Late,2
2957,2957,DTDC,Guwahati,,,Not Shipped,5
2958,2958,Bluedart,Coimbatore,2025-09-03,2025-09-08,Delivered Late,4
2959,2959,Bluedart,Bhubaneswar,2025-04-23,2025-04-28,Delivered Late,4
2960,2960,DTDC,Mumbai,2025-10-20,2025-10-22,Delivered,3
2961,2961,DTDC,Mumbai,2025-12-28,2025-12-30,Returned,2
2962,2962,Xpressbees,Chandigarh,2026-06-02,,In Transit,5
2963,2963,DTDC,Vadodara,2025-01-07,2025-01-08,Delivered,2
2964,2964,Delhivery,Delhi,2024-08-26,2024-08-31,Delivered,6
2965,2965,Xpressbees,Chennai,2024-06-17,2024-06-20,Delivered,3
2966,2966,Bluedart,Amritsar,2025-02-20,2025-02-21,Delivered,2
2967,2967,DTDC,Guwahati,2025-02-03,2025-02-08,Delivered Late,5
2968,2968,DTDC,Bhubaneswar,,,Processing,3
2969,2969,Delhivery,Kolkata,2026-04-16,2026-04-20,Returned,4
2970,2970,DTDC,Kochi,2026-02-22,2026-03-01,Delivered,7
2971,2971,Xpressbees,Surat,2024-10-30,2024-11-04,Delivered,5
2972,2972,Ekart Logistics,Chandigarh,2026-06-05,2026-06-12,Delivered Late,7
2973,2973,Xpressbees,Amritsar,2026-05-01,2026-05-04,Delivered,4
2974,2974,Delhivery,Ranchi,2026-03-05,2026-03-10,Delivered Late,5
2975,2975,Ecom Express,Chandigarh,2026-02-03,2026-02-05,Delivered,2
2976,2976,Ecom Express,Coimbatore,2025-03-19,2025-03-22,Delivered,3
2977,2977,Bluedart,Hyderabad,2026-08-19,2026-08-26,Delivered,7
2978,2978,Ekart Logistics,Hyderabad,2024-06-17,,In Transit,2
2979,2979,Bluedart,Ahmedabad,2026-02-18,2026-02-25,Delivered,7
2980,2980,Ecom Express,Bhubaneswar,2024-10-10,2024-10-17,Delivered,7
2981,2981,Xpressbees,Kochi,,,Not Shipped,4
2982,2982,Ecom Express,Lucknow,2026-04-21,2026-04-25,Delivered,5
2983,2983,DTDC,Ranchi,2025-08-06,2025-08-13,Delivered Late,5
2984,2984,Delhivery,Chandigarh,2026-03-26,,In Transit,6
2985,2985,DTDC,Ranchi,2024-12-07,2024-12-14,Delivered Late,6
2986,2986,Delhivery,Indore,2025-08-23,2025-09-01,Returned,7
2987,2987,Ekart Logistics,Kochi,2025-04-15,2025-04-19,Delivered,5
2988,2988,Delhivery,Patna,2026-02-27,2026-03-04,Delivered Late,4
2989,2989,Bluedart,Thiruvananthapuram,2025-02-23,2025-02-26,Delivered,3
2990,2990,Ekart Logistics,Bengaluru,2026-03-10,2026-03-14,Delivered,4
2991,2991,Xpressbees,Hyderabad,2026-04-30,,In Transit,7
2992,2992,DTDC,Amritsar,2026-08-03,2026-08-04,Delivered,2
2993,2993,Bluedart,Mumbai,,,Not Shipped,7
2994,2994,DTDC,Kanpur,2025-06-21,2025-06-28,Delivered Late,5
2995,2995,DTDC,Delhi,2026-08-17,2026-08-24,Delivered,7
2996,2996,Ekart Logistics,Coimbatore,2026-02-26,2026-03-07,Delivered Late,7
2997,2997,Bluedart,Guwahati,2025-07-30,2025-08-05,Delivered,6
2998,2998,Xpressbees,Nagpur,2025-11-16,2025-11-18,Delivered,2
2999,2999,Delhivery,Pune,2025-09-14,2025-09-19,Delivered Late,4
3000,3000,Xpressbees,Kolkata,2026-04-13,2026-04-20,Delivered,7
3001,3001,Xpressbees,Nashik,2026-02-08,2026-02-15,Delivered,7
3002,3002,Delhivery,Bengaluru,2025-10-08,2025-10-17,Returned,7
3003,3003,Delhivery,Hyderabad,2025-11-03,2025-11-12,Delivered Late,6
3004,3004,Ekart Logistics,Chandigarh,2025-05-01,,In Transit,3
3005,3005,Delhivery,Amritsar,2025-01-17,2025-01-23,Returned,3
3006,3006,Delhivery,Hyderabad,2025-06-27,2025-07-03,Delivered,6
3007,3007,Bluedart,Mumbai,2026-02-24,2026-02-26,Delivered,3
3008,3008,DTDC,Mumbai,2025-06-15,2025-06-20,Delivered Late,4
3009,3009,Ekart Logistics,Guwahati,2026-02-28,2026-03-08,Delivered Late,7
3010,3010,DTDC,Guwahati,2025-08-07,2025-08-09,Delivered,3
3011,3011,Delhivery,Indore,2026-06-14,,In Transit,4
3012,3012,Ecom Express,Indore,2025-11-07,2025-11-11,Delivered Late,2
3013,3013,Delhivery,Chennai,2026-02-06,2026-02-09,Delivered Late,2
3014,3014,Xpressbees,Chandigarh,2026-07-01,2026-07-05,Delivered Late,2
3015,3015,Bluedart,Kolkata,2024-11-26,2024-11-29,Delivered Late,2
3016,3016,Ekart Logistics,Hyderabad,2026-05-15,,In Transit,6
3017,3017,Xpressbees,Jaipur,2026-04-14,2026-04-19,Delivered Late,3
3018,3018,DTDC,Surat,2025-04-17,2025-04-21,Delivered,4
3019,3019,Ekart Logistics,Delhi,,,Not Shipped,3
3020,3020,Ekart Logistics,Ahmedabad,2025-12-28,2026-01-01,Delivered Late,3
3021,3021,Ekart Logistics,Kanpur,2025-09-21,2025-09-28,Delivered,7
3022,3022,Xpressbees,Ranchi,2026-02-07,2026-02-13,Returned,3
3023,3023,Ecom Express,Ahmedabad,2026-01-23,2026-01-27,Returned,4
3024,3024,Bluedart,Thiruvananthapuram,2025-08-27,2025-08-31,Delivered,5
3025,3025,Bluedart,Kochi,2025-04-27,2025-05-03,Delivered,7
3026,3026,DTDC,Bengaluru,2025-12-27,2026-01-02,Delivered Late,6
3027,3027,Bluedart,Kochi,2025-10-15,2025-10-23,Delivered Late,6
3028,3028,DTDC,Chennai,2025-01-23,2025-01-28,Delivered,5
3029,3029,Ekart Logistics,Jaipur,2024-11-15,2024-11-17,Returned,2
3030,3030,Delhivery,Chennai,2026-01-30,2026-02-05,Delivered,7
3031,3031,Delhivery,Lucknow,2025-12-29,2026-01-02,Delivered Late,3
3032,3032,DTDC,Amritsar,2025-11-27,2025-12-02,Delivered Late,4
3033,3033,Delhivery,Nashik,,,Not Shipped,4
3034,3034,Ekart Logistics,Chennai,2025-10-30,2025-11-02,Delivered,3
3035,3035,Bluedart,Mysuru,2025-06-07,2025-06-11,Delivered,5
3036,3036,Ekart Logistics,Thiruvananthapuram,,,Not Shipped,3
3037,3037,Bluedart,Ranchi,2026-05-21,2026-05-26,Delivered Late,5
3038,3038,Ecom Express,Hyderabad,2025-05-15,2025-05-21,Delivered,7
3039,3039,Ekart Logistics,Chandigarh,2025-09-27,2025-09-28,Delivered,2
3040,3040,Bluedart,Kolkata,2026-01-13,2026-01-17,Delivered,4
3041,3041,Ecom Express,Bengaluru,2025-05-26,2025-05-27,Delivered,2
3042,3042,DTDC,Chandigarh,,,Processing,4
3043,3043,Ekart Logistics,Delhi,2023-11-15,2023-11-18,Delivered,3
3044,3044,Bluedart,Patna,,,Not Shipped,6
3045,3045,Xpressbees,Hyderabad,2025-05-17,2025-05-20,Delivered Late,2
3046,3046,Ecom Express,Kochi,2026-03-24,2026-03-25,Delivered,2
3047,3047,Bluedart,Kanpur,,,Not Shipped,3
3048,3048,Bluedart,Thiruvananthapuram,2025-10-29,2025-10-31,Delivered,2
3049,3049,Xpressbees,Nagpur,2026-06-14,2026-06-17,Delivered Late,3
3050,3050,Delhivery,Thiruvananthapuram,2025-12-16,,In Transit,7
3051,3051,Bluedart,Ranchi,2026-02-07,2026-02-11,Delivered Late,2
3052,3052,Ekart Logistics,Kanpur,2026-05-15,2026-05-20,Delivered Late,4
3053,3053,Xpressbees,Vadodara,2024-12-01,2024-12-05,Delivered Late,2
3054,3054,Bluedart,Delhi,2025-03-10,2025-03-15,Delivered,5
3055,3055,Bluedart,Mysuru,2024-11-30,2024-12-08,Delivered Late,7
3056,3056,Bluedart,Indore,2026-07-27,2026-08-01,Delivered,5
3057,3057,Ecom Express,Bhubaneswar,2026-03-31,2026-04-06,Delivered,7
3058,3058,Delhivery,Amritsar,2026-06-14,2026-06-18,Delivered Late,2
3059,3059,Xpressbees,Mysuru,2025-11-14,2025-11-20,Delivered,6
3060,3060,Ecom Express,Guwahati,2026-01-15,2026-01-18,Delivered,3
3061,3061,Ecom Express,Guwahati,2025-01-26,2025-02-01,Delivered,6
3062,3062,Delhivery,Kochi,2025-11-08,2025-11-11,Delivered,4
3063,3063,Xpressbees,Bhopal,2025-12-15,2025-12-19,Delivered Late,2
3064,3064,Bluedart,Chandigarh,2025-07-28,2025-07-31,Delivered,3
3065,3065,Ecom Express,Jaipur,2025-12-25,2025-12-30,Delivered,6
3066,3066,Xpressbees,Patna,2026-05-10,2026-05-12,Delivered,2
3067,3067,Ecom Express,Kochi,2025-07-06,2025-07-11,Delivered Late,3
3068,3068,Delhivery,Patna,2025-03-24,2025-03-26,Delivered,3
3069,3069,DTDC,Indore,2026-05-27,2026-05-31,Delivered,4
3070,3070,Xpressbees,Kanpur,2025-08-28,2025-09-04,Delivered Late,7
3071,3071,Ekart Logistics,Amritsar,2025-03-25,2025-03-28,Delivered,4
3072,3072,Delhivery,Hyderabad,2025-10-29,2025-11-01,Returned,3
3073,3073,Ecom Express,Jaipur,2025-07-09,2025-07-10,Delivered,2
3074,3074,Xpressbees,Chennai,2025-04-26,2025-05-01,Delivered Late,3
3075,3075,Xpressbees,Ahmedabad,2026-02-26,2026-03-02,Delivered,4
3076,3076,DTDC,Patna,2025-08-02,2025-08-04,Returned,3
3077,3077,Ekart Logistics,Bhopal,2026-01-23,2026-01-26,Delivered,4
3078,3078,Ekart Logistics,Nashik,2024-12-23,2024-12-31,Delivered Late,5
3079,3079,DTDC,Mysuru,2026-02-20,2026-02-26,Delivered,7
3080,3080,Ekart Logistics,Thiruvananthapuram,2025-11-21,2025-11-28,Delivered,7
3081,3081,Bluedart,Kochi,,,Processing,6
3082,3082,Delhivery,Patna,2025-12-18,2025-12-21,Delivered,3
3083,3083,Ecom Express,Coimbatore,2024-10-22,2024-10-29,Delivered,7
3084,3084,Ekart Logistics,Pune,2025-04-04,2025-04-06,Delivered,3
3085,3085,Delhivery,Nagpur,2024-05-19,2024-05-22,Delivered,4
3086,3086,Bluedart,Chennai,2025-08-31,2025-09-08,Delivered Late,6
3087,3087,DTDC,Kolkata,2026-04-07,2026-04-11,Delivered,5
3088,3088,Ekart Logistics,Jaipur,2025-03-21,2025-03-25,Delivered,5
3089,3089,Ecom Express,Chandigarh,2026-02-01,2026-02-06,Delivered Late,4
3090,3090,Bluedart,Patna,2025-12-13,2025-12-20,Delivered,7
3091,3091,Delhivery,Kolkata,2025-08-28,2025-09-04,Delivered,7
3092,3092,Ekart Logistics,Coimbatore,2026-02-17,2026-02-19,Delivered Late,2
3093,3093,Delhivery,Patna,,,Processing,2
3094,3094,Ecom Express,Jaipur,2025-06-11,2025-06-16,Delivered,5
3095,3095,DTDC,Kochi,2026-07-28,,In Transit,5
3096,3096,Ecom Express,Mumbai,2025-12-13,2025-12-15,Delivered,2
3097,3097,DTDC,Guwahati,2026-02-09,2026-02-14,Delivered,5
3098,3098,Ekart Logistics,Coimbatore,2024-10-05,2024-10-10,Delivered Late,2
3099,3099,Delhivery,Pune,2025-12-27,2025-12-31,Delivered,5
3100,3100,Ecom Express,Bhubaneswar,2026-03-13,2026-03-17,Delivered Late,2
3101,3101,Xpressbees,Kochi,2025-11-23,2025-11-24,Delivered,2
3102,3102,Ekart Logistics,Ranchi,2024-10-02,2024-10-04,Delivered,3
3103,3103,Xpressbees,Chandigarh,2026-01-31,2026-02-06,Returned,5
3104,3104,Ekart Logistics,Delhi,2026-06-14,2026-06-19,Delivered,5
3105,3105,DTDC,Surat,2026-04-17,2026-04-22,Delivered Late,3
3106,3106,Ekart Logistics,Ranchi,2026-04-23,2026-04-29,Delivered,7
3107,3107,Bluedart,Hyderabad,2026-03-06,2026-03-10,Delivered,5
3108,3108,Ekart Logistics,Bhubaneswar,,,Not Shipped,6
3109,3109,Bluedart,Ahmedabad,2025-08-30,2025-09-01,Delivered,2
3110,3110,Ekart Logistics,Nashik,2026-01-26,2026-01-28,Delivered,3
3111,3111,DTDC,Pune,2024-08-22,2024-08-24,Delivered,3
3112,3112,Ecom Express,Indore,2026-06-02,2026-06-08,Delivered,7
3113,3113,Ecom Express,Jaipur,2026-03-28,2026-03-29,Returned,2
3114,3114,Delhivery,Nagpur,2026-04-20,2026-04-26,Delivered Late,6
3115,3115,DTDC,Nashik,2025-11-17,2025-11-23,Delivered Late,6
3116,3116,DTDC,Bengaluru,2025-04-29,2025-05-04,Delivered,6
3117,3117,Ecom Express,Surat,2024-05-02,2024-05-09,Delivered Late,7
3118,3118,Bluedart,Chandigarh,2025-09-03,2025-09-06,Delivered,4
3119,3119,Bluedart,Guwahati,2026-02-14,2026-02-20,Delivered Late,5
3120,3120,Bluedart,Patna,2026-03-04,2026-03-07,Delivered Late,2
3121,3121,Ekart Logistics,Nashik,2026-01-07,2026-01-14,Returned,6
3122,3122,Ekart Logistics,Jaipur,,,Not Shipped,3
3123,3123,DTDC,Indore,2025-06-17,2025-06-19,Delivered,2
3124,3124,Ecom Express,Nagpur,2025-11-18,2025-11-22,Delivered Late,3
3125,3125,Ekart Logistics,Hyderabad,2025-09-07,2025-09-10,Delivered,4
3126,3126,Ecom Express,Chennai,2024-09-01,2024-09-06,Delivered,5
3127,3127,Delhivery,Bhubaneswar,2026-05-24,2026-06-02,Returned,7
3128,3128,Bluedart,Bhopal,2024-10-11,2024-10-14,Delivered Late,3
3129,3129,Ecom Express,Guwahati,2025-04-24,2025-04-27,Delivered,4
3130,3130,Ecom Express,Vadodara,2025-08-11,2025-08-14,Delivered,4
3131,3131,Ecom Express,Bhubaneswar,2026-07-16,2026-07-20,Delivered,4
3132,3132,Ekart Logistics,Chennai,2026-05-04,2026-05-09,Returned,6
3133,3133,Ekart Logistics,Mumbai,2026-04-10,2026-04-13,Delivered,3
3134,3134,Ecom Express,Amritsar,2025-12-05,2025-12-11,Delivered,6
3135,3135,Ekart Logistics,Hyderabad,2024-03-23,2024-03-29,Delivered Late,5
3136,3136,DTDC,Amritsar,2025-09-11,2025-09-13,Delivered,3
3137,3137,Xpressbees,Kochi,2026-01-14,2026-01-19,Delivered,6
3138,3138,DTDC,Chandigarh,2025-12-10,2025-12-11,Delivered,2
3139,3139,Bluedart,Thiruvananthapuram,2026-04-01,,In Transit,6
3140,3140,Delhivery,Lucknow,2025-10-02,2025-10-08,Delivered,7
3141,3141,Bluedart,Ranchi,2026-03-21,2026-03-28,Delivered Late,7
3142,3142,Xpressbees,Indore,2026-01-16,2026-01-19,Delivered Late,2
3143,3143,Ekart Logistics,Guwahati,2026-02-20,2026-02-24,Delivered,4
3144,3144,Ekart Logistics,Surat,2026-04-29,2026-05-06,Delivered Late,6
3145,3145,DTDC,Bhubaneswar,2026-01-28,2026-01-30,Delivered,2
3146,3146,DTDC,Lucknow,2025-06-02,2025-06-04,Delivered,3
3147,3147,Ekart Logistics,Bhubaneswar,2026-07-17,2026-07-22,Delivered Late,3
3148,3148,Delhivery,Guwahati,2025-10-14,2025-10-20,Delivered Late,5
3149,3149,DTDC,Bengaluru,2026-03-03,2026-03-09,Returned,6
3150,3150,Xpressbees,Bhubaneswar,2025-12-21,2025-12-24,Delivered Late,2
3151,3151,Delhivery,Chennai,2025-04-16,2025-04-21,Delivered,5
3152,3152,Bluedart,Mumbai,2025-10-23,2025-10-31,Delivered Late,5
3153,3153,Xpressbees,Lucknow,2026-01-06,2026-01-08,Delivered,2
3154,3154,Bluedart,Ranchi,2025-09-20,,In Transit,4
3155,3155,Bluedart,Kochi,2024-06-23,2024-06-29,Delivered,7
3156,3156,Bluedart,Surat,2026-03-10,2026-03-14,Delivered,4
3157,3157,Delhivery,Hyderabad,2025-10-07,,In Transit,3
3158,3158,Bluedart,Indore,2025-09-04,2025-09-11,Returned,7
3159,3159,Bluedart,Ahmedabad,2025-06-29,2025-07-04,Delivered,6
3160,3160,Delhivery,Kochi,2026-04-01,2026-04-05,Delivered,5
3161,3161,Bluedart,Bengaluru,2026-04-28,2026-05-03,Delivered Late,3
3162,3162,DTDC,Thiruvananthapuram,2026-02-23,2026-02-28,Delivered,5
3163,3163,Ekart Logistics,Surat,2026-02-02,,In Transit,4
3164,3164,Ekart Logistics,Kolkata,2024-12-29,2025-01-01,Delivered Late,2
3165,3165,Ecom Express,Surat,,,Not Shipped,7
3166,3166,DTDC,Ahmedabad,2025-12-16,2025-12-18,Delivered,3
3167,3167,DTDC,Kolkata,2025-08-31,2025-09-04,Delivered,4
3168,3168,Ecom Express,Kanpur,2025-06-16,2025-06-21,Delivered,5
3169,3169,Delhivery,Nagpur,2025-08-05,2025-08-06,Delivered,2
3170,3170,Bluedart,Ranchi,2026-03-12,2026-03-16,Delivered Late,2
3171,3171,DTDC,Hyderabad,2025-08-22,2025-08-28,Delivered,6
3172,3172,Bluedart,Patna,2026-01-18,,In Transit,3
3173,3173,Xpressbees,Lucknow,2025-02-11,2025-02-16,Delivered Late,3
3174,3174,Xpressbees,Mumbai,2026-06-07,2026-06-13,Delivered,6
3175,3175,DTDC,Ahmedabad,2026-05-15,2026-05-22,Delivered Late,5
3176,3176,DTDC,Ahmedabad,2025-12-23,2025-12-29,Delivered Late,5
3177,3177,Ecom Express,Pune,2026-05-14,2026-05-19,Delivered,6
3178,3178,Ekart Logistics,Kolkata,2026-05-29,2026-06-05,Delivered Late,5
3179,3179,Ekart Logistics,Jaipur,2026-02-12,2026-02-15,Delivered Late,2
3180,3180,Ekart Logistics,Mumbai,2026-02-06,2026-02-08,Delivered,2
3181,3181,Bluedart,Chennai,2026-02-05,,In Transit,2
3182,3182,Bluedart,Nagpur,2026-03-22,2026-03-26,Delivered Late,2
3183,3183,DTDC,Bengaluru,2026-03-16,2026-03-22,Delivered Late,6
3184,3184,Ecom Express,Patna,2025-08-21,,In Transit,3
3185,3185,Ecom Express,Surat,2025-11-29,2025-12-08,Delivered Late,7
3186,3186,Ekart Logistics,Bhubaneswar,2026-05-12,2026-05-15,Delivered,3
3187,3187,Delhivery,Pune,2026-03-13,2026-03-15,Delivered,3
3188,3188,Xpressbees,Kolkata,2026-03-19,2026-03-22,Delivered,3
3189,3189,Delhivery,Patna,2025-05-21,2025-05-24,Delivered,3
3190,3190,DTDC,Kochi,2026-04-21,2026-04-27,Delivered Late,5
3191,3191,Xpressbees,Bhubaneswar,2026-04-28,2026-05-05,Delivered Late,6
3192,3192,Xpressbees,Bengaluru,2025-07-28,2025-08-01,Delivered Late,4
3193,3193,Ecom Express,Ranchi,,,Processing,2
3194,3194,Bluedart,Delhi,2024-12-13,2024-12-21,Delivered Late,6
3195,3195,Ecom Express,Nagpur,2025-07-31,2025-08-07,Delivered,7
3196,3196,Delhivery,Kochi,,,Processing,4
3197,3197,Bluedart,Thiruvananthapuram,2025-11-11,2025-11-20,Delivered Late,6
3198,3198,Xpressbees,Pune,2025-09-14,2025-09-17,Delivered,3
3199,3199,Ecom Express,Ahmedabad,2025-12-28,2026-01-04,Delivered Late,7
3200,3200,DTDC,Patna,2025-07-11,2025-07-18,Delivered Late,7
3201,3201,Xpressbees,Amritsar,,,Not Shipped,5
3202,3202,Ecom Express,Indore,2025-06-20,2025-06-26,Returned,7
3203,3203,Ekart Logistics,Chennai,,,Processing,3
3204,3204,Xpressbees,Delhi,,,Not Shipped,4
3205,3205,Bluedart,Kanpur,2025-05-26,2025-06-01,Delivered,7
3206,3206,DTDC,Kanpur,2024-12-21,,In Transit,4
3207,3207,Ecom Express,Guwahati,2026-02-02,,In Transit,5
3208,3208,Bluedart,Chennai,2025-12-16,2025-12-23,Delivered Late,4
3209,3209,Delhivery,Bengaluru,2025-11-01,2025-11-06,Delivered,6
3210,3210,Ecom Express,Vadodara,2025-10-28,2025-10-31,Delivered,3
3211,3211,Bluedart,Nagpur,2025-03-27,2025-04-04,Delivered Late,7
3212,3212,DTDC,Coimbatore,2026-03-16,2026-03-25,Delivered Late,7
3213,3213,Ecom Express,Pune,2026-02-10,2026-02-15,Delivered,6
3214,3214,DTDC,Kanpur,2026-08-10,2026-08-14,Delivered,4
3215,3215,Ekart Logistics,Kanpur,2025-10-12,2025-10-17,Delivered Late,4
3216,3216,Xpressbees,Guwahati,2025-05-19,,In Transit,4
3217,3217,DTDC,Guwahati,2024-08-28,2024-08-30,Delivered,2
3218,3218,Ecom Express,Delhi,2026-01-27,2026-01-31,Delivered Late,4
3219,3219,Ekart Logistics,Nagpur,2026-04-23,2026-04-26,Delivered,4
3220,3220,DTDC,Chennai,2026-06-15,2026-06-19,Delivered,4
3221,3221,Xpressbees,Ranchi,2026-04-13,2026-04-19,Delivered Late,4
3222,3222,Delhivery,Indore,2026-01-30,2026-02-04,Delivered Late,4
3223,3223,Bluedart,Guwahati,,,Processing,4
3224,3224,Bluedart,Bhubaneswar,2025-06-23,2025-07-01,Delivered Late,6
3225,3225,Bluedart,Pune,2026-02-03,,In Transit,2
3226,3226,Xpressbees,Lucknow,2026-01-29,2026-02-02,Delivered,5
3227,3227,DTDC,Hyderabad,2026-03-29,2026-04-05,Delivered Late,6
3228,3228,Bluedart,Bhubaneswar,2025-03-15,2025-03-18,Delivered Late,2
3229,3229,DTDC,Mysuru,2024-06-09,2024-06-12,Delivered Late,3
3230,3230,DTDC,Patna,2026-03-02,2026-03-06,Delivered,5
3231,3231,Xpressbees,Ranchi,2026-01-01,2026-01-04,Delivered,4
3232,3232,Ecom Express,Bengaluru,2025-02-07,2025-02-15,Delivered Late,7
3233,3233,Ecom Express,Nashik,2025-12-12,2025-12-15,Delivered,3
3234,3234,Delhivery,Chennai,2025-01-21,2025-01-27,Delivered,7
3235,3235,Xpressbees,Pune,2025-05-19,2025-05-25,Delivered Late,4
3236,3236,Ecom Express,Patna,2025-10-02,2025-10-04,Delivered,2
3237,3237,Bluedart,Nashik,,,Not Shipped,6
3238,3238,Ecom Express,Pune,2025-08-08,2025-08-11,Delivered,4
3239,3239,Delhivery,Chennai,2025-01-03,2025-01-06,Delivered Late,2
3240,3240,Ekart Logistics,Kochi,2026-03-04,2026-03-11,Delivered,7
3241,3241,DTDC,Delhi,2025-09-19,2025-09-28,Delivered Late,7
3242,3242,Ecom Express,Guwahati,2026-05-24,2026-05-30,Delivered,6
3243,3243,Delhivery,Delhi,2024-08-18,2024-08-22,Delivered,4
3244,3244,Xpressbees,Thiruvananthapuram,2025-08-16,,In Transit,7
3245,3245,Xpressbees,Kochi,2026-07-29,2026-08-02,Delivered,4
3246,3246,Bluedart,Pune,2025-11-24,2025-12-01,Delivered Late,7
3247,3247,Bluedart,Jaipur,2025-04-23,2025-04-26,Delivered,4
3248,3248,Xpressbees,Pune,2026-02-13,2026-02-19,Delivered,7
3249,3249,Delhivery,Amritsar,2026-02-19,2026-02-23,Delivered,4
3250,3250,Bluedart,Kochi,2025-12-04,2025-12-12,Delivered Late,7
3251,3251,Xpressbees,Mysuru,2025-07-12,2025-07-18,Delivered,7
3252,3252,Delhivery,Surat,2026-05-15,,In Transit,4
3253,3253,Delhivery,Delhi,,,Not Shipped,7
3254,3254,Ecom Express,Vadodara,2026-01-06,2026-01-11,Delivered,5
3255,3255,Ekart Logistics,Kanpur,2025-11-15,2025-11-21,Returned,7
3256,3256,Bluedart,Kanpur,2025-06-30,2025-07-04,Delivered,4
3257,3257,Ekart Logistics,Thiruvananthapuram,2025-09-12,2025-09-17,Delivered,6
3258,3258,Xpressbees,Jaipur,2025-09-28,2025-09-30,Delivered Late,2
3259,3259,DTDC,Bhopal,2024-08-22,2024-08-27,Delivered Late,4
3260,3260,Delhivery,Jaipur,2026-07-08,2026-07-14,Delivered,7
3261,3261,Delhivery,Bengaluru,2025-11-30,2025-12-07,Delivered Late,6
3262,3262,Delhivery,Mysuru,2026-02-06,2026-02-10,Delivered Late,2
3263,3263,Bluedart,Kanpur,2025-08-25,2025-08-27,Delivered,2
3264,3264,Delhivery,Chandigarh,2025-12-01,2025-12-06,Delivered Late,2
3265,3265,Bluedart,Coimbatore,2026-06-09,2026-06-15,Delivered Late,6
3266,3266,Bluedart,Ranchi,2025-05-03,,In Transit,3
3267,3267,Xpressbees,Mumbai,2025-07-23,2025-07-27,Delivered,4
3268,3268,Delhivery,Kanpur,2026-05-10,2026-05-18,Delivered Late,6
3269,3269,Bluedart,Ahmedabad,2025-06-01,2025-06-04,Delivered Late,2
3270,3270,Delhivery,Mumbai,2025-12-29,2026-01-06,Delivered Late,6
3271,3271,Ekart Logistics,Delhi,,,Processing,5
3272,3272,Bluedart,Bhopal,2025-09-05,2025-09-08,Delivered,3
3273,3273,Ekart Logistics,Amritsar,2025-09-14,2025-09-19,Delivered,6
3274,3274,Ekart Logistics,Kanpur,2024-11-14,2024-11-20,Delivered,6
3275,3275,Ekart Logistics,Jaipur,2025-04-10,2025-04-16,Delivered,6
3276,3276,DTDC,Coimbatore,2024-11-20,2024-11-26,Delivered,6
3277,3277,Ekart Logistics,Amritsar,2025-10-24,2025-10-27,Delivered,3
3278,3278,Delhivery,Chandigarh,2024-08-21,2024-08-24,Delivered Late,2
3279,3279,DTDC,Bhopal,2025-07-09,2025-07-12,Delivered,4
3280,3280,DTDC,Kanpur,,,Not Shipped,3
3281,3281,Bluedart,Ranchi,2025-10-10,2025-10-15,Delivered Late,4
3282,3282,Delhivery,Ahmedabad,2025-11-18,2025-11-19,Delivered,2
3283,3283,Bluedart,Pune,2025-10-27,2025-11-02,Delivered,7
3284,3284,Ecom Express,Coimbatore,2025-12-21,2025-12-28,Delivered Late,6
3285,3285,Delhivery,Kochi,2025-08-14,2025-08-16,Delivered,2
3286,3286,Ecom Express,Surat,2024-11-14,2024-11-16,Delivered,3
3287,3287,Xpressbees,Mysuru,2026-05-15,2026-05-23,Delivered Late,6
3288,3288,Bluedart,Mumbai,2025-03-16,2025-03-20,Delivered Late,4
3289,3289,Xpressbees,Patna,2025-09-15,2025-09-23,Delivered Late,7
3290,3290,Ecom Express,Chennai,2025-08-11,2025-08-13,Delivered,2
3291,3291,Bluedart,Patna,2026-03-23,2026-03-29,Delivered,7
3292,3292,Delhivery,Ahmedabad,2023-10-22,2023-10-27,Returned,6
3293,3293,Xpressbees,Nashik,,,Not Shipped,5
3294,3294,Bluedart,Mysuru,2024-07-04,2024-07-07,Delivered Late,3
3295,3295,Ecom Express,Surat,2026-02-21,2026-02-24,Delivered,4
3296,3296,Bluedart,Patna,2025-08-07,2025-08-08,Delivered,2
3297,3297,Ekart Logistics,Surat,2026-07-18,2026-07-24,Delivered,6
3298,3298,Bluedart,Delhi,2026-01-22,2026-01-31,Delivered Late,6
3299,3299,Ecom Express,Chennai,2026-05-28,2026-06-04,Delivered Late,7
3300,3300,Bluedart,Kanpur,2026-02-13,2026-02-21,Delivered Late,7
3301,3301,Bluedart,Vadodara,2026-06-15,2026-06-17,Delivered,3
3302,3302,DTDC,Pune,2026-04-26,2026-05-02,Delivered,7
3303,3303,Bluedart,Nashik,2026-05-07,2026-05-11,Delivered,5
3304,3304,Ekart Logistics,Bhopal,2025-05-23,2025-05-25,Delivered Late,2
3305,3305,Ekart Logistics,Guwahati,2025-11-21,2025-11-27,Delivered,7
3306,3306,Ecom Express,Bengaluru,2026-01-27,2026-01-28,Delivered,2
3307,3307,Delhivery,Amritsar,2026-06-28,2026-06-30,Delivered,3
3308,3308,DTDC,Jaipur,2025-11-25,2025-11-29,Delivered Late,3
3309,3309,Ecom Express,Guwahati,2025-11-21,2025-11-29,Delivered Late,7
3310,3310,DTDC,Patna,2025-02-03,2025-02-09,Delivered,6
3311,3311,DTDC,Nagpur,2026-08-06,2026-08-08,Delivered,3
3312,3312,Bluedart,Mysuru,2025-12-09,2025-12-14,Delivered,5
3313,3313,Bluedart,Amritsar,2025-11-20,2025-11-25,Delivered Late,3
3314,3314,Bluedart,Chennai,2025-09-21,2025-09-24,Returned,4
3315,3315,Bluedart,Ahmedabad,2026-06-02,2026-06-08,Delivered,7
3316,3316,Ecom Express,Bhopal,2026-03-31,2026-04-03,Delivered,4
3317,3317,Ekart Logistics,Mumbai,2026-07-27,2026-07-31,Delivered,4
3318,3318,DTDC,Vadodara,,,Processing,5
3319,3319,Ecom Express,Lucknow,2025-01-19,2025-01-26,Delivered Late,5
3320,3320,DTDC,Kochi,2025-12-14,2025-12-19,Delivered,6
3321,3321,Ekart Logistics,Amritsar,,,Not Shipped,3
3322,3322,Bluedart,Thiruvananthapuram,2025-09-16,2025-09-19,Delivered,4
3323,3323,DTDC,Thiruvananthapuram,2025-09-20,2025-09-24,Delivered Late,3
3324,3324,Bluedart,Kochi,,,Not Shipped,5
3325,3325,Ekart Logistics,Ahmedabad,2026-03-22,2026-03-25,Delivered,4
3326,3326,Bluedart,Nagpur,2025-08-29,2025-09-04,Delivered,6
3327,3327,Xpressbees,Chandigarh,2025-10-31,2025-11-06,Delivered,6
3328,3328,Ekart Logistics,Mumbai,2025-11-09,2025-11-14,Delivered Late,3
3329,3329,Delhivery,Lucknow,2025-06-30,2025-07-05,Delivered Late,5
3330,3330,DTDC,Bhopal,2026-01-18,2026-01-23,Returned,5
3331,3331,Bluedart,Lucknow,2025-09-08,,In Transit,4
3332,3332,Bluedart,Lucknow,2025-06-19,2025-06-20,Delivered,2
3333,3333,DTDC,Delhi,2024-10-07,,In Transit,4
3334,3334,Ekart Logistics,Chandigarh,2025-04-11,2025-04-16,Delivered,6
3335,3335,Ecom Express,Kochi,2025-08-14,2025-08-21,Delivered Late,4
3336,3336,DTDC,Surat,2026-07-08,2026-07-10,Delivered,2
3337,3337,Xpressbees,Ranchi,2025-06-23,2025-06-29,Delivered,6
3338,3338,DTDC,Pune,2026-02-04,2026-02-10,Delivered,6
3339,3339,Xpressbees,Bhopal,2025-05-07,2025-05-13,Delivered,6
3340,3340,Xpressbees,Lucknow,2024-12-20,2024-12-24,Delivered Late,3
3341,3341,Ecom Express,Chennai,2026-02-09,2026-02-13,Delivered,4
3342,3342,Ekart Logistics,Bhubaneswar,2025-11-21,2025-11-28,Delivered,7
3343,3343,Xpressbees,Kanpur,2024-12-27,2025-01-01,Delivered Late,2
3344,3344,Ekart Logistics,Nagpur,2026-05-21,2026-05-26,Delivered Late,3
3345,3345,Ecom Express,Coimbatore,2026-02-02,,In Transit,6
3346,3346,Delhivery,Ranchi,2025-12-10,2025-12-17,Delivered,7
3347,3347,Bluedart,Ahmedabad,2024-10-17,2024-10-19,Delivered,3
3348,3348,DTDC,Nashik,2026-03-29,2026-04-03,Delivered,5
3349,3349,Bluedart,Ranchi,2025-05-18,2025-05-22,Delivered,4
3350,3350,Ecom Express,Chandigarh,2025-11-08,2025-11-15,Delivered Late,7
3351,3351,DTDC,Vadodara,2025-12-07,2025-12-12,Delivered,6
3352,3352,DTDC,Bhopal,2026-06-26,2026-06-29,Delivered,3
3353,3353,DTDC,Delhi,2024-08-10,2024-08-19,Delivered Late,7
3354,3354,DTDC,Nagpur,2026-08-16,2026-08-17,Delivered,2
3355,3355,DTDC,Mysuru,2026-01-07,2026-01-13,Delivered,7
3356,3356,Delhivery,Kanpur,2025-09-29,,In Transit,3
3357,3357,Bluedart,Amritsar,2025-10-24,2025-10-27,Delivered Late,3
3358,3358,Bluedart,Delhi,2026-04-24,2026-04-26,Returned,3
3359,3359,Xpressbees,Indore,2026-06-07,2026-06-13,Returned,7
3360,3360,Delhivery,Guwahati,2026-02-17,,In Transit,4
3361,3361,Delhivery,Delhi,2026-04-07,2026-04-10,Returned,3
3362,3362,Xpressbees,Mumbai,2026-05-14,2026-05-18,Returned,2
3363,3363,Xpressbees,Jaipur,,,Processing,7
3364,3364,Xpressbees,Amritsar,2026-07-10,2026-07-14,Delivered,5
3365,3365,DTDC,Chennai,2025-08-21,2025-08-28,Delivered,7
3366,3366,Bluedart,Guwahati,2025-10-26,2025-10-31,Delivered,5
3367,3367,DTDC,Pune,2025-08-10,2025-08-13,Delivered,3
3368,3368,Xpressbees,Coimbatore,2025-10-24,2025-10-31,Delivered,7
3369,3369,DTDC,Coimbatore,2025-05-23,2025-05-29,Delivered Late,6
3370,3370,Xpressbees,Kanpur,2024-08-29,2024-09-06,Delivered Late,6
3371,3371,DTDC,Kanpur,2026-04-29,2026-05-04,Delivered,5
3372,3372,Ecom Express,Surat,2026-03-04,2026-03-07,Delivered Late,3
3373,3373,Delhivery,Vadodara,2026-04-10,2026-04-16,Delivered,6
3374,3374,DTDC,Bhubaneswar,2026-01-15,2026-01-23,Delivered Late,6
3375,3375,Ecom Express,Kochi,2025-12-29,2026-01-01,Returned,3
3376,3376,Delhivery,Bhopal,2025-03-02,2025-03-11,Delivered Late,7
3377,3377,Bluedart,Surat,2025-09-21,2025-09-23,Delivered,2
3378,3378,Bluedart,Chennai,2025-10-04,2025-10-12,Delivered Late,7
3379,3379,DTDC,Coimbatore,2026-01-26,,In Transit,4
3380,3380,Delhivery,Thiruvananthapuram,2025-11-08,2025-11-14,Delivered,7
3381,3381,Ecom Express,Indore,2025-07-10,,In Transit,5
3382,3382,Ecom Express,Patna,2025-12-26,2026-01-01,Delivered Late,6
3383,3383,Ecom Express,Chandigarh,2026-02-03,2026-02-10,Delivered Late,4
3384,3384,Bluedart,Surat,,,Processing,3
3385,3385,Bluedart,Pune,2026-03-16,2026-03-22,Delivered,7
3386,3386,DTDC,Chandigarh,2024-05-05,2024-05-13,Delivered Late,6
3387,3387,Ecom Express,Mysuru,2026-04-05,2026-04-11,Delivered,7
3388,3388,Delhivery,Guwahati,2025-12-15,,In Transit,5
3389,3389,DTDC,Ahmedabad,2026-03-14,2026-03-18,Delivered,5
3390,3390,DTDC,Delhi,2026-03-06,2026-03-12,Delivered Late,6
3391,3391,Delhivery,Guwahati,2026-05-31,2026-06-04,Delivered,5
3392,3392,DTDC,Bengaluru,2025-07-30,2025-08-05,Returned,6
3393,3393,Ekart Logistics,Nashik,2024-10-08,2024-10-11,Delivered,4
3394,3394,Bluedart,Bhopal,2024-11-15,2024-11-19,Delivered Late,3
3395,3395,Bluedart,Ranchi,2026-04-26,2026-05-03,Delivered,7
3396,3396,Xpressbees,Nagpur,2025-10-19,2025-10-24,Delivered Late,5
3397,3397,Ekart Logistics,Chennai,2025-11-23,2025-11-28,Delivered,6
3398,3398,Ecom Express,Guwahati,2026-01-15,2026-01-18,Delivered,4
3399,3399,Xpressbees,Vadodara,2025-12-29,2026-01-02,Delivered,5
3400,3400,Ekart Logistics,Coimbatore,2025-04-18,2025-04-25,Delivered,7
3401,3401,Delhivery,Hyderabad,2026-01-18,2026-01-22,Delivered,4
3402,3402,Bluedart,Ranchi,2023-12-11,2023-12-16,Delivered Late,3
3403,3403,Ecom Express,Surat,2024-05-22,2024-05-23,Delivered,2
3404,3404,Bluedart,Coimbatore,,,Not Shipped,6
3405,3405,Bluedart,Mysuru,2024-07-24,,In Transit,6
3406,3406,Xpressbees,Surat,2026-03-14,2026-03-22,Delivered Late,6
3407,3407,Ekart Logistics,Amritsar,2026-02-28,2026-03-04,Delivered,4
3408,3408,Ekart Logistics,Thiruvananthapuram,2025-02-26,2025-03-05,Delivered,7
3409,3409,Xpressbees,Lucknow,2026-04-01,2026-04-05,Delivered,4
3410,3410,Xpressbees,Surat,2025-01-09,2025-01-16,Delivered,7
3411,3411,DTDC,Amritsar,2025-03-19,2025-03-25,Delivered Late,4
3412,3412,Bluedart,Kochi,2026-02-24,2026-02-28,Delivered Late,4
3413,3413,Delhivery,Bengaluru,2025-10-11,2025-10-15,Delivered,4
3414,3414,Delhivery,Nashik,2026-06-16,2026-06-18,Delivered,3
3415,3415,Delhivery,Hyderabad,2026-02-26,2026-03-04,Delivered,7
3416,3416,Delhivery,Ranchi,2025-11-17,2025-11-23,Delivered Late,4
3417,3417,Xpressbees,Mysuru,2025-11-07,2025-11-11,Delivered Late,2
3418,3418,Ecom Express,Patna,2025-12-09,,In Transit,2
3419,3419,DTDC,Nashik,2026-03-19,2026-03-23,Delivered,5
3420,3420,Bluedart,Patna,2026-04-16,2026-04-21,Delivered,5
3421,3421,Ecom Express,Bengaluru,2024-10-20,2024-10-25,Delivered Late,4
3422,3422,Bluedart,Jaipur,2024-12-04,,In Transit,3
3423,3423,Ecom Express,Guwahati,,,Not Shipped,3
3424,3424,DTDC,Chennai,2025-12-14,2025-12-16,Delivered,3
3425,3425,Bluedart,Nagpur,2026-03-05,2026-03-07,Delivered,3
3426,3426,Bluedart,Chandigarh,2025-05-03,2025-05-06,Delivered,3
3427,3427,Bluedart,Nagpur,2025-10-05,2025-10-14,Delivered Late,7
3428,3428,Xpressbees,Nashik,2025-06-19,2025-06-21,Returned,2
3429,3429,DTDC,Jaipur,2025-11-28,2025-12-05,Delivered Late,5
3430,3430,Delhivery,Bhubaneswar,2025-02-27,2025-02-28,Delivered,2
3431,3431,Ekart Logistics,Thiruvananthapuram,2025-03-17,2025-03-22,Delivered,6
3432,3432,Xpressbees,Coimbatore,2026-03-06,2026-03-11,Delivered,5
3433,3433,DTDC,Lucknow,2025-04-04,2025-04-08,Delivered Late,2
3434,3434,Xpressbees,Bhopal,2025-08-17,2025-08-20,Delivered Late,2
3435,3435,Xpressbees,Jaipur,2025-06-13,2025-06-18,Delivered,6
3436,3436,Xpressbees,Thiruvananthapuram,2025-09-30,2025-10-04,Delivered Late,4
3437,3437,Ekart Logistics,Bengaluru,2026-04-08,2026-04-10,Delivered,3
3438,3438,Ecom Express,Surat,2025-11-02,,In Transit,3
3439,3439,Ekart Logistics,Indore,2026-01-18,2026-01-22,Delivered Late,4
3440,3440,Delhivery,Patna,2025-08-14,2025-08-18,Delivered,4
3441,3441,DTDC,Bhopal,2026-05-28,2026-06-03,Delivered,7
3442,3442,Xpressbees,Kanpur,2026-01-25,2026-01-29,Delivered,5
3443,3443,Bluedart,Patna,2025-11-03,2025-11-07,Delivered,5
3444,3444,Xpressbees,Guwahati,2026-06-19,2026-06-25,Delivered Late,4
3445,3445,Bluedart,Nagpur,2025-11-16,2025-11-22,Delivered,6
3446,3446,Delhivery,Vadodara,2025-09-27,2025-10-02,Delivered Late,4
3447,3447,Ecom Express,Indore,2025-03-31,2025-04-04,Delivered,4
3448,3448,Ekart Logistics,Guwahati,2025-08-08,2025-08-11,Delivered,4
3449,3449,Ecom Express,Bhubaneswar,2025-11-11,,In Transit,3
3450,3450,Xpressbees,Pune,,,Not Shipped,6
3451,3451,Ecom Express,Kanpur,2025-06-10,,In Transit,5
3452,3452,Ekart Logistics,Mysuru,,,Processing,4
3453,3453,Ekart Logistics,Hyderabad,2026-07-09,2026-07-12,Delivered,4
3454,3454,Ekart Logistics,Patna,2025-11-10,2025-11-14,Delivered,4
3455,3455,Bluedart,Nashik,2025-12-07,2025-12-12,Delivered,5
3456,3456,DTDC,Ranchi,2026-03-19,2026-03-26,Delivered,7
3457,3457,Ecom Express,Bhopal,2025-08-02,2025-08-05,Delivered Late,3
3458,3458,Delhivery,Amritsar,2025-10-10,2025-10-15,Delivered Late,5
3459,3459,Bluedart,Indore,2024-10-29,,In Transit,6
3460,3460,Delhivery,Kanpur,2026-04-14,2026-04-17,Delivered,3
3461,3461,DTDC,Ranchi,2026-02-07,2026-02-16,Delivered Late,7
3462,3462,Ekart Logistics,Delhi,2026-08-18,2026-08-25,Delivered Late,7
3463,3463,Ecom Express,Bhopal,2026-02-02,2026-02-09,Delivered Late,6
3464,3464,DTDC,Lucknow,,,Processing,3
3465,3465,DTDC,Jaipur,,,Processing,6
3466,3466,Ekart Logistics,Jaipur,,,Not Shipped,6
3467,3467,Bluedart,Bhopal,2026-04-15,,In Transit,5
3468,3468,Ekart Logistics,Vadodara,2025-07-17,2025-07-24,Delivered Late,6
3469,3469,Bluedart,Nashik,2025-06-07,2025-06-11,Delivered,4
3470,3470,DTDC,Hyderabad,2025-11-13,2025-11-15,Delivered,3
3471,3471,Xpressbees,Vadodara,2025-12-26,2025-12-31,Delivered,5
3472,3472,Xpressbees,Nashik,2025-03-29,2025-04-01,Delivered,4
3473,3473,Xpressbees,Bhopal,2025-06-08,2025-06-11,Delivered Late,3
3474,3474,DTDC,Nashik,2025-03-03,2025-03-10,Delivered,7
3475,3475,Ekart Logistics,Mumbai,2025-09-23,2025-09-26,Delivered Late,2
3476,3476,Bluedart,Chandigarh,2025-01-01,2025-01-05,Delivered,4
3477,3477,Ekart Logistics,Chandigarh,2026-08-18,2026-08-24,Delivered,6
3478,3478,DTDC,Amritsar,2025-02-02,2025-02-08,Delivered Late,4
3479,3479,Ekart Logistics,Guwahati,2026-07-20,2026-07-27,Delivered Late,6
3480,3480,DTDC,Lucknow,2026-01-28,2026-01-29,Delivered,2
3481,3481,Delhivery,Vadodara,2026-03-04,2026-03-09,Delivered Late,5
3482,3482,DTDC,Bengaluru,2026-03-31,2026-04-04,Delivered,4
3483,3483,Bluedart,Bhubaneswar,,,Not Shipped,2
3484,3484,Xpressbees,Indore,2025-10-06,2025-10-13,Delivered,7
3485,3485,Ecom Express,Jaipur,2025-08-11,2025-08-18,Delivered Late,5
3486,3486,Bluedart,Pune,2024-04-12,2024-04-13,Delivered,2
3487,3487,Ekart Logistics,Thiruvananthapuram,2026-07-06,2026-07-10,Delivered,5
3488,3488,DTDC,Nashik,2025-07-26,,In Transit,5
3489,3489,Bluedart,Jaipur,,,Not Shipped,7
3490,3490,Xpressbees,Guwahati,,,Processing,5
3491,3491,Ecom Express,Pune,2025-03-07,2025-03-11,Delivered,4
3492,3492,DTDC,Guwahati,2024-08-25,2024-09-01,Delivered Late,6
3493,3493,Ekart Logistics,Guwahati,2026-05-20,2026-05-28,Delivered Late,7
3494,3494,Delhivery,Mumbai,2025-10-26,2025-10-29,Delivered,4
3495,3495,Bluedart,Surat,2025-12-06,2025-12-13,Delivered Late,6
3496,3496,Delhivery,Ahmedabad,2024-06-20,2024-06-24,Delivered,4
3497,3497,Xpressbees,Hyderabad,2024-07-16,2024-07-20,Delivered Late,3
3498,3498,Xpressbees,Coimbatore,2026-05-17,2026-05-22,Delivered,5
3499,3499,Delhivery,Mysuru,2025-10-08,2025-10-09,Delivered,2
3500,3500,Xpressbees,Bhopal,2026-01-12,2026-01-18,Delivered,6
3501,3501,DTDC,Bhopal,2025-07-26,2025-07-27,Delivered,2
3502,3502,Bluedart,Kolkata,2025-08-11,2025-08-17,Delivered,6
3503,3503,Bluedart,Lucknow,2025-02-26,2025-03-06,Delivered Late,7
3504,3504,Ekart Logistics,Nagpur,2024-09-04,2024-09-08,Delivered Late,3
3505,3505,Xpressbees,Ranchi,2024-08-20,2024-08-23,Delivered,3
3506,3506,Bluedart,Nagpur,,,Processing,4
3507,3507,Ekart Logistics,Vadodara,2025-11-27,2025-12-01,Delivered Late,2
3508,3508,Delhivery,Surat,2025-01-31,2025-02-02,Delivered,2
3509,3509,Ekart Logistics,Patna,,,Not Shipped,2
3510,3510,Delhivery,Jaipur,2025-08-19,2025-08-21,Delivered,2
3511,3511,Xpressbees,Bengaluru,2026-03-13,2026-03-19,Delivered Late,5
3512,3512,Ekart Logistics,Jaipur,2026-07-30,,In Transit,5
3513,3513,Delhivery,Bhopal,2025-11-24,2025-11-30,Delivered,7
3514,3514,Ecom Express,Thiruvananthapuram,2025-12-25,2025-12-27,Delivered,3
3515,3515,Delhivery,Vadodara,2026-01-19,2026-01-24,Delivered,6
3516,3516,Ecom Express,Indore,2026-07-05,2026-07-09,Delivered,4
3517,3517,Xpressbees,Chennai,2026-02-01,2026-02-05,Delivered Late,2
3518,3518,Ekart Logistics,Chennai,2026-03-12,2026-03-19,Delivered,7
3519,3519,Ekart Logistics,Delhi,2026-03-17,2026-03-23,Delivered,6
3520,3520,Bluedart,Bhopal,2024-09-13,2024-09-15,Delivered,2
3521,3521,Delhivery,Surat,2025-02-06,2025-02-12,Delivered,7
3522,3522,Xpressbees,Bhopal,2026-02-03,2026-02-06,Delivered,3
3523,3523,Ecom Express,Bhopal,,,Not Shipped,6
3524,3524,DTDC,Ahmedabad,2026-01-05,2026-01-09,Delivered Late,3
3525,3525,Delhivery,Bhubaneswar,2026-01-19,2026-01-25,Delivered Late,5
3526,3526,Xpressbees,Coimbatore,,,Not Shipped,3
3527,3527,Ecom Express,Kanpur,2026-08-08,2026-08-11,Delivered,4
3528,3528,Delhivery,Nagpur,2025-01-31,2025-02-01,Delivered,2
3529,3529,Delhivery,Bhubaneswar,2025-02-06,2025-02-13,Delivered Late,7
3530,3530,DTDC,Jaipur,2025-09-16,2025-09-20,Delivered,4
3531,3531,Ecom Express,Kochi,2025-06-10,2025-06-12,Delivered,2
3532,3532,Delhivery,Coimbatore,2026-04-14,,In Transit,7
3533,3533,Ekart Logistics,Kolkata,2025-05-27,2025-05-28,Delivered,2
3534,3534,Ecom Express,Bhopal,2025-03-12,2025-03-15,Delivered,4
3535,3535,Ekart Logistics,Pune,2025-11-20,2025-11-27,Delivered Late,6
3536,3536,Delhivery,Hyderabad,2026-06-14,2026-06-21,Delivered,7
3537,3537,Delhivery,Nashik,2026-03-11,,In Transit,4
3538,3538,Xpressbees,Bhubaneswar,2026-04-29,2026-05-05,Delivered,7
3539,3539,DTDC,Lucknow,2026-02-18,2026-02-21,Delivered,3
3540,3540,Xpressbees,Hyderabad,2025-03-07,2025-03-11,Delivered,4
3541,3541,Delhivery,Amritsar,2025-02-03,2025-02-07,Delivered Late,4
3542,3542,Xpressbees,Thiruvananthapuram,2025-12-17,2025-12-21,Delivered Late,3
3543,3543,DTDC,Amritsar,2026-03-24,2026-03-29,Delivered Late,5
3544,3544,Xpressbees,Thiruvananthapuram,,,Not Shipped,3
3545,3545,Bluedart,Mysuru,2026-01-12,2026-01-21,Delivered Late,7
3546,3546,Ecom Express,Mysuru,2025-11-17,2025-11-24,Delivered,7
3547,3547,Bluedart,Bhopal,2026-07-12,2026-07-16,Delivered Late,2
3548,3548,Ekart Logistics,Nagpur,2025-11-04,2025-11-08,Delivered Late,2
3549,3549,Ecom Express,Nashik,2026-05-28,2026-06-02,Delivered Late,4
3550,3550,DTDC,Indore,2026-07-01,2026-07-04,Delivered,3
3551,3551,Ekart Logistics,Indore,,,Not Shipped,2
3552,3552,Ecom Express,Bhubaneswar,2025-10-10,2025-10-14,Delivered,5
3553,3553,DTDC,Mumbai,2026-03-27,2026-04-02,Delivered,6
3554,3554,DTDC,Surat,2026-08-17,2026-08-22,Delivered Late,5
3555,3555,Delhivery,Mumbai,2025-09-15,2025-09-18,Delivered Late,2
3556,3556,DTDC,Mysuru,2024-08-17,2024-08-22,Delivered,5
3557,3557,Ecom Express,Nagpur,2025-12-22,2025-12-24,Delivered,2
3558,3558,Delhivery,Chandigarh,2025-07-26,2025-07-27,Delivered,2
3559,3559,Bluedart,Hyderabad,,,Not Shipped,3
3560,3560,DTDC,Delhi,2025-10-24,2025-10-29,Delivered Late,3
3561,3561,Ecom Express,Kanpur,2025-09-10,2025-09-12,Returned,3
3562,3562,Xpressbees,Hyderabad,2024-05-25,2024-05-31,Delivered,6
3563,3563,Xpressbees,Bhubaneswar,2025-04-29,2025-05-03,Delivered,5
3564,3564,DTDC,Nagpur,2026-04-28,2026-05-02,Delivered,5
3565,3565,Delhivery,Chennai,2026-08-18,2026-08-24,Delivered Late,5
3566,3566,Delhivery,Coimbatore,2025-09-27,2025-10-01,Delivered Late,3
3567,3567,DTDC,Chennai,2025-12-19,2025-12-27,Delivered Late,7
3568,3568,DTDC,Kolkata,2026-03-01,2026-03-06,Delivered,6
3569,3569,Delhivery,Hyderabad,2024-05-29,2024-06-03,Delivered,6
3570,3570,Ekart Logistics,Nashik,2026-03-16,2026-03-19,Returned,4
3571,3571,DTDC,Chennai,2026-01-07,2026-01-08,Delivered,2
3572,3572,Delhivery,Patna,2026-06-20,2026-06-24,Delivered,5
3573,3573,Ecom Express,Thiruvananthapuram,2025-08-06,2025-08-13,Delivered Late,5
3574,3574,DTDC,Bhopal,2026-06-22,,In Transit,3
3575,3575,Ekart Logistics,Patna,2025-09-11,2025-09-18,Delivered Late,6
3576,3576,Bluedart,Bhubaneswar,2025-09-12,2025-09-19,Delivered,7
3577,3577,DTDC,Delhi,2026-03-19,2026-03-24,Delivered Late,4
3578,3578,Bluedart,Hyderabad,2026-05-17,2026-05-22,Delivered,5
3579,3579,Ecom Express,Amritsar,2025-12-18,2025-12-23,Delivered,6
3580,3580,Ecom Express,Indore,2025-12-13,2025-12-16,Delivered Late,2
3581,3581,Bluedart,Thiruvananthapuram,2026-01-05,,In Transit,2
3582,3582,DTDC,Thiruvananthapuram,2026-04-21,2026-04-27,Delivered Late,5
3583,3583,DTDC,Nashik,2026-04-14,2026-04-18,Delivered,5
3584,3584,Bluedart,Chandigarh,2025-12-26,2025-12-28,Returned,3
3585,3585,Bluedart,Mysuru,2025-11-20,2025-11-24,Delivered,5
3586,3586,Ekart Logistics,Thiruvananthapuram,,,Not Shipped,2
3587,3587,DTDC,Vadodara,,,Not Shipped,2
3588,3588,Xpressbees,Jaipur,2025-04-02,2025-04-08,Delivered,7
3589,3589,Bluedart,Coimbatore,2026-04-03,2026-04-09,Delivered,6
3590,3590,Bluedart,Patna,2025-10-22,2025-10-28,Delivered,7
3591,3591,Bluedart,Delhi,2025-04-09,2025-04-15,Delivered Late,3
3592,3592,Bluedart,Kanpur,2025-06-06,,In Transit,6
3593,3593,Ecom Express,Hyderabad,2026-03-01,2026-03-03,Delivered,3
3594,3594,Ecom Express,Amritsar,2024-01-20,,In Transit,4
3595,3595,Bluedart,Mysuru,2026-05-09,2026-05-15,Delivered Late,6
3596,3596,DTDC,Hyderabad,2026-05-11,2026-05-13,Delivered,2
3597,3597,Ecom Express,Hyderabad,2025-01-02,2025-01-05,Returned,4
3598,3598,DTDC,Chennai,2026-01-23,,In Transit,3
3599,3599,Ecom Express,Hyderabad,2026-02-17,2026-02-24,Delivered,7
3600,3600,Delhivery,Bhubaneswar,2026-08-06,2026-08-12,Delivered,6
3601,3601,Bluedart,Patna,2026-04-24,2026-04-29,Delivered Late,4
3602,3602,Bluedart,Pune,2026-04-16,2026-04-20,Delivered,4
3603,3603,Ecom Express,Bengaluru,2025-09-19,2025-09-20,Returned,2
3604,3604,DTDC,Kochi,2025-12-03,2025-12-09,Delivered Late,6
3605,3605,Xpressbees,Pune,2026-01-23,2026-01-28,Delivered,6
3606,3606,Delhivery,Kanpur,2026-06-05,2026-06-07,Delivered,3
3607,3607,Delhivery,Surat,2026-04-29,2026-05-06,Delivered Late,7
3608,3608,Bluedart,Ranchi,2024-10-01,2024-10-10,Returned,7
3609,3609,Ekart Logistics,Amritsar,2025-10-28,2025-11-06,Delivered Late,7
3610,3610,Ekart Logistics,Vadodara,2025-12-16,2025-12-20,Delivered,5
3611,3611,Ekart Logistics,Bhopal,2026-03-26,2026-04-01,Delivered Late,5
3612,3612,Bluedart,Kochi,,,Not Shipped,2
3613,3613,Delhivery,Ahmedabad,,,Not Shipped,6
3614,3614,Delhivery,Thiruvananthapuram,2026-07-11,2026-07-14,Delivered,4
3615,3615,Ekart Logistics,Thiruvananthapuram,2025-06-14,2025-06-18,Delivered Late,4
3616,3616,Delhivery,Chandigarh,2025-12-07,2025-12-13,Delivered,6
3617,3617,Ecom Express,Nashik,2026-07-18,2026-07-23,Delivered Late,3
3618,3618,Ekart Logistics,Vadodara,2025-02-04,2025-02-06,Delivered,3
3619,3619,Bluedart,Chandigarh,2025-11-13,2025-11-14,Delivered,2
3620,3620,Delhivery,Hyderabad,2026-02-24,,In Transit,3
3621,3621,Xpressbees,Coimbatore,2025-01-15,2025-01-17,Delivered,3
3622,3622,Ekart Logistics,Nagpur,2026-01-19,2026-01-25,Delivered,7
3623,3623,Delhivery,Nagpur,2024-06-11,2024-06-17,Delivered,7
3624,3624,Bluedart,Kolkata,2024-09-14,2024-09-20,Delivered,6
3625,3625,DTDC,Mysuru,2025-11-04,2025-11-09,Delivered,5
3626,3626,DTDC,Bhubaneswar,2024-09-29,2024-10-04,Delivered Late,5
3627,3627,Xpressbees,Nashik,2025-05-02,2025-05-05,Delivered Late,2
3628,3628,Ekart Logistics,Hyderabad,2025-09-20,2025-09-22,Delivered Late,2
3629,3629,Delhivery,Thiruvananthapuram,2025-11-12,2025-11-14,Delivered,2
3630,3630,Delhivery,Ranchi,,,Processing,4
3631,3631,Ekart Logistics,Mumbai,2026-03-23,2026-03-30,Returned,5
3632,3632,Ekart Logistics,Coimbatore,,,Not Shipped,4
3633,3633,DTDC,Amritsar,,,Not Shipped,7
3634,3634,DTDC,Bhopal,2026-01-16,2026-01-24,Delivered Late,7
3635,3635,Delhivery,Bhopal,2024-07-17,2024-07-20,Delivered,3
3636,3636,DTDC,Ahmedabad,2025-03-29,2025-04-05,Delivered Late,6
3637,3637,Bluedart,Indore,2026-03-11,2026-03-13,Delivered,3
3638,3638,DTDC,Amritsar,2025-06-05,,In Transit,2
3639,3639,Ecom Express,Bhubaneswar,2025-12-26,2025-12-28,Delivered Late,2
3640,3640,Ecom Express,Surat,2024-07-21,,In Transit,2
3641,3641,Bluedart,Indore,2026-03-10,2026-03-14,Delivered Late,4
3642,3642,DTDC,Surat,2026-03-16,,In Transit,4
3643,3643,Ekart Logistics,Kanpur,2026-02-28,2026-03-06,Returned,6
3644,3644,Bluedart,Chandigarh,2026-06-30,2026-07-01,Delivered,2
3645,3645,Ecom Express,Jaipur,2026-01-05,2026-01-10,Delivered,5
3646,3646,Ecom Express,Pune,2026-03-14,2026-03-21,Delivered,7
3647,3647,DTDC,Bhubaneswar,2024-10-21,2024-10-23,Delivered,3
3648,3648,Bluedart,Jaipur,2026-03-28,2026-04-02,Delivered,6
3649,3649,Bluedart,Ahmedabad,2025-09-05,2025-09-11,Delivered Late,5
3650,3650,Bluedart,Amritsar,2025-09-25,2025-09-27,Delivered,3
3651,3651,Bluedart,Kochi,2026-03-22,2026-03-25,Delivered,3
3652,3652,Ekart Logistics,Chennai,2026-08-09,2026-08-12,Delivered,4
3653,3653,Ecom Express,Kochi,2026-01-28,2026-02-03,Delivered Late,5
3654,3654,Xpressbees,Amritsar,2024-12-21,2024-12-27,Delivered,7
3655,3655,Bluedart,Kanpur,2024-11-05,2024-11-07,Delivered,3
3656,3656,DTDC,Chandigarh,2025-12-07,2025-12-09,Delivered,2
3657,3657,Bluedart,Lucknow,2026-04-03,,In Transit,6
3658,3658,Bluedart,Amritsar,2024-06-29,2024-07-05,Delivered,7
3659,3659,DTDC,Vadodara,2024-08-02,2024-08-06,Delivered,5
3660,3660,Bluedart,Amritsar,2025-05-12,2025-05-14,Delivered,2
3661,3661,Ecom Express,Nashik,2026-04-04,2026-04-06,Delivered,2
3662,3662,DTDC,Kochi,2024-11-26,2024-12-04,Delivered Late,7
3663,3663,Delhivery,Chandigarh,2025-12-19,2025-12-26,Delivered,7
3664,3664,Delhivery,Pune,2025-10-13,2025-10-14,Delivered,2
3665,3665,Bluedart,Chennai,2025-12-15,2025-12-18,Delivered Late,2
3666,3666,Ecom Express,Guwahati,2025-05-17,,In Transit,2
3667,3667,Ekart Logistics,Guwahati,2026-01-25,2026-01-30,Delivered,5
3668,3668,Ecom Express,Kolkata,,,Processing,3
3669,3669,Xpressbees,Bhubaneswar,2025-09-17,2025-09-18,Delivered,2
3670,3670,Bluedart,Lucknow,,,Processing,2
3671,3671,Ecom Express,Indore,2025-07-31,2025-08-02,Delivered,3
3672,3672,Xpressbees,Lucknow,2025-07-10,2025-07-15,Delivered,5
3673,3673,DTDC,Surat,2026-05-31,2026-06-01,Delivered,2
3674,3674,Ecom Express,Jaipur,2026-02-12,2026-02-15,Delivered Late,3
3675,3675,Ecom Express,Delhi,2024-01-12,2024-01-16,Delivered Late,4
3676,3676,Ecom Express,Vadodara,2025-05-24,2025-05-29,Delivered,5
3677,3677,Delhivery,Guwahati,2025-12-06,,In Transit,6
3678,3678,Bluedart,Surat,2025-07-06,2025-07-15,Delivered Late,7
3679,3679,Ecom Express,Jaipur,,,Not Shipped,4
3680,3680,Ekart Logistics,Kanpur,,,Not Shipped,5
3681,3681,Xpressbees,Bhopal,2026-05-18,2026-05-27,Delivered Late,7
3682,3682,Delhivery,Hyderabad,2025-08-21,2025-08-26,Delivered,5
3683,3683,Bluedart,Nashik,2025-12-10,2025-12-20,Delivered Late,7
3684,3684,DTDC,Amritsar,2024-01-04,2024-01-09,Returned,4
3685,3685,Bluedart,Nashik,2026-07-17,2026-07-19,Delivered,3
3686,3686,Delhivery,Kanpur,2025-09-25,2025-09-29,Delivered,4
3687,3687,Xpressbees,Bengaluru,,,Not Shipped,3
3688,3688,Bluedart,Jaipur,2025-02-02,2025-02-10,Delivered Late,7
3689,3689,Delhivery,Vadodara,2024-04-07,,In Transit,6
3690,3690,DTDC,Kanpur,2026-08-12,2026-08-17,Delivered Late,5
3691,3691,DTDC,Pune,,,Processing,2
3692,3692,Ekart Logistics,Bengaluru,2026-05-04,,In Transit,4
3693,3693,Xpressbees,Kochi,2025-11-12,2025-11-14,Delivered,3
3694,3694,Ecom Express,Chandigarh,2026-02-13,2026-02-18,Delivered,5
3695,3695,Ecom Express,Delhi,2025-12-03,2025-12-05,Delivered Late,2
3696,3696,Ecom Express,Patna,2024-11-20,2024-11-23,Delivered Late,2
3697,3697,Ecom Express,Lucknow,2026-05-16,2026-05-23,Delivered,7
3698,3698,DTDC,Bhopal,2026-03-25,,In Transit,4
3699,3699,Xpressbees,Amritsar,2025-04-19,2025-04-23,Delivered Late,3
3700,3700,Ekart Logistics,Ranchi,2025-09-22,2025-09-29,Delivered Late,5
3701,3701,Ecom Express,Lucknow,2025-01-12,2025-01-17,Delivered,6
3702,3702,Bluedart,Kanpur,2026-03-11,2026-03-15,Delivered,5
3703,3703,Ecom Express,Nagpur,2024-10-11,,In Transit,3
3704,3704,Ecom Express,Pune,2026-01-21,2026-01-27,Delivered,6
3705,3705,Ecom Express,Jaipur,2025-11-22,2025-11-30,Delivered Late,7
3706,3706,Bluedart,Mumbai,2025-11-24,2025-11-27,Delivered Late,3
3707,3707,Ekart Logistics,Chennai,2024-06-23,2024-06-26,Delivered,4
3708,3708,Delhivery,Mumbai,2025-09-06,2025-09-07,Delivered,2
3709,3709,Ekart Logistics,Bhubaneswar,2025-07-17,2025-07-23,Delivered,7
3710,3710,Xpressbees,Guwahati,2026-04-14,2026-04-17,Delivered,4
3711,3711,Bluedart,Chandigarh,2025-07-01,2025-07-02,Delivered,2
3712,3712,Delhivery,Lucknow,,,Processing,5
3713,3713,DTDC,Mumbai,2023-11-24,2023-11-27,Delivered,4
3714,3714,Ecom Express,Bhubaneswar,2026-08-17,2026-08-22,Delivered,5
3715,3715,Xpressbees,Delhi,,,Not Shipped,3
3716,3716,Delhivery,Vadodara,2025-12-13,2025-12-19,Delivered,6
3717,3717,Bluedart,Surat,2025-12-21,,In Transit,5
3718,3718,Ecom Express,Delhi,2025-10-18,2025-10-25,Delivered,7
3719,3719,Xpressbees,Mumbai,2025-01-23,2025-01-26,Delivered Late,3
3720,3720,Xpressbees,Coimbatore,2025-04-16,2025-04-20,Delivered,4
3721,3721,Xpressbees,Coimbatore,2025-06-24,2025-06-27,Delivered,3
3722,3722,Xpressbees,Mysuru,2026-02-11,2026-02-14,Delivered Late,2
3723,3723,DTDC,Ranchi,2026-02-18,2026-02-22,Delivered Late,4
3724,3724,Xpressbees,Kochi,2026-08-03,2026-08-09,Delivered,6
3725,3725,Delhivery,Bengaluru,2024-12-05,2024-12-07,Delivered,2
3726,3726,Ekart Logistics,Hyderabad,2026-01-10,2026-01-13,Delivered Late,3
3727,3727,Ecom Express,Chandigarh,2024-06-10,2024-06-19,Delivered Late,7
3728,3728,Bluedart,Delhi,2026-01-01,2026-01-09,Delivered Late,6
3729,3729,DTDC,Mumbai,,,Not Shipped,5
3730,3730,DTDC,Coimbatore,2026-07-29,2026-08-03,Delivered Late,4
3731,3731,Delhivery,Thiruvananthapuram,2025-06-13,2025-06-16,Delivered,4
3732,3732,Xpressbees,Delhi,,,Not Shipped,2
3733,3733,Ecom Express,Coimbatore,2025-09-07,2025-09-12,Delivered Late,3
3734,3734,Ekart Logistics,Ranchi,2026-06-06,2026-06-12,Delivered Late,6
3735,3735,Ecom Express,Indore,2025-12-30,,In Transit,3
3736,3736,DTDC,Thiruvananthapuram,2026-03-30,2026-04-05,Returned,5
3737,3737,Bluedart,Bengaluru,2026-07-31,2026-08-03,Delivered,4
3738,3738,Ekart Logistics,Chennai,2024-06-02,2024-06-09,Delivered,7
3739,3739,DTDC,Nagpur,,,Not Shipped,3
3740,3740,Xpressbees,Bhopal,2025-10-26,2025-10-28,Delivered,3
3741,3741,Ecom Express,Delhi,2024-02-24,2024-02-28,Delivered,5
3742,3742,Bluedart,Jaipur,2025-12-26,2025-12-31,Delivered Late,4
3743,3743,DTDC,Surat,2024-12-05,2024-12-12,Delivered,7
3744,3744,Xpressbees,Bhubaneswar,2025-10-26,,In Transit,7
3745,3745,DTDC,Jaipur,2026-02-18,2026-02-24,Delivered Late,4
3746,3746,Ekart Logistics,Lucknow,2024-11-27,,In Transit,4
3747,3747,Delhivery,Chandigarh,2026-04-14,2026-04-21,Delivered Late,5
3748,3748,Delhivery,Chennai,2024-10-02,2024-10-04,Delivered,2
3749,3749,Delhivery,Ranchi,2026-02-04,2026-02-07,Delivered,3
3750,3750,Ecom Express,Thiruvananthapuram,2025-05-13,2025-05-16,Delivered Late,2
3751,3751,DTDC,Amritsar,,,Processing,6
3752,3752,Xpressbees,Chennai,2025-06-01,2025-06-05,Delivered,4
3753,3753,Ecom Express,Lucknow,2025-09-28,2025-10-01,Delivered,4
3754,3754,Ecom Express,Mumbai,2025-09-13,2025-09-18,Delivered Late,2
3755,3755,Xpressbees,Amritsar,2025-03-17,2025-03-20,Delivered Late,2
3756,3756,Delhivery,Jaipur,2025-11-25,2025-11-30,Delivered Late,3
3757,3757,Delhivery,Bhopal,2025-10-05,2025-10-08,Delivered Late,3
3758,3758,DTDC,Ranchi,2025-02-07,2025-02-10,Delivered,4
3759,3759,Ekart Logistics,Mysuru,2025-07-10,2025-07-18,Delivered Late,7
3760,3760,DTDC,Nagpur,2023-12-23,,In Transit,4
3761,3761,Bluedart,Kolkata,2025-11-22,2025-11-23,Delivered,2
3762,3762,Ekart Logistics,Kanpur,2025-11-14,2025-11-20,Delivered,6
3763,3763,DTDC,Bhubaneswar,2025-12-29,2026-01-02,Delivered Late,3
3764,3764,Ekart Logistics,Pune,2026-06-19,2026-06-22,Delivered,3
3765,3765,Ecom Express,Bhubaneswar,2026-03-21,2026-03-27,Delivered,7
3766,3766,Ecom Express,Lucknow,2024-01-16,2024-01-18,Delivered,3
3767,3767,Ekart Logistics,Indore,2026-07-22,2026-07-24,Delivered,2
3768,3768,Ekart Logistics,Delhi,2024-11-09,2024-11-16,Delivered Late,6
3769,3769,Ecom Express,Mumbai,2024-06-19,2024-06-22,Delivered,3
3770,3770,Ekart Logistics,Chandigarh,2025-10-08,,In Transit,7
3771,3771,Ecom Express,Hyderabad,2026-02-08,2026-02-18,Delivered Late,7
3772,3772,Xpressbees,Surat,2026-01-09,,In Transit,5
3773,3773,DTDC,Vadodara,2025-02-20,,In Transit,6
3774,3774,Ecom Express,Thiruvananthapuram,2025-06-17,,In Transit,4
3775,3775,Delhivery,Nagpur,2025-06-14,2025-06-20,Delivered,7
3776,3776,Bluedart,Bhopal,2025-09-07,2025-09-12,Delivered,5
3777,3777,DTDC,Mysuru,2024-06-17,2024-06-20,Delivered,3
3778,3778,Ekart Logistics,Chennai,2025-04-11,2025-04-14,Delivered Late,3
3779,3779,Ekart Logistics,Mumbai,2024-09-22,2024-09-26,Delivered Late,3
3780,3780,Bluedart,Jaipur,2025-11-06,,In Transit,7
3781,3781,Xpressbees,Thiruvananthapuram,2025-10-30,2025-11-02,Delivered,3
3782,3782,Ekart Logistics,Mysuru,2026-08-18,2026-08-24,Delivered,7
3783,3783,Xpressbees,Amritsar,2026-02-18,2026-02-22,Delivered,4
3784,3784,Bluedart,Guwahati,2026-03-15,2026-03-19,Delivered,4
3785,3785,Ecom Express,Vadodara,2025-09-29,2025-10-06,Delivered Late,7
3786,3786,Delhivery,Nagpur,2026-04-17,2026-04-23,Delivered,7
3787,3787,Bluedart,Lucknow,2024-10-15,2024-10-23,Delivered Late,7
3788,3788,Ecom Express,Coimbatore,2025-11-29,2025-12-04,Delivered Late,5
3789,3789,DTDC,Jaipur,2025-12-17,2025-12-19,Delivered,3
3790,3790,Delhivery,Vadodara,2026-02-21,2026-02-23,Delivered,2
3791,3791,Xpressbees,Mumbai,2024-11-15,2024-11-20,Delivered,6
3792,3792,Xpressbees,Ranchi,2024-12-07,2024-12-10,Returned,3
3793,3793,Ekart Logistics,Bhubaneswar,2025-09-29,2025-10-04,Delivered Late,4
3794,3794,Delhivery,Kanpur,2026-03-25,2026-04-03,Delivered Late,7
3795,3795,DTDC,Surat,2025-10-09,2025-10-13,Delivered,5
3796,3796,Xpressbees,Mysuru,2025-11-12,2025-11-16,Delivered Late,2
3797,3797,Ecom Express,Ranchi,2025-11-28,2025-12-02,Delivered,4
3798,3798,Xpressbees,Delhi,2026-03-19,2026-03-23,Delivered,4
3799,3799,Xpressbees,Kanpur,2025-08-03,2025-08-08,Delivered,5
3800,3800,Ecom Express,Nagpur,2025-10-16,2025-10-19,Delivered,4
3801,3801,Ecom Express,Kanpur,2026-05-13,2026-05-17,Delivered,4
3802,3802,Ekart Logistics,Hyderabad,2025-10-16,2025-10-21,Delivered,5
3803,3803,Xpressbees,Ahmedabad,2025-09-23,2025-09-25,Returned,2
3804,3804,Bluedart,Nashik,,,Not Shipped,5
3805,3805,Xpressbees,Thiruvananthapuram,2026-03-20,2026-03-24,Delivered,4
3806,3806,Ekart Logistics,Ranchi,2025-04-04,2025-04-11,Delivered Late,4
3807,3807,Bluedart,Ahmedabad,2025-06-08,2025-06-15,Delivered Late,7
3808,3808,Ecom Express,Nashik,2024-02-17,2024-02-24,Delivered,7
3809,3809,Ecom Express,Bhubaneswar,2026-07-10,2026-07-15,Delivered,6
3810,3810,Xpressbees,Nashik,2026-04-29,2026-05-04,Delivered,6
3811,3811,Bluedart,Vadodara,2026-03-14,2026-03-16,Delivered,3
3812,3812,DTDC,Hyderabad,2024-11-05,2024-11-11,Delivered,7
3813,3813,Bluedart,Bhopal,2025-07-29,2025-08-04,Delivered Late,5
3814,3814,Delhivery,Bengaluru,2026-06-16,2026-06-22,Delivered,6
3815,3815,Bluedart,Mysuru,2025-10-11,2025-10-18,Delivered,7
3816,3816,Xpressbees,Ahmedabad,2024-07-15,2024-07-17,Delivered,2
3817,3817,Delhivery,Chennai,2025-04-13,2025-04-17,Delivered Late,2
3818,3818,Ekart Logistics,Mysuru,2025-06-08,,In Transit,2
3819,3819,Xpressbees,Delhi,2025-12-10,2025-12-15,Delivered,6
3820,3820,Delhivery,Kolkata,2026-03-22,2026-03-31,Delivered Late,7
3821,3821,Ekart Logistics,Nashik,2026-02-08,2026-02-15,Delivered Late,6
3822,3822,Ecom Express,Bengaluru,,,Not Shipped,2
3823,3823,Bluedart,Mysuru,2026-02-23,2026-03-04,Delivered Late,7
3824,3824,Xpressbees,Hyderabad,2025-01-17,2025-01-20,Delivered Late,3
3825,3825,Delhivery,Ahmedabad,2026-07-19,2026-07-25,Delivered,6
3826,3826,DTDC,Jaipur,2026-06-24,2026-06-30,Delivered,7
3827,3827,DTDC,Kochi,2025-10-20,2025-10-27,Delivered Late,6
3828,3828,DTDC,Kolkata,2024-10-19,2024-10-22,Delivered,3
3829,3829,DTDC,Ranchi,2026-01-10,2026-01-18,Delivered Late,7
3830,3830,Xpressbees,Vadodara,2025-05-10,2025-05-14,Delivered Late,3
3831,3831,Xpressbees,Kolkata,2025-07-10,2025-07-16,Delivered Late,4
3832,3832,DTDC,Bhopal,2026-04-11,2026-04-14,Delivered,3
3833,3833,Bluedart,Mysuru,2026-02-09,2026-02-15,Delivered,7
3834,3834,Delhivery,Ahmedabad,2025-12-21,2025-12-26,Delivered Late,4
3835,3835,Bluedart,Amritsar,2025-02-03,2025-02-10,Delivered,7
3836,3836,DTDC,Coimbatore,2025-11-26,2025-11-28,Delivered Late,2
3837,3837,Bluedart,Amritsar,2026-02-27,2026-03-06,Delivered,7
3838,3838,Ecom Express,Chandigarh,2025-11-13,2025-11-20,Delivered Late,5
3839,3839,Ecom Express,Mumbai,2025-03-13,2025-03-15,Delivered,3
3840,3840,Ekart Logistics,Ranchi,,,Not Shipped,4
3841,3841,Xpressbees,Bhopal,2025-10-20,2025-10-27,Delivered Late,4
3842,3842,Ekart Logistics,Lucknow,2026-03-07,2026-03-12,Delivered,5
3843,3843,Xpressbees,Ahmedabad,2026-04-03,2026-04-05,Delivered,2
3844,3844,Bluedart,Lucknow,,,Not Shipped,7
3845,3845,Delhivery,Delhi,2026-03-30,2026-04-03,Delivered Late,4
3846,3846,Delhivery,Coimbatore,2025-10-12,,In Transit,2
3847,3847,Delhivery,Bhopal,2026-01-06,2026-01-08,Delivered,3
3848,3848,Ekart Logistics,Vadodara,,,Not Shipped,7
3849,3849,DTDC,Nashik,2026-03-30,2026-04-04,Returned,5
3850,3850,DTDC,Ranchi,2025-10-04,2025-10-09,Delivered,6
3851,3851,DTDC,Bengaluru,2026-04-26,2026-05-02,Delivered Late,6
3852,3852,Xpressbees,Thiruvananthapuram,2026-03-29,,In Transit,6
3853,3853,Ecom Express,Amritsar,,,Processing,5
3854,3854,Ecom Express,Mumbai,2026-07-14,2026-07-19,Delivered,6
3855,3855,Delhivery,Delhi,2025-06-26,2025-07-03,Returned,7
3856,3856,DTDC,Jaipur,2026-04-14,2026-04-20,Delivered Late,5
3857,3857,Bluedart,Mysuru,2026-01-13,2026-01-21,Delivered Late,6
3858,3858,Xpressbees,Nashik,2025-03-11,2025-03-16,Returned,4
3859,3859,DTDC,Kanpur,,,Processing,2
3860,3860,Xpressbees,Vadodara,2026-02-09,2026-02-13,Delivered,5
3861,3861,Ekart Logistics,Vadodara,2025-06-18,2025-06-21,Delivered,3
3862,3862,Ekart Logistics,Bhopal,,,Not Shipped,4
3863,3863,Ekart Logistics,Ahmedabad,2024-07-18,2024-07-21,Delivered Late,2
3864,3864,DTDC,Vadodara,2026-03-02,2026-03-09,Delivered,7
3865,3865,Ecom Express,Ahmedabad,2025-01-09,2025-01-17,Delivered Late,7
3866,3866,Ecom Express,Ahmedabad,2026-05-09,2026-05-12,Delivered,4
3867,3867,Ecom Express,Jaipur,2026-02-17,,In Transit,4
3868,3868,Bluedart,Chandigarh,2025-04-28,2025-05-01,Delivered Late,2
3869,3869,Bluedart,Amritsar,2026-04-29,2026-05-09,Returned,7
3870,3870,Bluedart,Amritsar,2026-02-12,2026-02-16,Returned,5
3871,3871,Xpressbees,Ranchi,2025-09-25,2025-09-29,Delivered,5
3872,3872,Ecom Express,Thiruvananthapuram,2024-06-20,2024-06-24,Delivered,5
3873,3873,Ekart Logistics,Lucknow,2025-02-22,2025-02-26,Delivered Late,2
3874,3874,Bluedart,Patna,2025-09-05,2025-09-06,Delivered,2
3875,3875,Ecom Express,Amritsar,2026-08-18,,In Transit,6
3876,3876,Ecom Express,Surat,2025-11-20,2025-11-23,Delivered,4
3877,3877,Delhivery,Vadodara,2025-11-02,2025-11-06,Delivered,4
3878,3878,DTDC,Coimbatore,2024-11-22,2024-11-26,Returned,4
3879,3879,Delhivery,Delhi,2025-01-18,2025-01-24,Delivered Late,4
3880,3880,Ecom Express,Patna,2025-11-30,2025-12-08,Returned,6
3881,3881,Delhivery,Indore,2025-12-19,2025-12-22,Returned,4
3882,3882,Xpressbees,Delhi,2023-11-06,2023-11-11,Returned,5
3883,3883,Delhivery,Jaipur,2025-04-10,2025-04-18,Delivered Late,7
3884,3884,Ekart Logistics,Ahmedabad,,,Not Shipped,4
3885,3885,Delhivery,Hyderabad,2025-08-28,2025-09-02,Returned,5
3886,3886,Xpressbees,Ranchi,2025-05-31,2025-06-05,Delivered,6
3887,3887,DTDC,Ahmedabad,2025-06-07,2025-06-09,Delivered,2
3888,3888,Ekart Logistics,Guwahati,2025-12-22,2025-12-25,Delivered,3
3889,3889,Bluedart,Hyderabad,2025-11-18,,In Transit,4
3890,3890,DTDC,Surat,2026-03-27,2026-03-31,Delivered,5
3891,3891,Ekart Logistics,Surat,2026-04-15,2026-04-19,Delivered,5
3892,3892,Xpressbees,Chennai,2026-03-21,2026-03-23,Delivered,3
3893,3893,DTDC,Ahmedabad,2026-07-25,2026-07-31,Delivered Late,6
3894,3894,Ekart Logistics,Vadodara,2025-05-09,2025-05-15,Delivered,6
3895,3895,Ecom Express,Kochi,2025-09-28,,In Transit,3
3896,3896,Bluedart,Bhubaneswar,2026-03-07,2026-03-15,Delivered Late,5
3897,3897,Bluedart,Thiruvananthapuram,2025-09-08,2025-09-11,Delivered,4
3898,3898,DTDC,Surat,2025-08-01,2025-08-03,Returned,2
3899,3899,DTDC,Ranchi,2026-04-12,2026-04-13,Delivered,2
3900,3900,DTDC,Kolkata,2025-06-28,2025-07-06,Delivered Late,7
3901,3901,Ecom Express,Nashik,2025-06-07,2025-06-16,Delivered Late,7
3902,3902,DTDC,Patna,2025-09-11,2025-09-15,Delivered Late,4
3903,3903,Ekart Logistics,Pune,2026-08-17,2026-08-21,Returned,4
3904,3904,Delhivery,Vadodara,2024-11-11,2024-11-13,Delivered,2
3905,3905,Xpressbees,Hyderabad,2026-03-16,2026-03-20,Delivered,5
3906,3906,DTDC,Bengaluru,2025-03-01,2025-03-10,Delivered Late,7
3907,3907,Xpressbees,Ranchi,2025-01-04,2025-01-11,Delivered,7
3908,3908,Xpressbees,Chennai,2025-07-27,2025-08-01,Delivered,6
3909,3909,DTDC,Kochi,,,Not Shipped,2
3910,3910,Ecom Express,Ranchi,2026-03-10,2026-03-16,Delivered,6
3911,3911,Ekart Logistics,Indore,2026-04-21,2026-04-26,Delivered Late,3
3912,3912,Xpressbees,Jaipur,2024-12-15,2024-12-19,Delivered,5
3913,3913,DTDC,Nagpur,2025-12-10,2025-12-12,Delivered,2
3914,3914,Xpressbees,Hyderabad,2025-08-05,2025-08-10,Delivered Late,3
3915,3915,Bluedart,Coimbatore,2026-04-13,2026-04-21,Delivered Late,6
3916,3916,Ekart Logistics,Hyderabad,2026-04-15,2026-04-19,Returned,4
3917,3917,Bluedart,Bhopal,,,Not Shipped,5
3918,3918,Delhivery,Ahmedabad,,,Not Shipped,3
3919,3919,Ekart Logistics,Indore,2026-08-03,2026-08-09,Delivered,7
3920,3920,Ecom Express,Coimbatore,2026-03-15,2026-03-22,Delivered Late,6
3921,3921,Bluedart,Chennai,,,Processing,2
3922,3922,DTDC,Bhubaneswar,2026-03-13,,In Transit,4
3923,3923,Xpressbees,Coimbatore,2025-05-27,2025-06-03,Delivered,7
3924,3924,Ecom Express,Chandigarh,2025-07-24,2025-07-30,Delivered Late,6
3925,3925,Delhivery,Ranchi,2025-10-05,2025-10-09,Delivered,5
3926,3926,DTDC,Hyderabad,,,Processing,3
3927,3927,Xpressbees,Thiruvananthapuram,2024-05-27,2024-05-29,Delivered,2
3928,3928,Xpressbees,Mysuru,2026-01-20,2026-01-25,Delivered,6
3929,3929,Ekart Logistics,Nashik,2026-01-23,2026-01-26,Delivered,4
3930,3930,Bluedart,Nagpur,2025-12-26,2025-12-31,Delivered,5
3931,3931,DTDC,Chennai,2026-03-22,2026-03-29,Delivered,7
3932,3932,Delhivery,Hyderabad,2026-08-13,2026-08-16,Delivered Late,2
3933,3933,Delhivery,Patna,2026-06-05,2026-06-06,Delivered,2
3934,3934,Delhivery,Bhubaneswar,2025-09-27,2025-10-03,Delivered Late,6
3935,3935,Bluedart,Nashik,2026-02-14,2026-02-18,Delivered Late,2
3936,3936,Ecom Express,Bhopal,2026-03-20,2026-03-25,Delivered,6
3937,3937,Delhivery,Guwahati,2026-02-11,2026-02-21,Delivered Late,7
3938,3938,DTDC,Thiruvananthapuram,2026-03-24,2026-03-29,Delivered Late,4
3939,3939,Ecom Express,Vadodara,2025-09-25,2025-09-29,Delivered,4
3940,3940,Bluedart,Mumbai,2025-11-07,,In Transit,3
3941,3941,Ekart Logistics,Amritsar,2026-03-14,,In Transit,5
3942,3942,Ekart Logistics,Mumbai,2026-05-24,2026-05-27,Delivered,4
3943,3943,Ekart Logistics,Surat,2026-08-19,2026-08-23,Returned,4
3944,3944,Xpressbees,Amritsar,2024-10-19,2024-10-24,Delivered,5
3945,3945,Ecom Express,Kochi,2026-03-21,2026-03-27,Delivered Late,6
3946,3946,Ecom Express,Vadodara,2026-03-23,2026-03-28,Delivered,5
3947,3947,Ekart Logistics,Ranchi,2026-03-14,2026-03-18,Delivered Late,3
3948,3948,Ecom Express,Kolkata,2025-06-24,2025-06-26,Delivered,2
3949,3949,DTDC,Ahmedabad,2026-03-09,2026-03-14,Delivered Late,5
3950,3950,Ekart Logistics,Pune,2026-02-16,2026-02-21,Delivered,6
3951,3951,Xpressbees,Nagpur,2026-08-17,2026-08-18,Delivered,2
3952,3952,Ekart Logistics,Thiruvananthapuram,2026-03-04,2026-03-10,Delivered,6
3953,3953,DTDC,Coimbatore,2025-11-19,2025-11-20,Delivered,2
3954,3954,Delhivery,Thiruvananthapuram,2025-04-19,2025-04-21,Delivered,2
3955,3955,Xpressbees,Coimbatore,2026-04-13,2026-04-19,Delivered Late,5
3956,3956,Ecom Express,Delhi,2026-04-17,2026-04-23,Delivered Late,6
3957,3957,Delhivery,Mumbai,2026-02-20,2026-02-23,Delivered,3
3958,3958,Ekart Logistics,Bhopal,2025-12-04,2025-12-05,Delivered,2
3959,3959,Xpressbees,Bhopal,2025-06-19,2025-06-22,Delivered,3
3960,3960,DTDC,Nashik,2025-08-14,2025-08-21,Returned,7
3961,3961,Delhivery,Coimbatore,2026-08-09,2026-08-18,Delivered Late,7
3962,3962,Bluedart,Delhi,2026-02-16,2026-02-23,Delivered,7
3963,3963,Ekart Logistics,Mumbai,2025-08-05,2025-08-09,Delivered Late,4
3964,3964,Bluedart,Chennai,2026-01-20,2026-01-26,Delivered Late,5
3965,3965,Delhivery,Guwahati,2026-07-15,2026-07-18,Returned,3
3966,3966,Bluedart,Coimbatore,2025-10-01,2025-10-08,Delivered,7
3967,3967,Ekart Logistics,Chennai,,,Not Shipped,6
3968,3968,Bluedart,Ranchi,2025-06-04,2025-06-07,Delivered,4
3969,3969,Ekart Logistics,Guwahati,2026-02-27,2026-03-04,Delivered,5
3970,3970,Xpressbees,Jaipur,2024-11-06,2024-11-13,Delivered,7
3971,3971,Bluedart,Thiruvananthapuram,,,Processing,3
3972,3972,Ekart Logistics,Hyderabad,,,Not Shipped,3
3973,3973,DTDC,Ranchi,2026-02-08,2026-02-09,Delivered,2
3974,3974,Delhivery,Nagpur,2026-06-11,,In Transit,7
3975,3975,Delhivery,Kochi,2025-09-06,2025-09-12,Delivered Late,4
3976,3976,Ecom Express,Mysuru,2026-01-14,2026-01-22,Returned,7
3977,3977,Bluedart,Nagpur,2025-08-21,2025-08-30,Delivered Late,7
3978,3978,Delhivery,Chennai,2024-04-11,2024-04-13,Delivered,2
3979,3979,Xpressbees,Nagpur,2026-08-17,2026-08-24,Delivered Late,6
3980,3980,Delhivery,Delhi,2026-08-15,2026-08-18,Delivered,3
3981,3981,Ekart Logistics,Ranchi,2025-08-19,2025-08-24,Delivered Late,2
3982,3982,Bluedart,Nashik,2026-03-12,2026-03-20,Delivered Late,6
3983,3983,Ekart Logistics,Guwahati,2026-03-06,2026-03-10,Delivered,4
3984,3984,Xpressbees,Vadodara,,,Not Shipped,6
3985,3985,Ecom Express,Thiruvananthapuram,2025-12-24,2025-12-29,Delivered,5
3986,3986,Xpressbees,Chandigarh,2025-08-10,2025-08-13,Delivered,4
3987,3987,Delhivery,Bhopal,,,Not Shipped,2
3988,3988,Bluedart,Ranchi,2026-02-21,2026-02-24,Delivered,4
3989,3989,DTDC,Hyderabad,2025-12-19,2025-12-21,Delivered,2
3990,3990,Ekart Logistics,Bhopal,2025-02-11,2025-02-18,Delivered Late,6
3991,3991,Delhivery,Indore,2026-03-05,2026-03-10,Delivered,5
3992,3992,Ekart Logistics,Bengaluru,2026-05-02,2026-05-05,Delivered,3
3993,3993,Ecom Express,Thiruvananthapuram,2025-08-06,2025-08-10,Delivered,4
3994,3994,Ecom Express,Nagpur,2025-06-23,2025-06-28,Delivered,5
3995,3995,DTDC,Kochi,2026-03-20,2026-03-24,Delivered,4
3996,3996,Delhivery,Mysuru,2026-07-16,2026-07-17,Delivered,2
3997,3997,DTDC,Bhopal,2025-07-10,2025-07-13,Delivered Late,3
3998,3998,Bluedart,Bhubaneswar,2026-04-01,2026-04-07,Delivered Late,3
3999,3999,Ekart Logistics,Kanpur,2025-07-04,2025-07-08,Delivered,5
4000,4000,Bluedart,Jaipur,2025-06-04,2025-06-08,Delivered,5
4001,4001,Ecom Express,Lucknow,2026-03-11,2026-03-14,Delivered,4
4002,4002,Bluedart,Bhubaneswar,2025-06-11,2025-06-15,Delivered,5
4003,4003,Ekart Logistics,Mumbai,2026-04-20,2026-04-22,Delivered,3
4004,4004,DTDC,Kochi,2026-02-10,2026-02-13,Delivered,3
4005,4005,Xpressbees,Nagpur,2025-01-31,2025-02-03,Delivered,3
4006,4006,Bluedart,Mumbai,2026-03-06,2026-03-12,Delivered,6
4007,4007,Ekart Logistics,Nagpur,2026-05-28,,In Transit,3
4008,4008,Ekart Logistics,Kanpur,2026-07-12,,In Transit,6
4009,4009,Xpressbees,Pune,,,Not Shipped,6
4010,4010,Ekart Logistics,Chandigarh,2026-02-27,2026-03-02,Delivered Late,2
4011,4011,Bluedart,Patna,2025-11-19,2025-11-22,Delivered Late,3
4012,4012,Xpressbees,Vadodara,2025-03-21,2025-03-24,Delivered,4
4013,4013,Bluedart,Jaipur,2026-03-07,2026-03-13,Returned,6
4014,4014,Xpressbees,Delhi,2026-05-05,2026-05-13,Delivered Late,6
4015,4015,Ekart Logistics,Mysuru,2025-09-21,2025-09-29,Delivered Late,7
4016,4016,Ecom Express,Patna,2025-07-03,2025-07-09,Delivered,6
4017,4017,Delhivery,Vadodara,2024-10-11,2024-10-17,Delivered,7
4018,4018,DTDC,Chennai,2025-11-30,2025-12-05,Delivered,6
4019,4019,Xpressbees,Thiruvananthapuram,2025-10-01,2025-10-05,Returned,5
4020,4020,Ecom Express,Guwahati,2025-10-30,2025-11-03,Delivered,5
4021,4021,Bluedart,Thiruvananthapuram,2025-10-17,2025-10-21,Delivered,5
4022,4022,DTDC,Patna,2026-01-11,2026-01-13,Returned,3
4023,4023,Xpressbees,Coimbatore,2026-06-08,2026-06-13,Delivered,6
4024,4024,Xpressbees,Kolkata,2025-02-15,2025-02-19,Delivered,4
4025,4025,DTDC,Ahmedabad,2025-05-27,2025-05-31,Delivered,4
4026,4026,Xpressbees,Vadodara,2026-01-19,2026-01-21,Delivered Late,2
4027,4027,Ecom Express,Nashik,2026-05-03,2026-05-10,Delivered Late,6
4028,4028,Bluedart,Indore,2026-02-19,2026-02-26,Delivered Late,5
4029,4029,Ekart Logistics,Indore,2025-06-23,2025-06-30,Delivered Late,7
4030,4030,Ecom Express,Nashik,2025-03-29,2025-04-01,Delivered,4
4031,4031,Xpressbees,Chennai,2025-05-21,,In Transit,6
4032,4032,Ecom Express,Patna,,,Not Shipped,6
4033,4033,Ekart Logistics,Bhubaneswar,,,Not Shipped,2
4034,4034,Xpressbees,Jaipur,,,Not Shipped,7
4035,4035,Bluedart,Vadodara,2026-01-26,2026-01-29,Delivered,3
4036,4036,Ekart Logistics,Patna,2025-11-06,2025-11-12,Delivered,7
4037,4037,DTDC,Nashik,2025-12-29,2026-01-04,Delivered,6
4038,4038,Ecom Express,Nagpur,2025-11-26,,In Transit,4
4039,4039,Delhivery,Pune,2026-03-25,,In Transit,2
4040,4040,Bluedart,Hyderabad,2025-12-24,2025-12-28,Delivered,5
4041,4041,Ekart Logistics,Thiruvananthapuram,,,Not Shipped,7
4042,4042,Bluedart,Bengaluru,2026-02-21,2026-02-27,Delivered,7
4043,4043,Ekart Logistics,Pune,2025-04-07,2025-04-14,Delivered,7
4044,4044,Delhivery,Coimbatore,2025-09-17,2025-09-20,Delivered,3
4045,4045,Bluedart,Coimbatore,2025-06-24,2025-06-28,Delivered,5
4046,4046,Xpressbees,Nashik,2025-06-14,2025-06-17,Delivered,4
4047,4047,Bluedart,Pune,2025-02-13,2025-02-21,Delivered Late,6
4048,4048,Bluedart,Bhopal,2025-12-19,2025-12-26,Delivered Late,5
4049,4049,Xpressbees,Kolkata,,,Not Shipped,4
4050,4050,Xpressbees,Ranchi,2025-11-18,2025-11-23,Delivered,5
4051,4051,Delhivery,Bhubaneswar,,,Not Shipped,4
4052,4052,Xpressbees,Kolkata,,,Processing,2
4053,4053,Ecom Express,Jaipur,2026-03-08,2026-03-13,Delivered,5
4054,4054,Xpressbees,Ranchi,2025-04-20,2025-04-25,Delivered Late,3
4055,4055,Bluedart,Ahmedabad,2024-08-11,2024-08-16,Returned,6
4056,4056,Ekart Logistics,Chandigarh,2026-01-26,2026-01-31,Delivered Late,3
4057,4057,Ecom Express,Indore,2024-04-13,2024-04-19,Delivered,7
4058,4058,Ecom Express,Mumbai,2025-06-10,2025-06-19,Returned,7
4059,4059,Xpressbees,Indore,2026-02-19,2026-02-24,Delivered,5
4060,4060,Xpressbees,Kanpur,2026-03-10,2026-03-17,Delivered Late,6
4061,4061,Ekart Logistics,Kochi,2026-01-08,2026-01-13,Delivered,6
4062,4062,Bluedart,Jaipur,2026-03-03,2026-03-10,Delivered Late,6
4063,4063,Bluedart,Pune,2024-09-19,2024-09-25,Delivered,6
4064,4064,Xpressbees,Bengaluru,2026-02-05,2026-02-13,Delivered Late,7
4065,4065,Delhivery,Bhopal,2026-02-21,2026-02-22,Delivered,2
4066,4066,Ekart Logistics,Vadodara,2026-07-24,2026-07-25,Delivered,2
4067,4067,Xpressbees,Nagpur,2025-07-02,2025-07-05,Delivered,4
4068,4068,Bluedart,Mumbai,2025-07-13,2025-07-18,Delivered Late,3
4069,4069,Bluedart,Bengaluru,2026-03-28,,In Transit,4
4070,4070,Bluedart,Mumbai,2025-06-14,2025-06-23,Delivered Late,6
4071,4071,Xpressbees,Chandigarh,2024-05-23,2024-05-30,Delivered Late,6
4072,4072,Ekart Logistics,Ahmedabad,2026-02-27,2026-03-02,Delivered Late,2
4073,4073,Ecom Express,Nagpur,2025-06-07,2025-06-14,Delivered,7
4074,4074,Delhivery,Lucknow,2026-05-19,,In Transit,6
4075,4075,Ekart Logistics,Nashik,2026-08-16,2026-08-21,Delivered,5
4076,4076,Ekart Logistics,Nagpur,2024-09-07,2024-09-14,Delivered Late,5
4077,4077,Xpressbees,Mumbai,2025-05-13,2025-05-20,Delivered Late,7
4078,4078,Xpressbees,Amritsar,2025-11-30,2025-12-09,Delivered Late,7
4079,4079,Ekart Logistics,Mysuru,2026-07-22,2026-07-23,Delivered,2
4080,4080,Ecom Express,Lucknow,2025-03-08,2025-03-14,Delivered,6
4081,4081,Bluedart,Kochi,2025-12-23,2025-12-25,Delivered,2
4082,4082,Bluedart,Surat,2026-06-09,2026-06-13,Delivered Late,3
4083,4083,Delhivery,Vadodara,2026-01-04,2026-01-11,Delivered,7
4084,4084,Bluedart,Bhubaneswar,,,Not Shipped,7
4085,4085,Xpressbees,Mysuru,2026-04-30,2026-05-05,Delivered,5
4086,4086,Ekart Logistics,Delhi,,,Not Shipped,7
4087,4087,Bluedart,Bhubaneswar,,,Not Shipped,7
4088,4088,DTDC,Hyderabad,2025-05-01,2025-05-06,Delivered Late,5
4089,4089,Xpressbees,Chennai,2025-10-12,2025-10-19,Delivered,7
4090,4090,Ekart Logistics,Mysuru,2024-12-23,2024-12-30,Delivered Late,5
4091,4091,Ekart Logistics,Vadodara,2026-02-20,2026-02-23,Delivered,4
4092,4092,Ecom Express,Chennai,2025-12-19,2025-12-24,Returned,4
4093,4093,Xpressbees,Chandigarh,2025-11-04,2025-11-06,Delivered,2
4094,4094,Xpressbees,Mumbai,,,Not Shipped,3
4095,4095,Ecom Express,Amritsar,2025-03-24,2025-03-31,Delivered Late,5
4096,4096,Delhivery,Hyderabad,2026-03-08,2026-03-14,Delivered,7
4097,4097,Ecom Express,Chennai,2026-03-18,2026-03-21,Delivered,4
4098,4098,Ecom Express,Thiruvananthapuram,,,Not Shipped,2
4099,4099,Ekart Logistics,Amritsar,2026-08-11,2026-08-15,Delivered,5
4100,4100,Ekart Logistics,Indore,2025-06-15,2025-06-17,Delivered,3
4101,4101,Bluedart,Ahmedabad,2026-01-29,2026-02-01,Delivered Late,3
4102,4102,Delhivery,Vadodara,2026-03-03,2026-03-07,Delivered Late,2
4103,4103,Bluedart,Kanpur,2026-03-19,2026-03-22,Delivered,3
4104,4104,Bluedart,Patna,2025-04-01,2025-04-02,Delivered,2
4105,4105,Bluedart,Surat,2025-02-07,2025-02-10,Delivered,3
4106,4106,DTDC,Lucknow,2025-10-07,2025-10-14,Delivered,7
4107,4107,Delhivery,Kolkata,2025-05-19,2025-05-22,Delivered,3
4108,4108,Ekart Logistics,Kanpur,2026-05-25,2026-05-29,Delivered,5
4109,4109,Bluedart,Nashik,2026-02-15,2026-02-25,Returned,7
4110,4110,Bluedart,Coimbatore,2026-06-06,2026-06-13,Delivered,7
4111,4111,DTDC,Kolkata,,,Not Shipped,6
4112,4112,Ekart Logistics,Mumbai,2025-03-04,2025-03-05,Delivered,2
4113,4113,Xpressbees,Ahmedabad,2026-03-23,2026-03-28,Delivered,5
4114,4114,Delhivery,Indore,2024-08-18,2024-08-27,Delivered Late,7
4115,4115,Bluedart,Ahmedabad,2026-06-20,2026-06-27,Returned,5
4116,4116,DTDC,Bengaluru,2026-04-27,2026-05-01,Delivered,4
4117,4117,Ekart Logistics,Nashik,2025-05-06,2025-05-15,Delivered Late,6
4118,4118,Xpressbees,Pune,2026-03-03,2026-03-07,Delivered,5
4119,4119,Ekart Logistics,Vadodara,2025-09-25,2025-09-27,Delivered,3
4120,4120,DTDC,Ahmedabad,2025-12-08,2025-12-10,Delivered,3
4121,4121,Xpressbees,Chandigarh,2024-05-24,2024-05-26,Delivered,3
4122,4122,Bluedart,Amritsar,,,Not Shipped,3
4123,4123,Ecom Express,Mumbai,2026-06-22,2026-06-28,Delivered,6
4124,4124,Ekart Logistics,Patna,2025-07-27,2025-07-29,Delivered,2
4125,4125,Delhivery,Coimbatore,2025-10-01,2025-10-04,Delivered Late,2
4126,4126,Xpressbees,Chandigarh,2026-06-09,2026-06-15,Delivered,7
4127,4127,Ecom Express,Patna,2025-08-09,2025-08-15,Delivered,6
4128,4128,Ecom Express,Chandigarh,2025-04-30,2025-05-05,Delivered,6
4129,4129,DTDC,Lucknow,2026-08-18,2026-08-21,Delivered,3
4130,4130,Ekart Logistics,Delhi,2025-02-22,2025-02-23,Delivered,2
4131,4131,DTDC,Vadodara,2025-03-09,2025-03-11,Delivered,3
4132,4132,Xpressbees,Bengaluru,2025-03-19,2025-03-26,Returned,5
4133,4133,Delhivery,Amritsar,2025-01-20,2025-01-26,Delivered,6
4134,4134,Ecom Express,Nagpur,2025-12-11,2025-12-12,Delivered,2
4135,4135,Delhivery,Mysuru,2025-10-15,2025-10-25,Delivered Late,7
4136,4136,Xpressbees,Guwahati,2026-02-21,2026-02-23,Delivered,3
4137,4137,Bluedart,Coimbatore,2026-02-18,2026-02-24,Delivered Late,6
4138,4138,DTDC,Bengaluru,2025-01-19,2025-01-21,Delivered,2
4139,4139,Bluedart,Bhubaneswar,2026-03-11,2026-03-13,Delivered,3
4140,4140,DTDC,Hyderabad,2026-08-18,2026-08-24,Delivered,6
4141,4141,Ekart Logistics,Chandigarh,2026-03-21,2026-03-23,Delivered,2
4142,4142,Ekart Logistics,Mysuru,2026-05-23,2026-05-26,Delivered Late,2
4143,4143,Ecom Express,Vadodara,2025-02-27,2025-03-03,Delivered,5
4144,4144,Delhivery,Surat,2025-08-01,2025-08-03,Delivered Late,2
4145,4145,DTDC,Ahmedabad,2026-08-17,2026-08-21,Delivered,5
4146,4146,Ecom Express,Kanpur,,,Processing,7
4147,4147,DTDC,Indore,2026-07-21,2026-07-26,Delivered Late,5
4148,4148,Delhivery,Delhi,2026-04-05,2026-04-11,Delivered,7
4149,4149,Xpressbees,Thiruvananthapuram,2026-02-27,2026-03-04,Delivered Late,2
4150,4150,DTDC,Chennai,2025-05-06,,In Transit,3
4151,4151,Ekart Logistics,Mysuru,2026-04-24,2026-04-27,Delivered Late,3
4152,4152,Ecom Express,Amritsar,,,Processing,7
4153,4153,Delhivery,Patna,2025-12-16,2025-12-21,Delivered Late,3
4154,4154,DTDC,Nashik,2025-10-29,2025-10-31,Delivered Late,2
4155,4155,Xpressbees,Bengaluru,2025-10-29,2025-11-03,Delivered,6
4156,4156,Ekart Logistics,Kolkata,2025-10-12,2025-10-18,Delivered,7
4157,4157,Ekart Logistics,Ahmedabad,2026-04-09,2026-04-16,Delivered,7
4158,4158,DTDC,Surat,2025-04-14,,In Transit,5
4159,4159,Delhivery,Nagpur,2026-04-19,2026-04-26,Returned,7
4160,4160,Ecom Express,Chandigarh,2024-11-02,2024-11-04,Delivered,2
4161,4161,Delhivery,Surat,2024-12-25,2024-12-29,Delivered,5
4162,4162,Ekart Logistics,Nashik,2026-02-14,2026-02-23,Delivered Late,6
4163,4163,Ekart Logistics,Nashik,2025-09-26,2025-10-03,Delivered Late,6
4164,4164,Xpressbees,Kochi,2024-06-05,2024-06-10,Delivered,5
4165,4165,DTDC,Guwahati,2025-09-26,2025-10-03,Delivered Late,6
4166,4166,Delhivery,Bhubaneswar,2024-08-03,2024-08-09,Delivered Late,4
4167,4167,Delhivery,Surat,,,Processing,3
4168,4168,DTDC,Mumbai,2026-05-26,2026-05-27,Delivered,2
4169,4169,Ecom Express,Bengaluru,2025-09-01,2025-09-07,Delivered,6
4170,4170,Ekart Logistics,Kochi,2025-05-06,,In Transit,2
4171,4171,Ekart Logistics,Kanpur,2026-07-06,2026-07-12,Delivered,6
4172,4172,Ecom Express,Chennai,2025-12-21,2025-12-22,Delivered,2
4173,4173,Xpressbees,Ranchi,2026-04-08,2026-04-11,Delivered Late,2
4174,4174,DTDC,Coimbatore,2026-03-28,,In Transit,7
4175,4175,Ekart Logistics,Indore,2024-06-02,,In Transit,5
4176,4176,Xpressbees,Mysuru,,,Processing,2
4177,4177,Ecom Express,Jaipur,2023-11-26,,In Transit,5
4178,4178,DTDC,Indore,2025-01-08,2025-01-10,Delivered Late,2
4179,4179,Delhivery,Lucknow,2025-07-14,,In Transit,2
4180,4180,Delhivery,Pune,2025-11-09,2025-11-11,Delivered,3
4181,4181,Xpressbees,Chandigarh,2026-04-13,2026-04-20,Returned,7
4182,4182,Ekart Logistics,Indore,2026-05-30,2026-06-05,Delivered Late,6
4183,4183,DTDC,Hyderabad,2025-02-15,2025-02-17,Delivered Late,2
4184,4184,Xpressbees,Pune,,,Not Shipped,3
4185,4185,Delhivery,Ahmedabad,,,Not Shipped,5
4186,4186,DTDC,Chennai,2026-06-11,2026-06-17,Delivered,7
4187,4187,DTDC,Mysuru,,,Not Shipped,7
4188,4188,Xpressbees,Surat,2025-12-23,2025-12-26,Delivered,4
4189,4189,Ecom Express,Mysuru,2025-11-14,2025-11-17,Delivered,3
4190,4190,Ekart Logistics,Mysuru,2025-11-07,2025-11-10,Delivered,3
4191,4191,Bluedart,Chandigarh,2024-01-12,2024-01-19,Delivered,7
4192,4192,Xpressbees,Nagpur,2026-05-22,2026-05-30,Delivered Late,7
4193,4193,Ecom Express,Kanpur,2025-07-13,2025-07-15,Delivered,3
4194,4194,DTDC,Bhopal,2025-06-10,2025-06-18,Delivered Late,7
4195,4195,Ekart Logistics,Chandigarh,2026-03-09,2026-03-15,Delivered Late,6
4196,4196,Ekart Logistics,Kanpur,2026-04-19,2026-04-27,Delivered Late,6
4197,4197,Ecom Express,Pune,2026-04-14,2026-04-19,Delivered Late,4
4198,4198,Bluedart,Mysuru,2026-05-23,,In Transit,5
4199,4199,DTDC,Bengaluru,2026-06-29,2026-07-05,Delivered,6
4200,4200,DTDC,Pune,2026-01-02,2026-01-08,Delivered Late,3
4201,4201,Ekart Logistics,Coimbatore,2025-03-25,2025-03-29,Delivered,4
4202,4202,DTDC,Mysuru,2025-03-19,2025-03-27,Delivered Late,6
4203,4203,Delhivery,Coimbatore,2025-12-04,,In Transit,2
4204,4204,Xpressbees,Hyderabad,,,Processing,4
4205,4205,Ekart Logistics,Ahmedabad,2026-04-30,2026-05-05,Delivered,5
4206,4206,Xpressbees,Bhubaneswar,2026-03-07,2026-03-17,Delivered Late,7
4207,4207,DTDC,Surat,2026-04-08,2026-04-13,Returned,6
4208,4208,Ekart Logistics,Chennai,,,Processing,3
4209,4209,Bluedart,Vadodara,2026-06-19,2026-06-28,Delivered Late,7
4210,4210,Bluedart,Mysuru,,,Not Shipped,7
4211,4211,Ecom Express,Delhi,2026-03-14,2026-03-20,Delivered,6
4212,4212,Delhivery,Mysuru,2025-11-30,2025-12-06,Delivered,6
4213,4213,Xpressbees,Surat,2024-09-26,2024-10-02,Delivered Late,5
4214,4214,Delhivery,Lucknow,,,Not Shipped,2
4215,4215,Bluedart,Ranchi,2024-12-23,2024-12-28,Delivered Late,3
4216,4216,Bluedart,Delhi,,,Processing,3
4217,4217,Ecom Express,Chandigarh,2025-01-13,2025-01-18,Delivered,5
4218,4218,Ecom Express,Kochi,2026-02-08,,In Transit,5
4219,4219,Ekart Logistics,Surat,2024-11-03,2024-11-11,Delivered Late,6
4220,4220,DTDC,Ranchi,2026-04-21,2026-04-24,Delivered Late,2
4221,4221,Bluedart,Ahmedabad,2024-08-14,2024-08-16,Delivered,3
4222,4222,Bluedart,Kolkata,2026-04-11,2026-04-17,Delivered,7
4223,4223,Delhivery,Amritsar,2026-05-26,2026-06-01,Delivered,6
4224,4224,Xpressbees,Pune,2025-12-24,2025-12-27,Delivered,3
4225,4225,Delhivery,Kanpur,2026-03-19,2026-03-26,Delivered,7
4226,4226,DTDC,Mysuru,2025-02-14,2025-02-21,Delivered Late,6
4227,4227,Ecom Express,Bengaluru,2025-06-30,2025-07-09,Delivered Late,7
4228,4228,Delhivery,Ranchi,2025-12-01,2025-12-09,Delivered Late,7
4229,4229,Xpressbees,Ranchi,2026-03-12,2026-03-16,Delivered,4
4230,4230,Xpressbees,Amritsar,,,Not Shipped,7
4231,4231,Ecom Express,Coimbatore,2025-06-06,2025-06-11,Delivered,6
4232,4232,Xpressbees,Kochi,2026-02-05,2026-02-08,Delivered,3
4233,4233,Bluedart,Nagpur,2025-09-21,2025-09-24,Delivered Late,2
4234,4234,DTDC,Nagpur,2025-07-15,2025-07-20,Delivered,5
4235,4235,Bluedart,Bhopal,2026-01-03,2026-01-05,Delivered,3
4236,4236,DTDC,Kanpur,2026-02-01,2026-02-07,Returned,6
4237,4237,Delhivery,Thiruvananthapuram,2025-07-31,2025-08-06,Delivered Late,3
4238,4238,Bluedart,Kanpur,2026-01-13,2026-01-20,Delivered Late,7
4239,4239,DTDC,Guwahati,2024-11-02,2024-11-07,Delivered,5
4240,4240,Xpressbees,Guwahati,,,Not Shipped,6
4241,4241,Xpressbees,Coimbatore,2025-03-18,2025-03-22,Delivered,5
4242,4242,Ecom Express,Chennai,2026-05-08,2026-05-13,Returned,5
4243,4243,DTDC,Nashik,2025-12-07,2025-12-13,Delivered,6
4244,4244,Bluedart,Chandigarh,2025-09-12,2025-09-13,Delivered,2
4245,4245,Bluedart,Coimbatore,2025-11-09,2025-11-13,Delivered Late,2
4246,4246,Delhivery,Hyderabad,2026-01-15,2026-01-17,Delivered,3
4247,4247,Ecom Express,Vadodara,2025-11-26,2025-11-30,Returned,4
4248,4248,Bluedart,Vadodara,2026-06-09,2026-06-15,Delivered Late,5
4249,4249,Ecom Express,Pune,2026-02-07,2026-02-12,Delivered Late,5
4250,4250,Ekart Logistics,Nashik,2023-12-31,2024-01-05,Delivered,6
4251,4251,Ekart Logistics,Nashik,2024-05-08,2024-05-12,Delivered,5
4252,4252,DTDC,Hyderabad,2025-04-21,,In Transit,2
4253,4253,Ekart Logistics,Chennai,2026-05-07,2026-05-11,Delivered,5
4254,4254,Delhivery,Thiruvananthapuram,2025-11-30,,In Transit,3
4255,4255,Delhivery,Bhubaneswar,2026-01-20,2026-01-23,Delivered Late,2
4256,4256,Delhivery,Chennai,2025-09-13,2025-09-17,Delivered,4
4257,4257,DTDC,Thiruvananthapuram,2025-08-03,2025-08-07,Delivered,4
4258,4258,DTDC,Mysuru,2026-01-23,2026-01-30,Delivered Late,4
4259,4259,Xpressbees,Hyderabad,2024-12-30,2025-01-04,Delivered,6
4260,4260,DTDC,Ahmedabad,,,Not Shipped,6
4261,4261,Bluedart,Nagpur,2025-07-19,2025-07-25,Delivered,6
4262,4262,Ecom Express,Bengaluru,2026-02-09,2026-02-15,Delivered Late,5
4263,4263,Delhivery,Amritsar,2025-09-20,2025-09-26,Delivered,7
4264,4264,Ekart Logistics,Vadodara,2025-11-26,2025-12-03,Delivered Late,5
4265,4265,Bluedart,Surat,,,Not Shipped,2
4266,4266,Xpressbees,Mysuru,,,Not Shipped,3
4267,4267,Ekart Logistics,Bhubaneswar,2025-07-07,2025-07-10,Delivered Late,2
4268,4268,Bluedart,Jaipur,2025-03-25,2025-03-28,Delivered Late,2
4269,4269,Bluedart,Jaipur,,,Not Shipped,5
4270,4270,DTDC,Mysuru,2025-12-03,2025-12-10,Returned,7
4271,4271,Ekart Logistics,Thiruvananthapuram,2024-09-19,2024-09-25,Delivered Late,5
4272,4272,Ekart Logistics,Pune,2026-07-08,2026-07-15,Delivered Late,7
4273,4273,Delhivery,Bengaluru,,,Not Shipped,7
4274,4274,Delhivery,Chandigarh,2026-03-19,2026-03-25,Delivered Late,4
4275,4275,DTDC,Mumbai,2026-03-15,2026-03-19,Delivered,4
4276,4276,Ekart Logistics,Pune,2026-02-16,2026-02-17,Delivered,2
4277,4277,Bluedart,Ranchi,2026-03-25,2026-03-27,Delivered,3
4278,4278,Ekart Logistics,Ahmedabad,2025-01-25,2025-01-29,Delivered Late,3
4279,4279,DTDC,Surat,,,Processing,6
4280,4280,Bluedart,Amritsar,2025-08-27,2025-08-31,Delivered Late,4
4281,4281,Bluedart,Kanpur,2025-09-10,2025-09-13,Returned,2
4282,4282,Ekart Logistics,Jaipur,2026-06-03,2026-06-05,Delivered,3
4283,4283,Bluedart,Ahmedabad,2026-06-23,,In Transit,5
4284,4284,Xpressbees,Hyderabad,2026-04-30,2026-05-08,Delivered Late,7
4285,4285,Delhivery,Vadodara,2024-02-02,2024-02-05,Delivered,3
4286,4286,DTDC,Chennai,,,Not Shipped,5
4287,4287,Ecom Express,Nashik,2025-02-17,2025-02-25,Delivered Late,7
4288,4288,Bluedart,Pune,2025-07-24,2025-07-31,Delivered Late,5
4289,4289,Xpressbees,Indore,,,Not Shipped,4
4290,4290,Xpressbees,Nagpur,2025-06-14,,In Transit,6
4291,4291,DTDC,Nashik,2025-02-19,2025-02-21,Delivered,3
4292,4292,Bluedart,Hyderabad,2025-09-15,2025-09-18,Returned,3
4293,4293,Xpressbees,Kochi,2026-03-27,2026-04-01,Delivered,5
4294,4294,Xpressbees,Thiruvananthapuram,2025-11-10,2025-11-15,Delivered,6
4295,4295,Delhivery,Delhi,2026-06-14,2026-06-15,Delivered,2
4296,4296,Xpressbees,Kochi,2025-09-20,2025-09-22,Delivered Late,2
4297,4297,Xpressbees,Kanpur,2025-06-19,2025-06-23,Delivered Late,3
4298,4298,Xpressbees,Nashik,2026-02-04,2026-02-09,Delivered,5
4299,4299,Bluedart,Kochi,2026-01-20,2026-01-25,Delivered,5
4300,4300,Xpressbees,Patna,2026-01-23,2026-01-27,Delivered,5
4301,4301,DTDC,Guwahati,2025-01-12,2025-01-18,Delivered,7
4302,4302,Delhivery,Surat,2025-12-02,2025-12-09,Delivered,7
4303,4303,Ecom Express,Guwahati,,,Not Shipped,2
4304,4304,Delhivery,Lucknow,2025-12-09,2025-12-16,Delivered,7
4305,4305,Ecom Express,Mumbai,2026-03-21,2026-03-28,Delivered Late,6
4306,4306,Ecom Express,Amritsar,2026-08-06,2026-08-09,Delivered Late,3
4307,4307,DTDC,Nagpur,2024-11-13,2024-11-16,Delivered,4
4308,4308,Xpressbees,Mumbai,2025-05-12,2025-05-21,Delivered Late,7
4309,4309,Xpressbees,Patna,2025-01-23,2025-01-29,Delivered,6
4310,4310,Bluedart,Jaipur,2026-04-21,2026-04-25,Delivered,4
4311,4311,DTDC,Ranchi,2024-12-17,2024-12-22,Delivered Late,3
4312,4312,DTDC,Delhi,2024-08-25,2024-08-29,Delivered Late,4
4313,4313,Xpressbees,Thiruvananthapuram,2025-11-09,,In Transit,4
4314,4314,Bluedart,Chennai,2026-06-14,2026-06-22,Delivered Late,6
4315,4315,Delhivery,Nashik,2026-02-04,2026-02-07,Delivered,4
4316,4316,Ecom Express,Thiruvananthapuram,2026-04-14,2026-04-21,Delivered Late,5
4317,4317,Delhivery,Bhubaneswar,2026-01-29,2026-02-01,Delivered,3
4318,4318,Ecom Express,Bhubaneswar,2025-09-25,2025-10-04,Delivered Late,7
4319,4319,Bluedart,Amritsar,2025-05-02,2025-05-10,Delivered Late,7
4320,4320,Bluedart,Patna,,,Not Shipped,7
4321,4321,Delhivery,Nagpur,2026-01-31,2026-02-08,Delivered Late,5
4322,4322,DTDC,Bhopal,2025-07-16,2025-07-21,Delivered,6
4323,4323,Xpressbees,Nagpur,2025-09-24,2025-09-27,Delivered Late,2
4324,4324,Delhivery,Surat,,,Not Shipped,6
4325,4325,Delhivery,Pune,2025-01-23,2025-01-28,Delivered,6
4326,4326,DTDC,Guwahati,2026-01-03,2026-01-07,Delivered,5
4327,4327,Ekart Logistics,Nashik,2025-06-29,2025-07-02,Delivered,4
4328,4328,Xpressbees,Vadodara,2026-08-17,2026-08-25,Delivered Late,7
4329,4329,DTDC,Guwahati,2026-06-01,2026-06-07,Delivered,6
4330,4330,Bluedart,Chandigarh,,,Processing,3
4331,4331,Ecom Express,Guwahati,,,Not Shipped,2
4332,4332,Ecom Express,Amritsar,2025-10-23,2025-10-26,Delivered,3
4333,4333,Ecom Express,Ranchi,2026-03-22,2026-03-29,Delivered,7
4334,4334,DTDC,Thiruvananthapuram,2025-05-19,2025-05-25,Delivered,6
4335,4335,Bluedart,Thiruvananthapuram,2024-01-10,2024-01-12,Delivered,3
4336,4336,Bluedart,Thiruvananthapuram,2025-08-10,2025-08-16,Delivered Late,5
4337,4337,Bluedart,Guwahati,2026-05-22,2026-05-29,Delivered Late,6
4338,4338,Xpressbees,Amritsar,2024-12-12,2024-12-16,Delivered,4
4339,4339,Ekart Logistics,Ranchi,2025-01-01,2025-01-10,Delivered Late,7
4340,4340,DTDC,Mumbai,2026-07-16,2026-07-21,Delivered,5
4341,4341,Ecom Express,Indore,2024-08-21,2024-08-29,Delivered Late,7
4342,4342,DTDC,Lucknow,2026-01-17,2026-01-23,Delivered,7
4343,4343,DTDC,Kolkata,2025-05-19,2025-05-20,Delivered,2
4344,4344,DTDC,Hyderabad,2025-02-17,2025-02-20,Delivered,3
4345,4345,DTDC,Kanpur,2026-03-24,2026-03-27,Delivered,3
4346,4346,Ekart Logistics,Kochi,2025-11-26,2025-11-27,Returned,2
4347,4347,Ekart Logistics,Delhi,2026-04-04,2026-04-07,Delivered,4
4348,4348,Delhivery,Guwahati,2026-01-09,2026-01-13,Delivered Late,3
4349,4349,Ekart Logistics,Coimbatore,2024-09-13,2024-09-17,Delivered,5
4350,4350,DTDC,Thiruvananthapuram,2025-11-11,2025-11-17,Delivered,7
4351,4351,DTDC,Nagpur,,,Not Shipped,3
4352,4352,DTDC,Thiruvananthapuram,,,Processing,2
4353,4353,Bluedart,Kanpur,2026-07-17,2026-07-20,Delivered,4
4354,4354,Xpressbees,Chandigarh,2026-02-02,2026-02-07,Delivered,6
4355,4355,Bluedart,Nashik,2026-01-01,2026-01-09,Returned,7
4356,4356,Xpressbees,Coimbatore,2026-02-26,2026-03-01,Delivered Late,3
4357,4357,Ekart Logistics,Mumbai,2024-11-21,2024-11-28,Delivered Late,6
4358,4358,DTDC,Chennai,2025-07-21,2025-07-27,Delivered Late,4
4359,4359,Xpressbees,Surat,2025-09-06,2025-09-12,Delivered Late,4
4360,4360,Xpressbees,Hyderabad,2025-10-01,2025-10-06,Delivered Late,3
4361,4361,Bluedart,Patna,2025-05-08,2025-05-14,Delivered,7
4362,4362,Delhivery,Surat,2026-03-20,2026-03-23,Delivered Late,3
4363,4363,Ecom Express,Indore,2025-10-12,2025-10-14,Delivered,2
4364,4364,Ecom Express,Nagpur,2026-04-12,2026-04-18,Delivered,7
4365,4365,DTDC,Nagpur,2026-08-03,2026-08-05,Delivered,3
4366,4366,Xpressbees,Kolkata,,,Not Shipped,3
4367,4367,Bluedart,Thiruvananthapuram,2026-06-08,2026-06-14,Delivered,6
4368,4368,Ecom Express,Vadodara,,,Processing,2
4369,4369,Bluedart,Thiruvananthapuram,,,Processing,6
4370,4370,Ekart Logistics,Indore,2026-05-16,2026-05-18,Delivered Late,2
4371,4371,Ekart Logistics,Guwahati,2026-02-21,2026-02-25,Delivered,4
4372,4372,Xpressbees,Bhubaneswar,,,Not Shipped,5
4373,4373,Ecom Express,Patna,2024-07-08,2024-07-10,Delivered,2
4374,4374,Ekart Logistics,Nashik,2025-08-19,2025-08-24,Delivered,5
4375,4375,DTDC,Guwahati,2024-11-11,2024-11-18,Delivered Late,4
4376,4376,Delhivery,Surat,2025-12-30,2026-01-07,Delivered Late,6
4377,4377,DTDC,Ahmedabad,2025-12-10,2025-12-20,Delivered Late,7
4378,4378,Ekart Logistics,Coimbatore,2026-03-18,2026-03-23,Delivered,6
4379,4379,Ecom Express,Guwahati,2025-12-08,2025-12-11,Delivered Late,2
4380,4380,DTDC,Bhubaneswar,,,Not Shipped,2
4381,4381,Xpressbees,Bhubaneswar,2026-04-03,2026-04-04,Delivered,2
4382,4382,Ecom Express,Delhi,2025-12-30,2026-01-01,Delivered,2
4383,4383,Delhivery,Amritsar,2026-06-05,2026-06-06,Delivered,2
4384,4384,Bluedart,Vadodara,,,Not Shipped,7
4385,4385,DTDC,Patna,2026-05-12,2026-05-14,Delivered Late,2
4386,4386,Ecom Express,Amritsar,2026-06-21,2026-06-25,Delivered,4
4387,4387,Bluedart,Surat,2025-12-29,2026-01-01,Delivered Late,2
4388,4388,Xpressbees,Mumbai,2026-03-25,2026-03-31,Delivered Late,5
4389,4389,Delhivery,Chennai,,,Processing,6
4390,4390,Ekart Logistics,Chandigarh,2025-04-15,2025-04-19,Delivered Late,3
4391,4391,Ekart Logistics,Chandigarh,2025-09-09,2025-09-13,Delivered,5
4392,4392,Xpressbees,Chandigarh,2025-07-08,2025-07-15,Delivered Late,5
4393,4393,Ecom Express,Chandigarh,2024-04-25,,In Transit,3
4394,4394,Delhivery,Kanpur,2025-09-29,2025-09-30,Delivered,2
4395,4395,Ekart Logistics,Indore,2024-11-06,2024-11-09,Delivered,3
4396,4396,Ecom Express,Coimbatore,2026-05-19,2026-05-24,Delivered Late,3
4397,4397,Delhivery,Delhi,2025-03-22,2025-03-29,Delivered,7
4398,4398,Delhivery,Mysuru,2026-08-17,2026-08-23,Delivered,6
4399,4399,DTDC,Ahmedabad,2025-01-29,2025-02-02,Delivered Late,3
4400,4400,DTDC,Surat,2026-05-19,,In Transit,5
4401,4401,DTDC,Amritsar,2026-07-26,2026-07-31,Delivered,6
4402,4402,Ekart Logistics,Coimbatore,2025-04-05,2025-04-10,Delivered Late,4
4403,4403,Delhivery,Nashik,,,Not Shipped,7
4404,4404,Bluedart,Surat,2025-12-16,2025-12-20,Delivered,5
4405,4405,Xpressbees,Kolkata,2025-06-03,2025-06-06,Delivered Late,3
4406,4406,Ekart Logistics,Jaipur,2025-09-27,2025-10-03,Delivered,6
4407,4407,DTDC,Amritsar,2026-03-11,,In Transit,2
4408,4408,Ekart Logistics,Bhopal,2024-11-06,2024-11-14,Delivered Late,5
4409,4409,Ekart Logistics,Amritsar,2025-07-21,2025-07-28,Delivered,7
4410,4410,Ekart Logistics,Bhubaneswar,2026-03-26,2026-03-28,Delivered,3
4411,4411,Xpressbees,Indore,2026-02-15,2026-02-24,Delivered Late,6
4412,4412,DTDC,Jaipur,2026-07-24,2026-07-27,Returned,3
4413,4413,DTDC,Bhubaneswar,2025-06-04,2025-06-08,Delivered,4
4414,4414,Bluedart,Chennai,2026-02-06,2026-02-08,Returned,2
4415,4415,Ekart Logistics,Kanpur,2026-02-05,2026-02-12,Delivered Late,5
4416,4416,Ekart Logistics,Patna,2026-03-28,2026-04-03,Delivered,6
4417,4417,Delhivery,Bhopal,2026-02-01,2026-02-08,Delivered Late,5
4418,4418,Xpressbees,Bhubaneswar,2025-11-22,2025-11-28,Delivered Late,3
4419,4419,Bluedart,Chennai,2025-01-31,2025-02-06,Delivered Late,3
4420,4420,Ekart Logistics,Ahmedabad,2025-10-06,2025-10-11,Delivered,5
4421,4421,Xpressbees,Nashik,2026-03-27,2026-04-02,Delivered Late,4
4422,4422,Ekart Logistics,Bhopal,2025-04-21,2025-04-23,Delivered Late,2
4423,4423,Delhivery,Kanpur,2026-03-10,2026-03-14,Delivered,4
4424,4424,DTDC,Nagpur,2026-01-31,2026-02-07,Delivered,7
4425,4425,Delhivery,Kolkata,2025-11-20,2025-11-24,Delivered,4
4426,4426,Xpressbees,Ranchi,2026-04-27,2026-04-30,Delivered,4
4427,4427,Ecom Express,Kanpur,2025-07-16,2025-07-18,Delivered,3
4428,4428,Delhivery,Mysuru,2025-08-09,2025-08-12,Delivered,3
4429,4429,Ecom Express,Hyderabad,2024-10-20,2024-10-29,Returned,7
4430,4430,Delhivery,Surat,2025-09-24,2025-09-27,Delivered Late,2
4431,4431,Xpressbees,Kolkata,2024-08-27,2024-09-02,Delivered Late,4
4432,4432,Delhivery,Vadodara,2025-12-02,2025-12-07,Delivered Late,2
4433,4433,DTDC,Kolkata,,,Not Shipped,7
4434,4434,DTDC,Mumbai,2024-10-31,2024-11-03,Delivered,4
4435,4435,Bluedart,Amritsar,,,Processing,4
4436,4436,Xpressbees,Bengaluru,2025-10-07,2025-10-09,Delivered,3
4437,4437,Xpressbees,Delhi,2026-02-08,,In Transit,3
4438,4438,Bluedart,Vadodara,2026-06-22,2026-06-28,Returned,5
4439,4439,Delhivery,Bhubaneswar,,,Not Shipped,7
4440,4440,Ecom Express,Hyderabad,2025-05-12,2025-05-17,Delivered Late,4
4441,4441,Bluedart,Delhi,2026-01-08,2026-01-14,Delivered,7
4442,4442,Ekart Logistics,Indore,2026-06-20,2026-06-22,Delivered,3
4443,4443,DTDC,Guwahati,2026-03-29,2026-04-05,Delivered Late,7
4444,4444,DTDC,Bhubaneswar,2025-08-07,2025-08-12,Delivered,6
4445,4445,Ekart Logistics,Kanpur,2026-06-18,2026-06-25,Delivered Late,5
4446,4446,Delhivery,Pune,,,Processing,4
4447,4447,Delhivery,Thiruvananthapuram,2025-08-10,2025-08-12,Delivered,3
4448,4448,Xpressbees,Nagpur,2025-08-02,2025-08-06,Delivered Late,3
4449,4449,Ecom Express,Delhi,2025-07-23,2025-07-29,Delivered Late,5
4450,4450,Xpressbees,Mysuru,2025-08-07,2025-08-13,Delivered Late,6
4451,4451,Ekart Logistics,Kochi,2026-03-09,2026-03-16,Delivered Late,7
4452,4452,Ecom Express,Jaipur,2025-09-11,2025-09-13,Delivered,3
4453,4453,Delhivery,Nagpur,2026-07-03,2026-07-10,Delivered Late,7
4454,4454,Xpressbees,Vadodara,2026-03-03,2026-03-11,Delivered Late,7
4455,4455,Xpressbees,Bhopal,2025-09-15,2025-09-20,Delivered Late,4
4456,4456,Ekart Logistics,Mysuru,2026-03-02,2026-03-08,Delivered,7
4457,4457,DTDC,Ahmedabad,2025-09-19,2025-09-27,Delivered Late,6
4458,4458,Delhivery,Mumbai,2023-11-21,2023-11-23,Delivered,3
4459,4459,Xpressbees,Indore,,,Not Shipped,7
4460,4460,Delhivery,Mumbai,2025-06-28,2025-06-30,Delivered,3
4461,4461,Bluedart,Ahmedabad,2025-08-18,2025-08-23,Delivered,5
4462,4462,Bluedart,Patna,2024-03-21,2024-03-26,Delivered Late,5
4463,4463,Ecom Express,Pune,2024-09-08,2024-09-11,Delivered Late,3
4464,4464,Ecom Express,Delhi,2025-09-25,2025-10-02,Delivered,7
4465,4465,Delhivery,Amritsar,2025-11-19,2025-11-23,Delivered,4
4466,4466,Ekart Logistics,Bhubaneswar,,,Not Shipped,7
4467,4467,Delhivery,Mumbai,,,Processing,4
4468,4468,Ekart Logistics,Thiruvananthapuram,2026-07-07,,In Transit,7
4469,4469,Ecom Express,Kanpur,2025-09-30,2025-10-04,Delivered Late,3
4470,4470,Delhivery,Patna,2025-12-02,2025-12-05,Delivered,3
4471,4471,Ekart Logistics,Delhi,2025-09-16,2025-09-21,Delivered,5
4472,4472,DTDC,Mumbai,2026-01-04,2026-01-05,Delivered,2
4473,4473,Xpressbees,Indore,2025-12-11,2025-12-14,Delivered,4
4474,4474,Ekart Logistics,Ranchi,2025-09-05,2025-09-11,Delivered Late,6
4475,4475,Ecom Express,Chandigarh,2026-07-30,2026-08-02,Delivered,4
4476,4476,Ecom Express,Amritsar,2026-03-09,2026-03-12,Delivered Late,3
4477,4477,Delhivery,Nagpur,2025-01-06,2025-01-12,Delivered,7
4478,4478,Xpressbees,Hyderabad,2024-03-21,2024-03-25,Delivered,5
4479,4479,Ecom Express,Pune,2024-06-10,2024-06-16,Delivered,6
4480,4480,Ecom Express,Mumbai,2026-02-15,2026-02-18,Delivered,3
4481,4481,DTDC,Chandigarh,2026-01-24,2026-01-30,Returned,6
4482,4482,Bluedart,Ranchi,2026-03-30,2026-04-01,Delivered,3
4483,4483,Ecom Express,Chennai,2025-10-24,2025-10-30,Delivered,7
4484,4484,Ecom Express,Lucknow,,,Processing,7
4485,4485,Delhivery,Coimbatore,2025-12-08,2025-12-14,Delivered Late,6
4486,4486,Delhivery,Hyderabad,2025-06-10,2025-06-15,Delivered,6
4487,4487,Xpressbees,Delhi,2025-11-07,,In Transit,4
4488,4488,Xpressbees,Bhopal,2025-10-29,2025-10-31,Delivered,2
4489,4489,Xpressbees,Chennai,2026-02-05,2026-02-10,Delivered,5
4490,4490,Xpressbees,Kanpur,2026-01-28,2026-01-31,Delivered,3
4491,4491,DTDC,Jaipur,2026-04-26,2026-05-03,Delivered Late,7
4492,4492,Ecom Express,Pune,2025-11-28,2025-12-07,Delivered Late,7
4493,4493,Bluedart,Thiruvananthapuram,2025-07-20,,In Transit,3
4494,4494,DTDC,Delhi,2024-12-25,2024-12-30,Delivered,6
4495,4495,Delhivery,Hyderabad,2026-05-12,2026-05-18,Delivered,7
4496,4496,Ecom Express,Kochi,2026-04-09,2026-04-12,Delivered Late,3
4497,4497,Bluedart,Nashik,2025-11-02,2025-11-09,Delivered,7
4498,4498,Xpressbees,Kolkata,2026-03-27,2026-03-28,Delivered,2
4499,4499,Ecom Express,Amritsar,2026-07-10,2026-07-13,Delivered Late,3
4500,4500,Xpressbees,Hyderabad,2025-11-29,2025-12-08,Delivered Late,6
4501,4501,DTDC,Bhopal,2026-06-26,,In Transit,3
4502,4502,Delhivery,Ranchi,,,Processing,4
4503,4503,Delhivery,Surat,2025-12-11,2025-12-18,Delivered Late,5
4504,4504,Delhivery,Amritsar,2026-02-27,2026-03-03,Delivered Late,3
4505,4505,Bluedart,Delhi,2026-03-11,2026-03-13,Delivered,2
4506,4506,Ecom Express,Amritsar,2025-11-29,2025-12-06,Delivered,7
4507,4507,Ekart Logistics,Guwahati,2025-11-12,2025-11-16,Delivered Late,2
4508,4508,Bluedart,Ranchi,2025-07-09,,In Transit,4
4509,4509,Ecom Express,Lucknow,2026-01-28,2026-02-01,Delivered,4
4510,4510,Bluedart,Indore,2025-05-19,,In Transit,7
4511,4511,Delhivery,Nashik,2026-02-23,2026-02-25,Delivered,3
4512,4512,Ekart Logistics,Kolkata,2024-06-25,2024-07-04,Delivered Late,7
4513,4513,Delhivery,Bhubaneswar,2025-06-19,2025-06-27,Delivered Late,7
4514,4514,Xpressbees,Kolkata,2026-08-19,2026-08-29,Delivered Late,7
4515,4515,Ekart Logistics,Nashik,2025-04-23,2025-04-27,Delivered Late,3
4516,4516,Ekart Logistics,Chandigarh,2026-02-11,2026-02-16,Delivered Late,4
4517,4517,Ecom Express,Chennai,2025-03-10,2025-03-16,Delivered Late,4
4518,4518,DTDC,Pune,2025-07-30,2025-08-04,Delivered,6
4519,4519,Ecom Express,Chennai,2025-09-10,2025-09-13,Delivered,4
4520,4520,Bluedart,Bhubaneswar,2026-07-20,2026-07-26,Delivered Late,5
4521,4521,Bluedart,Vadodara,2024-11-02,2024-11-06,Delivered,5
4522,4522,DTDC,Surat,2024-12-27,2025-01-05,Delivered Late,7
4523,4523,Ecom Express,Patna,2025-09-04,2025-09-10,Delivered Late,6
4524,4524,Xpressbees,Indore,,,Not Shipped,4
4525,4525,Delhivery,Bengaluru,2025-02-05,2025-02-08,Delivered,4
4526,4526,Bluedart,Bengaluru,2026-04-21,2026-04-25,Returned,4
4527,4527,DTDC,Mumbai,2026-02-07,2026-02-12,Delivered,6
4528,4528,Ekart Logistics,Delhi,2026-05-06,2026-05-09,Delivered,3
4529,4529,Xpressbees,Mysuru,,,Not Shipped,4
4530,4530,Ecom Express,Patna,2024-04-12,2024-04-17,Delivered,6
4531,4531,Delhivery,Kochi,2024-12-30,2025-01-05,Delivered Late,4
4532,4532,Ekart Logistics,Chandigarh,2026-05-13,2026-05-18,Delivered,5
4533,4533,Bluedart,Coimbatore,2025-12-07,2025-12-13,Delivered,6
4534,4534,Xpressbees,Chandigarh,2025-07-07,2025-07-13,Delivered,6
4535,4535,Bluedart,Ahmedabad,2026-02-01,,In Transit,5
4536,4536,Xpressbees,Lucknow,2026-06-13,2026-06-15,Delivered,2
4537,4537,DTDC,Mysuru,2025-09-12,2025-09-19,Delivered Late,6
4538,4538,Bluedart,Mumbai,2025-11-15,2025-11-18,Delivered,3
4539,4539,Bluedart,Coimbatore,2025-04-08,2025-04-11,Delivered,4
4540,4540,Xpressbees,Kochi,2024-12-20,,In Transit,4
4541,4541,Bluedart,Delhi,2025-10-13,2025-10-18,Delivered,6
4542,4542,Bluedart,Hyderabad,2025-12-01,2025-12-03,Delivered,2
4543,4543,Xpressbees,Lucknow,2025-10-17,2025-10-21,Delivered,5
4544,4544,Xpressbees,Chandigarh,2025-08-22,2025-08-25,Delivered,3
4545,4545,Bluedart,Ahmedabad,,,Not Shipped,5
4546,4546,Bluedart,Chandigarh,2024-08-16,2024-08-22,Delivered,6
4547,4547,Bluedart,Nashik,2025-06-29,2025-07-03,Delivered,5
4548,4548,Ekart Logistics,Bhubaneswar,2026-06-19,2026-06-23,Returned,3
4549,4549,DTDC,Kanpur,2025-05-09,2025-05-15,Delivered,7
4550,4550,Ecom Express,Coimbatore,2025-01-24,2025-01-28,Delivered,5
4551,4551,Bluedart,Thiruvananthapuram,2025-05-15,2025-05-23,Delivered Late,7
4552,4552,DTDC,Patna,2026-03-20,2026-03-26,Delivered,6
4553,4553,Ekart Logistics,Mumbai,2026-03-15,2026-03-24,Delivered Late,7
4554,4554,Bluedart,Ranchi,2025-04-18,,In Transit,6
4555,4555,Xpressbees,Mysuru,2025-01-23,2025-01-29,Delivered Late,5
4556,4556,Ekart Logistics,Pune,2025-01-18,2025-01-25,Delivered,7
4557,4557,Bluedart,Vadodara,2025-06-12,2025-06-18,Delivered,7
4558,4558,Bluedart,Mumbai,2025-10-25,2025-10-30,Returned,4
4559,4559,Ecom Express,Ranchi,2024-10-24,2024-10-30,Delivered,6
4560,4560,Xpressbees,Delhi,2025-10-16,2025-10-23,Delivered Late,5
4561,4561,Bluedart,Delhi,2025-09-16,2025-09-20,Delivered Late,4
4562,4562,Ekart Logistics,Bhubaneswar,,,Not Shipped,5
4563,4563,Ekart Logistics,Coimbatore,2024-12-25,2024-12-29,Delivered Late,3
4564,4564,Ecom Express,Kolkata,2026-06-22,2026-06-28,Delivered,7
4565,4565,Delhivery,Chandigarh,,,Not Shipped,3
4566,4566,Xpressbees,Thiruvananthapuram,2025-02-11,2025-02-13,Delivered,3
4567,4567,Delhivery,Bhopal,2025-04-06,2025-04-08,Delivered Late,2
4568,4568,Delhivery,Guwahati,,,Not Shipped,6
4569,4569,Bluedart,Ahmedabad,2026-04-21,2026-04-23,Delivered,2
4570,4570,Ecom Express,Ranchi,2026-03-15,2026-03-21,Delivered,6
4571,4571,Ecom Express,Pune,2025-06-22,2025-06-28,Delivered,7
4572,4572,Bluedart,Kolkata,2026-02-04,2026-02-09,Delivered Late,3
4573,4573,Ecom Express,Chennai,2025-06-22,2025-06-26,Delivered,5
4574,4574,Xpressbees,Delhi,2026-04-06,2026-04-10,Delivered,4
4575,4575,Bluedart,Kochi,,,Processing,2
4576,4576,Delhivery,Nashik,2025-11-17,2025-11-24,Delivered,7
4577,4577,DTDC,Delhi,2025-11-01,2025-11-06,Delivered Late,5
4578,4578,Xpressbees,Amritsar,2026-02-02,2026-02-06,Delivered,5
4579,4579,Delhivery,Delhi,2026-01-16,2026-01-22,Delivered Late,4
4580,4580,Delhivery,Nashik,2025-11-07,2025-11-14,Delivered Late,4
4581,4581,DTDC,Mysuru,2026-02-09,2026-02-17,Delivered Late,7
4582,4582,DTDC,Chennai,2026-04-18,2026-04-23,Delivered Late,3
4583,4583,Ekart Logistics,Ahmedabad,2025-12-12,2025-12-20,Delivered Late,6
4584,4584,Ekart Logistics,Ranchi,2026-06-13,2026-06-19,Delivered Late,3
4585,4585,Delhivery,Chandigarh,2025-12-11,2025-12-16,Delivered Late,4
4586,4586,Ecom Express,Jaipur,2025-07-15,2025-07-17,Delivered Late,2
4587,4587,Ekart Logistics,Chennai,2025-12-11,2025-12-17,Delivered,7
4588,4588,Xpressbees,Kanpur,2025-04-21,2025-04-26,Delivered Late,4
4589,4589,Delhivery,Bengaluru,2023-10-25,2023-10-30,Delivered,6
4590,4590,Ekart Logistics,Ranchi,2025-08-22,2025-08-23,Delivered,2
4591,4591,Bluedart,Indore,2025-09-05,2025-09-12,Delivered,7
4592,4592,Xpressbees,Mumbai,2026-03-09,2026-03-13,Delivered,5
4593,4593,DTDC,Delhi,2025-05-11,2025-05-13,Delivered Late,2
4594,4594,Ecom Express,Bengaluru,2026-01-18,2026-01-22,Delivered Late,4
4595,4595,Ecom Express,Kochi,2025-11-13,2025-11-22,Delivered Late,7
4596,4596,Ekart Logistics,Mysuru,,,Not Shipped,5
4597,4597,Ekart Logistics,Ahmedabad,,,Not Shipped,7
4598,4598,Delhivery,Mumbai,2024-12-30,2025-01-05,Delivered,7
4599,4599,DTDC,Hyderabad,2025-06-23,2025-06-28,Delivered,6
4600,4600,DTDC,Mumbai,2025-07-03,2025-07-05,Delivered,3
4601,4601,Xpressbees,Thiruvananthapuram,2026-02-05,2026-02-11,Delivered,6
4602,4602,Delhivery,Kanpur,,,Not Shipped,7
4603,4603,Xpressbees,Patna,2025-07-02,2025-07-07,Delivered,6
4604,4604,Ecom Express,Ahmedabad,2026-03-06,2026-03-07,Delivered,2
4605,4605,Ecom Express,Bhubaneswar,,,Not Shipped,3
4606,4606,Ekart Logistics,Delhi,2025-07-28,2025-08-04,Delivered Late,7
4607,4607,Ekart Logistics,Pune,2025-01-23,2025-01-27,Delivered,5
4608,4608,Ekart Logistics,Vadodara,2025-09-20,2025-09-23,Delivered,3
4609,4609,Xpressbees,Thiruvananthapuram,2025-03-10,2025-03-15,Delivered,6
4610,4610,DTDC,Indore,2026-07-13,2026-07-19,Delivered Late,6
4611,4611,DTDC,Patna,2025-05-30,2025-06-05,Delivered Late,5
4612,4612,Ecom Express,Kanpur,2025-03-10,2025-03-17,Delivered,7
4613,4613,Bluedart,Kanpur,2025-05-24,2025-05-30,Delivered,7
4614,4614,Ekart Logistics,Lucknow,2025-01-06,2025-01-07,Returned,2
4615,4615,Xpressbees,Hyderabad,2025-11-14,2025-11-19,Delivered,6
4616,4616,Delhivery,Bhopal,,,Processing,2
4617,4617,Xpressbees,Ahmedabad,2026-02-07,2026-02-10,Delivered Late,2
4618,4618,Xpressbees,Jaipur,2025-08-23,2025-08-26,Returned,3
4619,4619,Ecom Express,Chennai,2025-11-18,2025-11-21,Delivered Late,2
4620,4620,Ekart Logistics,Bhopal,2026-04-14,2026-04-19,Delivered Late,3
4621,4621,Ecom Express,Nagpur,2024-12-26,,In Transit,6
4622,4622,Ekart Logistics,Thiruvananthapuram,2026-05-04,2026-05-09,Delivered Late,5
4623,4623,DTDC,Guwahati,2025-07-01,2025-07-03,Delivered,3
4624,4624,Ecom Express,Chandigarh,2025-09-09,2025-09-14,Delivered Late,3
4625,4625,DTDC,Kolkata,2025-04-13,2025-04-14,Delivered,2
4626,4626,DTDC,Ranchi,2025-09-20,2025-09-27,Delivered Late,5
4627,4627,Ekart Logistics,Kochi,2026-01-10,,In Transit,2
4628,4628,Xpressbees,Ahmedabad,2024-11-19,2024-11-22,Delivered Late,3
4629,4629,Ekart Logistics,Chandigarh,2026-01-28,2026-02-01,Delivered,4
4630,4630,Ekart Logistics,Coimbatore,2026-07-20,2026-07-25,Delivered,6
4631,4631,Delhivery,Delhi,2026-08-05,2026-08-09,Delivered Late,4
4632,4632,Xpressbees,Chandigarh,2026-04-28,2026-05-02,Delivered Late,4
4633,4633,DTDC,Patna,2025-11-15,2025-11-24,Delivered Late,6
4634,4634,Delhivery,Hyderabad,,,Not Shipped,7
4635,4635,Ecom Express,Patna,2025-11-04,2025-11-11,Delivered,7
4636,4636,Delhivery,Surat,2025-08-07,2025-08-09,Delivered Late,2
4637,4637,Delhivery,Surat,2026-07-20,2026-07-24,Delivered,5
4638,4638,DTDC,Ranchi,2026-08-17,2026-08-20,Delivered,3
4639,4639,Ecom Express,Jaipur,2025-09-26,2025-10-04,Delivered Late,6
4640,4640,Bluedart,Ahmedabad,2026-07-31,2026-08-02,Delivered Late,2
4641,4641,DTDC,Lucknow,2025-03-17,2025-03-20,Returned,3
4642,4642,Xpressbees,Ahmedabad,2026-03-24,2026-03-31,Delivered Late,5
4643,4643,Xpressbees,Jaipur,2024-10-28,2024-11-05,Delivered Late,5
4644,4644,Delhivery,Amritsar,2026-01-18,2026-01-25,Delivered Late,7
4645,4645,Bluedart,Bhopal,2026-01-09,2026-01-14,Delivered,5
4646,4646,Ekart Logistics,Kochi,2026-04-08,2026-04-11,Delivered Late,3
4647,4647,Delhivery,Kolkata,2025-03-01,2025-03-08,Delivered Late,6
4648,4648,Ecom Express,Hyderabad,2025-07-30,2025-08-06,Delivered Late,5
4649,4649,Bluedart,Chennai,2025-05-29,2025-06-04,Delivered Late,3
4650,4650,Ekart Logistics,Mumbai,2024-08-12,2024-08-17,Delivered,6
4651,4651,Xpressbees,Surat,2024-10-15,2024-10-20,Delivered,5
4652,4652,Xpressbees,Mysuru,2025-11-19,2025-11-23,Delivered Late,3
4653,4653,Ekart Logistics,Bhubaneswar,2025-12-01,2025-12-03,Delivered,2
4654,4654,Ekart Logistics,Guwahati,2025-06-04,2025-06-10,Delivered,6
4655,4655,DTDC,Nagpur,2026-06-14,2026-06-18,Delivered,5
4656,4656,Ekart Logistics,Vadodara,2026-05-31,2026-06-06,Delivered Late,5
4657,4657,Ekart Logistics,Lucknow,2025-06-01,2025-06-04,Returned,4
4658,4658,Bluedart,Patna,2024-11-13,2024-11-19,Delivered,7
4659,4659,Ekart Logistics,Patna,2025-05-30,2025-05-31,Delivered,2
4660,4660,Ecom Express,Ahmedabad,2025-08-09,2025-08-15,Delivered Late,4
4661,4661,Xpressbees,Patna,2026-05-13,2026-05-18,Delivered Late,3
4662,4662,Ecom Express,Ahmedabad,2025-09-11,2025-09-17,Delivered Late,5
4663,4663,Xpressbees,Kanpur,2026-07-15,2026-07-17,Delivered,2
4664,4664,Bluedart,Jaipur,2024-04-19,2024-04-23,Delivered Late,4
4665,4665,DTDC,Mumbai,2025-09-20,2025-09-23,Delivered,3
4666,4666,Xpressbees,Vadodara,2025-06-03,2025-06-09,Delivered,7
4667,4667,Bluedart,Lucknow,,,Processing,7
4668,4668,Delhivery,Bhopal,,,Processing,7
4669,4669,Bluedart,Kolkata,2024-03-10,2024-03-15,Delivered,5
4670,4670,Ekart Logistics,Bhubaneswar,2026-01-31,2026-02-07,Delivered Late,6
4671,4671,Ekart Logistics,Indore,2025-12-19,2025-12-26,Delivered Late,5
4672,4672,Bluedart,Amritsar,2026-07-22,2026-07-25,Delivered,3
4673,4673,Delhivery,Chandigarh,2026-02-27,2026-03-01,Delivered,3
4674,4674,Delhivery,Mysuru,2025-10-07,2025-10-11,Delivered,5
4675,4675,Xpressbees,Indore,2026-05-14,2026-05-16,Delivered,3
4676,4676,Delhivery,Thiruvananthapuram,2026-01-30,2026-02-03,Delivered,4
4677,4677,Bluedart,Ahmedabad,2023-12-09,2023-12-12,Delivered,3
4678,4678,Xpressbees,Kolkata,2026-03-09,,In Transit,7
4679,4679,Bluedart,Hyderabad,2024-12-08,2024-12-13,Returned,6
4680,4680,Bluedart,Mysuru,2025-08-04,2025-08-09,Delivered Late,4
4681,4681,Xpressbees,Ranchi,2024-02-10,2024-02-15,Delivered Late,4
4682,4682,Ekart Logistics,Vadodara,2026-02-25,2026-03-01,Delivered Late,3
4683,4683,Xpressbees,Bhopal,2025-05-28,2025-05-31,Delivered,3
4684,4684,Delhivery,Amritsar,2026-06-14,2026-06-17,Delivered,3
4685,4685,Xpressbees,Nashik,2025-02-01,2025-02-02,Delivered,2
4686,4686,Ecom Express,Nagpur,2025-12-02,2025-12-08,Delivered Late,5
4687,4687,Delhivery,Hyderabad,2026-07-19,2026-07-23,Delivered,4
4688,4688,Ecom Express,Chandigarh,,,Not Shipped,3
4689,4689,Ekart Logistics,Guwahati,,,Not Shipped,5
4690,4690,Bluedart,Mumbai,2025-12-11,2025-12-21,Returned,7
4691,4691,Ekart Logistics,Pune,2026-02-03,2026-02-08,Delivered Late,3
4692,4692,Ekart Logistics,Hyderabad,2025-08-04,2025-08-06,Returned,3
4693,4693,Ekart Logistics,Vadodara,2025-03-19,2025-03-24,Delivered Late,4
4694,4694,Xpressbees,Patna,2024-06-15,2024-06-25,Delivered Late,7
4695,4695,Xpressbees,Vadodara,,,Not Shipped,7
4696,4696,Ecom Express,Ahmedabad,2024-07-14,2024-07-21,Delivered Late,6
4697,4697,DTDC,Mysuru,2024-03-03,2024-03-07,Delivered,4
4698,4698,Delhivery,Bhopal,2025-11-06,2025-11-10,Delivered,4
4699,4699,Ekart Logistics,Bhubaneswar,2026-07-01,,In Transit,4
4700,4700,Delhivery,Hyderabad,2026-03-04,2026-03-08,Delivered,5
4701,4701,Ekart Logistics,Vadodara,2026-04-16,2026-04-22,Delivered,6
4702,4702,DTDC,Bhopal,2026-01-04,2026-01-08,Delivered,5
4703,4703,Delhivery,Patna,2026-01-28,2026-02-04,Delivered Late,6
4704,4704,Xpressbees,Surat,2026-02-09,2026-02-14,Delivered,5
4705,4705,Ekart Logistics,Thiruvananthapuram,2026-03-29,2026-03-30,Delivered,2
4706,4706,Ecom Express,Kolkata,2025-12-12,2025-12-19,Delivered Late,5
4707,4707,Delhivery,Mumbai,2025-11-21,,In Transit,2
4708,4708,Ecom Express,Delhi,2024-11-27,2024-11-30,Delivered,3
4709,4709,Ecom Express,Vadodara,2025-10-21,2025-10-24,Delivered,4
4710,4710,Ekart Logistics,Thiruvananthapuram,2026-05-09,2026-05-16,Delivered,7
4711,4711,Xpressbees,Thiruvananthapuram,2025-10-21,2025-10-30,Delivered Late,6
4712,4712,Delhivery,Vadodara,2026-06-14,2026-06-20,Delivered,6
4713,4713,Bluedart,Thiruvananthapuram,2026-04-08,2026-04-13,Delivered Late,4
4714,4714,Xpressbees,Hyderabad,2025-10-27,2025-10-31,Delivered Late,3
4715,4715,Bluedart,Ahmedabad,2026-03-23,2026-03-29,Delivered,6
4716,4716,DTDC,Kochi,2025-07-29,2025-08-04,Delivered Late,5
4717,4717,Bluedart,Chennai,2025-08-02,2025-08-06,Delivered,4
4718,4718,Xpressbees,Ranchi,2024-08-25,2024-09-01,Delivered,7
4719,4719,Ecom Express,Bhubaneswar,2026-06-25,2026-06-28,Delivered,4
4720,4720,Ecom Express,Indore,2026-03-08,2026-03-13,Delivered Late,5
4721,4721,DTDC,Mumbai,2026-01-20,2026-01-26,Delivered,7
4722,4722,DTDC,Chandigarh,2026-06-01,,In Transit,2
4723,4723,DTDC,Indore,2025-05-11,2025-05-20,Delivered Late,7
4724,4724,Delhivery,Indore,2025-05-20,2025-05-23,Delivered,3
4725,4725,Xpressbees,Pune,2025-07-13,2025-07-20,Delivered,7
4726,4726,Bluedart,Ahmedabad,2024-05-06,2024-05-10,Delivered Late,3
4727,4727,DTDC,Amritsar,2024-12-19,2024-12-23,Delivered,4
4728,4728,Xpressbees,Vadodara,2024-10-22,2024-10-23,Delivered,2
4729,4729,Ekart Logistics,Thiruvananthapuram,,,Not Shipped,2
4730,4730,Xpressbees,Delhi,2025-09-16,2025-09-21,Delivered,5
4731,4731,DTDC,Patna,2025-09-09,2025-09-13,Delivered Late,2
4732,4732,Ekart Logistics,Kanpur,2025-12-21,2025-12-28,Delivered,7
4733,4733,Ecom Express,Vadodara,,,Not Shipped,7
4734,4734,Delhivery,Amritsar,2025-11-08,2025-11-14,Delivered,7
4735,4735,Ecom Express,Amritsar,2025-12-11,2025-12-17,Delivered,7
4736,4736,Delhivery,Thiruvananthapuram,,,Not Shipped,4
4737,4737,Xpressbees,Bhubaneswar,2025-11-24,2025-11-26,Delivered,2
4738,4738,DTDC,Surat,2025-04-06,2025-04-09,Delivered Late,2
4739,4739,Ecom Express,Guwahati,2026-02-21,2026-02-25,Delivered,5
4740,4740,Bluedart,Thiruvananthapuram,2025-06-15,2025-06-18,Delivered Late,3
4741,4741,Ekart Logistics,Guwahati,2026-07-02,2026-07-09,Delivered Late,6
4742,4742,Ecom Express,Thiruvananthapuram,2025-08-22,2025-08-24,Delivered,2
4743,4743,Ecom Express,Patna,2025-10-25,2025-11-02,Delivered Late,7
4744,4744,Xpressbees,Pune,2025-07-14,2025-07-17,Delivered,4
4745,4745,DTDC,Vadodara,2025-10-06,2025-10-09,Returned,3
4746,4746,Delhivery,Nashik,2024-10-30,2024-11-05,Delivered Late,4
4747,4747,Ecom Express,Kolkata,2025-12-09,2025-12-16,Delivered,7
4748,4748,Xpressbees,Mumbai,,,Not Shipped,2
4749,4749,Ecom Express,Mumbai,2026-02-13,2026-02-16,Delivered,4
4750,4750,DTDC,Lucknow,2026-03-03,2026-03-10,Delivered Late,5
4751,4751,Ecom Express,Kochi,2026-07-06,2026-07-12,Returned,7
4752,4752,Xpressbees,Ahmedabad,2026-01-03,2026-01-08,Delivered Late,5
4753,4753,Bluedart,Amritsar,2025-07-28,2025-07-29,Delivered,2
4754,4754,Bluedart,Bengaluru,2026-03-04,2026-03-06,Delivered,2
4755,4755,Ekart Logistics,Bhopal,2026-07-11,2026-07-13,Delivered,2
4756,4756,Bluedart,Kanpur,2025-07-21,2025-07-25,Delivered Late,3
4757,4757,Ekart Logistics,Vadodara,2026-04-04,2026-04-10,Delivered Late,3
4758,4758,DTDC,Lucknow,2025-09-23,2025-09-29,Delivered Late,4
4759,4759,Ecom Express,Kolkata,2026-01-21,2026-01-27,Returned,7
4760,4760,Delhivery,Lucknow,2025-03-25,2025-03-31,Delivered,7
4761,4761,Xpressbees,Mumbai,2024-11-04,2024-11-07,Delivered,4
4762,4762,Delhivery,Surat,2026-07-21,2026-07-27,Delivered,6
4763,4763,Ekart Logistics,Kochi,2025-11-23,2025-11-25,Returned,3
4764,4764,Delhivery,Pune,2025-09-24,2025-09-28,Delivered,5
4765,4765,Ecom Express,Nagpur,2026-04-11,2026-04-18,Delivered,7
4766,4766,Ecom Express,Bhubaneswar,2025-11-11,2025-11-12,Delivered,2
4767,4767,Ekart Logistics,Pune,2025-12-21,,In Transit,4
4768,4768,Xpressbees,Surat,2026-03-02,,In Transit,5
4769,4769,Xpressbees,Bhopal,2026-05-27,2026-05-28,Delivered,2
4770,4770,Ekart Logistics,Bhubaneswar,2026-01-17,2026-01-20,Delivered,4
4771,4771,Delhivery,Indore,2025-12-28,2025-12-30,Delivered,2
4772,4772,Ecom Express,Bhopal,2025-08-27,2025-08-31,Returned,4
4773,4773,Ekart Logistics,Chennai,2024-12-23,2024-12-28,Delivered,6
4774,4774,Bluedart,Amritsar,2024-12-08,2024-12-11,Delivered,3
4775,4775,Xpressbees,Lucknow,,,Processing,4
4776,4776,Xpressbees,Thiruvananthapuram,,,Not Shipped,4
4777,4777,Xpressbees,Ahmedabad,2025-09-29,2025-10-04,Delivered Late,3
4778,4778,Ecom Express,Coimbatore,2026-02-02,2026-02-03,Delivered,2
4779,4779,Delhivery,Thiruvananthapuram,2025-08-26,2025-08-28,Delivered Late,2
4780,4780,Ecom Express,Ranchi,2024-03-31,2024-04-08,Returned,5
4781,4781,Bluedart,Hyderabad,2025-06-18,2025-06-25,Delivered Late,7
4782,4782,Ecom Express,Lucknow,2024-11-22,2024-11-27,Delivered Late,4
4783,4783,Delhivery,Kanpur,2024-12-16,2024-12-24,Delivered Late,6
4784,4784,Ekart Logistics,Indore,2024-07-25,2024-08-01,Delivered,7
4785,4785,Delhivery,Chandigarh,2026-02-20,2026-02-23,Delivered,3
4786,4786,Delhivery,Indore,2025-10-28,2025-10-29,Returned,2
4787,4787,Ecom Express,Hyderabad,2025-11-23,2025-11-29,Delivered Late,5
4788,4788,Ecom Express,Amritsar,2024-06-29,2024-07-02,Delivered Late,2
4789,4789,Bluedart,Chennai,2026-06-07,2026-06-13,Delivered,7
4790,4790,Ecom Express,Nashik,2025-05-22,2025-05-28,Returned,5
4791,4791,Ecom Express,Kanpur,2024-09-16,2024-09-25,Delivered Late,7
4792,4792,Xpressbees,Pune,,,Processing,3
4793,4793,Ecom Express,Indore,2026-01-07,2026-01-08,Delivered,2
4794,4794,Delhivery,Kolkata,2025-10-01,2025-10-03,Delivered,3
4795,4795,Ecom Express,Chennai,2026-02-22,2026-02-26,Returned,4
4796,4796,Ekart Logistics,Kanpur,2026-08-18,2026-08-21,Delivered,3
4797,4797,Ekart Logistics,Jaipur,2025-09-02,2025-09-05,Delivered,3
4798,4798,DTDC,Amritsar,2026-05-08,,In Transit,2
4799,4799,Delhivery,Indore,,,Not Shipped,7
4800,4800,Ekart Logistics,Bhopal,2026-07-14,2026-07-22,Delivered Late,7
4801,4801,Ecom Express,Ranchi,2026-04-01,2026-04-07,Delivered,6
4802,4802,DTDC,Indore,2025-11-03,2025-11-07,Delivered,5
4803,4803,DTDC,Surat,2025-03-29,2025-04-05,Delivered,7
4804,4804,Ekart Logistics,Mumbai,2025-01-09,2025-01-15,Delivered Late,5
4805,4805,Ecom Express,Pune,2026-04-19,2026-04-21,Delivered,3
4806,4806,Ecom Express,Hyderabad,2026-08-03,2026-08-07,Delivered,5
4807,4807,DTDC,Kochi,2026-03-10,2026-03-15,Returned,5
4808,4808,Ekart Logistics,Coimbatore,2026-08-17,2026-08-25,Delivered Late,7
4809,4809,Xpressbees,Bengaluru,2026-03-08,2026-03-13,Delivered Late,4
4810,4810,Ekart Logistics,Chandigarh,2026-01-09,2026-01-13,Delivered,5
4811,4811,Delhivery,Mysuru,2026-02-18,2026-02-23,Delivered Late,4
4812,4812,Bluedart,Kolkata,2025-12-09,2025-12-18,Delivered Late,6
4813,4813,Xpressbees,Kolkata,2025-08-16,2025-08-19,Delivered,4
4814,4814,Xpressbees,Bhopal,2025-09-28,2025-10-06,Delivered Late,5
4815,4815,Bluedart,Chennai,2025-08-18,2025-08-20,Delivered,2
4816,4816,DTDC,Patna,,,Not Shipped,7
4817,4817,DTDC,Delhi,2025-11-08,2025-11-13,Delivered,6
4818,4818,Ekart Logistics,Nagpur,2025-05-13,2025-05-16,Delivered Late,2
4819,4819,DTDC,Coimbatore,2025-04-22,2025-04-28,Delivered Late,5
4820,4820,Bluedart,Surat,2025-07-19,2025-07-26,Delivered Late,6
4821,4821,Xpressbees,Patna,2025-12-06,2025-12-10,Returned,4
4822,4822,Delhivery,Kochi,2024-02-08,2024-02-10,Returned,2
4823,4823,Bluedart,Kolkata,2025-01-29,2025-02-01,Delivered,3
4824,4824,Delhivery,Amritsar,2025-02-15,,In Transit,4
4825,4825,Delhivery,Bhopal,2024-08-24,2024-08-30,Delivered,7
4826,4826,Delhivery,Hyderabad,2026-02-03,2026-02-08,Delivered Late,4
4827,4827,Ecom Express,Indore,,,Not Shipped,5
4828,4828,DTDC,Hyderabad,2026-01-31,2026-02-03,Delivered,3
4829,4829,Bluedart,Nashik,2025-08-15,2025-08-21,Delivered,6
4830,4830,Xpressbees,Mumbai,2025-08-27,2025-08-29,Delivered,3
4831,4831,Bluedart,Mumbai,2025-12-14,2025-12-20,Delivered Late,4
4832,4832,Bluedart,Nagpur,2026-03-26,2026-03-28,Delivered,2
4833,4833,Delhivery,Kolkata,2024-09-22,2024-09-27,Delivered Late,4
4834,4834,Ekart Logistics,Lucknow,2026-01-15,2026-01-21,Delivered Late,5
4835,4835,Ecom Express,Nagpur,2026-03-06,2026-03-11,Delivered,5
4836,4836,Delhivery,Thiruvananthapuram,2025-12-31,2026-01-08,Returned,7
4837,4837,Ecom Express,Hyderabad,,,Processing,6
4838,4838,Ekart Logistics,Mumbai,2025-12-26,2025-12-27,Returned,2
4839,4839,Xpressbees,Delhi,2025-01-30,2025-02-04,Delivered,6
4840,4840,Ecom Express,Amritsar,2026-07-09,2026-07-14,Delivered,5
4841,4841,Xpressbees,Lucknow,2024-12-17,2024-12-21,Delivered Late,4
4842,4842,Delhivery,Patna,2025-12-03,2025-12-09,Returned,6
4843,4843,Xpressbees,Indore,2026-04-07,2026-04-08,Delivered,2
4844,4844,Bluedart,Guwahati,2026-02-12,2026-02-18,Delivered,7
4845,4845,Ekart Logistics,Nagpur,2026-03-29,2026-04-03,Delivered Late,4
4846,4846,Ecom Express,Bengaluru,2026-07-17,2026-07-23,Delivered Late,6
4847,4847,Ecom Express,Mumbai,2026-05-16,2026-05-21,Delivered,5
4848,4848,Ekart Logistics,Kanpur,2024-12-31,2025-01-03,Returned,3
4849,4849,DTDC,Coimbatore,2026-07-25,,In Transit,6
4850,4850,DTDC,Delhi,2026-06-27,,In Transit,6
4851,4851,Xpressbees,Amritsar,2026-02-21,2026-02-25,Delivered,4
4852,4852,Ecom Express,Kanpur,2026-03-06,2026-03-14,Delivered Late,7
4853,4853,Ecom Express,Pune,2025-09-26,2025-09-30,Delivered Late,3
4854,4854,Delhivery,Bhubaneswar,2025-04-05,2025-04-10,Delivered Late,3
4855,4855,Ekart Logistics,Kanpur,2025-12-13,2025-12-15,Delivered Late,2
4856,4856,Ecom Express,Kanpur,,,Not Shipped,5
4857,4857,Ecom Express,Coimbatore,,,Not Shipped,2
4858,4858,Delhivery,Thiruvananthapuram,2026-01-07,2026-01-11,Delivered,5
4859,4859,Ecom Express,Nashik,2025-06-20,2025-06-23,Returned,3
4860,4860,Ecom Express,Mumbai,2026-04-07,2026-04-12,Delivered Late,4
4861,4861,Bluedart,Indore,2025-07-22,2025-07-28,Delivered,6
4862,4862,DTDC,Surat,2025-11-15,2025-11-22,Delivered Late,6
4863,4863,Delhivery,Lucknow,2026-06-01,2026-06-06,Delivered,5
4864,4864,Ekart Logistics,Delhi,2025-04-26,2025-04-29,Delivered Late,3
4865,4865,Ekart Logistics,Amritsar,2026-03-21,2026-03-27,Delivered,7
4866,4866,Delhivery,Kolkata,2026-01-01,2026-01-05,Delivered Late,2
4867,4867,Delhivery,Nashik,2026-02-28,2026-03-04,Delivered Late,4
4868,4868,Bluedart,Bhubaneswar,2025-11-09,2025-11-14,Delivered Late,2
4869,4869,Ecom Express,Kochi,2026-01-06,2026-01-10,Delivered,5
4870,4870,Xpressbees,Bengaluru,2026-02-06,2026-02-16,Delivered Late,7
4871,4871,Xpressbees,Kochi,2026-07-22,2026-07-25,Delivered Late,3
4872,4872,DTDC,Surat,,,Processing,3
4873,4873,Xpressbees,Kanpur,2026-02-16,2026-02-21,Delivered,5
4874,4874,Delhivery,Nagpur,2025-06-18,2025-06-20,Delivered,2
4875,4875,DTDC,Coimbatore,2026-03-02,,In Transit,6
4876,4876,Bluedart,Vadodara,2025-02-15,2025-02-22,Delivered Late,6
4877,4877,Xpressbees,Kolkata,2026-04-29,2026-05-07,Delivered Late,6
4878,4878,Ekart Logistics,Bengaluru,2025-03-05,2025-03-09,Delivered Late,3
4879,4879,DTDC,Bengaluru,2026-06-21,2026-06-22,Delivered,2
4880,4880,Xpressbees,Guwahati,2026-02-20,2026-02-23,Delivered,3
4881,4881,Ekart Logistics,Bhubaneswar,2025-08-03,2025-08-07,Returned,5
4882,4882,Ekart Logistics,Surat,2025-12-17,2025-12-22,Delivered,5
4883,4883,Bluedart,Kolkata,2024-12-21,2024-12-28,Delivered,7
4884,4884,Bluedart,Surat,,,Not Shipped,2
4885,4885,Ekart Logistics,Mumbai,2025-06-13,2025-06-20,Delivered,7
4886,4886,Delhivery,Nashik,2025-09-25,2025-10-01,Delivered,6
4887,4887,Xpressbees,Indore,2026-06-19,2026-06-25,Delivered,7
4888,4888,Ecom Express,Guwahati,2025-08-02,2025-08-08,Delivered Late,5
4889,4889,Ekart Logistics,Guwahati,2025-09-08,2025-09-10,Delivered,3
4890,4890,Ekart Logistics,Delhi,,,Not Shipped,3
4891,4891,Bluedart,Ahmedabad,2026-02-04,2026-02-05,Delivered,2
4892,4892,Ekart Logistics,Bhubaneswar,2025-11-18,2025-11-23,Delivered Late,4
4893,4893,Xpressbees,Ranchi,2026-06-22,2026-06-30,Delivered Late,6
4894,4894,Delhivery,Ranchi,2026-01-18,2026-01-22,Delivered,4
4895,4895,Ecom Express,Kochi,2024-11-02,2024-11-04,Delivered,2
4896,4896,Bluedart,Kolkata,2025-10-06,2025-10-10,Delivered Late,4
4897,4897,DTDC,Jaipur,,,Not Shipped,5
4898,4898,DTDC,Bhubaneswar,2025-09-29,2025-10-01,Returned,3
4899,4899,Bluedart,Nashik,,,Not Shipped,5
4900,4900,Bluedart,Ahmedabad,,,Not Shipped,7
4901,4901,Ecom Express,Lucknow,2025-08-23,2025-08-29,Delivered,6
4902,4902,Bluedart,Patna,2025-01-22,2025-01-28,Delivered Late,6
4903,4903,DTDC,Thiruvananthapuram,2024-05-25,2024-05-29,Delivered Late,2
4904,4904,Bluedart,Ahmedabad,2025-01-01,2025-01-05,Delivered Late,3
4905,4905,Xpressbees,Coimbatore,,,Processing,6
4906,4906,DTDC,Bhopal,2024-09-17,2024-09-24,Delivered Late,7
4907,4907,Xpressbees,Coimbatore,2025-08-26,2025-08-29,Returned,3
4908,4908,Xpressbees,Lucknow,2025-01-05,2025-01-11,Delivered Late,6
4909,4909,Delhivery,Bengaluru,2026-04-17,2026-04-18,Delivered,2
4910,4910,Delhivery,Ranchi,2026-01-10,2026-01-17,Returned,7
4911,4911,Ecom Express,Coimbatore,,,Processing,3
4912,4912,Ecom Express,Chennai,,,Not Shipped,7
4913,4913,Ecom Express,Vadodara,2026-07-17,2026-07-22,Delivered Late,5
4914,4914,Ecom Express,Delhi,,,Not Shipped,5
4915,4915,Delhivery,Mumbai,2026-02-12,2026-02-15,Delivered Late,2
4916,4916,Xpressbees,Kochi,2026-07-23,2026-07-29,Returned,7
4917,4917,Bluedart,Nashik,,,Not Shipped,3
4918,4918,DTDC,Patna,2025-01-11,2025-01-15,Delivered Late,3
4919,4919,Ecom Express,Ranchi,,,Not Shipped,2
4920,4920,Ecom Express,Coimbatore,2025-10-23,2025-10-29,Delivered,7
4921,4921,Ecom Express,Mysuru,2026-03-06,2026-03-07,Delivered,2
4922,4922,Bluedart,Coimbatore,2024-05-27,,In Transit,7
4923,4923,DTDC,Bengaluru,2025-07-28,2025-08-01,Delivered Late,3
4924,4924,Delhivery,Ranchi,2026-04-20,2026-04-25,Delivered Late,4
4925,4925,Delhivery,Pune,2026-03-06,2026-03-12,Delivered,6
4926,4926,Bluedart,Delhi,2025-02-12,2025-02-15,Delivered,4
4927,4927,Bluedart,Nashik,2026-03-20,2026-03-23,Delivered,3
4928,4928,Delhivery,Bhopal,2024-12-09,2024-12-16,Returned,7
4929,4929,Delhivery,Pune,2026-04-18,2026-04-22,Delivered,5
4930,4930,Ekart Logistics,Pune,2025-05-02,2025-05-10,Delivered Late,5
4931,4931,Ecom Express,Kochi,2025-03-11,2025-03-13,Delivered Late,2
4932,4932,Ecom Express,Patna,2025-08-04,2025-08-11,Delivered Late,7
4933,4933,Ecom Express,Chandigarh,2025-10-03,2025-10-06,Delivered,3
4934,4934,Ekart Logistics,Mumbai,2026-02-18,2026-02-24,Delivered,7
4935,4935,DTDC,Delhi,2025-05-01,2025-05-07,Delivered,6
4936,4936,Ecom Express,Bengaluru,2024-09-01,2024-09-08,Delivered,7
4937,4937,DTDC,Vadodara,2025-01-22,2025-01-29,Delivered,7
4938,4938,Delhivery,Thiruvananthapuram,2024-11-19,2024-11-25,Delivered Late,3
4939,4939,Ekart Logistics,Chennai,2026-02-17,,In Transit,6
4940,4940,Delhivery,Indore,2026-03-03,2026-03-08,Delivered,5
4941,4941,Bluedart,Kochi,2024-08-01,2024-08-08,Delivered Late,7
4942,4942,DTDC,Coimbatore,2025-11-16,2025-11-23,Delivered Late,4
4943,4943,Bluedart,Ahmedabad,2025-01-30,2025-02-05,Delivered,6
4944,4944,DTDC,Mumbai,2024-10-26,2024-10-30,Delivered,4
4945,4945,Xpressbees,Ranchi,2025-11-18,2025-11-24,Delivered Late,4
4946,4946,Ecom Express,Guwahati,2025-06-07,2025-06-14,Delivered,7
4947,4947,Delhivery,Kochi,2024-08-25,2024-08-27,Delivered,2
4948,4948,Ekart Logistics,Mysuru,2025-02-18,2025-02-22,Delivered,4
4949,4949,Ekart Logistics,Kolkata,2025-01-31,2025-02-05,Delivered Late,4
4950,4950,Bluedart,Mumbai,2025-10-22,,In Transit,5
4951,4951,Xpressbees,Vadodara,2026-07-20,2026-07-24,Delivered,5
4952,4952,Delhivery,Bengaluru,2026-08-19,2026-08-25,Delivered Late,5
4953,4953,Delhivery,Amritsar,2026-05-19,2026-05-22,Delivered Late,3
4954,4954,DTDC,Amritsar,2025-08-18,,In Transit,5
4955,4955,Xpressbees,Indore,2025-03-01,2025-03-04,Delivered,3
4956,4956,Bluedart,Pune,2026-02-21,2026-02-25,Delivered,4
4957,4957,Bluedart,Kolkata,2026-04-01,2026-04-06,Delivered,6
4958,4958,Bluedart,Delhi,2025-11-22,2025-12-01,Delivered Late,6
4959,4959,Ekart Logistics,Jaipur,2026-01-11,,In Transit,6
4960,4960,Xpressbees,Nagpur,2024-12-28,2024-12-31,Delivered Late,2
4961,4961,Ecom Express,Surat,2024-11-30,2024-12-02,Delivered,3
4962,4962,Delhivery,Ahmedabad,2025-12-11,2025-12-14,Delivered,4
4963,4963,Bluedart,Lucknow,2026-02-05,2026-02-12,Delivered Late,4
4964,4964,Bluedart,Kanpur,2025-06-17,2025-06-19,Delivered,3
4965,4965,Xpressbees,Kanpur,2025-02-13,2025-02-20,Delivered Late,5
4966,4966,Xpressbees,Mysuru,2024-07-24,,In Transit,7
4967,4967,Delhivery,Bhopal,2026-05-26,2026-05-31,Delivered Late,5
4968,4968,Xpressbees,Kolkata,,,Not Shipped,2
4969,4969,DTDC,Jaipur,2026-03-27,,In Transit,5
4970,4970,Xpressbees,Mumbai,2025-07-26,2025-08-03,Delivered Late,6
4971,4971,Bluedart,Kochi,2025-01-06,2025-01-11,Delivered Late,4
4972,4972,Delhivery,Delhi,,,Not Shipped,3
4973,4973,Ekart Logistics,Bengaluru,2025-11-08,2025-11-12,Delivered,5
4974,4974,DTDC,Nashik,2025-09-21,2025-09-23,Delivered,2
4975,4975,Ekart Logistics,Amritsar,2026-01-29,2026-02-01,Delivered,3
4976,4976,Delhivery,Kanpur,2026-05-05,2026-05-11,Delivered Late,6
4977,4977,Bluedart,Mysuru,2026-03-11,2026-03-18,Delivered Late,7
4978,4978,Ecom Express,Vadodara,2025-10-30,2025-11-04,Delivered,5
4979,4979,Ekart Logistics,Chandigarh,2026-05-14,2026-05-16,Delivered,3
4980,4980,Xpressbees,Nashik,2026-05-28,2026-06-02,Delivered,6
4981,4981,Ekart Logistics,Surat,2025-08-10,2025-08-17,Delivered Late,6
4982,4982,Delhivery,Surat,2025-06-21,2025-06-22,Delivered,2
4983,4983,Bluedart,Surat,2026-02-26,2026-03-04,Delivered,7
4984,4984,Ekart Logistics,Patna,2024-10-26,2024-10-31,Delivered Late,2
4985,4985,DTDC,Ahmedabad,,,Not Shipped,3
4986,4986,Delhivery,Nagpur,2026-05-06,2026-05-12,Delivered,7
4987,4987,Xpressbees,Lucknow,2025-12-16,2025-12-19,Delivered,4
4988,4988,Xpressbees,Bhopal,2025-06-09,2025-06-14,Delivered,6
4989,4989,Ekart Logistics,Mysuru,,,Not Shipped,7
4990,4990,Bluedart,Jaipur,,,Processing,5
4991,4991,Bluedart,Ranchi,2025-09-20,2025-09-27,Delivered Late,6
4992,4992,DTDC,Vadodara,2026-03-30,2026-04-05,Delivered,6
4993,4993,Bluedart,Vadodara,2026-01-15,2026-01-21,Delivered,6
4994,4994,Xpressbees,Thiruvananthapuram,2025-10-05,2025-10-07,Delivered,2
4995,4995,Ekart Logistics,Hyderabad,2025-11-28,2025-12-04,Delivered,7
4996,4996,Ecom Express,Surat,2025-11-01,2025-11-06,Delivered,6
4997,4997,Ekart Logistics,Hyderabad,2025-09-21,2025-09-26,Delivered Late,4
4998,4998,Ekart Logistics,Guwahati,2025-11-27,2025-12-04,Delivered Late,7
4999,4999,DTDC,Surat,2025-05-13,2025-05-16,Delivered Late,3
5000,5000,Delhivery,Bhubaneswar,2026-01-25,2026-01-28,Delivered,4
5001,5001,Ecom Express,Mysuru,,,Not Shipped,2
5002,5002,Ekart Logistics,Kanpur,2025-11-07,2025-11-12,Delivered,5
5003,5003,Bluedart,Ranchi,2025-11-11,2025-11-17,Delivered,7
5004,5004,Bluedart,Pune,2026-07-15,2026-07-18,Delivered,3
5005,5005,DTDC,Amritsar,2025-10-26,2025-10-30,Delivered Late,4
5006,5006,Ekart Logistics,Coimbatore,2025-05-11,2025-05-18,Delivered Late,4
5007,5007,Ekart Logistics,Surat,2025-10-04,2025-10-08,Delivered,5
5008,5008,DTDC,Mysuru,2025-10-12,2025-10-18,Delivered,6
5009,5009,Ecom Express,Pune,2026-05-06,2026-05-09,Delivered,3
5010,5010,Xpressbees,Patna,2025-12-06,2025-12-10,Delivered,4
5011,5011,Bluedart,Chennai,2025-07-11,2025-07-19,Delivered Late,7
5012,5012,Xpressbees,Chandigarh,2025-09-02,2025-09-10,Delivered Late,5
5013,5013,Delhivery,Delhi,2026-01-08,2026-01-17,Delivered Late,7
5014,5014,Bluedart,Thiruvananthapuram,2025-10-03,2025-10-09,Delivered Late,6
5015,5015,Ekart Logistics,Chandigarh,2025-04-19,2025-04-21,Delivered,2
5016,5016,Delhivery,Chandigarh,2025-12-03,2025-12-07,Returned,5
5017,5017,DTDC,Bengaluru,2025-06-17,2025-06-21,Delivered Late,4
5018,5018,Delhivery,Kolkata,2026-03-17,2026-03-22,Delivered,6
5019,5019,Delhivery,Pune,2025-11-20,2025-11-23,Delivered,4
5020,5020,Bluedart,Kochi,2026-04-26,2026-05-01,Delivered Late,5
5021,5021,DTDC,Ranchi,2025-03-03,2025-03-07,Delivered Late,3
5022,5022,Ecom Express,Coimbatore,2026-03-20,,In Transit,6
5023,5023,Xpressbees,Pune,2026-05-15,2026-05-20,Delivered,5
5024,5024,Delhivery,Bengaluru,2026-08-15,2026-08-21,Delivered,7
5025,5025,Delhivery,Bengaluru,2026-04-22,2026-04-27,Delivered,6
5026,5026,Bluedart,Indore,2025-12-23,2025-12-25,Delivered,2
5027,5027,Xpressbees,Hyderabad,2025-06-14,2025-06-19,Delivered Late,4
5028,5028,Delhivery,Kanpur,2025-06-07,2025-06-11,Delivered Late,3
5029,5029,Ekart Logistics,Guwahati,2025-03-20,2025-03-24,Delivered,4
5030,5030,Bluedart,Pune,2025-09-21,2025-09-27,Returned,5
5031,5031,Bluedart,Patna,2024-09-19,2024-09-25,Delivered Late,6
5032,5032,DTDC,Bengaluru,2024-11-23,2024-11-27,Delivered,4
5033,5033,Xpressbees,Nashik,2025-07-31,,In Transit,7
5034,5034,Ekart Logistics,Chennai,2025-10-09,2025-10-12,Delivered Late,3
5035,5035,Ekart Logistics,Hyderabad,2026-01-08,2026-01-13,Delivered,6
5036,5036,Xpressbees,Mysuru,2024-09-30,2024-10-07,Delivered Late,7
5037,5037,Ecom Express,Mumbai,2026-06-13,2026-06-18,Delivered Late,4
5038,5038,Ekart Logistics,Ahmedabad,2025-03-08,2025-03-14,Delivered Late,4
5039,5039,Bluedart,Hyderabad,2026-06-13,2026-06-21,Delivered Late,5
5040,5040,Bluedart,Delhi,2025-08-20,2025-08-24,Delivered Late,3
5041,5041,Bluedart,Ahmedabad,2025-11-29,2025-12-02,Delivered Late,2
5042,5042,Ecom Express,Lucknow,,,Not Shipped,4
5043,5043,Ecom Express,Thiruvananthapuram,2026-04-30,2026-05-03,Delivered,3
5044,5044,Ekart Logistics,Amritsar,2025-12-22,2025-12-28,Delivered,7
5045,5045,Ekart Logistics,Bhopal,2024-05-28,2024-06-01,Delivered,5
5046,5046,Bluedart,Bhopal,2026-04-06,2026-04-11,Delivered Late,4
5047,5047,Ekart Logistics,Bhopal,2026-01-11,2026-01-18,Returned,7
5048,5048,Delhivery,Bhubaneswar,2026-03-06,2026-03-13,Delivered,7
5049,5049,DTDC,Hyderabad,2026-01-26,2026-02-02,Delivered Late,4
5050,5050,Xpressbees,Kolkata,2024-07-22,2024-07-28,Delivered,6
5051,5051,Xpressbees,Delhi,2025-12-27,,In Transit,5
5052,5052,DTDC,Ranchi,2025-05-24,2025-05-26,Delivered,2
5053,5053,Ekart Logistics,Surat,2026-05-05,2026-05-10,Delivered,6
5054,5054,Ekart Logistics,Ranchi,2025-04-25,,In Transit,5
5055,5055,Xpressbees,Bhubaneswar,2026-04-29,2026-05-05,Delivered Late,6
5056,5056,Ekart Logistics,Guwahati,2025-12-29,2026-01-03,Delivered Late,3
5057,5057,Xpressbees,Kochi,2025-07-25,2025-07-26,Returned,2
5058,5058,DTDC,Guwahati,2026-01-24,,In Transit,2
5059,5059,Bluedart,Patna,,,Not Shipped,3
5060,5060,DTDC,Ahmedabad,2026-04-20,2026-04-24,Delivered Late,2
5061,5061,Bluedart,Kolkata,,,Not Shipped,4
5062,5062,Delhivery,Kochi,2024-04-11,2024-04-17,Delivered,7
5063,5063,Bluedart,Thiruvananthapuram,2025-05-26,2025-05-30,Delivered Late,3
5064,5064,Xpressbees,Indore,2026-01-23,2026-01-29,Delivered Late,6
5065,5065,DTDC,Delhi,2025-12-16,2025-12-20,Delivered,5
5066,5066,Xpressbees,Mumbai,2025-02-11,2025-02-15,Delivered Late,4
5067,5067,Delhivery,Kochi,2025-04-07,2025-04-13,Delivered,6
5068,5068,Ecom Express,Kolkata,2025-09-07,2025-09-16,Delivered Late,7
5069,5069,Ecom Express,Kolkata,2026-04-12,2026-04-17,Delivered,5
5070,5070,Ekart Logistics,Indore,,,Not Shipped,4
5071,5071,Ekart Logistics,Ahmedabad,2024-11-06,2024-11-10,Delivered Late,4
5072,5072,Ekart Logistics,Nashik,2025-03-10,2025-03-17,Delivered Late,4
5073,5073,DTDC,Ranchi,2025-04-07,2025-04-12,Delivered,6
5074,5074,Xpressbees,Vadodara,2024-04-30,2024-05-07,Delivered Late,4
5075,5075,DTDC,Nagpur,2025-06-25,2025-06-28,Returned,3
5076,5076,Delhivery,Vadodara,2026-07-23,2026-07-28,Delivered,5
5077,5077,Delhivery,Kochi,2025-02-10,2025-02-17,Delivered Late,7
5078,5078,Ecom Express,Bhubaneswar,,,Not Shipped,7
5079,5079,Ekart Logistics,Nashik,2025-06-26,,In Transit,4
5080,5080,Delhivery,Kochi,2026-06-14,,In Transit,7
5081,5081,Ecom Express,Thiruvananthapuram,2025-06-21,2025-06-22,Delivered,2
5082,5082,Bluedart,Lucknow,2026-05-01,2026-05-04,Delivered,3
5083,5083,Bluedart,Amritsar,2025-06-24,2025-07-01,Delivered Late,6
5084,5084,Delhivery,Coimbatore,2026-03-02,2026-03-11,Delivered Late,7
5085,5085,Ecom Express,Kochi,2025-02-14,2025-02-20,Delivered,6
5086,5086,Bluedart,Thiruvananthapuram,2025-10-18,2025-10-24,Delivered Late,6
5087,5087,Ekart Logistics,Thiruvananthapuram,2026-02-09,2026-02-12,Delivered Late,2
5088,5088,Delhivery,Nagpur,2026-01-08,2026-01-10,Delivered,2
5089,5089,Ekart Logistics,Nashik,2023-12-24,2023-12-26,Delivered,3
5090,5090,Delhivery,Kolkata,2026-05-02,2026-05-09,Delivered Late,6
5091,5091,Ecom Express,Coimbatore,2025-11-23,2025-11-26,Delivered,4
5092,5092,Ekart Logistics,Chandigarh,2025-04-20,2025-04-27,Delivered Late,6
5093,5093,Ecom Express,Nagpur,2025-12-12,2025-12-17,Delivered Late,5
5094,5094,Ekart Logistics,Coimbatore,2026-02-22,2026-02-26,Delivered,4
5095,5095,Ecom Express,Mysuru,2024-09-24,2024-10-01,Delivered,7
5096,5096,Ekart Logistics,Bengaluru,2025-11-09,2025-11-13,Delivered Late,2
5097,5097,Bluedart,Surat,2025-06-15,2025-06-22,Delivered,7
5098,5098,Ekart Logistics,Nagpur,2026-05-09,2026-05-16,Delivered Late,6
5099,5099,Xpressbees,Thiruvananthapuram,2026-08-04,2026-08-08,Delivered Late,3
5100,5100,Ekart Logistics,Guwahati,2024-06-29,2024-07-04,Delivered Late,5
5101,5101,DTDC,Pune,2026-01-16,2026-01-21,Delivered,6
5102,5102,DTDC,Bhopal,2025-10-30,2025-11-05,Delivered,6
5103,5103,Xpressbees,Lucknow,2024-03-09,2024-03-17,Returned,6
5104,5104,Bluedart,Jaipur,2025-09-05,2025-09-12,Delivered,7
5105,5105,Ecom Express,Chennai,2026-05-16,2026-05-19,Delivered Late,3
5106,5106,Delhivery,Amritsar,2025-04-29,2025-05-02,Delivered,3
5107,5107,Xpressbees,Guwahati,2026-05-10,,In Transit,7
5108,5108,Bluedart,Bengaluru,2026-08-18,,In Transit,2
5109,5109,DTDC,Chandigarh,2025-02-08,2025-02-09,Delivered,2
5110,5110,Delhivery,Pune,2025-11-28,2025-12-02,Delivered,5
5111,5111,Bluedart,Coimbatore,2026-04-26,2026-05-02,Delivered Late,5
5112,5112,Xpressbees,Delhi,2026-03-15,2026-03-18,Delivered,4
5113,5113,Ekart Logistics,Jaipur,2025-06-26,2025-07-02,Delivered,7
5114,5114,Ecom Express,Vadodara,2025-09-27,,In Transit,3
5115,5115,Xpressbees,Kolkata,2025-02-03,2025-02-08,Delivered,5
5116,5116,Xpressbees,Kochi,2026-01-27,2026-02-01,Delivered Late,4
5117,5117,DTDC,Amritsar,2025-11-13,2025-11-19,Delivered,7
5118,5118,Ekart Logistics,Guwahati,2026-05-04,2026-05-09,Delivered Late,4
5119,5119,Ekart Logistics,Amritsar,2026-04-02,2026-04-08,Delivered,6
5120,5120,Bluedart,Surat,2024-10-25,2024-11-01,Delivered Late,5
5121,5121,Ecom Express,Guwahati,,,Processing,4
5122,5122,Bluedart,Nagpur,,,Not Shipped,5
5123,5123,Delhivery,Bhubaneswar,2025-02-20,2025-02-28,Delivered Late,7
5124,5124,Delhivery,Bengaluru,2025-09-03,,In Transit,5
5125,5125,DTDC,Patna,2025-07-24,2025-07-29,Delivered Late,5
5126,5126,Xpressbees,Kochi,2026-04-04,2026-04-08,Delivered,5
5127,5127,Bluedart,Kochi,2023-10-14,2023-10-18,Delivered,4
5128,5128,DTDC,Bhubaneswar,2024-09-19,2024-09-21,Delivered,2
5129,5129,Ekart Logistics,Bhubaneswar,2026-05-10,2026-05-18,Delivered Late,5
5130,5130,Ekart Logistics,Coimbatore,2026-04-03,2026-04-10,Delivered Late,5
5131,5131,Delhivery,Patna,2026-04-28,2026-05-02,Delivered,5
5132,5132,DTDC,Hyderabad,2025-08-19,2025-08-26,Delivered Late,7
5133,5133,Xpressbees,Surat,2025-08-18,2025-08-24,Delivered Late,5
5134,5134,Delhivery,Ahmedabad,2025-05-10,2025-05-11,Delivered,2
5135,5135,Bluedart,Chandigarh,2025-10-13,2025-10-19,Delivered Late,5
5136,5136,Xpressbees,Mysuru,2025-06-26,2025-06-28,Delivered,2
5137,5137,Delhivery,Thiruvananthapuram,2026-05-16,,In Transit,7
5138,5138,Bluedart,Kochi,2025-08-06,2025-08-09,Delivered,4
5139,5139,DTDC,Bhubaneswar,2026-06-03,2026-06-09,Delivered Late,4
5140,5140,Xpressbees,Lucknow,2026-01-04,2026-01-06,Delivered,2
5141,5141,Bluedart,Pune,2026-03-27,2026-04-01,Delivered,5
5142,5142,Ekart Logistics,Chennai,2025-05-24,2025-05-26,Returned,3
5143,5143,Bluedart,Kolkata,2026-03-09,2026-03-12,Delivered Late,2
5144,5144,Bluedart,Chennai,2026-03-19,2026-03-24,Delivered,6
5145,5145,Xpressbees,Delhi,2024-11-20,2024-11-21,Delivered,2
5146,5146,DTDC,Surat,2024-07-17,2024-07-22,Delivered,6
5147,5147,Ekart Logistics,Mysuru,2025-11-19,2025-11-24,Delivered,6
5148,5148,Xpressbees,Mysuru,2026-02-17,2026-02-25,Delivered Late,7
5149,5149,Xpressbees,Vadodara,2026-03-17,2026-03-22,Delivered,6
5150,5150,Bluedart,Bhopal,2025-11-05,2025-11-11,Delivered Late,5
5151,5151,Bluedart,Thiruvananthapuram,2026-03-28,2026-04-03,Delivered,7
5152,5152,Ecom Express,Jaipur,2026-05-27,2026-05-31,Delivered,4
5153,5153,DTDC,Coimbatore,2025-04-29,2025-05-02,Delivered,4
5154,5154,Bluedart,Ranchi,2026-06-14,2026-06-19,Delivered,6
5155,5155,Xpressbees,Thiruvananthapuram,2024-10-13,2024-10-16,Delivered,4
5156,5156,Delhivery,Lucknow,,,Processing,2
5157,5157,Bluedart,Vadodara,,,Not Shipped,2
5158,5158,Bluedart,Kolkata,2026-08-19,2026-08-25,Delivered,6
5159,5159,Delhivery,Amritsar,2025-03-13,2025-03-19,Delivered,7
5160,5160,Bluedart,Pune,2024-02-25,2024-02-28,Delivered,3
5161,5161,Ecom Express,Ranchi,2024-10-23,2024-11-01,Delivered Late,7
5162,5162,Ecom Express,Kochi,,,Not Shipped,5
5163,5163,Ekart Logistics,Mumbai,2024-09-29,2024-10-06,Delivered Late,4
5164,5164,DTDC,Lucknow,2024-08-05,2024-08-12,Delivered,7
5165,5165,Ekart Logistics,Ranchi,,,Not Shipped,4
5166,5166,Xpressbees,Coimbatore,2025-11-19,2025-11-27,Delivered Late,6
5167,5167,Ekart Logistics,Thiruvananthapuram,2026-06-27,2026-06-28,Delivered,2
5168,5168,Bluedart,Thiruvananthapuram,2025-06-25,2025-06-28,Delivered,4
5169,5169,Ekart Logistics,Coimbatore,2026-03-30,2026-04-03,Delivered,5
5170,5170,Ecom Express,Jaipur,2025-09-21,2025-09-28,Delivered,7
5171,5171,DTDC,Nagpur,2025-12-28,2026-01-03,Returned,7
5172,5172,Delhivery,Surat,2026-01-22,2026-01-27,Delivered,5
5173,5173,Delhivery,Lucknow,2026-01-31,2026-02-08,Delivered Late,6
5174,5174,Ekart Logistics,Mysuru,2026-02-14,2026-02-20,Delivered,7
5175,5175,Ekart Logistics,Coimbatore,,,Processing,2
5176,5176,Ekart Logistics,Guwahati,2025-04-18,2025-04-21,Delivered Late,2
5177,5177,Xpressbees,Thiruvananthapuram,2025-07-27,2025-08-04,Delivered Late,7
5178,5178,Ecom Express,Kochi,,,Not Shipped,5
5179,5179,Ecom Express,Chennai,2026-02-24,2026-03-01,Delivered,5
5180,5180,DTDC,Thiruvananthapuram,2025-02-05,2025-02-12,Delivered Late,6
5181,5181,Bluedart,Kanpur,2025-09-27,2025-10-02,Delivered Late,3
5182,5182,Ecom Express,Delhi,2025-04-30,2025-05-06,Delivered Late,6
5183,5183,Xpressbees,Bengaluru,,,Processing,5
5184,5184,Xpressbees,Nashik,2025-12-01,2025-12-04,Delivered Late,2
5185,5185,Xpressbees,Pune,2026-05-31,2026-06-04,Delivered,4
5186,5186,Bluedart,Chandigarh,2025-09-06,2025-09-09,Delivered,4
5187,5187,Delhivery,Lucknow,2025-06-25,2025-07-01,Delivered Late,6
5188,5188,Bluedart,Nashik,2026-01-16,2026-01-22,Returned,6
5189,5189,Delhivery,Patna,,,Not Shipped,4
5190,5190,Delhivery,Mumbai,2026-07-18,2026-07-19,Delivered,2
5191,5191,Bluedart,Indore,2026-02-06,2026-02-11,Delivered,5
5192,5192,Xpressbees,Pune,,,Not Shipped,4
5193,5193,Ecom Express,Chennai,2025-07-17,2025-07-18,Delivered,2
5194,5194,Ekart Logistics,Jaipur,2024-10-04,2024-10-11,Delivered Late,6
5195,5195,Delhivery,Amritsar,2025-02-10,2025-02-15,Delivered,6
5196,5196,Ecom Express,Thiruvananthapuram,2024-11-01,2024-11-09,Delivered Late,7
5197,5197,Ekart Logistics,Kanpur,2026-03-04,2026-03-09,Delivered,5
5198,5198,Ekart Logistics,Jaipur,2026-06-26,2026-06-28,Delivered Late,2
5199,5199,Bluedart,Lucknow,2026-04-11,2026-04-17,Returned,7
5200,5200,Ekart Logistics,Chandigarh,2026-05-23,2026-05-25,Delivered,3
5201,5201,Ecom Express,Bhopal,2025-12-25,2025-12-27,Delivered,2
5202,5202,DTDC,Bhopal,2026-03-29,2026-04-04,Delivered,7
5203,5203,Xpressbees,Bhopal,2025-06-21,2025-06-24,Delivered,4
5204,5204,Ekart Logistics,Mumbai,2026-03-30,2026-04-01,Delivered,2
5205,5205,Delhivery,Kochi,,,Not Shipped,7
5206,5206,DTDC,Bhopal,2025-01-09,,In Transit,2
5207,5207,Bluedart,Kanpur,2026-03-25,2026-03-27,Delivered,2
5208,5208,Ekart Logistics,Thiruvananthapuram,2024-02-26,2024-02-29,Delivered,3
5209,5209,Delhivery,Patna,2026-02-06,2026-02-12,Delivered,7
5210,5210,DTDC,Patna,2025-07-11,2025-07-15,Delivered,4
5211,5211,Bluedart,Bhopal,2024-07-06,2024-07-15,Delivered Late,6
5212,5212,Xpressbees,Nagpur,2025-12-17,2025-12-21,Returned,3
5213,5213,DTDC,Jaipur,2024-08-05,2024-08-11,Delivered Late,5
5214,5214,Ekart Logistics,Thiruvananthapuram,,,Processing,7
5215,5215,Xpressbees,Kanpur,2026-03-22,2026-03-28,Returned,6
5216,5216,Delhivery,Thiruvananthapuram,2024-09-05,2024-09-09,Delivered,4
5217,5217,DTDC,Nashik,2025-02-16,2025-02-21,Delivered,6
5218,5218,Ecom Express,Kanpur,2024-12-10,2024-12-13,Delivered,3
5219,5219,Ecom Express,Mysuru,,,Not Shipped,6
5220,5220,DTDC,Ahmedabad,2025-03-31,2025-04-05,Delivered,6
5221,5221,Bluedart,Kolkata,2026-01-11,2026-01-16,Delivered Late,5
5222,5222,Delhivery,Lucknow,2025-03-14,2025-03-17,Delivered,3
5223,5223,Ekart Logistics,Vadodara,2026-03-08,2026-03-12,Delivered,5
5224,5224,Ecom Express,Kanpur,2026-01-31,2026-02-04,Delivered Late,4
5225,5225,Delhivery,Patna,2026-03-05,2026-03-14,Delivered Late,7
5226,5226,Ecom Express,Delhi,2026-01-08,2026-01-10,Delivered,2
5227,5227,Delhivery,Nashik,2025-08-19,2025-08-24,Delivered,5
5228,5228,DTDC,Kolkata,2026-05-31,2026-06-03,Delivered,3
5229,5229,DTDC,Guwahati,2025-12-10,2025-12-14,Returned,4
5230,5230,Ecom Express,Jaipur,2025-01-01,2025-01-02,Delivered,2
5231,5231,DTDC,Mysuru,,,Not Shipped,4
5232,5232,Ecom Express,Coimbatore,,,Not Shipped,3
5233,5233,Ecom Express,Hyderabad,2025-07-12,2025-07-17,Delivered Late,4
5234,5234,Xpressbees,Ranchi,2025-09-11,2025-09-16,Delivered Late,3
5235,5235,Xpressbees,Surat,2025-09-16,2025-09-18,Delivered Late,2
5236,5236,Delhivery,Thiruvananthapuram,2026-04-12,2026-04-16,Delivered,5
5237,5237,Delhivery,Thiruvananthapuram,2025-10-26,2025-10-29,Returned,2
5238,5238,Ekart Logistics,Guwahati,2025-10-31,2025-11-06,Delivered,6
5239,5239,DTDC,Guwahati,2026-04-21,2026-04-23,Delivered Late,2
5240,5240,Xpressbees,Bengaluru,2025-10-31,2025-11-02,Delivered,3
5241,5241,Bluedart,Nashik,2025-10-17,2025-10-22,Delivered Late,4
5242,5242,Bluedart,Kanpur,2026-04-14,2026-04-19,Delivered,5
5243,5243,Xpressbees,Jaipur,2025-09-09,2025-09-15,Delivered Late,5
5244,5244,DTDC,Ahmedabad,2025-07-23,2025-07-28,Delivered Late,4
5245,5245,Delhivery,Kochi,2025-08-15,2025-08-19,Delivered Late,3
5246,5246,Xpressbees,Kochi,2025-12-02,2025-12-09,Delivered Late,6
5247,5247,Ecom Express,Ahmedabad,2024-12-27,2025-01-05,Delivered Late,7
5248,5248,Delhivery,Kanpur,2026-08-19,2026-08-28,Delivered Late,7
5249,5249,Xpressbees,Surat,2026-06-30,2026-07-04,Delivered Late,2
5250,5250,Bluedart,Nagpur,2025-01-15,2025-01-23,Delivered Late,6
5251,5251,DTDC,Bhopal,2025-02-08,2025-02-10,Delivered,2
5252,5252,Ecom Express,Ranchi,2025-09-24,2025-10-01,Delivered,7
5253,5253,Delhivery,Lucknow,2024-10-14,2024-10-19,Delivered Late,4
5254,5254,Ecom Express,Guwahati,2025-07-29,2025-08-01,Delivered,4
5255,5255,Bluedart,Bhubaneswar,2025-10-27,2025-10-30,Delivered,4
5256,5256,Delhivery,Chennai,2026-05-25,2026-05-28,Delivered,4
5257,5257,Ecom Express,Chandigarh,2026-08-17,2026-08-21,Delivered Late,4
5258,5258,Bluedart,Guwahati,2025-03-18,2025-03-24,Delivered,7
5259,5259,DTDC,Chandigarh,,,Not Shipped,4
5260,5260,DTDC,Guwahati,2025-12-30,2026-01-07,Delivered Late,5
5261,5261,Delhivery,Kolkata,,,Not Shipped,7
5262,5262,Bluedart,Pune,2026-01-10,2026-01-16,Delivered Late,6
5263,5263,Delhivery,Vadodara,2025-09-24,2025-09-26,Delivered,3
5264,5264,Xpressbees,Kochi,2026-05-01,2026-05-07,Delivered,6
5265,5265,Delhivery,Bhubaneswar,2025-06-07,2025-06-13,Delivered,7
5266,5266,Delhivery,Vadodara,2026-07-19,2026-07-26,Delivered,7
5267,5267,Ecom Express,Lucknow,2026-04-23,2026-04-25,Delivered,2
5268,5268,Delhivery,Chennai,,,Processing,6
5269,5269,DTDC,Mumbai,,,Not Shipped,2
5270,5270,Delhivery,Nashik,2025-09-08,2025-09-11,Delivered,4
5271,5271,Ekart Logistics,Mysuru,2025-04-09,2025-04-10,Delivered,2
5272,5272,Xpressbees,Nagpur,2026-08-03,2026-08-05,Delivered,3
5273,5273,Xpressbees,Thiruvananthapuram,2025-11-20,2025-11-21,Delivered,2
5274,5274,Ekart Logistics,Vadodara,2024-12-17,2024-12-23,Delivered Late,5
5275,5275,Bluedart,Surat,2025-02-03,2025-02-07,Delivered Late,4
5276,5276,Delhivery,Ahmedabad,2025-08-13,2025-08-22,Delivered Late,7
5277,5277,Ekart Logistics,Kanpur,2025-02-15,2025-02-23,Delivered Late,7
5278,5278,Ekart Logistics,Bengaluru,2024-02-18,2024-02-21,Returned,3
5279,5279,Delhivery,Lucknow,2026-03-04,2026-03-10,Delivered,7
5280,5280,Ecom Express,Amritsar,,,Processing,4
5281,5281,Xpressbees,Kochi,2025-10-02,2025-10-06,Delivered Late,3
5282,5282,Ekart Logistics,Amritsar,2025-12-27,2025-12-30,Delivered Late,2
5283,5283,Bluedart,Mumbai,2025-12-24,2025-12-29,Delivered Late,4
5284,5284,Xpressbees,Jaipur,2025-08-28,2025-08-30,Returned,2
5285,5285,Bluedart,Mumbai,2024-02-12,2024-02-17,Delivered,5
5286,5286,Xpressbees,Kanpur,2025-05-09,2025-05-14,Delivered Late,3
5287,5287,Ecom Express,Chennai,,,Not Shipped,3
5288,5288,Ecom Express,Lucknow,2025-11-09,2025-11-17,Delivered Late,7
5289,5289,DTDC,Surat,2025-12-19,2025-12-27,Delivered Late,6
5290,5290,DTDC,Chennai,2025-10-19,2025-10-23,Delivered,4
5291,5291,Bluedart,Thiruvananthapuram,2025-10-21,2025-10-27,Delivered,6
5292,5292,Delhivery,Ranchi,2024-12-18,2024-12-21,Delivered,4
5293,5293,Ekart Logistics,Hyderabad,2026-01-11,,In Transit,2
5294,5294,Delhivery,Nashik,,,Processing,6
5295,5295,Delhivery,Bhubaneswar,2025-12-22,2025-12-26,Delivered,5
5296,5296,Ekart Logistics,Amritsar,2024-03-31,2024-04-04,Delivered,4
5297,5297,Bluedart,Ahmedabad,2026-06-10,2026-06-13,Delivered Late,2
5298,5298,DTDC,Mumbai,2026-06-30,2026-07-02,Delivered,3
5299,5299,Delhivery,Kolkata,2025-11-08,2025-11-13,Delivered Late,4
5300,5300,Xpressbees,Bhopal,2026-06-19,2026-06-25,Delivered Late,4
5301,5301,DTDC,Vadodara,2026-03-20,2026-03-23,Delivered,3
5302,5302,Ecom Express,Kochi,2025-01-16,2025-01-21,Delivered,5
5303,5303,Bluedart,Kolkata,2026-06-29,2026-07-07,Delivered Late,7
5304,5304,Delhivery,Guwahati,2025-12-19,2025-12-22,Delivered,4
5305,5305,Bluedart,Mumbai,2026-02-01,2026-02-06,Delivered Late,5
5306,5306,Bluedart,Bengaluru,2025-04-17,2025-04-21,Delivered Late,4
5307,5307,Ecom Express,Kolkata,2026-03-12,2026-03-20,Delivered Late,7
5308,5308,Xpressbees,Guwahati,2026-06-01,2026-06-08,Delivered Late,4
5309,5309,Bluedart,Jaipur,,,Not Shipped,5
5310,5310,DTDC,Jaipur,2025-04-09,2025-04-11,Delivered,2
5311,5311,Delhivery,Guwahati,2025-10-09,2025-10-13,Delivered,5
5312,5312,Xpressbees,Kolkata,2026-05-17,2026-05-19,Delivered,3
5313,5313,Delhivery,Amritsar,2025-07-08,2025-07-10,Delivered,3
5314,5314,Bluedart,Chennai,2025-03-21,2025-03-26,Returned,6
5315,5315,DTDC,Amritsar,2026-02-19,2026-02-26,Delivered Late,5
5316,5316,Ekart Logistics,Patna,2025-04-18,,In Transit,2
5317,5317,Ekart Logistics,Chennai,2026-03-07,2026-03-11,Delivered,4
5318,5318,Xpressbees,Ahmedabad,2026-01-15,2026-01-21,Delivered Late,5
5319,5319,Ecom Express,Kochi,,,Not Shipped,7
5320,5320,Ekart Logistics,Lucknow,2025-06-21,2025-06-23,Delivered,2
5321,5321,DTDC,Kolkata,2025-07-27,2025-08-01,Delivered Late,4
5322,5322,Ekart Logistics,Vadodara,2024-06-21,2024-06-26,Delivered,5
5323,5323,DTDC,Ranchi,2025-09-23,2025-09-25,Delivered,3
5324,5324,Delhivery,Bhopal,,,Processing,2
5325,5325,Xpressbees,Delhi,2025-10-24,2025-10-28,Delivered Late,3
5326,5326,Ecom Express,Amritsar,2024-04-18,2024-04-23,Delivered,6
5327,5327,Xpressbees,Kanpur,2026-02-10,2026-02-15,Delivered Late,4
5328,5328,Ekart Logistics,Indore,2025-06-28,2025-07-01,Delivered,4
5329,5329,Ecom Express,Bhopal,2025-09-15,2025-09-20,Delivered,6
5330,5330,Delhivery,Indore,2025-02-28,2025-03-06,Delivered,7
5331,5331,Bluedart,Jaipur,2026-01-10,2026-01-16,Returned,4
5332,5332,Xpressbees,Mysuru,2025-05-02,2025-05-05,Delivered,4
5333,5333,Delhivery,Jaipur,2025-10-27,2025-11-03,Delivered,7
5334,5334,Xpressbees,Delhi,2025-06-04,2025-06-12,Delivered Late,7
5335,5335,Ecom Express,Kanpur,2025-11-11,2025-11-14,Delivered,4
5336,5336,DTDC,Coimbatore,2026-06-19,2026-06-21,Delivered,3
5337,5337,DTDC,Delhi,2025-09-16,2025-09-18,Delivered,2
5338,5338,Bluedart,Ahmedabad,2025-07-10,,In Transit,7
5339,5339,Ecom Express,Patna,2025-12-07,2025-12-11,Delivered,5
5340,5340,Ekart Logistics,Nagpur,2025-11-04,2025-11-07,Delivered Late,2
5341,5341,Xpressbees,Surat,2024-12-01,2024-12-08,Delivered Late,5
5342,5342,Bluedart,Mumbai,2026-04-24,2026-04-27,Delivered,3
5343,5343,Bluedart,Bengaluru,2026-05-06,2026-05-10,Delivered Late,2
5344,5344,Ekart Logistics,Ahmedabad,2024-10-24,2024-10-28,Delivered,5
5345,5345,DTDC,Ahmedabad,2026-01-25,2026-01-27,Delivered,2
5346,5346,Xpressbees,Guwahati,2025-10-25,2025-10-30,Delivered,5
5347,5347,Delhivery,Jaipur,2026-06-05,2026-06-07,Delivered,2
5348,5348,Ekart Logistics,Bhubaneswar,2026-06-22,2026-06-27,Delivered,5
5349,5349,Xpressbees,Amritsar,2025-08-28,2025-08-30,Returned,3
5350,5350,DTDC,Kochi,2025-08-31,2025-09-06,Delivered,7
5351,5351,Delhivery,Hyderabad,2025-10-10,2025-10-15,Delivered Late,4
5352,5352,Ecom Express,Bengaluru,2026-03-17,2026-03-21,Delivered Late,3
5353,5353,Ekart Logistics,Bhopal,2025-06-02,2025-06-09,Delivered,7
5354,5354,Ekart Logistics,Nashik,,,Not Shipped,4
5355,5355,Ecom Express,Kolkata,2026-02-09,2026-02-16,Delivered,7
5356,5356,Delhivery,Kolkata,2024-12-15,2024-12-19,Delivered,4
5357,5357,Ecom Express,Nashik,2024-04-07,2024-04-14,Delivered Late,5
5358,5358,Delhivery,Ahmedabad,2026-01-09,2026-01-17,Delivered Late,6
5359,5359,DTDC,Kanpur,2025-04-13,2025-04-20,Delivered,7
5360,5360,Xpressbees,Indore,2024-11-05,2024-11-11,Returned,7
5361,5361,DTDC,Amritsar,2024-07-28,2024-07-31,Returned,4
5362,5362,Bluedart,Indore,2026-01-17,2026-01-26,Returned,6
5363,5363,Delhivery,Hyderabad,2025-08-12,2025-08-18,Delivered,7
5364,5364,Bluedart,Patna,2025-11-27,2025-12-01,Delivered,5
5365,5365,Ecom Express,Ahmedabad,2025-11-27,,In Transit,3
5366,5366,Xpressbees,Amritsar,2026-02-05,2026-02-08,Returned,3
5367,5367,Xpressbees,Delhi,2026-03-27,2026-03-29,Delivered,2
5368,5368,Delhivery,Chandigarh,2025-07-14,2025-07-20,Delivered Late,6
5369,5369,Ekart Logistics,Nagpur,2026-02-08,2026-02-14,Returned,4
5370,5370,Ecom Express,Hyderabad,,,Not Shipped,6
5371,5371,Xpressbees,Bengaluru,2024-09-23,2024-09-30,Delivered,7
5372,5372,DTDC,Delhi,2026-05-10,2026-05-13,Delivered,3
5373,5373,Ekart Logistics,Pune,2026-01-21,,In Transit,3
5374,5374,Bluedart,Coimbatore,2025-07-05,2025-07-08,Delivered Late,3
5375,5375,Delhivery,Pune,2025-08-20,2025-08-27,Delivered,7
5376,5376,Ecom Express,Bhubaneswar,2026-06-02,2026-06-07,Delivered,6
5377,5377,Bluedart,Jaipur,2025-08-28,2025-09-02,Delivered,6
5378,5378,Xpressbees,Thiruvananthapuram,2026-03-09,,In Transit,6
5379,5379,Ecom Express,Mumbai,2025-03-06,2025-03-12,Delivered,6
5380,5380,Delhivery,Jaipur,2025-08-10,2025-08-17,Delivered Late,6
5381,5381,DTDC,Delhi,2024-11-12,2024-11-13,Delivered,2
5382,5382,Ecom Express,Hyderabad,2025-01-04,2025-01-11,Delivered,7
5383,5383,DTDC,Chandigarh,,,Not Shipped,3
5384,5384,Ecom Express,Bhubaneswar,2024-02-07,2024-02-13,Delivered Late,4
5385,5385,Xpressbees,Kochi,2026-03-26,2026-03-30,Delivered,5
5386,5386,Ekart Logistics,Mumbai,2026-05-19,2026-05-24,Delivered Late,4
5387,5387,Ekart Logistics,Ranchi,2025-12-07,2025-12-11,Delivered,5
5388,5388,Ecom Express,Nashik,,,Not Shipped,6
5389,5389,Bluedart,Amritsar,,,Processing,6
5390,5390,Bluedart,Chennai,,,Not Shipped,2
5391,5391,Ekart Logistics,Bengaluru,2025-03-15,2025-03-19,Delivered Late,3
5392,5392,Xpressbees,Lucknow,2026-03-23,2026-03-28,Delivered Late,5
5393,5393,Xpressbees,Patna,2025-01-15,2025-01-18,Delivered,3
5394,5394,Bluedart,Surat,2026-04-30,,In Transit,7
5395,5395,Bluedart,Hyderabad,2026-03-08,2026-03-13,Delivered,5
5396,5396,Xpressbees,Jaipur,2026-02-22,2026-02-26,Returned,4
5397,5397,Xpressbees,Surat,2024-11-12,2024-11-16,Delivered Late,2
5398,5398,Delhivery,Pune,2024-12-03,,In Transit,7
5399,5399,DTDC,Delhi,2025-10-26,2025-10-29,Delivered Late,3
5400,5400,Ecom Express,Vadodara,2025-03-31,2025-04-05,Delivered,5
5401,5401,Xpressbees,Jaipur,2026-05-16,2026-05-25,Delivered Late,6
5402,5402,Delhivery,Kochi,,,Not Shipped,7
5403,5403,Ekart Logistics,Chennai,2024-10-19,2024-10-26,Delivered Late,6
5404,5404,Bluedart,Kolkata,2025-01-17,2025-01-19,Delivered Late,2
5405,5405,Xpressbees,Ahmedabad,2026-03-20,2026-03-26,Delivered Late,4
5406,5406,Xpressbees,Ahmedabad,2026-02-04,2026-02-06,Delivered,3
5407,5407,Ekart Logistics,Bhopal,2025-04-23,2025-04-29,Delivered,6
5408,5408,Delhivery,Chennai,2025-03-20,2025-03-24,Delivered,4
5409,5409,DTDC,Ranchi,2025-05-02,2025-05-05,Delivered Late,2
5410,5410,DTDC,Vadodara,2026-04-07,,In Transit,2
5411,5411,Ekart Logistics,Thiruvananthapuram,2024-10-07,2024-10-11,Delivered Late,3
5412,5412,Xpressbees,Nagpur,2025-04-03,2025-04-11,Delivered Late,7
5413,5413,Delhivery,Amritsar,2025-11-05,2025-11-10,Delivered,5
5414,5414,Bluedart,Nashik,2024-09-16,2024-09-22,Delivered,7
5415,5415,Delhivery,Indore,2025-02-17,2025-02-19,Delivered,3
5416,5416,Ecom Express,Kanpur,2026-03-28,2026-04-02,Delivered,6
5417,5417,Ecom Express,Bhubaneswar,2025-09-22,2025-09-25,Delivered Late,2
5418,5418,Bluedart,Ahmedabad,2025-07-09,2025-07-17,Delivered Late,7
5419,5419,Ecom Express,Nashik,2026-03-14,2026-03-19,Delivered Late,4
5420,5420,Xpressbees,Thiruvananthapuram,2026-07-14,2026-07-21,Delivered Late,5
5421,5421,Ecom Express,Hyderabad,2026-03-23,2026-03-27,Delivered Late,3
5422,5422,Xpressbees,Kochi,2025-08-05,2025-08-11,Delivered,7
5423,5423,Delhivery,Bhubaneswar,2026-04-21,2026-04-26,Delivered Late,3
5424,5424,Ecom Express,Jaipur,2025-08-12,2025-08-19,Delivered Late,6
5425,5425,Ecom Express,Nagpur,2025-09-29,2025-10-04,Delivered,6
5426,5426,Bluedart,Chandigarh,2025-05-23,2025-05-27,Delivered Late,2
5427,5427,Bluedart,Kolkata,2025-08-26,,In Transit,7
5428,5428,Delhivery,Ahmedabad,2026-01-30,2026-02-02,Delivered,4
5429,5429,DTDC,Bhopal,,,Not Shipped,6
5430,5430,Xpressbees,Chennai,,,Processing,3
5431,5431,Ecom Express,Lucknow,2024-05-23,2024-05-29,Delivered,7
5432,5432,DTDC,Kochi,2025-09-28,2025-10-06,Delivered Late,6
5433,5433,Bluedart,Kolkata,2026-02-20,2026-02-25,Returned,4
5434,5434,Delhivery,Kolkata,2025-12-21,2025-12-24,Delivered,3
5435,5435,DTDC,Coimbatore,2026-04-24,2026-04-26,Delivered,2
5436,5436,DTDC,Vadodara,,,Processing,4
5437,5437,Bluedart,Hyderabad,2026-03-22,2026-03-25,Returned,4
5438,5438,Xpressbees,Guwahati,2026-08-15,2026-08-17,Returned,2
5439,5439,DTDC,Chandigarh,2025-07-24,2025-07-29,Delivered Late,3
5440,5440,DTDC,Bhubaneswar,2025-04-20,2025-04-23,Delivered Late,2
5441,5441,Xpressbees,Ahmedabad,2026-02-06,2026-02-14,Returned,7
5442,5442,Bluedart,Pune,2025-09-12,2025-09-21,Delivered Late,6
5443,5443,Xpressbees,Pune,2025-06-04,2025-06-09,Delivered Late,3
5444,5444,Ecom Express,Nashik,2025-08-30,2025-09-02,Delivered,3
5445,5445,Ecom Express,Ahmedabad,2026-01-12,2026-01-17,Delivered,6
5446,5446,Delhivery,Coimbatore,2025-01-20,2025-01-25,Delivered,6
5447,5447,Delhivery,Chandigarh,2025-10-15,2025-10-22,Delivered Late,6
5448,5448,Bluedart,Mysuru,2025-11-30,2025-12-03,Delivered Late,2
5449,5449,Ecom Express,Ahmedabad,2026-03-27,2026-03-31,Delivered,4
5450,5450,Ecom Express,Amritsar,2024-12-27,2024-12-30,Delivered,3
5451,5451,Ecom Express,Vadodara,,,Processing,6
5452,5452,Ecom Express,Patna,2025-11-30,2025-12-05,Delivered,6
5453,5453,Ekart Logistics,Thiruvananthapuram,2025-12-20,2025-12-22,Delivered,2
5454,5454,Ekart Logistics,Bhubaneswar,2025-08-29,2025-08-31,Delivered Late,2
5455,5455,DTDC,Guwahati,2025-12-16,2025-12-18,Delivered,3
5456,5456,Xpressbees,Vadodara,2026-04-02,2026-04-07,Delivered,5
5457,5457,Ecom Express,Kochi,2026-08-17,2026-08-21,Delivered,4
5458,5458,DTDC,Ranchi,2024-06-18,2024-06-22,Delivered,4
5459,5459,Bluedart,Thiruvananthapuram,2025-04-03,2025-04-08,Delivered,5
5460,5460,Ecom Express,Chennai,2026-06-15,2026-06-23,Delivered Late,5
5461,5461,DTDC,Bhopal,,,Not Shipped,6
5462,5462,DTDC,Mumbai,2025-01-13,2025-01-15,Delivered,3
5463,5463,Bluedart,Mumbai,2025-06-08,2025-06-11,Delivered,4
5464,5464,Xpressbees,Delhi,2025-10-24,2025-10-27,Delivered,3
5465,5465,Delhivery,Bhopal,2024-12-10,2024-12-18,Delivered Late,5
5466,5466,Delhivery,Pune,2025-11-23,2025-11-28,Delivered,5
5467,5467,Bluedart,Kanpur,2025-04-20,2025-04-27,Delivered Late,7
5468,5468,DTDC,Bhubaneswar,,,Not Shipped,3
5469,5469,Bluedart,Guwahati,2024-08-02,2024-08-08,Delivered Late,5
5470,5470,Xpressbees,Lucknow,2026-04-18,2026-04-20,Delivered,3
5471,5471,Xpressbees,Guwahati,2026-03-01,2026-03-08,Delivered Late,4
5472,5472,Ekart Logistics,Hyderabad,2025-12-07,2025-12-09,Delivered,2
5473,5473,DTDC,Chandigarh,2025-08-18,2025-08-25,Delivered Late,6
5474,5474,Bluedart,Delhi,2026-08-18,2026-08-24,Delivered Late,6
5475,5475,Delhivery,Bengaluru,2025-05-25,2025-05-27,Delivered,2
5476,5476,DTDC,Lucknow,2026-05-27,2026-05-29,Delivered Late,2
5477,5477,Bluedart,Amritsar,2026-01-13,2026-01-18,Delivered,6
5478,5478,Xpressbees,Delhi,2026-02-24,2026-03-03,Delivered,7
5479,5479,Bluedart,Chennai,2024-12-31,2025-01-06,Delivered Late,4
5480,5480,Ekart Logistics,Bengaluru,2026-02-12,2026-02-15,Delivered Late,2
5481,5481,Delhivery,Bhopal,2025-12-30,2026-01-09,Delivered Late,7
5482,5482,Bluedart,Guwahati,2024-11-16,2024-11-17,Delivered,2
5483,5483,DTDC,Mysuru,2026-08-14,2026-08-21,Delivered,7
5484,5484,Xpressbees,Amritsar,2026-05-30,2026-06-02,Delivered,4
5485,5485,DTDC,Delhi,2025-04-16,2025-04-20,Delivered Late,4
5486,5486,Bluedart,Bhopal,2026-03-21,2026-03-23,Delivered,2
5487,5487,Ekart Logistics,Chandigarh,2025-02-23,2025-02-27,Delivered,5
5488,5488,Bluedart,Pune,2023-12-14,2023-12-22,Returned,7
5489,5489,Xpressbees,Kolkata,2026-03-21,2026-03-22,Delivered,2
5490,5490,Ecom Express,Bhopal,2025-04-24,2025-04-30,Delivered,6
5491,5491,Bluedart,Chandigarh,2026-08-01,2026-08-08,Delivered,7
5492,5492,DTDC,Patna,2025-10-16,2025-10-24,Delivered Late,6
5493,5493,Xpressbees,Surat,2026-05-29,2026-06-03,Delivered,6
5494,5494,Xpressbees,Delhi,2026-03-06,2026-03-11,Delivered Late,4
5495,5495,Xpressbees,Nagpur,2025-02-15,2025-02-21,Delivered Late,4
5496,5496,Ecom Express,Indore,2026-04-06,2026-04-12,Delivered Late,4
5497,5497,Ecom Express,Vadodara,2025-10-29,2025-11-03,Delivered,5
5498,5498,Xpressbees,Delhi,2025-12-01,2025-12-04,Delivered,3
5499,5499,DTDC,Lucknow,2025-03-11,2025-03-17,Delivered,6
5500,5500,Ekart Logistics,Delhi,2025-07-30,2025-08-03,Delivered,5
5501,5501,Ecom Express,Mysuru,2026-06-11,2026-06-18,Delivered Late,6
5502,5502,Ekart Logistics,Patna,2025-12-10,2025-12-18,Delivered Late,7
5503,5503,Delhivery,Pune,2026-05-20,2026-05-25,Delivered Late,4
5504,5504,Ekart Logistics,Kochi,,,Processing,4
5505,5505,Ecom Express,Chandigarh,2025-07-15,2025-07-19,Delivered,5
5506,5506,DTDC,Lucknow,2026-03-01,2026-03-09,Delivered Late,6
5507,5507,Delhivery,Hyderabad,2024-09-22,2024-09-24,Delivered,2
5508,5508,Xpressbees,Nashik,,,Not Shipped,4
5509,5509,Ecom Express,Kanpur,2026-04-12,2026-04-16,Returned,5
5510,5510,Delhivery,Nagpur,2026-05-19,2026-05-22,Delivered,3
5511,5511,Delhivery,Guwahati,2025-11-17,2025-11-26,Delivered Late,7
5512,5512,DTDC,Kanpur,,,Not Shipped,5
5513,5513,DTDC,Thiruvananthapuram,2025-06-30,2025-07-06,Delivered,6
5514,5514,Delhivery,Hyderabad,2026-06-23,2026-06-27,Delivered,4
5515,5515,Bluedart,Vadodara,2024-07-28,2024-08-03,Delivered,7
5516,5516,Xpressbees,Hyderabad,,,Processing,3
5517,5517,Ekart Logistics,Pune,2026-03-22,2026-03-28,Returned,3
5518,5518,Delhivery,Lucknow,2025-11-09,2025-11-11,Delivered,3
5519,5519,DTDC,Coimbatore,2025-07-21,2025-07-25,Delivered,5
5520,5520,DTDC,Pune,2026-04-16,2026-04-22,Delivered,6
5521,5521,Ekart Logistics,Kanpur,2026-01-22,2026-01-24,Delivered,2
5522,5522,DTDC,Kochi,,,Not Shipped,7
5523,5523,Delhivery,Bhubaneswar,,,Not Shipped,3
5524,5524,Ecom Express,Kanpur,2025-02-06,2025-02-10,Delivered,5
5525,5525,Ekart Logistics,Kolkata,2024-08-20,2024-08-22,Delivered,2
5526,5526,DTDC,Ranchi,2026-05-07,2026-05-13,Returned,6
5527,5527,Ekart Logistics,Mysuru,2026-04-04,2026-04-06,Delivered,2
5528,5528,Ekart Logistics,Bhubaneswar,2026-01-15,2026-01-19,Delivered,4
5529,5529,Ekart Logistics,Guwahati,2026-02-19,2026-02-23,Delivered Late,3
5530,5530,Bluedart,Kolkata,2026-04-01,2026-04-06,Delivered Late,3
5531,5531,Delhivery,Lucknow,2025-05-27,2025-05-29,Delivered,3
5532,5532,Xpressbees,Nashik,2024-07-11,2024-07-13,Delivered,2
5533,5533,Ecom Express,Lucknow,2026-04-10,2026-04-14,Delivered,5
5534,5534,Xpressbees,Chennai,2023-09-16,2023-09-23,Delivered,7
5535,5535,Ecom Express,Thiruvananthapuram,2024-09-08,2024-09-12,Delivered Late,4
5536,5536,Bluedart,Ranchi,2026-02-23,2026-02-28,Delivered,6
5537,5537,Delhivery,Surat,2025-11-24,2025-11-25,Delivered,2
5538,5538,Ecom Express,Kanpur,2026-03-28,2026-04-03,Delivered Late,4
5539,5539,Delhivery,Indore,2025-07-04,2025-07-11,Returned,5
5540,5540,Bluedart,Guwahati,2025-08-27,2025-08-31,Returned,3
5541,5541,Ekart Logistics,Hyderabad,2026-04-21,2026-04-27,Delivered,6
5542,5542,Ecom Express,Mumbai,2025-03-15,2025-03-21,Returned,6
5543,5543,Delhivery,Bhubaneswar,2026-04-23,2026-04-28,Delivered Late,4
5544,5544,Delhivery,Ahmedabad,2026-06-01,2026-06-09,Delivered Late,7
5545,5545,Ekart Logistics,Jaipur,,,Processing,7
5546,5546,DTDC,Ranchi,2025-12-12,,In Transit,7
5547,5547,Ekart Logistics,Delhi,,,Processing,6
5548,5548,Ecom Express,Nashik,2025-07-11,2025-07-14,Delivered Late,2
5549,5549,Ekart Logistics,Lucknow,2025-01-26,2025-02-01,Delivered,7
5550,5550,DTDC,Vadodara,2026-07-23,2026-07-30,Delivered Late,5
5551,5551,Delhivery,Nashik,2026-04-03,2026-04-07,Delivered,5
5552,5552,Ekart Logistics,Delhi,2025-02-12,2025-02-15,Delivered,3
5553,5553,Bluedart,Surat,2025-05-01,2025-05-07,Delivered Late,6
5554,5554,Ekart Logistics,Coimbatore,2025-08-06,,In Transit,4
5555,5555,Delhivery,Jaipur,2025-08-15,2025-08-19,Delivered Late,3
5556,5556,Ekart Logistics,Kochi,2025-11-05,2025-11-11,Delivered,7
5557,5557,Ecom Express,Kanpur,2025-04-08,2025-04-14,Delivered Late,5
5558,5558,Ekart Logistics,Ahmedabad,2026-04-18,2026-04-26,Delivered Late,6
5559,5559,Delhivery,Mumbai,2026-01-22,,In Transit,7
5560,5560,Delhivery,Guwahati,2026-04-27,2026-05-04,Delivered,7
5561,5561,Ecom Express,Thiruvananthapuram,2025-11-12,2025-11-15,Delivered,4
5562,5562,Bluedart,Surat,2026-07-26,2026-08-02,Delivered,7
5563,5563,Ekart Logistics,Nagpur,2024-10-03,2024-10-07,Delivered,4
5564,5564,DTDC,Indore,2026-06-22,2026-06-27,Delivered Late,4
5565,5565,DTDC,Delhi,2026-03-10,2026-03-16,Delivered Late,5
5566,5566,Ekart Logistics,Bengaluru,2026-01-09,2026-01-15,Delivered,7
5567,5567,Ecom Express,Guwahati,2025-07-23,2025-07-27,Returned,2
5568,5568,Ekart Logistics,Mumbai,2026-07-03,2026-07-11,Delivered Late,7
5569,5569,Delhivery,Ranchi,2025-07-30,2025-08-06,Delivered,7
5570,5570,Bluedart,Amritsar,2026-08-01,2026-08-05,Delivered,4
5571,5571,Ekart Logistics,Hyderabad,,,Not Shipped,3
5572,5572,Xpressbees,Kochi,2025-05-08,2025-05-13,Delivered,6
5573,5573,DTDC,Kochi,2026-03-15,2026-03-17,Delivered Late,2
5574,5574,DTDC,Amritsar,2026-03-30,2026-04-03,Delivered,4
5575,5575,Bluedart,Nagpur,2024-07-21,2024-07-30,Delivered Late,6
5576,5576,Bluedart,Nagpur,2026-03-17,2026-03-24,Delivered,7
5577,5577,Ekart Logistics,Thiruvananthapuram,2026-05-23,2026-05-25,Delivered,2
5578,5578,Bluedart,Hyderabad,2024-05-13,2024-05-18,Delivered Late,5
5579,5579,Xpressbees,Surat,2025-06-06,2025-06-12,Delivered,7
5580,5580,Ekart Logistics,Indore,2025-11-30,2025-12-07,Delivered Late,7
5581,5581,Ecom Express,Nashik,2026-01-22,2026-01-29,Delivered,7
5582,5582,Delhivery,Bhopal,2026-01-21,2026-01-23,Delivered,3
5583,5583,Ecom Express,Mumbai,2026-03-17,2026-03-22,Delivered Late,3
5584,5584,Delhivery,Vadodara,2026-07-30,2026-08-06,Delivered,7
5585,5585,Bluedart,Surat,,,Not Shipped,4
5586,5586,Ekart Logistics,Bengaluru,2026-06-30,2026-07-04,Delivered,5
5587,5587,Bluedart,Indore,2026-02-21,2026-03-01,Delivered Late,7
5588,5588,Bluedart,Pune,2026-03-02,,In Transit,7
5589,5589,Delhivery,Surat,2025-10-16,2025-10-21,Returned,5
5590,5590,Xpressbees,Mysuru,2025-11-21,2025-11-25,Delivered Late,4
5591,5591,DTDC,Mumbai,2026-07-21,2026-07-28,Delivered,7
5592,5592,DTDC,Kolkata,2025-11-12,2025-11-15,Delivered,4
5593,5593,Ecom Express,Surat,,,Processing,2
5594,5594,Ekart Logistics,Indore,2026-01-17,2026-01-18,Delivered,2
5595,5595,Xpressbees,Hyderabad,2026-03-11,2026-03-16,Delivered,6
5596,5596,DTDC,Hyderabad,2026-03-28,2026-04-01,Delivered,4
5597,5597,DTDC,Coimbatore,2025-06-22,2025-06-27,Delivered Late,2
5598,5598,DTDC,Thiruvananthapuram,2026-01-07,2026-01-10,Delivered,4
5599,5599,Delhivery,Bengaluru,2024-08-16,2024-08-23,Delivered Late,7
5600,5600,DTDC,Bhopal,2026-01-03,2026-01-10,Delivered Late,6
5601,5601,Ekart Logistics,Thiruvananthapuram,2025-05-21,,In Transit,3
5602,5602,Delhivery,Bengaluru,2025-03-23,2025-03-27,Delivered,5
5603,5603,Ekart Logistics,Bhopal,2026-06-30,2026-07-02,Delivered,3
5604,5604,Ekart Logistics,Kochi,2025-11-20,2025-11-26,Delivered,7
5605,5605,DTDC,Coimbatore,2026-02-15,2026-02-21,Delivered,7
5606,5606,Bluedart,Nagpur,2025-08-02,2025-08-04,Delivered,2
5607,5607,Xpressbees,Guwahati,2024-04-09,2024-04-11,Delivered,3
5608,5608,Xpressbees,Mysuru,,,Not Shipped,5
5609,5609,DTDC,Coimbatore,2025-04-27,2025-05-03,Delivered Late,6
5610,5610,Xpressbees,Kanpur,2026-02-26,2026-03-02,Returned,5
5611,5611,Delhivery,Mysuru,2025-08-31,2025-09-02,Delivered,3
5612,5612,Bluedart,Lucknow,2026-02-24,2026-03-03,Delivered Late,6
5613,5613,Ekart Logistics,Guwahati,2025-07-17,2025-07-24,Delivered,7
5614,5614,Ekart Logistics,Hyderabad,2025-03-20,2025-03-27,Delivered,7
5615,5615,Xpressbees,Kolkata,,,Not Shipped,7
5616,5616,Delhivery,Kolkata,2026-03-09,2026-03-12,Delivered,3
5617,5617,Ecom Express,Amritsar,2026-06-14,2026-06-17,Delivered Late,3
5618,5618,Ecom Express,Bhubaneswar,2025-07-16,2025-07-22,Returned,4
5619,5619,Ekart Logistics,Nashik,2026-01-01,2026-01-03,Delivered,2
5620,5620,Xpressbees,Lucknow,2025-03-03,2025-03-07,Delivered,4
5621,5621,Xpressbees,Surat,,,Processing,3
5622,5622,Ecom Express,Chandigarh,2025-09-20,2025-09-24,Delivered Late,4
5623,5623,Bluedart,Jaipur,2025-02-15,2025-02-20,Delivered Late,3
5624,5624,Delhivery,Bhubaneswar,2025-06-17,2025-06-23,Delivered Late,5
5625,5625,Ecom Express,Indore,2025-07-26,2025-08-01,Delivered,6
5626,5626,Delhivery,Chandigarh,2026-03-10,2026-03-18,Delivered Late,7
5627,5627,Ekart Logistics,Vadodara,2025-08-15,2025-08-21,Returned,6
5628,5628,DTDC,Mumbai,,,Not Shipped,4
5629,5629,Delhivery,Ahmedabad,2026-02-13,2026-02-17,Delivered Late,2
5630,5630,Delhivery,Vadodara,2024-06-19,2024-06-26,Delivered,7
5631,5631,Ekart Logistics,Bhopal,2026-04-11,2026-04-15,Delivered,4
5632,5632,Delhivery,Bengaluru,2024-12-07,2024-12-13,Delivered Late,3
5633,5633,Ekart Logistics,Lucknow,2025-05-03,2025-05-10,Delivered Late,7
5634,5634,Bluedart,Nashik,2025-11-16,2025-11-19,Delivered,3
5635,5635,Bluedart,Kochi,2026-03-23,2026-03-28,Delivered,5
5636,5636,Delhivery,Mumbai,,,Processing,4
5637,5637,Ekart Logistics,Nagpur,2026-06-14,2026-06-17,Delivered,3
5638,5638,Xpressbees,Mysuru,2025-10-24,2025-10-26,Delivered,3
5639,5639,Delhivery,Indore,2025-08-17,2025-08-23,Returned,7
5640,5640,Xpressbees,Guwahati,2026-03-17,2026-03-19,Delivered,3
5641,5641,Delhivery,Chandigarh,2026-02-25,2026-03-01,Returned,4
5642,5642,Xpressbees,Delhi,,,Processing,2
5643,5643,Ekart Logistics,Hyderabad,2024-09-16,2024-09-18,Delivered,3
5644,5644,Bluedart,Bengaluru,,,Processing,6
5645,5645,Ecom Express,Bhubaneswar,2024-12-31,2025-01-02,Delivered,2
5646,5646,Xpressbees,Bhubaneswar,2026-07-15,2026-07-21,Delivered,6
5647,5647,Ecom Express,Kanpur,2025-11-20,2025-11-22,Delivered,3
5648,5648,DTDC,Bengaluru,2026-05-31,2026-06-06,Delivered,6
5649,5649,Ekart Logistics,Nagpur,2026-02-05,2026-02-08,Returned,2
5650,5650,Ekart Logistics,Chandigarh,2026-08-10,2026-08-16,Delivered Late,5
5651,5651,Ecom Express,Kolkata,2026-01-13,2026-01-14,Returned,2
5652,5652,Bluedart,Amritsar,2025-10-30,2025-11-01,Delivered,2
5653,5653,Ecom Express,Mumbai,2024-11-11,2024-11-12,Delivered,2
5654,5654,DTDC,Ahmedabad,2025-10-30,2025-11-02,Delivered,3
5655,5655,Ekart Logistics,Coimbatore,,,Processing,6
5656,5656,Ekart Logistics,Surat,2025-10-23,2025-10-29,Delivered Late,5
5657,5657,Bluedart,Vadodara,2026-05-02,2026-05-08,Delivered,6
5658,5658,DTDC,Bhopal,2024-12-26,2024-12-28,Delivered,2
5659,5659,Ekart Logistics,Ahmedabad,2026-06-19,2026-06-21,Delivered,2
5660,5660,Ecom Express,Nashik,2026-01-03,2026-01-07,Delivered,5
5661,5661,Bluedart,Vadodara,2025-03-17,2025-03-23,Delivered,6
5662,5662,Xpressbees,Surat,2026-05-10,2026-05-15,Delivered Late,4
5663,5663,Delhivery,Chennai,2025-12-23,2025-12-27,Delivered,5
5664,5664,Delhivery,Ranchi,2026-03-31,2026-04-03,Delivered,4
5665,5665,Xpressbees,Kanpur,2024-10-27,2024-10-31,Delivered,5
5666,5666,Ecom Express,Ranchi,2025-12-28,2025-12-31,Delivered,3
5667,5667,Xpressbees,Vadodara,2025-11-04,2025-11-08,Delivered Late,4
5668,5668,Xpressbees,Bengaluru,2025-11-25,,In Transit,4
5669,5669,Ekart Logistics,Hyderabad,2024-06-04,2024-06-08,Delivered,4
5670,5670,Ekart Logistics,Kochi,2025-11-25,2025-11-27,Delivered,3
5671,5671,Delhivery,Bhubaneswar,2024-11-28,2024-11-30,Returned,3
5672,5672,Ecom Express,Mumbai,2026-05-09,2026-05-14,Returned,2
5673,5673,Ekart Logistics,Ranchi,2025-08-07,2025-08-13,Delivered,7
5674,5674,Ekart Logistics,Thiruvananthapuram,,,Not Shipped,7
5675,5675,Delhivery,Bhubaneswar,2026-03-06,2026-03-13,Delivered,7
5676,5676,Ekart Logistics,Vadodara,2026-07-22,2026-07-29,Delivered Late,5
5677,5677,DTDC,Vadodara,2026-03-16,2026-03-19,Delivered Late,2
5678,5678,DTDC,Bengaluru,,,Not Shipped,3
5679,5679,Ekart Logistics,Indore,2024-07-23,2024-07-28,Delivered,6
5680,5680,Ecom Express,Patna,,,Not Shipped,3
5681,5681,Ecom Express,Guwahati,2025-01-21,2025-01-25,Delivered Late,3
5682,5682,DTDC,Patna,2025-08-14,,In Transit,2
5683,5683,DTDC,Delhi,2026-04-17,2026-04-22,Delivered,5
5684,5684,DTDC,Hyderabad,2026-03-17,2026-03-20,Delivered,3
5685,5685,Delhivery,Ranchi,2025-12-22,2025-12-26,Delivered,5
5686,5686,Xpressbees,Indore,2025-05-01,2025-05-07,Delivered,7
5687,5687,DTDC,Chandigarh,2026-02-04,2026-02-08,Delivered Late,3
5688,5688,Delhivery,Jaipur,2023-12-08,2023-12-11,Delivered,4
5689,5689,Xpressbees,Bhopal,2026-04-13,2026-04-17,Delivered,4
5690,5690,Delhivery,Patna,2024-06-23,2024-06-27,Delivered,4
5691,5691,Ekart Logistics,Nashik,2026-02-02,2026-02-08,Returned,7
5692,5692,Xpressbees,Lucknow,2026-01-17,2026-01-18,Delivered,2
5693,5693,Ekart Logistics,Ranchi,2024-10-21,,In Transit,5
5694,5694,Ekart Logistics,Bhubaneswar,2025-05-17,2025-05-23,Delivered,6
5695,5695,Ekart Logistics,Pune,2026-01-10,2026-01-14,Delivered,5
5696,5696,Ekart Logistics,Chandigarh,2025-07-23,2025-07-28,Returned,6
5697,5697,Bluedart,Lucknow,2025-12-17,2025-12-21,Delivered Late,3
5698,5698,Delhivery,Chandigarh,2024-12-07,,In Transit,7
5699,5699,Bluedart,Nashik,2026-02-08,2026-02-14,Delivered,7
5700,5700,Ekart Logistics,Chennai,2026-02-02,2026-02-07,Delivered Late,4
5701,5701,Ekart Logistics,Nashik,2025-01-14,,In Transit,3
5702,5702,DTDC,Pune,2026-02-11,2026-02-16,Delivered,6
5703,5703,Ekart Logistics,Surat,2026-07-28,2026-08-04,Delivered,7
5704,5704,Bluedart,Bhubaneswar,2026-06-12,2026-06-16,Delivered,4
5705,5705,DTDC,Chandigarh,2024-05-16,2024-05-17,Delivered,2
5706,5706,Ekart Logistics,Bengaluru,2024-12-28,2024-12-30,Delivered,2
5707,5707,Delhivery,Coimbatore,2026-03-20,2026-03-26,Delivered Late,3
5708,5708,Delhivery,Patna,2026-03-10,2026-03-12,Delivered,3
5709,5709,Bluedart,Kolkata,2025-05-14,2025-05-21,Delivered Late,6
5710,5710,Ekart Logistics,Kanpur,2024-01-03,2024-01-07,Delivered,5
5711,5711,Delhivery,Pune,2024-04-29,2024-05-03,Delivered Late,2
5712,5712,Xpressbees,Bhopal,2025-08-23,2025-09-02,Returned,7
5713,5713,Bluedart,Kanpur,2026-03-28,2026-03-30,Delivered,2
5714,5714,Xpressbees,Kochi,,,Not Shipped,2
5715,5715,Delhivery,Mysuru,2026-05-03,2026-05-09,Delivered,7
5716,5716,Ekart Logistics,Ahmedabad,2026-05-22,2026-05-24,Delivered,2
5717,5717,Delhivery,Kanpur,2026-03-27,2026-04-04,Delivered Late,7
5718,5718,DTDC,Guwahati,2026-05-18,2026-05-26,Delivered Late,6
5719,5719,DTDC,Kanpur,2026-06-30,2026-07-04,Delivered,5
5720,5720,Bluedart,Chennai,2026-04-02,2026-04-03,Delivered,2
5721,5721,Xpressbees,Delhi,2025-11-13,2025-11-21,Delivered Late,6
5722,5722,Xpressbees,Nagpur,2026-05-29,2026-05-31,Delivered Late,2
5723,5723,Ecom Express,Chennai,2026-03-03,2026-03-06,Delivered,3
5724,5724,Bluedart,Thiruvananthapuram,2024-12-22,2024-12-24,Delivered,2
5725,5725,DTDC,Bhopal,2026-05-20,2026-05-24,Delivered,4
5726,5726,Ekart Logistics,Chennai,2025-05-02,2025-05-10,Delivered Late,7
5727,5727,Ecom Express,Patna,2025-05-12,2025-05-15,Delivered Late,2
5728,5728,Xpressbees,Bhopal,2025-12-20,,In Transit,3
5729,5729,Delhivery,Jaipur,2023-12-29,2024-01-08,Delivered Late,7
5730,5730,Delhivery,Kolkata,2025-04-14,2025-04-21,Delivered Late,6
5731,5731,Ekart Logistics,Ranchi,2026-04-04,2026-04-10,Delivered,6
5732,5732,Ekart Logistics,Guwahati,2024-07-09,2024-07-16,Delivered Late,6
5733,5733,Ekart Logistics,Bhopal,2025-07-22,2025-07-28,Delivered,7
5734,5734,DTDC,Coimbatore,2026-05-27,2026-06-01,Delivered Late,4
5735,5735,Xpressbees,Guwahati,2026-02-04,2026-02-06,Delivered Late,2
5736,5736,DTDC,Pune,2025-11-02,2025-11-10,Delivered Late,6
5737,5737,Ecom Express,Surat,2025-06-07,2025-06-13,Delivered,7
5738,5738,Ekart Logistics,Nashik,2025-01-10,2025-01-16,Delivered,6
5739,5739,Bluedart,Kolkata,2025-11-23,2025-11-30,Delivered Late,7
5740,5740,Delhivery,Nashik,2025-02-12,2025-02-17,Delivered Late,5
5741,5741,Delhivery,Mysuru,2025-12-02,2025-12-07,Delivered Late,5
5742,5742,DTDC,Amritsar,2025-12-10,2025-12-14,Delivered,5
5743,5743,Bluedart,Lucknow,2025-10-25,2025-11-03,Delivered Late,7
5744,5744,Xpressbees,Bhubaneswar,,,Not Shipped,3
5745,5745,Xpressbees,Bengaluru,2025-01-25,,In Transit,5
5746,5746,DTDC,Jaipur,2024-01-24,2024-01-27,Delivered,4
5747,5747,Ekart Logistics,Kanpur,2025-12-17,2025-12-25,Delivered Late,7
5748,5748,Bluedart,Nagpur,2025-06-19,2025-06-22,Delivered,4
5749,5749,Ekart Logistics,Delhi,2025-07-29,2025-08-01,Delivered Late,2
5750,5750,Ekart Logistics,Jaipur,2025-01-09,2025-01-13,Delivered,5
5751,5751,Bluedart,Vadodara,2026-04-10,2026-04-11,Delivered,2
5752,5752,Bluedart,Kochi,2025-05-17,2025-05-18,Delivered,2
5753,5753,Ecom Express,Surat,2026-02-04,2026-02-13,Delivered Late,7
5754,5754,Ekart Logistics,Ranchi,2026-08-04,2026-08-07,Delivered,3
5755,5755,Delhivery,Lucknow,2026-05-24,2026-06-03,Delivered Late,7
5756,5756,Ecom Express,Jaipur,,,Not Shipped,2
5757,5757,Ecom Express,Kolkata,2025-12-19,2025-12-25,Delivered,6
5758,5758,Xpressbees,Lucknow,2025-09-08,2025-09-15,Delivered Late,6
5759,5759,Ekart Logistics,Nagpur,2026-04-22,2026-04-27,Returned,5
5760,5760,Bluedart,Nashik,2026-05-07,2026-05-12,Delivered,5
5761,5761,Delhivery,Jaipur,2024-10-11,2024-10-17,Delivered,7
5762,5762,Bluedart,Indore,2025-04-04,2025-04-07,Delivered Late,2
5763,5763,Delhivery,Bengaluru,2025-08-22,2025-08-26,Delivered Late,3
5764,5764,Delhivery,Bengaluru,2026-05-06,2026-05-09,Delivered,4
5765,5765,DTDC,Ranchi,2026-04-11,2026-04-17,Returned,7
5766,5766,Delhivery,Patna,2025-10-10,2025-10-16,Delivered Late,3
5767,5767,Bluedart,Guwahati,,,Not Shipped,6
5768,5768,Delhivery,Chennai,2025-09-12,2025-09-18,Delivered Late,5
5769,5769,Ekart Logistics,Indore,2026-02-01,2026-02-09,Delivered Late,7
5770,5770,DTDC,Kanpur,2024-08-07,2024-08-11,Returned,2
5771,5771,Ecom Express,Mumbai,2025-06-30,,In Transit,4
5772,5772,Bluedart,Nagpur,2026-03-14,,In Transit,4
5773,5773,Ekart Logistics,Nagpur,2026-03-30,2026-04-02,Delivered Late,2
5774,5774,Xpressbees,Jaipur,2026-02-28,2026-03-02,Delivered Late,2
5775,5775,Ekart Logistics,Mumbai,2025-04-24,,In Transit,7
5776,5776,Bluedart,Nagpur,2025-05-20,2025-05-23,Delivered Late,2
5777,5777,Delhivery,Nashik,2024-12-19,2024-12-22,Delivered,3
5778,5778,Ekart Logistics,Delhi,2025-10-17,2025-10-25,Delivered Late,7
5779,5779,Xpressbees,Ahmedabad,2026-06-11,2026-06-17,Delivered,6
5780,5780,Ecom Express,Pune,2025-06-23,2025-06-27,Delivered Late,3
5781,5781,Ecom Express,Pune,2026-02-13,2026-02-17,Delivered,5
5782,5782,Ecom Express,Patna,2026-02-13,2026-02-18,Delivered Late,4
5783,5783,Xpressbees,Bengaluru,2025-01-23,2025-01-26,Delivered,4
5784,5784,Xpressbees,Bhubaneswar,2024-12-05,2024-12-07,Delivered,3
5785,5785,Bluedart,Patna,2025-08-03,2025-08-08,Delivered Late,4
5786,5786,Ecom Express,Kanpur,2025-06-17,2025-06-20,Delivered,4
5787,5787,Ekart Logistics,Indore,2025-07-03,2025-07-10,Delivered Late,5
5788,5788,Delhivery,Kolkata,2026-03-27,2026-03-31,Delivered,4
5789,5789,DTDC,Thiruvananthapuram,2025-08-03,,In Transit,4
5790,5790,Ekart Logistics,Vadodara,2024-11-20,2024-11-23,Delivered Late,3
5791,5791,Ekart Logistics,Bhopal,2024-12-15,2024-12-17,Delivered,3
5792,5792,Xpressbees,Bhubaneswar,2025-07-26,2025-08-02,Delivered,7
5793,5793,Delhivery,Indore,2025-08-07,2025-08-14,Delivered Late,5
5794,5794,Bluedart,Surat,2026-06-04,2026-06-10,Delivered Late,5
5795,5795,Xpressbees,Kanpur,,,Not Shipped,3
5796,5796,Xpressbees,Patna,2025-09-10,2025-09-12,Delivered,2
5797,5797,Bluedart,Nashik,,,Not Shipped,2
5798,5798,Ecom Express,Surat,2025-01-15,2025-01-20,Delivered,5
5799,5799,Bluedart,Nashik,2025-03-06,2025-03-11,Delivered,6
5800,5800,DTDC,Patna,,,Not Shipped,2
5801,5801,DTDC,Ranchi,2026-03-28,2026-03-30,Delivered,2
5802,5802,Ecom Express,Mumbai,2025-12-25,2025-12-31,Delivered,7
5803,5803,Delhivery,Jaipur,2025-04-25,2025-04-29,Delivered,4
5804,5804,Xpressbees,Bhubaneswar,2026-02-13,2026-02-21,Returned,6
5805,5805,Delhivery,Nagpur,2025-09-24,2025-09-27,Delivered,4
5806,5806,Bluedart,Coimbatore,2024-06-14,2024-06-19,Delivered,6
5807,5807,Bluedart,Bhubaneswar,2025-08-03,2025-08-10,Delivered Late,6
5808,5808,Delhivery,Mumbai,2026-08-17,2026-08-18,Delivered,2
5809,5809,Delhivery,Kochi,2026-07-25,2026-07-31,Delivered Late,3
5810,5810,Xpressbees,Mysuru,2025-01-02,2025-01-06,Delivered Late,3
5811,5811,Ecom Express,Nashik,2026-05-31,2026-06-05,Returned,6
5812,5812,Delhivery,Thiruvananthapuram,2025-01-03,,In Transit,4
5813,5813,Ecom Express,Ranchi,2026-02-11,2026-02-15,Delivered,5
5814,5814,Bluedart,Hyderabad,2024-12-31,2025-01-02,Delivered,3
5815,5815,Bluedart,Ahmedabad,,,Not Shipped,6
5816,5816,Delhivery,Ahmedabad,2024-06-30,2024-07-05,Delivered,6
5817,5817,Delhivery,Bengaluru,2026-01-27,2026-02-05,Delivered Late,7
5818,5818,Bluedart,Nagpur,2025-09-08,2025-09-09,Delivered,2
5819,5819,Bluedart,Nagpur,2026-02-18,2026-02-20,Delivered Late,2
5820,5820,Ecom Express,Thiruvananthapuram,2026-03-13,2026-03-16,Delivered Late,2
5821,5821,Ecom Express,Kanpur,2025-02-08,2025-02-10,Delivered,3
5822,5822,Ecom Express,Chennai,2025-06-25,2025-06-30,Delivered Late,5
5823,5823,Ekart Logistics,Surat,2024-08-15,2024-08-23,Delivered Late,7
5824,5824,Delhivery,Ahmedabad,2026-01-14,2026-01-19,Delivered Late,3
5825,5825,DTDC,Kolkata,2026-03-13,2026-03-18,Delivered,5
5826,5826,Ekart Logistics,Mysuru,2025-12-06,2025-12-08,Delivered,2
5827,5827,Bluedart,Chandigarh,2025-12-16,2025-12-21,Delivered Late,4
5828,5828,Xpressbees,Bhopal,2026-01-09,2026-01-12,Delivered,4
5829,5829,Bluedart,Ahmedabad,2025-07-30,2025-08-02,Delivered,3
5830,5830,Ecom Express,Kochi,,,Not Shipped,5
5831,5831,DTDC,Guwahati,2026-02-13,2026-02-16,Returned,2
5832,5832,Ecom Express,Amritsar,2026-07-25,2026-07-30,Delivered,6
5833,5833,Xpressbees,Bhubaneswar,2025-09-26,2025-10-02,Delivered,6
5834,5834,Ekart Logistics,Kolkata,2026-02-19,2026-02-25,Delivered Late,5
5835,5835,Xpressbees,Surat,2026-04-13,2026-04-19,Delivered,7
5836,5836,Bluedart,Ahmedabad,2026-08-13,2026-08-19,Delivered,7
5837,5837,DTDC,Lucknow,2026-07-17,2026-07-22,Delivered,6
5838,5838,Delhivery,Guwahati,2025-10-15,2025-10-18,Delivered,3
5839,5839,Delhivery,Kochi,2026-01-11,,In Transit,3
5840,5840,Bluedart,Nashik,2026-07-20,2026-07-26,Delivered,7
5841,5841,Delhivery,Nagpur,2025-07-19,2025-07-23,Delivered Late,3
5842,5842,Delhivery,Guwahati,2024-10-21,2024-10-27,Delivered,6
5843,5843,Ecom Express,Ahmedabad,2025-04-20,2025-04-25,Delivered,5
5844,5844,Delhivery,Guwahati,2024-05-12,2024-05-17,Delivered,6
5845,5845,DTDC,Lucknow,,,Processing,3
5846,5846,Ecom Express,Chandigarh,2025-02-04,2025-02-12,Delivered Late,6
5847,5847,Bluedart,Bengaluru,,,Processing,5
5848,5848,Ecom Express,Chandigarh,2026-03-13,2026-03-23,Delivered Late,7
5849,5849,Ekart Logistics,Coimbatore,2026-04-21,2026-04-26,Delivered Late,4
5850,5850,Bluedart,Amritsar,2026-03-09,2026-03-19,Delivered Late,7
5851,5851,Ecom Express,Jaipur,,,Not Shipped,5
5852,5852,DTDC,Kochi,,,Processing,7
5853,5853,Ekart Logistics,Pune,,,Not Shipped,5
5854,5854,Ecom Express,Chandigarh,2025-10-12,2025-10-15,Delivered,3
5855,5855,Ecom Express,Jaipur,2026-01-28,2026-02-04,Delivered,7
5856,5856,Xpressbees,Mumbai,2025-08-25,,In Transit,3
5857,5857,DTDC,Ahmedabad,2025-06-21,2025-06-28,Delivered Late,6
5858,5858,Ecom Express,Coimbatore,2025-09-14,2025-09-18,Returned,5
5859,5859,Ecom Express,Bhubaneswar,2025-11-11,2025-11-16,Delivered,5
5860,5860,DTDC,Jaipur,2026-07-23,2026-07-25,Delivered,3
5861,5861,Delhivery,Bhubaneswar,2025-12-17,2025-12-22,Delivered,6
5862,5862,DTDC,Pune,2024-03-08,2024-03-13,Returned,5
5863,5863,Ecom Express,Vadodara,2025-09-11,2025-09-18,Delivered Late,7
5864,5864,Ecom Express,Kolkata,2025-06-01,2025-06-05,Delivered,5
5865,5865,Delhivery,Mumbai,2026-03-28,2026-04-02,Delivered Late,5
5866,5866,Delhivery,Chandigarh,2025-07-23,2025-07-28,Delivered,5
5867,5867,Ecom Express,Coimbatore,2025-09-24,2025-09-28,Delivered Late,4
5868,5868,Ekart Logistics,Chennai,2025-10-08,2025-10-10,Delivered,3
5869,5869,Bluedart,Mysuru,2025-03-20,2025-03-24,Delivered,5
5870,5870,Xpressbees,Bengaluru,2025-10-12,2025-10-17,Delivered,5
5871,5871,Xpressbees,Indore,2025-10-25,,In Transit,4
5872,5872,Bluedart,Indore,2024-08-27,2024-08-30,Delivered,4
5873,5873,Ecom Express,Coimbatore,2025-05-09,2025-05-13,Delivered,4
5874,5874,DTDC,Bhubaneswar,2025-10-12,2025-10-16,Delivered,4
5875,5875,Delhivery,Bengaluru,2025-06-06,2025-06-11,Delivered,5
5876,5876,Ekart Logistics,Bhubaneswar,,,Not Shipped,6
5877,5877,Delhivery,Bengaluru,2025-10-18,2025-10-23,Delivered,5
5878,5878,Delhivery,Thiruvananthapuram,2025-12-25,2025-12-28,Delivered Late,3
5879,5879,Delhivery,Indore,2025-07-04,2025-07-09,Delivered,6
5880,5880,Xpressbees,Coimbatore,2026-06-18,2026-06-24,Delivered,6
5881,5881,Bluedart,Chennai,2025-04-15,2025-04-19,Delivered,5
5882,5882,DTDC,Mysuru,2025-05-29,2025-06-01,Delivered,3
5883,5883,Xpressbees,Mumbai,2025-08-27,2025-09-03,Delivered,7
5884,5884,Bluedart,Bengaluru,2026-05-22,2026-05-25,Delivered,4
5885,5885,DTDC,Delhi,,,Processing,5
5886,5886,Xpressbees,Chandigarh,,,Not Shipped,4
5887,5887,Ekart Logistics,Kochi,2026-01-15,2026-01-20,Delivered Late,3
5888,5888,Ecom Express,Ranchi,,,Not Shipped,7
5889,5889,Delhivery,Mumbai,2025-09-12,2025-09-13,Delivered,2
5890,5890,Ecom Express,Kochi,2024-12-26,2024-12-30,Delivered,4
5891,5891,DTDC,Kanpur,,,Not Shipped,5
5892,5892,DTDC,Bhubaneswar,2025-07-22,2025-07-25,Delivered,4
5893,5893,Ekart Logistics,Delhi,2026-05-19,2026-05-21,Delivered Late,2
5894,5894,Xpressbees,Bengaluru,2024-12-24,2024-12-26,Delivered Late,2
5895,5895,Delhivery,Kanpur,2026-06-15,2026-06-19,Returned,5
5896,5896,Delhivery,Patna,2026-01-14,2026-01-18,Delivered,4
5897,5897,Bluedart,Mysuru,2024-03-18,2024-03-19,Delivered,2
5898,5898,Delhivery,Ranchi,2025-06-07,2025-06-09,Delivered,2
5899,5899,Bluedart,Ranchi,2026-03-20,2026-03-28,Delivered Late,7
5900,5900,Ecom Express,Coimbatore,2023-12-19,2023-12-23,Delivered,5
5901,5901,Ekart Logistics,Nashik,2025-03-18,2025-03-26,Delivered Late,7
5902,5902,Delhivery,Nashik,2026-06-13,2026-06-18,Delivered,6
5903,5903,Delhivery,Chandigarh,,,Not Shipped,4
5904,5904,DTDC,Ahmedabad,2026-05-04,2026-05-08,Delivered,5
5905,5905,DTDC,Mysuru,2026-05-13,2026-05-20,Returned,6
5906,5906,Ecom Express,Pune,2025-11-21,,In Transit,3
5907,5907,DTDC,Lucknow,2026-02-11,2026-02-18,Delivered Late,5
5908,5908,Bluedart,Mumbai,2024-04-28,2024-05-02,Delivered,5
5909,5909,Delhivery,Guwahati,2026-02-21,2026-02-26,Delivered,5
5910,5910,Ekart Logistics,Thiruvananthapuram,,,Not Shipped,4
5911,5911,Ekart Logistics,Amritsar,2024-04-23,2024-04-26,Delivered,3
5912,5912,Ekart Logistics,Bhubaneswar,,,Not Shipped,4
5913,5913,Delhivery,Kanpur,,,Not Shipped,2
5914,5914,DTDC,Kochi,2025-03-29,2025-04-01,Delivered,3
5915,5915,Bluedart,Mysuru,2026-06-14,2026-06-18,Delivered Late,4
5916,5916,DTDC,Kanpur,2024-08-03,2024-08-07,Delivered,4
5917,5917,Bluedart,Patna,2025-06-30,2025-07-03,Delivered,4
5918,5918,Delhivery,Hyderabad,2024-03-14,2024-03-17,Delivered Late,2
5919,5919,DTDC,Chandigarh,2025-11-02,2025-11-10,Delivered Late,7
5920,5920,Xpressbees,Thiruvananthapuram,2025-03-07,2025-03-12,Delivered,5
5921,5921,Xpressbees,Ranchi,,,Not Shipped,2
5922,5922,Delhivery,Bhubaneswar,2026-01-22,2026-01-30,Delivered Late,7
5923,5923,Bluedart,Pune,2026-05-30,2026-06-01,Delivered,2
5924,5924,Delhivery,Kochi,2026-05-13,2026-05-16,Delivered,3
5925,5925,DTDC,Nashik,2025-03-11,2025-03-14,Delivered Late,3
5926,5926,Xpressbees,Delhi,2026-01-10,2026-01-15,Delivered Late,5
5927,5927,DTDC,Lucknow,2025-09-12,2025-09-17,Delivered,6
5928,5928,Delhivery,Chandigarh,2025-10-13,2025-10-15,Delivered,2
5929,5929,Ecom Express,Hyderabad,2026-05-09,2026-05-14,Returned,6
5930,5930,Bluedart,Thiruvananthapuram,2025-04-18,2025-04-23,Delivered Late,3
5931,5931,Xpressbees,Coimbatore,,,Not Shipped,4
5932,5932,Ecom Express,Ahmedabad,2026-05-23,2026-05-28,Delivered,5
5933,5933,Xpressbees,Ranchi,2026-02-15,2026-02-20,Delivered,5
5934,5934,Delhivery,Delhi,2025-08-30,2025-09-02,Delivered,3
5935,5935,Ekart Logistics,Bhopal,2026-01-28,2026-02-01,Delivered,4
5936,5936,Bluedart,Lucknow,2026-03-18,2026-03-24,Delivered,7
5937,5937,Ecom Express,Nashik,2026-01-31,2026-02-05,Delivered,5
5938,5938,Xpressbees,Patna,2025-11-28,2025-12-02,Delivered,5
5939,5939,DTDC,Bhubaneswar,2026-02-24,2026-03-01,Delivered,5
5940,5940,Bluedart,Nashik,2026-01-06,2026-01-13,Delivered Late,6
5941,5941,Ekart Logistics,Chandigarh,2026-05-06,2026-05-10,Delivered Late,4
5942,5942,Xpressbees,Surat,2025-09-24,2025-09-26,Delivered Late,2
5943,5943,Xpressbees,Mysuru,2026-04-11,2026-04-15,Delivered,4
5944,5944,Ekart Logistics,Kanpur,,,Not Shipped,2
5945,5945,Ekart Logistics,Kolkata,2025-08-23,2025-08-29,Delivered,7
5946,5946,Delhivery,Nagpur,2025-02-20,2025-02-27,Delivered,7
5947,5947,Delhivery,Coimbatore,2024-12-21,2024-12-27,Delivered Late,4
5948,5948,Xpressbees,Chandigarh,2026-01-08,2026-01-17,Delivered Late,7
5949,5949,Ecom Express,Bhubaneswar,2025-05-16,2025-05-22,Delivered Late,3
5950,5950,DTDC,Indore,2025-12-10,2025-12-13,Delivered Late,2
5951,5951,Delhivery,Delhi,2026-06-15,2026-06-18,Delivered Late,2
5952,5952,DTDC,Kanpur,2025-10-11,2025-10-17,Delivered Late,4
5953,5953,DTDC,Thiruvananthapuram,2026-07-03,2026-07-09,Delivered,6
5954,5954,DTDC,Thiruvananthapuram,2026-01-15,2026-01-21,Delivered,7
5955,5955,Ekart Logistics,Jaipur,,,Processing,7
5956,5956,Delhivery,Kochi,2026-06-20,2026-06-26,Delivered,7
5957,5957,DTDC,Mumbai,2025-12-16,2025-12-22,Delivered Late,5
5958,5958,DTDC,Guwahati,2025-02-19,2025-02-22,Delivered,4
5959,5959,Xpressbees,Lucknow,2026-07-09,2026-07-13,Delivered,5
5960,5960,Ecom Express,Delhi,2025-04-22,2025-04-29,Delivered,7
5961,5961,DTDC,Ahmedabad,2026-04-10,2026-04-14,Delivered,5
5962,5962,Bluedart,Kolkata,2025-07-02,2025-07-07,Delivered,5
5963,5963,Xpressbees,Nashik,2026-02-24,2026-03-03,Delivered,7
5964,5964,Bluedart,Chandigarh,2025-05-29,2025-06-06,Delivered Late,6
5965,5965,Xpressbees,Nashik,2025-08-29,2025-09-01,Delivered,3
5966,5966,Bluedart,Bhubaneswar,2024-12-10,2024-12-14,Delivered Late,4
5967,5967,Bluedart,Thiruvananthapuram,,,Processing,4
5968,5968,Ecom Express,Jaipur,2026-06-08,2026-06-11,Delivered Late,2
5969,5969,Bluedart,Kolkata,2025-12-19,2025-12-22,Delivered,3
5970,5970,Ekart Logistics,Ahmedabad,2025-02-12,2025-02-16,Delivered Late,3
5971,5971,DTDC,Bengaluru,2026-02-15,2026-02-20,Delivered Late,3
5972,5972,Delhivery,Ahmedabad,2024-09-16,2024-09-21,Delivered,6
5973,5973,Delhivery,Kanpur,2026-08-01,2026-08-03,Delivered,2
5974,5974,Bluedart,Nashik,,,Not Shipped,4
5975,5975,DTDC,Nashik,2026-06-29,2026-07-04,Delivered,5
5976,5976,Ekart Logistics,Kolkata,2024-06-15,2024-06-20,Delivered,5
5977,5977,Ecom Express,Amritsar,2024-09-17,2024-09-21,Delivered,5
5978,5978,Ekart Logistics,Patna,2026-06-10,2026-06-12,Delivered,3
5979,5979,Ekart Logistics,Amritsar,2026-06-07,2026-06-09,Delivered,2
5980,5980,Ecom Express,Bhubaneswar,,,Not Shipped,3
5981,5981,Xpressbees,Bhubaneswar,2026-04-21,2026-04-27,Delivered,6
5982,5982,DTDC,Coimbatore,2025-08-14,,In Transit,3
5983,5983,Ecom Express,Mysuru,,,Processing,6
5984,5984,DTDC,Patna,2025-04-22,2025-04-23,Delivered,2
5985,5985,Delhivery,Jaipur,2026-05-08,,In Transit,2
5986,5986,Xpressbees,Thiruvananthapuram,,,Not Shipped,7
5987,5987,Xpressbees,Lucknow,2026-06-21,2026-06-26,Delivered,6
5988,5988,Ekart Logistics,Indore,2025-09-19,2025-09-21,Delivered,3
5989,5989,Ekart Logistics,Kolkata,,,Not Shipped,3
5990,5990,Xpressbees,Amritsar,,,Not Shipped,4
5991,5991,Bluedart,Jaipur,,,Processing,7
5992,5992,Ekart Logistics,Thiruvananthapuram,2025-06-19,2025-06-24,Delivered,6
5993,5993,Bluedart,Chandigarh,,,Not Shipped,5
5994,5994,Delhivery,Kanpur,2025-11-05,2025-11-11,Delivered Late,5
5995,5995,Bluedart,Kolkata,2026-03-14,,In Transit,2
5996,5996,Delhivery,Mumbai,2025-03-25,2025-04-02,Delivered Late,7
5997,5997,Delhivery,Delhi,2025-10-15,2025-10-17,Delivered Late,2
5998,5998,DTDC,Ranchi,2026-01-24,2026-01-26,Delivered,2
5999,5999,Ekart Logistics,Jaipur,2026-04-24,2026-04-26,Delivered,2
6000,6000,Bluedart,Nashik,,,Not Shipped,7
6001,6001,Ekart Logistics,Nashik,2025-09-02,2025-09-05,Delivered,4
6002,6002,Ecom Express,Kolkata,2026-04-29,2026-05-07,Delivered Late,7
6003,6003,Xpressbees,Vadodara,2025-08-20,2025-08-26,Delivered Late,6
6004,6004,DTDC,Bhubaneswar,2025-01-02,2025-01-07,Delivered Late,4
6005,6005,Xpressbees,Mumbai,2025-06-05,2025-06-09,Delivered Late,4
6006,6006,Delhivery,Nagpur,2024-12-25,2025-01-01,Delivered,7
6007,6007,DTDC,Pune,2026-01-19,2026-01-23,Delivered,5
6008,6008,Bluedart,Pune,2026-05-13,2026-05-19,Delivered,7
6009,6009,Delhivery,Nagpur,2025-11-10,2025-11-16,Delivered,6
6010,6010,Bluedart,Lucknow,2025-04-29,2025-05-01,Delivered,2
6011,6011,Ecom Express,Patna,,,Not Shipped,4
6012,6012,Ecom Express,Thiruvananthapuram,2026-06-04,2026-06-06,Delivered,2
6013,6013,Xpressbees,Pune,2026-06-12,2026-06-14,Delivered,3
6014,6014,Delhivery,Nashik,2024-11-26,2024-11-30,Delivered,5
6015,6015,Xpressbees,Guwahati,2025-03-22,2025-03-29,Delivered Late,4
6016,6016,Xpressbees,Bhopal,2025-07-03,2025-07-08,Delivered Late,2
6017,6017,Ekart Logistics,Indore,2025-03-17,2025-03-22,Delivered Late,4
6018,6018,Bluedart,Thiruvananthapuram,2024-01-18,2024-01-19,Delivered,2
6019,6019,Delhivery,Surat,2025-07-20,2025-07-25,Delivered,6
6020,6020,Bluedart,Nagpur,2025-09-02,2025-09-08,Delivered,6
6021,6021,DTDC,Mumbai,2026-01-21,2026-01-24,Delivered,3
6022,6022,Bluedart,Ranchi,2026-03-20,2026-03-24,Delivered Late,3
6023,6023,Delhivery,Guwahati,2026-02-07,2026-02-11,Delivered,4
6024,6024,Bluedart,Kanpur,,,Not Shipped,6
6025,6025,Xpressbees,Lucknow,2025-05-24,2025-05-28,Delivered Late,4
6026,6026,Ekart Logistics,Bhubaneswar,2024-08-13,2024-08-17,Delivered,5
6027,6027,Ecom Express,Delhi,2025-11-17,2025-11-25,Delivered Late,6
6028,6028,Bluedart,Kanpur,,,Processing,5
6029,6029,Xpressbees,Mysuru,2025-07-16,2025-07-22,Returned,7
6030,6030,Bluedart,Kochi,2025-12-08,2025-12-13,Delivered,6
6031,6031,Ekart Logistics,Vadodara,2026-02-24,2026-03-02,Delivered,7
6032,6032,Xpressbees,Bhopal,2025-07-22,2025-07-29,Delivered,7
6033,6033,DTDC,Jaipur,2026-02-03,2026-02-07,Returned,3
6034,6034,Xpressbees,Guwahati,2026-02-21,2026-02-24,Delivered,4
6035,6035,DTDC,Delhi,,,Not Shipped,2
6036,6036,DTDC,Mysuru,2025-03-11,,In Transit,4
6037,6037,Xpressbees,Kolkata,2025-09-06,2025-09-10,Delivered,4
6038,6038,Delhivery,Ranchi,2025-09-09,2025-09-12,Returned,3
6039,6039,Ecom Express,Thiruvananthapuram,2025-08-19,2025-08-25,Delivered Late,6
6040,6040,Xpressbees,Mysuru,2024-11-05,2024-11-10,Delivered,5
6041,6041,Bluedart,Kochi,2026-03-13,2026-03-19,Delivered,6
6042,6042,Ekart Logistics,Thiruvananthapuram,2026-05-22,2026-05-30,Delivered Late,6
6043,6043,DTDC,Kochi,2024-12-02,2024-12-06,Delivered,4
6044,6044,Delhivery,Delhi,2025-08-09,2025-08-12,Delivered,3
6045,6045,Bluedart,Thiruvananthapuram,2026-03-01,2026-03-04,Delivered,4
6046,6046,DTDC,Guwahati,2026-02-17,2026-02-23,Delivered Late,4
6047,6047,Ecom Express,Bengaluru,2025-12-01,2025-12-06,Returned,3
6048,6048,Bluedart,Nashik,2025-09-10,2025-09-19,Delivered Late,7
6049,6049,Xpressbees,Chandigarh,2024-08-05,,In Transit,7
6050,6050,Ecom Express,Nagpur,2025-04-18,2025-04-25,Returned,7
6051,6051,Bluedart,Vadodara,,,Not Shipped,5
6052,6052,Delhivery,Coimbatore,2026-03-27,2026-04-02,Delivered Late,5
6053,6053,Delhivery,Ranchi,2025-09-07,2025-09-13,Delivered Late,4
6054,6054,Ecom Express,Lucknow,2024-10-14,2024-10-20,Returned,7
6055,6055,Xpressbees,Chennai,2026-05-29,2026-06-02,Delivered Late,3
6056,6056,Xpressbees,Bengaluru,2025-08-31,,In Transit,6
6057,6057,Ecom Express,Bhubaneswar,2026-02-13,2026-02-17,Delivered Late,3
6058,6058,Xpressbees,Mumbai,,,Not Shipped,7
6059,6059,DTDC,Kolkata,2026-03-16,2026-03-23,Delivered Late,6
6060,6060,Bluedart,Patna,2025-04-04,2025-04-07,Delivered Late,2
6061,6061,Ecom Express,Ahmedabad,2026-02-22,2026-02-23,Delivered,2
6062,6062,DTDC,Thiruvananthapuram,,,Processing,3
6063,6063,Ecom Express,Nagpur,2025-03-11,2025-03-17,Delivered,7
6064,6064,Ekart Logistics,Coimbatore,2026-04-07,2026-04-11,Delivered,5
6065,6065,Ecom Express,Vadodara,2025-09-04,2025-09-14,Delivered Late,7
6066,6066,Ecom Express,Mumbai,2025-12-07,2025-12-14,Returned,6
6067,6067,Ekart Logistics,Bengaluru,2025-12-13,2025-12-16,Delivered,3
6068,6068,Xpressbees,Nashik,2025-11-28,2025-12-03,Delivered Late,3
6069,6069,Xpressbees,Pune,2025-06-23,2025-06-30,Delivered Late,5
6070,6070,Ecom Express,Lucknow,2024-04-01,2024-04-07,Delivered,7
6071,6071,Ekart Logistics,Amritsar,2026-02-28,2026-03-02,Delivered,2
6072,6072,Delhivery,Kochi,2026-05-21,2026-05-27,Delivered Late,5
6073,6073,DTDC,Chennai,2026-05-11,2026-05-15,Delivered Late,2
6074,6074,Ecom Express,Nashik,2026-02-23,2026-02-25,Delivered,3
6075,6075,DTDC,Amritsar,2024-12-03,2024-12-07,Delivered Late,3
6076,6076,Ecom Express,Chennai,2026-05-02,2026-05-04,Delivered,3
6077,6077,Xpressbees,Hyderabad,2026-02-20,2026-02-23,Delivered,3
6078,6078,Delhivery,Bhopal,2025-06-24,2025-06-30,Delivered,7
6079,6079,Delhivery,Chandigarh,2026-05-07,2026-05-09,Delivered,2
6080,6080,Ecom Express,Chandigarh,2026-06-28,2026-07-02,Delivered,5
6081,6081,Ekart Logistics,Kochi,2026-06-08,2026-06-11,Delivered,3
6082,6082,DTDC,Delhi,2025-04-07,2025-04-10,Delivered,4
6083,6083,DTDC,Guwahati,2025-06-22,2025-06-27,Delivered,5
6084,6084,Bluedart,Nagpur,2025-06-28,2025-06-30,Delivered,2
6085,6085,Xpressbees,Hyderabad,2024-05-19,2024-05-23,Delivered Late,2
6086,6086,Ecom Express,Jaipur,2026-07-04,2026-07-10,Delivered Late,5
6087,6087,Bluedart,Kanpur,2025-03-24,2025-03-31,Delivered Late,7
6088,6088,Bluedart,Vadodara,2025-09-14,2025-09-20,Delivered Late,6
6089,6089,Ekart Logistics,Nagpur,2025-11-27,2025-12-02,Delivered,6
6090,6090,Delhivery,Surat,2026-05-26,2026-05-30,Delivered,5
6091,6091,Bluedart,Guwahati,2025-12-19,2025-12-24,Delivered Late,5
6092,6092,Bluedart,Kanpur,,,Processing,2
6093,6093,Xpressbees,Chennai,,,Processing,5
6094,6094,Ekart Logistics,Chennai,2025-11-29,2025-12-06,Delivered Late,6
6095,6095,Xpressbees,Jaipur,2025-05-21,2025-05-28,Delivered,7
6096,6096,Ecom Express,Chennai,2025-08-06,2025-08-11,Delivered,6
6097,6097,Bluedart,Coimbatore,2025-11-19,2025-11-24,Delivered,6
6098,6098,Xpressbees,Delhi,2024-04-12,2024-04-15,Delivered Late,2
6099,6099,Delhivery,Kolkata,2025-05-30,2025-06-05,Delivered,6
6100,6100,Delhivery,Chandigarh,2026-05-20,2026-05-24,Delivered,5
6101,6101,Ecom Express,Pune,,,Processing,7
6102,6102,Xpressbees,Indore,2026-01-11,2026-01-13,Delivered,3
6103,6103,Ecom Express,Patna,2026-05-09,2026-05-13,Returned,4
6104,6104,Bluedart,Hyderabad,2025-11-02,2025-11-09,Delivered,7
6105,6105,Delhivery,Chennai,2026-05-30,2026-06-07,Delivered Late,6
6106,6106,Ekart Logistics,Vadodara,2026-04-19,2026-04-20,Delivered,2
6107,6107,Delhivery,Kanpur,2025-09-11,2025-09-15,Delivered Late,4
6108,6108,Ekart Logistics,Bhopal,2026-05-31,2026-06-07,Delivered Late,5
6109,6109,Ecom Express,Jaipur,2024-07-06,2024-07-09,Delivered,4
6110,6110,Delhivery,Nashik,2026-01-21,2026-01-27,Delivered,6
6111,6111,Ecom Express,Ranchi,2026-08-10,2026-08-13,Delivered,4
6112,6112,Delhivery,Kolkata,,,Not Shipped,5
6113,6113,Ecom Express,Kochi,2026-03-25,2026-04-03,Delivered Late,7
6114,6114,Xpressbees,Nagpur,2024-10-21,2024-10-25,Delivered,5
6115,6115,Bluedart,Nashik,2025-03-21,2025-03-29,Delivered Late,7
6116,6116,DTDC,Nagpur,2025-10-23,2025-10-24,Delivered,2
6117,6117,Xpressbees,Vadodara,2025-03-14,2025-03-18,Delivered Late,3
6118,6118,Xpressbees,Nashik,2025-11-10,2025-11-14,Delivered,4
6119,6119,Xpressbees,Jaipur,2026-02-02,2026-02-09,Delivered,7
6120,6120,Bluedart,Bhopal,2026-01-09,2026-01-12,Delivered Late,3
6121,6121,Bluedart,Ahmedabad,,,Not Shipped,4
6122,6122,Ekart Logistics,Lucknow,,,Processing,2
6123,6123,Xpressbees,Guwahati,2024-03-11,2024-03-13,Delivered,3
6124,6124,Xpressbees,Kanpur,2026-03-03,2026-03-09,Delivered,6
6125,6125,DTDC,Patna,2025-07-22,2025-07-24,Delivered,2
6126,6126,DTDC,Pune,2025-08-07,2025-08-08,Delivered,2
6127,6127,Bluedart,Bengaluru,2025-10-17,2025-10-23,Delivered Late,3
6128,6128,DTDC,Patna,,,Not Shipped,2
6129,6129,DTDC,Pune,2026-02-10,,In Transit,6
6130,6130,Delhivery,Guwahati,2025-10-28,2025-11-03,Delivered,6
6131,6131,Delhivery,Pune,2026-03-25,2026-04-02,Delivered Late,7
6132,6132,Delhivery,Thiruvananthapuram,2025-05-26,2025-06-01,Delivered,6
6133,6133,DTDC,Nashik,2025-10-29,,In Transit,6
6134,6134,Ekart Logistics,Hyderabad,2025-10-01,2025-10-05,Delivered Late,2
6135,6135,Bluedart,Hyderabad,2026-04-28,2026-05-05,Delivered Late,7
6136,6136,Bluedart,Guwahati,,,Not Shipped,3
6137,6137,Ecom Express,Amritsar,,,Not Shipped,6
6138,6138,Delhivery,Nashik,2026-03-02,2026-03-04,Delivered,2
6139,6139,Ecom Express,Coimbatore,2024-07-17,2024-07-25,Delivered Late,6
6140,6140,Delhivery,Delhi,2026-06-08,2026-06-11,Delivered,3
6141,6141,Bluedart,Kochi,2026-04-28,2026-04-30,Delivered,2
6142,6142,Ekart Logistics,Guwahati,2025-02-10,2025-02-14,Delivered Late,4
6143,6143,Bluedart,Kanpur,2023-12-20,,In Transit,2
6144,6144,Ekart Logistics,Chennai,2025-08-31,2025-09-06,Delivered Late,5
6145,6145,DTDC,Kochi,2026-02-25,2026-02-27,Delivered,3
6146,6146,Bluedart,Mumbai,2026-07-18,2026-07-24,Delivered,7
6147,6147,Ekart Logistics,Kanpur,2025-03-16,2025-03-19,Delivered Late,3
6148,6148,Delhivery,Kochi,2026-04-05,2026-04-12,Delivered Late,6
6149,6149,Ecom Express,Kochi,2026-04-09,2026-04-15,Delivered,6
6150,6150,Ecom Express,Indore,2024-08-15,,In Transit,4
6151,6151,Xpressbees,Lucknow,2026-03-12,2026-03-16,Delivered Late,3
6152,6152,Bluedart,Thiruvananthapuram,2026-01-06,2026-01-13,Delivered Late,5
6153,6153,Delhivery,Mysuru,2026-06-26,2026-07-03,Delivered,7
6154,6154,Xpressbees,Lucknow,2026-01-03,2026-01-08,Delivered,6
6155,6155,Ecom Express,Ahmedabad,2024-10-22,2024-10-29,Delivered Late,6
6156,6156,Ecom Express,Thiruvananthapuram,2026-06-02,2026-06-05,Delivered,3
6157,6157,Delhivery,Ranchi,2024-09-28,2024-10-06,Delivered Late,7
6158,6158,Delhivery,Mumbai,2024-01-31,2024-02-01,Delivered,2
6159,6159,Bluedart,Thiruvananthapuram,2025-12-01,2025-12-08,Delivered Late,7
6160,6160,DTDC,Mysuru,2024-10-25,2024-11-02,Delivered Late,6
6161,6161,Delhivery,Nashik,2026-06-09,2026-06-17,Returned,7
6162,6162,Ecom Express,Surat,2025-10-27,2025-10-28,Delivered,2
6163,6163,Xpressbees,Lucknow,2026-07-11,2026-07-15,Delivered,5
6164,6164,Bluedart,Indore,2025-09-08,2025-09-12,Delivered,4
6165,6165,Delhivery,Pune,2025-09-26,2025-10-01,Delivered Late,5
6166,6166,Ecom Express,Kanpur,2024-12-28,2025-01-01,Delivered,5
6167,6167,Ekart Logistics,Chandigarh,2025-04-16,2025-04-21,Delivered,6
6168,6168,DTDC,Mumbai,2026-04-12,2026-04-16,Delivered,4
6169,6169,Bluedart,Chandigarh,2026-06-19,2026-06-23,Delivered Late,4
6170,6170,Bluedart,Delhi,2025-02-25,2025-02-26,Delivered,2
6171,6171,Ekart Logistics,Ranchi,2026-01-09,2026-01-14,Delivered,5
6172,6172,Xpressbees,Nashik,2025-04-20,2025-04-25,Delivered Late,3
6173,6173,Delhivery,Surat,2025-09-19,,In Transit,3
6174,6174,Delhivery,Indore,2026-01-05,2026-01-11,Delivered Late,5
6175,6175,Xpressbees,Kolkata,2025-10-31,2025-11-03,Delivered,4
6176,6176,Bluedart,Guwahati,2025-12-01,2025-12-05,Delivered Late,3
6177,6177,Delhivery,Lucknow,2024-09-01,2024-09-05,Delivered Late,3
6178,6178,Xpressbees,Patna,2025-11-08,2025-11-12,Delivered,4
6179,6179,Xpressbees,Jaipur,2025-07-19,2025-07-24,Delivered,6
6180,6180,Xpressbees,Bhopal,2026-03-02,2026-03-06,Delivered,4
6181,6181,Delhivery,Mysuru,2025-03-11,2025-03-13,Delivered,2
6182,6182,DTDC,Jaipur,2025-08-01,2025-08-06,Returned,3
6183,6183,Bluedart,Indore,2025-01-21,2025-01-25,Delivered Late,3
6184,6184,DTDC,Kanpur,2025-05-28,,In Transit,3
6185,6185,DTDC,Nashik,,,Processing,4
6186,6186,Ekart Logistics,Bhubaneswar,2026-01-01,2026-01-07,Delivered,7
6187,6187,Ecom Express,Coimbatore,2024-12-09,2024-12-12,Delivered Late,3
6188,6188,Bluedart,Mysuru,2026-03-18,2026-03-19,Delivered,2
6189,6189,Ekart Logistics,Vadodara,2025-08-21,2025-08-27,Delivered,7
6190,6190,Xpressbees,Thiruvananthapuram,2026-06-04,2026-06-12,Delivered Late,7
6191,6191,Ekart Logistics,Pune,2024-07-11,2024-07-16,Delivered Late,4
6192,6192,Bluedart,Kochi,2025-01-09,2025-01-12,Delivered Late,2
6193,6193,Ecom Express,Kolkata,,,Not Shipped,5
6194,6194,Ekart Logistics,Ranchi,2025-12-28,2025-12-31,Delivered,4
6195,6195,Ekart Logistics,Pune,2025-02-11,2025-02-18,Delivered,7
6196,6196,Bluedart,Thiruvananthapuram,2026-03-06,2026-03-09,Delivered,4
6197,6197,Xpressbees,Delhi,2025-06-07,2025-06-14,Delivered Late,5
6198,6198,DTDC,Kanpur,2025-06-11,2025-06-17,Delivered,7
6199,6199,Delhivery,Jaipur,2025-04-01,2025-04-08,Delivered Late,4
6200,6200,Bluedart,Bengaluru,2025-12-22,2025-12-25,Delivered Late,3
6201,6201,Ekart Logistics,Thiruvananthapuram,2025-10-28,2025-11-02,Delivered Late,3
6202,6202,Bluedart,Amritsar,2025-12-15,2025-12-20,Delivered,5
6203,6203,Delhivery,Jaipur,2026-01-09,2026-01-13,Delivered,5
6204,6204,Ecom Express,Surat,2026-01-17,2026-01-24,Returned,7
6205,6205,Delhivery,Bhopal,2026-05-11,2026-05-20,Delivered Late,7
6206,6206,Delhivery,Kanpur,2025-07-31,2025-08-01,Delivered,2
6207,6207,Xpressbees,Ahmedabad,2026-07-01,2026-07-07,Delivered,6
6208,6208,Ekart Logistics,Chennai,2026-07-24,2026-07-30,Delivered Late,5
6209,6209,Bluedart,Coimbatore,2025-10-04,2025-10-08,Delivered Late,3
6210,6210,Ekart Logistics,Kanpur,2024-07-01,2024-07-03,Delivered Late,2
6211,6211,Xpressbees,Kanpur,2025-12-16,2025-12-17,Delivered,2
6212,6212,Ekart Logistics,Vadodara,2026-04-19,2026-04-22,Delivered,3
6213,6213,Ecom Express,Delhi,2025-12-13,2025-12-18,Delivered,6
6214,6214,Xpressbees,Bhopal,2025-08-15,2025-08-22,Delivered,7
6215,6215,Ecom Express,Delhi,2025-01-10,2025-01-16,Delivered,7
6216,6216,Bluedart,Delhi,2025-09-13,2025-09-20,Delivered Late,5
6217,6217,DTDC,Indore,,,Not Shipped,7
6218,6218,Ekart Logistics,Lucknow,2025-02-02,2025-02-05,Delivered,4
6219,6219,Bluedart,Ranchi,,,Not Shipped,3
6220,6220,Ecom Express,Chandigarh,2026-06-23,2026-06-28,Delivered Late,5
6221,6221,Bluedart,Mumbai,2025-12-27,2026-01-04,Delivered Late,6
6222,6222,Delhivery,Bengaluru,2025-03-26,2025-04-01,Delivered Late,5
6223,6223,Bluedart,Bhopal,,,Processing,7
6224,6224,DTDC,Chandigarh,2026-04-26,2026-04-30,Delivered,4
6225,6225,Bluedart,Nagpur,,,Processing,4
6226,6226,Delhivery,Kolkata,2025-09-30,2025-10-06,Delivered,6
6227,6227,Bluedart,Delhi,2026-03-21,2026-03-27,Returned,6
6228,6228,DTDC,Amritsar,2025-09-28,2025-10-02,Delivered Late,3
6229,6229,Xpressbees,Nashik,2023-09-26,2023-10-03,Delivered Late,5
6230,6230,Ecom Express,Hyderabad,2025-11-22,2025-11-26,Delivered,4
6231,6231,Delhivery,Ranchi,,,Not Shipped,7
6232,6232,Ekart Logistics,Bengaluru,2025-11-08,2025-11-14,Delivered Late,4
6233,6233,DTDC,Jaipur,2025-06-09,2025-06-12,Delivered,4
6234,6234,Delhivery,Mumbai,2025-03-28,2025-04-01,Delivered,4
6235,6235,Xpressbees,Ranchi,2025-10-25,2025-10-28,Delivered Late,3
6236,6236,Ekart Logistics,Coimbatore,2026-02-23,2026-02-28,Returned,5
6237,6237,Ecom Express,Lucknow,2025-02-16,2025-02-22,Delivered,6
6238,6238,Bluedart,Indore,2026-03-05,2026-03-11,Delivered Late,5
6239,6239,Ecom Express,Mysuru,2025-10-05,2025-10-08,Delivered Late,3
6240,6240,Delhivery,Chennai,2025-08-03,2025-08-08,Delivered Late,4
6241,6241,Xpressbees,Thiruvananthapuram,2025-02-20,2025-02-22,Delivered,3
6242,6242,Xpressbees,Bhopal,2025-09-13,2025-09-16,Delivered,3
6243,6243,Ekart Logistics,Chennai,2025-04-23,2025-04-27,Delivered,4
6244,6244,Ekart Logistics,Hyderabad,2026-08-17,2026-08-22,Delivered,5
6245,6245,DTDC,Bhubaneswar,2026-03-10,2026-03-14,Delivered,5
6246,6246,Ecom Express,Bengaluru,2025-10-14,2025-10-18,Delivered Late,3
6247,6247,Xpressbees,Mysuru,2025-09-08,2025-09-15,Delivered,7
6248,6248,Xpressbees,Chandigarh,2026-03-08,2026-03-14,Delivered Late,5
6249,6249,Bluedart,Thiruvananthapuram,2025-12-09,2025-12-15,Delivered Late,6
6250,6250,Ecom Express,Kochi,2025-08-14,2025-08-17,Delivered,4
6251,6251,Delhivery,Bhopal,2024-11-17,2024-11-22,Delivered Late,4
6252,6252,Ekart Logistics,Kochi,2026-03-18,2026-03-26,Returned,5
6253,6253,Xpressbees,Hyderabad,2026-01-19,2026-01-20,Delivered,2
6254,6254,DTDC,Chennai,2025-07-24,2025-07-31,Delivered,7
6255,6255,Bluedart,Bengaluru,2025-10-17,2025-10-23,Delivered,6
6256,6256,DTDC,Chandigarh,2026-01-28,2026-02-03,Returned,7
6257,6257,Bluedart,Jaipur,2025-12-18,2025-12-20,Delivered Late,2
6258,6258,Ecom Express,Delhi,2026-03-24,2026-03-26,Delivered,2
6259,6259,Delhivery,Delhi,2026-02-02,2026-02-05,Delivered,3
6260,6260,Delhivery,Patna,2025-08-17,2025-08-23,Delivered Late,5
6261,6261,Xpressbees,Bengaluru,2026-08-02,2026-08-06,Delivered Late,2
6262,6262,Bluedart,Vadodara,2026-03-20,2026-03-26,Delivered Late,5
6263,6263,Delhivery,Bhubaneswar,2025-04-09,2025-04-14,Delivered Late,4
6264,6264,Ekart Logistics,Patna,2025-09-08,2025-09-14,Delivered Late,5
6265,6265,Ekart Logistics,Bengaluru,2025-11-22,2025-11-27,Delivered,5
6266,6266,Ekart Logistics,Mysuru,2025-10-20,2025-10-23,Delivered,3
6267,6267,Ecom Express,Nashik,2025-07-10,2025-07-16,Delivered,7
6268,6268,DTDC,Ranchi,2024-12-02,2024-12-08,Delivered,6
6269,6269,Ecom Express,Thiruvananthapuram,,,Not Shipped,5
6270,6270,Xpressbees,Ahmedabad,2026-04-29,2026-05-07,Delivered Late,7
6271,6271,DTDC,Chennai,2026-06-14,2026-06-21,Delivered Late,7
6272,6272,DTDC,Thiruvananthapuram,2025-12-17,,In Transit,3
6273,6273,Ekart Logistics,Bengaluru,2026-03-21,2026-03-28,Delivered,7
6274,6274,Xpressbees,Indore,2025-12-14,2025-12-20,Delivered,7
6275,6275,Ekart Logistics,Bhubaneswar,2025-03-19,2025-03-21,Delivered,3
6276,6276,Bluedart,Lucknow,2023-12-29,2024-01-03,Delivered Late,3
6277,6277,Ecom Express,Mysuru,2026-04-08,2026-04-14,Delivered Late,5
6278,6278,Ekart Logistics,Jaipur,,,Processing,6
6279,6279,Ekart Logistics,Delhi,2025-10-10,2025-10-16,Delivered,7
6280,6280,Xpressbees,Chandigarh,2025-12-15,,In Transit,7
6281,6281,Ekart Logistics,Mumbai,2025-11-26,2025-11-30,Delivered Late,2
6282,6282,Ecom Express,Vadodara,2026-01-30,2026-02-05,Delivered,6
6283,6283,DTDC,Surat,2026-07-22,2026-07-30,Delivered Late,6
6284,6284,Delhivery,Ranchi,2025-10-13,2025-10-15,Delivered,3
6285,6285,Ecom Express,Bhubaneswar,2026-01-12,2026-01-17,Delivered,5
6286,6286,Bluedart,Jaipur,2025-11-10,2025-11-16,Delivered,7
6287,6287,Delhivery,Ranchi,2025-02-28,2025-03-07,Delivered Late,4
6288,6288,Bluedart,Bhubaneswar,2025-07-25,2025-07-30,Delivered,5
6289,6289,DTDC,Ranchi,2025-03-24,2025-03-29,Delivered,5
6290,6290,Bluedart,Indore,2026-02-03,2026-02-07,Delivered,5
6291,6291,Bluedart,Nashik,2024-11-20,2024-11-29,Delivered Late,7
6292,6292,DTDC,Amritsar,2024-09-23,2024-09-26,Delivered,3
6293,6293,Ekart Logistics,Nashik,2026-08-17,2026-08-25,Delivered Late,6
6294,6294,Ecom Express,Mumbai,2025-12-05,2025-12-11,Delivered,6
6295,6295,Xpressbees,Indore,2025-06-20,2025-06-22,Delivered,3
6296,6296,Ekart Logistics,Pune,2024-11-15,2024-11-17,Delivered,2
6297,6297,Ecom Express,Ahmedabad,2026-01-20,2026-01-22,Returned,2
6298,6298,Xpressbees,Coimbatore,,,Not Shipped,7
6299,6299,Bluedart,Kanpur,2026-03-05,2026-03-10,Delivered Late,2
6300,6300,Ekart Logistics,Patna,2025-06-23,2025-06-29,Delivered Late,4
6301,6301,Delhivery,Pune,2025-05-04,,In Transit,5
6302,6302,Ekart Logistics,Thiruvananthapuram,2026-01-16,2026-01-20,Delivered Late,3
6303,6303,Delhivery,Patna,2026-03-21,2026-03-22,Delivered,2
6304,6304,Delhivery,Patna,2026-02-06,2026-02-11,Delivered,6
6305,6305,DTDC,Lucknow,2025-11-18,2025-11-20,Delivered,2
6306,6306,Xpressbees,Mumbai,2026-02-20,2026-02-26,Delivered,6
6307,6307,Xpressbees,Ranchi,2026-07-18,2026-07-25,Delivered Late,6
6308,6308,Ekart Logistics,Lucknow,2025-07-09,2025-07-13,Delivered,4
6309,6309,Bluedart,Chandigarh,2025-09-28,2025-10-04,Delivered,7
6310,6310,Bluedart,Mumbai,2025-12-09,2025-12-18,Delivered Late,7
6311,6311,Xpressbees,Amritsar,2026-07-10,2026-07-17,Returned,6
6312,6312,Bluedart,Patna,2025-08-29,2025-09-05,Delivered Late,7
6313,6313,Bluedart,Mumbai,2025-04-09,2025-04-14,Delivered Late,5
6314,6314,Ecom Express,Indore,2024-01-23,2024-01-28,Delivered,5
6315,6315,Bluedart,Jaipur,2026-03-20,2026-03-23,Delivered,4
6316,6316,Ekart Logistics,Vadodara,2025-01-13,2025-01-14,Delivered,2
6317,6317,Ecom Express,Ranchi,2026-03-13,2026-03-15,Delivered,2
6318,6318,Bluedart,Ahmedabad,,,Not Shipped,6
6319,6319,Xpressbees,Delhi,2026-08-14,2026-08-19,Delivered Late,4
6320,6320,Ecom Express,Lucknow,2026-03-28,2026-03-31,Delivered Late,2
6321,6321,Delhivery,Coimbatore,2024-11-24,2024-11-27,Delivered,3
6322,6322,DTDC,Kolkata,2025-04-02,2025-04-07,Returned,5
6323,6323,Bluedart,Thiruvananthapuram,2025-12-03,2025-12-09,Delivered Late,5
6324,6324,Bluedart,Ahmedabad,2026-01-08,2026-01-18,Delivered Late,7
6325,6325,Xpressbees,Bhubaneswar,2025-12-30,,In Transit,4
6326,6326,Xpressbees,Ahmedabad,2025-08-03,2025-08-06,Delivered,4
6327,6327,Xpressbees,Bhopal,2024-08-09,,In Transit,7
6328,6328,DTDC,Coimbatore,2025-06-19,2025-06-20,Delivered,2
6329,6329,Delhivery,Lucknow,2025-08-14,2025-08-18,Delivered Late,3
6330,6330,Xpressbees,Mysuru,2026-06-03,2026-06-07,Delivered,5
6331,6331,Bluedart,Lucknow,2026-05-20,2026-05-24,Delivered,4
6332,6332,Ekart Logistics,Indore,2025-03-31,2025-04-07,Returned,7
6333,6333,Ekart Logistics,Chennai,2025-12-25,2026-01-04,Delivered Late,7
6334,6334,Xpressbees,Nashik,2026-05-14,2026-05-19,Delivered Late,4
6335,6335,Xpressbees,Thiruvananthapuram,2025-10-11,2025-10-13,Delivered,2
6336,6336,Ecom Express,Hyderabad,2025-06-09,2025-06-15,Delivered,7
6337,6337,Ekart Logistics,Kochi,2026-07-27,2026-08-03,Delivered Late,5
6338,6338,Delhivery,Coimbatore,2025-12-20,,In Transit,5
6339,6339,Xpressbees,Nagpur,2026-08-17,2026-08-19,Delivered,3
6340,6340,Bluedart,Mumbai,2026-05-14,2026-05-15,Delivered,2
6341,6341,Bluedart,Mysuru,2025-09-24,2025-09-29,Delivered,6
6342,6342,DTDC,Coimbatore,2025-01-17,2025-01-24,Delivered,7
6343,6343,Delhivery,Vadodara,2025-04-22,2025-04-27,Delivered Late,3
6344,6344,Ecom Express,Amritsar,2024-12-01,2024-12-07,Returned,4
6345,6345,Bluedart,Kolkata,,,Not Shipped,6
6346,6346,Delhivery,Chandigarh,2024-12-14,2024-12-16,Returned,2
6347,6347,Ecom Express,Kanpur,2026-06-22,2026-06-28,Delivered,7
6348,6348,Bluedart,Bengaluru,2024-02-09,2024-02-12,Delivered,3
6349,6349,Delhivery,Bhubaneswar,2026-03-11,2026-03-16,Delivered,5
6350,6350,DTDC,Hyderabad,2026-07-23,2026-07-28,Delivered,5
6351,6351,DTDC,Nashik,2026-03-14,2026-03-20,Delivered,7
6352,6352,Delhivery,Bhubaneswar,2026-05-22,2026-05-23,Delivered,2
6353,6353,Ekart Logistics,Hyderabad,2025-04-02,2025-04-07,Delivered Late,3
6354,6354,Bluedart,Indore,2026-07-14,2026-07-19,Delivered,5
6355,6355,Bluedart,Patna,,,Not Shipped,4
6356,6356,DTDC,Delhi,2026-01-26,2026-01-28,Delivered,3
6357,6357,Delhivery,Delhi,2025-11-22,2025-12-01,Delivered Late,7
6358,6358,Ecom Express,Pune,2024-12-22,2024-12-26,Delivered Late,4
6359,6359,DTDC,Mysuru,2025-03-16,2025-03-21,Delivered,5
6360,6360,Delhivery,Mumbai,2026-01-19,2026-01-21,Delivered,2
6361,6361,DTDC,Lucknow,2025-07-18,2025-07-24,Delivered Late,5
6362,6362,Ekart Logistics,Delhi,2025-12-10,2025-12-16,Delivered,6
6363,6363,Xpressbees,Ahmedabad,2025-11-07,2025-11-10,Delivered Late,2
6364,6364,Xpressbees,Thiruvananthapuram,2026-06-04,2026-06-09,Delivered,6
6365,6365,Ecom Express,Coimbatore,2025-05-14,2025-05-21,Delivered,7
6366,6366,DTDC,Lucknow,2025-03-09,2025-03-14,Delivered,5
6367,6367,Ekart Logistics,Mumbai,2025-02-24,2025-03-02,Delivered,6
6368,6368,Bluedart,Lucknow,2026-03-30,2026-04-04,Delivered Late,5
6369,6369,Ecom Express,Kochi,2025-03-30,2025-04-07,Delivered Late,7
6370,6370,Ecom Express,Surat,2024-11-24,2024-11-29,Delivered,6
6371,6371,Bluedart,Lucknow,2026-04-03,2026-04-07,Returned,4
6372,6372,Ecom Express,Nashik,2026-07-06,2026-07-13,Delivered Late,6
6373,6373,Bluedart,Chennai,2026-01-31,2026-02-06,Delivered,6
6374,6374,Xpressbees,Thiruvananthapuram,2026-01-06,2026-01-14,Delivered Late,7
6375,6375,Ecom Express,Amritsar,2025-11-21,2025-11-25,Delivered Late,4
6376,6376,Ecom Express,Kochi,2026-02-22,2026-02-27,Delivered Late,5
6377,6377,Bluedart,Mysuru,,,Not Shipped,4
6378,6378,Delhivery,Nagpur,,,Not Shipped,6
6379,6379,DTDC,Delhi,2025-01-31,2025-02-07,Delivered,7
6380,6380,Ecom Express,Indore,2025-08-10,2025-08-15,Delivered Late,3
6381,6381,Ekart Logistics,Kochi,2025-12-02,,In Transit,4
6382,6382,Ekart Logistics,Kanpur,2025-11-26,2025-12-01,Delivered Late,3
6383,6383,Xpressbees,Ranchi,2026-06-16,2026-06-19,Delivered Late,3
6384,6384,Xpressbees,Pune,2025-09-29,2025-10-02,Delivered,4
6385,6385,Ekart Logistics,Vadodara,2025-03-14,2025-03-18,Delivered,5
6386,6386,Xpressbees,Pune,2025-07-15,2025-07-16,Delivered,2
6387,6387,Ecom Express,Jaipur,2025-12-09,2025-12-13,Delivered,5
6388,6388,Ecom Express,Mumbai,2025-12-06,2025-12-11,Delivered,6
6389,6389,Ecom Express,Bhubaneswar,2024-10-29,2024-11-01,Delivered,3
6390,6390,Xpressbees,Nagpur,2025-09-05,2025-09-09,Delivered,4
6391,6391,Xpressbees,Bengaluru,2025-12-15,2025-12-17,Delivered,2
6392,6392,DTDC,Chennai,2025-08-10,2025-08-12,Delivered,3
6393,6393,DTDC,Lucknow,2026-05-31,2026-06-03,Delivered,3
6394,6394,Ecom Express,Ranchi,2026-08-18,2026-08-19,Delivered,2
6395,6395,Ekart Logistics,Delhi,2025-12-10,2025-12-15,Delivered,5
6396,6396,Bluedart,Guwahati,2025-01-24,2025-01-29,Delivered,6
6397,6397,DTDC,Bhopal,2026-06-14,2026-06-18,Delivered Late,2
6398,6398,Ecom Express,Mysuru,2025-11-16,2025-11-18,Delivered,3
6399,6399,Delhivery,Coimbatore,2025-09-12,,In Transit,5
6400,6400,Bluedart,Ahmedabad,2025-04-15,,In Transit,2
6401,6401,DTDC,Coimbatore,2026-04-29,2026-05-07,Delivered Late,7
6402,6402,Ekart Logistics,Chennai,,,Not Shipped,5
6403,6403,DTDC,Hyderabad,,,Processing,5
6404,6404,DTDC,Pune,,,Processing,5
6405,6405,Bluedart,Ahmedabad,2026-06-30,2026-07-07,Delivered,7
6406,6406,Xpressbees,Jaipur,2026-02-05,2026-02-08,Delivered,3
6407,6407,Ecom Express,Kolkata,2025-02-03,2025-02-11,Delivered Late,5
6408,6408,Ecom Express,Ahmedabad,2025-11-18,2025-11-22,Delivered,5
6409,6409,Ecom Express,Kanpur,2026-06-07,2026-06-12,Delivered,5
6410,6410,Delhivery,Pune,2026-05-04,2026-05-09,Delivered,5
6411,6411,Bluedart,Mumbai,2025-09-19,2025-09-23,Delivered,5
6412,6412,DTDC,Coimbatore,2024-10-26,2024-10-28,Delivered Late,2
6413,6413,DTDC,Kolkata,2025-04-25,2025-04-28,Delivered,4
6414,6414,Bluedart,Hyderabad,2026-03-16,2026-03-23,Delivered Late,7
6415,6415,Bluedart,Chennai,2025-04-11,2025-04-16,Delivered,6
6416,6416,Bluedart,Mysuru,2024-08-31,2024-09-08,Delivered Late,7
6417,6417,Bluedart,Chennai,2026-01-23,2026-01-31,Delivered Late,6
6418,6418,Ecom Express,Indore,2025-11-17,2025-11-19,Delivered,3
6419,6419,Ecom Express,Kanpur,2026-07-04,2026-07-07,Delivered,4
6420,6420,DTDC,Hyderabad,2025-11-17,2025-11-22,Delivered,6
6421,6421,DTDC,Chandigarh,2026-06-30,2026-07-06,Delivered,6
6422,6422,Ekart Logistics,Patna,2024-10-16,2024-10-24,Delivered Late,7
6423,6423,Xpressbees,Hyderabad,2024-10-23,2024-10-28,Delivered,5
6424,6424,Ecom Express,Bhopal,2026-02-25,2026-02-26,Delivered,2
6425,6425,DTDC,Chennai,2025-11-27,2025-11-29,Delivered,3
6426,6426,DTDC,Amritsar,2024-08-26,2024-09-01,Delivered,7
6427,6427,DTDC,Amritsar,2025-02-19,,In Transit,5
6428,6428,Bluedart,Thiruvananthapuram,2025-10-16,2025-10-23,Delivered,7
6429,6429,Ecom Express,Pune,2025-11-08,2025-11-13,Delivered,6
6430,6430,Xpressbees,Coimbatore,2025-12-05,2025-12-10,Delivered Late,3
6431,6431,Ekart Logistics,Vadodara,2025-12-13,2025-12-14,Delivered,2
6432,6432,Ekart Logistics,Vadodara,2025-06-19,2025-06-23,Delivered Late,2
6433,6433,Delhivery,Patna,2026-05-14,2026-05-19,Delivered Late,4
6434,6434,DTDC,Lucknow,2026-03-26,2026-04-02,Delivered,7
6435,6435,Bluedart,Kolkata,2025-10-13,2025-10-18,Delivered,6
6436,6436,Bluedart,Lucknow,2026-04-13,2026-04-20,Delivered,7
6437,6437,DTDC,Surat,2024-12-04,2024-12-06,Returned,3
6438,6438,Xpressbees,Mysuru,2026-07-15,2026-07-18,Delivered,3
6439,6439,DTDC,Chennai,2025-12-09,2025-12-12,Delivered,4
6440,6440,Delhivery,Guwahati,2026-05-23,2026-05-30,Delivered Late,4
6441,6441,DTDC,Amritsar,2025-03-14,2025-03-24,Delivered Late,7
6442,6442,Ecom Express,Amritsar,,,Not Shipped,4
6443,6443,Ekart Logistics,Lucknow,2026-03-13,2026-03-16,Returned,3
6444,6444,Bluedart,Indore,2024-11-20,2024-11-21,Returned,2
6445,6445,Bluedart,Ranchi,2025-11-22,2025-11-25,Delivered Late,3
6446,6446,Delhivery,Vadodara,2026-06-10,2026-06-19,Delivered Late,7
6447,6447,DTDC,Pune,2024-09-20,2024-09-26,Delivered Late,6
6448,6448,Xpressbees,Delhi,2025-01-29,2025-02-01,Delivered,4
6449,6449,Bluedart,Chandigarh,,,Not Shipped,4
6450,6450,Delhivery,Ranchi,2025-07-01,2025-07-05,Delivered,4
6451,6451,Xpressbees,Kanpur,2026-01-02,2026-01-06,Delivered Late,3
6452,6452,Delhivery,Ahmedabad,2025-11-05,2025-11-10,Returned,4
6453,6453,Ecom Express,Jaipur,2026-07-01,2026-07-07,Returned,7
6454,6454,Ecom Express,Chandigarh,2026-03-21,2026-03-27,Delivered Late,6
6455,6455,Xpressbees,Mysuru,2025-01-30,2025-02-02,Delivered,4
6456,6456,Ekart Logistics,Vadodara,2024-11-30,2024-12-02,Delivered,3
6457,6457,Delhivery,Kanpur,,,Processing,5
6458,6458,Delhivery,Kochi,2025-07-22,2025-07-25,Delivered Late,2
6459,6459,Delhivery,Kanpur,2026-05-25,2026-05-27,Delivered,3
6460,6460,Xpressbees,Bhubaneswar,2025-05-03,2025-05-08,Delivered,5
6461,6461,Xpressbees,Hyderabad,2026-04-16,2026-04-23,Delivered Late,6
6462,6462,Ekart Logistics,Jaipur,2025-10-31,2025-11-05,Delivered,5
6463,6463,Ecom Express,Mumbai,2026-04-13,2026-04-19,Delivered,6
6464,6464,Ecom Express,Ahmedabad,2026-01-27,2026-02-02,Delivered Late,3
6465,6465,Xpressbees,Pune,2025-02-15,2025-02-17,Delivered,3
6466,6466,Xpressbees,Mysuru,2024-04-23,2024-04-27,Delivered Late,3
6467,6467,Ecom Express,Lucknow,2026-01-10,2026-01-15,Delivered Late,3
6468,6468,Xpressbees,Mumbai,2026-07-10,2026-07-17,Delivered,7
6469,6469,Ekart Logistics,Bengaluru,2025-04-09,2025-04-17,Delivered Late,6
6470,6470,Ecom Express,Thiruvananthapuram,2026-04-02,2026-04-08,Delivered Late,5
6471,6471,Ekart Logistics,Kanpur,2026-04-15,2026-04-19,Delivered,4
6472,6472,Bluedart,Mumbai,2025-09-26,2025-09-28,Delivered,3
6473,6473,Xpressbees,Coimbatore,2026-02-03,2026-02-08,Delivered,6
6474,6474,DTDC,Kochi,2024-10-28,2024-11-03,Delivered,7
6475,6475,Ekart Logistics,Mysuru,2025-08-28,2025-09-04,Delivered Late,6
6476,6476,Ekart Logistics,Vadodara,2026-02-15,2026-02-23,Delivered Late,7
6477,6477,Ecom Express,Nashik,2026-05-15,2026-05-20,Delivered Late,3
6478,6478,Delhivery,Nagpur,2026-01-25,,In Transit,3
6479,6479,Bluedart,Patna,2024-10-04,,In Transit,7
6480,6480,Bluedart,Patna,2026-03-17,2026-03-19,Delivered,3
6481,6481,Ekart Logistics,Bengaluru,,,Processing,5
6482,6482,Xpressbees,Amritsar,2025-11-04,2025-11-11,Delivered,7
6483,6483,Ekart Logistics,Bhubaneswar,2024-04-15,2024-04-23,Delivered Late,7
6484,6484,Delhivery,Indore,2025-12-02,2025-12-05,Delivered Late,3
6485,6485,Xpressbees,Coimbatore,2026-04-26,2026-05-03,Delivered,7
6486,6486,Bluedart,Jaipur,2026-02-07,2026-02-13,Delivered,7
6487,6487,Delhivery,Ahmedabad,2025-11-30,2025-12-07,Delivered Late,4
6488,6488,Ekart Logistics,Mumbai,2026-04-24,2026-04-30,Delivered,7
6489,6489,Delhivery,Bhubaneswar,2025-10-28,2025-11-03,Delivered,7
6490,6490,Xpressbees,Kochi,2026-07-02,2026-07-08,Delivered Late,6
6491,6491,Delhivery,Surat,2025-05-05,2025-05-10,Delivered,6
6492,6492,Ecom Express,Kolkata,,,Processing,5
6493,6493,Ecom Express,Mumbai,2025-02-14,2025-02-15,Delivered,2
6494,6494,Delhivery,Hyderabad,2026-08-08,2026-08-11,Delivered Late,2
6495,6495,Ekart Logistics,Coimbatore,2025-03-12,2025-03-16,Delivered,5
6496,6496,Ecom Express,Patna,,,Not Shipped,6
6497,6497,DTDC,Nagpur,2025-06-21,2025-06-25,Delivered,4
6498,6498,Xpressbees,Mumbai,2026-06-15,2026-06-16,Delivered,2
6499,6499,DTDC,Ahmedabad,2025-07-21,2025-07-25,Delivered,5
6500,6500,DTDC,Nagpur,2024-07-24,2024-07-27,Delivered Late,2
6501,6501,Xpressbees,Surat,2026-06-03,2026-06-09,Delivered,6
6502,6502,Ecom Express,Lucknow,2024-08-16,2024-08-21,Delivered,5
6503,6503,Delhivery,Ahmedabad,2025-06-21,2025-06-25,Delivered Late,2
6504,6504,Ecom Express,Hyderabad,2025-11-27,,In Transit,6
6505,6505,Ecom Express,Ahmedabad,2026-02-28,2026-03-07,Delivered Late,4
6506,6506,Xpressbees,Bengaluru,,,Not Shipped,7
6507,6507,Ecom Express,Ahmedabad,2025-07-12,2025-07-17,Delivered,5
6508,6508,Bluedart,Bengaluru,2025-09-22,2025-09-25,Delivered,3
6509,6509,Ecom Express,Pune,2025-08-31,2025-09-02,Delivered,3
6510,6510,Ekart Logistics,Bhubaneswar,2024-08-28,2024-09-01,Delivered,4
6511,6511,Ekart Logistics,Chandigarh,2026-06-07,2026-06-10,Delivered,4
6512,6512,Xpressbees,Surat,2024-04-16,2024-04-20,Delivered,4
6513,6513,DTDC,Hyderabad,2024-11-29,2024-12-01,Delivered,2
6514,6514,Ecom Express,Bhopal,2025-11-27,2025-12-03,Delivered Late,4
6515,6515,Bluedart,Nagpur,2025-04-21,2025-04-25,Delivered,5
6516,6516,Xpressbees,Bhubaneswar,2024-08-10,,In Transit,4
6517,6517,Ecom Express,Bhopal,2025-09-20,2025-09-24,Delivered,4
6518,6518,Bluedart,Kolkata,2026-02-05,2026-02-12,Delivered,7
6519,6519,Ecom Express,Patna,2025-02-21,2025-02-25,Delivered,5
6520,6520,Delhivery,Thiruvananthapuram,2026-06-18,2026-06-20,Delivered,2
6521,6521,Bluedart,Bhopal,2025-10-24,2025-10-30,Delivered Late,4
6522,6522,Ecom Express,Thiruvananthapuram,2026-02-08,2026-02-13,Delivered Late,3
6523,6523,Xpressbees,Mysuru,2025-07-24,2025-08-01,Delivered Late,5
6524,6524,Delhivery,Surat,2026-04-01,2026-04-06,Delivered Late,3
6525,6525,DTDC,Thiruvananthapuram,2024-03-31,2024-04-09,Delivered Late,7
6526,6526,Xpressbees,Amritsar,2024-10-26,2024-10-31,Delivered Late,4
6527,6527,Xpressbees,Ranchi,2025-12-10,2025-12-15,Delivered Late,2
6528,6528,Ekart Logistics,Chennai,2026-03-19,2026-03-26,Delivered,7
6529,6529,Ekart Logistics,Ranchi,,,Not Shipped,5
6530,6530,Bluedart,Indore,2026-03-04,,In Transit,3
6531,6531,Xpressbees,Amritsar,2026-06-13,2026-06-19,Returned,6
6532,6532,Ekart Logistics,Mumbai,2024-06-15,2024-06-21,Delivered,7
6533,6533,Ecom Express,Indore,2025-01-16,2025-01-21,Delivered,6
6534,6534,DTDC,Hyderabad,2026-08-17,,In Transit,3
6535,6535,DTDC,Ranchi,2026-03-24,2026-03-28,Delivered,4
6536,6536,DTDC,Hyderabad,,,Processing,5
6537,6537,Xpressbees,Thiruvananthapuram,2025-09-29,2025-10-03,Delivered Late,3
6538,6538,Delhivery,Jaipur,2026-06-24,2026-06-29,Delivered Late,4
6539,6539,Ecom Express,Amritsar,,,Processing,2
6540,6540,DTDC,Chandigarh,2025-12-27,2026-01-01,Delivered,6
6541,6541,DTDC,Hyderabad,2026-01-17,2026-01-24,Returned,4
6542,6542,DTDC,Hyderabad,,,Not Shipped,4
6543,6543,Delhivery,Bengaluru,2026-06-08,2026-06-10,Delivered,3
6544,6544,Ekart Logistics,Vadodara,2026-04-16,2026-04-21,Delivered Late,3
6545,6545,Ecom Express,Hyderabad,2026-06-12,2026-06-18,Delivered,7
6546,6546,DTDC,Indore,2025-12-31,2026-01-06,Delivered Late,6
6547,6547,Xpressbees,Kochi,2026-01-01,2026-01-10,Delivered Late,7
6548,6548,Ecom Express,Kanpur,2024-11-14,2024-11-20,Delivered,6
6549,6549,Ecom Express,Mysuru,2025-10-11,,In Transit,4
6550,6550,Ecom Express,Nashik,2026-01-13,2026-01-20,Delivered Late,6
6551,6551,Bluedart,Amritsar,2026-03-14,2026-03-18,Delivered,4
6552,6552,Delhivery,Indore,2025-03-24,2025-03-30,Delivered,6
6553,6553,Ecom Express,Chandigarh,2025-12-03,2025-12-08,Delivered,5
6554,6554,Ecom Express,Delhi,2025-11-05,2025-11-09,Delivered,5
6555,6555,Ecom Express,Nagpur,2025-08-11,2025-08-17,Delivered,6
6556,6556,DTDC,Coimbatore,2026-05-19,2026-05-26,Delivered,7
6557,6557,DTDC,Indore,2025-06-09,2025-06-13,Delivered,5
6558,6558,Delhivery,Vadodara,2026-04-19,2026-04-20,Delivered,2
6559,6559,Xpressbees,Bengaluru,2026-04-21,2026-04-27,Delivered,7
6560,6560,Delhivery,Bengaluru,2026-03-06,2026-03-10,Delivered Late,3
6561,6561,DTDC,Amritsar,2024-12-25,2025-01-02,Delivered Late,6
6562,6562,Delhivery,Hyderabad,2026-02-25,2026-03-04,Delivered Late,7
6563,6563,Ekart Logistics,Coimbatore,2023-10-22,2023-10-24,Delivered,3
6564,6564,Bluedart,Nashik,2026-06-09,2026-06-12,Delivered Late,3
6565,6565,Ecom Express,Amritsar,2025-06-25,2025-07-02,Delivered,7
6566,6566,Delhivery,Lucknow,2025-09-07,2025-09-14,Delivered Late,4
6567,6567,Ekart Logistics,Bhopal,2025-11-05,2025-11-07,Delivered Late,2
6568,6568,Delhivery,Kolkata,2025-12-05,2025-12-11,Delivered Late,5
6569,6569,Ecom Express,Bhubaneswar,2026-01-26,2026-02-04,Delivered Late,7
6570,6570,Ekart Logistics,Amritsar,2026-03-22,2026-03-24,Delivered,2
6571,6571,Delhivery,Vadodara,2026-02-26,2026-03-04,Delivered,6
6572,6572,Ecom Express,Delhi,2026-05-14,2026-05-18,Delivered Late,3
6573,6573,DTDC,Chennai,2025-07-14,2025-07-17,Delivered Late,2
6574,6574,DTDC,Coimbatore,2025-09-25,2025-09-29,Delivered,5
6575,6575,Xpressbees,Kolkata,2025-10-18,2025-10-24,Delivered,7
6576,6576,Ecom Express,Amritsar,2025-09-07,2025-09-11,Delivered,4
6577,6577,Xpressbees,Bhopal,,,Not Shipped,6
6578,6578,Bluedart,Vadodara,2025-02-19,2025-02-23,Delivered,4
6579,6579,Delhivery,Nashik,2026-01-24,,In Transit,5
6580,6580,Ecom Express,Guwahati,2026-02-08,2026-02-11,Delivered,3
6581,6581,Ecom Express,Hyderabad,2026-05-02,2026-05-08,Delivered Late,5
6582,6582,Ecom Express,Kanpur,2024-05-24,2024-05-28,Returned,4
6583,6583,Bluedart,Ranchi,2026-05-08,2026-05-11,Delivered Late,2
6584,6584,Ecom Express,Coimbatore,2026-06-25,2026-06-27,Delivered,2
6585,6585,Delhivery,Ranchi,2025-05-27,2025-05-30,Delivered,3
6586,6586,Xpressbees,Mumbai,2026-08-09,2026-08-14,Delivered Late,3
6587,6587,Delhivery,Delhi,2025-10-18,2025-10-20,Delivered,2
6588,6588,Ekart Logistics,Mumbai,2024-09-23,2024-09-25,Returned,2
6589,6589,Bluedart,Ranchi,2024-04-24,2024-04-27,Returned,3
6590,6590,Bluedart,Patna,2026-05-18,2026-05-23,Delivered,5
6591,6591,Delhivery,Mumbai,2025-04-23,,In Transit,7
6592,6592,Ekart Logistics,Nagpur,2024-11-12,,In Transit,4
6593,6593,DTDC,Jaipur,2026-02-15,2026-02-19,Delivered,5
6594,6594,Delhivery,Surat,2025-09-19,2025-09-24,Delivered Late,4
6595,6595,Delhivery,Hyderabad,2025-08-08,2025-08-12,Delivered,4
6596,6596,DTDC,Kanpur,2025-02-04,2025-02-08,Delivered,4
6597,6597,Xpressbees,Nashik,2026-02-09,2026-02-17,Delivered Late,7
6598,6598,DTDC,Guwahati,2024-04-26,2024-04-30,Delivered,5
6599,6599,DTDC,Ahmedabad,2024-09-03,2024-09-07,Delivered,5
6600,6600,Xpressbees,Ranchi,2025-09-24,2025-09-30,Delivered Late,6
6601,6601,Xpressbees,Amritsar,2025-01-09,2025-01-12,Delivered Late,2
6602,6602,Bluedart,Guwahati,2026-06-04,2026-06-10,Delivered,6
6603,6603,Ecom Express,Mumbai,2026-05-25,2026-05-29,Delivered Late,3
6604,6604,Ekart Logistics,Kochi,2026-04-25,2026-04-29,Delivered Late,2
6605,6605,DTDC,Nashik,2026-02-19,2026-02-20,Delivered,2
6606,6606,Ecom Express,Chandigarh,2025-03-01,2025-03-03,Delivered,3
6607,6607,Delhivery,Ranchi,2025-02-12,2025-02-21,Delivered Late,7
6608,6608,Ekart Logistics,Pune,2024-03-08,2024-03-15,Delivered,7
6609,6609,DTDC,Indore,2025-11-15,2025-11-21,Delivered,6
6610,6610,Ecom Express,Bengaluru,2025-09-17,2025-09-22,Delivered Late,4
6611,6611,Xpressbees,Mumbai,2026-01-02,2026-01-10,Delivered Late,6
6612,6612,Ecom Express,Mysuru,2026-01-08,,In Transit,3
6613,6613,Delhivery,Bhopal,2024-07-18,2024-07-24,Returned,7
6614,6614,Delhivery,Lucknow,2024-06-20,2024-06-22,Delivered,3
6615,6615,Delhivery,Thiruvananthapuram,,,Processing,7
6616,6616,Delhivery,Indore,2025-08-16,2025-08-24,Delivered Late,5
6617,6617,Xpressbees,Lucknow,2026-06-11,2026-06-17,Returned,5
6618,6618,Delhivery,Ranchi,,,Not Shipped,2
6619,6619,Delhivery,Lucknow,2025-04-10,2025-04-14,Delivered,5
6620,6620,Ekart Logistics,Jaipur,2024-04-29,2024-05-06,Delivered,7
6621,6621,Ecom Express,Nagpur,,,Processing,5
6622,6622,Bluedart,Bengaluru,2025-05-12,2025-05-15,Delivered,4
6623,6623,Ecom Express,Pune,2026-03-10,2026-03-16,Delivered,6
6624,6624,Ecom Express,Pune,2025-12-22,2025-12-27,Delivered,6
6625,6625,Xpressbees,Thiruvananthapuram,2025-11-10,2025-11-15,Delivered,5
6626,6626,Ecom Express,Surat,2025-03-29,2025-03-31,Delivered,3
6627,6627,Delhivery,Ranchi,2025-02-05,2025-02-12,Delivered,7
6628,6628,Delhivery,Indore,2026-05-12,2026-05-19,Delivered,7
6629,6629,Delhivery,Jaipur,2025-09-23,2025-09-28,Delivered,6
6630,6630,DTDC,Nagpur,2025-09-09,2025-09-16,Delivered Late,6
6631,6631,Bluedart,Bhopal,2025-11-27,2025-12-01,Returned,4
6632,6632,Ekart Logistics,Hyderabad,2026-02-13,2026-02-16,Delivered,4
6633,6633,Xpressbees,Kolkata,2026-02-21,2026-02-27,Delivered,7
6634,6634,DTDC,Chennai,2026-04-10,2026-04-13,Delivered,3
6635,6635,Delhivery,Nagpur,2025-12-23,2025-12-30,Delivered Late,5
6636,6636,DTDC,Bengaluru,,,Processing,6
6637,6637,Delhivery,Delhi,2023-11-05,2023-11-06,Delivered,2
6638,6638,Ecom Express,Patna,2025-08-06,2025-08-13,Delivered,7
6639,6639,Ecom Express,Kochi,,,Processing,3
6640,6640,Ecom Express,Vadodara,2026-06-05,2026-06-06,Delivered,2
6641,6641,Ecom Express,Nagpur,2026-05-22,2026-05-23,Delivered,2
6642,6642,Bluedart,Ranchi,2026-01-29,2026-02-04,Delivered,6
6643,6643,Bluedart,Coimbatore,2026-05-13,2026-05-16,Delivered Late,2
6644,6644,Ekart Logistics,Hyderabad,2025-04-17,,In Transit,6
6645,6645,Ekart Logistics,Jaipur,2025-05-16,,In Transit,2
6646,6646,DTDC,Vadodara,2026-05-02,2026-05-07,Returned,6
6647,6647,Bluedart,Nagpur,2025-09-04,,In Transit,3
6648,6648,Delhivery,Delhi,2025-06-16,2025-06-22,Returned,7
6649,6649,Xpressbees,Kanpur,2024-10-13,2024-10-18,Delivered,5
6650,6650,Delhivery,Ranchi,2026-04-12,2026-04-18,Returned,4
6651,6651,Ekart Logistics,Kochi,2025-11-25,2025-11-30,Delivered,6
6652,6652,Ecom Express,Amritsar,2025-11-06,2025-11-07,Delivered,2
6653,6653,Xpressbees,Mysuru,2026-04-22,2026-04-27,Delivered,6
6654,6654,Ekart Logistics,Patna,2025-12-22,2025-12-26,Delivered,4
6655,6655,Bluedart,Delhi,2026-03-20,2026-03-23,Delivered,3
6656,6656,Bluedart,Bhubaneswar,2026-04-16,,In Transit,7
6657,6657,Bluedart,Bhopal,2025-06-17,2025-06-19,Delivered,3
6658,6658,Xpressbees,Lucknow,2024-09-01,2024-09-06,Delivered,6
6659,6659,Xpressbees,Nagpur,2025-05-31,2025-06-04,Delivered Late,2
6660,6660,Delhivery,Nashik,2026-02-13,2026-02-19,Delivered Late,5
6661,6661,Bluedart,Thiruvananthapuram,2025-12-10,2025-12-19,Delivered Late,7
6662,6662,Bluedart,Bhopal,2025-05-01,2025-05-02,Returned,2
6663,6663,Delhivery,Kolkata,2025-07-07,2025-07-12,Delivered Late,2
6664,6664,Ekart Logistics,Coimbatore,2025-10-07,2025-10-10,Delivered,4
6665,6665,Ecom Express,Pune,2025-12-27,2026-01-04,Returned,7
6666,6666,Delhivery,Kanpur,2025-08-02,2025-08-04,Delivered,2
6667,6667,Delhivery,Ranchi,2026-03-01,,In Transit,4
6668,6668,Ekart Logistics,Delhi,2026-01-14,2026-01-19,Delivered Late,3
6669,6669,Delhivery,Mumbai,2025-07-19,2025-07-24,Delivered Late,4
6670,6670,Ecom Express,Kolkata,2026-05-07,2026-05-10,Delivered,3
6671,6671,Bluedart,Jaipur,2026-04-06,2026-04-10,Delivered,4
6672,6672,Ekart Logistics,Pune,2026-03-15,2026-03-20,Delivered,5
6673,6673,Xpressbees,Surat,2025-03-12,2025-03-16,Delivered,4
6674,6674,Ekart Logistics,Chandigarh,2025-11-09,2025-11-11,Delivered,2
6675,6675,Delhivery,Ahmedabad,2025-05-11,2025-05-15,Delivered Late,2
6676,6676,Bluedart,Coimbatore,2026-01-01,2026-01-07,Delivered Late,4
6677,6677,DTDC,Surat,2025-08-07,2025-08-09,Delivered,3
6678,6678,Ecom Express,Thiruvananthapuram,,,Not Shipped,3
6679,6679,Xpressbees,Lucknow,2025-06-19,2025-06-26,Delivered,7
6680,6680,Ekart Logistics,Delhi,2026-07-11,2026-07-15,Delivered,4
6681,6681,Ecom Express,Mysuru,2025-06-24,2025-06-28,Returned,4
6682,6682,Bluedart,Patna,2026-04-06,2026-04-13,Delivered,7
6683,6683,Bluedart,Mumbai,,,Not Shipped,4
6684,6684,DTDC,Coimbatore,,,Processing,2
6685,6685,Bluedart,Ranchi,2025-04-14,2025-04-22,Delivered Late,7
6686,6686,Delhivery,Chennai,,,Not Shipped,5
6687,6687,Xpressbees,Kochi,2026-02-19,2026-02-21,Delivered,3
6688,6688,DTDC,Surat,2025-06-14,2025-06-16,Delivered Late,2
6689,6689,DTDC,Vadodara,2026-06-04,2026-06-09,Delivered,6
6690,6690,Delhivery,Mysuru,2025-10-23,2025-10-27,Delivered,4
6691,6691,DTDC,Amritsar,2024-08-30,2024-09-07,Delivered Late,7
6692,6692,Delhivery,Chennai,2025-09-12,2025-09-15,Delivered Late,2
6693,6693,Ekart Logistics,Coimbatore,2026-03-17,2026-03-18,Delivered,2
6694,6694,Ecom Express,Indore,2025-08-22,2025-08-24,Delivered,2
6695,6695,Ekart Logistics,Bhopal,,,Not Shipped,6
6696,6696,DTDC,Nashik,2025-03-17,2025-03-22,Delivered Late,5
6697,6697,Delhivery,Hyderabad,2024-06-02,2024-06-07,Delivered,6
6698,6698,Ecom Express,Mysuru,2026-06-26,2026-07-01,Delivered Late,5
6699,6699,Delhivery,Nagpur,2026-07-25,2026-07-31,Delivered Late,6
6700,6700,Ecom Express,Chennai,2025-11-15,2025-11-21,Delivered,7
6701,6701,DTDC,Bengaluru,2025-02-26,2025-03-02,Returned,4
6702,6702,Bluedart,Bhubaneswar,2025-10-12,2025-10-18,Delivered,6
6703,6703,Delhivery,Lucknow,2026-02-09,2026-02-13,Delivered,4
6704,6704,DTDC,Ranchi,2026-07-10,2026-07-13,Delivered,4
6705,6705,Delhivery,Indore,2025-02-17,2025-02-24,Delivered Late,7
6706,6706,Ekart Logistics,Delhi,2026-06-22,2026-06-25,Delivered,4
6707,6707,Ekart Logistics,Bengaluru,2025-11-24,2025-11-28,Returned,5
6708,6708,Bluedart,Nagpur,,,Not Shipped,5
6709,6709,Ecom Express,Nagpur,2025-07-31,2025-08-04,Delivered,4
6710,6710,Bluedart,Hyderabad,2025-08-01,2025-08-07,Delivered,6
6711,6711,Delhivery,Hyderabad,,,Processing,2
6712,6712,Ekart Logistics,Delhi,2025-05-31,2025-06-05,Delivered Late,3
6713,6713,DTDC,Mysuru,2026-06-14,2026-06-23,Delivered Late,7
6714,6714,Ekart Logistics,Thiruvananthapuram,2025-11-12,2025-11-17,Delivered,5
6715,6715,DTDC,Bengaluru,2024-11-25,2024-11-30,Delivered,5
6716,6716,Xpressbees,Vadodara,2026-03-29,2026-04-05,Delivered Late,5
6717,6717,Ecom Express,Bengaluru,,,Processing,3
6718,6718,Bluedart,Mysuru,,,Not Shipped,6
6719,6719,Bluedart,Mysuru,2025-12-16,2025-12-23,Delivered,7
6720,6720,Xpressbees,Patna,2026-03-07,2026-03-09,Delivered,3
6721,6721,Xpressbees,Kanpur,2026-01-16,2026-01-21,Delivered,5
6722,6722,Ekart Logistics,Ranchi,2025-11-26,2025-12-01,Delivered,6
6723,6723,DTDC,Vadodara,2023-09-30,2023-10-04,Returned,2
6724,6724,DTDC,Kochi,2025-01-11,2025-01-19,Delivered Late,7
6725,6725,DTDC,Pune,2026-02-06,2026-02-11,Returned,4
6726,6726,Xpressbees,Jaipur,2026-01-12,2026-01-17,Delivered,6
6727,6727,DTDC,Kochi,2025-10-16,2025-10-17,Delivered,2
6728,6728,Ecom Express,Bengaluru,2025-02-15,2025-02-18,Delivered,3
6729,6729,Xpressbees,Guwahati,2025-12-12,2025-12-18,Delivered Late,6
6730,6730,Bluedart,Mysuru,2025-12-20,2025-12-22,Delivered Late,2
6731,6731,Ekart Logistics,Patna,,,Processing,6
6732,6732,Bluedart,Ahmedabad,2026-01-15,2026-01-21,Delivered,6
6733,6733,DTDC,Patna,2026-01-12,2026-01-17,Delivered Late,3
6734,6734,DTDC,Guwahati,2026-05-31,2026-06-06,Delivered,7
6735,6735,DTDC,Kolkata,2026-06-26,2026-07-01,Returned,4
6736,6736,Bluedart,Jaipur,2024-09-27,,In Transit,6
6737,6737,Delhivery,Lucknow,2024-06-27,2024-07-03,Delivered,6
6738,6738,DTDC,Lucknow,,,Not Shipped,5
6739,6739,Bluedart,Mysuru,2026-06-03,2026-06-04,Delivered,2
6740,6740,Bluedart,Vadodara,2026-07-02,2026-07-05,Delivered Late,2
6741,6741,Ekart Logistics,Pune,,,Not Shipped,7
6742,6742,Bluedart,Chandigarh,2026-02-02,2026-02-06,Delivered Late,3
6743,6743,Delhivery,Indore,2025-12-19,2025-12-24,Delivered,6
6744,6744,Xpressbees,Amritsar,2026-01-05,2026-01-10,Delivered Late,4
6745,6745,DTDC,Bengaluru,2025-09-15,2025-09-20,Delivered,6
6746,6746,Delhivery,Hyderabad,2024-03-03,2024-03-09,Delivered,6
6747,6747,Ekart Logistics,Delhi,2026-05-30,2026-06-05,Delivered,7
6748,6748,Bluedart,Nashik,2026-05-30,2026-06-08,Delivered Late,7
6749,6749,Delhivery,Chandigarh,2026-02-03,2026-02-08,Delivered Late,4
6750,6750,DTDC,Chennai,2025-11-16,2025-11-24,Delivered Late,6
6751,6751,Xpressbees,Nagpur,2026-04-08,,In Transit,7
6752,6752,Ecom Express,Amritsar,2026-04-30,2026-05-02,Delivered,2
6753,6753,DTDC,Kanpur,2026-02-27,2026-03-03,Delivered,4
6754,6754,DTDC,Bhubaneswar,2025-10-23,2025-10-31,Delivered Late,7
6755,6755,Ecom Express,Patna,2026-02-16,2026-02-22,Delivered,7
6756,6756,Ekart Logistics,Lucknow,2026-04-30,2026-05-06,Delivered,6
6757,6757,Delhivery,Indore,2026-08-17,2026-08-23,Delivered Late,6
6758,6758,Delhivery,Vadodara,2025-01-29,2025-02-03,Delivered,6
6759,6759,DTDC,Mysuru,2025-11-18,2025-11-19,Delivered,2
6760,6760,Xpressbees,Chennai,2025-04-21,2025-04-24,Delivered Late,2
6761,6761,Bluedart,Kanpur,2026-08-17,2026-08-23,Delivered Late,6
6762,6762,Bluedart,Lucknow,2026-07-16,2026-07-19,Delivered,4
6763,6763,DTDC,Mumbai,,,Not Shipped,4
6764,6764,Bluedart,Surat,2026-02-27,2026-03-06,Delivered Late,6
6765,6765,Xpressbees,Surat,2025-10-02,2025-10-04,Delivered,2
6766,6766,Xpressbees,Ahmedabad,2026-03-22,2026-03-29,Delivered Late,4
6767,6767,Xpressbees,Nashik,2026-05-02,2026-05-06,Delivered,4
6768,6768,Xpressbees,Delhi,,,Not Shipped,7
6769,6769,Bluedart,Vadodara,,,Processing,2
6770,6770,Ecom Express,Mysuru,2024-10-31,2024-11-03,Delivered,4
6771,6771,Bluedart,Thiruvananthapuram,2025-11-10,2025-11-12,Delivered Late,2
6772,6772,Delhivery,Lucknow,2025-10-04,2025-10-10,Delivered Late,5
6773,6773,Delhivery,Mysuru,2026-04-23,2026-04-28,Delivered,6
6774,6774,Delhivery,Mumbai,2025-06-14,2025-06-18,Delivered Late,2
6775,6775,Ecom Express,Nagpur,2026-04-13,2026-04-17,Delivered,4
6776,6776,Xpressbees,Amritsar,2025-05-09,2025-05-12,Delivered,4
6777,6777,Xpressbees,Kochi,,,Not Shipped,6
6778,6778,DTDC,Patna,2026-06-05,2026-06-08,Delivered,3
6779,6779,Ecom Express,Indore,2025-01-26,,In Transit,6
6780,6780,Bluedart,Nashik,2025-05-17,2025-05-20,Delivered,4
6781,6781,Delhivery,Guwahati,2026-04-15,2026-04-20,Delivered,5
6782,6782,DTDC,Nagpur,2026-03-04,2026-03-08,Delivered Late,4
6783,6783,Ekart Logistics,Pune,2024-06-19,2024-06-27,Delivered Late,7
6784,6784,Delhivery,Coimbatore,2024-01-17,2024-01-25,Delivered Late,7
6785,6785,Xpressbees,Vadodara,,,Not Shipped,7
6786,6786,Xpressbees,Delhi,2025-03-28,2025-04-03,Delivered,7
6787,6787,Bluedart,Ranchi,2024-12-07,2024-12-14,Delivered,7
6788,6788,Delhivery,Bhopal,2025-10-18,2025-10-22,Delivered,5
6789,6789,Delhivery,Indore,2026-07-26,2026-07-30,Delivered,5
6790,6790,Ekart Logistics,Bhopal,,,Processing,6
6791,6791,Xpressbees,Delhi,2025-11-24,,In Transit,7
6792,6792,Ekart Logistics,Jaipur,2026-03-13,2026-03-21,Delivered Late,7
6793,6793,DTDC,Thiruvananthapuram,2024-12-17,2024-12-19,Returned,3
6794,6794,Xpressbees,Nagpur,2025-06-18,,In Transit,3
6795,6795,Bluedart,Coimbatore,2026-04-08,2026-04-13,Delivered,6
6796,6796,DTDC,Nagpur,2025-11-04,2025-11-09,Delivered,5
6797,6797,Ecom Express,Thiruvananthapuram,,,Not Shipped,6
6798,6798,Ekart Logistics,Bhubaneswar,2025-10-17,2025-10-23,Delivered,7
6799,6799,Ekart Logistics,Amritsar,2025-07-22,2025-07-24,Delivered,3
6800,6800,Delhivery,Nashik,2025-12-20,2025-12-27,Delivered Late,6
6801,6801,Ekart Logistics,Bengaluru,2025-11-03,,In Transit,4
6802,6802,Ecom Express,Guwahati,2025-12-17,2025-12-22,Delivered,6
6803,6803,Ecom Express,Coimbatore,2025-08-22,2025-08-27,Delivered,6
6804,6804,Xpressbees,Pune,2025-12-29,2026-01-05,Delivered Late,4
6805,6805,Delhivery,Nashik,2024-10-31,2024-11-02,Delivered,2
6806,6806,Ecom Express,Bengaluru,2025-11-07,2025-11-12,Delivered,5
6807,6807,Xpressbees,Surat,2025-07-15,2025-07-16,Delivered,2
6808,6808,Ekart Logistics,Nagpur,2026-02-06,2026-02-09,Delivered,4
6809,6809,Bluedart,Bengaluru,2026-07-05,2026-07-10,Delivered,5
6810,6810,Xpressbees,Nashik,2026-02-15,2026-02-16,Delivered,2
6811,6811,DTDC,Chennai,,,Not Shipped,3
6812,6812,Bluedart,Bhubaneswar,2026-01-05,2026-01-10,Delivered,6
6813,6813,Ecom Express,Surat,2025-03-28,2025-04-01,Delivered,4
6814,6814,Ecom Express,Ranchi,2024-01-09,2024-01-13,Delivered,4
6815,6815,DTDC,Patna,,,Processing,4
6816,6816,Delhivery,Pune,2024-03-10,,In Transit,2
6817,6817,DTDC,Mumbai,,,Not Shipped,7
6818,6818,Bluedart,Kochi,2025-10-01,2025-10-11,Delivered Late,7
6819,6819,Bluedart,Indore,2026-04-06,2026-04-08,Delivered,3
6820,6820,Bluedart,Patna,2025-11-03,2025-11-09,Delivered Late,6
6821,6821,Ecom Express,Ahmedabad,2025-05-18,,In Transit,3
6822,6822,Ecom Express,Jaipur,2026-05-02,2026-05-08,Delivered,7
6823,6823,Ekart Logistics,Mumbai,2026-03-19,2026-03-23,Delivered,5
6824,6824,Ekart Logistics,Ranchi,2026-02-07,2026-02-11,Delivered Late,3
6825,6825,Xpressbees,Mumbai,2026-04-23,2026-04-27,Delivered Late,3
6826,6826,DTDC,Kolkata,2026-04-15,2026-04-20,Delivered Late,5
6827,6827,Delhivery,Nagpur,2025-12-06,2025-12-08,Delivered,2
6828,6828,Bluedart,Ahmedabad,2025-07-20,2025-07-25,Delivered Late,2
6829,6829,DTDC,Bhubaneswar,2026-04-27,2026-05-04,Delivered Late,7
6830,6830,Ecom Express,Kolkata,2025-07-29,2025-08-03,Delivered,5
6831,6831,Delhivery,Bhubaneswar,2023-12-27,2023-12-30,Delivered,4
6832,6832,Ecom Express,Bhubaneswar,,,Not Shipped,3
6833,6833,DTDC,Pune,2025-02-03,2025-02-05,Delivered Late,2
6834,6834,DTDC,Vadodara,2026-04-13,2026-04-19,Delivered,7
6835,6835,Ekart Logistics,Kochi,2024-12-15,2024-12-19,Delivered Late,2
6836,6836,DTDC,Vadodara,,,Not Shipped,4
6837,6837,DTDC,Delhi,2026-03-05,2026-03-07,Returned,3
6838,6838,Delhivery,Amritsar,,,Not Shipped,7
6839,6839,DTDC,Bengaluru,2025-09-09,2025-09-14,Delivered Late,3
6840,6840,Ecom Express,Nashik,2025-05-24,2025-05-27,Delivered,4
6841,6841,Xpressbees,Bengaluru,2026-04-05,2026-04-11,Delivered,6
6842,6842,Ecom Express,Jaipur,2026-01-07,2026-01-12,Returned,2
6843,6843,Ekart Logistics,Amritsar,,,Not Shipped,2
6844,6844,Bluedart,Chandigarh,2025-04-28,2025-05-03,Delivered Late,5
6845,6845,Ecom Express,Jaipur,2025-07-31,2025-08-05,Delivered Late,4
6846,6846,Ecom Express,Lucknow,2026-02-15,2026-02-22,Delivered Late,5
6847,6847,Ekart Logistics,Jaipur,2024-02-02,2024-02-05,Delivered,3
6848,6848,DTDC,Chandigarh,2026-03-08,2026-03-13,Delivered,6
6849,6849,Delhivery,Indore,2025-05-05,,In Transit,2
6850,6850,Ecom Express,Indore,,,Processing,5
6851,6851,Ekart Logistics,Jaipur,2026-01-14,2026-01-17,Delivered,4
6852,6852,Xpressbees,Ahmedabad,,,Processing,4
6853,6853,Ecom Express,Vadodara,2026-02-12,2026-02-18,Delivered Late,6
6854,6854,Delhivery,Mumbai,2025-05-16,2025-05-18,Delivered,2
6855,6855,Delhivery,Amritsar,2026-02-02,2026-02-08,Delivered,7
6856,6856,Ekart Logistics,Ahmedabad,2024-07-16,2024-07-22,Delivered,7
6857,6857,Ecom Express,Guwahati,2025-03-21,2025-03-24,Returned,4
6858,6858,Ekart Logistics,Jaipur,2025-05-21,2025-05-28,Delivered Late,5
6859,6859,Delhivery,Mysuru,,,Not Shipped,6
6860,6860,Ecom Express,Nagpur,2026-01-09,2026-01-11,Delivered Late,2
6861,6861,DTDC,Pune,2026-05-05,2026-05-12,Returned,5
6862,6862,DTDC,Nashik,2024-12-05,2024-12-10,Delivered,5
6863,6863,Ekart Logistics,Bhopal,2026-06-29,2026-07-02,Delivered,3
6864,6864,Delhivery,Coimbatore,2024-10-30,2024-11-05,Delivered,6
6865,6865,Xpressbees,Bengaluru,2026-04-30,2026-05-09,Delivered Late,7
6866,6866,Xpressbees,Bhubaneswar,2025-02-11,2025-02-16,Delivered,6
6867,6867,Xpressbees,Kanpur,2026-06-08,2026-06-11,Delivered Late,2
6868,6868,Ecom Express,Chennai,,,Not Shipped,4
6869,6869,Xpressbees,Nagpur,2026-07-18,2026-07-26,Delivered Late,6
6870,6870,DTDC,Vadodara,2026-02-04,2026-02-10,Delivered,6
6871,6871,DTDC,Bhopal,2025-08-29,2025-08-31,Delivered,2
6872,6872,Bluedart,Lucknow,2025-11-13,2025-11-17,Delivered,4
6873,6873,Ekart Logistics,Kochi,2025-03-26,2025-03-31,Delivered Late,4
6874,6874,Ecom Express,Chandigarh,2025-10-13,2025-10-18,Delivered,5
6875,6875,DTDC,Thiruvananthapuram,2026-06-03,2026-06-10,Delivered Late,7
6876,6876,Bluedart,Bengaluru,,,Not Shipped,3
6877,6877,Ecom Express,Hyderabad,,,Not Shipped,5
6878,6878,Ekart Logistics,Surat,2026-06-08,2026-06-13,Delivered Late,2
6879,6879,DTDC,Chandigarh,2026-06-29,2026-07-05,Delivered,6
6880,6880,DTDC,Vadodara,2025-12-29,2026-01-02,Returned,3
6881,6881,Delhivery,Kolkata,2025-08-08,2025-08-11,Delivered,4
6882,6882,DTDC,Ranchi,2025-04-24,2025-04-28,Delivered Late,3
6883,6883,Delhivery,Hyderabad,2025-08-26,2025-08-30,Delivered Late,3
6884,6884,Ekart Logistics,Guwahati,,,Not Shipped,2
6885,6885,Xpressbees,Mysuru,2025-06-22,2025-06-28,Delivered,7
6886,6886,Bluedart,Ranchi,2025-05-27,2025-05-29,Delivered,2
6887,6887,Delhivery,Mumbai,2025-07-28,2025-08-02,Returned,5
6888,6888,DTDC,Nashik,2024-05-11,2024-05-15,Returned,5
6889,6889,DTDC,Coimbatore,,,Not Shipped,3
6890,6890,Bluedart,Pune,2025-11-29,2025-12-01,Returned,2
6891,6891,Ecom Express,Coimbatore,2025-10-14,2025-10-23,Returned,6
6892,6892,Bluedart,Amritsar,2025-12-03,,In Transit,6
6893,6893,DTDC,Mumbai,2025-11-17,2025-11-20,Delivered,4
6894,6894,DTDC,Mysuru,,,Not Shipped,6
6895,6895,DTDC,Ranchi,2026-04-22,2026-04-24,Delivered,2
6896,6896,Bluedart,Ahmedabad,2026-08-17,,In Transit,4
6897,6897,Bluedart,Vadodara,2025-05-15,2025-05-20,Delivered,6
6898,6898,Delhivery,Bhopal,2026-02-17,2026-02-22,Delivered Late,2
6899,6899,Delhivery,Kochi,2025-05-02,2025-05-07,Delivered,5
6900,6900,Bluedart,Lucknow,,,Not Shipped,5
6901,6901,Xpressbees,Indore,2026-06-26,2026-06-29,Delivered Late,2
6902,6902,Bluedart,Amritsar,,,Not Shipped,5
6903,6903,DTDC,Kochi,2024-06-21,2024-06-27,Delivered,6
6904,6904,Xpressbees,Coimbatore,2025-08-11,2025-08-16,Delivered Late,2
6905,6905,Xpressbees,Kolkata,2025-03-13,2025-03-16,Delivered,3
6906,6906,Ekart Logistics,Guwahati,2025-11-05,,In Transit,5
6907,6907,Xpressbees,Delhi,2025-07-25,2025-07-28,Returned,3
6908,6908,Ekart Logistics,Coimbatore,2026-03-28,2026-04-03,Delivered Late,5
6909,6909,Ecom Express,Kochi,,,Not Shipped,5
6910,6910,DTDC,Amritsar,2025-06-14,2025-06-18,Delivered Late,2
6911,6911,DTDC,Delhi,,,Processing,4
6912,6912,Ekart Logistics,Guwahati,2026-02-23,2026-03-01,Delivered,7
6913,6913,Bluedart,Nashik,2025-05-24,2025-05-29,Delivered Late,5
6914,6914,Ekart Logistics,Vadodara,2025-05-15,2025-05-22,Delivered,7
6915,6915,Delhivery,Patna,2025-12-30,2026-01-07,Delivered Late,7
6916,6916,DTDC,Bhubaneswar,2024-09-15,2024-09-22,Delivered,7
6917,6917,Bluedart,Indore,2026-02-28,2026-03-06,Delivered Late,4
6918,6918,Bluedart,Delhi,2025-03-11,2025-03-13,Delivered,3
6919,6919,Ecom Express,Bhubaneswar,2026-07-18,2026-07-22,Delivered Late,4
6920,6920,Xpressbees,Ranchi,2025-04-29,2025-05-05,Delivered,7
6921,6921,Ekart Logistics,Indore,2026-02-09,2026-02-11,Returned,2
6922,6922,Xpressbees,Mysuru,2024-06-27,,In Transit,6
6923,6923,Xpressbees,Chandigarh,2026-01-01,2026-01-02,Delivered,2
6924,6924,Ecom Express,Jaipur,2026-05-13,2026-05-19,Delivered Late,5
6925,6925,Delhivery,Mysuru,2024-08-18,2024-08-25,Delivered Late,6
6926,6926,Bluedart,Mysuru,2025-08-08,2025-08-13,Delivered Late,3
6927,6927,Ekart Logistics,Pune,2026-05-13,2026-05-18,Delivered,5
6928,6928,Bluedart,Bhubaneswar,2025-07-02,2025-07-10,Delivered Late,7
6929,6929,Xpressbees,Lucknow,2026-06-06,2026-06-11,Delivered,6
6930,6930,Ecom Express,Amritsar,2026-04-01,2026-04-06,Delivered Late,2
6931,6931,Xpressbees,Vadodara,2026-03-12,2026-03-14,Delivered,2
6932,6932,Delhivery,Bhubaneswar,2025-07-09,2025-07-11,Delivered,3
6933,6933,DTDC,Hyderabad,2025-03-19,2025-03-22,Returned,3
6934,6934,Xpressbees,Pune,2024-11-06,2024-11-12,Delivered,6
6935,6935,Ecom Express,Mysuru,,,Not Shipped,3
6936,6936,Xpressbees,Kanpur,2025-08-05,2025-08-12,Delivered,7
6937,6937,Xpressbees,Bhubaneswar,,,Not Shipped,2
6938,6938,Ekart Logistics,Ranchi,2026-07-15,2026-07-21,Delivered Late,6
6939,6939,Bluedart,Amritsar,2025-07-21,,In Transit,4
6940,6940,Ekart Logistics,Chandigarh,2026-02-18,2026-02-22,Delivered,5
6941,6941,Delhivery,Lucknow,2025-03-02,2025-03-09,Delivered Late,6
6942,6942,Delhivery,Nagpur,2026-04-23,2026-04-30,Delivered Late,7
6943,6943,Xpressbees,Patna,2025-12-23,2025-12-28,Delivered,6
6944,6944,Bluedart,Amritsar,2024-12-23,2024-12-28,Delivered,6
6945,6945,Delhivery,Indore,,,Processing,2
6946,6946,Bluedart,Delhi,2025-06-22,,In Transit,2
6947,6947,Bluedart,Kochi,2024-03-13,2024-03-18,Returned,6
6948,6948,Xpressbees,Chandigarh,2025-10-13,2025-10-21,Delivered Late,7
6949,6949,Ekart Logistics,Kolkata,,,Processing,2
6950,6950,Bluedart,Vadodara,2025-01-05,2025-01-09,Delivered,4
6951,6951,Delhivery,Indore,2025-01-01,,In Transit,6
6952,6952,Bluedart,Guwahati,2025-11-17,2025-11-23,Delivered,6
6953,6953,Xpressbees,Lucknow,2025-11-29,2025-12-05,Delivered Late,5
6954,6954,Delhivery,Ahmedabad,2026-04-17,2026-04-23,Delivered,7
6955,6955,Ecom Express,Coimbatore,2026-04-05,,In Transit,3
6956,6956,Xpressbees,Kolkata,2025-08-08,2025-08-10,Delivered Late,2
6957,6957,DTDC,Bengaluru,2025-08-11,2025-08-16,Delivered,6
6958,6958,DTDC,Mysuru,2025-10-20,2025-10-26,Delivered Late,5
6959,6959,Xpressbees,Delhi,,,Not Shipped,3
6960,6960,Xpressbees,Hyderabad,2025-09-25,2025-09-28,Returned,3
6961,6961,Ecom Express,Delhi,2026-02-06,2026-02-14,Delivered Late,6
6962,6962,Xpressbees,Ranchi,2025-12-23,2025-12-26,Delivered,3
6963,6963,Ekart Logistics,Patna,2025-05-16,2025-05-19,Delivered Late,2
6964,6964,DTDC,Patna,2025-12-09,,In Transit,5
6965,6965,Delhivery,Delhi,2025-07-28,2025-07-31,Delivered,4
6966,6966,Delhivery,Guwahati,2025-01-25,2025-02-02,Delivered Late,7
6967,6967,Xpressbees,Coimbatore,2026-03-26,2026-03-31,Delivered,6
6968,6968,Delhivery,Surat,2025-10-26,2025-10-28,Delivered,3
6969,6969,Xpressbees,Mysuru,,,Not Shipped,6
6970,6970,Ekart Logistics,Hyderabad,2025-10-30,2025-11-04,Delivered Late,2
6971,6971,Bluedart,Chennai,2025-03-08,2025-03-14,Delivered,6
6972,6972,DTDC,Ahmedabad,2025-09-16,,In Transit,6
6973,6973,Ekart Logistics,Amritsar,2026-03-09,2026-03-13,Delivered Late,3
6974,6974,Bluedart,Patna,2025-12-22,2025-12-26,Delivered,4
6975,6975,DTDC,Coimbatore,2026-03-30,2026-04-07,Delivered Late,6
6976,6976,Bluedart,Chandigarh,2025-12-17,2025-12-25,Delivered Late,6
6977,6977,DTDC,Mysuru,2024-04-01,2024-04-03,Delivered,3
6978,6978,Delhivery,Patna,2025-10-19,2025-10-22,Delivered Late,3
6979,6979,Xpressbees,Kanpur,2025-12-20,2025-12-21,Delivered,2
6980,6980,Ekart Logistics,Coimbatore,2025-07-21,2025-07-27,Delivered,6
6981,6981,Bluedart,Delhi,,,Not Shipped,2
6982,6982,Ecom Express,Patna,,,Not Shipped,4
6983,6983,Bluedart,Bengaluru,2026-05-12,2026-05-17,Delivered Late,4
6984,6984,Delhivery,Amritsar,2026-02-15,2026-02-19,Delivered Late,3
6985,6985,DTDC,Amritsar,,,Processing,4
6986,6986,DTDC,Nagpur,2026-04-30,2026-05-09,Delivered Late,7
6987,6987,Delhivery,Hyderabad,2025-11-16,2025-11-23,Delivered,7
6988,6988,Bluedart,Mumbai,2026-03-30,2026-04-07,Delivered Late,7
6989,6989,DTDC,Surat,2025-01-31,,In Transit,7
6990,6990,Ecom Express,Jaipur,,,Not Shipped,2
6991,6991,Xpressbees,Lucknow,2026-03-05,2026-03-08,Delivered Late,3
6992,6992,Ekart Logistics,Jaipur,2025-11-25,2025-11-30,Delivered,6
6993,6993,DTDC,Bengaluru,2024-11-07,2024-11-09,Delivered,3
6994,6994,DTDC,Pune,2026-03-13,2026-03-21,Delivered Late,7
6995,6995,Delhivery,Kochi,2025-09-24,2025-09-25,Delivered,2
6996,6996,DTDC,Ranchi,2025-06-20,,In Transit,6
6997,6997,Xpressbees,Mysuru,2025-10-12,2025-10-17,Delivered Late,4
6998,6998,Bluedart,Nagpur,2026-06-01,2026-06-04,Delivered,4
6999,6999,Bluedart,Kanpur,,,Not Shipped,3
7000,7000,Bluedart,Chandigarh,2025-11-09,2025-11-13,Delivered Late,4
7001,7001,Delhivery,Bengaluru,2024-07-11,,In Transit,6
7002,7002,Bluedart,Pune,,,Processing,6
7003,7003,Xpressbees,Pune,2026-02-09,2026-02-16,Returned,7
7004,7004,Delhivery,Mysuru,2025-05-14,2025-05-18,Delivered Late,3
7005,7005,Delhivery,Nashik,2026-04-14,2026-04-18,Delivered Late,3
7006,7006,Ecom Express,Vadodara,2026-08-17,2026-08-22,Delivered,6
7007,7007,Delhivery,Bengaluru,2025-12-06,2025-12-09,Delivered Late,2
7008,7008,Delhivery,Delhi,2025-03-08,2025-03-14,Delivered Late,6
7009,7009,Xpressbees,Chandigarh,2026-05-23,2026-05-27,Delivered Late,3
7010,7010,Bluedart,Vadodara,2025-09-28,2025-10-04,Delivered Late,5
7011,7011,DTDC,Indore,,,Not Shipped,3
7012,7012,Ecom Express,Coimbatore,2025-11-27,2025-12-04,Delivered,7
7013,7013,DTDC,Kanpur,2026-05-03,2026-05-08,Delivered Late,3
7014,7014,DTDC,Indore,2026-01-26,2026-01-29,Delivered,4
7015,7015,Ekart Logistics,Ranchi,2025-09-01,2025-09-08,Delivered Late,6
7016,7016,Ekart Logistics,Delhi,2026-02-05,2026-02-09,Delivered Late,2
7017,7017,Ecom Express,Mysuru,,,Processing,3
7018,7018,Xpressbees,Lucknow,,,Not Shipped,5
7019,7019,Xpressbees,Delhi,2025-10-09,2025-10-14,Delivered,5
7020,7020,Bluedart,Mysuru,2025-04-15,2025-04-20,Delivered,5
7021,7021,DTDC,Indore,2025-01-08,2025-01-13,Delivered,6
7022,7022,Ecom Express,Mumbai,2026-08-01,2026-08-08,Delivered,7
7023,7023,Ekart Logistics,Ahmedabad,2024-12-18,2024-12-25,Delivered Late,5
7024,7024,Delhivery,Pune,2025-06-17,2025-06-22,Delivered Late,4
7025,7025,Bluedart,Amritsar,2025-11-23,2025-11-28,Delivered,6
7026,7026,Bluedart,Guwahati,2026-06-24,2026-07-01,Delivered,7
7027,7027,Delhivery,Indore,2025-12-24,2025-12-31,Delivered Late,7
7028,7028,Ekart Logistics,Nagpur,2024-05-24,2024-05-31,Delivered,7
7029,7029,Delhivery,Vadodara,2024-12-21,2024-12-24,Delivered,3
7030,7030,Delhivery,Bhopal,2025-05-10,2025-05-16,Delivered,7
7031,7031,Delhivery,Bhubaneswar,2025-08-28,2025-09-01,Delivered,5
7032,7032,DTDC,Kolkata,2024-11-02,2024-11-06,Delivered Late,3
7033,7033,Ecom Express,Indore,2024-11-17,2024-11-20,Delivered,3
7034,7034,DTDC,Coimbatore,2025-08-18,,In Transit,5
7035,7035,Ekart Logistics,Delhi,2025-02-21,2025-02-27,Delivered,6
7036,7036,Ekart Logistics,Indore,2026-03-19,2026-03-21,Delivered,3
7037,7037,Ecom Express,Lucknow,2025-06-08,2025-06-14,Delivered Late,3
7038,7038,DTDC,Thiruvananthapuram,2026-07-03,2026-07-09,Delivered Late,5
7039,7039,Ekart Logistics,Thiruvananthapuram,2025-03-02,2025-03-08,Delivered,6
7040,7040,Bluedart,Lucknow,,,Processing,2
7041,7041,Delhivery,Coimbatore,2026-02-11,2026-02-14,Delivered,3
7042,7042,Delhivery,Bengaluru,2025-11-18,2025-11-23,Delivered Late,3
7043,7043,Xpressbees,Ahmedabad,,,Processing,3
7044,7044,Delhivery,Pune,2026-02-10,2026-02-15,Delivered Late,2
7045,7045,Ecom Express,Bhopal,,,Processing,2
7046,7046,Ekart Logistics,Nagpur,2025-07-11,2025-07-14,Delivered,4
7047,7047,DTDC,Chennai,2026-04-04,2026-04-08,Delivered Late,2
7048,7048,Bluedart,Chandigarh,2025-10-05,2025-10-12,Returned,6
7049,7049,Delhivery,Chandigarh,2024-09-18,2024-09-21,Delivered,3
7050,7050,Ekart Logistics,Patna,2025-10-17,2025-10-24,Returned,7
7051,7051,Delhivery,Nashik,2026-04-25,2026-05-02,Delivered Late,6
7052,7052,Ekart Logistics,Coimbatore,2026-03-14,2026-03-17,Delivered,3
7053,7053,Bluedart,Chandigarh,2024-11-11,2024-11-15,Delivered,5
7054,7054,Bluedart,Delhi,2026-01-19,2026-01-21,Delivered,3
7055,7055,Delhivery,Kochi,2026-02-04,,In Transit,5
7056,7056,Ekart Logistics,Hyderabad,2025-09-05,,In Transit,2
7057,7057,Ekart Logistics,Coimbatore,2024-10-15,2024-10-18,Delivered Late,2
7058,7058,Ecom Express,Nashik,,,Not Shipped,6
7059,7059,Ekart Logistics,Mysuru,2025-08-14,2025-08-24,Delivered Late,7
7060,7060,Xpressbees,Kolkata,2024-07-02,2024-07-05,Delivered Late,2
7061,7061,Ekart Logistics,Bhopal,2024-12-14,2024-12-21,Delivered,7
7062,7062,DTDC,Kolkata,2026-08-04,,In Transit,4
7063,7063,Xpressbees,Bhubaneswar,2026-01-27,2026-02-05,Delivered Late,7
7064,7064,Bluedart,Vadodara,2025-11-06,2025-11-11,Delivered,5
7065,7065,DTDC,Thiruvananthapuram,2025-09-20,2025-09-23,Delivered Late,2
7066,7066,Bluedart,Nashik,2026-07-28,2026-08-02,Delivered Late,5
7067,7067,DTDC,Bhopal,2026-06-08,2026-06-13,Delivered Late,4
7068,7068,DTDC,Bhubaneswar,2026-05-07,2026-05-11,Delivered,5
7069,7069,Delhivery,Bhubaneswar,2025-03-25,2025-03-28,Delivered,4
7070,7070,Xpressbees,Guwahati,2026-03-09,2026-03-12,Delivered,4
7071,7071,DTDC,Jaipur,2026-04-25,2026-04-28,Delivered,4
7072,7072,Bluedart,Chandigarh,2026-08-07,2026-08-13,Delivered Late,4
7073,7073,Ecom Express,Mysuru,2026-03-07,2026-03-13,Delivered Late,5
7074,7074,Ecom Express,Indore,,,Not Shipped,4
7075,7075,DTDC,Pune,2026-06-25,2026-06-26,Delivered,2
7076,7076,Bluedart,Bhopal,,,Not Shipped,3
7077,7077,Ecom Express,Chennai,2025-09-21,2025-10-01,Delivered Late,7
7078,7078,Xpressbees,Hyderabad,2025-11-28,2025-12-04,Delivered,6
7079,7079,DTDC,Hyderabad,2026-02-02,2026-02-08,Delivered Late,5
7080,7080,Ecom Express,Ahmedabad,2025-07-01,2025-07-06,Delivered,5
7081,7081,DTDC,Surat,,,Not Shipped,2
7082,7082,Ekart Logistics,Bhopal,2024-04-21,2024-04-23,Delivered,2
7083,7083,DTDC,Ahmedabad,,,Not Shipped,3
7084,7084,DTDC,Ranchi,,,Processing,2
7085,7085,Ecom Express,Jaipur,,,Not Shipped,4
7086,7086,Ecom Express,Amritsar,2026-03-25,2026-03-30,Delivered Late,5
7087,7087,Xpressbees,Chandigarh,2025-05-21,2025-05-23,Delivered Late,2
7088,7088,Ekart Logistics,Thiruvananthapuram,2026-08-17,2026-08-22,Returned,4
7089,7089,DTDC,Kanpur,,,Not Shipped,5
7090,7090,Ekart Logistics,Mumbai,2026-05-31,2026-06-03,Delivered,4
7091,7091,Delhivery,Bhubaneswar,2026-01-07,2026-01-15,Delivered Late,7
7092,7092,DTDC,Kolkata,2025-07-18,2025-07-19,Delivered,2
7093,7093,Ecom Express,Kanpur,2026-03-22,2026-03-26,Delivered Late,3
7094,7094,Ecom Express,Mumbai,2026-02-28,2026-03-06,Returned,7
7095,7095,Ecom Express,Ahmedabad,2025-10-04,2025-10-07,Delivered Late,3
7096,7096,Delhivery,Chennai,2025-12-26,2025-12-28,Delivered,2
7097,7097,Bluedart,Nagpur,2025-09-06,2025-09-12,Delivered,7
7098,7098,DTDC,Hyderabad,2026-03-20,2026-03-26,Delivered,6
7099,7099,Delhivery,Kolkata,2025-08-18,2025-08-20,Delivered,3
7100,7100,Ecom Express,Jaipur,2025-02-03,2025-02-08,Delivered,5
7101,7101,Xpressbees,Lucknow,2025-09-25,2025-10-02,Delivered Late,5
7102,7102,Ecom Express,Nagpur,2025-01-27,2025-01-31,Delivered,5
7103,7103,Bluedart,Nashik,2024-12-19,2024-12-20,Delivered,2
7104,7104,Bluedart,Ahmedabad,2026-01-10,2026-01-17,Delivered Late,7
7105,7105,Xpressbees,Kolkata,2025-11-26,2025-12-03,Delivered Late,7
7106,7106,Delhivery,Mysuru,2026-04-04,2026-04-07,Delivered,3
7107,7107,Ecom Express,Mysuru,2025-07-01,2025-07-03,Delivered,3
7108,7108,Delhivery,Nashik,2026-03-28,2026-04-03,Delivered,7
7109,7109,Delhivery,Guwahati,2026-03-16,2026-03-20,Delivered,5
7110,7110,Delhivery,Kochi,2026-05-11,2026-05-18,Delivered Late,6
7111,7111,Delhivery,Kochi,2025-03-07,2025-03-10,Delivered,4
7112,7112,Bluedart,Indore,2026-07-20,2026-07-27,Delivered Late,4
7113,7113,Delhivery,Ahmedabad,2026-07-12,2026-07-18,Delivered Late,5
7114,7114,Ekart Logistics,Vadodara,2024-04-11,2024-04-18,Delivered Late,5
7115,7115,Ekart Logistics,Amritsar,2025-03-20,2025-03-24,Delivered,5
7116,7116,DTDC,Chandigarh,2025-12-24,2025-12-28,Delivered Late,3
7117,7117,Xpressbees,Ahmedabad,,,Not Shipped,6
7118,7118,Bluedart,Mysuru,2025-11-23,2025-11-25,Delivered,2
7119,7119,Delhivery,Coimbatore,2026-04-13,2026-04-19,Delivered,7
7120,7120,DTDC,Bengaluru,2026-05-24,2026-05-30,Delivered Late,5
7121,7121,DTDC,Jaipur,,,Processing,5
7122,7122,Xpressbees,Nagpur,,,Processing,6
7123,7123,Ecom Express,Kochi,2023-11-12,2023-11-18,Delivered,6
7124,7124,Ekart Logistics,Lucknow,2026-07-02,2026-07-04,Delivered,3
7125,7125,Bluedart,Mysuru,2026-05-23,2026-05-28,Delivered,5
7126,7126,Xpressbees,Indore,2026-03-10,2026-03-13,Delivered Late,2
7127,7127,DTDC,Bhopal,2024-11-26,2024-12-03,Delivered,7
7128,7128,Xpressbees,Delhi,2025-12-26,2025-12-29,Delivered Late,3
7129,7129,Bluedart,Lucknow,2024-12-10,2024-12-17,Delivered,7
7130,7130,DTDC,Mysuru,2025-11-12,2025-11-19,Delivered Late,7
7131,7131,DTDC,Chennai,2026-01-30,2026-02-02,Delivered,4
7132,7132,Ekart Logistics,Delhi,2025-01-12,2025-01-19,Delivered,7
7133,7133,Xpressbees,Patna,2025-10-17,2025-10-23,Delivered Late,4
7134,7134,Xpressbees,Indore,,,Not Shipped,2
7135,7135,Ekart Logistics,Thiruvananthapuram,2024-10-24,2024-10-27,Delivered Late,2
7136,7136,DTDC,Mumbai,2026-01-13,2026-01-19,Returned,6
7137,7137,DTDC,Mumbai,2025-09-29,2025-10-02,Delivered Late,3
7138,7138,Xpressbees,Thiruvananthapuram,2024-10-01,,In Transit,3
7139,7139,DTDC,Kolkata,2026-01-14,2026-01-18,Returned,4
7140,7140,DTDC,Bhopal,2025-02-26,2025-03-04,Delivered,7
7141,7141,Xpressbees,Guwahati,2025-09-30,2025-10-04,Delivered,5
7142,7142,DTDC,Kochi,2025-12-18,2025-12-20,Delivered,3
7143,7143,Bluedart,Patna,2025-01-28,2025-02-02,Delivered,6
7144,7144,Ekart Logistics,Indore,2024-12-24,2024-12-29,Delivered,6
7145,7145,Ecom Express,Vadodara,2024-10-12,2024-10-19,Returned,7
7146,7146,Ecom Express,Kochi,2025-11-21,2025-11-24,Delivered,4
7147,7147,Delhivery,Guwahati,2024-10-05,2024-10-11,Delivered,7
7148,7148,Bluedart,Bengaluru,2026-04-07,2026-04-13,Returned,6
7149,7149,Bluedart,Ahmedabad,2026-03-11,2026-03-14,Returned,3
7150,7150,DTDC,Mumbai,2024-10-14,2024-10-19,Delivered,6
7151,7151,Xpressbees,Ranchi,2026-04-18,2026-04-25,Delivered,7
7152,7152,Ekart Logistics,Ranchi,2025-05-25,2025-06-01,Delivered,7
7153,7153,Ecom Express,Indore,2026-06-26,,In Transit,5
7154,7154,Bluedart,Patna,2025-08-13,2025-08-19,Delivered,7
7155,7155,Xpressbees,Jaipur,,,Not Shipped,2
7156,7156,Delhivery,Indore,2025-02-09,2025-02-13,Delivered,5
7157,7157,Ekart Logistics,Lucknow,,,Processing,4
7158,7158,Ekart Logistics,Indore,2025-12-05,2025-12-14,Delivered Late,7
7159,7159,Delhivery,Chandigarh,2026-08-17,2026-08-21,Delivered Late,2
7160,7160,Ecom Express,Amritsar,,,Not Shipped,4
7161,7161,Ekart Logistics,Kolkata,2026-05-09,2026-05-14,Delivered,6
7162,7162,Delhivery,Ranchi,2025-11-04,2025-11-08,Delivered,4
7163,7163,Delhivery,Pune,2026-05-05,2026-05-08,Delivered,3
7164,7164,Delhivery,Kanpur,2026-03-25,2026-04-01,Returned,7
7165,7165,Bluedart,Ahmedabad,2026-07-02,2026-07-07,Delivered Late,2
7166,7166,Xpressbees,Jaipur,2025-05-31,2025-06-03,Delivered Late,3
7167,7167,DTDC,Mysuru,2024-06-29,2024-07-01,Delivered,3
7168,7168,Bluedart,Vadodara,2025-05-27,2025-06-02,Delivered,6
7169,7169,Delhivery,Mumbai,2024-07-13,2024-07-19,Delivered Late,6
7170,7170,Ekart Logistics,Bhubaneswar,2025-08-31,2025-09-02,Delivered Late,2
7171,7171,Xpressbees,Chennai,2026-05-25,2026-06-02,Delivered Late,7
7172,7172,Ekart Logistics,Nashik,2025-06-05,2025-06-11,Delivered,7
7173,7173,Delhivery,Kanpur,2024-10-30,2024-11-05,Delivered,6
7174,7174,Xpressbees,Pune,2024-11-03,2024-11-11,Delivered Late,5
7175,7175,Xpressbees,Nashik,2026-03-22,2026-03-26,Delivered,4
7176,7176,Bluedart,Nashik,2025-12-11,2025-12-14,Delivered,3
7177,7177,Ekart Logistics,Hyderabad,2026-07-03,2026-07-10,Delivered Late,5
7178,7178,Bluedart,Ahmedabad,,,Processing,6
7179,7179,Delhivery,Ranchi,2025-07-22,2025-07-28,Delivered,6
7180,7180,DTDC,Amritsar,2026-01-30,2026-02-04,Delivered,6
7181,7181,Xpressbees,Guwahati,,,Processing,6
7182,7182,Xpressbees,Nagpur,2025-02-04,2025-02-06,Delivered,2
7183,7183,Delhivery,Bhubaneswar,2025-05-10,2025-05-15,Delivered Late,4
7184,7184,Bluedart,Jaipur,2025-12-01,2025-12-04,Delivered,4
7185,7185,Xpressbees,Surat,2025-03-18,,In Transit,5
7186,7186,DTDC,Bhopal,2025-10-21,2025-10-22,Delivered,2
7187,7187,DTDC,Delhi,2025-10-05,2025-10-10,Delivered Late,3
7188,7188,Bluedart,Pune,2026-05-01,2026-05-08,Delivered,7
7189,7189,DTDC,Jaipur,2026-06-06,2026-06-09,Delivered,4
7190,7190,Ecom Express,Ahmedabad,,,Not Shipped,6
7191,7191,Ekart Logistics,Thiruvananthapuram,2026-01-31,2026-02-06,Delivered,6
7192,7192,Bluedart,Pune,2026-01-13,2026-01-15,Delivered,3
7193,7193,Ecom Express,Nashik,2025-11-27,2025-12-06,Delivered Late,6
7194,7194,DTDC,Chandigarh,2025-10-27,2025-10-30,Delivered,4
7195,7195,Bluedart,Guwahati,2026-03-16,2026-03-17,Delivered,2
7196,7196,Xpressbees,Hyderabad,2025-09-18,2025-09-23,Delivered,5
7197,7197,Ecom Express,Bengaluru,2026-05-30,,In Transit,4
7198,7198,Ekart Logistics,Pune,2026-01-11,2026-01-20,Delivered Late,7
7199,7199,Ecom Express,Thiruvananthapuram,2026-03-19,2026-03-21,Delivered,2
7200,7200,Bluedart,Chennai,2026-08-11,2026-08-14,Delivered,4
7201,7201,Ekart Logistics,Nagpur,2026-06-07,2026-06-14,Delivered Late,5
7202,7202,Xpressbees,Bhopal,2024-12-04,2024-12-06,Delivered,2
7203,7203,Ekart Logistics,Indore,2025-02-24,2025-02-26,Delivered Late,2
7204,7204,Xpressbees,Lucknow,2026-01-03,,In Transit,2
7205,7205,Ecom Express,Bengaluru,2024-06-05,2024-06-08,Delivered,3
7206,7206,Delhivery,Delhi,2025-12-14,,In Transit,7
7207,7207,DTDC,Hyderabad,2025-12-11,2025-12-13,Delivered,3
7208,7208,Xpressbees,Guwahati,2026-02-03,2026-02-05,Delivered,3
7209,7209,DTDC,Hyderabad,,,Processing,2
7210,7210,Delhivery,Ahmedabad,2025-05-08,2025-05-11,Delivered,4
7211,7211,Ekart Logistics,Nagpur,,,Not Shipped,3
7212,7212,Bluedart,Mumbai,2025-12-12,,In Transit,7
7213,7213,DTDC,Bhopal,2026-06-20,2026-06-25,Delivered Late,4
7214,7214,Xpressbees,Kochi,2025-06-18,2025-06-21,Delivered Late,2
7215,7215,DTDC,Chennai,2025-10-07,2025-10-12,Returned,3
7216,7216,Ecom Express,Bhopal,2025-07-10,2025-07-16,Delivered Late,5
7217,7217,Delhivery,Mysuru,2025-08-05,2025-08-06,Delivered,2
7218,7218,Ekart Logistics,Jaipur,2024-12-11,2024-12-20,Delivered Late,6
7219,7219,Ekart Logistics,Bhubaneswar,2026-01-06,,In Transit,2
7220,7220,Bluedart,Indore,2024-11-02,2024-11-04,Delivered,3
7221,7221,DTDC,Hyderabad,2025-10-25,2025-10-26,Delivered,2
7222,7222,Ekart Logistics,Bengaluru,2024-08-31,2024-09-08,Returned,7
7223,7223,Xpressbees,Hyderabad,2025-10-05,2025-10-11,Delivered,7
7224,7224,Ekart Logistics,Surat,2025-12-04,2025-12-09,Delivered,5
7225,7225,Delhivery,Mysuru,2024-11-06,2024-11-10,Delivered,5
7226,7226,Delhivery,Patna,2026-03-24,2026-03-30,Delivered,7
7227,7227,Bluedart,Kanpur,2025-11-14,2025-11-17,Delivered,3
7228,7228,Bluedart,Amritsar,2026-06-29,2026-07-02,Delivered Late,2
7229,7229,Bluedart,Hyderabad,2025-10-16,2025-10-22,Delivered,7
7230,7230,Xpressbees,Vadodara,2025-06-17,2025-06-21,Delivered,4
7231,7231,DTDC,Indore,2025-03-03,2025-03-07,Delivered Late,2
7232,7232,Ecom Express,Delhi,2025-06-12,,In Transit,2
7233,7233,Bluedart,Surat,2025-11-03,2025-11-10,Delivered Late,6
7234,7234,Ekart Logistics,Surat,2025-08-03,2025-08-06,Delivered,4
7235,7235,Bluedart,Bengaluru,2025-05-18,2025-05-27,Delivered Late,7
7236,7236,Xpressbees,Chennai,2026-04-09,2026-04-13,Delivered,4
7237,7237,Xpressbees,Bhopal,2025-10-12,,In Transit,2
7238,7238,Bluedart,Vadodara,2025-07-05,2025-07-13,Returned,7
7239,7239,Ecom Express,Nagpur,2026-05-10,2026-05-17,Delivered Late,6
7240,7240,Bluedart,Bengaluru,2025-11-09,2025-11-15,Delivered,6
7241,7241,Ekart Logistics,Nashik,2025-07-18,2025-07-23,Delivered,5
7242,7242,Xpressbees,Patna,2026-04-01,2026-04-06,Delivered,6
7243,7243,Xpressbees,Nashik,2026-01-22,2026-01-30,Delivered Late,5
7244,7244,Ecom Express,Thiruvananthapuram,2026-05-16,2026-05-22,Delivered,6
7245,7245,Delhivery,Kolkata,2026-04-02,2026-04-05,Delivered,4
7246,7246,DTDC,Guwahati,,,Not Shipped,7
7247,7247,Xpressbees,Surat,2025-02-05,2025-02-12,Delivered Late,6
7248,7248,Xpressbees,Chennai,2025-09-11,2025-09-18,Delivered,7
7249,7249,Bluedart,Surat,2025-06-21,2025-06-30,Delivered Late,7
7250,7250,Bluedart,Coimbatore,2025-11-23,2025-11-27,Delivered,4
7251,7251,Ecom Express,Thiruvananthapuram,2025-03-27,2025-04-04,Delivered Late,7
7252,7252,Xpressbees,Mumbai,2026-02-06,2026-02-10,Delivered,4
7253,7253,Ekart Logistics,Bhubaneswar,2026-03-24,2026-04-02,Delivered Late,7
7254,7254,DTDC,Mysuru,2026-02-16,2026-02-19,Delivered,4
7255,7255,DTDC,Ranchi,2026-02-25,2026-03-04,Delivered Late,6
7256,7256,Ekart Logistics,Chandigarh,2025-04-16,2025-04-23,Delivered,7
7257,7257,Ecom Express,Coimbatore,2026-02-04,2026-02-08,Delivered,5
7258,7258,Ecom Express,Bhopal,2024-12-26,2024-12-31,Delivered Late,4
7259,7259,Xpressbees,Lucknow,,,Processing,5
7260,7260,Xpressbees,Nashik,,,Not Shipped,6
7261,7261,DTDC,Amritsar,,,Processing,7
7262,7262,Bluedart,Patna,2026-05-31,2026-06-04,Delivered,5
7263,7263,Ecom Express,Kolkata,,,Not Shipped,5
7264,7264,Ecom Express,Lucknow,2024-07-07,2024-07-08,Delivered,2
7265,7265,Xpressbees,Ranchi,2026-03-18,2026-03-24,Delivered,7
7266,7266,Ekart Logistics,Kochi,2026-07-25,2026-08-02,Delivered Late,6
7267,7267,DTDC,Ranchi,2025-12-13,2025-12-15,Delivered,3
7268,7268,Ekart Logistics,Lucknow,2024-11-22,2024-11-28,Delivered,7
7269,7269,Ecom Express,Bhopal,2024-09-01,2024-09-08,Delivered,7
7270,7270,Ecom Express,Vadodara,2025-12-10,2025-12-17,Delivered,7
7271,7271,Ecom Express,Chandigarh,2025-03-26,2025-04-01,Delivered,6
7272,7272,Ecom Express,Pune,2025-03-29,2025-04-02,Delivered Late,2
7273,7273,Ecom Express,Bhopal,2026-02-22,,In Transit,3
7274,7274,Ekart Logistics,Jaipur,2025-12-13,2025-12-21,Delivered Late,6
7275,7275,DTDC,Guwahati,2026-02-03,2026-02-05,Delivered,2
7276,7276,Xpressbees,Ranchi,2026-05-26,2026-05-27,Delivered,2
7277,7277,Ekart Logistics,Mysuru,2025-03-20,2025-03-28,Delivered Late,7
7278,7278,Bluedart,Ahmedabad,2024-12-26,2024-12-30,Returned,5
7279,7279,DTDC,Bengaluru,2025-07-21,2025-07-24,Delivered Late,2
7280,7280,Delhivery,Amritsar,2026-08-18,2026-08-20,Delivered,3
7281,7281,DTDC,Pune,2026-04-29,2026-05-06,Delivered,7
7282,7282,DTDC,Patna,2026-04-04,2026-04-08,Delivered,4
7283,7283,Xpressbees,Bengaluru,,,Not Shipped,6
7284,7284,Ecom Express,Kolkata,2025-12-01,2025-12-04,Delivered,3
7285,7285,Bluedart,Coimbatore,2026-07-06,2026-07-10,Returned,4
7286,7286,Ecom Express,Nashik,2026-01-15,2026-01-22,Delivered,7
7287,7287,Delhivery,Chandigarh,2026-05-30,2026-06-03,Delivered Late,4
7288,7288,Ecom Express,Mysuru,2026-01-07,2026-01-11,Delivered,5
7289,7289,DTDC,Indore,2025-08-09,2025-08-18,Delivered Late,7
7290,7290,Bluedart,Indore,2026-03-07,2026-03-14,Delivered,7
7291,7291,Delhivery,Jaipur,2026-02-15,2026-02-21,Delivered Late,5
7292,7292,Xpressbees,Bengaluru,2025-07-19,2025-07-24,Delivered,5
7293,7293,Ekart Logistics,Hyderabad,2026-05-23,,In Transit,4
7294,7294,Ecom Express,Indore,2026-04-15,2026-04-22,Delivered Late,4
7295,7295,Ecom Express,Kolkata,,,Processing,4
7296,7296,Ecom Express,Hyderabad,2024-02-09,2024-02-14,Delivered Late,3
7297,7297,Xpressbees,Coimbatore,2025-02-18,2025-02-22,Delivered Late,3
7298,7298,Xpressbees,Chandigarh,2025-02-23,2025-03-02,Delivered Late,7
7299,7299,Ekart Logistics,Nashik,2025-07-06,2025-07-07,Delivered,2
7300,7300,Bluedart,Kolkata,2025-09-24,2025-09-29,Delivered Late,4
7301,7301,Ecom Express,Delhi,2026-04-02,2026-04-09,Delivered,7
7302,7302,Xpressbees,Mumbai,2026-08-02,2026-08-09,Delivered,7
7303,7303,Ecom Express,Kolkata,2025-05-10,2025-05-20,Delivered Late,7
7304,7304,DTDC,Guwahati,2025-06-13,2025-06-19,Delivered Late,3
7305,7305,DTDC,Lucknow,2025-12-04,,In Transit,3
7306,7306,DTDC,Bhopal,2025-07-24,2025-08-01,Returned,6
7307,7307,Xpressbees,Surat,2026-03-22,2026-03-28,Delivered,6
7308,7308,DTDC,Nashik,2025-10-24,2025-10-25,Delivered,2
7309,7309,Xpressbees,Chennai,2025-12-26,2026-01-03,Delivered Late,7
7310,7310,DTDC,Chandigarh,2026-04-19,,In Transit,6
7311,7311,Ecom Express,Amritsar,2025-11-26,2025-12-04,Delivered Late,7
7312,7312,Ecom Express,Surat,,,Not Shipped,5
7313,7313,Bluedart,Ahmedabad,2026-07-04,2026-07-10,Delivered Late,4
7314,7314,Bluedart,Surat,2026-02-02,2026-02-09,Delivered,7
7315,7315,Ekart Logistics,Jaipur,2026-04-22,2026-04-23,Delivered,2
7316,7316,Ekart Logistics,Kolkata,2026-04-27,2026-04-29,Delivered,3
7317,7317,Xpressbees,Pune,2025-09-27,2025-10-03,Delivered,6
7318,7318,Xpressbees,Mysuru,2025-06-08,2025-06-14,Delivered Late,5
7319,7319,DTDC,Indore,2026-02-01,2026-02-09,Delivered Late,7
7320,7320,Ecom Express,Delhi,2025-10-16,2025-10-20,Delivered,4
7321,7321,Delhivery,Amritsar,2026-01-18,2026-01-23,Delivered,6
7322,7322,DTDC,Bhopal,2026-06-13,2026-06-18,Delivered Late,3
7323,7323,Xpressbees,Chandigarh,2025-01-07,2025-01-10,Delivered,4
7324,7324,Ekart Logistics,Nagpur,2025-08-11,2025-08-16,Delivered Late,5
7325,7325,Ekart Logistics,Pune,2025-06-11,2025-06-16,Delivered,5
7326,7326,Ecom Express,Amritsar,,,Not Shipped,5
7327,7327,DTDC,Nashik,2026-03-21,2026-03-28,Delivered Late,5
7328,7328,Bluedart,Chandigarh,2026-02-22,2026-02-27,Delivered Late,4
7329,7329,Delhivery,Pune,2026-04-30,2026-05-04,Delivered,4
7330,7330,Bluedart,Chandigarh,2025-11-14,2025-11-17,Returned,2
7331,7331,Ecom Express,Delhi,2025-03-22,2025-03-27,Delivered,6
7332,7332,Bluedart,Delhi,2025-11-22,2025-11-26,Delivered Late,3
7333,7333,Ekart Logistics,Vadodara,2025-07-03,2025-07-05,Delivered,3
7334,7334,DTDC,Mumbai,2026-01-24,2026-01-27,Delivered,3
7335,7335,Ekart Logistics,Mumbai,2025-01-20,2025-01-22,Returned,2
7336,7336,Ecom Express,Kolkata,2025-10-29,,In Transit,4
7337,7337,DTDC,Ranchi,2024-05-04,2024-05-12,Delivered Late,7
7338,7338,Bluedart,Pune,2025-09-18,2025-09-22,Delivered,5
7339,7339,Ecom Express,Jaipur,2026-01-07,2026-01-11,Delivered,5
7340,7340,Delhivery,Bengaluru,2025-08-31,2025-09-04,Delivered,5
7341,7341,Xpressbees,Bhubaneswar,2025-12-10,2025-12-17,Delivered,7
7342,7342,Ekart Logistics,Ahmedabad,2026-02-12,2026-02-18,Delivered,6
7343,7343,Ekart Logistics,Mysuru,2025-02-16,2025-02-20,Returned,2
7344,7344,Ecom Express,Nagpur,2025-12-22,2025-12-24,Delivered,2
7345,7345,DTDC,Chandigarh,2024-05-19,2024-05-23,Delivered Late,4
7346,7346,DTDC,Vadodara,2026-04-20,2026-04-25,Delivered Late,5
7347,7347,DTDC,Vadodara,2026-02-26,2026-02-28,Delivered,3
7348,7348,Delhivery,Mysuru,2025-11-18,2025-11-19,Delivered,2
7349,7349,DTDC,Mumbai,2025-03-05,2025-03-07,Delivered,2
7350,7350,DTDC,Nagpur,2026-04-26,2026-05-02,Delivered,7
7351,7351,Ekart Logistics,Bengaluru,2025-01-08,2025-01-13,Delivered,5
7352,7352,Ecom Express,Kanpur,2025-11-13,2025-11-18,Delivered Late,5
7353,7353,Ecom Express,Thiruvananthapuram,2024-04-26,2024-04-29,Delivered,4
7354,7354,Ecom Express,Nashik,2025-05-07,2025-05-16,Delivered Late,7
7355,7355,Ecom Express,Vadodara,2024-04-14,2024-04-15,Delivered,2
7356,7356,Ecom Express,Amritsar,2026-03-18,2026-03-26,Returned,7
7357,7357,DTDC,Vadodara,2025-06-22,2025-06-28,Delivered,6
7358,7358,Bluedart,Mysuru,2026-08-19,2026-08-21,Delivered,3
7359,7359,Xpressbees,Vadodara,2025-07-28,2025-08-01,Delivered Late,4
7360,7360,Xpressbees,Bhubaneswar,,,Processing,4
7361,7361,Xpressbees,Hyderabad,2025-04-26,2025-04-30,Delivered Late,3
7362,7362,Ekart Logistics,Thiruvananthapuram,2026-04-13,2026-04-19,Returned,4
7363,7363,Ekart Logistics,Lucknow,,,Not Shipped,6
7364,7364,Delhivery,Vadodara,2026-03-18,2026-03-24,Delivered Late,6
7365,7365,Ekart Logistics,Hyderabad,2026-02-18,2026-02-24,Delivered,6
7366,7366,Xpressbees,Bhubaneswar,2025-09-30,2025-10-07,Delivered Late,7
7367,7367,DTDC,Indore,2025-11-18,2025-11-20,Delivered,2
7368,7368,Xpressbees,Patna,2025-02-02,2025-02-07,Delivered,5
7369,7369,DTDC,Bhopal,2026-04-21,,In Transit,2
7370,7370,Ekart Logistics,Mysuru,2026-01-08,2026-01-13,Delivered Late,3
7371,7371,Bluedart,Indore,2025-02-15,2025-02-19,Delivered Late,3
7372,7372,Delhivery,Mumbai,2026-06-07,2026-06-11,Delivered,4
7373,7373,Delhivery,Kochi,2026-05-03,2026-05-10,Delivered Late,6
7374,7374,Bluedart,Coimbatore,2026-04-09,2026-04-15,Delivered,6
7375,7375,Xpressbees,Chandigarh,2024-08-26,2024-09-01,Delivered,6
7376,7376,DTDC,Nashik,2025-10-19,2025-10-22,Delivered,3
7377,7377,Delhivery,Kolkata,2025-07-24,2025-07-26,Delivered,2
7378,7378,DTDC,Chandigarh,2026-02-10,2026-02-15,Delivered,6
7379,7379,Bluedart,Jaipur,2025-06-20,2025-06-21,Delivered,2
7380,7380,DTDC,Hyderabad,2025-12-22,2025-12-26,Delivered,5
7381,7381,Ecom Express,Ranchi,2026-07-30,,In Transit,2
7382,7382,DTDC,Delhi,2024-04-10,2024-04-14,Delivered,5
7383,7383,Xpressbees,Bhubaneswar,2025-10-22,2025-10-28,Delivered,6
7384,7384,Delhivery,Hyderabad,2025-12-13,2025-12-20,Delivered,7
7385,7385,Ekart Logistics,Hyderabad,2026-02-20,2026-02-25,Delivered,6
7386,7386,Delhivery,Patna,2025-12-22,2025-12-27,Delivered,5
7387,7387,Bluedart,Coimbatore,2025-03-09,2025-03-11,Delivered,3
7388,7388,Ekart Logistics,Patna,2026-03-02,2026-03-07,Delivered Late,5
7389,7389,Xpressbees,Pune,,,Not Shipped,2
7390,7390,Delhivery,Patna,2025-08-11,2025-08-16,Delivered Late,4
7391,7391,Delhivery,Chandigarh,,,Not Shipped,4
7392,7392,Ekart Logistics,Indore,2025-04-24,2025-04-30,Delivered Late,4
7393,7393,Xpressbees,Nagpur,2026-07-19,,In Transit,6
7394,7394,Delhivery,Chennai,2025-04-17,,In Transit,3
7395,7395,DTDC,Amritsar,2026-04-20,2026-04-26,Delivered Late,4
7396,7396,Xpressbees,Delhi,2024-10-18,2024-10-25,Delivered Late,7
7397,7397,Xpressbees,Chandigarh,2024-07-16,2024-07-21,Delivered,6
7398,7398,Bluedart,Chennai,,,Not Shipped,7
7399,7399,Ecom Express,Nashik,2025-04-14,2025-04-23,Delivered Late,7
7400,7400,Xpressbees,Mumbai,2024-10-19,2024-10-26,Delivered Late,6
7401,7401,Delhivery,Kochi,2025-09-06,2025-09-12,Delivered,7
7402,7402,Xpressbees,Ahmedabad,2025-10-24,2025-10-30,Delivered,7
7403,7403,Ecom Express,Kanpur,,,Not Shipped,4
7404,7404,Bluedart,Chandigarh,2025-03-06,2025-03-08,Delivered,2
7405,7405,Ecom Express,Hyderabad,2025-11-09,,In Transit,5
7406,7406,Ekart Logistics,Bhopal,2026-03-07,2026-03-09,Delivered Late,2
7407,7407,Ecom Express,Chandigarh,2025-10-09,2025-10-16,Delivered Late,6
7408,7408,Delhivery,Vadodara,,,Not Shipped,3
7409,7409,Delhivery,Surat,2025-05-22,2025-05-25,Delivered,4
7410,7410,Ecom Express,Nashik,2025-07-31,2025-08-03,Returned,3
7411,7411,Ekart Logistics,Coimbatore,,,Not Shipped,2
7412,7412,Bluedart,Mysuru,2026-04-27,2026-05-04,Delivered,7
7413,7413,Ecom Express,Ranchi,2025-03-11,2025-03-15,Delivered,5
7414,7414,Ecom Express,Kanpur,2026-01-10,2026-01-14,Delivered Late,3
7415,7415,DTDC,Bengaluru,2025-06-27,2025-07-05,Delivered Late,6
7416,7416,Ecom Express,Nagpur,2025-12-20,2025-12-28,Delivered Late,7
7417,7417,Xpressbees,Surat,2025-08-26,2025-09-01,Delivered Late,5
7418,7418,Bluedart,Bhubaneswar,2024-03-22,2024-03-28,Delivered,7
7419,7419,Xpressbees,Nashik,2026-06-21,2026-06-25,Delivered,4
7420,7420,Ecom Express,Delhi,2026-05-20,2026-05-22,Delivered,3
7421,7421,Bluedart,Vadodara,2026-08-19,2026-08-21,Delivered,2
7422,7422,Delhivery,Indore,2026-02-12,,In Transit,6
7423,7423,Bluedart,Lucknow,2024-12-20,2024-12-23,Delivered Late,2
7424,7424,Delhivery,Amritsar,2026-03-26,2026-03-30,Delivered,4
7425,7425,Bluedart,Pune,2024-09-11,2024-09-17,Delivered Late,3
7426,7426,Xpressbees,Nashik,2024-11-25,2024-12-02,Delivered,7
7427,7427,DTDC,Nagpur,2025-10-20,2025-10-24,Delivered,4
7428,7428,Ecom Express,Kolkata,2026-04-23,2026-04-29,Delivered,7
7429,7429,Bluedart,Vadodara,2025-09-07,2025-09-16,Returned,6
7430,7430,Ekart Logistics,Hyderabad,2025-04-01,2025-04-08,Delivered,7
7431,7431,Xpressbees,Mumbai,,,Processing,7
7432,7432,DTDC,Ahmedabad,2026-03-08,2026-03-11,Delivered,3
7433,7433,Delhivery,Vadodara,2026-02-10,2026-02-16,Returned,6
7434,7434,Ecom Express,Kochi,2026-05-10,2026-05-11,Delivered,2
7435,7435,DTDC,Bengaluru,2026-02-09,2026-02-14,Delivered,5
7436,7436,Bluedart,Vadodara,2025-12-16,2025-12-19,Delivered Late,2
7437,7437,Ecom Express,Bhopal,2025-04-06,2025-04-08,Delivered,3
7438,7438,Ekart Logistics,Mumbai,2026-03-31,2026-04-01,Delivered,2
7439,7439,Bluedart,Kolkata,2026-04-26,2026-05-02,Delivered,6
7440,7440,Ekart Logistics,Mysuru,2026-03-29,2026-04-04,Delivered,7
7441,7441,Ecom Express,Vadodara,2026-02-20,2026-02-23,Delivered Late,2
7442,7442,Ekart Logistics,Jaipur,2025-05-22,2025-05-30,Delivered Late,5
7443,7443,Delhivery,Kochi,2025-05-29,2025-06-04,Delivered Late,6
7444,7444,Ecom Express,Kanpur,2025-12-13,2025-12-19,Delivered,6
7445,7445,Delhivery,Nagpur,2026-03-19,2026-03-22,Delivered,3
7446,7446,Delhivery,Lucknow,,,Processing,3
7447,7447,Ecom Express,Nagpur,,,Not Shipped,6
7448,7448,DTDC,Kolkata,2026-02-27,2026-03-05,Returned,5
7449,7449,Bluedart,Vadodara,2025-01-18,2025-01-23,Delivered Late,3
7450,7450,DTDC,Surat,2026-01-21,2026-01-25,Delivered,4
7451,7451,Ecom Express,Thiruvananthapuram,2024-04-18,2024-04-21,Delivered,3
7452,7452,Ecom Express,Hyderabad,2025-12-19,2025-12-25,Delivered Late,6
7453,7453,Bluedart,Hyderabad,2026-05-18,2026-05-25,Returned,7
7454,7454,DTDC,Amritsar,,,Not Shipped,5
7455,7455,Delhivery,Mysuru,2026-04-29,,In Transit,2
7456,7456,DTDC,Bhopal,2026-06-05,2026-06-08,Delivered Late,3
7457,7457,Bluedart,Indore,2025-03-05,2025-03-08,Delivered Late,3
7458,7458,Bluedart,Amritsar,2025-10-31,2025-11-06,Delivered Late,4
7459,7459,Ekart Logistics,Ahmedabad,,,Not Shipped,6
7460,7460,Ekart Logistics,Patna,2025-12-07,2025-12-12,Delivered Late,4
7461,7461,Bluedart,Vadodara,2025-08-10,2025-08-14,Delivered Late,3
7462,7462,Xpressbees,Vadodara,,,Not Shipped,3
7463,7463,Ecom Express,Pune,2025-11-16,2025-11-23,Delivered Late,6
7464,7464,DTDC,Kochi,2026-06-14,2026-06-17,Delivered,4
7465,7465,Xpressbees,Pune,2025-01-28,2025-02-02,Delivered Late,3
7466,7466,Ekart Logistics,Vadodara,2026-08-03,2026-08-06,Delivered Late,3
7467,7467,DTDC,Lucknow,2026-08-17,2026-08-20,Returned,4
7468,7468,Xpressbees,Mumbai,2025-11-06,2025-11-12,Delivered Late,5
7469,7469,Bluedart,Coimbatore,2026-05-19,2026-05-24,Delivered Late,3
7470,7470,Ecom Express,Bengaluru,2025-05-14,2025-05-16,Delivered,2
7471,7471,Delhivery,Bengaluru,2026-06-04,2026-06-09,Delivered,6
7472,7472,Ekart Logistics,Bhopal,2026-08-17,2026-08-22,Delivered Late,5
7473,7473,Ekart Logistics,Delhi,2024-11-25,,In Transit,6
7474,7474,Bluedart,Chennai,2025-05-18,,In Transit,4
7475,7475,DTDC,Chennai,2026-08-17,2026-08-25,Delivered Late,7
7476,7476,Ekart Logistics,Pune,2026-07-02,2026-07-04,Delivered,2
7477,7477,Ekart Logistics,Jaipur,2026-04-15,2026-04-17,Delivered,2
7478,7478,DTDC,Chandigarh,2026-02-09,2026-02-15,Delivered Late,5
7479,7479,DTDC,Delhi,2024-05-06,2024-05-13,Delivered,7
7480,7480,Ecom Express,Nagpur,2026-04-03,2026-04-07,Delivered Late,4
7481,7481,Ecom Express,Ranchi,2024-03-02,2024-03-09,Delivered Late,4
7482,7482,Bluedart,Surat,2025-03-04,2025-03-09,Delivered,5
7483,7483,Ecom Express,Nagpur,2025-10-20,2025-10-25,Delivered Late,4
7484,7484,Delhivery,Vadodara,2026-03-02,2026-03-05,Delivered,4
7485,7485,Ecom Express,Mumbai,2026-03-17,2026-03-25,Delivered Late,6
7486,7486,DTDC,Guwahati,2025-04-15,2025-04-23,Delivered Late,7
7487,7487,DTDC,Surat,2025-12-05,2025-12-13,Returned,5
7488,7488,Ekart Logistics,Surat,2024-08-21,2024-08-28,Delivered Late,6
7489,7489,Ekart Logistics,Kanpur,2025-11-15,2025-11-18,Delivered,4
7490,7490,Xpressbees,Kolkata,2026-03-20,2026-03-23,Delivered,3
7491,7491,Xpressbees,Nagpur,2025-05-30,2025-06-06,Delivered,7
7492,7492,Ecom Express,Mumbai,2024-11-26,2024-12-01,Delivered Late,4
7493,7493,Xpressbees,Pune,2025-07-04,2025-07-07,Delivered,4
7494,7494,Ekart Logistics,Guwahati,2025-10-19,2025-10-24,Delivered,6
7495,7495,Ekart Logistics,Nagpur,,,Not Shipped,6
7496,7496,Xpressbees,Jaipur,,,Not Shipped,4
7497,7497,Ekart Logistics,Jaipur,,,Not Shipped,5
7498,7498,Ecom Express,Amritsar,2026-02-11,,In Transit,7
7499,7499,Ekart Logistics,Coimbatore,2025-05-07,2025-05-12,Delivered Late,4
7500,7500,DTDC,Delhi,2025-06-13,,In Transit,5
7501,7501,Ekart Logistics,Bhubaneswar,2024-12-03,2024-12-04,Delivered,2
7502,7502,Delhivery,Pune,2025-09-08,2025-09-15,Delivered Late,6
7503,7503,DTDC,Mysuru,2024-08-06,2024-08-10,Delivered,4
7504,7504,Xpressbees,Delhi,2026-02-27,2026-03-03,Delivered,4
7505,7505,Bluedart,Amritsar,2025-10-05,2025-10-08,Delivered,3
7506,7506,Ekart Logistics,Nagpur,2026-01-22,2026-01-26,Delivered Late,3
7507,7507,Bluedart,Mumbai,2026-03-22,2026-03-28,Delivered,6
7508,7508,DTDC,Guwahati,2025-05-31,2025-06-04,Delivered,4
7509,7509,Bluedart,Bengaluru,2026-04-19,2026-04-27,Delivered Late,7
7510,7510,Bluedart,Ahmedabad,2025-12-02,2025-12-05,Delivered,3
7511,7511,Ecom Express,Nashik,2025-06-19,2025-06-20,Delivered,2
7512,7512,Xpressbees,Chandigarh,2024-07-09,2024-07-15,Delivered Late,5
7513,7513,Xpressbees,Kanpur,2025-11-24,2025-11-29,Delivered Late,4
7514,7514,Bluedart,Patna,2026-03-27,2026-03-31,Delivered Late,3
7515,7515,DTDC,Guwahati,2026-02-09,2026-02-13,Delivered Late,3
7516,7516,Bluedart,Lucknow,,,Not Shipped,6
7517,7517,Ecom Express,Bengaluru,2026-02-01,2026-02-07,Delivered,6
7518,7518,Ecom Express,Nashik,2026-02-12,2026-02-16,Delivered,5
7519,7519,Bluedart,Bhopal,2026-02-01,2026-02-05,Delivered Late,2
7520,7520,Ekart Logistics,Patna,2025-03-12,2025-03-16,Delivered Late,3
7521,7521,Ecom Express,Coimbatore,2026-02-09,2026-02-11,Delivered,2
7522,7522,Delhivery,Bhopal,2026-02-15,2026-02-24,Delivered Late,6
7523,7523,Ekart Logistics,Lucknow,2026-04-06,2026-04-13,Delivered Late,5
7524,7524,Ekart Logistics,Vadodara,,,Not Shipped,2
7525,7525,Ecom Express,Surat,2025-01-07,2025-01-12,Delivered,6
7526,7526,Ekart Logistics,Chandigarh,2025-04-14,,In Transit,2
7527,7527,Ecom Express,Nashik,2026-01-10,2026-01-15,Delivered,5
7528,7528,Xpressbees,Bhopal,2025-09-28,2025-10-04,Delivered,7
7529,7529,Ecom Express,Bhopal,,,Not Shipped,5
7530,7530,Ecom Express,Hyderabad,2025-10-19,2025-10-23,Delivered Late,4
7531,7531,DTDC,Mysuru,2025-11-29,2025-12-05,Delivered,7
7532,7532,Delhivery,Mysuru,2025-12-30,2026-01-02,Delivered Late,3
7533,7533,Bluedart,Ranchi,2025-04-03,2025-04-06,Delivered,3
7534,7534,Ekart Logistics,Delhi,2026-02-20,2026-02-24,Delivered Late,4
7535,7535,Ekart Logistics,Bengaluru,2026-03-29,2026-04-03,Delivered,5
7536,7536,Ekart Logistics,Mysuru,2026-02-07,2026-02-15,Delivered Late,5
7537,7537,Bluedart,Delhi,2025-04-27,2025-05-01,Delivered,4
7538,7538,DTDC,Lucknow,2025-10-28,2025-11-03,Delivered Late,3
7539,7539,DTDC,Coimbatore,2025-05-02,2025-05-09,Delivered,7
7540,7540,Ekart Logistics,Nashik,2024-07-03,2024-07-08,Delivered,5
7541,7541,Ekart Logistics,Mysuru,,,Not Shipped,4
7542,7542,Xpressbees,Kolkata,,,Not Shipped,4
7543,7543,Delhivery,Coimbatore,2026-03-19,2026-03-23,Delivered Late,3
7544,7544,Xpressbees,Delhi,2025-09-27,,In Transit,7
7545,7545,DTDC,Ahmedabad,2026-07-12,,In Transit,7
7546,7546,Bluedart,Vadodara,,,Not Shipped,4
7547,7547,Ekart Logistics,Nashik,2025-04-19,,In Transit,7
7548,7548,Xpressbees,Indore,,,Processing,5
7549,7549,Delhivery,Surat,2026-01-05,2026-01-08,Delivered,3
7550,7550,Ecom Express,Indore,2024-12-28,2024-12-31,Delivered Late,3
7551,7551,DTDC,Chandigarh,2024-11-16,2024-11-18,Returned,3
7552,7552,Xpressbees,Bengaluru,2026-03-05,2026-03-09,Delivered,4
7553,7553,DTDC,Bhubaneswar,2025-09-23,2025-09-25,Delivered,2
7554,7554,Bluedart,Jaipur,,,Not Shipped,2
7555,7555,Delhivery,Ranchi,2025-01-19,,In Transit,7
7556,7556,Bluedart,Ahmedabad,2025-09-03,2025-09-05,Delivered,2
7557,7557,Delhivery,Pune,2026-08-17,2026-08-19,Delivered,3
7558,7558,DTDC,Kanpur,2026-01-01,,In Transit,7
7559,7559,Xpressbees,Guwahati,2026-05-04,2026-05-09,Delivered,5
7560,7560,Xpressbees,Delhi,2025-04-15,2025-04-21,Delivered Late,4
7561,7561,DTDC,Bengaluru,2025-10-20,,In Transit,6
7562,7562,Xpressbees,Mysuru,2026-01-26,2026-01-30,Delivered,5
7563,7563,Ekart Logistics,Thiruvananthapuram,2025-12-31,2026-01-01,Delivered,2
7564,7564,Ekart Logistics,Kolkata,2026-04-27,2026-05-03,Delivered Late,5
7565,7565,Ecom Express,Mysuru,,,Not Shipped,5
7566,7566,Ekart Logistics,Ahmedabad,2025-03-08,2025-03-15,Delivered Late,6
7567,7567,Delhivery,Hyderabad,2026-01-28,2026-01-30,Delivered,3
7568,7568,Bluedart,Ahmedabad,2025-02-16,,In Transit,4
7569,7569,Xpressbees,Bhopal,2025-10-02,2025-10-07,Delivered Late,3
7570,7570,Delhivery,Chennai,2026-08-01,2026-08-07,Delivered Late,4
7571,7571,Delhivery,Coimbatore,2025-07-26,2025-07-31,Delivered,6
7572,7572,Ekart Logistics,Coimbatore,2025-10-22,,In Transit,6
7573,7573,Ecom Express,Chandigarh,2026-07-27,2026-07-30,Delivered,4
7574,7574,Bluedart,Vadodara,2026-06-02,2026-06-04,Delivered Late,2
7575,7575,Bluedart,Hyderabad,2025-07-03,2025-07-04,Delivered,2
7576,7576,Delhivery,Guwahati,2024-01-15,2024-01-22,Delivered Late,6
7577,7577,Delhivery,Bengaluru,2025-01-06,2025-01-07,Delivered,2
7578,7578,Bluedart,Kochi,2025-06-10,2025-06-12,Delivered Late,2
7579,7579,Delhivery,Amritsar,,,Not Shipped,5
7580,7580,Ecom Express,Patna,2025-05-18,2025-05-21,Delivered,4
7581,7581,Ecom Express,Bhubaneswar,,,Processing,6
7582,7582,Bluedart,Nagpur,2026-08-02,2026-08-08,Delivered,7
7583,7583,DTDC,Surat,2026-05-23,2026-05-28,Delivered,6
7584,7584,Bluedart,Vadodara,2026-08-11,2026-08-14,Delivered,3
7585,7585,DTDC,Kochi,2026-07-06,2026-07-11,Delivered,5
7586,7586,Delhivery,Kochi,2024-12-16,2024-12-24,Delivered Late,5
7587,7587,Ecom Express,Nagpur,2025-01-27,2025-02-01,Delivered Late,5
7588,7588,Xpressbees,Thiruvananthapuram,2025-07-02,2025-07-06,Delivered,5
7589,7589,DTDC,Bengaluru,2025-10-29,2025-11-03,Delivered,5
7590,7590,Ecom Express,Nagpur,2025-01-30,2025-02-06,Delivered Late,6
7591,7591,Ekart Logistics,Lucknow,2024-06-17,2024-06-19,Delivered Late,2
7592,7592,Xpressbees,Kolkata,2025-12-19,2025-12-20,Delivered,2
7593,7593,Delhivery,Lucknow,2025-09-24,2025-09-30,Delivered Late,6
7594,7594,Ekart Logistics,Ranchi,2026-06-02,2026-06-09,Delivered Late,5
7595,7595,DTDC,Kochi,2025-12-12,,In Transit,6
7596,7596,Delhivery,Hyderabad,2024-07-29,2024-08-02,Delivered,5
7597,7597,Ecom Express,Mysuru,2025-07-28,2025-07-31,Returned,4
7598,7598,Ecom Express,Indore,2026-03-08,2026-03-15,Delivered Late,6
7599,7599,Delhivery,Kolkata,,,Not Shipped,2
7600,7600,Xpressbees,Coimbatore,2024-10-15,2024-10-25,Delivered Late,7
7601,7601,DTDC,Patna,2025-04-07,2025-04-09,Delivered,3
7602,7602,Xpressbees,Nagpur,2025-12-27,2026-01-01,Delivered Late,3
7603,7603,DTDC,Thiruvananthapuram,2026-03-08,2026-03-14,Delivered,6
7604,7604,Ecom Express,Kanpur,2025-01-10,2025-01-14,Delivered,5
7605,7605,Xpressbees,Pune,,,Not Shipped,2
7606,7606,DTDC,Kanpur,2025-06-07,2025-06-12,Delivered,5
7607,7607,Ekart Logistics,Coimbatore,2025-02-22,2025-02-28,Delivered,6
7608,7608,Bluedart,Coimbatore,2024-12-16,2024-12-25,Delivered Late,7
7609,7609,Delhivery,Bhopal,2025-08-31,2025-09-09,Delivered Late,7
7610,7610,DTDC,Surat,2026-03-17,2026-03-25,Delivered Late,7
7611,7611,Delhivery,Thiruvananthapuram,2025-04-14,2025-04-16,Delivered,3
7612,7612,Xpressbees,Guwahati,2026-05-27,2026-05-31,Delivered,5
7613,7613,Bluedart,Bengaluru,2025-12-03,2025-12-06,Delivered Late,2
7614,7614,Bluedart,Guwahati,2026-07-11,,In Transit,4
7615,7615,Xpressbees,Mumbai,2025-07-24,2025-07-28,Delivered Late,4
7616,7616,Bluedart,Delhi,2026-01-24,2026-01-30,Delivered,7
7617,7617,Ecom Express,Ahmedabad,2025-08-16,2025-08-24,Delivered Late,6
7618,7618,Xpressbees,Delhi,2026-06-08,2026-06-15,Delivered,7
7619,7619,Ecom Express,Pune,2025-03-25,2025-03-28,Delivered Late,3
7620,7620,DTDC,Mysuru,2026-04-03,2026-04-07,Delivered,5
7621,7621,Delhivery,Thiruvananthapuram,2026-04-17,2026-04-23,Delivered Late,5
7622,7622,DTDC,Mysuru,2026-08-04,2026-08-08,Delivered,5
7623,7623,Xpressbees,Jaipur,2026-05-28,2026-06-03,Delivered Late,6
7624,7624,Ecom Express,Surat,2023-12-03,2023-12-07,Delivered Late,4
7625,7625,DTDC,Chennai,2025-12-24,2025-12-28,Delivered Late,4
7626,7626,Delhivery,Pune,2025-11-09,2025-11-12,Delivered,3
7627,7627,Bluedart,Amritsar,2026-07-25,2026-08-03,Delivered Late,7
7628,7628,Delhivery,Kolkata,2025-10-21,2025-10-22,Returned,2
7629,7629,Bluedart,Pune,2025-05-11,2025-05-12,Delivered,2
7630,7630,Xpressbees,Mysuru,2024-12-17,2024-12-24,Delivered Late,6
7631,7631,Xpressbees,Kochi,2024-12-02,2024-12-03,Delivered,2
7632,7632,DTDC,Chennai,2025-12-11,2025-12-18,Delivered,7
7633,7633,Bluedart,Kolkata,2025-01-02,2025-01-09,Delivered Late,6
7634,7634,Bluedart,Surat,2025-04-03,2025-04-05,Delivered,2
7635,7635,Ecom Express,Thiruvananthapuram,2025-11-20,2025-11-24,Delivered,4
7636,7636,Ekart Logistics,Kolkata,2025-03-20,2025-03-23,Delivered Late,2
7637,7637,Ekart Logistics,Ranchi,2026-06-29,2026-07-08,Delivered Late,7
7638,7638,Bluedart,Coimbatore,2026-02-23,2026-02-28,Delivered,5
7639,7639,Delhivery,Mysuru,2025-08-19,2025-08-24,Delivered,6
7640,7640,Xpressbees,Ahmedabad,2026-04-25,2026-04-28,Returned,4
7641,7641,Bluedart,Nashik,2025-05-15,2025-05-25,Delivered Late,7
7642,7642,Ecom Express,Chennai,2026-08-10,2026-08-13,Delivered,4
7643,7643,Ecom Express,Ranchi,2025-09-17,2025-09-19,Delivered,3
7644,7644,Ecom Express,Nagpur,2025-08-25,2025-08-27,Delivered,2
7645,7645,DTDC,Bhubaneswar,2026-02-10,2026-02-12,Delivered,2
7646,7646,Xpressbees,Vadodara,2026-01-04,2026-01-06,Delivered,3
7647,7647,Ekart Logistics,Mysuru,,,Not Shipped,7
7648,7648,Ecom Express,Jaipur,2025-05-07,2025-05-11,Delivered,5
7649,7649,Xpressbees,Bhopal,2025-07-04,2025-07-08,Delivered Late,2
7650,7650,Delhivery,Kolkata,,,Not Shipped,2
7651,7651,Xpressbees,Nagpur,2025-09-09,2025-09-16,Delivered Late,4
7652,7652,Ekart Logistics,Kolkata,2024-04-19,2024-04-27,Delivered Late,6
7653,7653,DTDC,Patna,2026-01-24,2026-01-26,Delivered Late,2
7654,7654,Xpressbees,Pune,2024-10-12,2024-10-18,Delivered,7
7655,7655,Delhivery,Kochi,2025-12-19,2025-12-27,Delivered Late,7
7656,7656,Ecom Express,Ranchi,2025-11-13,2025-11-19,Delivered Late,6
7657,7657,Xpressbees,Bhubaneswar,2025-11-26,2025-12-03,Delivered Late,6
7658,7658,DTDC,Bhopal,2026-03-17,2026-03-23,Delivered Late,6
7659,7659,DTDC,Bhubaneswar,2025-03-07,2025-03-13,Returned,6
7660,7660,Xpressbees,Kochi,2025-08-09,2025-08-13,Delivered,5
7661,7661,DTDC,Chennai,,,Not Shipped,6
7662,7662,DTDC,Patna,2025-01-19,2025-01-24,Delivered,5
7663,7663,Ekart Logistics,Ranchi,2025-09-18,2025-09-22,Delivered,4
7664,7664,Ekart Logistics,Hyderabad,2025-06-04,2025-06-09,Delivered,6
7665,7665,Bluedart,Kolkata,,,Not Shipped,5
7666,7666,Delhivery,Pune,2025-07-29,2025-08-06,Delivered Late,7
7667,7667,DTDC,Thiruvananthapuram,2026-03-04,2026-03-12,Delivered Late,5
7668,7668,Delhivery,Thiruvananthapuram,2026-06-13,2026-06-16,Delivered,3
7669,7669,DTDC,Nashik,2026-04-06,2026-04-12,Delivered,6
7670,7670,DTDC,Coimbatore,2026-02-05,2026-02-08,Delivered,3
7671,7671,DTDC,Pune,2026-02-04,2026-02-06,Delivered,3
7672,7672,Xpressbees,Bengaluru,2026-07-11,2026-07-14,Delivered,3
7673,7673,Ekart Logistics,Bhubaneswar,2026-06-10,2026-06-14,Delivered,4
7674,7674,DTDC,Bengaluru,2026-07-27,2026-08-02,Delivered,7
7675,7675,Delhivery,Delhi,2026-02-26,2026-03-04,Delivered,7
7676,7676,DTDC,Ahmedabad,2025-11-14,,In Transit,5
7677,7677,Delhivery,Mumbai,,,Not Shipped,2
7678,7678,Xpressbees,Pune,2025-10-25,,In Transit,4
7679,7679,Xpressbees,Indore,,,Not Shipped,7
7680,7680,Ecom Express,Mumbai,2025-09-01,2025-09-08,Delivered,7
7681,7681,Delhivery,Surat,2026-08-18,,In Transit,2
7682,7682,Delhivery,Kolkata,2026-03-06,2026-03-08,Delivered,3
7683,7683,Ecom Express,Bhubaneswar,2025-08-31,2025-09-02,Delivered,2
7684,7684,Bluedart,Bhopal,2024-12-06,2024-12-09,Delivered,3
7685,7685,Ecom Express,Patna,2026-01-27,2026-02-02,Delivered Late,5
7686,7686,DTDC,Surat,2025-06-12,2025-06-16,Delivered,4
7687,7687,Ecom Express,Bengaluru,,,Not Shipped,4
7688,7688,Bluedart,Kochi,2025-07-05,2025-07-07,Delivered,2
7689,7689,Ecom Express,Chennai,2026-03-28,2026-04-01,Delivered,4
7690,7690,DTDC,Indore,2025-12-19,2025-12-23,Delivered Late,3
7691,7691,Delhivery,Surat,2026-03-24,2026-03-27,Delivered,4
7692,7692,DTDC,Thiruvananthapuram,2024-09-12,2024-09-17,Delivered,6
7693,7693,DTDC,Delhi,,,Processing,3
7694,7694,Ecom Express,Guwahati,2026-06-01,2026-06-05,Returned,5
7695,7695,Bluedart,Kochi,2025-12-24,,In Transit,6
7696,7696,Delhivery,Mumbai,2025-09-01,2025-09-08,Delivered Late,6
7697,7697,Ekart Logistics,Hyderabad,2026-06-18,2026-06-19,Delivered,2
7698,7698,Delhivery,Guwahati,2024-06-07,2024-06-10,Delivered,4
7699,7699,Bluedart,Mysuru,,,Not Shipped,3
7700,7700,Xpressbees,Lucknow,2025-10-19,2025-10-23,Delivered,5
7701,7701,Xpressbees,Mumbai,2025-08-08,,In Transit,6
7702,7702,Bluedart,Mumbai,2025-12-07,2025-12-09,Delivered,3
7703,7703,Ekart Logistics,Chandigarh,2026-02-01,2026-02-06,Delivered,5
7704,7704,Bluedart,Patna,2026-04-23,2026-04-27,Returned,4
7705,7705,Xpressbees,Delhi,,,Not Shipped,3
7706,7706,DTDC,Mysuru,2026-05-15,2026-05-21,Delivered Late,5
7707,7707,Ecom Express,Lucknow,2026-02-21,2026-02-28,Delivered,7
7708,7708,Ekart Logistics,Patna,2024-10-22,,In Transit,5
7709,7709,Bluedart,Nashik,2026-03-25,2026-03-31,Delivered,6
7710,7710,Delhivery,Kanpur,2024-12-08,2024-12-12,Delivered,5
7711,7711,Ecom Express,Surat,2024-05-15,2024-05-20,Delivered Late,3
7712,7712,Delhivery,Nashik,2025-12-11,2025-12-19,Delivered Late,7
7713,7713,Ecom Express,Delhi,2025-11-26,2025-11-30,Delivered Late,3
7714,7714,Ecom Express,Thiruvananthapuram,,,Not Shipped,3
7715,7715,DTDC,Surat,,,Not Shipped,3
7716,7716,Ecom Express,Indore,2026-01-25,2026-01-26,Delivered,2
7717,7717,Xpressbees,Coimbatore,2024-07-31,2024-08-06,Delivered Late,4
7718,7718,Xpressbees,Kanpur,,,Not Shipped,3
7719,7719,Ekart Logistics,Nashik,2025-04-25,2025-04-28,Delivered Late,2
7720,7720,Ekart Logistics,Delhi,2026-05-07,2026-05-14,Delivered Late,7
7721,7721,Delhivery,Kochi,2026-01-03,2026-01-07,Delivered,5
7722,7722,DTDC,Delhi,2024-11-21,2024-11-25,Delivered Late,2
7723,7723,Delhivery,Lucknow,2025-08-20,2025-08-24,Delivered Late,2
7724,7724,Xpressbees,Mysuru,2025-01-03,2025-01-09,Delivered,6
7725,7725,Ekart Logistics,Patna,2025-07-18,2025-07-21,Delivered Late,3
7726,7726,Delhivery,Chandigarh,2026-01-28,,In Transit,5
7727,7727,DTDC,Thiruvananthapuram,2026-06-04,2026-06-09,Delivered Late,4
7728,7728,Delhivery,Delhi,2025-10-22,2025-10-29,Delivered,7
7729,7729,Ekart Logistics,Delhi,2026-02-02,2026-02-09,Delivered Late,7
7730,7730,Xpressbees,Chennai,2025-07-03,2025-07-06,Delivered,3
7731,7731,Ecom Express,Bengaluru,2024-05-14,2024-05-18,Returned,5
7732,7732,Xpressbees,Patna,2025-03-01,2025-03-04,Returned,3
7733,7733,Delhivery,Jaipur,2026-03-17,2026-03-22,Delivered Late,3
7734,7734,Xpressbees,Bhopal,2026-02-13,2026-02-21,Delivered Late,6
7735,7735,Ekart Logistics,Vadodara,2025-08-31,2025-09-01,Delivered,2
7736,7736,Delhivery,Patna,,,Not Shipped,6
7737,7737,DTDC,Nagpur,2026-05-26,2026-06-04,Delivered Late,7
7738,7738,Xpressbees,Kochi,2026-08-19,2026-08-23,Delivered,4
7739,7739,Ekart Logistics,Kanpur,2025-06-12,2025-06-17,Delivered,5
7740,7740,Delhivery,Jaipur,2025-12-20,2025-12-24,Delivered,4
7741,7741,Bluedart,Guwahati,2026-05-16,2026-05-18,Delivered Late,2
7742,7742,DTDC,Pune,2026-08-18,2026-08-20,Delivered Late,2
7743,7743,DTDC,Jaipur,,,Processing,7
7744,7744,Xpressbees,Thiruvananthapuram,2026-04-27,2026-04-30,Delivered,3
7745,7745,Ekart Logistics,Jaipur,2025-10-06,2025-10-10,Delivered,4
7746,7746,Ecom Express,Bengaluru,2026-04-18,2026-04-21,Delivered,3
7747,7747,Ecom Express,Coimbatore,2026-06-02,2026-06-07,Delivered,5
7748,7748,Delhivery,Vadodara,2025-10-31,2025-11-07,Delivered Late,5
7749,7749,Ekart Logistics,Indore,2025-08-13,2025-08-17,Delivered,5
7750,7750,Bluedart,Coimbatore,2025-09-11,2025-09-18,Delivered Late,5
7751,7751,Ecom Express,Vadodara,2026-06-19,,In Transit,2
7752,7752,Xpressbees,Pune,2025-11-09,2025-11-12,Delivered Late,2
7753,7753,DTDC,Nagpur,2026-02-21,,In Transit,7
7754,7754,Ecom Express,Lucknow,,,Processing,7
7755,7755,Delhivery,Thiruvananthapuram,,,Not Shipped,5
7756,7756,Delhivery,Thiruvananthapuram,2025-08-23,2025-08-27,Delivered Late,2
7757,7757,Bluedart,Surat,2024-02-11,2024-02-13,Delivered,3
7758,7758,Ekart Logistics,Ranchi,2025-06-08,2025-06-11,Delivered Late,2
7759,7759,Ekart Logistics,Thiruvananthapuram,2026-07-27,2026-08-02,Delivered,7
7760,7760,Bluedart,Delhi,2026-02-22,2026-02-25,Delivered,4
7761,7761,Xpressbees,Pune,,,Processing,2
7762,7762,Ekart Logistics,Surat,2026-02-18,2026-02-25,Delivered Late,6
7763,7763,Xpressbees,Mysuru,2024-12-03,2024-12-08,Delivered,6
7764,7764,Xpressbees,Kanpur,2025-07-14,2025-07-22,Delivered Late,6
7765,7765,Ekart Logistics,Patna,2026-05-04,2026-05-07,Delivered,4
7766,7766,Delhivery,Mysuru,2025-02-18,2025-02-21,Delivered,3
7767,7767,Ekart Logistics,Pune,2025-02-27,2025-03-02,Returned,3
7768,7768,Bluedart,Guwahati,2026-01-28,2026-01-31,Delivered,3
7769,7769,Ekart Logistics,Jaipur,2025-04-26,2025-04-30,Delivered,5
7770,7770,Xpressbees,Bhubaneswar,2026-04-30,2026-05-08,Delivered Late,6
7771,7771,Ekart Logistics,Ranchi,2026-02-08,2026-02-11,Delivered Late,2
7772,7772,DTDC,Chennai,2026-08-07,,In Transit,5
7773,7773,DTDC,Kolkata,2026-03-17,2026-03-21,Delivered,5
7774,7774,Delhivery,Ahmedabad,2025-09-24,,In Transit,5
7775,7775,Delhivery,Kochi,2025-07-25,2025-08-02,Delivered Late,7
7776,7776,Bluedart,Nashik,2026-07-13,2026-07-17,Delivered,4
7777,7777,Xpressbees,Nashik,2024-11-19,2024-11-24,Delivered Late,5
7778,7778,Bluedart,Chennai,2026-06-23,2026-06-26,Delivered,4
7779,7779,Bluedart,Ahmedabad,2026-02-13,2026-02-18,Delivered,5
7780,7780,Delhivery,Bhubaneswar,2025-07-29,2025-08-02,Delivered,4
7781,7781,Ecom Express,Kolkata,2025-12-29,2026-01-05,Delivered Late,6
7782,7782,Delhivery,Bhubaneswar,2025-03-05,2025-03-09,Delivered,4
7783,7783,Ekart Logistics,Mumbai,2024-05-06,2024-05-10,Delivered Late,2
7784,7784,Bluedart,Delhi,2025-09-23,2025-09-30,Delivered Late,6
7785,7785,DTDC,Thiruvananthapuram,,,Not Shipped,6
7786,7786,Xpressbees,Patna,2024-08-15,2024-08-20,Delivered,5
7787,7787,Ekart Logistics,Chandigarh,2026-02-08,2026-02-14,Delivered,6
7788,7788,Ekart Logistics,Mysuru,2026-06-03,2026-06-08,Delivered,6
7789,7789,Xpressbees,Bengaluru,2025-04-18,2025-04-20,Delivered Late,2
7790,7790,Xpressbees,Thiruvananthapuram,2025-01-28,2025-02-02,Delivered Late,5
7791,7791,Delhivery,Bengaluru,2026-03-23,2026-04-01,Delivered Late,6
7792,7792,Xpressbees,Indore,2025-10-11,2025-10-19,Delivered Late,7
7793,7793,Bluedart,Indore,2025-09-20,2025-09-25,Delivered,6
7794,7794,DTDC,Bengaluru,2025-12-22,2025-12-28,Delivered,6
7795,7795,Ecom Express,Surat,2026-06-06,2026-06-11,Delivered Late,4
7796,7796,Ekart Logistics,Thiruvananthapuram,2026-05-10,2026-05-16,Delivered,6
7797,7797,Ekart Logistics,Delhi,2025-08-03,2025-08-10,Delivered,7
7798,7798,DTDC,Kolkata,2024-08-28,2024-09-04,Delivered,7
7799,7799,Bluedart,Kolkata,2024-11-11,2024-11-14,Returned,3
7800,7800,DTDC,Chandigarh,2025-01-29,2025-02-02,Returned,5
7801,7801,Delhivery,Surat,2026-06-11,2026-06-15,Delivered,5
7802,7802,Bluedart,Surat,,,Not Shipped,2
7803,7803,Xpressbees,Ahmedabad,2024-08-08,2024-08-09,Delivered,2
7804,7804,Delhivery,Kochi,2025-03-01,2025-03-05,Delivered,5
7805,7805,Ecom Express,Patna,2025-12-28,2026-01-03,Delivered,7
7806,7806,Ecom Express,Nagpur,2024-10-20,2024-10-23,Delivered,3
7807,7807,Xpressbees,Chandigarh,,,Not Shipped,5
7808,7808,DTDC,Lucknow,2024-11-29,2024-12-08,Delivered Late,6
7809,7809,Ekart Logistics,Pune,2024-12-08,2024-12-16,Delivered Late,7
7810,7810,Delhivery,Vadodara,2026-03-05,2026-03-10,Delivered Late,4
7811,7811,Delhivery,Jaipur,,,Processing,4
7812,7812,DTDC,Chandigarh,2026-07-11,2026-07-19,Delivered Late,7
7813,7813,DTDC,Lucknow,2026-01-10,2026-01-13,Delivered,3
7814,7814,Ekart Logistics,Coimbatore,2025-08-07,2025-08-10,Delivered Late,3
7815,7815,DTDC,Bhubaneswar,2026-05-07,2026-05-13,Delivered Late,5
7816,7816,DTDC,Delhi,2025-11-27,2025-12-04,Delivered,7
7817,7817,Ekart Logistics,Patna,2025-02-22,2025-02-27,Delivered,6
7818,7818,Ecom Express,Vadodara,2025-05-05,2025-05-10,Delivered,6
7819,7819,Ecom Express,Kanpur,2025-11-15,2025-11-23,Delivered Late,6
7820,7820,Delhivery,Amritsar,2026-06-03,2026-06-06,Delivered,3
7821,7821,DTDC,Kanpur,2026-03-05,2026-03-07,Returned,2
7822,7822,DTDC,Guwahati,2025-05-19,2025-05-23,Delivered Late,3
7823,7823,Bluedart,Thiruvananthapuram,2026-05-14,2026-05-18,Delivered,5
7824,7824,DTDC,Delhi,2026-06-28,2026-07-04,Delivered,7
7825,7825,Ecom Express,Jaipur,2026-03-15,2026-03-21,Delivered,7
7826,7826,Bluedart,Pune,2025-08-02,2025-08-05,Delivered Late,2
7827,7827,DTDC,Nashik,2025-08-26,2025-09-02,Delivered Late,7
7828,7828,Ecom Express,Mumbai,2025-02-10,2025-02-12,Delivered,2
7829,7829,DTDC,Patna,2026-05-05,2026-05-13,Delivered Late,7
7830,7830,Delhivery,Delhi,2025-10-30,2025-11-03,Delivered Late,3
7831,7831,DTDC,Chennai,2025-04-25,2025-05-02,Delivered Late,4
7832,7832,DTDC,Kolkata,2026-03-16,2026-03-20,Delivered,5
7833,7833,Ecom Express,Jaipur,2026-03-06,2026-03-09,Delivered,4
7834,7834,Xpressbees,Chennai,2025-12-07,2025-12-10,Delivered Late,2
7835,7835,DTDC,Jaipur,2025-07-24,2025-07-30,Delivered,7
7836,7836,Xpressbees,Surat,2026-01-30,2026-02-06,Delivered,7
7837,7837,DTDC,Mysuru,,,Processing,3
7838,7838,Xpressbees,Kolkata,2025-09-23,2025-09-28,Delivered Late,4
7839,7839,Xpressbees,Bhubaneswar,2023-11-24,2023-12-01,Delivered Late,5
7840,7840,Delhivery,Bhopal,2026-06-09,2026-06-18,Delivered Late,7
7841,7841,DTDC,Vadodara,2025-05-13,2025-05-18,Delivered,5
7842,7842,Ekart Logistics,Patna,2026-05-03,2026-05-05,Delivered,3
7843,7843,Delhivery,Chandigarh,2025-01-04,2025-01-08,Delivered Late,3
7844,7844,Ecom Express,Bengaluru,2025-12-05,2025-12-06,Returned,2
7845,7845,Bluedart,Vadodara,2025-12-28,2026-01-03,Delivered Late,4
7846,7846,Bluedart,Bhubaneswar,2026-03-05,2026-03-11,Delivered Late,4
7847,7847,Xpressbees,Thiruvananthapuram,2026-03-21,2026-03-30,Delivered Late,7
7848,7848,Ecom Express,Hyderabad,2025-03-17,2025-03-23,Delivered,6
7849,7849,Ekart Logistics,Bengaluru,2026-03-17,,In Transit,7
7850,7850,Ekart Logistics,Nagpur,2024-03-08,2024-03-13,Delivered,6
7851,7851,Bluedart,Nagpur,2025-09-18,2025-09-25,Delivered Late,7
7852,7852,Ecom Express,Patna,2025-12-09,2025-12-12,Delivered,3
7853,7853,Ecom Express,Coimbatore,2025-09-30,2025-10-06,Delivered Late,6
7854,7854,DTDC,Jaipur,2025-11-21,2025-11-27,Delivered Late,5
7855,7855,Ekart Logistics,Pune,2025-01-24,2025-01-30,Delivered,6
7856,7856,DTDC,Mumbai,2026-01-14,2026-01-19,Delivered,6
7857,7857,Delhivery,Bhopal,2025-07-14,2025-07-23,Delivered Late,7
7858,7858,Delhivery,Nagpur,,,Processing,3
7859,7859,Delhivery,Kochi,2025-11-20,2025-11-21,Delivered,2
7860,7860,Xpressbees,Delhi,2025-01-04,2025-01-07,Delivered,3
7861,7861,Ekart Logistics,Kanpur,2025-06-16,2025-06-21,Delivered Late,3
7862,7862,Xpressbees,Mumbai,2024-07-17,2024-07-18,Delivered,2
7863,7863,Ekart Logistics,Kanpur,2026-05-18,2026-05-21,Returned,3
7864,7864,DTDC,Guwahati,2025-01-15,,In Transit,7
7865,7865,Ecom Express,Hyderabad,2025-10-25,2025-10-29,Delivered,4
7866,7866,Bluedart,Jaipur,2026-05-12,2026-05-17,Delivered Late,2
7867,7867,Ecom Express,Kochi,2025-08-05,2025-08-10,Delivered Late,4
7868,7868,Xpressbees,Hyderabad,2026-07-05,2026-07-11,Delivered Late,5
7869,7869,Ekart Logistics,Chandigarh,,,Not Shipped,5
7870,7870,Ecom Express,Chennai,2026-06-18,2026-06-19,Delivered,2
7871,7871,Ecom Express,Bhubaneswar,2025-07-20,2025-07-23,Delivered,4
7872,7872,Ecom Express,Patna,2026-05-25,2026-05-27,Delivered Late,2
7873,7873,Ecom Express,Guwahati,2026-03-21,2026-03-26,Delivered Late,4
7874,7874,Ecom Express,Patna,2026-06-03,2026-06-07,Delivered,5
7875,7875,Xpressbees,Nagpur,,,Not Shipped,4
7876,7876,Ekart Logistics,Delhi,2025-11-30,,In Transit,5
7877,7877,Delhivery,Mumbai,2025-05-07,2025-05-09,Delivered,2
7878,7878,DTDC,Surat,2024-12-01,2024-12-10,Delivered Late,7
7879,7879,DTDC,Ranchi,2025-04-29,2025-05-06,Returned,6
7880,7880,Bluedart,Chennai,2026-05-16,2026-05-23,Delivered Late,5
7881,7881,Xpressbees,Hyderabad,2024-05-20,,In Transit,5
7882,7882,Ekart Logistics,Ranchi,2025-10-12,2025-10-16,Delivered Late,2
7883,7883,Bluedart,Kolkata,2024-07-20,,In Transit,3
7884,7884,Ekart Logistics,Patna,2025-02-19,2025-02-20,Delivered,2
7885,7885,Delhivery,Bengaluru,2025-03-08,2025-03-13,Returned,6
7886,7886,Ecom Express,Chennai,2024-12-14,,In Transit,6
7887,7887,Delhivery,Pune,2024-06-29,2024-07-03,Delivered,4
7888,7888,Ecom Express,Jaipur,2025-08-18,2025-08-24,Delivered,7
7889,7889,Bluedart,Ranchi,2026-01-17,2026-01-22,Delivered,5
7890,7890,DTDC,Nashik,,,Processing,7
7891,7891,Xpressbees,Delhi,2025-07-15,2025-07-17,Returned,2
7892,7892,Ekart Logistics,Hyderabad,2025-04-07,2025-04-11,Delivered,5
7893,7893,Ecom Express,Bengaluru,2026-05-29,2026-06-01,Delivered,4
7894,7894,Delhivery,Chandigarh,2025-07-14,2025-07-18,Delivered Late,2
7895,7895,DTDC,Thiruvananthapuram,2024-10-14,2024-10-18,Delivered Late,2
7896,7896,Bluedart,Mysuru,2025-08-11,2025-08-18,Delivered,7
7897,7897,Bluedart,Ahmedabad,,,Not Shipped,4
7898,7898,Ecom Express,Vadodara,2025-04-28,2025-05-02,Returned,4
7899,7899,Ekart Logistics,Bhubaneswar,2025-06-27,2025-07-01,Returned,2
7900,7900,Ecom Express,Mysuru,2026-01-28,2026-01-30,Delivered,3
7901,7901,Ecom Express,Vadodara,2026-04-01,2026-04-05,Delivered Late,4
7902,7902,Bluedart,Ahmedabad,2024-10-05,2024-10-11,Delivered,7
7903,7903,DTDC,Nagpur,2026-04-27,2026-05-04,Delivered,7
7904,7904,Delhivery,Thiruvananthapuram,2024-08-19,2024-08-24,Delivered,5
7905,7905,Xpressbees,Delhi,2025-10-20,2025-10-27,Delivered Late,5
7906,7906,Ecom Express,Indore,2025-06-20,2025-06-26,Delivered,7
7907,7907,Bluedart,Ahmedabad,,,Not Shipped,2
7908,7908,DTDC,Ahmedabad,2026-03-08,,In Transit,3
7909,7909,Delhivery,Nashik,2025-07-31,2025-08-02,Delivered,2
7910,7910,DTDC,Nashik,2025-11-20,2025-11-26,Delivered Late,6
7911,7911,Delhivery,Kolkata,,,Not Shipped,2
7912,7912,Ecom Express,Nagpur,2025-08-16,2025-08-19,Delivered Late,3
7913,7913,Ekart Logistics,Mumbai,2025-07-26,2025-08-01,Delivered,6
7914,7914,Ekart Logistics,Ahmedabad,2025-10-04,2025-10-09,Delivered,6
7915,7915,DTDC,Amritsar,2026-03-23,,In Transit,4
7916,7916,Ecom Express,Mysuru,2025-12-17,2025-12-24,Delivered,7
7917,7917,Xpressbees,Lucknow,2026-05-20,2026-05-25,Delivered Late,4
7918,7918,Delhivery,Mumbai,2024-12-15,2024-12-22,Returned,6
7919,7919,Bluedart,Chennai,2025-08-31,2025-09-02,Delivered,3
7920,7920,Ekart Logistics,Vadodara,2026-03-26,2026-03-30,Delivered Late,4
7921,7921,Bluedart,Bhubaneswar,2025-06-04,2025-06-09,Delivered,5
7922,7922,Xpressbees,Indore,2026-07-26,2026-07-27,Delivered,2
7923,7923,Delhivery,Hyderabad,2026-07-15,2026-07-20,Delivered Late,3
7924,7924,Xpressbees,Patna,2025-05-22,2025-05-26,Delivered,4
7925,7925,Delhivery,Indore,2025-09-08,2025-09-13,Delivered,5
7926,7926,Bluedart,Kanpur,2026-01-04,2026-01-09,Delivered,6
7927,7927,Bluedart,Chandigarh,2025-06-29,2025-07-01,Delivered,2
7928,7928,Ekart Logistics,Vadodara,2025-05-25,2025-05-31,Returned,6
7929,7929,Bluedart,Nagpur,2026-01-11,2026-01-16,Delivered,5
7930,7930,Xpressbees,Lucknow,2025-04-12,2025-04-15,Delivered,3
7931,7931,Ekart Logistics,Delhi,2025-06-27,,In Transit,2
7932,7932,Xpressbees,Nagpur,2026-02-03,2026-02-07,Delivered Late,3
7933,7933,Bluedart,Chandigarh,2025-10-01,2025-10-03,Delivered Late,2
7934,7934,Delhivery,Vadodara,2024-07-06,2024-07-10,Delivered Late,2
7935,7935,Xpressbees,Kanpur,2026-06-13,2026-06-14,Delivered,2
7936,7936,Xpressbees,Ranchi,,,Not Shipped,4
7937,7937,DTDC,Surat,2025-11-13,2025-11-18,Delivered,6
7938,7938,Ecom Express,Amritsar,2025-12-27,2025-12-30,Delivered,3
7939,7939,Ecom Express,Kolkata,2025-02-21,2025-02-22,Delivered,2
7940,7940,DTDC,Chennai,2025-06-24,2025-06-28,Delivered,5
7941,7941,Ekart Logistics,Mumbai,2026-04-29,2026-05-01,Delivered,2
7942,7942,DTDC,Nagpur,2025-05-18,2025-05-21,Delivered,3
7943,7943,Bluedart,Thiruvananthapuram,2025-05-21,2025-05-28,Delivered,7
7944,7944,Xpressbees,Amritsar,2025-04-07,2025-04-09,Delivered Late,2
7945,7945,Ecom Express,Amritsar,2026-03-14,2026-03-17,Delivered Late,2
7946,7946,Ekart Logistics,Delhi,2025-04-24,2025-04-30,Delivered,6
7947,7947,Ekart Logistics,Patna,2026-06-29,2026-07-01,Delivered,3
7948,7948,DTDC,Guwahati,2025-05-14,2025-05-18,Delivered,4
7949,7949,Ecom Express,Ranchi,,,Not Shipped,3
7950,7950,DTDC,Kanpur,2026-01-17,2026-01-20,Delivered,3
7951,7951,Ekart Logistics,Bengaluru,2026-04-19,2026-04-27,Delivered Late,7
7952,7952,Ekart Logistics,Bhopal,2026-04-11,2026-04-14,Delivered Late,3
7953,7953,Xpressbees,Chandigarh,2025-10-05,2025-10-10,Delivered Late,5
7954,7954,Ecom Express,Patna,2026-03-10,2026-03-13,Delivered,4
7955,7955,DTDC,Mysuru,2025-07-25,,In Transit,2
7956,7956,Delhivery,Lucknow,2025-06-27,2025-07-03,Delivered,7
7957,7957,DTDC,Ahmedabad,2025-05-25,2025-05-31,Delivered,6
7958,7958,Xpressbees,Nashik,2025-03-08,,In Transit,5
7959,7959,Ekart Logistics,Ranchi,2025-11-13,2025-11-16,Delivered Late,2
7960,7960,Xpressbees,Chennai,2026-03-03,,In Transit,7
7961,7961,Ecom Express,Nagpur,2025-11-19,2025-11-25,Delivered,7
7962,7962,DTDC,Patna,2026-01-24,2026-01-31,Delivered,7
7963,7963,DTDC,Delhi,2025-03-12,2025-03-16,Delivered,4
7964,7964,Delhivery,Chennai,2025-09-19,2025-09-25,Delivered,7
7965,7965,Ecom Express,Kanpur,2026-05-28,2026-06-03,Delivered Late,5
7966,7966,Delhivery,Thiruvananthapuram,2025-10-01,2025-10-06,Delivered,5
7967,7967,Ekart Logistics,Kanpur,2026-01-15,2026-01-19,Delivered Late,2
7968,7968,DTDC,Bhopal,2025-10-30,2025-11-08,Delivered Late,7
7969,7969,Ecom Express,Coimbatore,2026-04-18,2026-04-25,Delivered Late,5
7970,7970,Delhivery,Indore,2025-04-08,2025-04-10,Delivered,2
7971,7971,Xpressbees,Bhubaneswar,2025-03-06,2025-03-10,Delivered,4
7972,7972,Ecom Express,Jaipur,2025-12-12,2025-12-14,Delivered Late,2
7973,7973,Xpressbees,Guwahati,2026-01-05,2026-01-08,Delivered Late,2
7974,7974,Delhivery,Delhi,2026-02-02,2026-02-07,Delivered,5
7975,7975,Bluedart,Amritsar,2026-01-24,2026-01-30,Delivered,7
7976,7976,DTDC,Nashik,2026-05-04,2026-05-06,Delivered Late,2
7977,7977,Xpressbees,Surat,2026-01-25,2026-02-01,Delivered,7
7978,7978,Ekart Logistics,Patna,2025-11-15,2025-11-22,Delivered Late,7
7979,7979,DTDC,Mysuru,2025-02-25,2025-03-05,Delivered Late,7
7980,7980,Ecom Express,Lucknow,2025-12-02,2025-12-08,Delivered Late,6
7981,7981,DTDC,Kanpur,2025-04-16,2025-04-19,Delivered,4
7982,7982,Xpressbees,Jaipur,,,Not Shipped,5
7983,7983,Xpressbees,Nashik,2024-08-11,2024-08-12,Delivered,2
7984,7984,Ekart Logistics,Bhubaneswar,2025-11-13,2025-11-19,Delivered Late,5
7985,7985,Ecom Express,Ranchi,2026-04-02,,In Transit,2
7986,7986,DTDC,Vadodara,2024-02-07,2024-02-08,Delivered,2
7987,7987,Bluedart,Nashik,2026-04-02,2026-04-10,Delivered Late,7
7988,7988,Xpressbees,Kolkata,2026-03-02,2026-03-10,Delivered Late,7
7989,7989,Xpressbees,Mysuru,2026-01-10,2026-01-18,Delivered Late,7
7990,7990,Delhivery,Ranchi,2026-02-09,2026-02-12,Delivered,3
7991,7991,DTDC,Surat,2024-04-10,2024-04-13,Delivered,3
7992,7992,Ekart Logistics,Delhi,2025-05-10,2025-05-16,Delivered,7
7993,7993,Ecom Express,Delhi,2026-03-06,2026-03-11,Delivered,5
7994,7994,DTDC,Bengaluru,2025-08-19,2025-08-24,Delivered,6
7995,7995,Ekart Logistics,Ahmedabad,2026-05-11,2026-05-16,Delivered,5
7996,7996,Ekart Logistics,Coimbatore,,,Not Shipped,5
7997,7997,Bluedart,Pune,2025-06-07,2025-06-12,Delivered,6
7998,7998,Bluedart,Kochi,2026-02-02,2026-02-03,Delivered,2
7999,7999,DTDC,Coimbatore,2026-01-06,2026-01-11,Delivered,6
8000,8000,Ekart Logistics,Hyderabad,2025-12-16,2025-12-21,Delivered Late,4
8001,8001,Ekart Logistics,Kochi,2026-05-29,2026-05-31,Delivered,2
8002,8002,Ekart Logistics,Guwahati,2025-03-28,2025-03-30,Delivered Late,2
8003,8003,DTDC,Guwahati,2026-07-16,2026-07-23,Delivered Late,6
8004,8004,Xpressbees,Coimbatore,,,Not Shipped,6
8005,8005,Ecom Express,Bhopal,2025-02-21,2025-02-27,Delivered,7
8006,8006,Bluedart,Kochi,2025-04-03,2025-04-07,Delivered,4
8007,8007,Ekart Logistics,Coimbatore,2026-01-11,,In Transit,2
8008,8008,Delhivery,Mysuru,2026-01-23,2026-01-27,Delivered,4
8009,8009,DTDC,Chennai,2025-12-16,2025-12-23,Delivered Late,7
8010,8010,Xpressbees,Nashik,2025-03-06,2025-03-11,Delivered,5
8011,8011,Xpressbees,Ranchi,2026-01-22,,In Transit,7
8012,8012,Bluedart,Kanpur,2025-10-05,2025-10-08,Delivered,4
8013,8013,DTDC,Amritsar,2025-05-03,2025-05-08,Delivered,6
8014,8014,Bluedart,Surat,2025-07-22,2025-07-25,Delivered,4
8015,8015,DTDC,Bengaluru,2026-02-20,2026-02-22,Delivered,2
8016,8016,Bluedart,Bhopal,2026-01-12,2026-01-16,Delivered Late,2
8017,8017,Ekart Logistics,Chennai,2025-07-05,2025-07-09,Delivered,5
8018,8018,Ekart Logistics,Amritsar,2025-05-31,2025-06-06,Delivered Late,3
8019,8019,Ekart Logistics,Bhubaneswar,2025-12-17,2025-12-24,Delivered Late,4
8020,8020,Ekart Logistics,Lucknow,2025-02-20,2025-02-23,Delivered,3
8021,8021,Xpressbees,Amritsar,,,Not Shipped,7
8022,8022,Ekart Logistics,Thiruvananthapuram,2026-01-27,2026-01-29,Delivered,2
8023,8023,DTDC,Coimbatore,2025-10-18,2025-10-23,Delivered Late,4
8024,8024,Ekart Logistics,Bhopal,2025-08-06,,In Transit,5
8025,8025,Bluedart,Thiruvananthapuram,2026-07-16,2026-07-21,Delivered,6
8026,8026,DTDC,Bhopal,2025-11-07,2025-11-11,Delivered,5
8027,8027,Delhivery,Indore,2026-06-29,2026-07-03,Returned,3
8028,8028,Bluedart,Mumbai,2025-09-02,2025-09-05,Delivered Late,2
8029,8029,Xpressbees,Ahmedabad,2025-09-12,2025-09-18,Delivered Late,5
8030,8030,Xpressbees,Indore,2026-06-09,2026-06-16,Delivered Late,6
8031,8031,Ecom Express,Lucknow,2026-01-17,2026-01-24,Delivered,7
8032,8032,Bluedart,Mysuru,2026-02-07,2026-02-09,Returned,2
8033,8033,Bluedart,Indore,2025-01-09,2025-01-16,Delivered,7
8034,8034,Ekart Logistics,Jaipur,2026-06-19,2026-06-22,Delivered,4
8035,8035,Bluedart,Kolkata,2025-02-16,2025-02-20,Delivered Late,3
8036,8036,Xpressbees,Chennai,,,Not Shipped,6
8037,8037,Ecom Express,Mysuru,,,Processing,6
8038,8038,Xpressbees,Nashik,2025-03-18,2025-03-19,Delivered,2
8039,8039,Delhivery,Mysuru,2026-06-17,2026-06-22,Delivered,6
8040,8040,Delhivery,Mumbai,2025-06-14,2025-06-20,Delivered,6
8041,8041,DTDC,Lucknow,2025-12-25,2025-12-31,Returned,6
8042,8042,Delhivery,Kochi,2026-04-10,2026-04-13,Delivered Late,3
8043,8043,Ekart Logistics,Amritsar,2025-12-29,2026-01-04,Delivered,6
8044,8044,Xpressbees,Hyderabad,2024-11-20,2024-11-29,Delivered Late,6
8045,8045,Delhivery,Vadodara,2025-12-01,2025-12-04,Delivered Late,2
8046,8046,Delhivery,Bengaluru,2026-07-26,2026-07-29,Delivered,3
8047,8047,Bluedart,Nagpur,2025-12-03,2025-12-09,Delivered,7
8048,8048,DTDC,Guwahati,,,Not Shipped,2
8049,8049,DTDC,Bhubaneswar,2026-01-27,2026-01-30,Delivered,4
8050,8050,Delhivery,Indore,2026-01-31,2026-02-06,Delivered,7
8051,8051,Ecom Express,Hyderabad,2025-07-27,2025-07-28,Delivered,2
8052,8052,DTDC,Mysuru,2026-03-25,2026-03-31,Delivered Late,3
8053,8053,Xpressbees,Amritsar,2026-03-06,2026-03-10,Delivered,5
8054,8054,Ecom Express,Guwahati,2023-12-08,2023-12-15,Delivered,7
8055,8055,Delhivery,Mysuru,2026-08-10,2026-08-16,Delivered,6
8056,8056,Xpressbees,Patna,2025-10-26,2025-11-03,Delivered Late,7
8057,8057,Bluedart,Nagpur,2025-03-06,2025-03-12,Delivered Late,4
8058,8058,Ekart Logistics,Delhi,2025-02-02,2025-02-06,Delivered,5
8059,8059,DTDC,Pune,2026-04-20,2026-04-27,Delivered Late,6
8060,8060,Xpressbees,Ahmedabad,2026-03-08,2026-03-12,Returned,5
8061,8061,Ecom Express,Kochi,2026-02-06,2026-02-09,Delivered Late,2
8062,8062,Ecom Express,Patna,2024-11-01,2024-11-07,Delivered,6
8063,8063,Xpressbees,Mumbai,2026-04-05,2026-04-07,Delivered Late,2
8064,8064,Xpressbees,Pune,2026-02-14,2026-02-15,Delivered,2
8065,8065,Xpressbees,Kolkata,2025-03-29,2025-04-03,Delivered Late,3
8066,8066,DTDC,Mumbai,2026-03-18,2026-03-20,Delivered,3
8067,8067,Xpressbees,Chennai,2026-04-22,2026-04-28,Delivered,7
8068,8068,Ecom Express,Surat,2025-01-23,2025-01-30,Delivered Late,4
8069,8069,Bluedart,Amritsar,2025-08-17,2025-08-21,Delivered,4
8070,8070,Bluedart,Kanpur,2024-12-24,2024-12-28,Delivered,4
8071,8071,DTDC,Lucknow,2026-06-16,2026-06-19,Delivered Late,3
8072,8072,Bluedart,Thiruvananthapuram,2025-08-12,2025-08-18,Delivered Late,3
8073,8073,Ekart Logistics,Kanpur,2026-01-02,2026-01-08,Delivered,6
8074,8074,DTDC,Ahmedabad,2026-06-18,2026-06-19,Delivered,2
8075,8075,DTDC,Jaipur,2026-04-17,2026-04-23,Delivered,7
8076,8076,Ekart Logistics,Ahmedabad,2026-07-08,2026-07-13,Delivered,5
8077,8077,DTDC,Pune,2024-09-11,2024-09-18,Delivered Late,6
8078,8078,Xpressbees,Vadodara,2025-09-16,2025-09-18,Delivered Late,2
8079,8079,DTDC,Bengaluru,2024-03-26,2024-03-29,Delivered Late,3
8080,8080,Delhivery,Jaipur,,,Not Shipped,6
8081,8081,Delhivery,Vadodara,2026-02-16,2026-02-20,Delivered Late,3
8082,8082,Delhivery,Bhubaneswar,2026-07-09,2026-07-11,Delivered,2
8083,8083,Ecom Express,Thiruvananthapuram,2025-05-10,,In Transit,6
8084,8084,Ekart Logistics,Bhubaneswar,2025-11-14,2025-11-19,Delivered,5
8085,8085,Xpressbees,Surat,2025-09-19,2025-09-22,Delivered,4
8086,8086,Bluedart,Pune,2024-05-25,2024-05-27,Delivered,3
8087,8087,Xpressbees,Nashik,2025-12-21,2025-12-25,Delivered Late,4
8088,8088,Xpressbees,Bengaluru,2025-02-09,2025-02-13,Returned,5
8089,8089,Ecom Express,Ahmedabad,2024-02-03,2024-02-05,Delivered,3
8090,8090,Ekart Logistics,Ranchi,2025-03-19,2025-03-24,Delivered Late,3
8091,8091,DTDC,Nashik,2024-02-18,2024-02-21,Delivered,3
8092,8092,Ekart Logistics,Vadodara,2026-04-11,2026-04-16,Returned,3
8093,8093,Xpressbees,Ranchi,2024-10-19,2024-10-21,Returned,2
8094,8094,Xpressbees,Bhopal,2024-09-14,2024-09-20,Delivered,7
8095,8095,Ekart Logistics,Pune,2026-05-19,2026-05-26,Returned,7
8096,8096,Ecom Express,Ranchi,2026-02-22,2026-02-26,Delivered Late,2
8097,8097,Xpressbees,Kolkata,2025-12-29,2026-01-03,Delivered Late,3
8098,8098,Delhivery,Mysuru,,,Not Shipped,3
8099,8099,Ekart Logistics,Delhi,,,Not Shipped,4
8100,8100,Ekart Logistics,Kanpur,2026-02-11,2026-02-15,Delivered,4
8101,8101,Bluedart,Delhi,2026-07-10,2026-07-16,Delivered,7
8102,8102,Ecom Express,Surat,2026-07-21,2026-07-22,Delivered,2
8103,8103,Xpressbees,Guwahati,2026-02-28,2026-03-06,Delivered,7
8104,8104,Bluedart,Kolkata,,,Not Shipped,2
8105,8105,DTDC,Chandigarh,,,Not Shipped,3
8106,8106,DTDC,Mumbai,2025-07-14,2025-07-19,Delivered Late,4
8107,8107,Bluedart,Bhubaneswar,2025-10-21,2025-10-28,Delivered,7
8108,8108,Ecom Express,Amritsar,2026-05-28,2026-05-29,Delivered,2
8109,8109,Bluedart,Kanpur,,,Not Shipped,4
8110,8110,Ecom Express,Nashik,2026-04-01,2026-04-07,Delivered,6
8111,8111,Bluedart,Nagpur,2025-08-04,2025-08-11,Delivered Late,5
8112,8112,Bluedart,Bhubaneswar,2024-12-15,2024-12-19,Delivered Late,2
8113,8113,Bluedart,Pune,2025-10-17,2025-10-22,Delivered,5
8114,8114,Ecom Express,Bhubaneswar,2025-09-18,2025-09-21,Delivered Late,2
8115,8115,Delhivery,Bengaluru,2026-04-25,2026-04-28,Delivered,4
8116,8116,Delhivery,Hyderabad,,,Not Shipped,5
8117,8117,Ekart Logistics,Bhopal,2024-10-29,2024-10-31,Delivered,3
8118,8118,DTDC,Ranchi,2024-12-01,2024-12-07,Delivered,7
8119,8119,Bluedart,Kanpur,2025-08-31,2025-09-05,Delivered Late,3
8120,8120,Xpressbees,Indore,2024-11-30,2024-12-04,Delivered,4
8121,8121,Xpressbees,Nashik,2025-06-06,2025-06-09,Delivered,3
8122,8122,Bluedart,Bengaluru,2024-10-16,2024-10-19,Returned,3
8123,8123,Delhivery,Amritsar,2026-03-12,2026-03-14,Delivered,2
8124,8124,DTDC,Pune,2026-04-10,2026-04-18,Delivered Late,6
8125,8125,DTDC,Guwahati,2026-05-05,2026-05-13,Delivered Late,7
8126,8126,DTDC,Nagpur,2024-12-16,2024-12-19,Delivered,4
8127,8127,DTDC,Amritsar,2026-01-05,2026-01-12,Delivered Late,5
8128,8128,Xpressbees,Amritsar,2025-04-16,2025-04-23,Delivered,7
8129,8129,Bluedart,Amritsar,2026-03-28,2026-03-31,Delivered Late,3
8130,8130,DTDC,Bhubaneswar,2026-03-25,2026-04-01,Returned,7
8131,8131,Bluedart,Bengaluru,2026-04-21,2026-04-24,Delivered Late,2
8132,8132,DTDC,Pune,2024-06-01,2024-06-07,Delivered,6
8133,8133,Xpressbees,Hyderabad,2025-09-26,2025-09-30,Delivered Late,3
8134,8134,DTDC,Bhopal,2025-09-12,2025-09-16,Delivered,4
8135,8135,DTDC,Amritsar,2024-12-01,,In Transit,2
8136,8136,Xpressbees,Guwahati,2025-06-29,2025-07-03,Delivered,4
8137,8137,DTDC,Pune,2026-06-09,2026-06-11,Delivered,3
8138,8138,Ecom Express,Guwahati,2026-04-17,2026-04-19,Delivered,3
8139,8139,DTDC,Indore,2025-05-17,,In Transit,4
8140,8140,Bluedart,Patna,2025-09-25,2025-10-01,Delivered Late,6
8141,8141,DTDC,Kanpur,2025-08-05,2025-08-09,Delivered,4
8142,8142,Bluedart,Pune,,,Processing,6
8143,8143,Xpressbees,Jaipur,2025-10-08,2025-10-15,Delivered Late,7
8144,8144,Delhivery,Pune,2026-02-06,2026-02-13,Delivered,7
8145,8145,Bluedart,Jaipur,2024-04-01,,In Transit,2
8146,8146,Ecom Express,Mumbai,2025-02-27,2025-03-08,Delivered Late,7
8147,8147,Delhivery,Kolkata,2026-08-01,2026-08-08,Delivered Late,5
8148,8148,Ecom Express,Vadodara,2025-08-18,2025-08-20,Delivered Late,2
8149,8149,DTDC,Bengaluru,2024-10-31,,In Transit,6
8150,8150,Bluedart,Patna,2026-03-15,2026-03-22,Delivered Late,4
8151,8151,Bluedart,Bhubaneswar,2025-09-23,2025-09-25,Delivered,2
8152,8152,Bluedart,Indore,2026-04-19,2026-04-27,Delivered Late,7
8153,8153,Ekart Logistics,Ahmedabad,2025-10-13,2025-10-20,Delivered Late,4
8154,8154,DTDC,Vadodara,2025-06-04,2025-06-14,Delivered Late,7
8155,8155,DTDC,Bhubaneswar,2026-01-28,2026-02-02,Delivered,6
8156,8156,Xpressbees,Lucknow,2025-12-03,2025-12-09,Delivered,7
8157,8157,Xpressbees,Pune,2025-06-01,2025-06-05,Delivered,5
8158,8158,Delhivery,Mumbai,2025-12-16,,In Transit,7
8159,8159,Delhivery,Kolkata,2025-03-05,2025-03-10,Delivered Late,5
8160,8160,Bluedart,Surat,2025-10-31,2025-11-02,Delivered,3
8161,8161,Ekart Logistics,Chandigarh,2025-09-10,2025-09-15,Delivered,6
8162,8162,Ecom Express,Coimbatore,2026-02-23,2026-03-05,Returned,7
8163,8163,Bluedart,Jaipur,2024-01-22,2024-01-27,Delivered,5
8164,8164,DTDC,Indore,2026-03-06,2026-03-11,Delivered Late,5
8165,8165,DTDC,Vadodara,2026-04-14,2026-04-18,Delivered Late,2
8166,8166,DTDC,Patna,2024-08-01,2024-08-02,Delivered,2
8167,8167,DTDC,Ranchi,2025-11-17,2025-11-19,Delivered,3
8168,8168,Ecom Express,Mysuru,2025-05-13,2025-05-18,Returned,5
8169,8169,Xpressbees,Patna,2026-04-22,2026-04-28,Delivered,6
8170,8170,Ekart Logistics,Vadodara,2024-12-22,2024-12-29,Delivered Late,7
8171,8171,Ecom Express,Coimbatore,2026-03-12,2026-03-19,Delivered Late,5
8172,8172,Delhivery,Nagpur,2026-03-21,,In Transit,2
8173,8173,Xpressbees,Chandigarh,2026-02-14,2026-02-20,Returned,6
8174,8174,Delhivery,Ranchi,2024-06-26,2024-06-27,Delivered,2
8175,8175,Xpressbees,Kolkata,2025-12-18,2025-12-21,Delivered,3
8176,8176,Bluedart,Patna,2026-03-02,2026-03-04,Delivered,3
8177,8177,DTDC,Patna,2025-10-24,2025-10-26,Delivered,3
8178,8178,Ekart Logistics,Hyderabad,2024-12-01,2024-12-05,Delivered Late,2
8179,8179,DTDC,Thiruvananthapuram,2026-08-17,2026-08-18,Delivered,2
8180,8180,DTDC,Amritsar,2026-07-25,,In Transit,3
8181,8181,Ekart Logistics,Bhopal,2025-11-18,2025-11-20,Delivered,2
8182,8182,Bluedart,Lucknow,2025-08-07,2025-08-14,Delivered,7
8183,8183,Bluedart,Mysuru,2026-07-05,2026-07-09,Returned,3
8184,8184,Ecom Express,Bhubaneswar,2026-05-05,2026-05-12,Delivered Late,7
8185,8185,Ecom Express,Nagpur,2023-11-26,2023-11-27,Delivered,2
8186,8186,Ecom Express,Kanpur,2026-05-17,2026-05-24,Delivered,7
8187,8187,Delhivery,Kolkata,2026-05-20,2026-05-25,Delivered,6
8188,8188,Ecom Express,Coimbatore,2026-03-22,2026-03-26,Delivered Late,3
8189,8189,DTDC,Patna,2026-01-13,2026-01-19,Delivered,6
8190,8190,Ecom Express,Vadodara,2025-10-29,2025-11-04,Delivered,7
8191,8191,Ecom Express,Coimbatore,2026-04-03,2026-04-09,Delivered,6
8192,8192,Delhivery,Nagpur,2026-03-08,2026-03-15,Delivered,7
8193,8193,Ekart Logistics,Nagpur,2025-06-09,2025-06-15,Delivered,7
8194,8194,Xpressbees,Guwahati,2026-03-06,2026-03-12,Delivered Late,6
8195,8195,Ecom Express,Patna,2025-02-04,2025-02-07,Delivered,3
8196,8196,DTDC,Amritsar,2026-08-06,2026-08-10,Delivered Late,3
8197,8197,Ecom Express,Surat,2026-05-29,2026-06-01,Delivered Late,3
8198,8198,Ecom Express,Amritsar,2025-09-11,2025-09-13,Delivered,2
8199,8199,Bluedart,Guwahati,2026-06-21,2026-06-27,Delivered,6
8200,8200,Xpressbees,Nashik,2026-04-17,2026-04-19,Delivered,2
8201,8201,Xpressbees,Chennai,2026-02-24,2026-02-26,Delivered,3
8202,8202,Xpressbees,Kolkata,2026-03-17,,In Transit,6
8203,8203,Ecom Express,Chennai,2025-02-02,,In Transit,6
8204,8204,Xpressbees,Pune,2025-11-04,2025-11-07,Delivered,3
8205,8205,Xpressbees,Patna,2026-02-26,2026-03-05,Delivered,7
8206,8206,Delhivery,Thiruvananthapuram,2026-02-07,2026-02-14,Delivered Late,6
8207,8207,Bluedart,Coimbatore,2025-06-08,2025-06-11,Delivered Late,3
8208,8208,Ekart Logistics,Bhopal,2024-07-20,2024-07-26,Delivered Late,5
8209,8209,Bluedart,Guwahati,2025-08-14,,In Transit,3
8210,8210,Ekart Logistics,Kolkata,2025-10-13,2025-10-20,Delivered Late,6
8211,8211,Bluedart,Amritsar,2026-02-05,2026-02-07,Delivered,3
8212,8212,Ekart Logistics,Hyderabad,,,Not Shipped,3
8213,8213,Delhivery,Guwahati,2024-06-01,2024-06-09,Delivered Late,7
8214,8214,Ecom Express,Bengaluru,2025-11-18,,In Transit,4
8215,8215,Ekart Logistics,Kochi,2026-04-09,2026-04-17,Delivered Late,6
8216,8216,Ekart Logistics,Ranchi,2024-12-13,2024-12-20,Delivered Late,5
8217,8217,DTDC,Vadodara,2025-11-08,2025-11-13,Delivered,5
8218,8218,Ecom Express,Vadodara,,,Not Shipped,3
8219,8219,Delhivery,Nagpur,2025-07-21,2025-07-28,Delivered,7
8220,8220,DTDC,Guwahati,2025-02-27,2025-03-06,Delivered,7
8221,8221,DTDC,Bhopal,2026-02-23,2026-02-26,Returned,2
8222,8222,Delhivery,Nagpur,2025-08-20,2025-08-27,Delivered,7
8223,8223,Xpressbees,Vadodara,2025-09-15,2025-09-22,Delivered,7
8224,8224,DTDC,Kolkata,2025-04-07,2025-04-10,Delivered,4
8225,8225,DTDC,Patna,2024-10-02,2024-10-09,Delivered,7
8226,8226,Ecom Express,Surat,,,Not Shipped,3
8227,8227,Delhivery,Mumbai,2025-06-01,2025-06-07,Delivered,6
8228,8228,Ecom Express,Mumbai,2026-04-08,2026-04-14,Delivered,7
8229,8229,DTDC,Bhubaneswar,2025-08-24,2025-08-27,Delivered,3
8230,8230,Bluedart,Kanpur,2024-10-03,2024-10-05,Delivered Late,2
8231,8231,Ecom Express,Mysuru,2026-01-12,2026-01-17,Delivered Late,3
8232,8232,Bluedart,Ahmedabad,2026-02-11,2026-02-14,Delivered,4
8233,8233,Delhivery,Amritsar,2025-10-28,2025-11-01,Returned,3
8234,8234,DTDC,Pune,2026-04-30,2026-05-07,Delivered,7
8235,8235,Bluedart,Coimbatore,2026-02-07,2026-02-15,Delivered Late,5
8236,8236,Ecom Express,Chandigarh,2025-10-30,2025-11-04,Delivered,6
8237,8237,Ekart Logistics,Ahmedabad,2026-03-03,2026-03-07,Delivered,5
8238,8238,Delhivery,Patna,2025-01-28,2025-02-03,Delivered,6
8239,8239,Ecom Express,Vadodara,,,Processing,7
8240,8240,Delhivery,Ranchi,2026-02-24,2026-02-27,Delivered,4
8241,8241,Ecom Express,Thiruvananthapuram,2026-05-13,2026-05-20,Delivered,7
8242,8242,DTDC,Bhubaneswar,2025-12-29,2026-01-05,Delivered Late,5
8243,8243,Xpressbees,Coimbatore,2026-05-11,2026-05-17,Delivered,6
8244,8244,Delhivery,Bengaluru,2026-08-10,2026-08-15,Delivered,6
8245,8245,Delhivery,Mumbai,2025-05-13,2025-05-16,Delivered,3
8246,8246,Delhivery,Ranchi,2025-08-15,2025-08-18,Delivered Late,3
8247,8247,Ekart Logistics,Guwahati,2026-02-10,2026-02-13,Delivered,4
8248,8248,DTDC,Nagpur,2025-01-20,2025-01-27,Delivered,7
8249,8249,Ekart Logistics,Ahmedabad,2026-07-31,2026-08-04,Delivered,4
8250,8250,Delhivery,Chandigarh,,,Not Shipped,7
8251,8251,DTDC,Thiruvananthapuram,2025-08-18,2025-08-20,Delivered,2
8252,8252,Ekart Logistics,Kanpur,2025-06-11,2025-06-14,Delivered,3
8253,8253,Delhivery,Bhubaneswar,,,Processing,6
8254,8254,Ekart Logistics,Ranchi,2025-01-30,2025-02-03,Delivered Late,4
8255,8255,Xpressbees,Bhopal,2026-01-18,,In Transit,5
8256,8256,Ecom Express,Kanpur,2026-01-28,2026-02-06,Delivered Late,7
8257,8257,Delhivery,Chandigarh,2025-10-20,2025-10-26,Returned,7
8258,8258,Bluedart,Ahmedabad,2025-05-19,2025-05-24,Delivered Late,4
8259,8259,DTDC,Kanpur,2025-06-16,2025-06-24,Delivered Late,7
8260,8260,Bluedart,Kanpur,2024-12-17,2024-12-21,Delivered,4
8261,8261,Ekart Logistics,Delhi,2025-09-12,2025-09-15,Delivered,4
8262,8262,Xpressbees,Kolkata,2024-07-07,2024-07-12,Returned,4
8263,8263,Ecom Express,Mysuru,2025-07-17,,In Transit,2
8264,8264,Xpressbees,Kolkata,2026-05-10,2026-05-16,Returned,7
8265,8265,Ecom Express,Hyderabad,2025-07-25,2025-07-31,Delivered,6
8266,8266,Ekart Logistics,Kanpur,2026-01-12,2026-01-15,Delivered,4
8267,8267,Delhivery,Nashik,2026-03-04,2026-03-07,Delivered,4
8268,8268,Bluedart,Thiruvananthapuram,2025-12-12,2025-12-17,Returned,5
8269,8269,DTDC,Ranchi,2026-05-09,2026-05-15,Delivered Late,5
8270,8270,Ecom Express,Hyderabad,2025-07-26,2025-07-29,Delivered,4
8271,8271,Ecom Express,Kochi,,,Not Shipped,3
8272,8272,Bluedart,Thiruvananthapuram,2025-04-22,2025-04-27,Delivered,5
8273,8273,Ekart Logistics,Kochi,2026-05-17,2026-05-23,Delivered Late,3
8274,8274,Ecom Express,Indore,2025-03-10,2025-03-17,Delivered,7
8275,8275,Ekart Logistics,Bengaluru,2025-11-04,2025-11-10,Delivered Late,5
8276,8276,Bluedart,Chandigarh,2025-11-14,2025-11-19,Delivered Late,3
8277,8277,Bluedart,Bengaluru,2026-04-15,2026-04-21,Delivered Late,5
8278,8278,DTDC,Thiruvananthapuram,2026-03-30,2026-04-04,Delivered,6
8279,8279,Xpressbees,Lucknow,2025-02-15,2025-02-22,Delivered Late,7
8280,8280,Ekart Logistics,Patna,,,Processing,2
8281,8281,DTDC,Lucknow,,,Not Shipped,4
8282,8282,Bluedart,Mysuru,2026-01-20,2026-01-27,Delivered Late,5
8283,8283,Ecom Express,Amritsar,2024-11-29,2024-12-05,Delivered,6
8284,8284,DTDC,Pune,2025-05-21,2025-05-26,Delivered,5
8285,8285,Bluedart,Jaipur,2025-02-17,2025-02-19,Delivered,2
8286,8286,DTDC,Surat,2026-05-17,2026-05-23,Delivered,7
8287,8287,Xpressbees,Vadodara,2025-08-18,2025-08-27,Delivered Late,7
8288,8288,Delhivery,Mysuru,2026-02-10,2026-02-14,Delivered,5
8289,8289,Ekart Logistics,Amritsar,2025-02-02,2025-02-04,Delivered,2
8290,8290,DTDC,Coimbatore,2026-03-22,,In Transit,7
8291,8291,Ecom Express,Nashik,2026-01-14,2026-01-16,Delivered,2
8292,8292,Ecom Express,Vadodara,2024-09-24,2024-09-30,Delivered Late,4
8293,8293,Delhivery,Bhubaneswar,2026-01-23,2026-01-29,Delivered,6
8294,8294,Delhivery,Jaipur,,,Processing,2
8295,8295,Ecom Express,Vadodara,2025-12-12,2025-12-17,Delivered,6
8296,8296,Bluedart,Kanpur,,,Not Shipped,6
8297,8297,Delhivery,Nashik,2025-11-06,2025-11-11,Delivered Late,3
8298,8298,Ekart Logistics,Bhubaneswar,2025-03-19,2025-03-21,Delivered,3
8299,8299,DTDC,Kanpur,2025-10-16,,In Transit,3
8300,8300,DTDC,Mysuru,2026-06-01,2026-06-05,Delivered Late,4
8301,8301,Delhivery,Kochi,2025-04-24,2025-05-01,Delivered Late,6
8302,8302,Xpressbees,Chennai,2025-12-18,2025-12-23,Delivered Late,5
8303,8303,Bluedart,Ahmedabad,2025-09-21,,In Transit,7
8304,8304,Ekart Logistics,Mysuru,,,Processing,7
8305,8305,Ecom Express,Jaipur,,,Not Shipped,5
8306,8306,Bluedart,Jaipur,2024-05-13,2024-05-14,Delivered,2
8307,8307,Xpressbees,Nagpur,2026-03-21,2026-03-22,Delivered,2
8308,8308,DTDC,Guwahati,2025-09-01,2025-09-06,Delivered Late,5
8309,8309,DTDC,Thiruvananthapuram,,,Not Shipped,3
8310,8310,Bluedart,Ranchi,2024-11-02,2024-11-04,Delivered,2
8311,8311,DTDC,Chennai,2025-10-23,2025-10-30,Delivered Late,7
8312,8312,Ekart Logistics,Patna,2025-09-22,2025-09-26,Delivered,4
8313,8313,Delhivery,Pune,2026-06-17,2026-06-20,Delivered,3
8314,8314,Bluedart,Kochi,2025-02-09,2025-02-10,Delivered,2
8315,8315,Delhivery,Vadodara,2025-12-27,2026-01-05,Delivered Late,7
8316,8316,DTDC,Ahmedabad,2026-01-17,2026-01-18,Delivered,2
8317,8317,Delhivery,Amritsar,2026-02-08,2026-02-13,Delivered,5
8318,8318,Delhivery,Bhubaneswar,2025-04-07,2025-04-10,Delivered,4
8319,8319,Xpressbees,Ranchi,2026-03-11,2026-03-13,Delivered,3
8320,8320,Xpressbees,Bhopal,2025-07-08,2025-07-16,Delivered Late,6
8321,8321,Ekart Logistics,Chennai,2025-01-05,,In Transit,6
8322,8322,Bluedart,Vadodara,2024-08-06,2024-08-09,Delivered,3
8323,8323,Ekart Logistics,Mysuru,,,Processing,7
8324,8324,DTDC,Mumbai,2026-01-06,2026-01-11,Delivered Late,4
8325,8325,Ecom Express,Coimbatore,2025-03-22,2025-03-25,Returned,4
8326,8326,Ekart Logistics,Ranchi,2025-07-24,2025-07-30,Returned,7
8327,8327,DTDC,Kochi,2025-11-25,2025-12-01,Delivered,7
8328,8328,Xpressbees,Chennai,2026-08-12,,In Transit,7
8329,8329,Ecom Express,Amritsar,2026-07-13,2026-07-15,Delivered,3
8330,8330,Delhivery,Thiruvananthapuram,2025-05-23,2025-05-28,Delivered,6
8331,8331,Delhivery,Hyderabad,2026-01-30,2026-02-04,Delivered,6
8332,8332,DTDC,Bhubaneswar,2025-07-30,2025-08-02,Delivered Late,3
8333,8333,Delhivery,Hyderabad,,,Not Shipped,2
8334,8334,Ekart Logistics,Surat,2025-06-18,2025-06-24,Delivered Late,6
8335,8335,Delhivery,Delhi,2025-10-24,2025-10-29,Delivered,5
8336,8336,Ekart Logistics,Bengaluru,2024-09-19,2024-09-22,Delivered Late,2
8337,8337,Ecom Express,Nashik,2026-07-21,2026-07-23,Delivered,3
8338,8338,Delhivery,Kanpur,2025-08-22,2025-08-26,Delivered Late,4
8339,8339,DTDC,Thiruvananthapuram,2026-04-11,2026-04-16,Delivered,6
8340,8340,Xpressbees,Chandigarh,2026-02-27,2026-03-05,Delivered,7
8341,8341,DTDC,Kanpur,2025-07-11,2025-07-17,Delivered Late,6
8342,8342,Bluedart,Coimbatore,2025-11-27,2025-11-29,Delivered,3
8343,8343,DTDC,Ahmedabad,2024-12-17,2024-12-21,Delivered,5
8344,8344,Delhivery,Pune,2026-05-15,2026-05-22,Delivered,7
8345,8345,Ecom Express,Mysuru,2024-03-13,2024-03-18,Delivered Late,4
8346,8346,Bluedart,Thiruvananthapuram,2025-10-10,2025-10-15,Delivered Late,3
8347,8347,Xpressbees,Coimbatore,2025-09-04,2025-09-10,Returned,7
8348,8348,Ekart Logistics,Hyderabad,2026-01-19,2026-01-26,Delivered,7
8349,8349,Ecom Express,Nagpur,2026-04-29,2026-05-04,Delivered Late,3
8350,8350,Xpressbees,Patna,2024-11-13,2024-11-18,Delivered,6
8351,8351,Delhivery,Chandigarh,2025-07-31,2025-08-02,Returned,3
8352,8352,Delhivery,Bhopal,2024-12-15,2024-12-18,Delivered Late,2
8353,8353,Ekart Logistics,Thiruvananthapuram,2026-02-05,2026-02-08,Delivered,4
8354,8354,Bluedart,Chandigarh,2024-08-24,2024-08-28,Delivered,5
8355,8355,Delhivery,Kanpur,2026-02-28,2026-03-04,Delivered,4
8356,8356,Delhivery,Bhopal,2024-12-03,2024-12-10,Delivered Late,6
8357,8357,Bluedart,Kanpur,2026-01-27,2026-01-31,Delivered,4
8358,8358,Ecom Express,Nagpur,2025-10-27,2025-10-31,Delivered,5
8359,8359,Bluedart,Kochi,2026-02-27,2026-03-02,Delivered,4
8360,8360,Ecom Express,Bhubaneswar,2026-06-19,2026-06-23,Delivered,4
8361,8361,DTDC,Kochi,2025-11-26,2025-12-02,Returned,4
8362,8362,Xpressbees,Mumbai,2025-01-04,2025-01-07,Delivered,4
8363,8363,Delhivery,Kolkata,2025-04-20,2025-04-24,Delivered,5
8364,8364,Delhivery,Bhopal,2025-05-13,2025-05-17,Delivered,5
8365,8365,Ekart Logistics,Ranchi,2024-12-27,2024-12-31,Delivered,4
8366,8366,Delhivery,Chandigarh,2026-04-22,2026-04-30,Delivered Late,5
8367,8367,DTDC,Mysuru,2026-05-29,2026-06-03,Delivered,6
8368,8368,DTDC,Chandigarh,2026-06-13,2026-06-18,Delivered,6
8369,8369,Ecom Express,Nagpur,2026-04-14,2026-04-17,Delivered,3
8370,8370,Bluedart,Surat,,,Not Shipped,6
8371,8371,Ecom Express,Bhopal,2025-11-21,2025-11-24,Delivered,3
8372,8372,DTDC,Pune,2025-12-14,2025-12-17,Delivered,3
8373,8373,Ekart Logistics,Surat,,,Processing,6
8374,8374,DTDC,Kochi,2025-01-03,2025-01-10,Returned,7
8375,8375,Ecom Express,Pune,2026-01-29,2026-01-31,Returned,3
8376,8376,Ekart Logistics,Chandigarh,2025-01-20,2025-01-25,Delivered,5
8377,8377,Delhivery,Pune,2025-12-03,2025-12-10,Delivered Late,7
8378,8378,Xpressbees,Coimbatore,2025-11-26,2025-11-30,Delivered Late,2
8379,8379,Delhivery,Pune,2026-08-18,2026-08-20,Delivered,3
8380,8380,Ecom Express,Kolkata,2024-11-25,2024-11-30,Returned,5
8381,8381,Xpressbees,Ahmedabad,2025-12-18,2025-12-22,Delivered Late,3
8382,8382,DTDC,Delhi,2026-07-06,2026-07-10,Delivered Late,4
8383,8383,Ecom Express,Kolkata,2025-05-22,2025-05-24,Delivered,3
8384,8384,Bluedart,Patna,2025-01-06,2025-01-07,Delivered,2
8385,8385,Delhivery,Coimbatore,2026-05-22,2026-05-28,Returned,6
8386,8386,DTDC,Coimbatore,2025-09-26,2025-09-30,Delivered,4
8387,8387,Bluedart,Bhubaneswar,2026-01-09,2026-01-11,Delivered,2
8388,8388,Ecom Express,Kochi,2026-03-13,2026-03-18,Delivered Late,5
8389,8389,DTDC,Amritsar,2025-02-20,2025-02-27,Delivered Late,6
8390,8390,Ekart Logistics,Patna,2025-12-05,2025-12-11,Delivered,7
8391,8391,Xpressbees,Kanpur,2024-04-11,2024-04-14,Delivered,4
8392,8392,Ecom Express,Mumbai,,,Processing,5
8393,8393,Delhivery,Chennai,,,Not Shipped,3
8394,8394,Bluedart,Ranchi,2025-12-12,2025-12-18,Delivered,7
8395,8395,Ekart Logistics,Indore,2025-10-11,,In Transit,4
8396,8396,Delhivery,Surat,2025-02-27,2025-03-08,Delivered Late,6
8397,8397,Ecom Express,Bengaluru,2025-12-06,2025-12-10,Delivered,5
8398,8398,Xpressbees,Kanpur,2026-04-19,2026-04-26,Delivered Late,6
8399,8399,Xpressbees,Mysuru,,,Not Shipped,7
8400,8400,DTDC,Kochi,2026-07-07,2026-07-11,Delivered,4
8401,8401,Bluedart,Patna,2025-09-07,,In Transit,2
8402,8402,Bluedart,Lucknow,,,Processing,3
8403,8403,DTDC,Bhubaneswar,2026-04-02,2026-04-08,Delivered,6
8404,8404,Ekart Logistics,Coimbatore,2026-03-07,2026-03-11,Delivered,5
8405,8405,Ecom Express,Amritsar,2026-05-06,2026-05-14,Delivered Late,7
8406,8406,Xpressbees,Mumbai,2025-01-17,2025-01-20,Delivered Late,2
8407,8407,Bluedart,Kanpur,2026-08-19,2026-08-27,Delivered Late,7
8408,8408,Delhivery,Delhi,2025-09-25,2025-10-04,Delivered Late,6
8409,8409,DTDC,Nagpur,2026-04-11,2026-04-13,Delivered,3
8410,8410,Ekart Logistics,Chandigarh,2025-09-12,2025-09-14,Delivered,3
8411,8411,Bluedart,Kolkata,2025-12-05,2025-12-06,Delivered,2
8412,8412,Delhivery,Nashik,2026-01-20,2026-01-24,Delivered Late,3
8413,8413,Delhivery,Surat,2024-12-03,2024-12-08,Delivered,5
8414,8414,Ekart Logistics,Lucknow,,,Not Shipped,6
8415,8415,Xpressbees,Kolkata,2024-12-07,2024-12-10,Delivered,3
8416,8416,Delhivery,Ahmedabad,2025-04-26,2025-04-30,Delivered Late,3
8417,8417,Xpressbees,Bengaluru,2026-08-14,2026-08-20,Delivered Late,4
8418,8418,Bluedart,Chennai,2026-01-12,2026-01-17,Delivered Late,5
8419,8419,DTDC,Chandigarh,2025-08-31,2025-09-02,Delivered,3
8420,8420,Bluedart,Indore,2025-08-28,2025-09-05,Delivered Late,5
8421,8421,DTDC,Thiruvananthapuram,2025-10-11,2025-10-14,Delivered,4
8422,8422,DTDC,Nagpur,2025-03-24,,In Transit,7
8423,8423,Bluedart,Ranchi,2025-04-20,2025-04-28,Delivered Late,7
8424,8424,Delhivery,Guwahati,2026-02-09,2026-02-16,Delivered Late,7
8425,8425,DTDC,Bhopal,2025-05-09,2025-05-12,Delivered,3
8426,8426,Bluedart,Hyderabad,2024-12-13,,In Transit,2
8427,8427,Ekart Logistics,Mumbai,2025-10-17,2025-10-18,Delivered,2
8428,8428,Ecom Express,Coimbatore,2026-03-15,2026-03-21,Delivered Late,5
8429,8429,DTDC,Bengaluru,2025-02-02,2025-02-05,Delivered,4
8430,8430,Ecom Express,Ahmedabad,2025-06-18,2025-06-22,Delivered Late,2
8431,8431,Delhivery,Bhubaneswar,2026-06-06,,In Transit,5
8432,8432,Delhivery,Pune,2026-03-09,2026-03-17,Delivered Late,6
8433,8433,Delhivery,Jaipur,2026-04-19,2026-04-24,Delivered,6
8434,8434,Ecom Express,Bengaluru,2024-08-22,2024-08-26,Delivered,4
8435,8435,Ecom Express,Nashik,,,Not Shipped,6
8436,8436,Ekart Logistics,Nagpur,2024-07-12,2024-07-18,Delivered Late,6
8437,8437,Ekart Logistics,Mysuru,2026-04-13,2026-04-18,Delivered Late,4
8438,8438,Ekart Logistics,Bhopal,2026-01-23,2026-01-31,Delivered Late,7
8439,8439,Delhivery,Delhi,2025-02-25,2025-03-02,Delivered Late,4
8440,8440,Xpressbees,Nashik,2026-02-14,2026-02-18,Delivered,5
8441,8441,Delhivery,Patna,2025-12-21,2025-12-25,Delivered,5
8442,8442,DTDC,Ranchi,2026-05-12,2026-05-14,Delivered Late,2
8443,8443,Ecom Express,Thiruvananthapuram,2026-01-27,2026-02-02,Delivered,7
8444,8444,Ekart Logistics,Kochi,,,Processing,3
8445,8445,Bluedart,Chandigarh,2026-03-14,2026-03-18,Delivered Late,4
8446,8446,Ecom Express,Nashik,2025-02-18,2025-02-22,Delivered Late,2
8447,8447,Bluedart,Mumbai,,,Processing,2
8448,8448,Xpressbees,Chandigarh,2026-04-09,2026-04-12,Delivered,4
8449,8449,Ekart Logistics,Amritsar,2025-07-23,2025-07-26,Delivered Late,2
8450,8450,DTDC,Hyderabad,2024-04-18,2024-04-20,Delivered,3
8451,8451,Xpressbees,Hyderabad,2026-02-15,,In Transit,7
8452,8452,Xpressbees,Jaipur,,,Not Shipped,7
8453,8453,Bluedart,Coimbatore,2024-11-29,2024-12-05,Delivered,7
8454,8454,DTDC,Kanpur,2025-11-04,2025-11-12,Delivered Late,6
8455,8455,DTDC,Mysuru,2026-01-10,2026-01-13,Delivered Late,3
8456,8456,Ekart Logistics,Mysuru,2025-01-15,2025-01-18,Delivered,4
8457,8457,DTDC,Lucknow,2026-06-27,2026-06-29,Delivered,2
8458,8458,Ecom Express,Vadodara,2026-05-12,2026-05-16,Delivered,4
8459,8459,Ecom Express,Mysuru,2025-12-02,2025-12-07,Delivered,6
8460,8460,Xpressbees,Kochi,2025-07-22,2025-07-28,Delivered,6
8461,8461,Ecom Express,Bengaluru,2025-06-26,2025-07-03,Delivered Late,5
8462,8462,Ekart Logistics,Hyderabad,2025-10-30,2025-11-02,Delivered Late,2
8463,8463,DTDC,Thiruvananthapuram,2024-09-15,2024-09-21,Delivered,6
8464,8464,Delhivery,Chennai,2026-06-22,2026-06-30,Delivered Late,6
8465,8465,Xpressbees,Pune,2024-08-24,2024-08-27,Delivered,4
8466,8466,DTDC,Nashik,2025-02-07,2025-02-13,Delivered,7
8467,8467,DTDC,Nagpur,2025-07-09,2025-07-16,Delivered,7
8468,8468,Xpressbees,Lucknow,2026-04-15,2026-04-21,Delivered,7
8469,8469,Delhivery,Chandigarh,2026-03-30,2026-04-02,Delivered Late,2
8470,8470,DTDC,Lucknow,2026-05-21,2026-05-27,Delivered,7
8471,8471,Xpressbees,Nagpur,2025-04-01,2025-04-04,Delivered,3
8472,8472,Ekart Logistics,Kochi,2025-08-30,2025-09-02,Delivered,4
8473,8473,DTDC,Surat,2025-06-16,2025-06-22,Delivered,7
8474,8474,Ekart Logistics,Ranchi,2025-04-17,2025-04-18,Delivered,2
8475,8475,Delhivery,Chennai,2026-02-27,2026-02-28,Returned,2
8476,8476,Ekart Logistics,Bhopal,2026-07-15,2026-07-16,Delivered,2
8477,8477,Bluedart,Guwahati,2024-11-07,2024-11-10,Delivered,4
8478,8478,Ekart Logistics,Kolkata,2025-06-25,2025-07-04,Delivered Late,7
8479,8479,DTDC,Kolkata,2026-03-22,2026-03-28,Delivered,6
8480,8480,DTDC,Hyderabad,,,Not Shipped,2
8481,8481,DTDC,Ahmedabad,2025-10-16,2025-10-23,Delivered,7
8482,8482,Bluedart,Nashik,2026-01-09,2026-01-16,Delivered Late,6
8483,8483,Ekart Logistics,Delhi,2025-11-23,2025-11-26,Delivered Late,3
8484,8484,Xpressbees,Lucknow,2025-08-02,2025-08-03,Delivered,2
8485,8485,DTDC,Nagpur,2025-11-27,2025-12-02,Delivered Late,4
8486,8486,Ecom Express,Indore,2025-12-14,2025-12-17,Delivered,4
8487,8487,DTDC,Hyderabad,2025-08-06,2025-08-11,Delivered,5
8488,8488,Delhivery,Ahmedabad,2026-06-03,,In Transit,3
8489,8489,DTDC,Ahmedabad,2025-09-29,2025-10-05,Delivered Late,6
8490,8490,Xpressbees,Nagpur,2025-11-05,2025-11-10,Delivered,5
8491,8491,Ekart Logistics,Bengaluru,2024-07-15,2024-07-18,Delivered,3
8492,8492,Bluedart,Mumbai,2026-08-15,2026-08-17,Delivered Late,2
8493,8493,Xpressbees,Nashik,2026-03-23,2026-03-31,Delivered Late,7
8494,8494,Xpressbees,Delhi,2025-01-26,2025-01-31,Delivered Late,3
8495,8495,Delhivery,Mysuru,2026-04-08,2026-04-09,Delivered,2
8496,8496,Xpressbees,Nashik,2026-03-21,2026-03-22,Delivered,2
8497,8497,Ecom Express,Hyderabad,2025-05-08,2025-05-11,Delivered,4
8498,8498,Xpressbees,Mumbai,2025-08-03,2025-08-05,Delivered,3
8499,8499,DTDC,Chandigarh,2026-01-18,2026-01-23,Delivered Late,4
8500,8500,DTDC,Bhubaneswar,2025-08-10,2025-08-13,Delivered,3
8501,8501,Delhivery,Vadodara,2026-05-20,2026-05-26,Delivered Late,5
8502,8502,Ekart Logistics,Mysuru,,,Processing,6
8503,8503,Xpressbees,Lucknow,2026-04-10,2026-04-17,Delivered,7
8504,8504,DTDC,Indore,2026-01-19,2026-01-23,Delivered,4
8505,8505,Xpressbees,Patna,2026-03-25,2026-03-29,Delivered,5
8506,8506,Bluedart,Nashik,2025-09-22,2025-09-25,Delivered,4
8507,8507,Bluedart,Kanpur,2026-02-14,2026-02-18,Delivered Late,3
8508,8508,Bluedart,Ranchi,2025-05-04,2025-05-08,Delivered,5
8509,8509,Ecom Express,Thiruvananthapuram,2024-08-12,2024-08-15,Delivered,3
8510,8510,Ekart Logistics,Nagpur,2024-03-14,2024-03-16,Delivered,2
8511,8511,Delhivery,Mysuru,2026-05-30,2026-06-04,Delivered,6
8512,8512,Delhivery,Nashik,,,Not Shipped,5
8513,8513,Delhivery,Kolkata,2026-07-05,2026-07-10,Delivered Late,5
8514,8514,Bluedart,Kanpur,2026-08-02,2026-08-05,Delivered,3
8515,8515,Bluedart,Chandigarh,2025-07-11,2025-07-16,Delivered,5
8516,8516,Xpressbees,Bhubaneswar,2026-05-09,2026-05-15,Delivered Late,5
8517,8517,Bluedart,Bengaluru,2025-05-16,2025-05-19,Delivered,3
8518,8518,Ecom Express,Bengaluru,2026-02-14,2026-02-20,Delivered,7
8519,8519,Delhivery,Bhubaneswar,,,Not Shipped,2
8520,8520,Bluedart,Pune,2025-04-27,2025-05-01,Returned,4
8521,8521,Xpressbees,Kolkata,2025-05-28,2025-06-05,Delivered Late,5
8522,8522,Xpressbees,Jaipur,2025-11-10,2025-11-14,Delivered,5
8523,8523,Xpressbees,Lucknow,2025-11-23,2025-11-29,Delivered,6
8524,8524,DTDC,Guwahati,2025-11-10,2025-11-12,Delivered Late,2
8525,8525,Xpressbees,Kanpur,2025-12-28,2025-12-29,Returned,2
8526,8526,Xpressbees,Coimbatore,,,Not Shipped,7
8527,8527,DTDC,Nashik,2026-01-30,2026-02-01,Delivered,3
8528,8528,Delhivery,Bhopal,2026-01-07,2026-01-15,Delivered Late,6
8529,8529,Delhivery,Mumbai,,,Processing,4
8530,8530,DTDC,Amritsar,2026-01-06,2026-01-11,Delivered,5
8531,8531,DTDC,Indore,2025-08-18,,In Transit,5
8532,8532,Ekart Logistics,Thiruvananthapuram,2025-06-08,2025-06-13,Returned,6
8533,8533,Ekart Logistics,Indore,2026-02-13,2026-02-17,Delivered Late,3
8534,8534,Bluedart,Chandigarh,2025-12-05,2025-12-08,Delivered,3
8535,8535,Bluedart,Patna,2025-12-19,2025-12-24,Returned,5
8536,8536,Bluedart,Chennai,2024-07-27,2024-08-01,Delivered Late,4
8537,8537,DTDC,Bhubaneswar,2024-05-28,2024-06-02,Delivered Late,2
8538,8538,Bluedart,Indore,2026-01-19,2026-01-26,Delivered,7
8539,8539,Xpressbees,Ahmedabad,2026-03-03,2026-03-08,Delivered,6
8540,8540,DTDC,Chandigarh,2026-06-07,2026-06-14,Delivered Late,5
8541,8541,Xpressbees,Pune,2025-10-17,2025-10-23,Delivered,7
8542,8542,Bluedart,Thiruvananthapuram,2025-09-28,2025-10-02,Delivered,4
8543,8543,Bluedart,Bhopal,2025-12-23,2025-12-29,Delivered Late,5
8544,8544,Ekart Logistics,Kolkata,2024-12-10,2024-12-16,Delivered Late,5
8545,8545,Ecom Express,Pune,2025-04-25,2025-05-01,Delivered,7
8546,8546,DTDC,Patna,,,Not Shipped,2
8547,8547,Delhivery,Bhopal,,,Processing,4
8548,8548,Ecom Express,Mysuru,2024-08-04,2024-08-08,Delivered,5
8549,8549,Ekart Logistics,Thiruvananthapuram,2026-04-08,2026-04-14,Delivered Late,6
8550,8550,Ecom Express,Thiruvananthapuram,2026-03-20,2026-03-25,Delivered,5
8551,8551,Ecom Express,Ranchi,2026-05-01,2026-05-03,Delivered Late,2
8552,8552,Bluedart,Bhubaneswar,2025-02-28,2025-03-02,Delivered Late,2
8553,8553,Xpressbees,Kolkata,2024-09-12,2024-09-16,Delivered Late,3
8554,8554,Bluedart,Delhi,,,Not Shipped,6
8555,8555,Delhivery,Indore,2024-10-14,2024-10-15,Delivered,2
8556,8556,Ekart Logistics,Guwahati,2025-04-21,2025-04-27,Delivered,7
8557,8557,Ecom Express,Ahmedabad,2025-06-22,2025-06-27,Delivered,6
8558,8558,Ecom Express,Vadodara,2026-06-12,2026-06-17,Returned,6
8559,8559,Ekart Logistics,Mumbai,2026-02-22,2026-02-27,Delivered Late,4
8560,8560,Bluedart,Jaipur,2025-03-23,,In Transit,2
8561,8561,Ecom Express,Chandigarh,2026-03-11,2026-03-14,Delivered,4
8562,8562,Xpressbees,Indore,2025-09-21,2025-09-26,Delivered,5
8563,8563,Delhivery,Mumbai,2024-10-23,,In Transit,3
8564,8564,Ecom Express,Chennai,2026-05-20,2026-05-22,Delivered,3
8565,8565,Xpressbees,Hyderabad,2026-02-14,2026-02-20,Returned,6
8566,8566,Delhivery,Chennai,2025-03-26,2025-04-01,Returned,7
8567,8567,Delhivery,Kolkata,2026-05-21,2026-05-24,Delivered Late,3
8568,8568,Ecom Express,Guwahati,2024-09-19,2024-09-25,Delivered Late,4
8569,8569,Delhivery,Kochi,2025-08-03,2025-08-10,Delivered Late,5
8570,8570,Bluedart,Hyderabad,2026-06-15,2026-06-20,Delivered Late,3
8571,8571,Ecom Express,Chennai,2025-12-15,2025-12-24,Delivered Late,7
8572,8572,Ecom Express,Vadodara,2024-11-09,2024-11-16,Delivered Late,7
8573,8573,Delhivery,Bhubaneswar,2025-10-14,2025-10-17,Returned,4
8574,8574,Ekart Logistics,Surat,2025-02-06,2025-02-09,Delivered,3
8575,8575,Delhivery,Ranchi,2026-06-02,2026-06-06,Delivered,5
8576,8576,Bluedart,Ahmedabad,2026-01-05,2026-01-08,Delivered,4
8577,8577,Xpressbees,Indore,2025-10-27,2025-10-31,Delivered,4
8578,8578,Delhivery,Guwahati,2024-08-25,2024-08-30,Delivered,6
8579,8579,Bluedart,Bhopal,2025-08-26,2025-09-01,Delivered,7
8580,8580,Ekart Logistics,Indore,2025-11-09,2025-11-13,Delivered,5
8581,8581,Ekart Logistics,Chandigarh,2025-01-12,2025-01-16,Delivered,5
8582,8582,Delhivery,Guwahati,2025-05-15,2025-05-19,Delivered Late,3
8583,8583,Ecom Express,Mumbai,2024-10-01,2024-10-06,Delivered Late,3
8584,8584,Ecom Express,Chandigarh,2026-04-23,2026-04-27,Delivered Late,2
8585,8585,Xpressbees,Ranchi,2026-04-08,2026-04-12,Delivered,4
8586,8586,Xpressbees,Kolkata,2026-03-13,2026-03-17,Delivered Late,2
8587,8587,Ecom Express,Delhi,2025-09-01,2025-09-03,Delivered,2
8588,8588,Ekart Logistics,Hyderabad,2026-05-19,2026-05-22,Delivered,3
8589,8589,Xpressbees,Mumbai,2025-04-21,2025-04-26,Delivered,5
8590,8590,Bluedart,Ahmedabad,2026-04-09,2026-04-12,Delivered,4
8591,8591,DTDC,Coimbatore,,,Processing,6
8592,8592,Xpressbees,Guwahati,2026-02-02,2026-02-10,Delivered Late,6
8593,8593,Ecom Express,Amritsar,,,Not Shipped,6
8594,8594,Bluedart,Chandigarh,2024-01-19,2024-01-27,Delivered Late,7
8595,8595,Ekart Logistics,Indore,2025-12-11,,In Transit,4
8596,8596,Xpressbees,Kanpur,2026-05-29,2026-06-02,Delivered,4
8597,8597,Bluedart,Bhopal,2025-12-26,2025-12-28,Delivered,3
8598,8598,Delhivery,Chennai,2025-08-21,2025-08-25,Delivered,4
8599,8599,Bluedart,Mumbai,2026-01-25,2026-01-27,Delivered,3
8600,8600,Ecom Express,Vadodara,2026-04-12,2026-04-20,Delivered Late,5
8601,8601,Xpressbees,Ahmedabad,,,Not Shipped,2
8602,8602,Bluedart,Coimbatore,2025-10-30,,In Transit,6
8603,8603,Bluedart,Mumbai,2025-06-02,2025-06-09,Delivered Late,5
8604,8604,Bluedart,Bhopal,2024-12-21,2024-12-29,Delivered Late,5
8605,8605,Xpressbees,Kanpur,2025-01-16,2025-01-19,Delivered,4
8606,8606,Bluedart,Patna,2026-01-06,2026-01-14,Delivered Late,7
8607,8607,Xpressbees,Delhi,2026-01-26,2026-01-27,Delivered,2
8608,8608,Xpressbees,Amritsar,2026-05-21,2026-05-28,Delivered Late,6
8609,8609,DTDC,Coimbatore,2025-11-04,2025-11-09,Delivered Late,4
8610,8610,Xpressbees,Delhi,,,Not Shipped,5
8611,8611,Xpressbees,Chennai,2025-02-04,2025-02-12,Delivered Late,7
8612,8612,DTDC,Thiruvananthapuram,2026-07-21,2026-07-27,Delivered,6
8613,8613,Bluedart,Guwahati,2025-02-28,2025-03-03,Delivered,3
8614,8614,Bluedart,Chandigarh,2025-11-27,,In Transit,2
8615,8615,Ekart Logistics,Amritsar,2024-01-08,2024-01-16,Delivered Late,7
8616,8616,Ecom Express,Guwahati,2025-07-15,2025-07-22,Delivered Late,5
8617,8617,Ekart Logistics,Mumbai,2025-08-15,2025-08-18,Delivered,4
8618,8618,DTDC,Bengaluru,2026-02-24,2026-03-02,Delivered Late,5
8619,8619,Xpressbees,Vadodara,2025-12-15,2025-12-18,Delivered,3
8620,8620,Ecom Express,Kolkata,2026-05-06,2026-05-10,Delivered,4
8621,8621,Ekart Logistics,Patna,2025-10-31,2025-11-06,Delivered,7
8622,8622,DTDC,Nagpur,2025-10-09,2025-10-15,Delivered Late,4
8623,8623,Xpressbees,Bhubaneswar,2025-09-07,2025-09-10,Delivered Late,3
8624,8624,Bluedart,Kochi,2025-07-10,2025-07-12,Delivered,2
8625,8625,Delhivery,Mysuru,2026-05-20,2026-05-24,Delivered Late,3
8626,8626,Bluedart,Guwahati,2025-06-28,2025-07-04,Delivered,6
8627,8627,Xpressbees,Nashik,2025-08-09,,In Transit,7
8628,8628,Bluedart,Bhopal,2025-08-19,2025-08-24,Delivered,5
8629,8629,Xpressbees,Jaipur,,,Not Shipped,7
8630,8630,Delhivery,Ahmedabad,2026-04-10,2026-04-17,Delivered,7
8631,8631,Ekart Logistics,Jaipur,2025-08-14,2025-08-20,Returned,7
8632,8632,Ecom Express,Mysuru,2025-10-03,2025-10-09,Delivered,7
8633,8633,DTDC,Delhi,2023-12-10,2023-12-16,Delivered,6
8634,8634,Ekart Logistics,Bhubaneswar,2025-09-18,2025-09-20,Delivered,3
8635,8635,Ekart Logistics,Bengaluru,2024-02-24,2024-02-28,Delivered Late,3
8636,8636,Ecom Express,Bhubaneswar,2025-08-26,2025-08-29,Delivered,4
8637,8637,DTDC,Chennai,2025-07-12,2025-07-13,Delivered,2
8638,8638,Bluedart,Bhubaneswar,2026-02-22,,In Transit,6
8639,8639,DTDC,Surat,2025-02-23,2025-03-02,Delivered,7
8640,8640,Bluedart,Ahmedabad,2025-07-29,2025-07-30,Delivered,2
8641,8641,Ekart Logistics,Kolkata,2025-07-11,2025-07-18,Returned,7
8642,8642,Ecom Express,Coimbatore,2025-01-29,2025-02-03,Delivered,5
8643,8643,Bluedart,Coimbatore,2026-03-02,2026-03-09,Delivered,7
8644,8644,Ecom Express,Patna,2025-03-27,2025-03-29,Delivered,3
8645,8645,Xpressbees,Chandigarh,2025-08-14,2025-08-18,Delivered,5
8646,8646,Xpressbees,Kolkata,,,Not Shipped,3
8647,8647,Ekart Logistics,Ahmedabad,,,Not Shipped,4
8648,8648,Ekart Logistics,Kochi,,,Not Shipped,6
8649,8649,Ecom Express,Indore,2025-01-04,2025-01-10,Delivered Late,3
8650,8650,DTDC,Lucknow,2025-08-08,2025-08-09,Delivered,2
8651,8651,Delhivery,Nagpur,2025-03-04,2025-03-08,Delivered Late,4
8652,8652,Ecom Express,Kochi,2026-01-01,2026-01-03,Delivered,3
8653,8653,Ekart Logistics,Indore,2026-06-22,2026-06-29,Delivered Late,6
8654,8654,DTDC,Kolkata,2026-08-08,2026-08-18,Delivered Late,7
8655,8655,Ecom Express,Delhi,2025-08-15,2025-08-22,Delivered Late,5
8656,8656,Ecom Express,Kolkata,2025-10-28,2025-11-02,Delivered Late,4
8657,8657,DTDC,Jaipur,2025-12-01,,In Transit,6
8658,8658,Xpressbees,Thiruvananthapuram,2025-08-09,2025-08-14,Returned,3
8659,8659,Bluedart,Bhubaneswar,2026-06-29,2026-07-02,Delivered,3
8660,8660,Xpressbees,Hyderabad,2026-03-02,2026-03-05,Delivered,4
8661,8661,Delhivery,Jaipur,2025-10-25,,In Transit,5
8662,8662,Bluedart,Mumbai,2026-03-23,2026-03-26,Delivered Late,3
8663,8663,Xpressbees,Pune,2025-03-27,2025-03-31,Delivered,4
8664,8664,Ekart Logistics,Lucknow,2025-04-24,2025-05-01,Delivered Late,7
8665,8665,Ekart Logistics,Bhubaneswar,2026-03-10,2026-03-11,Delivered,2
8666,8666,DTDC,Vadodara,2026-02-04,2026-02-08,Delivered Late,4
8667,8667,DTDC,Nagpur,2025-11-25,2025-11-26,Delivered,2
8668,8668,Bluedart,Amritsar,2025-07-25,2025-07-30,Delivered Late,2
8669,8669,Xpressbees,Ahmedabad,2024-11-21,2024-11-27,Delivered Late,6
8670,8670,Ekart Logistics,Bengaluru,2026-02-19,2026-02-25,Delivered,7
8671,8671,Xpressbees,Ahmedabad,2026-05-03,,In Transit,3
8672,8672,Ecom Express,Mysuru,,,Processing,7
8673,8673,Ekart Logistics,Ahmedabad,2025-11-19,,In Transit,4
8674,8674,DTDC,Ahmedabad,,,Processing,4
8675,8675,Xpressbees,Guwahati,,,Not Shipped,5
8676,8676,Xpressbees,Jaipur,2025-09-15,2025-09-19,Returned,4
8677,8677,DTDC,Bhopal,2026-05-08,2026-05-09,Delivered,2
8678,8678,Bluedart,Hyderabad,2025-12-07,2025-12-12,Delivered,6
8679,8679,Ecom Express,Thiruvananthapuram,2025-02-25,,In Transit,3
8680,8680,Ecom Express,Hyderabad,2025-11-24,2025-11-27,Delivered Late,2
8681,8681,Ekart Logistics,Kochi,,,Not Shipped,6
8682,8682,DTDC,Jaipur,2025-11-18,2025-11-24,Delivered,6
8683,8683,Xpressbees,Kolkata,2024-12-09,2024-12-11,Delivered,2
8684,8684,Delhivery,Jaipur,2026-08-17,2026-08-23,Delivered Late,5
8685,8685,Bluedart,Patna,2025-10-02,2025-10-06,Delivered,5
8686,8686,DTDC,Kochi,2026-07-17,2026-07-20,Delivered,3
8687,8687,Ecom Express,Mysuru,2026-03-05,2026-03-08,Delivered Late,2
8688,8688,Ecom Express,Lucknow,2025-12-06,2025-12-11,Delivered Late,4
8689,8689,Ekart Logistics,Chennai,2025-06-13,2025-06-18,Delivered,6
8690,8690,Delhivery,Amritsar,2026-02-13,2026-02-21,Delivered Late,6
8691,8691,DTDC,Pune,2026-05-30,2026-06-02,Delivered Late,2
8692,8692,Xpressbees,Lucknow,2026-02-10,,In Transit,5
8693,8693,Delhivery,Ahmedabad,,,Not Shipped,3
8694,8694,DTDC,Amritsar,2025-08-06,2025-08-07,Delivered,2
8695,8695,Bluedart,Bhopal,2026-06-25,2026-06-27,Delivered Late,2
8696,8696,DTDC,Pune,2025-03-12,2025-03-13,Delivered,2
8697,8697,DTDC,Hyderabad,2025-07-01,2025-07-05,Delivered,4
8698,8698,Xpressbees,Coimbatore,2024-08-31,2024-09-03,Delivered,4
8699,8699,Xpressbees,Kolkata,2026-05-30,2026-06-01,Delivered,3
8700,8700,DTDC,Nagpur,2025-12-21,2025-12-25,Returned,5
8701,8701,DTDC,Ahmedabad,2025-10-15,2025-10-21,Delivered,6
8702,8702,DTDC,Delhi,2025-04-03,2025-04-10,Delivered Late,7
8703,8703,Bluedart,Bhubaneswar,2024-10-13,2024-10-21,Delivered Late,5
8704,8704,DTDC,Vadodara,2026-06-27,2026-07-02,Delivered,6
8705,8705,Ekart Logistics,Nagpur,2024-09-28,2024-10-04,Delivered,7
8706,8706,Ekart Logistics,Ranchi,2024-09-03,2024-09-06,Delivered,4
8707,8707,Delhivery,Mumbai,2025-04-12,2025-04-14,Delivered Late,2
8708,8708,Ekart Logistics,Ranchi,2026-01-09,2026-01-16,Delivered Late,7
8709,8709,Bluedart,Bengaluru,,,Processing,4
8710,8710,DTDC,Kolkata,2026-06-06,,In Transit,5
8711,8711,Xpressbees,Hyderabad,,,Processing,6
8712,8712,Bluedart,Kolkata,2025-12-04,2025-12-11,Delivered Late,5
8713,8713,Bluedart,Guwahati,2025-12-22,2025-12-24,Returned,2
8714,8714,Xpressbees,Nashik,2026-03-29,2026-04-01,Delivered Late,2
8715,8715,DTDC,Amritsar,2025-02-20,,In Transit,3
8716,8716,Xpressbees,Bengaluru,,,Not Shipped,5
8717,8717,Ekart Logistics,Mumbai,2025-10-17,2025-10-21,Delivered Late,3
8718,8718,Bluedart,Pune,2025-11-04,2025-11-07,Delivered,3
8719,8719,DTDC,Bhubaneswar,2026-05-02,2026-05-08,Delivered,7
8720,8720,Xpressbees,Vadodara,2026-03-31,2026-04-03,Delivered,4
8721,8721,Bluedart,Hyderabad,2024-03-18,2024-03-24,Delivered,6
8722,8722,Delhivery,Kochi,,,Not Shipped,4
8723,8723,Ekart Logistics,Chandigarh,2026-06-22,2026-06-27,Delivered,6
8724,8724,Xpressbees,Chennai,2024-12-24,2024-12-25,Returned,2
8725,8725,DTDC,Guwahati,2025-09-02,,In Transit,5
8726,8726,Ecom Express,Pune,2026-03-24,2026-04-01,Delivered Late,6
8727,8727,Delhivery,Vadodara,2025-04-01,2025-04-06,Delivered,5
8728,8728,Ekart Logistics,Chennai,2026-04-04,2026-04-10,Delivered Late,4
8729,8729,Ekart Logistics,Kochi,2025-07-26,2025-07-31,Delivered,6
8730,8730,Bluedart,Nagpur,,,Processing,3
8731,8731,Delhivery,Vadodara,2026-02-15,2026-02-17,Delivered,2
8732,8732,DTDC,Bengaluru,,,Not Shipped,4
8733,8733,Ekart Logistics,Delhi,2025-09-02,2025-09-06,Delivered,5
8734,8734,Delhivery,Indore,2024-06-06,2024-06-10,Delivered,4
8735,8735,Ecom Express,Jaipur,,,Not Shipped,6
8736,8736,Delhivery,Bhubaneswar,2026-02-26,2026-03-07,Delivered Late,6
8737,8737,Ekart Logistics,Nashik,2026-01-04,2026-01-09,Delivered,5
8738,8738,Delhivery,Nagpur,2025-12-22,2025-12-29,Delivered,7
8739,8739,DTDC,Bhubaneswar,2024-10-21,2024-10-28,Delivered,7
8740,8740,Ekart Logistics,Lucknow,2024-11-29,2024-12-04,Delivered Late,4
8741,8741,Delhivery,Chennai,2026-04-07,2026-04-14,Delivered,7
8742,8742,Ecom Express,Indore,2025-12-10,2025-12-17,Delivered Late,6
8743,8743,Xpressbees,Surat,,,Processing,6
8744,8744,Xpressbees,Indore,2026-04-10,2026-04-17,Delivered,7
8745,8745,Delhivery,Guwahati,2025-10-28,2025-11-03,Delivered,6
8746,8746,Ekart Logistics,Pune,2025-10-07,2025-10-08,Delivered,2
8747,8747,Delhivery,Chandigarh,2025-11-27,2025-12-02,Delivered Late,5
8748,8748,DTDC,Chandigarh,2025-10-26,2025-10-29,Delivered Late,2
8749,8749,Ekart Logistics,Ranchi,2025-11-12,2025-11-20,Delivered Late,6
8750,8750,Delhivery,Coimbatore,2025-03-03,2025-03-05,Delivered,2
8751,8751,Ekart Logistics,Lucknow,2026-02-14,2026-02-17,Delivered Late,3
8752,8752,Ecom Express,Nagpur,2025-01-18,2025-01-20,Returned,2
8753,8753,Ekart Logistics,Mysuru,2025-11-20,2025-11-23,Delivered,4
8754,8754,Delhivery,Bhubaneswar,,,Not Shipped,4
8755,8755,Ekart Logistics,Mysuru,2026-03-06,2026-03-13,Delivered,7
8756,8756,Ecom Express,Coimbatore,2025-02-02,2025-02-08,Delivered,6
8757,8757,Ekart Logistics,Delhi,2025-07-19,2025-07-21,Delivered,3
8758,8758,DTDC,Nagpur,2026-03-02,2026-03-04,Delivered,3
8759,8759,Xpressbees,Mysuru,2026-03-18,2026-03-23,Delivered Late,4
8760,8760,Bluedart,Kochi,2025-05-31,2025-06-02,Delivered,2
8761,8761,Xpressbees,Bhopal,2026-02-08,2026-02-15,Delivered Late,6
8762,8762,Ecom Express,Ranchi,2025-09-28,2025-09-30,Delivered,2
8763,8763,Delhivery,Chandigarh,2024-09-25,2024-09-30,Delivered,5
8764,8764,Xpressbees,Bhopal,2024-08-25,2024-08-29,Delivered,5
8765,8765,Ecom Express,Coimbatore,2025-02-27,2025-03-03,Delivered,5
8766,8766,DTDC,Bengaluru,2026-05-09,2026-05-16,Delivered Late,6
8767,8767,Xpressbees,Patna,2025-10-21,2025-10-24,Delivered,3
8768,8768,DTDC,Nagpur,2024-04-16,2024-04-20,Delivered,5
8769,8769,DTDC,Amritsar,2025-10-20,2025-10-26,Delivered Late,5
8770,8770,Xpressbees,Indore,2025-01-09,2025-01-14,Delivered Late,4
8771,8771,Xpressbees,Indore,2026-03-14,,In Transit,4
8772,8772,Xpressbees,Hyderabad,2025-07-23,2025-07-28,Delivered,5
8773,8773,Bluedart,Coimbatore,2025-03-22,2025-03-28,Delivered,7
8774,8774,Ecom Express,Guwahati,2025-09-28,2025-10-01,Delivered,4
8775,8775,Xpressbees,Lucknow,2026-01-14,2026-01-20,Delivered,6
8776,8776,Delhivery,Ahmedabad,2026-03-03,2026-03-09,Delivered,6
8777,8777,Delhivery,Lucknow,2025-12-07,2025-12-11,Returned,2
8778,8778,Bluedart,Guwahati,2025-12-31,2026-01-04,Delivered,5
8779,8779,DTDC,Thiruvananthapuram,2025-10-02,2025-10-09,Delivered,7
8780,8780,Ekart Logistics,Jaipur,,,Not Shipped,5
8781,8781,Ecom Express,Ahmedabad,2025-10-24,2025-10-26,Delivered Late,2
8782,8782,Bluedart,Surat,2025-07-15,,In Transit,5
8783,8783,Ekart Logistics,Amritsar,2026-07-08,2026-07-14,Delivered Late,5
8784,8784,Ekart Logistics,Hyderabad,,,Not Shipped,3
8785,8785,Bluedart,Chennai,2025-01-10,2025-01-12,Delivered,2
8786,8786,Delhivery,Bhubaneswar,2026-03-29,2026-04-03,Delivered Late,3
8787,8787,Delhivery,Vadodara,2026-02-08,2026-02-14,Delivered,6
8788,8788,Bluedart,Indore,,,Not Shipped,2
8789,8789,Xpressbees,Vadodara,2026-05-25,2026-06-01,Delivered Late,6
8790,8790,DTDC,Surat,2026-05-19,2026-05-26,Delivered Late,4
8791,8791,Bluedart,Kolkata,2025-08-24,2025-08-30,Delivered Late,5
8792,8792,Ecom Express,Kanpur,2025-05-16,2025-05-23,Delivered Late,6
8793,8793,Bluedart,Jaipur,2025-06-06,2025-06-11,Delivered,5
8794,8794,Ekart Logistics,Bhopal,2026-03-07,2026-03-10,Delivered Late,3
8795,8795,Delhivery,Bhopal,2025-06-09,2025-06-13,Delivered,5
8796,8796,Bluedart,Nashik,2026-05-18,2026-05-24,Delivered,6
8797,8797,DTDC,Lucknow,,,Processing,2
8798,8798,Ekart Logistics,Surat,,,Processing,2
8799,8799,Delhivery,Bhubaneswar,2026-01-20,2026-01-23,Delivered,3
8800,8800,Ekart Logistics,Amritsar,2026-07-03,2026-07-10,Delivered,7
8801,8801,Delhivery,Bhubaneswar,2025-11-22,2025-11-25,Delivered Late,2
8802,8802,DTDC,Ranchi,2025-06-19,2025-06-25,Delivered,6
8803,8803,Delhivery,Bengaluru,2026-01-08,2026-01-12,Delivered,4
8804,8804,DTDC,Mumbai,,,Not Shipped,3
8805,8805,Xpressbees,Kolkata,2025-10-12,2025-10-13,Delivered,2
8806,8806,Xpressbees,Chennai,2025-06-23,2025-06-29,Delivered Late,6
8807,8807,Delhivery,Surat,2025-08-25,2025-08-31,Delivered,7
8808,8808,Ekart Logistics,Surat,2026-01-14,2026-01-19,Delivered,5
8809,8809,Delhivery,Chennai,2026-03-08,2026-03-12,Delivered,4
8810,8810,Ecom Express,Chennai,2024-12-23,2024-12-25,Delivered,3
8811,8811,DTDC,Jaipur,2026-02-03,2026-02-08,Delivered,5
8812,8812,DTDC,Thiruvananthapuram,2025-03-16,2025-03-17,Delivered,2
8813,8813,Bluedart,Coimbatore,,,Not Shipped,7
8814,8814,Xpressbees,Kochi,2026-04-04,2026-04-05,Delivered,2
8815,8815,Delhivery,Mumbai,2025-10-22,2025-10-27,Delivered,5
8816,8816,Ekart Logistics,Pune,,,Not Shipped,4
8817,8817,DTDC,Bhubaneswar,2026-03-31,2026-04-05,Delivered,6
8818,8818,DTDC,Ranchi,2026-05-15,2026-05-21,Delivered Late,6
8819,8819,Xpressbees,Nagpur,2026-03-23,2026-03-27,Delivered,4
8820,8820,DTDC,Ranchi,2025-03-14,2025-03-21,Delivered Late,6
8821,8821,Delhivery,Indore,2025-04-15,2025-04-19,Delivered,5
8822,8822,Bluedart,Patna,2025-09-30,2025-10-02,Delivered,3
8823,8823,Delhivery,Mumbai,2025-07-19,2025-07-27,Delivered Late,7
8824,8824,Xpressbees,Nagpur,2024-03-16,2024-03-20,Delivered,5
8825,8825,DTDC,Kolkata,2025-09-10,2025-09-12,Delivered,2
8826,8826,Xpressbees,Jaipur,2025-07-22,2025-07-25,Delivered,3
8827,8827,Ekart Logistics,Amritsar,2026-08-18,2026-08-26,Delivered Late,7
8828,8828,Ekart Logistics,Amritsar,2025-10-03,2025-10-13,Returned,7
8829,8829,DTDC,Mysuru,2025-09-16,2025-09-22,Delivered,6
8830,8830,Delhivery,Delhi,2026-04-08,,In Transit,5
8831,8831,Delhivery,Chennai,2025-12-26,2026-01-05,Delivered Late,7
8832,8832,DTDC,Kolkata,2026-01-23,2026-01-25,Delivered,3
8833,8833,DTDC,Kanpur,2025-06-29,2025-07-04,Delivered,6
8834,8834,Bluedart,Kanpur,2025-08-09,,In Transit,5
8835,8835,Ecom Express,Thiruvananthapuram,,,Processing,7
8836,8836,Bluedart,Coimbatore,2025-10-19,2025-10-22,Delivered,4
8837,8837,Ecom Express,Chennai,2026-02-02,2026-02-06,Delivered Late,4
8838,8838,Ekart Logistics,Chennai,2024-02-13,2024-02-17,Delivered,5
8839,8839,Bluedart,Guwahati,2025-04-17,2025-04-23,Delivered,7
8840,8840,Bluedart,Vadodara,,,Not Shipped,2
8841,8841,Delhivery,Kochi,2025-10-26,2025-10-28,Delivered,3
8842,8842,Xpressbees,Bengaluru,2025-09-06,2025-09-12,Delivered Late,5
8843,8843,Ecom Express,Chennai,2026-07-12,2026-07-19,Delivered Late,7
8844,8844,DTDC,Bhopal,2025-06-26,2025-06-29,Delivered,3
8845,8845,Xpressbees,Chandigarh,2025-10-07,2025-10-10,Delivered,3
8846,8846,Ekart Logistics,Vadodara,2026-05-16,2026-05-24,Delivered Late,6
8847,8847,Delhivery,Kanpur,2026-06-13,2026-06-18,Returned,6
8848,8848,Delhivery,Chennai,2026-06-01,2026-06-04,Delivered Late,2
8849,8849,Delhivery,Bhubaneswar,2025-10-04,2025-10-12,Returned,6
8850,8850,Ekart Logistics,Kanpur,,,Not Shipped,7
8851,8851,Bluedart,Vadodara,2026-05-04,2026-05-10,Delivered,7
8852,8852,Bluedart,Surat,2025-11-06,2025-11-11,Returned,5
8853,8853,DTDC,Ranchi,,,Not Shipped,6
8854,8854,Delhivery,Delhi,2025-06-30,2025-07-04,Delivered,4
8855,8855,Ekart Logistics,Mumbai,2026-01-18,2026-01-23,Delivered,5
8856,8856,DTDC,Bhopal,2026-07-01,2026-07-05,Returned,5
8857,8857,Delhivery,Lucknow,2024-11-16,2024-11-23,Returned,7
8858,8858,Delhivery,Jaipur,2026-05-30,2026-05-31,Delivered,2
8859,8859,Bluedart,Surat,2025-09-30,2025-10-07,Delivered Late,7
8860,8860,Delhivery,Chandigarh,2026-08-19,2026-08-22,Delivered,4
8861,8861,Ecom Express,Kolkata,2026-07-26,2026-07-28,Delivered,2
8862,8862,Bluedart,Lucknow,2025-11-03,2025-11-06,Delivered Late,2
8863,8863,Ecom Express,Lucknow,2025-03-15,2025-03-22,Returned,5
8864,8864,Ekart Logistics,Chandigarh,2026-07-29,2026-08-02,Delivered,4
8865,8865,Bluedart,Indore,2025-04-15,2025-04-16,Returned,2
8866,8866,Xpressbees,Hyderabad,2025-11-09,2025-11-14,Delivered Late,4
8867,8867,Bluedart,Pune,2025-11-01,2025-11-07,Delivered,7
8868,8868,Bluedart,Vadodara,2024-08-12,2024-08-15,Delivered,3
8869,8869,Ekart Logistics,Vadodara,2025-09-05,2025-09-10,Delivered,5
8870,8870,Delhivery,Ranchi,2026-04-08,2026-04-14,Delivered Late,4
8871,8871,DTDC,Bhubaneswar,2025-08-08,2025-08-10,Delivered,2
8872,8872,Xpressbees,Nagpur,2025-12-20,2025-12-26,Delivered Late,4
8873,8873,Ekart Logistics,Thiruvananthapuram,,,Not Shipped,6
8874,8874,Ekart Logistics,Kolkata,2025-01-31,2025-02-04,Delivered,5
8875,8875,Bluedart,Thiruvananthapuram,2025-08-12,2025-08-18,Delivered,6
8876,8876,Xpressbees,Kanpur,2026-03-14,2026-03-17,Delivered,4
8877,8877,Ekart Logistics,Pune,2025-03-28,2025-03-29,Delivered,2
8878,8878,Bluedart,Bengaluru,2025-09-06,2025-09-11,Delivered,5
8879,8879,Ekart Logistics,Lucknow,2026-02-19,,In Transit,5
8880,8880,Bluedart,Ahmedabad,2025-07-11,,In Transit,5
8881,8881,Bluedart,Ahmedabad,2026-01-30,2026-02-03,Delivered,5
8882,8882,Ekart Logistics,Chandigarh,2026-07-15,2026-07-18,Delivered,3
8883,8883,Bluedart,Bhopal,2026-08-06,2026-08-11,Delivered,6
8884,8884,Xpressbees,Nagpur,2025-10-02,2025-10-04,Delivered,3
8885,8885,Ecom Express,Lucknow,2026-07-02,2026-07-12,Delivered Late,7
8886,8886,Ekart Logistics,Chandigarh,2025-01-08,2025-01-12,Delivered Late,2
8887,8887,Bluedart,Jaipur,2025-06-28,2025-07-02,Delivered,5
8888,8888,Ekart Logistics,Bhubaneswar,2026-02-08,2026-02-14,Delivered,6
8889,8889,Delhivery,Amritsar,2026-07-23,,In Transit,6
8890,8890,Ekart Logistics,Guwahati,2026-06-14,2026-06-19,Delivered,5
8891,8891,Xpressbees,Nashik,2025-08-06,2025-08-08,Delivered,2
8892,8892,Xpressbees,Chennai,2026-06-14,2026-06-15,Delivered,2
8893,8893,Bluedart,Surat,2025-11-03,2025-11-06,Delivered,3
8894,8894,Delhivery,Hyderabad,2025-12-09,2025-12-14,Delivered Late,3
8895,8895,Ecom Express,Bhubaneswar,,,Processing,4
8896,8896,Bluedart,Indore,2025-12-06,2025-12-13,Delivered,7
8897,8897,Xpressbees,Ahmedabad,2025-04-16,2025-04-20,Delivered Late,3
8898,8898,Xpressbees,Bengaluru,,,Not Shipped,3
8899,8899,Delhivery,Nagpur,,,Processing,6
8900,8900,DTDC,Pune,,,Not Shipped,3
8901,8901,Bluedart,Mumbai,2025-04-09,2025-04-14,Delivered Late,4
8902,8902,Bluedart,Chandigarh,2026-06-19,2026-06-22,Delivered,4
8903,8903,Ekart Logistics,Lucknow,2025-02-08,2025-02-14,Delivered Late,4
8904,8904,Ecom Express,Jaipur,2026-04-14,2026-04-16,Delivered,3
8905,8905,Xpressbees,Mumbai,,,Not Shipped,3
8906,8906,Ekart Logistics,Kanpur,2026-02-24,2026-03-02,Delivered Late,4
8907,8907,DTDC,Bhopal,2025-09-24,2025-09-26,Delivered,2
8908,8908,Ekart Logistics,Surat,2025-11-20,2025-11-22,Delivered,3
8909,8909,Ecom Express,Mumbai,2026-04-23,2026-04-27,Delivered,5
8910,8910,Ekart Logistics,Indore,2026-01-21,2026-01-24,Delivered Late,2
8911,8911,DTDC,Guwahati,2026-04-30,2026-05-01,Delivered,2
8912,8912,Delhivery,Kolkata,2025-03-16,2025-03-20,Delivered,5
8913,8913,DTDC,Mumbai,2025-07-06,2025-07-10,Delivered,5
8914,8914,DTDC,Delhi,,,Not Shipped,4
8915,8915,Delhivery,Indore,2026-07-02,2026-07-07,Delivered,5
8916,8916,DTDC,Kanpur,2024-10-13,2024-10-15,Delivered,3
8917,8917,Xpressbees,Nashik,2024-11-23,2024-11-25,Delivered,3
8918,8918,DTDC,Delhi,2026-03-06,2026-03-09,Returned,3
8919,8919,Bluedart,Bhopal,2025-10-27,2025-11-02,Delivered,7
8920,8920,Xpressbees,Bhopal,2026-04-19,2026-04-26,Delivered Late,6
8921,8921,Bluedart,Indore,2025-02-13,,In Transit,2
8922,8922,Xpressbees,Bengaluru,2026-07-26,2026-07-28,Delivered,3
8923,8923,Bluedart,Coimbatore,,,Not Shipped,3
8924,8924,Ecom Express,Coimbatore,2024-10-30,2024-11-05,Delivered,7
8925,8925,Ecom Express,Chennai,2025-03-16,2025-03-18,Delivered,2
8926,8926,Ekart Logistics,Coimbatore,2025-01-07,2025-01-14,Delivered,7
8927,8927,Ekart Logistics,Indore,2025-12-29,2026-01-04,Delivered Late,6
8928,8928,Xpressbees,Indore,2024-06-25,2024-06-29,Delivered,4
8929,8929,Bluedart,Chennai,2025-05-07,2025-05-14,Delivered,7
8930,8930,Ekart Logistics,Bhopal,2024-12-01,2024-12-06,Delivered,5
8931,8931,Delhivery,Nashik,,,Not Shipped,4
8932,8932,Ekart Logistics,Indore,2025-07-13,2025-07-14,Delivered,2
8933,8933,Bluedart,Ahmedabad,2025-10-03,2025-10-09,Delivered Late,4
8934,8934,Bluedart,Vadodara,2025-10-26,2025-11-01,Delivered Late,5
8935,8935,Delhivery,Delhi,2024-08-30,2024-09-04,Delivered,5
8936,8936,DTDC,Guwahati,2026-01-12,2026-01-15,Delivered,3
8937,8937,Ecom Express,Surat,2025-06-06,2025-06-08,Delivered Late,2
8938,8938,DTDC,Kochi,2026-03-12,2026-03-14,Delivered,3
8939,8939,Xpressbees,Delhi,2025-09-27,2025-10-04,Delivered,7
8940,8940,Delhivery,Kochi,,,Not Shipped,7
8941,8941,Delhivery,Kolkata,2026-05-23,,In Transit,4
8942,8942,Bluedart,Vadodara,2024-09-01,2024-09-10,Delivered Late,7
8943,8943,Ecom Express,Kochi,,,Not Shipped,7
8944,8944,DTDC,Patna,2026-03-26,2026-03-30,Delivered Late,2
8945,8945,Xpressbees,Chandigarh,2026-05-05,2026-05-06,Delivered,2
8946,8946,Delhivery,Kanpur,2026-07-25,2026-07-28,Delivered Late,3
8947,8947,Bluedart,Chennai,2026-03-03,2026-03-08,Returned,4
8948,8948,Xpressbees,Vadodara,2025-09-13,2025-09-18,Delivered Late,3
8949,8949,Bluedart,Surat,2025-11-04,,In Transit,4
8950,8950,Ekart Logistics,Chennai,2025-08-28,2025-09-05,Delivered Late,6
8951,8951,Ecom Express,Coimbatore,2026-02-07,,In Transit,7
8952,8952,Bluedart,Guwahati,2024-10-04,2024-10-07,Delivered,3
8953,8953,Ekart Logistics,Jaipur,,,Processing,6
8954,8954,Xpressbees,Jaipur,2024-07-23,2024-07-24,Delivered,2
8955,8955,Delhivery,Guwahati,2025-09-12,2025-09-15,Delivered,4
8956,8956,DTDC,Nashik,2024-11-16,2024-11-22,Delivered,7
8957,8957,Xpressbees,Bhopal,2025-11-16,,In Transit,3
8958,8958,Ecom Express,Amritsar,,,Not Shipped,7
8959,8959,DTDC,Bhopal,2025-06-28,2025-07-01,Delivered Late,2
8960,8960,Xpressbees,Ranchi,,,Not Shipped,7
8961,8961,DTDC,Delhi,2025-08-06,2025-08-11,Delivered,6
8962,8962,Bluedart,Jaipur,2025-07-06,2025-07-08,Delivered,3
8963,8963,Ecom Express,Indore,2025-10-29,2025-11-03,Delivered Late,5
8964,8964,Ecom Express,Chennai,2025-12-10,2025-12-13,Delivered Late,2
8965,8965,DTDC,Nashik,2026-01-06,2026-01-13,Delivered Late,7
8966,8966,Ekart Logistics,Nagpur,2026-01-20,2026-01-27,Returned,7
8967,8967,Xpressbees,Jaipur,,,Not Shipped,3
8968,8968,Ekart Logistics,Kolkata,2025-02-12,2025-02-19,Delivered Late,6
8969,8969,Ekart Logistics,Lucknow,2026-07-28,2026-08-02,Delivered,6
8970,8970,Bluedart,Nashik,2025-04-08,2025-04-12,Delivered,5
8971,8971,Ecom Express,Bhubaneswar,,,Not Shipped,5
8972,8972,DTDC,Surat,2026-04-06,2026-04-10,Delivered,5
8973,8973,Bluedart,Surat,2024-08-29,2024-08-31,Delivered,2
8974,8974,Xpressbees,Coimbatore,2025-12-03,2025-12-06,Delivered,4
8975,8975,Delhivery,Vadodara,,,Not Shipped,5
8976,8976,Xpressbees,Vadodara,2024-09-20,2024-09-26,Delivered,6
8977,8977,Delhivery,Kanpur,2025-08-06,2025-08-08,Delivered,3
8978,8978,DTDC,Kanpur,2024-04-28,,In Transit,2
8979,8979,Xpressbees,Coimbatore,,,Not Shipped,2
8980,8980,Xpressbees,Chandigarh,2026-07-18,2026-07-21,Delivered,4
8981,8981,Ecom Express,Lucknow,,,Processing,5
8982,8982,Bluedart,Mumbai,2026-07-20,2026-07-25,Returned,5
8983,8983,DTDC,Vadodara,,,Processing,5
8984,8984,DTDC,Patna,2025-07-23,2025-07-29,Delivered,6
8985,8985,DTDC,Guwahati,2025-06-06,,In Transit,2
8986,8986,Xpressbees,Ahmedabad,2026-02-09,2026-02-13,Delivered,5
8987,8987,DTDC,Vadodara,2026-01-25,2026-02-02,Returned,7
8988,8988,DTDC,Guwahati,,,Not Shipped,2
8989,8989,DTDC,Guwahati,2026-04-23,2026-04-29,Delivered,6
8990,8990,Ekart Logistics,Nashik,2025-05-08,2025-05-10,Delivered,3
8991,8991,Bluedart,Ranchi,2024-07-13,2024-07-21,Delivered Late,5
8992,8992,Bluedart,Guwahati,,,Not Shipped,2
8993,8993,Ecom Express,Hyderabad,2026-03-07,2026-03-10,Delivered,4
8994,8994,Ecom Express,Hyderabad,2026-02-16,2026-02-19,Delivered,3
8995,8995,Bluedart,Indore,2025-08-20,2025-08-26,Delivered Late,6
8996,8996,Ekart Logistics,Nashik,2025-04-13,2025-04-18,Delivered,5
8997,8997,DTDC,Indore,2026-03-19,2026-03-24,Delivered,6
8998,8998,Bluedart,Mumbai,2025-12-05,2025-12-09,Delivered,4
8999,8999,Xpressbees,Thiruvananthapuram,2024-06-25,2024-07-01,Delivered,6
9000,9000,DTDC,Amritsar,2025-03-27,2025-03-31,Delivered,5
9001,9001,Delhivery,Ahmedabad,2025-12-04,2025-12-11,Delivered,7
9002,9002,Ecom Express,Delhi,2024-01-02,2024-01-05,Delivered,3
9003,9003,Delhivery,Indore,2025-12-12,2025-12-16,Delivered,5
9004,9004,Ekart Logistics,Indore,2025-03-14,2025-03-17,Delivered Late,3
9005,9005,DTDC,Chennai,2024-11-28,2024-12-03,Delivered,6
9006,9006,Ecom Express,Amritsar,2026-06-12,2026-06-15,Delivered,3
9007,9007,Delhivery,Mumbai,2026-04-19,2026-04-26,Delivered Late,6
9008,9008,DTDC,Nashik,2025-01-05,2025-01-10,Delivered Late,5
9009,9009,Xpressbees,Bhubaneswar,2024-04-08,2024-04-10,Delivered,2
9010,9010,Xpressbees,Nagpur,2026-02-19,2026-02-25,Delivered Late,6
9011,9011,DTDC,Jaipur,2026-03-28,2026-04-05,Delivered Late,7
9012,9012,DTDC,Mysuru,2026-08-17,2026-08-23,Delivered,6
9013,9013,DTDC,Nagpur,2026-08-18,2026-08-28,Delivered Late,7
9014,9014,Xpressbees,Bhopal,,,Not Shipped,3
9015,9015,Bluedart,Coimbatore,2026-03-18,,In Transit,5
9016,9016,Ekart Logistics,Chennai,2025-06-23,2025-06-27,Delivered Late,2
9017,9017,Bluedart,Lucknow,2025-09-07,2025-09-14,Delivered,7
9018,9018,Ekart Logistics,Kolkata,2025-07-22,2025-07-25,Delivered,4
9019,9019,Ekart Logistics,Kolkata,2026-01-06,2026-01-09,Delivered,4
9020,9020,Ecom Express,Chennai,2026-01-21,,In Transit,7
9021,9021,Xpressbees,Lucknow,2025-08-04,,In Transit,4
9022,9022,Xpressbees,Kochi,2026-01-07,2026-01-13,Delivered,6
9023,9023,Ecom Express,Indore,2026-08-17,2026-08-21,Delivered,4
9024,9024,DTDC,Kochi,2025-10-05,2025-10-11,Delivered,7
9025,9025,Delhivery,Bhubaneswar,2025-12-06,2025-12-14,Delivered Late,7
9026,9026,DTDC,Nagpur,2025-07-13,2025-07-21,Delivered Late,7
9027,9027,Ecom Express,Bhopal,2026-02-24,2026-03-03,Delivered Late,7
9028,9028,Ecom Express,Vadodara,,,Not Shipped,6
9029,9029,Bluedart,Ranchi,2024-01-28,2024-02-02,Delivered,6
9030,9030,Xpressbees,Coimbatore,,,Not Shipped,3
9031,9031,Bluedart,Chandigarh,2026-02-22,2026-02-26,Delivered,5
9032,9032,Bluedart,Mumbai,,,Not Shipped,4
9033,9033,Bluedart,Delhi,2026-04-18,2026-04-24,Delivered,6
9034,9034,Ecom Express,Bhopal,2025-04-21,2025-04-23,Delivered,3
9035,9035,Delhivery,Ahmedabad,2025-03-13,2025-03-16,Delivered,3
9036,9036,DTDC,Amritsar,,,Processing,2
9037,9037,DTDC,Kochi,2025-12-02,2025-12-08,Delivered Late,6
9038,9038,DTDC,Mysuru,2025-12-16,2025-12-22,Delivered,6
9039,9039,Ekart Logistics,Kochi,2026-06-07,2026-06-14,Delivered Late,4
9040,9040,Ekart Logistics,Vadodara,2025-07-28,2025-08-01,Returned,4
9041,9041,Bluedart,Bhubaneswar,2026-03-08,2026-03-13,Delivered,6
9042,9042,Delhivery,Amritsar,2025-07-23,2025-07-29,Returned,7
9043,9043,Delhivery,Coimbatore,2025-08-10,2025-08-13,Delivered,3
9044,9044,Bluedart,Thiruvananthapuram,2026-08-02,2026-08-05,Delivered,3
9045,9045,Delhivery,Surat,2024-10-31,,In Transit,6
9046,9046,Ekart Logistics,Vadodara,2025-01-13,,In Transit,2
9047,9047,Xpressbees,Bhubaneswar,2025-12-04,2025-12-05,Delivered,2
9048,9048,Xpressbees,Lucknow,2026-04-17,2026-04-21,Delivered,4
9049,9049,Delhivery,Jaipur,,,Not Shipped,5
9050,9050,Delhivery,Thiruvananthapuram,2026-01-10,2026-01-12,Delivered,2
9051,9051,Bluedart,Kochi,2024-10-05,2024-10-08,Delivered,4
9052,9052,Delhivery,Chennai,2026-03-16,2026-03-20,Returned,3
9053,9053,Ekart Logistics,Bhopal,2024-11-03,2024-11-04,Delivered,2
9054,9054,Ekart Logistics,Bhubaneswar,2025-12-23,2025-12-25,Delivered,3
9055,9055,Bluedart,Guwahati,2025-02-17,2025-02-20,Delivered Late,3
9056,9056,Xpressbees,Kanpur,2025-06-01,2025-06-04,Delivered,4
9057,9057,Delhivery,Bhubaneswar,2025-07-06,2025-07-10,Delivered Late,2
9058,9058,Delhivery,Kolkata,2026-02-19,2026-02-26,Delivered Late,5
9059,9059,DTDC,Thiruvananthapuram,2025-03-21,2025-03-26,Delivered Late,3
9060,9060,Xpressbees,Nashik,2025-08-20,2025-08-22,Returned,2
9061,9061,Ekart Logistics,Thiruvananthapuram,2025-08-24,2025-08-31,Delivered,7
9062,9062,Delhivery,Chennai,2025-10-15,2025-10-20,Delivered,6
9063,9063,Delhivery,Kochi,2026-01-31,2026-02-06,Delivered,6
9064,9064,Xpressbees,Chennai,2025-12-02,2025-12-05,Delivered Late,3
9065,9065,Ecom Express,Amritsar,,,Not Shipped,5
9066,9066,Xpressbees,Pune,2025-09-26,2025-10-01,Delivered Late,4
9067,9067,Delhivery,Hyderabad,,,Not Shipped,4
9068,9068,DTDC,Nashik,2026-03-28,2026-03-30,Delivered,3
9069,9069,DTDC,Kochi,2026-03-16,2026-03-21,Delivered Late,3
9070,9070,Ecom Express,Thiruvananthapuram,2026-03-22,2026-03-26,Delivered,5
9071,9071,DTDC,Bhubaneswar,2025-09-23,,In Transit,4
9072,9072,Ecom Express,Indore,2025-08-07,2025-08-11,Delivered,4
9073,9073,Ecom Express,Patna,2025-08-18,2025-08-23,Delivered,5
9074,9074,Xpressbees,Ahmedabad,2026-07-24,2026-07-28,Delivered,4
9075,9075,Xpressbees,Hyderabad,2025-08-16,2025-08-24,Delivered Late,7
9076,9076,DTDC,Amritsar,2026-01-31,2026-02-05,Returned,5
9077,9077,Delhivery,Bhubaneswar,2025-05-09,2025-05-15,Returned,7
9078,9078,Xpressbees,Ahmedabad,2026-05-08,2026-05-10,Delivered,3
9079,9079,Bluedart,Kochi,2026-06-29,,In Transit,3
9080,9080,Bluedart,Surat,2024-09-05,2024-09-13,Delivered Late,6
9081,9081,Bluedart,Hyderabad,2026-04-22,2026-04-28,Delivered Late,3
9082,9082,Ecom Express,Bhopal,2026-02-16,,In Transit,7
9083,9083,Xpressbees,Chennai,2025-10-24,2025-11-01,Delivered Late,7
9084,9084,Bluedart,Patna,2024-12-30,2025-01-04,Delivered Late,3
9085,9085,Ecom Express,Delhi,2025-10-15,2025-10-22,Delivered Late,7
9086,9086,Bluedart,Jaipur,2026-01-06,2026-01-09,Delivered Late,3
9087,9087,Xpressbees,Ahmedabad,2025-12-21,2025-12-27,Returned,5
9088,9088,DTDC,Kochi,2025-10-17,2025-10-21,Delivered,4
9089,9089,DTDC,Kolkata,2025-04-05,2025-04-08,Delivered Late,2
9090,9090,Ekart Logistics,Ahmedabad,2024-09-30,2024-10-05,Delivered,5
9091,9091,DTDC,Lucknow,,,Not Shipped,7
9092,9092,Bluedart,Ranchi,2024-10-23,2024-10-26,Delivered,3
9093,9093,DTDC,Guwahati,2024-08-30,2024-09-06,Delivered,7
9094,9094,Delhivery,Chandigarh,2025-05-30,2025-06-06,Delivered Late,6
9095,9095,Ecom Express,Surat,2025-02-13,2025-02-19,Delivered Late,5
9096,9096,Delhivery,Coimbatore,2025-01-17,2025-01-19,Delivered Late,2
9097,9097,Ekart Logistics,Thiruvananthapuram,2026-02-21,2026-02-27,Delivered Late,6
9098,9098,Ecom Express,Vadodara,2026-06-12,2026-06-17,Delivered,5
9099,9099,Xpressbees,Nashik,2025-11-26,2025-12-02,Delivered,7
9100,9100,DTDC,Nagpur,2024-11-10,2024-11-14,Delivered,5
9101,9101,Delhivery,Ranchi,2025-09-01,2025-09-02,Delivered,2
9102,9102,Ekart Logistics,Bhubaneswar,2025-08-05,2025-08-11,Delivered,7
9103,9103,Delhivery,Mumbai,2026-01-20,2026-01-23,Delivered Late,3
9104,9104,Bluedart,Chennai,2026-01-27,2026-02-03,Delivered Late,6
9105,9105,Xpressbees,Hyderabad,2026-02-11,2026-02-18,Delivered Late,5
9106,9106,Ekart Logistics,Bhopal,2026-02-14,2026-02-18,Delivered,5
9107,9107,Bluedart,Mumbai,2025-03-23,2025-03-24,Delivered,2
9108,9108,DTDC,Mysuru,2026-03-17,2026-03-21,Delivered Late,4
9109,9109,Ekart Logistics,Ranchi,2025-04-18,2025-04-23,Delivered Late,5
9110,9110,Xpressbees,Jaipur,2026-02-11,2026-02-18,Returned,7
9111,9111,Delhivery,Pune,2024-08-18,2024-08-24,Delivered,7
9112,9112,Bluedart,Ahmedabad,2026-03-29,2026-04-01,Returned,4
9113,9113,Xpressbees,Ahmedabad,2025-10-09,2025-10-10,Delivered,2
9114,9114,Xpressbees,Patna,2025-03-11,2025-03-19,Returned,5
9115,9115,Xpressbees,Lucknow,2025-06-18,2025-06-19,Delivered,2
9116,9116,Xpressbees,Vadodara,2026-07-17,2026-07-22,Delivered Late,4
9117,9117,Xpressbees,Indore,2025-09-15,2025-09-20,Delivered,6
9118,9118,Xpressbees,Chandigarh,2026-03-23,2026-04-01,Delivered Late,7
9119,9119,DTDC,Bhubaneswar,2026-08-18,2026-08-20,Delivered,3
9120,9120,DTDC,Kolkata,2026-05-24,2026-05-30,Delivered,6
9121,9121,Ecom Express,Bhopal,2026-02-12,2026-02-13,Delivered,2
9122,9122,DTDC,Vadodara,2025-05-16,2025-05-18,Delivered,2
9123,9123,Delhivery,Kochi,,,Not Shipped,3
9124,9124,Delhivery,Nagpur,2026-04-28,,In Transit,5
9125,9125,Bluedart,Mumbai,2025-12-03,2025-12-07,Delivered Late,3
9126,9126,Xpressbees,Kolkata,2025-04-23,2025-04-28,Delivered,5
9127,9127,Ekart Logistics,Patna,2024-08-04,2024-08-09,Delivered,6
9128,9128,Xpressbees,Hyderabad,2025-03-06,2025-03-11,Delivered,6
9129,9129,Bluedart,Kolkata,2026-02-06,2026-02-14,Delivered Late,7
9130,9130,DTDC,Thiruvananthapuram,2026-02-20,2026-02-25,Delivered,6
9131,9131,DTDC,Bengaluru,2026-02-15,2026-02-17,Delivered,3
9132,9132,Xpressbees,Pune,2025-10-08,2025-10-16,Delivered Late,6
9133,9133,Delhivery,Kanpur,2025-12-17,2025-12-23,Delivered Late,4
9134,9134,Ecom Express,Indore,2025-10-27,2025-11-01,Delivered,6
9135,9135,Delhivery,Hyderabad,2026-01-01,,In Transit,3
9136,9136,Ekart Logistics,Thiruvananthapuram,2025-06-07,2025-06-14,Delivered Late,7
9137,9137,DTDC,Jaipur,,,Not Shipped,5
9138,9138,Xpressbees,Lucknow,2026-06-08,2026-06-15,Delivered Late,7
9139,9139,DTDC,Chandigarh,2025-03-02,2025-03-12,Delivered Late,7
9140,9140,Delhivery,Ahmedabad,2025-05-04,2025-05-07,Delivered,4
9141,9141,Xpressbees,Mysuru,2026-03-09,2026-03-11,Delivered,3
9142,9142,Ekart Logistics,Lucknow,2025-08-19,2025-08-22,Delivered Late,3
9143,9143,Ekart Logistics,Delhi,2025-10-24,,In Transit,3
9144,9144,Ecom Express,Lucknow,2024-06-11,2024-06-14,Delivered Late,2
9145,9145,Delhivery,Kolkata,2025-05-31,,In Transit,3
9146,9146,Ecom Express,Hyderabad,2026-03-01,2026-03-05,Delivered,5
9147,9147,Delhivery,Nashik,2026-04-25,2026-04-29,Delivered Late,4
9148,9148,Xpressbees,Lucknow,2025-10-22,2025-10-26,Delivered,5
9149,9149,Xpressbees,Nagpur,2025-07-10,2025-07-16,Delivered,6
9150,9150,Bluedart,Mysuru,2025-12-11,,In Transit,4
9151,9151,DTDC,Ranchi,2025-01-08,2025-01-16,Delivered Late,6
9152,9152,Delhivery,Kanpur,2026-06-26,2026-07-03,Returned,7
9153,9153,DTDC,Bhubaneswar,2024-08-19,,In Transit,4
9154,9154,Delhivery,Surat,2025-11-07,2025-11-09,Delivered,3
9155,9155,Bluedart,Coimbatore,2025-06-16,2025-06-21,Delivered,6
9156,9156,Ekart Logistics,Kolkata,2025-08-07,2025-08-12,Delivered,5
9157,9157,Ecom Express,Delhi,2025-11-22,2025-11-28,Delivered,7
9158,9158,Xpressbees,Bhubaneswar,2025-12-29,2026-01-01,Delivered,3
9159,9159,Bluedart,Thiruvananthapuram,2025-11-06,2025-11-11,Delivered Late,3
9160,9160,Bluedart,Kanpur,2026-02-24,2026-03-02,Delivered Late,5
9161,9161,Ecom Express,Thiruvananthapuram,2025-11-12,2025-11-15,Delivered,3
9162,9162,Xpressbees,Bhopal,,,Processing,2
9163,9163,Ecom Express,Pune,2024-11-14,2024-11-20,Delivered Late,5
9164,9164,Ekart Logistics,Pune,,,Not Shipped,6
9165,9165,Xpressbees,Mysuru,2025-07-17,2025-07-23,Delivered,7
9166,9166,Delhivery,Chandigarh,2025-07-17,2025-07-25,Delivered Late,7
9167,9167,DTDC,Coimbatore,2025-07-22,2025-07-25,Delivered,3
9168,9168,Ecom Express,Kochi,2026-04-28,2026-05-03,Delivered Late,3
9169,9169,Bluedart,Delhi,2025-07-31,2025-08-01,Returned,2
9170,9170,Delhivery,Ahmedabad,2025-12-01,2025-12-05,Delivered,5
9171,9171,Ekart Logistics,Bhopal,,,Not Shipped,3
9172,9172,Xpressbees,Ranchi,2025-08-19,2025-08-20,Delivered,2
9173,9173,DTDC,Bengaluru,2026-04-25,2026-05-01,Delivered,6
9174,9174,Ecom Express,Surat,2026-04-28,,In Transit,3
9175,9175,Bluedart,Mysuru,2024-11-05,2024-11-10,Returned,5
9176,9176,Ecom Express,Ranchi,2025-07-02,2025-07-09,Returned,7
9177,9177,Delhivery,Indore,2025-04-07,2025-04-10,Delivered Late,3
9178,9178,Delhivery,Kochi,2025-12-30,2026-01-06,Delivered Late,7
9179,9179,Xpressbees,Surat,2024-12-28,2025-01-03,Delivered Late,4
9180,9180,Ekart Logistics,Vadodara,2024-11-13,2024-11-21,Delivered Late,5
9181,9181,DTDC,Pune,,,Not Shipped,7
9182,9182,Ecom Express,Nashik,,,Not Shipped,3
9183,9183,Delhivery,Jaipur,2026-05-07,2026-05-09,Delivered,3
9184,9184,Bluedart,Ranchi,2025-08-21,2025-08-25,Delivered Late,2
9185,9185,Delhivery,Lucknow,2026-03-08,2026-03-14,Delivered Late,4
9186,9186,Ekart Logistics,Hyderabad,2025-11-01,,In Transit,5
9187,9187,DTDC,Kanpur,2026-03-31,2026-04-06,Delivered Late,6
9188,9188,Ecom Express,Ahmedabad,2026-06-24,,In Transit,4
9189,9189,Xpressbees,Vadodara,2025-04-21,2025-04-27,Delivered,6
9190,9190,Delhivery,Jaipur,2026-05-08,2026-05-10,Delivered,3
9191,9191,Delhivery,Vadodara,2025-12-08,2025-12-11,Delivered,3
9192,9192,DTDC,Hyderabad,2024-11-01,2024-11-03,Delivered Late,2
9193,9193,Delhivery,Bhopal,,,Processing,2
9194,9194,DTDC,Amritsar,2025-03-30,2025-04-03,Delivered Late,3
9195,9195,Xpressbees,Kanpur,2024-12-18,2024-12-22,Delivered Late,4
9196,9196,Ekart Logistics,Mysuru,2026-04-01,2026-04-09,Delivered Late,7
9197,9197,Xpressbees,Bhubaneswar,2025-06-11,2025-06-20,Delivered Late,7
9198,9198,DTDC,Nashik,2026-07-04,2026-07-08,Delivered Late,3
9199,9199,Delhivery,Thiruvananthapuram,,,Processing,7
9200,9200,Ekart Logistics,Surat,2026-04-29,2026-05-02,Delivered,3
9201,9201,Ekart Logistics,Bhubaneswar,2026-05-20,,In Transit,5
9202,9202,Delhivery,Coimbatore,2025-07-27,2025-08-02,Delivered Late,5
9203,9203,Bluedart,Hyderabad,2025-01-16,2025-01-19,Delivered Late,2
9204,9204,Ekart Logistics,Bhopal,2025-12-30,2026-01-01,Delivered,3
9205,9205,Bluedart,Hyderabad,2025-12-07,2025-12-10,Delivered,4
9206,9206,Delhivery,Ahmedabad,,,Not Shipped,4
9207,9207,Xpressbees,Amritsar,2026-02-07,2026-02-12,Delivered Late,5
9208,9208,Xpressbees,Chennai,2024-08-02,2024-08-06,Delivered Late,2
9209,9209,Xpressbees,Bengaluru,2026-07-08,2026-07-11,Delivered Late,2
9210,9210,Ecom Express,Mysuru,2025-09-06,2025-09-13,Delivered Late,4
9211,9211,Xpressbees,Coimbatore,2026-01-29,2026-01-30,Delivered,2
9212,9212,Delhivery,Ahmedabad,,,Processing,7
9213,9213,Ecom Express,Thiruvananthapuram,2026-01-01,2026-01-08,Delivered Late,5
9214,9214,Bluedart,Ranchi,2026-05-06,2026-05-07,Delivered,2
9215,9215,Ecom Express,Vadodara,2026-02-02,2026-02-04,Delivered Late,2
9216,9216,Xpressbees,Nagpur,2025-12-02,2025-12-10,Delivered Late,7
9217,9217,Delhivery,Ahmedabad,2025-10-27,2025-10-31,Delivered,4
9218,9218,Ekart Logistics,Chandigarh,2025-08-12,2025-08-18,Delivered,7
9219,9219,Delhivery,Nashik,2025-01-13,2025-01-20,Delivered Late,4
9220,9220,Bluedart,Lucknow,2025-12-18,2025-12-27,Delivered Late,7
9221,9221,DTDC,Amritsar,2026-02-10,,In Transit,4
9222,9222,Bluedart,Bhopal,2024-06-02,2024-06-06,Delivered,5
9223,9223,Ekart Logistics,Vadodara,2026-04-06,2026-04-11,Delivered,5
9224,9224,Delhivery,Pune,2024-07-30,2024-08-01,Delivered,2
9225,9225,Delhivery,Kochi,2025-01-25,2025-01-30,Delivered,5
9226,9226,Ecom Express,Kochi,,,Not Shipped,2
9227,9227,Delhivery,Kolkata,2025-07-19,2025-07-22,Delivered,4
9228,9228,DTDC,Ranchi,2026-01-24,2026-01-26,Delivered Late,2
9229,9229,Ekart Logistics,Kanpur,2025-12-20,2025-12-26,Delivered,6
9230,9230,Ekart Logistics,Amritsar,2025-07-18,2025-07-24,Delivered,7
9231,9231,Delhivery,Indore,2025-08-06,2025-08-11,Delivered Late,4
9232,9232,Bluedart,Vadodara,2026-05-08,2026-05-11,Delivered Late,3
9233,9233,DTDC,Jaipur,2026-05-26,2026-06-01,Delivered,7
9234,9234,Ecom Express,Lucknow,2025-09-11,,In Transit,6
9235,9235,Delhivery,Patna,2025-01-26,2025-01-31,Delivered,5
9236,9236,Ekart Logistics,Lucknow,2026-03-03,2026-03-09,Delivered,6
9237,9237,Ecom Express,Amritsar,2026-01-06,2026-01-12,Delivered,6
9238,9238,Bluedart,Lucknow,2025-11-21,2025-11-23,Delivered,3
9239,9239,Ecom Express,Chennai,2025-12-04,2025-12-11,Delivered,7
9240,9240,Ecom Express,Guwahati,,,Not Shipped,3
9241,9241,DTDC,Thiruvananthapuram,2026-03-03,2026-03-06,Delivered,4
9242,9242,Ecom Express,Pune,2026-01-21,2026-01-24,Delivered,4
9243,9243,Ekart Logistics,Lucknow,2024-03-19,2024-03-26,Delivered,7
9244,9244,Xpressbees,Delhi,2025-09-15,2025-09-23,Delivered Late,7
9245,9245,Ecom Express,Indore,2026-03-08,2026-03-16,Delivered Late,7
9246,9246,Delhivery,Chandigarh,2025-02-20,2025-02-26,Delivered,7
9247,9247,Ekart Logistics,Surat,2025-05-08,2025-05-11,Delivered,4
9248,9248,Xpressbees,Lucknow,2025-08-15,,In Transit,3
9249,9249,Xpressbees,Pune,,,Processing,5
9250,9250,Ecom Express,Surat,2025-06-11,2025-06-14,Delivered,3
9251,9251,Ecom Express,Hyderabad,2025-11-16,2025-11-18,Delivered,2
9252,9252,Ekart Logistics,Mumbai,2025-09-14,2025-09-24,Delivered Late,7
9253,9253,Ecom Express,Amritsar,2026-02-03,2026-02-06,Delivered,3
9254,9254,Ecom Express,Thiruvananthapuram,2026-01-01,2026-01-07,Delivered,7
9255,9255,Bluedart,Surat,,,Not Shipped,5
9256,9256,Ecom Express,Nagpur,2026-01-31,2026-02-03,Delivered,4
9257,9257,Ecom Express,Kolkata,,,Processing,7
9258,9258,Bluedart,Guwahati,2024-10-31,2024-11-02,Delivered,2
9259,9259,Delhivery,Indore,2024-12-01,,In Transit,5
9260,9260,Bluedart,Ahmedabad,2026-07-08,2026-07-16,Delivered Late,7
9261,9261,DTDC,Vadodara,2025-05-29,2025-06-01,Delivered,3
9262,9262,Ecom Express,Jaipur,2024-03-27,2024-03-29,Returned,3
9263,9263,Ecom Express,Kolkata,2026-06-03,2026-06-09,Delivered Late,6
9264,9264,Ekart Logistics,Amritsar,2026-03-23,2026-03-26,Delivered Late,2
9265,9265,Bluedart,Mysuru,2025-12-03,2025-12-08,Delivered,5
9266,9266,DTDC,Hyderabad,2026-03-01,2026-03-06,Delivered Late,4
9267,9267,Ecom Express,Indore,2025-12-02,2025-12-04,Delivered,2
9268,9268,Bluedart,Amritsar,2026-02-07,2026-02-13,Delivered Late,4
9269,9269,Xpressbees,Amritsar,2026-04-07,2026-04-12,Delivered,5
9270,9270,Xpressbees,Nashik,2026-01-24,2026-01-31,Delivered Late,6
9271,9271,Xpressbees,Amritsar,2026-07-01,2026-07-07,Delivered Late,5
9272,9272,DTDC,Vadodara,2026-08-18,2026-08-21,Delivered Late,2
9273,9273,Xpressbees,Thiruvananthapuram,2025-03-18,2025-03-24,Delivered Late,4
9274,9274,Xpressbees,Bengaluru,,,Processing,7
9275,9275,Bluedart,Patna,2025-03-02,2025-03-06,Delivered,5
9276,9276,Ecom Express,Surat,2026-03-12,,In Transit,6
9277,9277,Delhivery,Mysuru,2025-06-21,2025-06-28,Delivered Late,5
9278,9278,Bluedart,Chandigarh,2025-02-03,2025-02-08,Delivered Late,5
9279,9279,Xpressbees,Nashik,2026-06-23,2026-07-01,Delivered Late,5
9280,9280,Delhivery,Vadodara,,,Processing,4
9281,9281,Ecom Express,Guwahati,2025-02-11,2025-02-14,Delivered,3
9282,9282,Ekart Logistics,Kolkata,2024-02-11,2024-02-17,Delivered,6
9283,9283,Xpressbees,Bhubaneswar,2025-09-06,2025-09-12,Delivered,7
9284,9284,Xpressbees,Delhi,2024-11-01,2024-11-02,Delivered,2
9285,9285,Delhivery,Nashik,2025-06-08,2025-06-09,Delivered,2
9286,9286,DTDC,Pune,2025-08-17,2025-08-20,Returned,4
9287,9287,Bluedart,Chennai,2025-08-16,2025-08-20,Delivered,5
9288,9288,Xpressbees,Coimbatore,2024-09-11,2024-09-15,Delivered Late,3
9289,9289,Delhivery,Hyderabad,2025-11-13,2025-11-22,Delivered Late,6
9290,9290,Ecom Express,Pune,2025-07-12,2025-07-16,Delivered Late,3
9291,9291,Delhivery,Mumbai,2026-04-23,2026-04-30,Delivered Late,6
9292,9292,Xpressbees,Amritsar,,,Not Shipped,3
9293,9293,Ecom Express,Amritsar,2026-04-25,2026-04-29,Delivered Late,3
9294,9294,Ecom Express,Guwahati,2026-05-27,2026-05-31,Delivered,5
9295,9295,Bluedart,Kolkata,,,Not Shipped,2
9296,9296,DTDC,Indore,2025-12-23,2025-12-28,Delivered,6
9297,9297,Xpressbees,Kolkata,2024-12-15,2024-12-23,Delivered Late,5
9298,9298,DTDC,Guwahati,2025-12-02,2025-12-04,Delivered Late,2
9299,9299,DTDC,Delhi,2026-05-13,2026-05-19,Returned,6
9300,9300,Ekart Logistics,Lucknow,2026-05-01,2026-05-07,Delivered,6
9301,9301,Ecom Express,Ahmedabad,2024-09-27,2024-09-30,Delivered,4
9302,9302,Xpressbees,Nagpur,2025-12-20,,In Transit,2
9303,9303,Delhivery,Bhubaneswar,2025-10-10,2025-10-14,Delivered,5
9304,9304,Xpressbees,Mumbai,2025-12-15,2025-12-21,Delivered,6
9305,9305,Delhivery,Amritsar,,,Not Shipped,3
9306,9306,Ekart Logistics,Bhopal,2026-02-12,2026-02-18,Delivered Late,5
9307,9307,Delhivery,Thiruvananthapuram,2025-01-18,2025-01-23,Delivered Late,5
9308,9308,Ecom Express,Lucknow,2025-11-06,2025-11-07,Delivered,2
9309,9309,Bluedart,Pune,,,Processing,6
9310,9310,Ekart Logistics,Thiruvananthapuram,2026-01-28,2026-02-01,Delivered,4
9311,9311,Xpressbees,Bhopal,2026-02-21,2026-03-01,Delivered Late,6
9312,9312,Bluedart,Bhopal,,,Processing,4
9313,9313,DTDC,Ahmedabad,2024-09-20,2024-09-26,Delivered Late,6
9314,9314,Ekart Logistics,Kolkata,2025-09-12,2025-09-13,Delivered,2
9315,9315,Xpressbees,Bengaluru,2025-10-17,2025-10-23,Delivered,6
9316,9316,Bluedart,Vadodara,2026-01-28,2026-01-31,Delivered,3
9317,9317,Ekart Logistics,Surat,2025-03-01,2025-03-04,Delivered Late,2
9318,9318,Bluedart,Coimbatore,2025-11-09,,In Transit,3
9319,9319,DTDC,Guwahati,2025-11-13,2025-11-19,Delivered,6
9320,9320,Ecom Express,Bhubaneswar,2024-08-27,2024-08-28,Delivered,2
9321,9321,Delhivery,Mumbai,2026-08-03,2026-08-10,Delivered,7
9322,9322,Delhivery,Kochi,2025-12-03,2025-12-08,Delivered,6
9323,9323,Bluedart,Patna,2025-05-23,2025-05-30,Delivered Late,5
9324,9324,Xpressbees,Surat,2026-02-07,2026-02-10,Delivered Late,2
9325,9325,Bluedart,Mumbai,2024-10-01,2024-10-03,Delivered,2
9326,9326,Delhivery,Guwahati,2025-09-30,2025-10-02,Delivered,3
9327,9327,DTDC,Kolkata,2025-12-17,2025-12-23,Delivered Late,6
9328,9328,Ecom Express,Lucknow,2025-05-16,2025-05-22,Delivered,6
9329,9329,Delhivery,Surat,2026-03-20,2026-03-21,Delivered,2
9330,9330,Bluedart,Chennai,2025-04-02,2025-04-07,Delivered,6
9331,9331,Delhivery,Guwahati,2024-06-07,2024-06-13,Delivered Late,5
9332,9332,Ecom Express,Surat,2025-07-29,2025-08-02,Delivered,5
9333,9333,DTDC,Lucknow,2025-12-27,2025-12-29,Delivered,3
9334,9334,Xpressbees,Lucknow,2025-11-08,2025-11-12,Delivered,5
9335,9335,Bluedart,Guwahati,2025-07-17,2025-07-19,Delivered,3
9336,9336,Delhivery,Bhopal,,,Not Shipped,6
9337,9337,DTDC,Nagpur,,,Not Shipped,6
9338,9338,Delhivery,Bhopal,2025-03-22,2025-03-29,Delivered,7
9339,9339,Ekart Logistics,Lucknow,2025-09-22,2025-09-26,Delivered Late,3
9340,9340,Bluedart,Bengaluru,2026-01-26,2026-01-30,Delivered,4
9341,9341,Xpressbees,Chandigarh,2026-03-21,2026-03-24,Delivered,4
9342,9342,Ekart Logistics,Mumbai,,,Processing,2
9343,9343,Ekart Logistics,Mumbai,2025-08-03,2025-08-07,Delivered Late,3
9344,9344,Bluedart,Chennai,2025-09-01,2025-09-09,Delivered Late,7
9345,9345,DTDC,Bhopal,2025-10-01,,In Transit,2
9346,9346,Ekart Logistics,Pune,2024-07-14,2024-07-16,Delivered,3
9347,9347,DTDC,Chennai,2025-05-03,2025-05-10,Delivered Late,7
9348,9348,Ecom Express,Amritsar,,,Not Shipped,2
9349,9349,Delhivery,Bhopal,,,Not Shipped,2
9350,9350,Ekart Logistics,Patna,2025-03-24,2025-03-27,Delivered,3
9351,9351,Bluedart,Chennai,2025-07-12,2025-07-21,Delivered Late,7
9352,9352,Ekart Logistics,Bhubaneswar,2025-12-28,2026-01-02,Delivered,6
9353,9353,DTDC,Vadodara,2025-09-22,2025-09-28,Delivered,6
9354,9354,Bluedart,Kochi,2025-08-06,2025-08-10,Delivered,4
9355,9355,Delhivery,Hyderabad,2026-05-01,2026-05-05,Delivered Late,2
9356,9356,Ekart Logistics,Guwahati,2026-03-03,2026-03-05,Delivered,3
9357,9357,Delhivery,Hyderabad,2025-06-26,2025-07-02,Returned,7
9358,9358,Ekart Logistics,Bhopal,2025-07-05,2025-07-11,Delivered Late,5
9359,9359,Xpressbees,Jaipur,2026-04-08,,In Transit,5
9360,9360,Ecom Express,Kolkata,2026-06-28,2026-07-01,Delivered,3
9361,9361,Delhivery,Nagpur,2026-02-22,2026-02-23,Delivered,2
9362,9362,Ecom Express,Mysuru,2025-11-11,2025-11-16,Delivered Late,4
9363,9363,DTDC,Vadodara,2025-07-09,2025-07-15,Delivered,7
9364,9364,Xpressbees,Kolkata,2026-02-22,2026-03-03,Delivered Late,6
9365,9365,DTDC,Kanpur,2025-01-17,2025-01-19,Delivered Late,2
9366,9366,Xpressbees,Guwahati,2026-01-20,2026-01-22,Delivered Late,2
9367,9367,Ekart Logistics,Bengaluru,2026-02-20,2026-02-25,Returned,3
9368,9368,Bluedart,Ahmedabad,2025-02-26,2025-03-02,Delivered,4
9369,9369,Bluedart,Delhi,2026-03-02,2026-03-05,Delivered,4
9370,9370,Bluedart,Kanpur,2025-03-28,2025-04-04,Delivered Late,7
9371,9371,Delhivery,Lucknow,2024-11-18,,In Transit,2
9372,9372,Xpressbees,Bhopal,2025-10-24,2025-10-26,Delivered,3
9373,9373,DTDC,Mumbai,,,Not Shipped,4
9374,9374,Ekart Logistics,Lucknow,2026-03-15,2026-03-21,Delivered,7
9375,9375,DTDC,Chennai,,,Not Shipped,6
9376,9376,Xpressbees,Surat,2025-11-03,2025-11-10,Delivered,7
9377,9377,Xpressbees,Guwahati,2025-01-24,2025-01-28,Returned,3
9378,9378,Bluedart,Amritsar,,,Not Shipped,6
9379,9379,Bluedart,Nashik,2025-09-03,2025-09-07,Delivered,5
9380,9380,Xpressbees,Hyderabad,2025-11-15,2025-11-19,Delivered Late,4
9381,9381,Ekart Logistics,Amritsar,2026-02-20,2026-02-21,Delivered,2
9382,9382,Ekart Logistics,Indore,2026-08-02,2026-08-07,Delivered Late,2
9383,9383,Bluedart,Bhopal,,,Not Shipped,2
9384,9384,DTDC,Jaipur,2024-04-14,2024-04-18,Delivered,5
9385,9385,Ecom Express,Patna,2026-02-07,2026-02-12,Delivered Late,5
9386,9386,DTDC,Patna,2024-11-16,2024-11-25,Delivered Late,7
9387,9387,Ecom Express,Coimbatore,2025-10-30,2025-11-02,Delivered Late,2
9388,9388,Ekart Logistics,Kanpur,2024-12-03,2024-12-10,Delivered,7
9389,9389,Bluedart,Mysuru,2025-04-18,2025-04-19,Delivered,2
9390,9390,Bluedart,Nashik,2024-04-29,2024-05-02,Returned,3
9391,9391,Ekart Logistics,Chandigarh,2025-03-10,2025-03-16,Delivered,7
9392,9392,Delhivery,Coimbatore,2026-04-22,2026-04-24,Delivered,3
9393,9393,DTDC,Nagpur,2025-03-04,2025-03-10,Delivered Late,5
9394,9394,DTDC,Pune,2026-01-30,2026-02-08,Delivered Late,6
9395,9395,Delhivery,Amritsar,2026-02-09,2026-02-14,Delivered,5
9396,9396,Ekart Logistics,Delhi,2025-12-06,2025-12-14,Returned,7
9397,9397,Ecom Express,Amritsar,,,Processing,6
9398,9398,Xpressbees,Surat,,,Not Shipped,3
9399,9399,Ekart Logistics,Kolkata,2026-04-09,2026-04-12,Delivered,3
9400,9400,DTDC,Thiruvananthapuram,,,Processing,7
9401,9401,Bluedart,Vadodara,,,Processing,5
9402,9402,Delhivery,Nagpur,2025-01-29,2025-02-02,Delivered,4
9403,9403,Ecom Express,Bhopal,2026-04-01,2026-04-05,Delivered,4
9404,9404,Ekart Logistics,Chandigarh,2025-11-21,2025-11-22,Delivered,2
9405,9405,Ecom Express,Kanpur,2026-01-27,2026-02-01,Delivered,6
9406,9406,Ecom Express,Kolkata,2024-04-24,2024-04-26,Delivered Late,2
9407,9407,Delhivery,Mumbai,,,Not Shipped,5
9408,9408,Bluedart,Kolkata,,,Not Shipped,6
9409,9409,Ecom Express,Ahmedabad,2026-03-25,2026-03-28,Delivered,4
9410,9410,Delhivery,Amritsar,2026-05-25,2026-06-01,Delivered,7
9411,9411,Xpressbees,Ahmedabad,2024-12-17,2024-12-22,Delivered Late,4
9412,9412,DTDC,Indore,2025-09-28,2025-10-08,Delivered Late,7
9413,9413,Xpressbees,Pune,2026-02-18,2026-02-24,Delivered,6
9414,9414,Xpressbees,Vadodara,2025-05-04,2025-05-07,Delivered Late,2
9415,9415,Ecom Express,Patna,2025-06-09,2025-06-14,Delivered,6
9416,9416,Ecom Express,Mysuru,2026-01-10,2026-01-15,Delivered,5
9417,9417,Bluedart,Ahmedabad,2025-04-06,2025-04-11,Delivered,5
9418,9418,Ekart Logistics,Kanpur,2026-03-01,2026-03-07,Delivered,6
9419,9419,Xpressbees,Bhopal,2025-02-05,2025-02-12,Delivered Late,6
9420,9420,DTDC,Pune,2026-05-08,2026-05-14,Delivered,7
9421,9421,Bluedart,Bhubaneswar,2026-03-17,2026-03-19,Returned,2
9422,9422,Ekart Logistics,Vadodara,,,Not Shipped,3
9423,9423,Delhivery,Delhi,2026-01-04,,In Transit,5
9424,9424,Delhivery,Mumbai,2025-12-08,2025-12-13,Delivered,5
9425,9425,Delhivery,Mysuru,2026-06-19,2026-06-24,Delivered Late,5
9426,9426,Ekart Logistics,Indore,,,Not Shipped,2
9427,9427,Ecom Express,Bhubaneswar,,,Not Shipped,5
9428,9428,Delhivery,Kochi,2025-03-01,2025-03-07,Delivered Late,6
9429,9429,Delhivery,Amritsar,2026-04-17,2026-04-23,Delivered,6
9430,9430,Bluedart,Bhopal,2025-10-06,,In Transit,3
9431,9431,Bluedart,Delhi,2025-03-19,2025-03-21,Delivered,2
9432,9432,Bluedart,Vadodara,2025-07-15,2025-07-18,Delivered,3
9433,9433,Ekart Logistics,Chandigarh,2024-10-13,2024-10-17,Delivered,4
9434,9434,Bluedart,Amritsar,2025-10-01,,In Transit,6
9435,9435,Delhivery,Amritsar,2025-09-26,2025-10-03,Delivered Late,7
9436,9436,Ekart Logistics,Surat,2023-12-03,2023-12-07,Delivered Late,3
9437,9437,DTDC,Lucknow,2026-05-05,2026-05-10,Delivered,6
9438,9438,Bluedart,Coimbatore,2025-01-24,2025-01-28,Delivered Late,3
9439,9439,Bluedart,Pune,2025-09-11,2025-09-16,Delivered Late,3
9440,9440,Xpressbees,Coimbatore,2026-06-26,,In Transit,3
9441,9441,Ecom Express,Hyderabad,2025-09-29,2025-10-05,Delivered,7
9442,9442,Ecom Express,Nagpur,2025-02-05,2025-02-11,Delivered,6
9443,9443,Xpressbees,Delhi,2025-03-03,2025-03-10,Delivered Late,6
9444,9444,Ecom Express,Bhopal,,,Not Shipped,3
9445,9445,Delhivery,Chandigarh,2025-01-23,2025-01-29,Delivered,7
9446,9446,Xpressbees,Mumbai,2025-10-08,2025-10-13,Delivered,6
9447,9447,Ecom Express,Chandigarh,2025-05-14,2025-05-19,Delivered,6
9448,9448,Bluedart,Amritsar,2025-09-12,2025-09-15,Delivered,3
9449,9449,Delhivery,Jaipur,2025-02-26,2025-02-28,Delivered,2
9450,9450,Ekart Logistics,Indore,,,Processing,3
9451,9451,Bluedart,Pune,2026-06-10,2026-06-17,Delivered,7
9452,9452,Xpressbees,Guwahati,2025-11-20,2025-11-22,Delivered,3
9453,9453,Xpressbees,Pune,2025-07-11,2025-07-13,Delivered,2
9454,9454,Ekart Logistics,Kanpur,2026-05-06,2026-05-09,Delivered,3
9455,9455,Bluedart,Coimbatore,2025-09-28,2025-10-02,Delivered,4
9456,9456,Xpressbees,Hyderabad,2026-03-24,2026-03-26,Delivered,2
9457,9457,Xpressbees,Mumbai,2025-07-30,2025-08-03,Delivered,5
9458,9458,DTDC,Guwahati,2025-10-28,2025-11-04,Delivered,7
9459,9459,Bluedart,Amritsar,2026-05-23,2026-05-27,Delivered Late,3
9460,9460,Ecom Express,Bengaluru,2025-01-28,2025-01-31,Returned,3
9461,9461,Ekart Logistics,Kanpur,2026-04-08,2026-04-16,Returned,7
9462,9462,Ecom Express,Ranchi,2024-12-30,2025-01-05,Delivered Late,5
9463,9463,Xpressbees,Lucknow,2026-03-26,2026-04-01,Delivered Late,5
9464,9464,Delhivery,Kolkata,2025-01-28,2025-02-01,Delivered,5
9465,9465,Xpressbees,Nagpur,2024-10-04,2024-10-07,Delivered,3
9466,9466,Delhivery,Guwahati,,,Processing,5
9467,9467,DTDC,Chandigarh,2026-04-15,2026-04-19,Delivered,4
9468,9468,Xpressbees,Thiruvananthapuram,2026-06-19,2026-06-22,Delivered Late,2
9469,9469,Ekart Logistics,Jaipur,2026-07-04,2026-07-10,Delivered,7
9470,9470,Xpressbees,Ranchi,2026-03-01,2026-03-07,Delivered Late,5
9471,9471,Ekart Logistics,Ahmedabad,2024-12-14,2024-12-19,Delivered,5
9472,9472,Ekart Logistics,Amritsar,2025-04-07,2025-04-09,Delivered,3
9473,9473,DTDC,Delhi,2026-05-31,2026-06-04,Delivered Late,3
9474,9474,Ecom Express,Guwahati,2024-09-28,2024-10-01,Delivered,3
9475,9475,Xpressbees,Surat,2025-07-21,2025-07-26,Delivered Late,4
9476,9476,Ecom Express,Chandigarh,2026-02-19,2026-02-27,Delivered Late,7
9477,9477,Delhivery,Kolkata,2026-01-13,2026-01-20,Delivered Late,5
9478,9478,Bluedart,Nagpur,2024-07-22,2024-07-24,Delivered,3
9479,9479,Xpressbees,Mumbai,2025-05-01,2025-05-08,Delivered Late,6
9480,9480,Delhivery,Bhubaneswar,2026-03-16,2026-03-18,Delivered,3
9481,9481,Bluedart,Indore,2026-06-04,2026-06-10,Delivered Late,6
9482,9482,Bluedart,Indore,2026-02-06,2026-02-08,Delivered,3
9483,9483,Delhivery,Pune,2025-11-03,2025-11-06,Delivered,4
9484,9484,Xpressbees,Lucknow,2026-04-02,2026-04-08,Delivered,6
9485,9485,Delhivery,Jaipur,2025-10-30,,In Transit,2
9486,9486,Xpressbees,Guwahati,2026-05-28,2026-06-04,Delivered Late,5
9487,9487,Ecom Express,Bhubaneswar,2026-05-26,2026-06-01,Returned,6
9488,9488,Ekart Logistics,Lucknow,2025-12-07,2025-12-13,Delivered Late,3
9489,9489,Delhivery,Surat,2025-10-23,2025-10-29,Delivered Late,6
9490,9490,Xpressbees,Thiruvananthapuram,2026-02-11,,In Transit,2
9491,9491,Xpressbees,Chennai,2024-11-09,2024-11-11,Delivered,2
9492,9492,Ekart Logistics,Hyderabad,2025-01-11,2025-01-18,Returned,7
9493,9493,Xpressbees,Mysuru,2023-12-15,2023-12-19,Delivered Late,2
9494,9494,Ecom Express,Ahmedabad,2025-12-20,2025-12-25,Delivered Late,3
9495,9495,Delhivery,Lucknow,2025-11-15,2025-11-22,Delivered,7
9496,9496,Ecom Express,Nagpur,2026-03-03,2026-03-09,Delivered,6
9497,9497,Ekart Logistics,Thiruvananthapuram,2025-10-09,2025-10-15,Delivered Late,6
9498,9498,Bluedart,Patna,2025-11-17,2025-11-22,Delivered Late,4
9499,9499,Ekart Logistics,Kolkata,2025-03-27,2025-03-28,Delivered,2
9500,9500,Ecom Express,Delhi,2026-05-23,2026-05-29,Delivered,7
9501,9501,DTDC,Pune,2025-04-28,2025-05-01,Delivered,3
9502,9502,DTDC,Surat,2024-10-17,2024-10-20,Delivered Late,3
9503,9503,Bluedart,Guwahati,2026-06-08,,In Transit,6
9504,9504,Bluedart,Chennai,2024-11-13,2024-11-18,Returned,5
9505,9505,Ekart Logistics,Indore,2024-05-06,2024-05-12,Delivered Late,3
9506,9506,Xpressbees,Lucknow,2024-07-03,2024-07-06,Returned,4
9507,9507,Ekart Logistics,Chennai,2025-07-12,2025-07-19,Delivered,7
9508,9508,Xpressbees,Delhi,2026-05-27,2026-06-01,Delivered,6
9509,9509,Delhivery,Mysuru,,,Not Shipped,2
9510,9510,Bluedart,Indore,2024-03-06,2024-03-08,Delivered Late,2
9511,9511,Ekart Logistics,Lucknow,2026-04-27,2026-04-30,Delivered Late,2
9512,9512,Delhivery,Coimbatore,2026-06-03,2026-06-09,Delivered,6
9513,9513,Delhivery,Ranchi,,,Not Shipped,3
9514,9514,Ekart Logistics,Indore,2026-06-06,2026-06-12,Delivered Late,4
9515,9515,DTDC,Kanpur,2026-03-16,2026-03-22,Delivered,6
9516,9516,DTDC,Guwahati,2026-02-11,2026-02-13,Returned,2
9517,9517,Bluedart,Amritsar,,,Not Shipped,3
9518,9518,Ecom Express,Bengaluru,2024-12-12,,In Transit,7
9519,9519,Xpressbees,Kolkata,2026-01-22,2026-01-27,Delivered Late,2
9520,9520,Xpressbees,Mumbai,2025-07-29,2025-08-01,Delivered Late,2
9521,9521,Ecom Express,Patna,2025-04-23,2025-04-26,Delivered Late,3
9522,9522,Xpressbees,Jaipur,2026-01-28,2026-02-03,Delivered,6
9523,9523,DTDC,Bhopal,2025-01-21,2025-01-25,Delivered,4
9524,9524,Ecom Express,Ahmedabad,,,Not Shipped,5
9525,9525,DTDC,Lucknow,,,Not Shipped,4
9526,9526,Ekart Logistics,Patna,,,Processing,5
9527,9527,Ekart Logistics,Nagpur,2026-06-27,2026-07-05,Delivered Late,7
9528,9528,Bluedart,Thiruvananthapuram,2024-11-17,2024-11-23,Delivered,7
9529,9529,Xpressbees,Mysuru,2025-02-23,,In Transit,2
9530,9530,Bluedart,Patna,,,Not Shipped,2
9531,9531,Ekart Logistics,Mumbai,2025-06-16,2025-06-22,Delivered,6
9532,9532,Delhivery,Amritsar,2025-01-05,2025-01-07,Delivered,3
9533,9533,Ecom Express,Chennai,2025-12-14,2025-12-20,Delivered,7
9534,9534,Xpressbees,Kochi,2026-03-06,2026-03-13,Delivered Late,4
9535,9535,Ekart Logistics,Amritsar,2024-09-12,2024-09-15,Delivered,3
9536,9536,Delhivery,Delhi,2026-05-26,2026-06-02,Delivered Late,5
9537,9537,Xpressbees,Mysuru,,,Not Shipped,6
9538,9538,Xpressbees,Kochi,2026-04-20,2026-04-25,Delivered,6
9539,9539,Bluedart,Thiruvananthapuram,2026-01-30,2026-02-02,Delivered Late,3
9540,9540,Ekart Logistics,Mumbai,,,Not Shipped,4
9541,9541,Bluedart,Delhi,,,Processing,5
9542,9542,Xpressbees,Nashik,2024-10-22,2024-10-28,Delivered,6
9543,9543,Delhivery,Bengaluru,2026-02-14,2026-02-18,Delivered,4
9544,9544,Ecom Express,Guwahati,,,Processing,4
9545,9545,DTDC,Hyderabad,2025-11-25,2025-12-01,Delivered,7
9546,9546,Ecom Express,Vadodara,2026-01-11,,In Transit,2
9547,9547,Ecom Express,Ahmedabad,,,Not Shipped,3
9548,9548,Delhivery,Amritsar,2025-07-13,2025-07-20,Delivered Late,6
9549,9549,DTDC,Pune,2025-02-20,2025-02-24,Delivered Late,3
9550,9550,DTDC,Mumbai,2025-05-04,2025-05-09,Delivered,5
9551,9551,Bluedart,Pune,2024-06-20,2024-06-26,Delivered,6
9552,9552,DTDC,Hyderabad,,,Not Shipped,3
9553,9553,Bluedart,Bengaluru,2024-09-25,2024-09-30,Delivered Late,2
9554,9554,Ekart Logistics,Chandigarh,2025-08-25,2025-08-26,Delivered,2
9555,9555,Delhivery,Mysuru,2026-04-01,2026-04-06,Delivered Late,3
9556,9556,DTDC,Guwahati,2026-02-03,2026-02-09,Delivered Late,6
9557,9557,Ecom Express,Bhopal,2025-04-16,2025-04-19,Returned,3
9558,9558,Bluedart,Patna,,,Not Shipped,6
9559,9559,Xpressbees,Mysuru,2026-01-29,2026-02-01,Delivered,4
9560,9560,Delhivery,Coimbatore,2026-06-10,2026-06-12,Delivered,2
9561,9561,Bluedart,Bhopal,2025-03-30,2025-04-03,Delivered,4
9562,9562,Delhivery,Ranchi,2025-10-24,2025-10-29,Returned,5
9563,9563,Bluedart,Nagpur,2024-10-27,,In Transit,7
9564,9564,DTDC,Patna,2026-05-07,2026-05-12,Delivered Late,5
9565,9565,Bluedart,Lucknow,2025-07-26,2025-08-01,Delivered,6
9566,9566,Ekart Logistics,Bengaluru,2024-02-15,2024-02-19,Delivered,4
9567,9567,Xpressbees,Kochi,2024-09-27,2024-10-05,Delivered Late,7
9568,9568,DTDC,Thiruvananthapuram,2025-12-18,2025-12-24,Delivered,6
9569,9569,DTDC,Nagpur,2025-03-26,2025-04-02,Delivered Late,5
9570,9570,Bluedart,Surat,2026-06-18,2026-06-22,Delivered,5
9571,9571,Ekart Logistics,Delhi,2025-02-15,2025-02-20,Delivered,5
9572,9572,Delhivery,Nashik,2026-03-23,2026-03-29,Delivered,6
9573,9573,Ekart Logistics,Lucknow,2025-03-23,,In Transit,3
9574,9574,DTDC,Bengaluru,2025-12-04,2025-12-08,Delivered Late,4
9575,9575,Bluedart,Kanpur,2024-03-06,2024-03-09,Delivered,3
9576,9576,Delhivery,Amritsar,2025-12-24,,In Transit,2
9577,9577,Xpressbees,Hyderabad,,,Not Shipped,4
9578,9578,Bluedart,Surat,2025-01-29,2025-02-01,Delivered,4
9579,9579,Bluedart,Bengaluru,2025-01-22,2025-01-27,Delivered Late,3
9580,9580,Ekart Logistics,Kanpur,2025-01-28,2025-02-01,Delivered,4
9581,9581,Delhivery,Hyderabad,2025-09-06,2025-09-15,Delivered Late,7
9582,9582,Xpressbees,Pune,2025-02-22,2025-02-25,Delivered,4
9583,9583,Ekart Logistics,Indore,,,Processing,4
9584,9584,DTDC,Mysuru,2026-01-29,2026-01-31,Delivered,2
9585,9585,Ekart Logistics,Bhubaneswar,2024-10-02,2024-10-04,Returned,2
9586,9586,Bluedart,Chennai,2026-02-28,2026-03-03,Delivered Late,2
9587,9587,Ekart Logistics,Ahmedabad,2025-03-19,2025-03-22,Delivered Late,2
9588,9588,Ekart Logistics,Indore,2025-11-28,2025-12-05,Delivered Late,6
9589,9589,Ecom Express,Ahmedabad,2025-08-06,2025-08-09,Delivered,4
9590,9590,Ekart Logistics,Lucknow,2025-01-04,2025-01-09,Delivered,5
9591,9591,Xpressbees,Mysuru,2025-04-10,2025-04-16,Delivered,6
9592,9592,Xpressbees,Patna,2026-02-07,2026-02-15,Delivered Late,6
9593,9593,Ekart Logistics,Delhi,2024-10-15,2024-10-19,Delivered Late,3
9594,9594,Ekart Logistics,Surat,2025-11-17,2025-11-23,Delivered Late,4
9595,9595,DTDC,Guwahati,2024-08-06,2024-08-16,Delivered Late,7
9596,9596,Ekart Logistics,Vadodara,2025-08-30,2025-09-02,Returned,4
9597,9597,Xpressbees,Chandigarh,2025-09-06,2025-09-12,Delivered Late,3
9598,9598,Xpressbees,Bhopal,2026-08-14,2026-08-16,Delivered,3
9599,9599,Ecom Express,Amritsar,2024-10-04,2024-10-08,Delivered Late,2
9600,9600,Ecom Express,Amritsar,2025-11-20,2025-11-29,Delivered Late,7
9601,9601,DTDC,Kochi,2025-04-27,2025-05-03,Delivered,7
9602,9602,Bluedart,Kochi,2025-01-09,2025-01-19,Delivered Late,7
9603,9603,Ekart Logistics,Delhi,2025-05-16,2025-05-17,Delivered,2
9604,9604,Ekart Logistics,Lucknow,2025-03-30,2025-04-01,Delivered,3
9605,9605,Delhivery,Jaipur,,,Processing,3
9606,9606,DTDC,Thiruvananthapuram,2026-06-18,2026-06-21,Delivered,4
9607,9607,DTDC,Chandigarh,2025-10-24,,In Transit,5
9608,9608,Ekart Logistics,Vadodara,2025-06-02,2025-06-09,Returned,5
9609,9609,Bluedart,Kochi,,,Not Shipped,6
9610,9610,Delhivery,Bengaluru,2026-04-26,,In Transit,4
9611,9611,Bluedart,Bengaluru,2024-11-13,2024-11-19,Delivered Late,5
9612,9612,Ekart Logistics,Kolkata,2026-07-10,2026-07-11,Delivered,2
9613,9613,Ekart Logistics,Ranchi,2026-03-21,2026-03-29,Delivered Late,7
9614,9614,Ekart Logistics,Chandigarh,2025-07-23,2025-07-27,Delivered,5
9615,9615,DTDC,Kanpur,2025-07-16,2025-07-18,Delivered,3
9616,9616,Ekart Logistics,Thiruvananthapuram,,,Not Shipped,3
9617,9617,DTDC,Mysuru,2026-03-23,2026-03-29,Delivered Late,4
9618,9618,Xpressbees,Indore,2025-07-07,2025-07-13,Delivered,7
9619,9619,DTDC,Pune,2025-05-10,2025-05-14,Delivered,4
9620,9620,Delhivery,Lucknow,2025-11-19,2025-11-23,Delivered Late,4
9621,9621,DTDC,Mysuru,2026-04-24,2026-04-27,Returned,4
9622,9622,Ekart Logistics,Patna,2026-01-11,2026-01-18,Delivered,7
9623,9623,Ecom Express,Vadodara,2026-03-10,2026-03-14,Delivered,5
9624,9624,DTDC,Chandigarh,2025-10-28,2025-11-04,Delivered,7
9625,9625,Delhivery,Mysuru,2024-07-20,2024-07-25,Delivered,6
9626,9626,Bluedart,Bhubaneswar,2025-08-05,,In Transit,6
9627,9627,Xpressbees,Hyderabad,2025-02-15,2025-02-18,Delivered Late,3
9628,9628,Bluedart,Delhi,,,Not Shipped,4
9629,9629,Bluedart,Vadodara,2024-08-08,2024-08-16,Delivered Late,6
9630,9630,DTDC,Thiruvananthapuram,2026-03-03,2026-03-06,Delivered,4
9631,9631,Xpressbees,Coimbatore,2025-09-05,2025-09-10,Returned,5
9632,9632,Delhivery,Lucknow,2026-04-01,2026-04-07,Delivered Late,5
9633,9633,DTDC,Chandigarh,,,Not Shipped,6
9634,9634,Ekart Logistics,Surat,2025-07-06,2025-07-10,Delivered Late,4
9635,9635,Xpressbees,Indore,2026-05-02,2026-05-06,Delivered Late,3
9636,9636,Xpressbees,Mumbai,2026-02-26,2026-03-01,Delivered,4
9637,9637,Bluedart,Ahmedabad,2026-05-19,,In Transit,3
9638,9638,DTDC,Ranchi,2025-10-13,2025-10-15,Delivered Late,2
9639,9639,Xpressbees,Amritsar,2026-02-16,2026-02-25,Delivered Late,7
9640,9640,Ekart Logistics,Kolkata,2026-07-26,2026-07-31,Delivered,5
9641,9641,Ekart Logistics,Delhi,2026-04-05,2026-04-08,Delivered,4
9642,9642,DTDC,Kolkata,2025-09-24,,In Transit,5
9643,9643,Ecom Express,Indore,2025-08-17,2025-08-19,Delivered,3
9644,9644,Bluedart,Bhopal,,,Not Shipped,5
9645,9645,Bluedart,Jaipur,2026-02-15,2026-02-18,Delivered,3
9646,9646,Bluedart,Nashik,2026-08-09,2026-08-15,Delivered,7
9647,9647,Delhivery,Hyderabad,2026-06-24,2026-06-26,Delivered,3
9648,9648,Xpressbees,Mumbai,2025-08-29,2025-09-02,Delivered Late,3
9649,9649,Delhivery,Pune,,,Not Shipped,2
9650,9650,Ecom Express,Pune,2025-04-17,2025-04-23,Returned,4
9651,9651,Ekart Logistics,Bengaluru,2024-08-24,2024-08-26,Delivered,2
9652,9652,Bluedart,Ahmedabad,2025-03-02,2025-03-04,Delivered,2
9653,9653,Ecom Express,Bhubaneswar,2025-10-04,2025-10-09,Delivered,6
9654,9654,Ecom Express,Kochi,2025-11-28,2025-12-03,Delivered,5
9655,9655,Ekart Logistics,Lucknow,2025-01-29,2025-02-04,Delivered,6
9656,9656,Xpressbees,Delhi,2025-11-06,,In Transit,7
9657,9657,Bluedart,Ranchi,2024-10-09,2024-10-15,Delivered,6
9658,9658,DTDC,Chandigarh,2025-08-22,2025-08-24,Delivered,3
9659,9659,DTDC,Pune,2026-06-14,2026-06-17,Delivered Late,3
9660,9660,Delhivery,Ranchi,2024-11-05,2024-11-11,Delivered,7
9661,9661,Bluedart,Ranchi,2025-08-19,2025-08-24,Delivered,6
9662,9662,Bluedart,Pune,2026-05-15,2026-05-21,Delivered,7
9663,9663,Bluedart,Pune,2026-02-06,2026-02-12,Delivered,7
9664,9664,Ekart Logistics,Vadodara,2025-08-08,2025-08-15,Delivered Late,5
9665,9665,DTDC,Hyderabad,2025-10-03,2025-10-08,Delivered,6
9666,9666,Ecom Express,Bhubaneswar,2026-02-09,2026-02-12,Delivered,4
9667,9667,Ekart Logistics,Chandigarh,2025-10-13,2025-10-21,Delivered Late,6
9668,9668,Ekart Logistics,Delhi,2025-05-30,2025-06-05,Delivered Late,6
9669,9669,Delhivery,Patna,2026-04-15,2026-04-22,Delivered,7
9670,9670,Xpressbees,Hyderabad,2026-03-03,2026-03-06,Delivered Late,2
9671,9671,Bluedart,Mumbai,2025-07-19,2025-07-26,Delivered Late,5
9672,9672,Delhivery,Delhi,2025-06-30,,In Transit,2
9673,9673,Xpressbees,Chennai,,,Processing,4
9674,9674,Ekart Logistics,Kolkata,2026-07-10,2026-07-16,Delivered,6
9675,9675,Ekart Logistics,Thiruvananthapuram,2025-12-27,2025-12-31,Delivered,5
9676,9676,Xpressbees,Vadodara,2026-07-07,2026-07-10,Delivered,4
9677,9677,Delhivery,Hyderabad,2025-08-28,2025-09-03,Delivered,6
9678,9678,Xpressbees,Thiruvananthapuram,2024-12-04,2024-12-06,Delivered,3
9679,9679,Ecom Express,Ranchi,2025-12-15,2025-12-21,Delivered,7
9680,9680,Xpressbees,Nashik,2026-04-23,2026-04-29,Delivered Late,5
9681,9681,Ecom Express,Jaipur,2026-01-24,2026-01-29,Delivered Late,3
9682,9682,Delhivery,Chennai,2025-10-11,2025-10-17,Delivered,6
9683,9683,DTDC,Jaipur,2025-11-18,2025-11-26,Delivered Late,6
9684,9684,Ecom Express,Ranchi,2025-12-07,2025-12-13,Delivered,6
9685,9685,Ecom Express,Nashik,2026-03-12,2026-03-21,Returned,7
9686,9686,Ecom Express,Pune,2026-01-15,2026-01-23,Delivered Late,5
9687,9687,Bluedart,Chandigarh,2026-01-22,2026-01-28,Delivered,7
9688,9688,Delhivery,Coimbatore,2025-11-05,2025-11-09,Delivered,4
9689,9689,Xpressbees,Kolkata,2026-07-07,2026-07-12,Delivered Late,2
9690,9690,Xpressbees,Coimbatore,2026-01-11,2026-01-15,Delivered,4
9691,9691,Bluedart,Vadodara,2026-05-26,2026-06-01,Delivered,7
9692,9692,Delhivery,Nagpur,2024-07-28,2024-08-01,Delivered,4
9693,9693,Ekart Logistics,Bengaluru,2025-04-17,,In Transit,3
9694,9694,Delhivery,Vadodara,2025-03-25,,In Transit,2
9695,9695,Bluedart,Bhopal,2026-02-14,2026-02-23,Returned,7
9696,9696,Ecom Express,Kolkata,2024-04-23,2024-04-26,Delivered,3
9697,9697,Delhivery,Coimbatore,2025-07-14,2025-07-17,Delivered,4
9698,9698,DTDC,Nagpur,,,Not Shipped,5
9699,9699,Bluedart,Vadodara,2026-03-03,,In Transit,6
9700,9700,Bluedart,Hyderabad,2025-12-24,2025-12-30,Delivered Late,3
9701,9701,Delhivery,Amritsar,2026-03-22,2026-03-25,Delivered,4
9702,9702,Ekart Logistics,Chandigarh,2026-06-11,2026-06-18,Delivered Late,6
9703,9703,Ecom Express,Ranchi,2025-08-19,,In Transit,7
9704,9704,Bluedart,Thiruvananthapuram,2026-02-04,2026-02-09,Delivered Late,5
9705,9705,Xpressbees,Delhi,2026-06-25,2026-06-27,Delivered,2
9706,9706,Bluedart,Surat,2025-06-03,2025-06-11,Delivered Late,5
9707,9707,Ecom Express,Indore,,,Processing,7
9708,9708,Ekart Logistics,Nashik,2025-12-29,2026-01-02,Delivered,5
9709,9709,Xpressbees,Chennai,2025-11-14,2025-11-19,Delivered,5
9710,9710,Delhivery,Surat,2026-06-14,2026-06-21,Delivered,7
9711,9711,Delhivery,Guwahati,2026-04-05,2026-04-09,Delivered Late,2
9712,9712,Delhivery,Jaipur,,,Not Shipped,2
9713,9713,Bluedart,Hyderabad,2025-11-16,2025-11-22,Delivered,7
9714,9714,DTDC,Hyderabad,2026-07-29,2026-08-07,Delivered Late,7
9715,9715,Bluedart,Patna,2026-01-20,2026-01-24,Delivered,5
9716,9716,Ekart Logistics,Nashik,2025-12-08,2025-12-15,Delivered,7
9717,9717,Bluedart,Mumbai,2024-07-28,2024-08-03,Delivered Late,5
9718,9718,Xpressbees,Nagpur,2025-10-20,2025-10-22,Delivered,3
9719,9719,Ecom Express,Surat,2025-04-11,2025-04-18,Delivered Late,7
9720,9720,Bluedart,Surat,2026-02-05,2026-02-09,Returned,5
9721,9721,Delhivery,Mumbai,2026-05-18,2026-05-23,Delivered,5
9722,9722,DTDC,Thiruvananthapuram,2024-11-30,2024-12-06,Delivered Late,5
9723,9723,Bluedart,Coimbatore,2025-03-24,2025-03-27,Delivered Late,3
9724,9724,DTDC,Indore,2026-06-08,,In Transit,5
9725,9725,Ecom Express,Vadodara,2024-10-23,2024-10-30,Delivered Late,5
9726,9726,Xpressbees,Bhopal,,,Not Shipped,4
9727,9727,DTDC,Nagpur,,,Not Shipped,6
9728,9728,Bluedart,Amritsar,2026-02-26,2026-03-02,Delivered Late,2
9729,9729,Ecom Express,Patna,2024-07-12,2024-07-15,Delivered,3
9730,9730,Delhivery,Guwahati,2024-01-16,2024-01-17,Delivered,2
9731,9731,Bluedart,Nashik,2026-04-12,2026-04-18,Delivered,6
9732,9732,Ecom Express,Thiruvananthapuram,2025-05-29,2025-06-02,Returned,5
9733,9733,DTDC,Nashik,,,Not Shipped,4
9734,9734,Delhivery,Indore,2026-03-29,2026-04-06,Delivered Late,6
9735,9735,Ekart Logistics,Jaipur,2024-05-27,2024-05-31,Delivered Late,4
9736,9736,Delhivery,Chandigarh,,,Processing,3
9737,9737,Ekart Logistics,Ranchi,2025-12-18,2025-12-20,Delivered,3
9738,9738,DTDC,Hyderabad,2025-04-21,2025-04-23,Delivered,2
9739,9739,Ecom Express,Bhubaneswar,2026-01-29,2026-01-30,Delivered,2
9740,9740,Ekart Logistics,Jaipur,2025-10-16,,In Transit,6
9741,9741,Delhivery,Amritsar,2025-10-14,,In Transit,2
9742,9742,DTDC,Chandigarh,2026-05-30,2026-06-05,Delivered,7
9743,9743,Bluedart,Ahmedabad,2025-07-31,2025-08-04,Delivered,4
9744,9744,Ecom Express,Nagpur,2025-02-25,2025-03-07,Delivered Late,7
9745,9745,Xpressbees,Nashik,2025-09-14,2025-09-17,Delivered,4
9746,9746,Bluedart,Amritsar,2024-04-04,2024-04-08,Delivered,5
9747,9747,Delhivery,Amritsar,2024-12-17,2024-12-19,Delivered,3
9748,9748,Xpressbees,Kanpur,2026-06-22,,In Transit,7
9749,9749,DTDC,Thiruvananthapuram,2025-03-30,2025-03-31,Delivered,2
9750,9750,Delhivery,Hyderabad,2026-06-22,2026-06-26,Delivered,5
9751,9751,Delhivery,Indore,2026-06-19,2026-06-21,Delivered,3
9752,9752,Delhivery,Bengaluru,2026-04-16,2026-04-18,Delivered,2
9753,9753,DTDC,Amritsar,,,Not Shipped,5
9754,9754,Ecom Express,Bhubaneswar,,,Not Shipped,4
9755,9755,Ekart Logistics,Kolkata,2025-03-27,2025-04-01,Delivered,5
9756,9756,Ekart Logistics,Delhi,2026-06-22,2026-06-26,Delivered Late,3
9757,9757,Delhivery,Mysuru,2024-04-02,2024-04-03,Delivered,2
9758,9758,Ekart Logistics,Hyderabad,2025-12-30,2026-01-05,Delivered Late,6
9759,9759,DTDC,Thiruvananthapuram,2025-09-02,2025-09-07,Delivered,6
9760,9760,Ekart Logistics,Mysuru,2026-06-05,2026-06-11,Delivered,6
9761,9761,Ekart Logistics,Kolkata,2025-02-10,2025-02-11,Delivered,2
9762,9762,Xpressbees,Bhopal,2024-10-04,2024-10-11,Delivered Late,5
9763,9763,Bluedart,Patna,2025-05-31,2025-06-03,Delivered,4
9764,9764,DTDC,Kochi,2025-03-31,2025-04-03,Delivered,3
9765,9765,Bluedart,Jaipur,2025-04-04,2025-04-09,Delivered,5
9766,9766,Ecom Express,Chandigarh,,,Not Shipped,3
9767,9767,Ekart Logistics,Patna,2025-10-22,2025-10-24,Delivered,3
9768,9768,Xpressbees,Chennai,2025-06-08,2025-06-15,Delivered,7
9769,9769,Ekart Logistics,Coimbatore,2026-04-22,2026-04-27,Delivered,6
9770,9770,Bluedart,Kanpur,2024-10-05,2024-10-09,Delivered Late,2
9771,9771,Ekart Logistics,Vadodara,2025-11-30,2025-12-05,Delivered,5
9772,9772,Ekart Logistics,Amritsar,2026-02-23,2026-03-04,Delivered Late,6
9773,9773,Ekart Logistics,Mysuru,2026-03-14,2026-03-16,Delivered,3
9774,9774,Ekart Logistics,Mysuru,2026-07-16,2026-07-20,Delivered,4
9775,9775,Ecom Express,Ahmedabad,2026-04-22,2026-04-25,Delivered,3
9776,9776,Bluedart,Mysuru,2025-04-28,2025-04-29,Delivered,2
9777,9777,Delhivery,Chennai,2026-03-03,2026-03-05,Delivered,3
9778,9778,DTDC,Coimbatore,2024-08-15,2024-08-23,Delivered Late,6
9779,9779,DTDC,Bengaluru,2024-08-22,2024-08-30,Delivered Late,6
9780,9780,Bluedart,Chennai,2025-03-17,2025-03-19,Delivered,2
9781,9781,Bluedart,Mumbai,2024-09-27,2024-10-01,Delivered,5
9782,9782,DTDC,Indore,2025-06-02,2025-06-09,Delivered,7
9783,9783,Ekart Logistics,Bhopal,2026-07-01,2026-07-08,Returned,7
9784,9784,Ekart Logistics,Nashik,,,Processing,5
9785,9785,Ekart Logistics,Amritsar,2026-08-01,2026-08-02,Delivered,2
9786,9786,Ekart Logistics,Bhopal,2026-02-02,2026-02-07,Delivered,5
9787,9787,Xpressbees,Mysuru,2025-12-30,2026-01-06,Delivered Late,6
9788,9788,Delhivery,Mysuru,2025-11-30,2025-12-04,Delivered,4
9789,9789,Bluedart,Amritsar,2026-06-13,2026-06-17,Delivered Late,2
9790,9790,Bluedart,Chennai,2024-11-21,2024-11-25,Returned,4
9791,9791,Delhivery,Kanpur,2024-11-29,2024-12-05,Delivered,7
9792,9792,Bluedart,Nashik,2025-03-16,2025-03-18,Delivered,3
9793,9793,Xpressbees,Nashik,2025-09-08,,In Transit,5
9794,9794,Xpressbees,Indore,2025-12-06,2025-12-09,Delivered,3
9795,9795,Ekart Logistics,Hyderabad,2025-06-07,2025-06-13,Returned,6
9796,9796,Ecom Express,Coimbatore,,,Not Shipped,5
9797,9797,Ecom Express,Surat,2025-10-25,2025-10-26,Delivered,2
9798,9798,Delhivery,Mumbai,2025-11-16,2025-11-17,Delivered,2
9799,9799,Xpressbees,Indore,,,Not Shipped,6
9800,9800,Ekart Logistics,Chennai,2024-09-21,2024-09-25,Delivered Late,4
9801,9801,Bluedart,Kochi,2026-03-10,2026-03-15,Returned,4
9802,9802,Ecom Express,Mysuru,2026-03-29,2026-04-05,Delivered Late,6
9803,9803,Delhivery,Nashik,2025-04-19,2025-04-21,Delivered Late,2
9804,9804,Ekart Logistics,Ahmedabad,2025-12-14,2025-12-18,Delivered,5
9805,9805,Delhivery,Nagpur,2025-07-24,2025-07-31,Delivered Late,6
9806,9806,Xpressbees,Pune,,,Processing,6
9807,9807,Ekart Logistics,Vadodara,2025-07-14,2025-07-21,Delivered,7
9808,9808,DTDC,Jaipur,2024-04-29,2024-05-03,Delivered Late,3
9809,9809,Ekart Logistics,Ranchi,2024-05-28,2024-06-03,Delivered Late,5
9810,9810,DTDC,Kanpur,2025-01-24,2025-01-31,Delivered Late,7
9811,9811,Ecom Express,Pune,2025-09-16,2025-09-21,Delivered,5
9812,9812,Xpressbees,Nashik,2023-11-23,2023-12-01,Delivered Late,6
9813,9813,Xpressbees,Kochi,2025-05-04,2025-05-08,Delivered,4
9814,9814,Ecom Express,Mumbai,2026-03-29,2026-04-03,Delivered Late,4
9815,9815,Delhivery,Amritsar,2026-01-03,2026-01-11,Delivered Late,6
9816,9816,Ecom Express,Amritsar,2026-04-03,2026-04-10,Returned,7
9817,9817,DTDC,Surat,2025-06-05,2025-06-12,Delivered,7
9818,9818,Ecom Express,Ranchi,,,Processing,4
9819,9819,Bluedart,Indore,2026-01-11,2026-01-18,Delivered Late,5
9820,9820,Xpressbees,Chennai,2026-06-19,2026-06-26,Delivered,7
9821,9821,Xpressbees,Pune,2026-02-20,2026-02-24,Delivered,5
9822,9822,Bluedart,Bengaluru,2025-11-03,2025-11-10,Delivered Late,7
9823,9823,Ecom Express,Amritsar,2026-04-03,,In Transit,6
9824,9824,Ekart Logistics,Indore,2026-08-17,2026-08-24,Delivered Late,7
9825,9825,DTDC,Mumbai,2025-11-05,2025-11-09,Delivered,4
9826,9826,Xpressbees,Coimbatore,2025-02-11,2025-02-16,Delivered,6
9827,9827,Ekart Logistics,Bhopal,2025-03-21,2025-03-22,Delivered,2
9828,9828,Ekart Logistics,Surat,,,Processing,6
9829,9829,Ecom Express,Bengaluru,2024-10-22,2024-10-28,Delivered Late,4
9830,9830,Xpressbees,Mumbai,2025-01-05,2025-01-11,Delivered,6
9831,9831,Ecom Express,Chandigarh,,,Not Shipped,5
9832,9832,Xpressbees,Amritsar,2026-06-05,2026-06-10,Delivered Late,3
9833,9833,Delhivery,Ranchi,2024-07-08,2024-07-11,Delivered,4
9834,9834,Ekart Logistics,Ranchi,2026-08-18,2026-08-24,Delivered,6
9835,9835,Delhivery,Kolkata,2025-07-01,2025-07-08,Delivered,7
9836,9836,Ekart Logistics,Ranchi,2025-08-13,2025-08-17,Delivered,5
9837,9837,DTDC,Jaipur,2026-02-11,2026-02-17,Returned,6
9838,9838,Xpressbees,Mysuru,2026-02-08,2026-02-17,Delivered Late,7
9839,9839,Ecom Express,Coimbatore,2024-05-19,2024-05-23,Returned,3
9840,9840,Bluedart,Amritsar,2025-08-29,,In Transit,2
9841,9841,DTDC,Guwahati,2025-03-06,2025-03-08,Delivered,3
9842,9842,Ekart Logistics,Nagpur,,,Processing,5
9843,9843,DTDC,Ranchi,2026-06-26,2026-06-28,Delivered,2
9844,9844,Ecom Express,Jaipur,2025-12-07,2025-12-11,Delivered,5
9845,9845,DTDC,Nagpur,2024-04-04,2024-04-07,Delivered Late,3
9846,9846,Xpressbees,Kanpur,2025-11-17,2025-11-20,Delivered Late,3
9847,9847,Xpressbees,Pune,2024-12-07,2024-12-14,Delivered Late,6
9848,9848,Bluedart,Ranchi,2025-06-17,2025-06-23,Delivered,6
9849,9849,Xpressbees,Thiruvananthapuram,2026-01-21,2026-01-24,Delivered,4
9850,9850,Ecom Express,Bengaluru,2026-04-10,2026-04-11,Delivered,2
9851,9851,Bluedart,Nashik,2026-07-22,2026-07-27,Returned,4
9852,9852,Ekart Logistics,Guwahati,2025-07-10,2025-07-11,Delivered,2
9853,9853,Bluedart,Nashik,2025-05-15,2025-05-17,Delivered,3
9854,9854,Xpressbees,Kochi,2025-11-26,2025-12-02,Delivered,6
9855,9855,Bluedart,Patna,2025-05-21,2025-05-27,Delivered Late,5
9856,9856,Ekart Logistics,Ranchi,,,Not Shipped,3
9857,9857,Delhivery,Bengaluru,2024-10-28,2024-11-01,Delivered,4
9858,9858,DTDC,Bhopal,2025-10-20,2025-10-25,Delivered,5
9859,9859,Ekart Logistics,Indore,2025-06-14,2025-06-21,Delivered,7
9860,9860,Bluedart,Guwahati,2026-06-20,2026-06-24,Delivered,5
9861,9861,Ecom Express,Bhopal,2026-08-10,2026-08-12,Delivered,3
9862,9862,Delhivery,Bengaluru,2025-12-23,2025-12-26,Delivered,3
9863,9863,Delhivery,Vadodara,2025-05-09,2025-05-15,Delivered,7
9864,9864,Xpressbees,Chennai,,,Not Shipped,3
9865,9865,DTDC,Amritsar,2025-10-08,,In Transit,6
9866,9866,DTDC,Chandigarh,2024-08-29,2024-08-31,Returned,2
9867,9867,Bluedart,Vadodara,2025-08-31,2025-09-06,Delivered,7
9868,9868,Ecom Express,Nashik,2024-09-27,,In Transit,7
9869,9869,Ekart Logistics,Ahmedabad,2026-03-15,2026-03-17,Delivered,3
9870,9870,Ecom Express,Mumbai,2026-04-18,2026-04-20,Delivered,2
9871,9871,Ecom Express,Ranchi,2026-08-05,2026-08-11,Delivered,7
9872,9872,Delhivery,Pune,2025-03-20,2025-03-28,Delivered Late,7
9873,9873,DTDC,Kolkata,2026-07-29,2026-08-01,Delivered Late,2
9874,9874,Ekart Logistics,Nashik,2025-12-28,2025-12-29,Delivered,2
9875,9875,Ecom Express,Ahmedabad,,,Not Shipped,4
9876,9876,Delhivery,Chennai,2023-12-09,2023-12-12,Delivered,4
9877,9877,Bluedart,Guwahati,2026-06-09,2026-06-13,Delivered,5
9878,9878,Ekart Logistics,Amritsar,2025-05-22,2025-05-28,Delivered Late,5
9879,9879,Bluedart,Mumbai,2025-09-03,2025-09-05,Delivered,2
9880,9880,Bluedart,Mysuru,2026-02-26,2026-03-04,Delivered,7
9881,9881,Xpressbees,Amritsar,2024-07-01,2024-07-05,Delivered,5
9882,9882,DTDC,Nashik,2025-06-05,2025-06-15,Delivered Late,7
9883,9883,Xpressbees,Amritsar,2025-11-22,2025-11-23,Delivered,2
9884,9884,Delhivery,Chandigarh,2025-06-07,2025-06-09,Delivered,3
9885,9885,Bluedart,Hyderabad,2024-08-14,2024-08-20,Returned,3
9886,9886,Xpressbees,Surat,2025-08-12,2025-08-14,Delivered,3
9887,9887,Ecom Express,Patna,2026-02-19,2026-02-23,Delivered Late,3
9888,9888,Bluedart,Delhi,2026-08-05,2026-08-13,Delivered Late,7
9889,9889,Delhivery,Nashik,2025-04-22,2025-04-25,Delivered,4
9890,9890,Xpressbees,Jaipur,2025-11-03,2025-11-06,Returned,2
9891,9891,DTDC,Coimbatore,2026-04-04,2026-04-10,Delivered Late,5
9892,9892,Bluedart,Mumbai,2024-08-22,2024-08-29,Delivered Late,6
9893,9893,Ekart Logistics,Kanpur,2026-05-27,2026-06-03,Delivered,7
9894,9894,Ekart Logistics,Lucknow,2025-12-28,2025-12-30,Delivered,2
9895,9895,Bluedart,Guwahati,2025-10-15,2025-10-19,Delivered,5
9896,9896,Delhivery,Nagpur,2024-07-29,2024-08-03,Delivered,6
9897,9897,Bluedart,Kochi,2025-10-15,2025-10-20,Delivered,5
9898,9898,Ekart Logistics,Jaipur,2025-11-25,2025-12-03,Delivered Late,7
9899,9899,Delhivery,Ahmedabad,,,Not Shipped,4
9900,9900,Ecom Express,Nagpur,2024-09-24,2024-10-01,Delivered Late,6
9901,9901,Ekart Logistics,Bhubaneswar,2025-09-17,,In Transit,6
9902,9902,Ekart Logistics,Pune,2026-05-03,2026-05-09,Delivered,6
9903,9903,Bluedart,Delhi,2025-08-13,2025-08-17,Delivered,4
9904,9904,Ecom Express,Ranchi,,,Not Shipped,6
9905,9905,DTDC,Amritsar,2025-06-07,2025-06-08,Delivered,2
9906,9906,Bluedart,Hyderabad,2026-05-23,2026-05-25,Returned,2
9907,9907,Xpressbees,Kolkata,,,Processing,4
9908,9908,Bluedart,Chennai,2026-07-13,2026-07-16,Delivered Late,3
9909,9909,Ekart Logistics,Kolkata,,,Not Shipped,5
9910,9910,DTDC,Ahmedabad,,,Not Shipped,2
9911,9911,Bluedart,Jaipur,2024-12-31,2025-01-05,Delivered Late,3
9912,9912,Ekart Logistics,Ahmedabad,2025-07-11,2025-07-15,Delivered Late,2
9913,9913,Bluedart,Surat,2025-12-31,2026-01-02,Delivered,2
9914,9914,Bluedart,Amritsar,2025-10-06,2025-10-12,Delivered,6
9915,9915,DTDC,Jaipur,2026-01-23,2026-01-27,Delivered,5
9916,9916,Bluedart,Ahmedabad,2025-08-24,2025-08-29,Delivered Late,5
9917,9917,Xpressbees,Ahmedabad,2026-04-23,2026-04-26,Delivered,3
9918,9918,Ecom Express,Nashik,2026-03-19,2026-03-23,Delivered,5
9919,9919,DTDC,Patna,,,Not Shipped,3
9920,9920,Bluedart,Mumbai,2026-08-07,2026-08-11,Delivered,4
9921,9921,Xpressbees,Patna,2025-12-08,2025-12-15,Delivered,7
9922,9922,Delhivery,Pune,2025-12-26,2025-12-28,Returned,3
9923,9923,Ecom Express,Pune,2026-01-02,2026-01-07,Delivered,5
9924,9924,Delhivery,Surat,2026-03-22,2026-03-24,Delivered,2
9925,9925,Xpressbees,Surat,,,Processing,7
9926,9926,DTDC,Jaipur,2025-12-05,2025-12-11,Delivered Late,5
9927,9927,Ecom Express,Indore,2025-04-29,2025-05-04,Delivered,6
9928,9928,Delhivery,Surat,2025-05-07,2025-05-12,Delivered,6
9929,9929,Ekart Logistics,Bhubaneswar,2025-08-23,2025-08-29,Delivered,6
9930,9930,DTDC,Pune,2025-10-29,2025-10-31,Delivered,2
9931,9931,Xpressbees,Kolkata,2024-09-22,2024-09-27,Delivered Late,3
9932,9932,Delhivery,Amritsar,2025-04-03,2025-04-06,Delivered,4
9933,9933,Bluedart,Nashik,2025-11-15,2025-11-17,Delivered,2
9934,9934,Delhivery,Bengaluru,2026-06-19,,In Transit,3
9935,9935,Ekart Logistics,Mysuru,2025-09-29,2025-10-05,Delivered,7
9936,9936,Bluedart,Delhi,,,Not Shipped,4
9937,9937,Bluedart,Lucknow,2026-05-09,2026-05-13,Delivered,5
9938,9938,Ekart Logistics,Indore,2026-06-01,,In Transit,4
9939,9939,Delhivery,Ranchi,2025-09-03,2025-09-06,Delivered,4
9940,9940,Bluedart,Jaipur,2026-01-12,2026-01-21,Delivered Late,7
9941,9941,Ecom Express,Kolkata,2026-06-06,,In Transit,4
9942,9942,Ekart Logistics,Bhopal,2025-11-20,2025-11-25,Delivered,5
9943,9943,Delhivery,Chennai,2025-08-17,2025-08-21,Delivered,5
9944,9944,Bluedart,Lucknow,2025-12-07,2025-12-12,Delivered Late,2
9945,9945,Ecom Express,Kochi,2024-04-05,2024-04-10,Delivered,6
9946,9946,Ecom Express,Ahmedabad,2024-12-30,2025-01-01,Delivered Late,2
9947,9947,DTDC,Jaipur,2025-12-08,,In Transit,2
9948,9948,Ecom Express,Chandigarh,2026-05-25,,In Transit,4
9949,9949,Delhivery,Ranchi,2025-10-07,2025-10-10,Delivered,4
9950,9950,Ecom Express,Indore,2024-07-17,2024-07-24,Delivered,7
9951,9951,Ekart Logistics,Pune,2026-08-18,2026-08-26,Delivered Late,5
9952,9952,Bluedart,Surat,2026-01-16,2026-01-23,Delivered Late,5
9953,9953,Ekart Logistics,Coimbatore,2025-04-18,2025-04-21,Delivered Late,2
9954,9954,Delhivery,Kochi,2025-11-23,,In Transit,4
9955,9955,DTDC,Surat,,,Not Shipped,7
9956,9956,Bluedart,Kolkata,2026-03-17,2026-03-23,Delivered,7
9957,9957,Xpressbees,Kochi,2024-03-27,2024-03-31,Delivered,4
9958,9958,Bluedart,Kanpur,2026-03-28,2026-03-31,Delivered,3
9959,9959,Xpressbees,Hyderabad,2025-02-15,2025-02-19,Delivered,5
9960,9960,Bluedart,Surat,2026-02-15,2026-02-22,Delivered,7
9961,9961,Xpressbees,Lucknow,2026-07-01,2026-07-06,Delivered Late,5
9962,9962,Ekart Logistics,Hyderabad,2025-07-11,,In Transit,3
9963,9963,Bluedart,Bhopal,2026-02-10,2026-02-13,Delivered,4
9964,9964,Bluedart,Patna,2025-08-31,2025-09-07,Delivered Late,6
9965,9965,Ekart Logistics,Chennai,2026-01-22,2026-01-29,Delivered Late,5
9966,9966,Bluedart,Ahmedabad,2026-01-14,2026-01-16,Delivered,2
9967,9967,Bluedart,Kolkata,2025-07-06,,In Transit,3
9968,9968,Ecom Express,Hyderabad,2026-08-19,2026-08-21,Delivered,2
9969,9969,Xpressbees,Mysuru,2024-11-03,2024-11-08,Delivered,5
9970,9970,Ecom Express,Amritsar,2025-08-17,2025-08-20,Delivered,3
9971,9971,Delhivery,Pune,2026-02-25,2026-03-04,Delivered,7
9972,9972,DTDC,Nagpur,2024-12-28,2025-01-02,Delivered,5
9973,9973,Delhivery,Hyderabad,,,Not Shipped,2
9974,9974,Ecom Express,Kolkata,2024-09-26,2024-10-02,Delivered,7
9975,9975,Delhivery,Delhi,2025-08-26,2025-09-03,Delivered Late,7
9976,9976,Bluedart,Ahmedabad,2025-07-22,2025-07-30,Returned,6
9977,9977,Ecom Express,Delhi,2025-12-30,2026-01-01,Delivered,2
9978,9978,DTDC,Kanpur,2025-08-18,,In Transit,6
9979,9979,Bluedart,Nashik,2026-06-04,2026-06-10,Returned,6
9980,9980,Delhivery,Chennai,2025-06-19,2025-06-25,Delivered Late,5
9981,9981,DTDC,Kochi,,,Not Shipped,3
9982,9982,Ecom Express,Thiruvananthapuram,2024-12-29,2025-01-04,Returned,5
9983,9983,Ekart Logistics,Vadodara,2025-01-23,2025-01-27,Delivered,4
9984,9984,DTDC,Kochi,2026-01-23,2026-01-26,Delivered,4
9985,9985,Delhivery,Bhopal,2026-01-13,2026-01-18,Delivered Late,3
9986,9986,Ecom Express,Chandigarh,2026-05-16,2026-05-19,Delivered,3
9987,9987,Xpressbees,Nagpur,2025-08-14,2025-08-16,Delivered,2
9988,9988,Bluedart,Kanpur,2026-08-16,2026-08-17,Delivered,2
9989,9989,Ekart Logistics,Delhi,,,Not Shipped,2
9990,9990,Ecom Express,Amritsar,2026-01-30,2026-02-04,Delivered Late,3
9991,9991,DTDC,Thiruvananthapuram,2026-04-21,2026-04-29,Delivered Late,6
9992,9992,Delhivery,Nashik,2026-02-14,2026-02-18,Delivered,5
9993,9993,Delhivery,Surat,2024-03-04,2024-03-10,Delivered,6
9994,9994,Ekart Logistics,Nagpur,2026-01-19,2026-01-24,Delivered,5
9995,9995,Xpressbees,Nagpur,2026-05-10,2026-05-12,Delivered Late,2
9996,9996,Xpressbees,Mumbai,2025-10-22,2025-10-26,Delivered Late,4
9997,9997,Ecom Express,Patna,2025-10-01,2025-10-07,Delivered,6
9998,9998,Delhivery,Amritsar,2026-02-23,2026-02-27,Delivered Late,2
9999,9999,Ecom Express,Kochi,2025-03-08,2025-03-15,Delivered Late,6
10000,10000,Delhivery,Delhi,2026-04-05,2026-04-07,Delivered,3
10001,10001,Ekart Logistics,Coimbatore,2025-07-20,2025-07-26,Delivered,7
10002,10002,Bluedart,Chennai,2026-05-09,2026-05-14,Delivered,6
10003,10003,Ekart Logistics,Guwahati,2026-03-30,2026-04-02,Delivered,4
10004,10004,Ekart Logistics,Coimbatore,2026-03-05,2026-03-11,Delivered,6
10005,10005,DTDC,Kanpur,2025-06-27,2025-07-01,Delivered,5
10006,10006,DTDC,Surat,2026-06-02,2026-06-06,Delivered Late,4
10007,10007,Ecom Express,Patna,2025-01-16,2025-01-23,Delivered,7
10008,10008,Ecom Express,Nagpur,2025-09-03,2025-09-06,Delivered,3
10009,10009,Ecom Express,Bhopal,2026-05-24,2026-06-01,Delivered Late,6
10010,10010,DTDC,Hyderabad,2025-03-30,2025-04-07,Delivered Late,7
10011,10011,Bluedart,Chandigarh,2025-11-13,2025-11-20,Delivered,7
10012,10012,Ekart Logistics,Patna,,,Not Shipped,7
10013,10013,Xpressbees,Kanpur,,,Not Shipped,2
10014,10014,Ekart Logistics,Bengaluru,,,Processing,2
10015,10015,DTDC,Jaipur,2026-01-06,2026-01-13,Delivered,7
10016,10016,Bluedart,Coimbatore,2024-04-08,2024-04-09,Delivered,2
10017,10017,Bluedart,Bengaluru,2026-02-19,2026-02-25,Delivered,6
10018,10018,Ecom Express,Thiruvananthapuram,2025-07-06,2025-07-13,Delivered,7
10019,10019,Ekart Logistics,Lucknow,2025-09-30,2025-10-05,Delivered,6
10020,10020,Xpressbees,Hyderabad,2025-08-16,,In Transit,2
10021,10021,Delhivery,Nagpur,2025-07-10,2025-07-13,Delivered Late,3
10022,10022,Xpressbees,Coimbatore,2025-09-24,2025-09-26,Delivered,3
10023,10023,Xpressbees,Guwahati,2025-01-05,2025-01-07,Delivered Late,2
10024,10024,Xpressbees,Nashik,2026-05-08,2026-05-14,Delivered Late,5
10025,10025,Ecom Express,Guwahati,,,Not Shipped,4
10026,10026,Delhivery,Coimbatore,2026-01-11,2026-01-14,Delivered,4
10027,10027,Bluedart,Ranchi,2024-08-10,2024-08-12,Delivered,3
10028,10028,Ekart Logistics,Amritsar,2025-09-17,2025-09-22,Delivered Late,5
10029,10029,Ekart Logistics,Lucknow,2025-06-21,2025-06-26,Returned,5
10030,10030,DTDC,Ranchi,,,Not Shipped,2
10031,10031,Bluedart,Patna,2025-04-04,2025-04-12,Delivered Late,7
10032,10032,Xpressbees,Ranchi,2025-09-11,2025-09-13,Delivered,2
10033,10033,Ekart Logistics,Jaipur,2026-06-17,2026-06-22,Delivered Late,3
10034,10034,DTDC,Bhopal,2025-01-13,2025-01-17,Returned,2
10035,10035,Xpressbees,Indore,2026-03-25,2026-03-30,Delivered,5
10036,10036,Xpressbees,Indore,2026-02-18,2026-02-21,Delivered,3
10037,10037,Ecom Express,Jaipur,2025-12-13,2025-12-18,Delivered,5
10038,10038,Bluedart,Nashik,2026-01-30,2026-02-01,Delivered,2
10039,10039,Ekart Logistics,Kolkata,,,Processing,6
10040,10040,Ekart Logistics,Chennai,2025-11-03,2025-11-05,Delivered,3
10041,10041,Ekart Logistics,Delhi,2025-12-16,2025-12-21,Delivered,5
10042,10042,Xpressbees,Patna,2024-09-02,2024-09-07,Delivered Late,4
10043,10043,DTDC,Surat,2024-12-14,2024-12-20,Delivered Late,4
10044,10044,Bluedart,Chandigarh,2026-02-04,2026-02-10,Delivered Late,4
10045,10045,Xpressbees,Mumbai,2025-04-07,2025-04-12,Delivered Late,4
10046,10046,DTDC,Hyderabad,2025-08-19,2025-08-24,Delivered,6
10047,10047,Delhivery,Kanpur,2026-04-13,2026-04-18,Delivered Late,4
10048,10048,Bluedart,Bhopal,2026-04-16,2026-04-22,Delivered,6
10049,10049,Ekart Logistics,Lucknow,2025-09-04,2025-09-07,Delivered,4
10050,10050,Xpressbees,Kolkata,2026-03-10,2026-03-17,Delivered,7
10051,10051,Bluedart,Pune,2024-01-04,2024-01-09,Delivered Late,2
10052,10052,Ecom Express,Ranchi,2026-06-01,2026-06-04,Delivered,3
10053,10053,Bluedart,Guwahati,,,Processing,7
10054,10054,Delhivery,Bengaluru,2024-06-14,2024-06-24,Delivered Late,7
10055,10055,DTDC,Vadodara,2025-12-17,2025-12-24,Delivered,7
10056,10056,DTDC,Jaipur,2025-01-05,2025-01-11,Delivered Late,5
10057,10057,Bluedart,Hyderabad,2025-05-07,2025-05-12,Delivered,5
10058,10058,Ecom Express,Amritsar,2026-03-25,2026-03-31,Delivered,6
10059,10059,DTDC,Bhubaneswar,2025-10-04,2025-10-09,Delivered,6
10060,10060,DTDC,Ranchi,2025-06-25,2025-07-03,Delivered Late,6
10061,10061,Ekart Logistics,Coimbatore,2025-06-04,2025-06-11,Delivered,7
10062,10062,Ecom Express,Guwahati,2024-05-22,2024-05-25,Delivered Late,3
10063,10063,Xpressbees,Vadodara,2026-01-14,2026-01-20,Delivered Late,3
10064,10064,Bluedart,Nagpur,2026-04-03,2026-04-06,Delivered Late,2
10065,10065,Bluedart,Vadodara,2025-07-21,2025-07-25,Delivered Late,4
10066,10066,Bluedart,Mysuru,2024-09-03,2024-09-04,Delivered,2
10067,10067,Ecom Express,Surat,2025-11-06,,In Transit,7
10068,10068,Ekart Logistics,Surat,,,Not Shipped,4
10069,10069,DTDC,Ranchi,2026-07-10,2026-07-15,Delivered Late,4
10070,10070,Bluedart,Vadodara,2025-11-09,2025-11-17,Delivered Late,7
10071,10071,Xpressbees,Pune,2025-06-03,2025-06-05,Delivered Late,2
10072,10072,Ekart Logistics,Mumbai,2025-09-28,2025-10-07,Delivered Late,7
10073,10073,Ekart Logistics,Coimbatore,2026-08-13,2026-08-20,Delivered Late,6
10074,10074,Delhivery,Chennai,2025-01-19,2025-01-24,Delivered,6
10075,10075,Bluedart,Vadodara,2026-05-20,2026-05-23,Delivered,3
10076,10076,Ekart Logistics,Guwahati,2026-01-29,2026-01-30,Delivered,2
10077,10077,Bluedart,Nagpur,2025-06-14,2025-06-16,Delivered,3
10078,10078,Bluedart,Pune,2026-01-06,2026-01-08,Delivered,3
10079,10079,Bluedart,Coimbatore,2026-07-08,2026-07-14,Delivered Late,4
10080,10080,Ekart Logistics,Ranchi,,,Not Shipped,3
10081,10081,Bluedart,Bengaluru,2024-09-13,2024-09-21,Delivered Late,7
10082,10082,Ecom Express,Jaipur,2025-05-12,2025-05-15,Delivered,4
10083,10083,Ekart Logistics,Coimbatore,,,Not Shipped,4
10084,10084,Delhivery,Surat,2026-01-08,2026-01-10,Delivered,3
10085,10085,DTDC,Jaipur,2025-07-18,2025-07-23,Delivered Late,3
10086,10086,DTDC,Ahmedabad,,,Not Shipped,3
10087,10087,DTDC,Amritsar,2026-06-03,,In Transit,5
10088,10088,DTDC,Bhopal,2025-05-13,,In Transit,5
10089,10089,Bluedart,Jaipur,2025-11-20,2025-11-25,Delivered,6
10090,10090,Ecom Express,Nagpur,2026-02-03,2026-02-08,Delivered Late,3
10091,10091,Xpressbees,Surat,2026-06-10,2026-06-12,Delivered,3
10092,10092,Xpressbees,Pune,2025-12-08,2025-12-16,Delivered Late,7
10093,10093,Xpressbees,Amritsar,2025-12-27,2025-12-31,Delivered,5
10094,10094,DTDC,Kolkata,2026-05-18,2026-05-23,Delivered,5
10095,10095,Xpressbees,Bhubaneswar,2025-10-18,2025-10-20,Delivered Late,2
10096,10096,Bluedart,Delhi,2026-03-04,2026-03-07,Delivered Late,3
10097,10097,Bluedart,Nagpur,2024-05-04,2024-05-06,Delivered,2
10098,10098,DTDC,Kanpur,2025-08-31,2025-09-05,Delivered,6
10099,10099,Bluedart,Amritsar,2025-03-03,2025-03-07,Delivered Late,3
10100,10100,Ecom Express,Amritsar,2026-08-08,2026-08-12,Delivered,4
10101,10101,Ekart Logistics,Nagpur,2026-06-23,2026-06-30,Delivered,7
10102,10102,Ecom Express,Amritsar,2026-05-02,2026-05-06,Delivered,4
10103,10103,Ecom Express,Chandigarh,2025-03-24,2025-03-26,Delivered,3
10104,10104,Delhivery,Mumbai,,,Not Shipped,5
10105,10105,Xpressbees,Jaipur,2025-10-26,2025-10-30,Delivered,5
10106,10106,Delhivery,Pune,2025-07-09,2025-07-13,Delivered,5
10107,10107,Ecom Express,Jaipur,2025-01-18,2025-01-22,Delivered,4
10108,10108,Delhivery,Lucknow,2025-04-23,2025-04-29,Delivered,6
10109,10109,Xpressbees,Nagpur,2026-03-03,2026-03-09,Delivered,6
10110,10110,DTDC,Delhi,2026-05-18,2026-05-22,Delivered Late,3
10111,10111,DTDC,Nashik,2025-05-17,2025-05-21,Delivered Late,2
10112,10112,Delhivery,Coimbatore,2026-04-18,2026-04-24,Delivered,7
10113,10113,Ecom Express,Bengaluru,2025-07-03,2025-07-07,Returned,4
10114,10114,Ecom Express,Coimbatore,2024-11-06,2024-11-09,Delivered,3
10115,10115,DTDC,Mumbai,2026-08-02,2026-08-10,Delivered Late,7
10116,10116,Delhivery,Thiruvananthapuram,2025-06-25,2025-06-27,Delivered,2
10117,10117,Delhivery,Thiruvananthapuram,2025-08-06,2025-08-10,Delivered,4
10118,10118,Xpressbees,Indore,,,Not Shipped,5
10119,10119,Ekart Logistics,Chennai,2025-11-30,2025-12-02,Delivered Late,2
10120,10120,Ekart Logistics,Vadodara,2025-09-25,2025-10-01,Delivered,6
10121,10121,Bluedart,Kolkata,2025-09-18,2025-09-26,Returned,7
10122,10122,Ecom Express,Coimbatore,2026-07-20,2026-07-22,Delivered,3
10123,10123,Delhivery,Hyderabad,2026-04-27,2026-05-03,Delivered,7
10124,10124,Xpressbees,Pune,2025-07-05,2025-07-10,Delivered Late,5
10125,10125,Ekart Logistics,Amritsar,2026-07-30,2026-08-05,Delivered Late,5
10126,10126,DTDC,Vadodara,2025-10-07,2025-10-10,Delivered,3
10127,10127,Xpressbees,Patna,2025-10-23,,In Transit,3
10128,10128,Ekart Logistics,Mumbai,,,Not Shipped,5
10129,10129,Ecom Express,Pune,2025-10-02,2025-10-06,Delivered Late,3
10130,10130,Ecom Express,Nashik,2025-08-06,,In Transit,5
10131,10131,Ekart Logistics,Bhopal,2026-03-27,2026-03-31,Delivered Late,3
10132,10132,Xpressbees,Ranchi,2025-09-24,2025-09-28,Delivered,5
10133,10133,Delhivery,Hyderabad,2025-08-25,2025-08-30,Delivered,5
10134,10134,Ecom Express,Nashik,2025-09-07,2025-09-12,Delivered,5
10135,10135,Ecom Express,Kochi,2025-12-08,2025-12-15,Delivered Late,7
10136,10136,Bluedart,Nashik,2025-11-11,2025-11-17,Returned,6
10137,10137,Delhivery,Coimbatore,2024-06-30,2024-07-02,Delivered,2
10138,10138,DTDC,Hyderabad,2026-01-31,2026-02-07,Delivered,7
10139,10139,Xpressbees,Ranchi,2025-07-26,2025-07-31,Delivered Late,4
10140,10140,Delhivery,Lucknow,2026-05-29,2026-05-31,Delivered,3
10141,10141,Delhivery,Mysuru,2024-05-09,2024-05-15,Returned,6
10142,10142,Bluedart,Amritsar,2024-10-18,2024-10-23,Delivered,6
10143,10143,Xpressbees,Kolkata,2025-10-24,2025-10-29,Delivered Late,3
10144,10144,DTDC,Amritsar,2024-12-09,2024-12-14,Delivered Late,4
10145,10145,Delhivery,Mysuru,2025-05-14,2025-05-18,Delivered Late,3
10146,10146,Xpressbees,Thiruvananthapuram,2026-02-25,2026-03-05,Delivered Late,7
10147,10147,Delhivery,Coimbatore,2026-02-09,2026-02-14,Returned,3
10148,10148,Ecom Express,Lucknow,2026-08-12,,In Transit,2
10149,10149,Ecom Express,Chennai,2024-07-24,2024-07-31,Delivered,7
10150,10150,Bluedart,Thiruvananthapuram,,,Processing,3
10151,10151,Ecom Express,Thiruvananthapuram,2025-11-30,2025-12-06,Delivered Late,4
10152,10152,DTDC,Lucknow,2025-01-03,2025-01-07,Delivered Late,4
10153,10153,Xpressbees,Kochi,2025-09-04,2025-09-05,Delivered,2
10154,10154,Bluedart,Mysuru,,,Not Shipped,4
10155,10155,Ecom Express,Kanpur,2025-09-09,2025-09-17,Delivered Late,7
10156,10156,Bluedart,Chandigarh,2026-02-01,2026-02-05,Delivered Late,3
10157,10157,Bluedart,Lucknow,2026-07-27,,In Transit,3
10158,10158,Ekart Logistics,Jaipur,2023-12-23,2023-12-29,Delivered,6
10159,10159,Bluedart,Mumbai,2026-04-15,2026-04-24,Returned,6
10160,10160,Ecom Express,Mysuru,2025-09-25,,In Transit,2
10161,10161,Xpressbees,Mumbai,2026-05-31,2026-06-03,Delivered,3
10162,10162,Ecom Express,Surat,2026-08-11,2026-08-14,Delivered Late,2
10163,10163,DTDC,Hyderabad,2026-01-03,2026-01-06,Delivered,4
10164,10164,Bluedart,Kochi,2025-11-26,,In Transit,5
10165,10165,Bluedart,Bhopal,2025-10-02,2025-10-06,Delivered Late,3
10166,10166,DTDC,Nagpur,2026-02-05,2026-02-08,Delivered,4
10167,10167,DTDC,Vadodara,2025-07-26,2025-07-27,Delivered,2
10168,10168,Ekart Logistics,Bengaluru,2025-10-05,2025-10-13,Delivered Late,7
10169,10169,Delhivery,Kolkata,2025-07-18,2025-07-21,Delivered Late,2
10170,10170,Ecom Express,Bhubaneswar,2026-04-06,2026-04-09,Delivered,4
10171,10171,DTDC,Chandigarh,2025-02-21,2025-02-27,Delivered,6
10172,10172,Ekart Logistics,Amritsar,2025-08-07,2025-08-13,Delivered,7
10173,10173,Ecom Express,Kochi,2026-03-26,2026-03-29,Delivered,4
10174,10174,Bluedart,Kolkata,2026-06-14,2026-06-22,Delivered Late,7
10175,10175,Ekart Logistics,Vadodara,,,Not Shipped,3
10176,10176,Ecom Express,Chennai,2025-06-27,2025-06-29,Returned,2
10177,10177,Bluedart,Bhopal,2026-01-14,,In Transit,3
10178,10178,Xpressbees,Indore,2024-11-04,2024-11-12,Delivered Late,5
10179,10179,DTDC,Bhopal,2026-05-06,2026-05-09,Delivered,4
10180,10180,Ecom Express,Jaipur,,,Not Shipped,7
10181,10181,Delhivery,Chandigarh,2025-07-10,2025-07-12,Delivered,3
10182,10182,DTDC,Hyderabad,2026-04-07,2026-04-12,Delivered,5
10183,10183,Bluedart,Jaipur,,,Not Shipped,6
10184,10184,Ekart Logistics,Kochi,2024-09-21,2024-09-26,Delivered,5
10185,10185,Bluedart,Nagpur,2024-09-12,2024-09-17,Returned,4
10186,10186,Ecom Express,Bhubaneswar,2025-10-10,2025-10-17,Delivered Late,6
10187,10187,Delhivery,Mysuru,2025-08-24,2025-09-01,Delivered Late,6
10188,10188,Delhivery,Amritsar,2024-07-18,2024-07-25,Delivered,7
10189,10189,Xpressbees,Guwahati,2025-09-08,2025-09-15,Delivered Late,6
10190,10190,DTDC,Delhi,2026-05-22,2026-05-27,Delivered,5
10191,10191,Ecom Express,Nashik,2026-01-17,2026-01-22,Returned,5
10192,10192,DTDC,Coimbatore,2025-02-13,2025-02-19,Delivered,6
10193,10193,Ekart Logistics,Coimbatore,2026-03-20,2026-03-23,Delivered,4
10194,10194,Ecom Express,Vadodara,2025-11-10,2025-11-13,Delivered,3
10195,10195,Xpressbees,Coimbatore,2024-11-15,2024-11-21,Delivered,7
10196,10196,Xpressbees,Patna,2025-06-18,2025-06-25,Delivered Late,6
10197,10197,Bluedart,Hyderabad,2026-01-10,2026-01-20,Delivered Late,7
10198,10198,Delhivery,Indore,2024-12-04,2024-12-07,Delivered Late,2
10199,10199,Xpressbees,Mysuru,2025-10-15,2025-10-21,Delivered,6
10200,10200,Ekart Logistics,Kochi,,,Not Shipped,7
10201,10201,Delhivery,Kanpur,2025-02-26,2025-02-28,Delivered,3
10202,10202,Xpressbees,Guwahati,2026-05-23,2026-05-29,Delivered,6
10203,10203,DTDC,Kochi,2024-06-22,2024-06-28,Delivered,7
10204,10204,DTDC,Hyderabad,,,Processing,2
10205,10205,Ekart Logistics,Coimbatore,2025-03-23,,In Transit,2
10206,10206,DTDC,Guwahati,2026-03-23,2026-03-29,Delivered,6
10207,10207,DTDC,Vadodara,,,Not Shipped,5
10208,10208,Ekart Logistics,Surat,2026-02-21,2026-02-25,Delivered Late,3
10209,10209,Bluedart,Bengaluru,2026-04-22,2026-04-28,Delivered Late,5
10210,10210,DTDC,Nashik,,,Processing,3
10211,10211,Delhivery,Chandigarh,2026-04-19,2026-04-24,Delivered,6
10212,10212,Xpressbees,Nashik,2026-01-16,2026-01-18,Delivered,3
10213,10213,Ekart Logistics,Amritsar,2025-08-03,2025-08-09,Delivered Late,4
10214,10214,Ekart Logistics,Chennai,2026-02-01,,In Transit,4
10215,10215,Xpressbees,Delhi,2026-01-15,2026-01-18,Delivered,3
10216,10216,Delhivery,Thiruvananthapuram,2024-09-19,2024-09-24,Delivered Late,5
10217,10217,Ecom Express,Nashik,2026-01-11,2026-01-19,Delivered Late,7
10218,10218,Delhivery,Kochi,,,Processing,2
10219,10219,Xpressbees,Amritsar,2025-08-23,2025-08-26,Delivered,3
10220,10220,Ekart Logistics,Vadodara,2025-06-17,2025-06-20,Delivered Late,3
10221,10221,DTDC,Nashik,2025-07-25,2025-07-27,Delivered,2
10222,10222,Delhivery,Bhopal,2025-07-12,2025-07-17,Delivered Late,3
10223,10223,Xpressbees,Chandigarh,2024-05-17,2024-05-22,Delivered Late,4
10224,10224,Delhivery,Jaipur,,,Not Shipped,2
10225,10225,Ecom Express,Kolkata,2025-08-07,,In Transit,4
10226,10226,DTDC,Kanpur,2025-08-01,2025-08-04,Delivered,3
10227,10227,Delhivery,Chennai,2025-09-27,2025-10-04,Delivered Late,5
10228,10228,Bluedart,Lucknow,2026-03-10,2026-03-17,Returned,7
10229,10229,Bluedart,Kochi,2025-10-20,2025-10-26,Delivered Late,4
10230,10230,Ekart Logistics,Coimbatore,2025-07-28,2025-08-01,Delivered Late,4
10231,10231,Bluedart,Hyderabad,2025-12-05,2025-12-11,Delivered,7
10232,10232,Bluedart,Amritsar,2026-01-03,2026-01-06,Delivered Late,3
10233,10233,DTDC,Jaipur,2025-06-28,2025-07-05,Delivered Late,6
10234,10234,Bluedart,Coimbatore,,,Not Shipped,6
10235,10235,Ecom Express,Bengaluru,2026-05-29,2026-06-05,Delivered,7
10236,10236,Delhivery,Indore,2026-01-19,2026-01-25,Delivered,7
10237,10237,Bluedart,Kanpur,2025-11-15,2025-11-19,Returned,4
10238,10238,Ecom Express,Guwahati,2024-08-15,2024-08-20,Delivered Late,5
10239,10239,Ecom Express,Hyderabad,2026-03-26,2026-03-30,Delivered,4
10240,10240,Ecom Express,Patna,2025-06-03,2025-06-10,Delivered Late,6
10241,10241,DTDC,Lucknow,2026-03-12,,In Transit,5
10242,10242,Delhivery,Bhubaneswar,2026-01-11,2026-01-16,Delivered Late,4
10243,10243,Ecom Express,Patna,2026-02-12,2026-02-19,Delivered Late,5
10244,10244,DTDC,Mysuru,2025-11-09,2025-11-11,Delivered,2
10245,10245,Bluedart,Kochi,2025-06-26,2025-07-04,Delivered Late,7
10246,10246,DTDC,Jaipur,2025-11-15,2025-11-16,Delivered,2
10247,10247,Ecom Express,Amritsar,2026-04-11,2026-04-16,Delivered,5
10248,10248,Ekart Logistics,Surat,2026-07-18,2026-07-22,Delivered,5
10249,10249,Delhivery,Mysuru,2026-08-01,2026-08-08,Delivered Late,7
10250,10250,Xpressbees,Ahmedabad,2025-06-21,2025-06-27,Delivered Late,4
10251,10251,Delhivery,Bhubaneswar,2025-07-21,2025-07-27,Delivered Late,5
10252,10252,Xpressbees,Kolkata,,,Processing,2
10253,10253,Ekart Logistics,Coimbatore,2025-08-14,2025-08-17,Delivered,3
10254,10254,DTDC,Kanpur,2024-06-01,2024-06-08,Delivered,7
10255,10255,Delhivery,Thiruvananthapuram,2025-09-01,2025-09-06,Delivered Late,4
10256,10256,Ecom Express,Lucknow,2025-04-25,2025-04-29,Returned,3
10257,10257,DTDC,Surat,2025-06-26,,In Transit,2
10258,10258,Bluedart,Kanpur,2025-08-27,2025-08-29,Delivered,2
10259,10259,Delhivery,Bhopal,2024-12-21,2024-12-28,Delivered,7
10260,10260,DTDC,Jaipur,,,Not Shipped,6
10261,10261,Bluedart,Amritsar,2024-08-02,2024-08-04,Delivered,3
10262,10262,Ecom Express,Pune,2026-02-24,2026-03-04,Delivered Late,7
10263,10263,DTDC,Nagpur,2025-08-11,2025-08-16,Delivered,6
10264,10264,DTDC,Bhubaneswar,2025-07-22,2025-07-26,Returned,5
10265,10265,DTDC,Patna,2024-12-16,2024-12-21,Delivered,5
10266,10266,Ekart Logistics,Bhopal,2025-12-17,2025-12-20,Delivered,4
10267,10267,Delhivery,Patna,2026-03-10,2026-03-14,Delivered,4
10268,10268,Bluedart,Kanpur,2025-08-12,2025-08-18,Delivered,6
10269,10269,Ecom Express,Bengaluru,2026-04-28,2026-05-01,Delivered,4
10270,10270,Ekart Logistics,Ahmedabad,2025-08-22,2025-08-28,Delivered Late,4
10271,10271,Delhivery,Mumbai,2024-08-30,2024-09-06,Delivered,7
10272,10272,Ekart Logistics,Mysuru,2026-03-16,2026-03-20,Delivered Late,2
10273,10273,Ecom Express,Coimbatore,2026-03-27,2026-04-01,Delivered,6
10274,10274,Delhivery,Mysuru,2026-05-25,2026-05-27,Delivered,3
10275,10275,Bluedart,Kochi,2025-10-31,2025-11-02,Delivered,3
10276,10276,Ekart Logistics,Kolkata,2026-02-25,2026-02-28,Delivered,3
10277,10277,Delhivery,Surat,2025-12-29,2025-12-31,Delivered,3
10278,10278,Ekart Logistics,Surat,2026-05-22,2026-05-26,Delivered,4
10279,10279,DTDC,Delhi,2025-03-14,2025-03-18,Delivered,5
10280,10280,Xpressbees,Patna,2025-09-18,2025-09-20,Delivered,3
10281,10281,DTDC,Thiruvananthapuram,2026-05-17,2026-05-21,Delivered,5
10282,10282,Ekart Logistics,Indore,2026-01-29,2026-02-02,Delivered Late,4
10283,10283,Delhivery,Surat,2024-09-07,2024-09-15,Delivered Late,6
10284,10284,DTDC,Mysuru,,,Not Shipped,4
10285,10285,Xpressbees,Guwahati,2026-01-05,2026-01-09,Delivered Late,3
10286,10286,Ekart Logistics,Mumbai,2025-05-19,2025-05-25,Delivered Late,5
10287,10287,Ekart Logistics,Bhopal,2025-04-18,2025-04-23,Delivered,6
10288,10288,DTDC,Bhubaneswar,2025-09-17,2025-09-22,Delivered,5
10289,10289,Delhivery,Ahmedabad,2025-02-06,2025-02-12,Delivered,7
10290,10290,Ecom Express,Mumbai,2025-11-14,2025-11-21,Delivered Late,6
10291,10291,DTDC,Kolkata,2025-05-12,2025-05-18,Delivered,7
10292,10292,Ekart Logistics,Mumbai,2024-12-29,2025-01-01,Delivered,4
10293,10293,Delhivery,Chennai,2025-05-07,2025-05-12,Delivered,5
10294,10294,Delhivery,Indore,2026-08-13,2026-08-14,Delivered,2
10295,10295,Delhivery,Hyderabad,2025-12-09,2025-12-13,Delivered,5
10296,10296,Ekart Logistics,Guwahati,2025-07-13,2025-07-16,Delivered,4
10297,10297,Xpressbees,Thiruvananthapuram,2025-08-13,2025-08-17,Delivered,4
10298,10298,Ekart Logistics,Lucknow,2026-04-10,2026-04-14,Delivered,5
10299,10299,Ecom Express,Mumbai,2024-10-16,2024-10-19,Delivered,4
10300,10300,Ekart Logistics,Patna,2025-11-28,2025-12-01,Delivered,4
10301,10301,Bluedart,Bengaluru,,,Not Shipped,6
10302,10302,DTDC,Chandigarh,2025-08-01,2025-08-03,Delivered,2
10303,10303,Bluedart,Bengaluru,2025-11-20,2025-11-22,Delivered,3
10304,10304,DTDC,Hyderabad,2026-04-18,2026-04-20,Delivered,2
10305,10305,Ecom Express,Jaipur,2025-09-21,2025-09-25,Delivered,4
10306,10306,Delhivery,Mumbai,2025-05-16,2025-05-21,Delivered,6
10307,10307,Xpressbees,Lucknow,2025-12-25,2025-12-31,Returned,6
10308,10308,Xpressbees,Jaipur,,,Not Shipped,2
10309,10309,Ekart Logistics,Thiruvananthapuram,2024-12-22,2024-12-29,Delivered,7
10310,10310,Ecom Express,Chandigarh,2024-06-11,2024-06-16,Delivered,6
10311,10311,Xpressbees,Bhopal,2026-04-20,2026-04-24,Delivered,4
10312,10312,Delhivery,Delhi,2024-09-15,2024-09-23,Delivered Late,7
10313,10313,Delhivery,Surat,2024-02-06,2024-02-11,Delivered,6
10314,10314,Delhivery,Kolkata,2026-05-07,2026-05-13,Delivered Late,5
10315,10315,Delhivery,Pune,2026-02-02,2026-02-03,Delivered,2
10316,10316,Ekart Logistics,Coimbatore,2025-06-16,2025-06-22,Delivered Late,5
10317,10317,Ecom Express,Pune,2026-07-07,2026-07-10,Delivered,4
10318,10318,Ekart Logistics,Kanpur,2025-12-09,2025-12-17,Delivered Late,5
10319,10319,Ecom Express,Bhopal,2025-06-21,2025-06-26,Delivered,6
10320,10320,Ecom Express,Kanpur,,,Processing,2
10321,10321,Xpressbees,Mysuru,2026-01-21,2026-01-25,Delivered Late,3
10322,10322,Ekart Logistics,Amritsar,2025-07-12,2025-07-17,Delivered Late,4
10323,10323,Xpressbees,Bhopal,2024-10-07,2024-10-13,Returned,7
10324,10324,Ekart Logistics,Delhi,2025-01-21,2025-01-27,Delivered,7
10325,10325,Ekart Logistics,Bengaluru,2025-12-25,,In Transit,6
10326,10326,Bluedart,Nashik,2025-03-21,2025-03-26,Delivered Late,4
10327,10327,Delhivery,Surat,2025-10-05,2025-10-10,Delivered,5
10328,10328,DTDC,Chennai,2026-02-06,2026-02-13,Delivered Late,6
10329,10329,Bluedart,Ranchi,2025-04-10,2025-04-16,Delivered Late,6
10330,10330,Xpressbees,Hyderabad,2025-07-14,2025-07-19,Returned,5
10331,10331,DTDC,Mysuru,2026-07-11,2026-07-14,Delivered Late,2
10332,10332,Ecom Express,Jaipur,,,Processing,3
10333,10333,Xpressbees,Indore,2024-05-09,,In Transit,7
10334,10334,Ekart Logistics,Vadodara,2025-09-26,2025-10-02,Delivered,7
10335,10335,Bluedart,Lucknow,2025-03-06,2025-03-11,Delivered Late,4
10336,10336,Bluedart,Chennai,2025-05-08,2025-05-10,Delivered Late,2
10337,10337,Bluedart,Ranchi,2025-11-30,2025-12-07,Returned,5
10338,10338,DTDC,Kolkata,,,Processing,6
10339,10339,Bluedart,Mysuru,2025-06-02,2025-06-08,Delivered,7
10340,10340,Ecom Express,Bhopal,2025-05-31,2025-06-07,Delivered Late,6
10341,10341,Xpressbees,Nagpur,,,Processing,7
10342,10342,Xpressbees,Mumbai,2025-10-06,2025-10-07,Delivered,2
10343,10343,Ekart Logistics,Nashik,2025-11-24,2025-11-30,Delivered,6
10344,10344,Ekart Logistics,Mumbai,2025-11-29,2025-12-01,Delivered,2
10345,10345,DTDC,Surat,2026-05-29,2026-06-03,Delivered,6
10346,10346,Bluedart,Lucknow,2026-03-15,2026-03-19,Delivered Late,2
10347,10347,Delhivery,Chandigarh,2025-10-09,,In Transit,7
10348,10348,Delhivery,Nashik,2025-06-04,2025-06-09,Delivered,5
10349,10349,Xpressbees,Vadodara,2025-11-18,2025-11-20,Delivered,3
10350,10350,Bluedart,Nashik,2025-05-03,2025-05-04,Returned,2
10351,10351,Delhivery,Nashik,2025-04-14,2025-04-17,Delivered,4
10352,10352,DTDC,Bengaluru,2026-04-10,2026-04-15,Delivered Late,3
10353,10353,Bluedart,Mumbai,2024-05-30,2024-06-06,Delivered Late,6
10354,10354,Delhivery,Pune,2026-05-04,2026-05-07,Delivered Late,2
10355,10355,Delhivery,Guwahati,2026-05-08,2026-05-13,Delivered Late,3
10356,10356,Ecom Express,Bhubaneswar,2025-10-02,2025-10-03,Delivered,2
10357,10357,Ecom Express,Kanpur,2026-03-22,2026-03-31,Delivered Late,6
10358,10358,Xpressbees,Bhopal,2024-11-23,2024-11-24,Delivered,2
10359,10359,Delhivery,Lucknow,2025-04-13,2025-04-20,Delivered Late,7
10360,10360,Xpressbees,Amritsar,2026-02-10,2026-02-14,Delivered Late,4
10361,10361,Delhivery,Kochi,2026-02-18,2026-02-25,Delivered Late,5
10362,10362,Xpressbees,Patna,2026-03-16,2026-03-19,Delivered,3
10363,10363,Delhivery,Ranchi,2024-12-31,2025-01-05,Delivered,6
10364,10364,Xpressbees,Patna,2026-02-26,2026-02-27,Delivered,2
10365,10365,DTDC,Bengaluru,2024-11-18,2024-11-22,Delivered,5
10366,10366,Delhivery,Nagpur,2025-11-26,2025-12-01,Delivered Late,4
10367,10367,Bluedart,Amritsar,2026-06-17,2026-06-23,Delivered,7
10368,10368,DTDC,Ranchi,2026-08-14,2026-08-17,Delivered,4
10369,10369,Delhivery,Jaipur,,,Not Shipped,4
10370,10370,Ekart Logistics,Pune,2024-12-21,2024-12-29,Delivered Late,6
10371,10371,Delhivery,Indore,,,Not Shipped,5
10372,10372,Bluedart,Mumbai,2025-04-06,2025-04-13,Delivered,7
10373,10373,Xpressbees,Guwahati,2026-04-06,2026-04-12,Delivered,7
10374,10374,Xpressbees,Ahmedabad,2025-05-20,2025-05-25,Delivered Late,3
10375,10375,Delhivery,Chennai,2024-12-24,2024-12-28,Delivered Late,4
10376,10376,Ekart Logistics,Mysuru,2025-01-20,2025-01-25,Delivered Late,4
10377,10377,Ekart Logistics,Pune,,,Not Shipped,4
10378,10378,DTDC,Mysuru,2025-04-09,,In Transit,5
10379,10379,Delhivery,Lucknow,2025-05-01,2025-05-06,Delivered,6
10380,10380,Bluedart,Ranchi,2026-01-13,2026-01-18,Delivered,5
10381,10381,DTDC,Patna,2026-04-01,2026-04-04,Delivered Late,3
10382,10382,Delhivery,Surat,2024-07-13,2024-07-16,Delivered,4
10383,10383,Xpressbees,Amritsar,2026-03-21,2026-03-24,Delivered Late,3
10384,10384,Delhivery,Kanpur,2026-07-09,2026-07-11,Delivered,3
10385,10385,Xpressbees,Bengaluru,2024-11-10,2024-11-18,Delivered Late,7
10386,10386,DTDC,Amritsar,,,Not Shipped,2
10387,10387,Bluedart,Kolkata,,,Processing,5
10388,10388,Ekart Logistics,Amritsar,2025-06-13,2025-06-20,Delivered,7
10389,10389,Ekart Logistics,Vadodara,2026-06-01,2026-06-10,Delivered Late,7
10390,10390,Bluedart,Pune,2026-06-12,2026-06-18,Delivered Late,4
10391,10391,Ekart Logistics,Pune,2025-12-31,2026-01-03,Delivered,3
10392,10392,Delhivery,Coimbatore,2025-03-17,2025-03-24,Returned,5
10393,10393,Ekart Logistics,Bhubaneswar,2026-06-12,,In Transit,6
10394,10394,Ecom Express,Nagpur,2025-01-28,2025-02-04,Delivered,7
10395,10395,Ecom Express,Amritsar,,,Not Shipped,3
10396,10396,Delhivery,Vadodara,2025-10-13,,In Transit,4
10397,10397,Delhivery,Jaipur,2025-08-25,2025-08-31,Delivered,7
10398,10398,DTDC,Hyderabad,,,Not Shipped,5
10399,10399,Xpressbees,Chennai,2025-12-12,2025-12-14,Delivered,3
10400,10400,DTDC,Kochi,2025-09-02,2025-09-07,Delivered,5
10401,10401,Xpressbees,Hyderabad,2025-02-09,2025-02-12,Returned,3
10402,10402,Ekart Logistics,Surat,2025-04-14,2025-04-20,Delivered Late,6
10403,10403,Xpressbees,Pune,,,Not Shipped,7
10404,10404,Ekart Logistics,Thiruvananthapuram,2024-08-04,2024-08-09,Delivered,5
10405,10405,Ekart Logistics,Jaipur,2025-11-19,2025-11-24,Returned,3
10406,10406,Ekart Logistics,Ranchi,2025-01-19,2025-01-24,Delivered Late,2
10407,10407,Bluedart,Bhubaneswar,2025-04-14,2025-04-16,Delivered,2
10408,10408,Delhivery,Nashik,2026-06-05,2026-06-09,Delivered,4
10409,10409,Ekart Logistics,Guwahati,2026-05-22,2026-05-25,Delivered,3
10410,10410,Ekart Logistics,Bhopal,2025-06-25,2025-07-03,Delivered Late,6
10411,10411,Xpressbees,Delhi,2025-09-12,2025-09-17,Delivered,5
10412,10412,Ekart Logistics,Indore,2026-03-29,2026-04-05,Delivered Late,7
10413,10413,Ecom Express,Vadodara,2024-12-07,2024-12-10,Delivered,4
10414,10414,DTDC,Jaipur,2025-02-11,2025-02-15,Delivered,4
10415,10415,Ecom Express,Mysuru,2026-01-02,2026-01-06,Delivered,4
10416,10416,Ekart Logistics,Coimbatore,2025-10-31,2025-11-02,Delivered,3
10417,10417,Delhivery,Bhubaneswar,2025-10-22,2025-10-25,Delivered,4
10418,10418,Ekart Logistics,Mumbai,2024-09-04,2024-09-07,Delivered,3
10419,10419,Xpressbees,Vadodara,2025-10-25,,In Transit,6
10420,10420,Delhivery,Delhi,2024-10-15,2024-10-18,Delivered Late,3
10421,10421,Xpressbees,Mumbai,2026-02-23,2026-03-04,Delivered Late,6
10422,10422,Xpressbees,Bhubaneswar,2024-10-14,2024-10-18,Delivered Late,2
10423,10423,Ekart Logistics,Kochi,2025-10-21,2025-10-25,Delivered Late,2
10424,10424,DTDC,Chandigarh,2025-12-18,2025-12-21,Delivered,4
10425,10425,Ekart Logistics,Nashik,2025-12-26,2025-12-30,Delivered Late,4
10426,10426,Ekart Logistics,Jaipur,2026-06-23,2026-06-27,Delivered,5
10427,10427,Xpressbees,Chennai,2025-09-09,2025-09-12,Delivered,3
10428,10428,Bluedart,Coimbatore,2025-04-06,2025-04-10,Returned,3
10429,10429,DTDC,Bengaluru,2025-08-15,2025-08-17,Delivered,2
10430,10430,Xpressbees,Surat,2025-08-23,2025-08-29,Delivered,6
10431,10431,Xpressbees,Coimbatore,2026-08-09,2026-08-14,Delivered Late,3
10432,10432,Bluedart,Kanpur,2025-06-19,2025-06-22,Delivered,4
10433,10433,DTDC,Vadodara,2025-05-30,2025-06-05,Delivered Late,5
10434,10434,Ekart Logistics,Nashik,2025-04-03,2025-04-08,Delivered,6
10435,10435,Bluedart,Thiruvananthapuram,2026-05-12,2026-05-18,Delivered,7
10436,10436,Ekart Logistics,Patna,2026-07-18,2026-07-22,Delivered,4
10437,10437,Ecom Express,Surat,2025-11-12,2025-11-16,Delivered,5
10438,10438,Ecom Express,Surat,2024-08-15,2024-08-18,Delivered Late,3
10439,10439,DTDC,Chandigarh,2026-02-14,,In Transit,4
10440,10440,Ecom Express,Delhi,2026-01-01,2026-01-04,Delivered,4
10441,10441,DTDC,Vadodara,2025-04-03,,In Transit,7
10442,10442,Bluedart,Patna,2026-04-05,2026-04-07,Delivered,2
10443,10443,Ekart Logistics,Jaipur,,,Processing,7
10444,10444,Bluedart,Mysuru,2026-02-01,2026-02-05,Delivered Late,2
10445,10445,Bluedart,Patna,,,Processing,3
10446,10446,DTDC,Jaipur,2024-04-22,2024-04-26,Delivered,5
10447,10447,Ecom Express,Indore,,,Processing,5
10448,10448,Delhivery,Ranchi,2025-07-28,2025-08-04,Delivered Late,6
10449,10449,Xpressbees,Chandigarh,2024-12-10,2024-12-17,Delivered Late,5
10450,10450,Ecom Express,Amritsar,2025-12-19,,In Transit,4
10451,10451,Ekart Logistics,Bengaluru,2025-06-30,2025-07-05,Returned,6
10452,10452,Delhivery,Patna,2024-01-14,2024-01-17,Delivered Late,3
10453,10453,Xpressbees,Bengaluru,2026-03-02,2026-03-04,Delivered Late,2
10454,10454,Xpressbees,Delhi,2026-04-05,2026-04-11,Delivered,7
10455,10455,Ecom Express,Guwahati,,,Not Shipped,6
10456,10456,Xpressbees,Bhubaneswar,2024-10-23,2024-10-28,Delivered Late,4
10457,10457,Ekart Logistics,Ahmedabad,2025-09-10,2025-09-17,Delivered,7
10458,10458,Xpressbees,Coimbatore,2025-11-07,2025-11-08,Delivered,2
10459,10459,DTDC,Kanpur,,,Processing,4
10460,10460,Delhivery,Ranchi,2025-10-30,2025-11-02,Delivered,3
10461,10461,Bluedart,Thiruvananthapuram,2025-01-22,2025-01-26,Delivered Late,3
10462,10462,Ekart Logistics,Patna,2025-12-27,2026-01-02,Delivered Late,4
10463,10463,DTDC,Patna,2024-12-16,,In Transit,5
10464,10464,Ekart Logistics,Bengaluru,2025-02-15,2025-02-19,Returned,3
10465,10465,Ekart Logistics,Patna,2026-04-26,2026-05-04,Delivered Late,6
10466,10466,Ekart Logistics,Bengaluru,2023-12-30,2024-01-07,Delivered Late,7
10467,10467,Delhivery,Vadodara,2024-07-25,2024-07-30,Delivered Late,5
10468,10468,Ecom Express,Mysuru,,,Not Shipped,6
10469,10469,Xpressbees,Jaipur,2024-11-23,2024-11-25,Delivered Late,2
10470,10470,Ecom Express,Nagpur,2025-12-19,2025-12-24,Delivered Late,4
10471,10471,Xpressbees,Lucknow,2025-05-12,2025-05-19,Delivered Late,7
10472,10472,Xpressbees,Kochi,2026-07-04,2026-07-10,Returned,3
10473,10473,DTDC,Nagpur,2024-07-14,2024-07-22,Delivered Late,7
10474,10474,Delhivery,Delhi,2025-11-24,2025-11-30,Delivered,6
10475,10475,Ekart Logistics,Kanpur,2025-11-16,2025-11-24,Delivered Late,7
10476,10476,Ecom Express,Patna,2026-01-17,2026-01-22,Delivered,6
10477,10477,Delhivery,Chandigarh,2026-07-13,2026-07-19,Delivered,7
10478,10478,Delhivery,Thiruvananthapuram,2024-11-29,2024-12-01,Delivered,2
10479,10479,DTDC,Delhi,2025-04-09,2025-04-14,Delivered Late,3
10480,10480,Ecom Express,Surat,2025-08-11,2025-08-14,Delivered,4
10481,10481,Bluedart,Bengaluru,2026-05-06,2026-05-15,Delivered Late,7
10482,10482,Delhivery,Pune,2025-04-26,2025-05-03,Delivered,7
10483,10483,Ecom Express,Ranchi,2025-08-18,2025-08-24,Delivered Late,4
10484,10484,Xpressbees,Kolkata,2025-09-22,2025-09-29,Delivered Late,5
10485,10485,Bluedart,Jaipur,2025-02-16,2025-02-19,Delivered Late,2
10486,10486,Xpressbees,Bengaluru,2025-10-31,2025-11-03,Returned,3
10487,10487,Ekart Logistics,Thiruvananthapuram,2025-12-25,2026-01-03,Delivered Late,7
10488,10488,Bluedart,Chennai,2026-03-19,2026-03-22,Delivered Late,2
10489,10489,Bluedart,Bhubaneswar,2025-07-08,2025-07-11,Delivered,4
10490,10490,Bluedart,Thiruvananthapuram,2025-11-09,2025-11-16,Delivered Late,6
10491,10491,DTDC,Thiruvananthapuram,2026-01-20,2026-01-27,Delivered Late,6
10492,10492,Bluedart,Nagpur,2026-07-17,2026-07-24,Delivered,7
10493,10493,DTDC,Bhubaneswar,2026-02-17,2026-02-21,Delivered,4
10494,10494,Bluedart,Guwahati,2026-01-28,2026-02-02,Delivered,5
10495,10495,Ecom Express,Bhubaneswar,2026-07-19,2026-07-26,Delivered Late,7
10496,10496,Ekart Logistics,Nashik,2026-06-18,2026-06-24,Delivered Late,4
10497,10497,Ecom Express,Bengaluru,2025-03-15,2025-03-21,Delivered,7
10498,10498,Ekart Logistics,Nagpur,2026-02-12,2026-02-19,Returned,7
10499,10499,Delhivery,Bhubaneswar,2024-03-03,2024-03-09,Delivered,6
10500,10500,DTDC,Pune,2025-07-23,2025-07-25,Delivered,3
10501,10501,Ecom Express,Amritsar,2025-11-11,2025-11-16,Delivered Late,4
10502,10502,Ekart Logistics,Kanpur,2026-04-15,2026-04-19,Delivered,4
10503,10503,Ecom Express,Amritsar,2026-03-24,2026-03-29,Delivered Late,4
10504,10504,Ecom Express,Thiruvananthapuram,2026-06-15,,In Transit,7
10505,10505,Xpressbees,Bhopal,2025-12-10,2025-12-13,Delivered Late,2
10506,10506,Ekart Logistics,Ahmedabad,2026-02-21,2026-03-03,Delivered Late,7
10507,10507,Ecom Express,Guwahati,2026-03-03,2026-03-11,Delivered Late,6
10508,10508,Ecom Express,Nagpur,2026-02-07,,In Transit,3
10509,10509,DTDC,Nagpur,2025-03-04,2025-03-10,Delivered,6
10510,10510,Ecom Express,Lucknow,2024-11-27,2024-12-01,Delivered Late,2
10511,10511,Bluedart,Pune,2026-02-05,2026-02-07,Delivered Late,2
10512,10512,Ekart Logistics,Vadodara,2024-09-19,2024-09-24,Delivered,5
10513,10513,DTDC,Nashik,2024-12-07,2024-12-12,Delivered Late,5
10514,10514,Delhivery,Surat,2025-05-03,2025-05-06,Delivered,4
10515,10515,Delhivery,Hyderabad,,,Not Shipped,3
10516,10516,Ecom Express,Kochi,,,Not Shipped,6
10517,10517,Ekart Logistics,Bhubaneswar,,,Not Shipped,4
10518,10518,Ecom Express,Kochi,2025-10-15,2025-10-22,Returned,7
10519,10519,Ekart Logistics,Hyderabad,2026-01-30,2026-02-03,Delivered Late,3
10520,10520,Xpressbees,Thiruvananthapuram,2025-11-02,2025-11-07,Delivered,5
10521,10521,Xpressbees,Mumbai,2025-05-11,2025-05-15,Delivered,4
10522,10522,DTDC,Delhi,,,Not Shipped,5
10523,10523,Ekart Logistics,Kanpur,2026-06-08,2026-06-16,Delivered Late,7
10524,10524,Ecom Express,Ranchi,2026-07-20,2026-07-23,Delivered Late,2
10525,10525,DTDC,Mumbai,2026-01-29,2026-02-02,Returned,3
10526,10526,Delhivery,Bhubaneswar,2024-09-08,2024-09-13,Delivered,5
10527,10527,DTDC,Kochi,2025-12-19,2025-12-24,Delivered,6
10528,10528,Xpressbees,Mumbai,2025-09-26,2025-10-02,Delivered Late,5
10529,10529,Delhivery,Mysuru,2025-02-11,2025-02-18,Delivered,7
10530,10530,Xpressbees,Vadodara,2026-04-26,2026-04-28,Delivered Late,2
10531,10531,Delhivery,Kolkata,,,Not Shipped,7
10532,10532,Delhivery,Guwahati,2024-12-16,2024-12-21,Delivered,5
10533,10533,Bluedart,Guwahati,2025-04-20,2025-04-23,Delivered,4
10534,10534,Delhivery,Amritsar,,,Not Shipped,3
10535,10535,Delhivery,Kolkata,2025-07-03,2025-07-09,Delivered,6
10536,10536,Delhivery,Kochi,2026-06-17,2026-06-22,Delivered Late,4
10537,10537,Delhivery,Lucknow,2026-04-25,2026-04-27,Delivered,2
10538,10538,Xpressbees,Nagpur,2026-01-06,2026-01-15,Returned,7
10539,10539,DTDC,Ranchi,2026-02-10,2026-02-12,Returned,3
10540,10540,Ekart Logistics,Vadodara,2026-02-01,2026-02-09,Delivered Late,5
10541,10541,Delhivery,Surat,2026-03-13,2026-03-19,Delivered,6
10542,10542,Ecom Express,Delhi,2025-12-10,2025-12-17,Delivered Late,5
10543,10543,Ekart Logistics,Thiruvananthapuram,,,Not Shipped,5
10544,10544,Xpressbees,Amritsar,2024-05-21,2024-05-29,Delivered Late,5
10545,10545,Bluedart,Delhi,2025-02-03,2025-02-07,Delivered,4
10546,10546,Ecom Express,Kanpur,2026-01-30,2026-02-03,Delivered,5
10547,10547,DTDC,Amritsar,2025-07-20,2025-07-25,Delivered,5
10548,10548,DTDC,Bhopal,2025-08-11,2025-08-13,Delivered,2
10549,10549,Bluedart,Mumbai,2025-09-24,2025-09-27,Delivered Late,2
10550,10550,Ecom Express,Kolkata,,,Not Shipped,5
10551,10551,Ekart Logistics,Mumbai,2025-12-13,,In Transit,4
10552,10552,Ecom Express,Chennai,2026-04-12,,In Transit,4
10553,10553,DTDC,Patna,2024-11-29,2024-12-02,Delivered,4
10554,10554,Xpressbees,Indore,2025-10-13,2025-10-15,Delivered,3
10555,10555,Ekart Logistics,Vadodara,2025-05-21,2025-05-26,Delivered,5
10556,10556,DTDC,Bengaluru,2025-12-17,2025-12-22,Delivered,6
10557,10557,Ekart Logistics,Vadodara,2026-05-20,2026-05-25,Delivered,5
10558,10558,Bluedart,Delhi,2025-11-23,2025-11-25,Delivered,2
10559,10559,Ekart Logistics,Bhubaneswar,2025-10-30,2025-11-04,Delivered,6
10560,10560,Delhivery,Kanpur,2026-04-02,2026-04-04,Delivered,3
10561,10561,Xpressbees,Kolkata,2026-05-15,2026-05-23,Delivered Late,7
10562,10562,Bluedart,Pune,2024-12-15,2024-12-22,Delivered,7
10563,10563,Ekart Logistics,Nashik,2024-09-27,2024-10-04,Delivered Late,5
10564,10564,Delhivery,Bhopal,2026-02-18,2026-02-21,Returned,3
10565,10565,DTDC,Bengaluru,2025-04-28,2025-05-03,Delivered,5
10566,10566,Xpressbees,Mumbai,2025-10-06,2025-10-11,Delivered,5
10567,10567,Xpressbees,Amritsar,2025-04-26,2025-05-01,Delivered Late,5
10568,10568,Bluedart,Bengaluru,,,Not Shipped,2
10569,10569,Bluedart,Nagpur,2025-02-11,2025-02-19,Delivered Late,7
10570,10570,DTDC,Nagpur,2025-03-28,2025-04-02,Delivered Late,4
10571,10571,Delhivery,Kanpur,2025-11-13,2025-11-20,Delivered,7
10572,10572,Bluedart,Amritsar,2026-01-13,2026-01-23,Delivered Late,7
10573,10573,DTDC,Thiruvananthapuram,2025-09-16,2025-09-23,Delivered Late,6
10574,10574,Bluedart,Kochi,2025-03-12,2025-03-20,Delivered Late,7
10575,10575,Bluedart,Vadodara,2024-04-13,2024-04-19,Delivered,7
10576,10576,Delhivery,Nagpur,2026-03-18,2026-03-23,Delivered Late,4
10577,10577,Xpressbees,Chennai,2026-03-04,2026-03-08,Delivered,5
10578,10578,Delhivery,Pune,2025-12-05,2025-12-09,Delivered,4
10579,10579,Bluedart,Nagpur,,,Not Shipped,2
10580,10580,DTDC,Hyderabad,2024-09-25,,In Transit,3
10581,10581,Ekart Logistics,Bhopal,2025-01-09,2025-01-14,Returned,5
10582,10582,Bluedart,Mumbai,2025-10-04,2025-10-09,Delivered Late,5
10583,10583,Delhivery,Chennai,2026-02-05,2026-02-09,Delivered,4
10584,10584,Ekart Logistics,Mysuru,2026-05-09,,In Transit,4
10585,10585,Delhivery,Kochi,2024-08-04,2024-08-12,Delivered Late,7
10586,10586,Ekart Logistics,Coimbatore,2026-07-05,2026-07-08,Delivered,4
10587,10587,Bluedart,Jaipur,2025-05-24,2025-05-29,Delivered,5
10588,10588,Bluedart,Bhubaneswar,2025-11-19,2025-11-23,Delivered Late,2
10589,10589,Ekart Logistics,Bengaluru,2025-09-21,2025-09-29,Returned,7
10590,10590,Delhivery,Jaipur,2025-12-03,2025-12-09,Delivered Late,3
10591,10591,Delhivery,Pune,2026-07-04,2026-07-07,Delivered,4
10592,10592,Delhivery,Coimbatore,2026-07-31,2026-08-07,Returned,7
10593,10593,Delhivery,Indore,2025-12-09,2025-12-18,Delivered Late,6
10594,10594,Ekart Logistics,Ahmedabad,2026-01-31,2026-02-01,Delivered,2
10595,10595,Delhivery,Amritsar,2026-02-27,2026-03-05,Delivered,7
10596,10596,DTDC,Kolkata,2026-06-03,2026-06-08,Delivered,6
10597,10597,DTDC,Ahmedabad,2025-11-22,2025-11-26,Delivered Late,3
10598,10598,Delhivery,Hyderabad,2024-11-23,2024-11-25,Delivered,2
10599,10599,Ekart Logistics,Patna,2025-11-18,,In Transit,4
10600,10600,DTDC,Mysuru,2025-10-14,2025-10-19,Delivered Late,4
10601,10601,Ekart Logistics,Nashik,2026-03-22,,In Transit,7
10602,10602,Bluedart,Thiruvananthapuram,2026-03-11,2026-03-17,Delivered,6
10603,10603,Ekart Logistics,Vadodara,2025-07-22,2025-07-28,Delivered,7
10604,10604,DTDC,Mumbai,2026-05-18,2026-05-20,Delivered,3
10605,10605,Bluedart,Bengaluru,2025-06-25,2025-06-29,Delivered Late,4
10606,10606,Ekart Logistics,Mumbai,,,Not Shipped,4
10607,10607,Ekart Logistics,Guwahati,2025-07-18,2025-07-20,Delivered,3
10608,10608,Ecom Express,Kanpur,,,Not Shipped,5
10609,10609,Xpressbees,Hyderabad,2025-08-04,2025-08-09,Delivered,6
10610,10610,Delhivery,Pune,2026-02-07,2026-02-11,Delivered,4
10611,10611,DTDC,Nashik,2025-01-16,2025-01-18,Delivered,3
10612,10612,Bluedart,Nashik,2026-04-26,2026-04-29,Delivered,4
10613,10613,Xpressbees,Lucknow,2026-04-22,2026-04-29,Delivered Late,7
10614,10614,Xpressbees,Mysuru,2025-03-12,2025-03-18,Delivered Late,6
10615,10615,Ekart Logistics,Lucknow,2026-02-15,2026-02-24,Delivered Late,7
10616,10616,Ekart Logistics,Kolkata,2024-10-27,2024-11-01,Delivered Late,4
10617,10617,Ekart Logistics,Lucknow,2025-11-11,2025-11-17,Delivered Late,3
10618,10618,DTDC,Lucknow,2025-10-14,2025-10-19,Delivered,5
10619,10619,Ekart Logistics,Bhubaneswar,2025-12-22,2025-12-27,Delivered,6
10620,10620,Delhivery,Kolkata,2025-12-10,2025-12-18,Returned,7
10621,10621,Ecom Express,Chennai,2025-08-01,2025-08-06,Delivered Late,3
10622,10622,Delhivery,Ranchi,2026-05-11,2026-05-12,Delivered,2
10623,10623,Bluedart,Coimbatore,2025-06-06,2025-06-11,Delivered,6
10624,10624,Bluedart,Pune,2025-08-25,2025-09-01,Delivered,7
10625,10625,Xpressbees,Surat,,,Not Shipped,7
10626,10626,Delhivery,Vadodara,2025-11-04,2025-11-08,Returned,2
10627,10627,Delhivery,Ahmedabad,2025-01-23,2025-01-27,Delivered Late,3
10628,10628,Bluedart,Patna,2026-03-11,2026-03-13,Delivered,3
10629,10629,Delhivery,Amritsar,2026-02-12,2026-02-13,Delivered,2
10630,10630,Bluedart,Ahmedabad,,,Not Shipped,3
10631,10631,Xpressbees,Nagpur,2026-01-06,2026-01-11,Delivered,5
10632,10632,Ekart Logistics,Bhopal,2026-04-05,2026-04-08,Delivered,4
10633,10633,Ekart Logistics,Pune,2025-07-30,2025-08-05,Delivered,6
10634,10634,Bluedart,Pune,2026-01-25,2026-01-31,Delivered Late,4
10635,10635,DTDC,Lucknow,2026-06-07,2026-06-08,Delivered,2
10636,10636,Xpressbees,Bhopal,2025-06-05,2025-06-09,Delivered,5
10637,10637,Bluedart,Coimbatore,2025-06-26,2025-07-03,Delivered,7
10638,10638,Delhivery,Nagpur,,,Processing,3
10639,10639,DTDC,Amritsar,,,Not Shipped,6
10640,10640,DTDC,Hyderabad,2025-08-17,2025-08-19,Delivered Late,2
10641,10641,Delhivery,Patna,2025-02-10,2025-02-13,Delivered,3
10642,10642,DTDC,Indore,,,Processing,3
10643,10643,Ecom Express,Kochi,2025-02-24,2025-02-28,Delivered,5
10644,10644,Ekart Logistics,Nashik,2025-06-03,2025-06-09,Delivered,6
10645,10645,Xpressbees,Ranchi,2025-10-02,2025-10-05,Delivered,4
10646,10646,DTDC,Nashik,2026-04-13,2026-04-15,Delivered,2
10647,10647,DTDC,Bhubaneswar,2025-09-08,2025-09-15,Delivered,7
10648,10648,Xpressbees,Bengaluru,2026-05-30,2026-06-03,Delivered,4
10649,10649,Ecom Express,Nashik,,,Processing,6
10650,10650,DTDC,Guwahati,2026-03-26,2026-04-01,Delivered,6
10651,10651,DTDC,Pune,2025-02-26,2025-03-03,Returned,5
10652,10652,Delhivery,Kochi,,,Not Shipped,4
10653,10653,Bluedart,Nagpur,2025-11-07,2025-11-09,Delivered,2
10654,10654,DTDC,Nagpur,2025-05-09,,In Transit,7
10655,10655,Delhivery,Chennai,2025-08-03,2025-08-08,Delivered Late,3
10656,10656,DTDC,Ahmedabad,2025-07-08,,In Transit,5
10657,10657,Ecom Express,Indore,,,Processing,2
10658,10658,Delhivery,Mysuru,,,Not Shipped,4
10659,10659,DTDC,Guwahati,2025-09-07,2025-09-14,Delivered Late,6
10660,10660,Delhivery,Vadodara,2026-01-24,2026-01-26,Delivered,3
10661,10661,Ecom Express,Delhi,2025-04-13,2025-04-20,Delivered Late,5
10662,10662,Xpressbees,Thiruvananthapuram,2025-10-07,2025-10-11,Delivered,5
10663,10663,Delhivery,Bhopal,2025-03-01,2025-03-08,Delivered Late,5
10664,10664,Ecom Express,Patna,2026-06-06,2026-06-12,Delivered,6
10665,10665,Xpressbees,Nashik,2025-10-13,2025-10-15,Delivered,3
10666,10666,Delhivery,Surat,2026-06-19,2026-06-26,Delivered,7
10667,10667,Ekart Logistics,Indore,2025-09-08,2025-09-13,Delivered,6
10668,10668,Ecom Express,Lucknow,2025-06-04,2025-06-11,Delivered,7
10669,10669,Delhivery,Delhi,2025-12-17,2025-12-18,Delivered,2
10670,10670,Ekart Logistics,Kochi,2026-03-17,2026-03-21,Delivered,5
10671,10671,Xpressbees,Bengaluru,2026-05-03,2026-05-07,Delivered Late,2
10672,10672,Xpressbees,Mysuru,2025-07-02,,In Transit,7
10673,10673,Ekart Logistics,Kochi,2025-06-21,2025-06-28,Delivered Late,7
10674,10674,Ekart Logistics,Bhubaneswar,2025-07-12,2025-07-17,Delivered,6
10675,10675,DTDC,Amritsar,2026-01-07,,In Transit,7
10676,10676,Ekart Logistics,Chennai,2025-02-15,,In Transit,6
10677,10677,Bluedart,Vadodara,2026-04-12,2026-04-14,Delivered,3
10678,10678,Bluedart,Indore,2026-05-27,,In Transit,3
10679,10679,Xpressbees,Bengaluru,2025-07-04,2025-07-09,Delivered,5
10680,10680,Xpressbees,Hyderabad,2024-12-31,,In Transit,3
10681,10681,DTDC,Bhopal,2025-08-26,2025-08-30,Delivered Late,3
10682,10682,DTDC,Hyderabad,2025-05-24,2025-05-27,Delivered Late,3
10683,10683,DTDC,Vadodara,2026-03-28,2026-03-31,Delivered,3
10684,10684,Ekart Logistics,Chennai,2025-04-30,2025-05-05,Returned,5
10685,10685,Xpressbees,Mysuru,2026-04-06,2026-04-10,Delivered,4
10686,10686,Ekart Logistics,Amritsar,2025-12-08,2025-12-14,Delivered,7
10687,10687,DTDC,Pune,2024-03-08,,In Transit,4
10688,10688,Bluedart,Bhubaneswar,2026-01-27,2026-02-01,Delivered,5
10689,10689,Bluedart,Kolkata,2025-09-02,2025-09-08,Delivered Late,5
10690,10690,Xpressbees,Mysuru,2025-02-02,2025-02-04,Delivered,3
10691,10691,Ecom Express,Guwahati,2024-06-27,2024-06-28,Delivered,2
10692,10692,Delhivery,Chennai,2025-10-27,2025-10-31,Delivered Late,2
10693,10693,Ekart Logistics,Lucknow,2025-01-06,2025-01-08,Delivered Late,2
10694,10694,Xpressbees,Bengaluru,2023-10-28,2023-10-30,Delivered Late,2
10695,10695,Ecom Express,Pune,2025-05-09,2025-05-15,Returned,4
10696,10696,Delhivery,Kanpur,2025-12-04,2025-12-10,Delivered,6
10697,10697,Bluedart,Amritsar,2025-01-18,2025-01-24,Delivered Late,5
10698,10698,Delhivery,Bhopal,2024-09-16,2024-09-21,Delivered Late,5
10699,10699,DTDC,Indore,,,Not Shipped,3
10700,10700,Xpressbees,Coimbatore,2026-07-14,2026-07-18,Delivered Late,3
10701,10701,Ekart Logistics,Guwahati,2026-08-08,2026-08-14,Delivered Late,5
10702,10702,Ecom Express,Indore,2025-05-10,2025-05-12,Delivered,3
10703,10703,Xpressbees,Delhi,2024-09-07,2024-09-14,Delivered Late,6
10704,10704,DTDC,Pune,2026-02-06,2026-02-08,Delivered,2
10705,10705,Ecom Express,Kanpur,2025-01-08,2025-01-15,Delivered,7
10706,10706,Delhivery,Mumbai,2025-10-24,2025-10-25,Delivered,2
10707,10707,Ecom Express,Kanpur,2025-07-16,2025-07-20,Delivered,4
10708,10708,Delhivery,Chennai,2025-12-12,2025-12-15,Delivered,3
10709,10709,DTDC,Vadodara,2026-01-21,2026-01-23,Returned,2
10710,10710,Xpressbees,Chennai,2026-08-18,2026-08-22,Delivered,4
10711,10711,Ecom Express,Ahmedabad,2026-06-20,2026-06-24,Delivered Late,2
10712,10712,Bluedart,Coimbatore,2024-05-03,2024-05-04,Delivered,2
10713,10713,DTDC,Bengaluru,2024-09-29,,In Transit,5
10714,10714,Xpressbees,Chennai,2025-01-13,2025-01-21,Delivered Late,7
10715,10715,DTDC,Surat,2025-02-09,2025-02-13,Returned,2
10716,10716,DTDC,Vadodara,2025-08-01,2025-08-06,Delivered,5
10717,10717,Delhivery,Nashik,2026-03-23,2026-03-28,Delivered,6
10718,10718,DTDC,Mumbai,2026-06-16,2026-06-20,Delivered,4
10719,10719,Ecom Express,Hyderabad,2024-12-16,2024-12-21,Delivered Late,5
10720,10720,Xpressbees,Amritsar,,,Processing,6
10721,10721,Ecom Express,Nagpur,2026-03-22,2026-03-23,Delivered,2
10722,10722,Delhivery,Hyderabad,2026-02-07,2026-02-12,Delivered,6
10723,10723,Ecom Express,Nashik,2024-08-15,2024-08-18,Returned,4
10724,10724,Ecom Express,Bhubaneswar,2024-07-01,2024-07-07,Delivered,6
10725,10725,Xpressbees,Hyderabad,2025-02-21,,In Transit,4
10726,10726,Ecom Express,Coimbatore,2026-05-11,2026-05-17,Delivered Late,5
10727,10727,Delhivery,Delhi,,,Not Shipped,4
10728,10728,Ecom Express,Nagpur,2025-06-26,2025-07-06,Delivered Late,7
10729,10729,DTDC,Thiruvananthapuram,2025-09-10,2025-09-18,Delivered Late,5
10730,10730,Delhivery,Mysuru,2026-04-21,2026-04-29,Delivered Late,7
10731,10731,Bluedart,Coimbatore,2025-09-20,2025-09-22,Delivered,2
10732,10732,Ekart Logistics,Kolkata,2026-04-03,,In Transit,2
10733,10733,Ekart Logistics,Bhubaneswar,2025-02-06,2025-02-10,Delivered,4
10734,10734,DTDC,Lucknow,2025-08-24,2025-08-26,Delivered Late,2
10735,10735,Delhivery,Thiruvananthapuram,2026-05-17,2026-05-21,Delivered,5
10736,10736,Ecom Express,Nagpur,2025-12-06,2025-12-11,Delivered Late,4
10737,10737,Xpressbees,Nashik,,,Not Shipped,2
10738,10738,Xpressbees,Kolkata,2026-04-19,2026-04-21,Delivered,2
10739,10739,DTDC,Coimbatore,2026-03-23,2026-03-25,Delivered Late,2
10740,10740,Bluedart,Jaipur,2025-06-10,2025-06-15,Delivered Late,5
10741,10741,Bluedart,Delhi,2025-08-21,2025-08-31,Delivered Late,7
10742,10742,Ekart Logistics,Mumbai,2025-08-04,2025-08-09,Delivered Late,4
10743,10743,Bluedart,Ahmedabad,,,Not Shipped,7
10744,10744,Xpressbees,Nashik,2026-04-29,2026-05-02,Delivered Late,3
10745,10745,DTDC,Chandigarh,2025-05-31,2025-06-06,Delivered,7
10746,10746,Xpressbees,Kolkata,2026-06-09,2026-06-15,Returned,6
10747,10747,Ekart Logistics,Vadodara,2026-08-03,2026-08-05,Delivered,2
10748,10748,Bluedart,Ranchi,2026-05-29,2026-06-03,Delivered Late,4
10749,10749,DTDC,Ahmedabad,2026-08-19,2026-08-21,Delivered,3
10750,10750,Ekart Logistics,Patna,2025-05-18,,In Transit,4
10751,10751,DTDC,Guwahati,2026-02-26,2026-03-04,Delivered Late,4
10752,10752,DTDC,Kanpur,2026-01-15,2026-01-22,Returned,5
10753,10753,Ekart Logistics,Ahmedabad,2025-06-20,2025-06-21,Delivered,2
10754,10754,Ekart Logistics,Bhubaneswar,2025-12-12,2025-12-19,Delivered Late,4
10755,10755,Bluedart,Mysuru,2026-04-07,,In Transit,3
10756,10756,Ekart Logistics,Amritsar,2026-06-24,2026-06-30,Returned,6
10757,10757,Ekart Logistics,Coimbatore,2026-06-22,2026-06-27,Delivered,5
10758,10758,Delhivery,Patna,2025-07-25,2025-07-30,Delivered Late,4
10759,10759,Delhivery,Indore,2025-04-01,2025-04-07,Delivered Late,6
10760,10760,Ekart Logistics,Chandigarh,2025-05-14,2025-05-17,Delivered,4
10761,10761,Delhivery,Guwahati,2025-04-22,2025-04-24,Delivered,3
10762,10762,Ekart Logistics,Vadodara,2024-12-22,2024-12-27,Delivered Late,2
10763,10763,Bluedart,Mumbai,2026-07-07,2026-07-08,Delivered,2
10764,10764,Bluedart,Delhi,2026-03-02,2026-03-08,Delivered,7
10765,10765,Xpressbees,Bhubaneswar,2026-01-09,2026-01-13,Delivered Late,3
10766,10766,DTDC,Hyderabad,2025-02-23,2025-02-24,Delivered,2
10767,10767,Bluedart,Delhi,2025-11-16,2025-11-22,Delivered,6
10768,10768,Bluedart,Indore,,,Processing,6
10769,10769,Delhivery,Mumbai,2026-04-13,2026-04-14,Delivered,2
10770,10770,Delhivery,Coimbatore,2025-03-04,2025-03-11,Delivered,7
10771,10771,Bluedart,Mysuru,2024-01-09,2024-01-12,Delivered Late,2
10772,10772,Ecom Express,Amritsar,2025-12-23,2025-12-25,Delivered,3
10773,10773,Ecom Express,Patna,2025-07-14,2025-07-16,Delivered Late,2
10774,10774,Xpressbees,Chennai,2026-04-08,2026-04-13,Delivered Late,5
10775,10775,DTDC,Kanpur,2026-05-09,2026-05-16,Delivered Late,6
10776,10776,DTDC,Hyderabad,2025-05-28,2025-05-31,Delivered,4
10777,10777,Ecom Express,Bengaluru,2025-09-26,2025-09-28,Delivered,2
10778,10778,Xpressbees,Ranchi,2026-03-29,2026-03-30,Returned,2
10779,10779,Delhivery,Bengaluru,2025-12-24,2025-12-29,Delivered Late,2
10780,10780,DTDC,Nashik,2025-12-03,2025-12-06,Delivered,3
10781,10781,Xpressbees,Guwahati,2025-08-21,2025-08-29,Delivered Late,7
10782,10782,Ekart Logistics,Coimbatore,2025-04-15,2025-04-20,Delivered Late,4
10783,10783,DTDC,Ranchi,2025-09-18,2025-09-23,Delivered,6
10784,10784,Bluedart,Kanpur,2026-02-12,2026-02-16,Delivered Late,2
10785,10785,Ecom Express,Patna,2026-01-16,2026-01-22,Returned,7
10786,10786,DTDC,Indore,,,Not Shipped,4
10787,10787,Delhivery,Mysuru,2026-01-27,2026-02-02,Delivered,6
10788,10788,Xpressbees,Amritsar,2024-09-22,2024-09-24,Delivered,3
10789,10789,Delhivery,Kolkata,2024-11-20,,In Transit,6
10790,10790,Ecom Express,Vadodara,2025-08-23,2025-08-27,Delivered,4
10791,10791,Delhivery,Mumbai,2025-10-28,2025-10-31,Delivered,4
10792,10792,Delhivery,Bengaluru,2026-03-14,2026-03-22,Delivered Late,7
10793,10793,DTDC,Thiruvananthapuram,2025-03-22,2025-03-26,Delivered,5
10794,10794,Ecom Express,Thiruvananthapuram,2024-10-23,2024-10-26,Delivered Late,2
10795,10795,Delhivery,Nagpur,2025-07-19,2025-07-23,Delivered Late,3
10796,10796,Ecom Express,Pune,2025-10-01,2025-10-05,Delivered Late,3
10797,10797,Bluedart,Mumbai,2024-07-20,2024-07-23,Delivered Late,3
10798,10798,DTDC,Surat,2026-02-07,2026-02-09,Returned,3
10799,10799,Delhivery,Amritsar,2026-02-06,2026-02-09,Delivered,3
10800,10800,Bluedart,Patna,2026-07-09,2026-07-16,Delivered,7
10801,10801,Ecom Express,Thiruvananthapuram,2026-03-05,2026-03-12,Delivered Late,6
10802,10802,Delhivery,Chandigarh,2026-05-11,2026-05-15,Delivered,5
10803,10803,Ekart Logistics,Delhi,2025-04-18,2025-04-23,Delivered,5
10804,10804,Bluedart,Ahmedabad,2026-01-22,2026-01-25,Delivered,4
10805,10805,Delhivery,Coimbatore,2025-05-13,2025-05-17,Delivered,4
10806,10806,Ecom Express,Hyderabad,2025-10-02,2025-10-04,Delivered,2
10807,10807,Xpressbees,Chennai,2026-06-22,2026-06-25,Delivered,3
10808,10808,Delhivery,Ranchi,2026-01-09,2026-01-17,Delivered Late,6
10809,10809,DTDC,Delhi,2026-03-04,2026-03-08,Delivered,5
10810,10810,DTDC,Kochi,2026-02-16,2026-02-19,Delivered,3
10811,10811,Ekart Logistics,Kolkata,2026-01-04,2026-01-10,Delivered,6
10812,10812,Delhivery,Ahmedabad,2024-09-27,2024-10-02,Delivered,5
10813,10813,Ecom Express,Jaipur,2025-07-27,2025-07-30,Delivered,3
10814,10814,DTDC,Hyderabad,2025-05-17,2025-05-23,Returned,5
10815,10815,Bluedart,Ahmedabad,2026-02-07,2026-02-14,Delivered,7
10816,10816,Xpressbees,Kanpur,2026-04-10,,In Transit,2
10817,10817,Ecom Express,Mumbai,2025-07-23,2025-07-25,Delivered,2
10818,10818,Ekart Logistics,Ranchi,2025-06-08,2025-06-13,Delivered,5
10819,10819,Ekart Logistics,Mysuru,2025-07-02,2025-07-08,Delivered,7
10820,10820,Delhivery,Mumbai,2025-04-08,2025-04-10,Returned,3
10821,10821,Delhivery,Thiruvananthapuram,2026-05-30,2026-06-05,Delivered,7
10822,10822,Bluedart,Nagpur,2026-03-12,2026-03-19,Delivered Late,5
10823,10823,Delhivery,Mumbai,2025-09-25,2025-09-29,Delivered,5
10824,10824,DTDC,Bengaluru,2026-02-25,2026-03-02,Delivered Late,3
10825,10825,Ekart Logistics,Amritsar,2025-06-13,,In Transit,5
10826,10826,DTDC,Pune,2025-12-26,2025-12-29,Delivered,4
10827,10827,Bluedart,Kanpur,2025-10-25,2025-11-01,Delivered,7
10828,10828,Xpressbees,Kolkata,2026-03-09,2026-03-13,Delivered Late,2
10829,10829,DTDC,Delhi,2025-08-14,2025-08-20,Delivered Late,4
10830,10830,Delhivery,Kochi,2025-08-22,2025-08-25,Delivered,3
10831,10831,Ecom Express,Guwahati,2025-09-18,2025-09-25,Delivered Late,5
10832,10832,Delhivery,Vadodara,2025-02-02,2025-02-07,Delivered,5
10833,10833,DTDC,Patna,2025-09-14,2025-09-20,Delivered,6
10834,10834,Delhivery,Nagpur,2024-06-02,2024-06-04,Delivered,2
10835,10835,Ekart Logistics,Pune,2026-01-05,2026-01-09,Delivered,5
10836,10836,Ekart Logistics,Nashik,2024-07-22,2024-07-26,Delivered,5
10837,10837,Ekart Logistics,Pune,2024-10-04,2024-10-08,Delivered,5
10838,10838,Ecom Express,Coimbatore,,,Processing,2
10839,10839,DTDC,Chandigarh,2026-01-08,2026-01-12,Returned,2
10840,10840,Xpressbees,Delhi,2024-05-31,2024-06-04,Delivered Late,4
10841,10841,DTDC,Pune,,,Not Shipped,6
10842,10842,Ekart Logistics,Lucknow,,,Not Shipped,4
10843,10843,Bluedart,Indore,2026-03-23,2026-03-29,Delivered,7
10844,10844,DTDC,Vadodara,,,Not Shipped,5
10845,10845,Ecom Express,Mumbai,2025-05-08,2025-05-13,Delivered,6
10846,10846,DTDC,Nagpur,2024-11-08,,In Transit,5
10847,10847,DTDC,Lucknow,2026-01-11,2026-01-16,Delivered,5
10848,10848,Delhivery,Amritsar,2025-12-24,2026-01-01,Delivered Late,5
10849,10849,Xpressbees,Thiruvananthapuram,2026-03-28,2026-03-31,Delivered,3
10850,10850,DTDC,Nagpur,2024-11-09,2024-11-14,Delivered Late,5
10851,10851,Ekart Logistics,Chandigarh,2026-03-05,2026-03-08,Delivered Late,2
10852,10852,Xpressbees,Ahmedabad,2025-03-01,2025-03-07,Delivered Late,5
10853,10853,Bluedart,Chennai,2024-09-15,2024-09-22,Delivered,7
10854,10854,Ecom Express,Jaipur,,,Not Shipped,5
10855,10855,Delhivery,Ranchi,2026-01-12,2026-01-14,Delivered,3
10856,10856,Bluedart,Guwahati,2026-02-02,2026-02-07,Delivered Late,5
10857,10857,Delhivery,Bhopal,,,Not Shipped,3
10858,10858,Xpressbees,Patna,2025-12-20,2025-12-23,Delivered,3
10859,10859,DTDC,Vadodara,2025-06-01,2025-06-07,Delivered,6
10860,10860,Delhivery,Mysuru,2025-06-26,2025-07-03,Delivered Late,6
10861,10861,Delhivery,Kolkata,2025-10-06,,In Transit,7
10862,10862,DTDC,Surat,2026-07-20,,In Transit,4
10863,10863,Bluedart,Ahmedabad,2025-01-18,2025-01-25,Delivered,7
10864,10864,Delhivery,Bhopal,2024-01-05,2024-01-07,Delivered Late,2
10865,10865,Ecom Express,Vadodara,2025-10-17,,In Transit,5
10866,10866,Ekart Logistics,Delhi,2026-06-12,2026-06-14,Delivered,2
10867,10867,DTDC,Kolkata,2026-07-20,2026-07-22,Delivered Late,2
10868,10868,Xpressbees,Mysuru,2025-08-13,2025-08-16,Delivered Late,2
10869,10869,Delhivery,Pune,2026-08-19,2026-08-21,Delivered,2
10870,10870,Ecom Express,Coimbatore,2025-02-06,2025-02-10,Delivered Late,2
10871,10871,Ecom Express,Mumbai,2026-01-30,2026-02-05,Delivered,7
10872,10872,Bluedart,Bhubaneswar,2026-08-17,2026-08-22,Delivered,6
10873,10873,Ecom Express,Pune,2025-08-27,2025-08-31,Delivered,4
10874,10874,Bluedart,Bhubaneswar,2024-12-09,2024-12-16,Delivered Late,6
10875,10875,Ekart Logistics,Surat,2025-12-18,2025-12-25,Delivered,7
10876,10876,Bluedart,Amritsar,2025-11-06,2025-11-11,Delivered,6
10877,10877,Bluedart,Thiruvananthapuram,2025-06-01,2025-06-06,Delivered Late,4
10878,10878,Xpressbees,Patna,2025-08-22,2025-08-28,Delivered Late,5
10879,10879,Xpressbees,Ranchi,2025-04-13,2025-04-17,Delivered,4
10880,10880,Delhivery,Vadodara,2025-04-11,2025-04-13,Delivered,2
10881,10881,Bluedart,Kochi,2025-09-09,2025-09-13,Delivered Late,2
10882,10882,Delhivery,Ahmedabad,2024-08-21,2024-08-23,Delivered,2
10883,10883,DTDC,Amritsar,2024-01-15,2024-01-18,Delivered Late,2
10884,10884,DTDC,Ahmedabad,2025-07-02,2025-07-07,Delivered,5
10885,10885,Xpressbees,Lucknow,2025-09-25,2025-09-28,Delivered,3
10886,10886,Ekart Logistics,Lucknow,2025-04-15,2025-04-16,Delivered,2
10887,10887,Xpressbees,Chennai,2025-11-30,2025-12-06,Delivered Late,5
10888,10888,Delhivery,Lucknow,,,Processing,7
10889,10889,Delhivery,Kanpur,2024-12-10,2024-12-12,Delivered,3
10890,10890,Xpressbees,Bengaluru,2025-07-15,2025-07-17,Delivered Late,2
10891,10891,Xpressbees,Chandigarh,2025-03-29,2025-04-04,Delivered,7
10892,10892,Delhivery,Chandigarh,2026-05-30,2026-06-01,Delivered,3
10893,10893,Bluedart,Patna,2025-09-26,2025-10-03,Returned,7
10894,10894,Delhivery,Kochi,2026-04-13,2026-04-14,Delivered,2
10895,10895,Bluedart,Nagpur,2025-11-01,2025-11-07,Delivered Late,4
10896,10896,Ekart Logistics,Thiruvananthapuram,2024-11-25,2024-11-29,Returned,4
10897,10897,DTDC,Indore,2026-02-19,2026-02-22,Delivered Late,2
10898,10898,Ecom Express,Bhubaneswar,2025-05-18,,In Transit,5
10899,10899,DTDC,Mumbai,2025-01-18,2025-01-23,Delivered Late,5
10900,10900,Bluedart,Indore,2025-07-14,2025-07-16,Delivered,3
10901,10901,Bluedart,Ahmedabad,2026-04-29,2026-05-02,Returned,2
10902,10902,Ekart Logistics,Bengaluru,2026-03-20,2026-03-27,Delivered,7
10903,10903,DTDC,Bhopal,2025-12-15,2025-12-16,Delivered,2
10904,10904,Ecom Express,Chandigarh,2025-01-07,2025-01-11,Delivered Late,2
10905,10905,Xpressbees,Coimbatore,2025-11-13,2025-11-15,Delivered,3
10906,10906,Ekart Logistics,Delhi,2025-06-17,2025-06-21,Delivered,4
10907,10907,Xpressbees,Lucknow,2026-03-24,2026-03-27,Delivered,4
10908,10908,Delhivery,Bhubaneswar,2025-11-13,2025-11-17,Delivered,4
10909,10909,Delhivery,Patna,2025-06-18,2025-06-21,Delivered,3
10910,10910,Xpressbees,Mysuru,2025-04-10,2025-04-15,Delivered,6
10911,10911,Ekart Logistics,Kanpur,2025-04-29,2025-05-01,Delivered,2
10912,10912,Ekart Logistics,Amritsar,2026-02-12,2026-02-14,Delivered,3
10913,10913,Ekart Logistics,Mumbai,2025-09-25,2025-09-27,Delivered,3
10914,10914,Ecom Express,Thiruvananthapuram,,,Not Shipped,3
10915,10915,Ecom Express,Chandigarh,2026-08-18,2026-08-25,Delivered,7
10916,10916,Bluedart,Nagpur,2025-03-19,2025-03-26,Delivered Late,6
10917,10917,Bluedart,Kanpur,2026-04-25,2026-05-04,Delivered Late,7
10918,10918,DTDC,Patna,2026-01-09,2026-01-12,Delivered Late,2
10919,10919,Bluedart,Indore,2024-08-18,2024-08-25,Delivered,7
10920,10920,Xpressbees,Indore,,,Not Shipped,7
10921,10921,DTDC,Vadodara,2025-09-11,2025-09-18,Delivered,7
10922,10922,Bluedart,Nashik,2025-03-08,2025-03-16,Delivered Late,6
10923,10923,DTDC,Hyderabad,2025-08-18,2025-08-22,Delivered,4
10924,10924,Ecom Express,Amritsar,2026-01-23,2026-01-27,Delivered,5
10925,10925,Delhivery,Ahmedabad,2025-02-19,2025-02-23,Delivered Late,4
10926,10926,DTDC,Ranchi,2025-02-09,2025-02-10,Delivered,2
10927,10927,Delhivery,Chandigarh,,,Not Shipped,3
10928,10928,Delhivery,Pune,2025-05-19,2025-05-21,Delivered Late,2
10929,10929,Bluedart,Amritsar,2025-12-06,2025-12-09,Delivered,4
10930,10930,Ecom Express,Lucknow,2025-11-28,2025-12-01,Delivered Late,2
10931,10931,Delhivery,Kolkata,2025-05-10,2025-05-15,Delivered,5
10932,10932,Bluedart,Thiruvananthapuram,,,Not Shipped,6
10933,10933,DTDC,Bengaluru,2025-06-15,2025-06-20,Delivered Late,5
10934,10934,DTDC,Bhopal,,,Not Shipped,5
10935,10935,DTDC,Bengaluru,2025-06-19,2025-06-24,Delivered,5
10936,10936,DTDC,Amritsar,2024-10-01,,In Transit,7
10937,10937,Xpressbees,Nashik,2024-07-08,2024-07-12,Delivered Late,4
10938,10938,Ekart Logistics,Hyderabad,2026-05-15,2026-05-17,Delivered,2
10939,10939,Delhivery,Hyderabad,,,Not Shipped,7
10940,10940,Delhivery,Kochi,2025-08-23,2025-08-27,Delivered,5
10941,10941,Ecom Express,Bhubaneswar,,,Not Shipped,3
10942,10942,Xpressbees,Nashik,2026-07-31,2026-08-03,Delivered,4
10943,10943,Ecom Express,Bhubaneswar,2025-10-02,2025-10-08,Delivered Late,4
10944,10944,Ekart Logistics,Hyderabad,2024-10-20,2024-10-24,Delivered,5
10945,10945,Ekart Logistics,Bengaluru,2023-11-23,2023-11-27,Delivered,4
10946,10946,Ecom Express,Jaipur,2026-02-07,2026-02-12,Returned,4
10947,10947,Ekart Logistics,Patna,2026-07-09,2026-07-17,Delivered Late,5
10948,10948,Delhivery,Patna,2025-08-05,2025-08-09,Delivered,4
10949,10949,Xpressbees,Chennai,2025-02-09,2025-02-16,Delivered Late,5
10950,10950,Xpressbees,Kolkata,2025-09-29,,In Transit,2
10951,10951,Bluedart,Hyderabad,,,Not Shipped,5
10952,10952,DTDC,Chennai,2025-11-19,2025-11-25,Delivered,6
10953,10953,DTDC,Chennai,2026-06-04,2026-06-09,Delivered Late,4
10954,10954,Xpressbees,Ranchi,2026-05-25,2026-05-30,Delivered,5
10955,10955,Bluedart,Pune,2025-04-18,2025-04-22,Delivered,5
10956,10956,Bluedart,Thiruvananthapuram,2026-01-26,2026-01-31,Delivered,5
10957,10957,Ecom Express,Kochi,2026-04-30,2026-05-05,Delivered,5
10958,10958,Ecom Express,Indore,2024-08-06,2024-08-10,Returned,4
10959,10959,Ecom Express,Jaipur,,,Not Shipped,2
10960,10960,Ekart Logistics,Bhubaneswar,2024-12-31,2025-01-06,Delivered,7
10961,10961,Ecom Express,Nashik,2025-10-17,2025-10-19,Delivered,2
10962,10962,DTDC,Delhi,2025-10-20,2025-10-22,Delivered,2
10963,10963,Delhivery,Patna,2026-08-02,2026-08-07,Delivered Late,5
10964,10964,Bluedart,Bengaluru,2026-03-16,2026-03-21,Delivered,5
10965,10965,Ecom Express,Nagpur,2025-01-28,2025-02-02,Delivered,5
10966,10966,Bluedart,Kolkata,2024-05-03,2024-05-07,Delivered Late,2
10967,10967,Bluedart,Patna,2026-03-25,2026-04-02,Delivered Late,5
10968,10968,Ekart Logistics,Ahmedabad,2026-07-06,2026-07-12,Delivered Late,6
10969,10969,Ecom Express,Bhopal,2025-09-30,2025-10-07,Delivered Late,4
10970,10970,DTDC,Surat,2025-11-07,2025-11-12,Delivered,6
10971,10971,Ekart Logistics,Chandigarh,2025-07-06,2025-07-13,Delivered Late,7
10972,10972,Delhivery,Indore,2026-08-19,2026-08-23,Delivered Late,4
10973,10973,Ekart Logistics,Hyderabad,2025-10-18,2025-10-24,Delivered Late,4
10974,10974,Xpressbees,Vadodara,2024-04-24,2024-04-30,Delivered,7
10975,10975,DTDC,Thiruvananthapuram,2024-07-06,2024-07-08,Delivered,2
10976,10976,DTDC,Ranchi,2025-02-08,2025-02-11,Delivered,4
10977,10977,Ecom Express,Ranchi,2025-12-08,2025-12-14,Delivered,6
10978,10978,Ekart Logistics,Indore,2026-04-21,2026-04-26,Delivered,5
10979,10979,Xpressbees,Amritsar,2024-05-20,,In Transit,4
10980,10980,Ekart Logistics,Amritsar,2025-04-19,2025-04-21,Delivered,2
10981,10981,Bluedart,Mumbai,2024-09-10,2024-09-16,Delivered,7
10982,10982,Delhivery,Mumbai,2024-10-30,2024-11-04,Delivered Late,4
10983,10983,Bluedart,Bengaluru,2026-06-08,2026-06-11,Delivered,4
10984,10984,Bluedart,Thiruvananthapuram,2026-01-25,2026-01-29,Delivered,4
10985,10985,DTDC,Mysuru,2026-06-17,2026-06-21,Delivered Late,2
10986,10986,Delhivery,Hyderabad,2026-06-25,2026-06-29,Returned,3
10987,10987,Delhivery,Chandigarh,2025-09-01,2025-09-08,Delivered,7
10988,10988,Bluedart,Coimbatore,2026-05-15,2026-05-22,Delivered,7
10989,10989,Ekart Logistics,Patna,,,Not Shipped,3
10990,10990,Xpressbees,Ahmedabad,2025-11-19,2025-11-22,Delivered,4
10991,10991,Xpressbees,Coimbatore,2025-09-01,2025-09-02,Delivered,2
10992,10992,DTDC,Thiruvananthapuram,2025-01-12,2025-01-15,Delivered,3
10993,10993,DTDC,Jaipur,2026-04-20,2026-04-26,Delivered,7
10994,10994,Delhivery,Thiruvananthapuram,2025-09-30,2025-10-07,Delivered Late,5
10995,10995,Ecom Express,Bengaluru,2026-02-10,2026-02-19,Delivered Late,7
10996,10996,Delhivery,Ahmedabad,2025-08-12,2025-08-13,Returned,2
10997,10997,Xpressbees,Surat,2025-09-03,2025-09-07,Delivered Late,3
10998,10998,Bluedart,Surat,,,Processing,7
10999,10999,Xpressbees,Delhi,2025-09-27,2025-10-04,Delivered Late,4
11000,11000,Ecom Express,Chandigarh,2026-07-06,2026-07-07,Delivered,2
11001,11001,Ecom Express,Chennai,2026-01-31,2026-02-09,Delivered Late,7
11002,11002,Xpressbees,Bengaluru,2025-11-25,2025-11-30,Delivered Late,2
11003,11003,Bluedart,Guwahati,2025-07-24,2025-07-30,Delivered,7
11004,11004,Ekart Logistics,Ahmedabad,2024-06-16,2024-06-24,Delivered Late,7
11005,11005,Xpressbees,Amritsar,2026-02-05,2026-02-09,Delivered,5
11006,11006,Xpressbees,Delhi,2025-02-14,2025-02-20,Delivered,6
11007,11007,Delhivery,Mysuru,2024-12-25,2024-12-27,Delivered,2
11008,11008,Bluedart,Bhubaneswar,2026-05-28,2026-06-01,Delivered,4
11009,11009,Bluedart,Bhubaneswar,2026-04-14,2026-04-20,Delivered Late,4
11010,11010,Ekart Logistics,Ahmedabad,2024-09-21,2024-09-23,Delivered Late,2
11011,11011,Delhivery,Surat,2025-10-30,2025-11-05,Delivered,7
11012,11012,DTDC,Surat,2024-08-26,2024-09-03,Delivered Late,7
11013,11013,Delhivery,Hyderabad,2024-09-12,,In Transit,6
11014,11014,Bluedart,Mumbai,2025-02-20,2025-02-24,Delivered,4
11015,11015,Ecom Express,Bengaluru,2025-08-28,2025-08-30,Delivered,3
11016,11016,Xpressbees,Surat,2025-05-09,2025-05-14,Delivered,5
11017,11017,Ekart Logistics,Chandigarh,2026-02-23,2026-02-27,Delivered,4
11018,11018,Bluedart,Surat,,,Not Shipped,6
11019,11019,Ekart Logistics,Nagpur,2026-02-10,2026-02-15,Delivered,5
11020,11020,DTDC,Thiruvananthapuram,2026-04-10,2026-04-16,Delivered,7
11021,11021,Bluedart,Bhopal,2025-02-18,2025-02-23,Delivered,5
11022,11022,DTDC,Mysuru,2026-03-30,2026-04-07,Delivered Late,6
11023,11023,Bluedart,Thiruvananthapuram,2025-05-30,2025-06-07,Delivered Late,6
11024,11024,Delhivery,Thiruvananthapuram,2026-03-07,2026-03-12,Delivered Late,4
11025,11025,Bluedart,Bhopal,,,Not Shipped,3
11026,11026,Ekart Logistics,Amritsar,2025-09-10,2025-09-12,Delivered,3
11027,11027,Bluedart,Thiruvananthapuram,2026-01-24,,In Transit,6
11028,11028,DTDC,Patna,2026-04-27,2026-05-03,Delivered Late,5
11029,11029,DTDC,Lucknow,2024-11-21,,In Transit,7
11030,11030,Bluedart,Hyderabad,2026-04-15,2026-04-19,Delivered,4
11031,11031,DTDC,Bhopal,2025-12-18,2025-12-22,Delivered Late,4
11032,11032,Ekart Logistics,Indore,2025-08-30,2025-09-03,Delivered,5
11033,11033,Ecom Express,Nashik,2025-09-23,2025-09-25,Delivered,2
11034,11034,Bluedart,Chandigarh,,,Processing,3
11035,11035,DTDC,Surat,2024-09-09,2024-09-13,Delivered Late,2
11036,11036,Delhivery,Mysuru,2025-05-13,2025-05-17,Delivered,5
11037,11037,Ekart Logistics,Ahmedabad,2025-08-05,2025-08-09,Delivered Late,4
11038,11038,Delhivery,Kolkata,2026-06-19,2026-06-24,Delivered,6
11039,11039,Ecom Express,Nashik,2025-12-31,2026-01-07,Delivered Late,5
11040,11040,Ekart Logistics,Mumbai,2026-04-06,2026-04-14,Delivered Late,6
11041,11041,Ekart Logistics,Nashik,2026-08-19,2026-08-23,Delivered,4
11042,11042,Bluedart,Amritsar,2026-02-26,2026-03-03,Delivered,6
11043,11043,Ekart Logistics,Chennai,2025-07-13,2025-07-20,Delivered Late,7
11044,11044,Xpressbees,Bengaluru,2025-03-14,2025-03-20,Delivered,6
11045,11045,Ekart Logistics,Indore,2025-04-23,2025-05-01,Delivered Late,7
11046,11046,Ekart Logistics,Bhubaneswar,,,Not Shipped,7
11047,11047,Ekart Logistics,Nashik,,,Not Shipped,7
11048,11048,Delhivery,Guwahati,2025-04-30,2025-05-03,Delivered Late,2
11049,11049,Delhivery,Kanpur,,,Not Shipped,6
11050,11050,Delhivery,Guwahati,2024-07-10,2024-07-17,Delivered Late,5
11051,11051,Ekart Logistics,Ahmedabad,2026-03-03,2026-03-05,Delivered,2
11052,11052,DTDC,Amritsar,2025-08-19,2025-08-26,Delivered Late,5
11053,11053,DTDC,Kanpur,2025-04-13,2025-04-20,Delivered,7
11054,11054,DTDC,Vadodara,2025-05-22,2025-05-30,Delivered Late,5
11055,11055,Delhivery,Coimbatore,2026-06-20,2026-06-23,Returned,2
11056,11056,Delhivery,Kanpur,2024-05-02,2024-05-08,Delivered,7
11057,11057,DTDC,Kanpur,2025-10-12,2025-10-19,Delivered,7
11058,11058,Xpressbees,Jaipur,2024-12-22,2024-12-25,Delivered Late,2
11059,11059,Xpressbees,Bhubaneswar,2025-12-23,2025-12-25,Delivered,3
11060,11060,Xpressbees,Indore,2024-12-16,2024-12-18,Delivered,2
11061,11061,Bluedart,Vadodara,2026-08-07,2026-08-11,Delivered,5
11062,11062,Ecom Express,Guwahati,2025-07-08,,In Transit,2
11063,11063,Delhivery,Nagpur,2025-06-10,2025-06-15,Delivered,6
11064,11064,Xpressbees,Pune,2026-02-15,2026-02-23,Delivered Late,7
11065,11065,DTDC,Pune,2026-05-23,,In Transit,6
11066,11066,Xpressbees,Mumbai,2025-01-26,2025-01-27,Delivered,2
11067,11067,Xpressbees,Hyderabad,,,Not Shipped,6
11068,11068,Ekart Logistics,Bhopal,2025-11-26,2025-11-28,Delivered,3
11069,11069,Xpressbees,Kolkata,,,Not Shipped,4
11070,11070,Bluedart,Kolkata,2025-05-16,2025-05-17,Delivered,2
11071,11071,Ekart Logistics,Ranchi,2025-10-09,2025-10-13,Delivered,4
11072,11072,DTDC,Lucknow,2026-08-06,2026-08-10,Delivered Late,3
11073,11073,Bluedart,Nashik,2023-12-25,2023-12-30,Delivered,6
11074,11074,DTDC,Patna,2026-01-17,2026-01-22,Delivered,5
11075,11075,Ekart Logistics,Chandigarh,2025-10-30,2025-11-03,Delivered Late,2
11076,11076,Xpressbees,Lucknow,2025-12-18,2025-12-22,Delivered Late,3
11077,11077,DTDC,Kolkata,2026-05-03,2026-05-09,Delivered,7
11078,11078,Ecom Express,Hyderabad,2026-02-04,2026-02-09,Delivered,5
11079,11079,Xpressbees,Kolkata,2026-03-25,2026-03-29,Delivered Late,4
11080,11080,Xpressbees,Bhubaneswar,2025-12-02,2025-12-07,Delivered,5
11081,11081,Ecom Express,Chennai,2026-02-02,2026-02-06,Delivered Late,3
11082,11082,Bluedart,Vadodara,2024-07-03,2024-07-05,Delivered,2
11083,11083,Xpressbees,Hyderabad,2025-05-28,2025-06-02,Delivered,6
11084,11084,Delhivery,Ahmedabad,2025-01-20,2025-01-25,Delivered Late,4
11085,11085,Bluedart,Delhi,2025-11-07,,In Transit,7
11086,11086,Bluedart,Jaipur,,,Not Shipped,7
11087,11087,Delhivery,Thiruvananthapuram,2026-04-01,2026-04-05,Delivered Late,3
11088,11088,Bluedart,Patna,2026-02-27,2026-03-02,Delivered,4
11089,11089,Ekart Logistics,Thiruvananthapuram,2025-06-27,2025-07-02,Delivered,5
11090,11090,Ekart Logistics,Indore,2025-11-10,2025-11-15,Delivered Late,4
11091,11091,Bluedart,Coimbatore,2025-11-12,2025-11-19,Delivered,7
11092,11092,Ecom Express,Bhubaneswar,2025-09-20,2025-09-26,Delivered Late,6
11093,11093,Bluedart,Kochi,2025-04-27,2025-05-05,Delivered Late,6
11094,11094,Bluedart,Thiruvananthapuram,2025-08-22,2025-08-27,Delivered,6
11095,11095,Ecom Express,Mysuru,2026-05-23,2026-05-30,Delivered,7
11096,11096,Ecom Express,Surat,2024-09-21,2024-09-29,Delivered Late,7
11097,11097,Ekart Logistics,Kolkata,2026-05-11,2026-05-19,Delivered Late,7
11098,11098,Ekart Logistics,Patna,2025-08-22,2025-08-24,Delivered,3
11099,11099,Ecom Express,Mumbai,2025-06-17,2025-06-21,Delivered Late,3
11100,11100,Ekart Logistics,Kolkata,2026-02-20,2026-02-27,Delivered,7
11101,11101,DTDC,Chandigarh,2025-01-15,2025-01-17,Delivered,3
11102,11102,Ecom Express,Mumbai,2025-12-16,2025-12-19,Returned,3
11103,11103,Bluedart,Nashik,2025-11-16,2025-11-20,Delivered,4
11104,11104,DTDC,Pune,,,Not Shipped,4
11105,11105,Delhivery,Vadodara,,,Processing,5
11106,11106,Bluedart,Delhi,2025-12-24,2025-12-29,Delivered Late,5
11107,11107,DTDC,Coimbatore,,,Processing,7
11108,11108,Ecom Express,Lucknow,2025-08-01,2025-08-08,Delivered Late,5
11109,11109,DTDC,Indore,2026-02-15,2026-02-22,Delivered,7
11110,11110,Ekart Logistics,Guwahati,2025-09-02,2025-09-10,Delivered Late,6
11111,11111,DTDC,Jaipur,2025-10-20,2025-10-26,Delivered,6
11112,11112,DTDC,Ahmedabad,2026-06-11,2026-06-13,Delivered Late,2
11113,11113,DTDC,Ahmedabad,2025-12-29,2025-12-31,Returned,2
11114,11114,Bluedart,Indore,2026-07-02,2026-07-08,Delivered,6
11115,11115,DTDC,Kochi,2025-08-20,2025-08-22,Delivered,3
11116,11116,Delhivery,Mysuru,2025-04-27,2025-05-02,Delivered,6
11117,11117,DTDC,Mumbai,,,Not Shipped,6
11118,11118,Ekart Logistics,Kanpur,2026-02-22,2026-02-28,Delivered Late,4
11119,11119,Bluedart,Amritsar,2024-11-29,2024-12-04,Delivered,6
11120,11120,DTDC,Ahmedabad,2025-11-12,2025-11-22,Delivered Late,7
11121,11121,DTDC,Patna,,,Not Shipped,5
11122,11122,Ekart Logistics,Kolkata,2025-04-16,2025-04-21,Delivered Late,4
11123,11123,Xpressbees,Amritsar,2025-08-20,2025-08-25,Delivered,5
11124,11124,Ecom Express,Thiruvananthapuram,2025-06-25,2025-07-01,Delivered,6
11125,11125,DTDC,Ranchi,2025-03-20,2025-03-24,Delivered,5
11126,11126,Delhivery,Coimbatore,,,Processing,4
11127,11127,Bluedart,Nashik,2025-11-01,2025-11-05,Delivered Late,4
11128,11128,Ekart Logistics,Guwahati,2025-09-05,2025-09-11,Delivered Late,4
11129,11129,Ecom Express,Pune,2025-07-06,2025-07-15,Delivered Late,7
11130,11130,Ecom Express,Chandigarh,2026-05-29,2026-05-31,Delivered,3
11131,11131,Delhivery,Pune,2026-05-30,2026-06-06,Delivered Late,4
11132,11132,Bluedart,Vadodara,2026-04-28,2026-05-05,Delivered Late,4
11133,11133,DTDC,Bhopal,2025-11-30,2025-12-04,Delivered,5
11134,11134,Xpressbees,Kanpur,2025-08-27,2025-09-02,Delivered Late,5
11135,11135,Ecom Express,Kanpur,2025-03-18,2025-03-25,Delivered,7
11136,11136,Ecom Express,Hyderabad,2025-09-04,2025-09-08,Delivered,4
11137,11137,Ecom Express,Amritsar,,,Not Shipped,6
11138,11138,Ecom Express,Bhubaneswar,,,Processing,3
11139,11139,Bluedart,Pune,2024-08-26,2024-08-28,Delivered,2
11140,11140,Ekart Logistics,Pune,2026-02-14,2026-02-20,Delivered Late,4
11141,11141,Ecom Express,Bengaluru,,,Not Shipped,2
11142,11142,Delhivery,Mumbai,2024-12-16,2024-12-23,Delivered Late,7
11143,11143,Delhivery,Vadodara,2026-01-24,2026-01-30,Delivered Late,3
11144,11144,Delhivery,Chandigarh,2025-01-10,2025-01-14,Delivered,4
11145,11145,Bluedart,Kolkata,2026-04-24,2026-04-27,Delivered,4
11146,11146,Delhivery,Vadodara,2025-07-07,2025-07-13,Delivered,6
11147,11147,Ekart Logistics,Bhopal,2025-10-10,2025-10-11,Delivered,2
11148,11148,Delhivery,Mumbai,2026-01-26,2026-01-30,Delivered Late,3
11149,11149,Ecom Express,Nashik,2026-04-26,2026-05-02,Delivered,7
11150,11150,Delhivery,Ranchi,2026-05-30,2026-06-03,Delivered,5
11151,11151,DTDC,Kolkata,2026-04-26,2026-05-02,Delivered Late,5
11152,11152,Delhivery,Surat,2026-04-15,,In Transit,3
11153,11153,Ekart Logistics,Mysuru,2025-11-24,2025-11-25,Delivered,2
11154,11154,Bluedart,Kochi,2025-10-21,2025-10-30,Delivered Late,7
11155,11155,Delhivery,Kochi,,,Processing,5
11156,11156,Delhivery,Mumbai,2025-03-06,2025-03-11,Delivered,6
11157,11157,Bluedart,Chandigarh,2025-08-10,2025-08-11,Delivered,2
11158,11158,Bluedart,Chennai,2025-05-18,2025-05-24,Delivered Late,5
11159,11159,Ecom Express,Bhubaneswar,2025-01-08,2025-01-12,Delivered,5
11160,11160,Delhivery,Patna,2026-05-12,2026-05-15,Delivered,4
11161,11161,Delhivery,Mysuru,2026-03-20,2026-03-27,Delivered Late,6
11162,11162,Ekart Logistics,Nashik,2026-04-03,2026-04-09,Delivered,7
11163,11163,Bluedart,Mumbai,2026-05-09,2026-05-14,Delivered,5
11164,11164,DTDC,Mumbai,2024-12-15,2024-12-17,Delivered Late,2
11165,11165,DTDC,Pune,2025-12-10,2025-12-12,Delivered,3
11166,11166,Ecom Express,Lucknow,2026-01-11,2026-01-13,Delivered Late,2
11167,11167,Delhivery,Kochi,2024-11-16,2024-11-23,Delivered Late,5
11168,11168,Delhivery,Vadodara,2025-12-07,2025-12-15,Delivered Late,5
11169,11169,Xpressbees,Vadodara,,,Not Shipped,6
11170,11170,DTDC,Hyderabad,2026-04-26,2026-04-30,Delivered,5
11171,11171,Bluedart,Delhi,2025-09-04,2025-09-08,Delivered,5
11172,11172,Ekart Logistics,Chennai,2025-11-14,2025-11-21,Delivered,7
11173,11173,Xpressbees,Vadodara,2025-10-31,2025-11-03,Delivered,4
11174,11174,DTDC,Hyderabad,2025-11-21,2025-11-24,Delivered Late,2
11175,11175,Bluedart,Delhi,2025-08-06,2025-08-13,Delivered,7
11176,11176,Delhivery,Pune,2025-12-29,2026-01-02,Delivered,4
11177,11177,Bluedart,Indore,,,Not Shipped,3
11178,11178,DTDC,Ranchi,2026-05-06,2026-05-09,Delivered,4
11179,11179,Bluedart,Nashik,2026-04-19,2026-04-26,Delivered Late,6
11180,11180,Bluedart,Amritsar,2026-03-25,2026-03-28,Returned,2
11181,11181,Bluedart,Kolkata,,,Processing,2
11182,11182,Ecom Express,Bengaluru,2025-09-03,2025-09-08,Delivered,6
11183,11183,Delhivery,Kolkata,2025-02-20,2025-02-25,Delivered,5
11184,11184,Xpressbees,Bhubaneswar,2025-06-30,2025-07-08,Delivered Late,7
11185,11185,Xpressbees,Mysuru,2026-07-08,2026-07-12,Returned,3
11186,11186,DTDC,Kochi,2026-04-10,2026-04-15,Delivered,5
11187,11187,Xpressbees,Indore,2026-04-02,2026-04-06,Delivered,5
11188,11188,Ekart Logistics,Kanpur,2025-10-20,2025-10-23,Delivered,3
11189,11189,Ekart Logistics,Mysuru,,,Not Shipped,2
11190,11190,Xpressbees,Ranchi,2024-10-17,2024-10-20,Delivered,3
11191,11191,Xpressbees,Bhubaneswar,2026-01-08,2026-01-10,Delivered,3
11192,11192,Ekart Logistics,Coimbatore,2025-10-05,2025-10-10,Delivered Late,4
11193,11193,Ecom Express,Chandigarh,,,Not Shipped,6
11194,11194,Ekart Logistics,Lucknow,2026-03-05,,In Transit,7
11195,11195,Ecom Express,Thiruvananthapuram,2025-11-23,2025-11-28,Delivered,5
11196,11196,DTDC,Coimbatore,2025-01-29,2025-02-02,Delivered,5
11197,11197,Ecom Express,Indore,2025-10-26,2025-11-01,Delivered Late,5
11198,11198,Delhivery,Kochi,2025-12-01,2025-12-10,Delivered Late,6
11199,11199,Ekart Logistics,Coimbatore,,,Not Shipped,4
11200,11200,Xpressbees,Chandigarh,2025-07-24,2025-07-26,Delivered,2
11201,11201,Ekart Logistics,Chennai,2026-06-09,2026-06-16,Delivered Late,5
11202,11202,Delhivery,Bhubaneswar,2026-07-05,2026-07-11,Delivered Late,4
11203,11203,Ecom Express,Delhi,2025-02-06,2025-02-11,Delivered Late,4
11204,11204,Ecom Express,Kanpur,2026-02-09,2026-02-13,Returned,4
11205,11205,Ecom Express,Kolkata,2026-06-24,2026-06-27,Delivered Late,2
11206,11206,Ecom Express,Pune,2025-03-18,2025-03-25,Delivered,7
11207,11207,Ecom Express,Amritsar,2026-03-31,2026-04-06,Delivered Late,4
11208,11208,Ecom Express,Kochi,2025-07-16,2025-07-20,Delivered,5
11209,11209,DTDC,Bhubaneswar,2025-02-02,2025-02-08,Delivered,6
11210,11210,DTDC,Kanpur,2026-04-01,2026-04-09,Delivered Late,7
11211,11211,Delhivery,Thiruvananthapuram,2026-06-16,2026-06-23,Delivered Late,6
11212,11212,Delhivery,Amritsar,2026-02-21,2026-02-26,Delivered,6
11213,11213,DTDC,Kolkata,,,Not Shipped,6
11214,11214,DTDC,Mumbai,2026-05-16,2026-05-23,Delivered,7
11215,11215,DTDC,Mumbai,2026-03-01,2026-03-06,Delivered,6
11216,11216,Ekart Logistics,Mysuru,2026-03-01,2026-03-03,Delivered Late,2
11217,11217,Xpressbees,Jaipur,2025-10-06,2025-10-11,Delivered,6
11218,11218,Ecom Express,Amritsar,2024-12-24,2024-12-30,Delivered,7
11219,11219,DTDC,Bengaluru,2024-10-30,2024-11-05,Delivered Late,5
11220,11220,Ecom Express,Chandigarh,2025-07-14,2025-07-20,Delivered,7
11221,11221,Ecom Express,Bhopal,2025-08-11,2025-08-17,Delivered Late,4
11222,11222,Xpressbees,Kanpur,2025-12-03,2025-12-08,Delivered Late,5
11223,11223,Bluedart,Mumbai,,,Processing,2
11224,11224,Xpressbees,Mumbai,2026-08-01,2026-08-08,Delivered,7
11225,11225,DTDC,Coimbatore,2026-03-07,2026-03-10,Delivered,3
11226,11226,Ekart Logistics,Indore,2026-05-05,2026-05-12,Delivered,7
11227,11227,Xpressbees,Bengaluru,2026-03-10,2026-03-13,Delivered Late,2
11228,11228,Ecom Express,Ranchi,2025-07-13,2025-07-22,Delivered Late,6
11229,11229,Xpressbees,Indore,2024-10-25,2024-11-01,Delivered,7
11230,11230,DTDC,Pune,2026-06-15,2026-06-20,Delivered Late,4
11231,11231,DTDC,Thiruvananthapuram,2026-01-08,2026-01-14,Delivered,6
11232,11232,DTDC,Kochi,2025-10-27,2025-11-03,Returned,7
11233,11233,DTDC,Pune,2025-10-19,2025-10-21,Delivered,2
11234,11234,Ekart Logistics,Coimbatore,2026-02-22,2026-02-25,Delivered,4
11235,11235,Delhivery,Ahmedabad,2025-09-01,,In Transit,4
11236,11236,Xpressbees,Amritsar,2026-02-27,2026-03-01,Delivered,2
11237,11237,Bluedart,Bengaluru,2025-04-01,2025-04-08,Delivered,7
11238,11238,Bluedart,Bhubaneswar,2025-08-24,2025-08-27,Delivered Late,3
11239,11239,Xpressbees,Indore,2026-05-31,2026-06-03,Delivered,3
11240,11240,Delhivery,Patna,2026-05-29,2026-05-31,Delivered,3
11241,11241,DTDC,Coimbatore,2026-05-28,2026-06-01,Delivered Late,3
11242,11242,Ecom Express,Bhopal,2026-03-15,2026-03-22,Delivered,7
11243,11243,Ecom Express,Chandigarh,2025-07-19,2025-07-21,Delivered Late,2
11244,11244,Ecom Express,Delhi,2025-09-20,2025-09-22,Delivered,3
11245,11245,Bluedart,Bhubaneswar,2025-04-14,2025-04-16,Delivered,3
11246,11246,Delhivery,Bhopal,2026-03-10,2026-03-15,Delivered Late,2
11247,11247,DTDC,Guwahati,2026-03-23,2026-03-30,Delivered,7
11248,11248,DTDC,Amritsar,2025-04-26,,In Transit,3
11249,11249,DTDC,Guwahati,2026-06-06,2026-06-09,Delivered,4
11250,11250,Ekart Logistics,Jaipur,2026-03-27,2026-04-05,Delivered Late,7
11251,11251,Ecom Express,Pune,,,Processing,4
11252,11252,Bluedart,Kolkata,,,Not Shipped,2
11253,11253,Delhivery,Bengaluru,2025-10-28,2025-11-03,Delivered,7
11254,11254,DTDC,Hyderabad,2025-01-19,2025-01-24,Delivered,5
11255,11255,Delhivery,Lucknow,2025-06-24,2025-07-01,Delivered,7
11256,11256,Delhivery,Delhi,2026-01-09,2026-01-19,Delivered Late,7
11257,11257,Delhivery,Jaipur,2026-01-26,2026-01-27,Delivered,2
11258,11258,Xpressbees,Hyderabad,2026-04-05,2026-04-11,Delivered Late,6
11259,11259,DTDC,Surat,2026-04-17,2026-04-22,Delivered,6
11260,11260,Bluedart,Bhopal,2025-01-09,2025-01-12,Delivered,4
11261,11261,Ekart Logistics,Chennai,,,Not Shipped,5
11262,11262,Ecom Express,Ranchi,2026-03-02,2026-03-05,Delivered Late,2
11263,11263,Xpressbees,Nashik,2026-03-03,2026-03-05,Delivered,3
11264,11264,Delhivery,Chandigarh,2026-02-05,,In Transit,7
11265,11265,DTDC,Guwahati,2025-11-08,2025-11-11,Delivered Late,2
11266,11266,DTDC,Pune,2025-11-26,2025-12-01,Delivered Late,5
11267,11267,Bluedart,Nashik,2026-05-01,2026-05-03,Delivered,2
11268,11268,Ecom Express,Kolkata,2024-10-16,2024-10-22,Delivered,7
11269,11269,DTDC,Lucknow,2025-06-16,2025-06-21,Delivered,6
11270,11270,DTDC,Kolkata,,,Not Shipped,5
11271,11271,DTDC,Lucknow,2025-01-29,2025-01-31,Delivered,3
11272,11272,Bluedart,Chennai,,,Processing,5
11273,11273,Xpressbees,Ahmedabad,2026-06-06,2026-06-10,Delivered Late,4
11274,11274,Bluedart,Chandigarh,2025-09-09,2025-09-15,Delivered,6
11275,11275,Xpressbees,Ahmedabad,2026-01-11,2026-01-16,Returned,4
11276,11276,Ekart Logistics,Vadodara,2026-01-23,2026-01-27,Delivered,4
11277,11277,Delhivery,Coimbatore,2025-03-24,,In Transit,7
11278,11278,Ekart Logistics,Kolkata,2024-10-29,2024-11-02,Delivered Late,2
11279,11279,Ecom Express,Hyderabad,2026-04-25,2026-05-02,Delivered Late,4
11280,11280,Ekart Logistics,Pune,,,Not Shipped,5
11281,11281,Bluedart,Jaipur,2025-08-30,2025-09-04,Delivered Late,3
11282,11282,Ecom Express,Mumbai,2026-03-19,2026-03-22,Delivered Late,3
11283,11283,Ekart Logistics,Guwahati,2025-06-15,2025-06-21,Delivered,6
11284,11284,Xpressbees,Lucknow,2026-07-31,,In Transit,6
11285,11285,Ekart Logistics,Indore,2023-12-21,2023-12-23,Delivered,3
11286,11286,Xpressbees,Chandigarh,2026-02-21,,In Transit,6
11287,11287,DTDC,Vadodara,2024-05-19,2024-05-25,Delivered Late,5
11288,11288,Bluedart,Vadodara,2025-09-10,2025-09-13,Delivered Late,3
11289,11289,Ecom Express,Bengaluru,2026-04-04,2026-04-10,Returned,6
11290,11290,Delhivery,Chennai,2025-03-09,2025-03-10,Delivered,2
11291,11291,Xpressbees,Patna,2025-08-30,2025-09-03,Delivered Late,2
11292,11292,Delhivery,Jaipur,2025-02-14,,In Transit,6
11293,11293,Ekart Logistics,Nagpur,2025-10-23,2025-10-29,Delivered Late,6
11294,11294,Xpressbees,Pune,2026-01-18,2026-01-22,Delivered,5
11295,11295,Delhivery,Ranchi,2025-03-07,2025-03-14,Delivered,7
11296,11296,Bluedart,Delhi,2025-03-19,2025-03-22,Delivered,4
11297,11297,Bluedart,Delhi,2026-05-04,2026-05-07,Delivered,3
11298,11298,Ekart Logistics,Bengaluru,2026-05-05,2026-05-08,Delivered,3
11299,11299,Ecom Express,Thiruvananthapuram,2026-06-10,2026-06-15,Delivered,5
11300,11300,DTDC,Mysuru,2026-02-07,2026-02-09,Delivered,3
11301,11301,Bluedart,Nashik,2025-11-30,2025-12-04,Delivered,5
11302,11302,Xpressbees,Guwahati,2025-11-06,2025-11-13,Delivered Late,5
11303,11303,Delhivery,Kanpur,,,Not Shipped,3
11304,11304,Ekart Logistics,Chandigarh,,,Not Shipped,5
11305,11305,DTDC,Pune,2025-12-13,2025-12-16,Delivered,3
11306,11306,DTDC,Chennai,2025-09-28,2025-09-30,Returned,2
11307,11307,Delhivery,Bengaluru,2026-03-01,2026-03-09,Delivered Late,6
11308,11308,Ekart Logistics,Kochi,2026-07-28,2026-08-02,Delivered Late,5
11309,11309,Delhivery,Delhi,2026-03-02,2026-03-11,Delivered Late,7
11310,11310,Bluedart,Amritsar,2026-02-16,2026-02-17,Delivered,2
11311,11311,Ecom Express,Kolkata,2026-05-24,2026-05-28,Returned,2
11312,11312,Delhivery,Indore,2025-07-07,2025-07-13,Delivered,6
11313,11313,Bluedart,Delhi,2026-03-20,2026-03-26,Delivered Late,5
11314,11314,Delhivery,Mumbai,2026-04-21,2026-04-27,Delivered Late,6
11315,11315,Ecom Express,Guwahati,,,Processing,2
11316,11316,DTDC,Chennai,2026-04-21,,In Transit,7
11317,11317,Xpressbees,Hyderabad,2025-08-16,2025-08-23,Delivered Late,4
11318,11318,DTDC,Kanpur,2025-03-20,2025-03-26,Delivered,7
11319,11319,Bluedart,Coimbatore,2026-03-08,2026-03-11,Delivered Late,2
11320,11320,Bluedart,Ranchi,2026-05-02,2026-05-07,Delivered,6
11321,11321,DTDC,Nashik,2026-01-07,2026-01-16,Delivered Late,7
11322,11322,Delhivery,Surat,2025-06-13,2025-06-19,Delivered Late,4
11323,11323,Ekart Logistics,Mumbai,2025-11-10,2025-11-13,Delivered Late,2
11324,11324,Delhivery,Vadodara,2026-05-23,2026-05-26,Delivered Late,3
11325,11325,Ekart Logistics,Mysuru,2025-04-24,2025-04-25,Delivered,2
11326,11326,Xpressbees,Bengaluru,2025-04-11,2025-04-15,Delivered,5
11327,11327,Xpressbees,Patna,2025-12-02,2025-12-04,Delivered,3
11328,11328,Delhivery,Patna,2025-02-04,2025-02-12,Returned,7
11329,11329,Ekart Logistics,Ranchi,2025-11-01,2025-11-08,Delivered,7
11330,11330,Bluedart,Delhi,,,Not Shipped,7
11331,11331,Bluedart,Bhubaneswar,2026-01-12,2026-01-16,Delivered Late,2
11332,11332,Delhivery,Hyderabad,2025-12-13,2025-12-18,Delivered,5
11333,11333,Delhivery,Kanpur,2025-12-21,2025-12-23,Delivered,3
11334,11334,Ekart Logistics,Kanpur,2025-10-02,2025-10-04,Delivered Late,2
11335,11335,Ekart Logistics,Jaipur,2025-03-10,2025-03-15,Delivered Late,4
11336,11336,Bluedart,Indore,2024-01-11,2024-01-13,Delivered,2
11337,11337,DTDC,Kochi,2026-02-18,,In Transit,3
11338,11338,Ekart Logistics,Kanpur,2025-02-19,2025-02-25,Delivered Late,4
11339,11339,Delhivery,Mumbai,2025-10-08,2025-10-13,Delivered Late,4
11340,11340,Ekart Logistics,Kolkata,2025-02-12,2025-02-19,Delivered Late,6
11341,11341,Xpressbees,Hyderabad,2026-03-20,2026-03-25,Delivered,5
11342,11342,Xpressbees,Bhubaneswar,2026-02-26,2026-03-01,Delivered,4
11343,11343,Ekart Logistics,Delhi,2025-04-11,2025-04-14,Delivered Late,3
11344,11344,Xpressbees,Nagpur,2026-01-29,2026-02-04,Delivered,7
11345,11345,Ekart Logistics,Nagpur,2024-11-05,2024-11-10,Delivered Late,2
11346,11346,Delhivery,Hyderabad,2025-03-22,2025-03-30,Delivered Late,7
11347,11347,Ecom Express,Nagpur,2026-02-13,,In Transit,7
11348,11348,Bluedart,Bengaluru,2025-01-12,2025-01-18,Delivered,6
11349,11349,DTDC,Kolkata,2025-06-28,2025-06-30,Delivered Late,2
11350,11350,Xpressbees,Coimbatore,2026-07-12,2026-07-17,Delivered,5
11351,11351,Xpressbees,Bhubaneswar,2025-12-27,2026-01-01,Delivered,5
11352,11352,Bluedart,Kanpur,2025-05-07,2025-05-12,Delivered,6
11353,11353,DTDC,Vadodara,2025-11-01,2025-11-05,Delivered,4
11354,11354,DTDC,Guwahati,2026-01-28,2026-02-04,Delivered,7
11355,11355,Delhivery,Surat,2026-08-19,2026-08-26,Delivered,7
11356,11356,Xpressbees,Kochi,2025-12-02,2025-12-07,Delivered Late,4
11357,11357,Ekart Logistics,Bhopal,2026-06-13,2026-06-19,Delivered Late,5
11358,11358,Bluedart,Coimbatore,2026-04-13,,In Transit,2
11359,11359,Delhivery,Delhi,2025-09-07,2025-09-10,Delivered,4
11360,11360,Ekart Logistics,Pune,2026-06-14,2026-06-18,Delivered,4
11361,11361,Ekart Logistics,Nashik,2025-08-13,2025-08-15,Delivered,2
11362,11362,DTDC,Mumbai,2026-01-01,,In Transit,5
11363,11363,Ekart Logistics,Pune,2026-07-09,2026-07-10,Delivered,2
11364,11364,DTDC,Ranchi,,,Not Shipped,7
11365,11365,Bluedart,Ahmedabad,2026-07-31,2026-08-02,Delivered,2
11366,11366,Xpressbees,Chandigarh,2024-09-30,2024-10-04,Delivered Late,2
11367,11367,DTDC,Mumbai,2025-12-31,2026-01-01,Delivered,2
11368,11368,Xpressbees,Ranchi,2025-03-05,2025-03-08,Delivered,4
11369,11369,Delhivery,Nagpur,2026-02-25,2026-02-26,Delivered,2
11370,11370,DTDC,Vadodara,,,Not Shipped,2
11371,11371,DTDC,Lucknow,2024-11-20,2024-11-27,Delivered Late,4
11372,11372,Delhivery,Kochi,,,Processing,5
11373,11373,DTDC,Mumbai,2025-12-31,2026-01-03,Delivered,4
11374,11374,Ecom Express,Chennai,2026-02-04,2026-02-10,Delivered,7
11375,11375,Delhivery,Nashik,2025-07-16,2025-07-23,Delivered Late,6
11376,11376,DTDC,Indore,2024-09-02,2024-09-09,Delivered,7
11377,11377,Bluedart,Mysuru,2024-10-27,2024-11-01,Delivered Late,4
11378,11378,Bluedart,Chennai,,,Processing,4
11379,11379,DTDC,Amritsar,2025-12-08,2025-12-10,Delivered,3
11380,11380,Ekart Logistics,Mysuru,2026-03-22,2026-03-27,Delivered,6
11381,11381,Xpressbees,Kanpur,2025-02-01,2025-02-03,Delivered,2
11382,11382,Ecom Express,Kanpur,2025-09-21,2025-09-23,Delivered,2
11383,11383,Ecom Express,Ranchi,2025-04-26,2025-04-28,Delivered,3
11384,11384,Ecom Express,Nagpur,2026-04-01,2026-04-04,Delivered Late,3
11385,11385,Ekart Logistics,Vadodara,2026-02-08,2026-02-11,Delivered Late,2
11386,11386,Delhivery,Mumbai,,,Not Shipped,6
11387,11387,Ecom Express,Kolkata,2025-01-05,2025-01-07,Delivered,3
11388,11388,DTDC,Bhopal,,,Not Shipped,7
11389,11389,Ecom Express,Guwahati,2025-09-18,2025-09-24,Delivered,6
11390,11390,Ekart Logistics,Kolkata,,,Not Shipped,3
11391,11391,Ekart Logistics,Hyderabad,2024-09-30,2024-10-03,Delivered,4
11392,11392,Delhivery,Nagpur,2025-11-05,2025-11-09,Delivered Late,4
11393,11393,Delhivery,Kolkata,2025-02-13,2025-02-21,Delivered Late,7
11394,11394,Xpressbees,Surat,2026-07-12,2026-07-18,Delivered,6
11395,11395,Bluedart,Surat,2025-10-06,,In Transit,5
11396,11396,Delhivery,Pune,2026-06-16,2026-06-21,Delivered,5
11397,11397,Xpressbees,Pune,2025-11-08,2025-11-11,Delivered Late,3
11398,11398,Xpressbees,Ranchi,2025-12-17,2025-12-21,Delivered,5
11399,11399,DTDC,Nashik,2026-08-18,2026-08-24,Delivered Late,5
11400,11400,Xpressbees,Lucknow,2025-06-01,2025-06-06,Delivered,6
11401,11401,Delhivery,Chandigarh,2026-02-18,2026-02-22,Delivered Late,4
11402,11402,Delhivery,Patna,2024-07-04,2024-07-06,Delivered,2
11403,11403,Delhivery,Delhi,2026-03-23,2026-03-27,Delivered,4
11404,11404,Xpressbees,Mysuru,2024-11-08,2024-11-14,Delivered,6
11405,11405,Ecom Express,Vadodara,2025-02-16,2025-02-23,Delivered,7
11406,11406,DTDC,Mysuru,2025-01-31,2025-02-07,Delivered Late,6
11407,11407,Delhivery,Hyderabad,2025-06-29,2025-07-03,Delivered,4
11408,11408,DTDC,Pune,2024-10-06,2024-10-13,Delivered Late,6
11409,11409,Ecom Express,Nagpur,2026-01-16,2026-01-20,Delivered Late,3
11410,11410,Ecom Express,Surat,2026-02-13,2026-02-16,Delivered,4
11411,11411,Ekart Logistics,Bengaluru,2026-02-04,2026-02-06,Delivered Late,2
11412,11412,DTDC,Bhubaneswar,,,Processing,2
11413,11413,Bluedart,Hyderabad,2025-03-09,2025-03-12,Delivered,3
11414,11414,Bluedart,Bhubaneswar,2026-06-18,2026-06-21,Delivered Late,2
11415,11415,Delhivery,Jaipur,2025-09-25,2025-09-30,Delivered Late,4
11416,11416,Xpressbees,Kolkata,2024-12-24,2024-12-27,Delivered,4
11417,11417,Delhivery,Amritsar,2025-11-01,2025-11-04,Delivered,4
11418,11418,Xpressbees,Nagpur,2025-11-25,2025-11-27,Delivered,2
11419,11419,Xpressbees,Chennai,2025-07-15,,In Transit,5
11420,11420,Ekart Logistics,Vadodara,2025-04-12,2025-04-22,Delivered Late,7
11421,11421,Ekart Logistics,Indore,2025-02-01,2025-02-04,Delivered,3
11422,11422,Xpressbees,Patna,2025-12-29,2026-01-05,Delivered,7
11423,11423,DTDC,Nagpur,2026-07-03,2026-07-07,Delivered Late,4
11424,11424,DTDC,Mumbai,,,Not Shipped,4
11425,11425,Bluedart,Surat,2024-10-31,2024-11-04,Delivered,4
11426,11426,DTDC,Bengaluru,2025-09-25,2025-10-01,Delivered,6
11427,11427,Bluedart,Pune,2026-03-26,2026-03-31,Delivered,5
11428,11428,DTDC,Nashik,2025-01-12,2025-01-14,Delivered,3
11429,11429,DTDC,Bengaluru,2025-08-07,2025-08-08,Delivered,2
11430,11430,Delhivery,Chandigarh,2025-01-01,2025-01-07,Delivered,6
11431,11431,DTDC,Jaipur,2026-02-17,2026-02-24,Delivered Late,6
11432,11432,Ecom Express,Chennai,2025-01-02,,In Transit,3
11433,11433,Delhivery,Kanpur,2026-02-17,2026-02-25,Delivered Late,6
11434,11434,Delhivery,Ranchi,2026-03-23,2026-03-29,Returned,4
11435,11435,Bluedart,Hyderabad,2025-12-29,2026-01-06,Delivered Late,7
11436,11436,DTDC,Hyderabad,2025-07-23,2025-07-26,Delivered Late,3
11437,11437,DTDC,Coimbatore,2024-12-10,2024-12-13,Delivered,3
11438,11438,Xpressbees,Ahmedabad,2026-02-27,2026-03-04,Delivered Late,5
11439,11439,Delhivery,Jaipur,2026-01-13,2026-01-18,Delivered,6
11440,11440,DTDC,Guwahati,2024-05-30,,In Transit,3
11441,11441,Bluedart,Surat,2025-06-10,2025-06-16,Delivered,6
11442,11442,Bluedart,Bengaluru,2025-03-22,2025-03-26,Delivered,4
11443,11443,Ecom Express,Surat,2025-02-06,2025-02-11,Returned,6
11444,11444,DTDC,Amritsar,2026-08-17,2026-08-19,Delivered Late,2
11445,11445,Delhivery,Pune,,,Processing,6
11446,11446,Delhivery,Chennai,2026-02-13,2026-02-16,Delivered,4
11447,11447,Ekart Logistics,Hyderabad,2025-01-05,2025-01-09,Delivered Late,4
11448,11448,DTDC,Kolkata,2024-09-30,,In Transit,4
11449,11449,Bluedart,Guwahati,2025-05-02,2025-05-04,Delivered,3
11450,11450,Bluedart,Patna,2025-05-09,2025-05-16,Delivered,7
11451,11451,Xpressbees,Kolkata,2025-10-04,2025-10-06,Delivered Late,2
11452,11452,Ecom Express,Pune,2026-04-23,2026-04-27,Delivered Late,4
11453,11453,Ecom Express,Surat,2025-12-09,2025-12-11,Delivered,3
11454,11454,Bluedart,Kanpur,2026-03-17,2026-03-23,Delivered Late,4
11455,11455,DTDC,Indore,2025-02-20,2025-02-22,Delivered,3
11456,11456,Ecom Express,Chennai,2025-09-26,,In Transit,7
11457,11457,Delhivery,Vadodara,2026-01-19,2026-01-21,Delivered,3
11458,11458,DTDC,Amritsar,2026-01-29,2026-02-06,Delivered Late,7
11459,11459,Xpressbees,Kolkata,2026-07-07,2026-07-11,Delivered,4
11460,11460,Ekart Logistics,Mumbai,2026-06-17,2026-06-20,Returned,4
11461,11461,Bluedart,Kolkata,2025-08-16,,In Transit,2
11462,11462,Delhivery,Vadodara,2026-02-26,2026-03-04,Delivered,7
11463,11463,Delhivery,Surat,2025-12-25,2026-01-02,Delivered Late,6
11464,11464,Xpressbees,Bengaluru,2026-07-01,2026-07-06,Delivered,6
11465,11465,DTDC,Delhi,2026-03-31,2026-04-08,Delivered Late,6
11466,11466,Bluedart,Amritsar,,,Not Shipped,4
11467,11467,Ekart Logistics,Jaipur,2025-07-11,2025-07-16,Delivered,5
11468,11468,Ecom Express,Bhopal,2025-04-10,2025-04-18,Delivered Late,7
11469,11469,DTDC,Chennai,2025-08-05,2025-08-11,Delivered,6
11470,11470,Ecom Express,Pune,2026-01-28,2026-01-30,Delivered,3
11471,11471,Xpressbees,Bengaluru,2025-09-03,2025-09-07,Delivered,4
11472,11472,Xpressbees,Guwahati,2024-12-29,2025-01-04,Delivered Late,4
11473,11473,Delhivery,Patna,2025-11-11,2025-11-19,Delivered Late,6
11474,11474,Ecom Express,Jaipur,2025-07-29,2025-08-06,Delivered Late,7
11475,11475,Xpressbees,Nashik,2026-06-20,2026-06-26,Returned,6
11476,11476,Ekart Logistics,Bengaluru,2026-07-13,,In Transit,7
11477,11477,Delhivery,Bengaluru,2025-09-27,2025-09-30,Delivered,3
11478,11478,Ecom Express,Hyderabad,2024-08-04,2024-08-06,Delivered,3
11479,11479,DTDC,Kolkata,2025-09-29,2025-10-01,Delivered,2
11480,11480,Ekart Logistics,Chandigarh,2025-06-05,2025-06-09,Delivered,5
11481,11481,Delhivery,Ranchi,2026-03-31,2026-04-05,Delivered Late,3
11482,11482,DTDC,Bhopal,2026-01-11,2026-01-13,Delivered Late,2
11483,11483,Delhivery,Guwahati,2026-04-25,2026-04-30,Delivered Late,4
11484,11484,Ekart Logistics,Kochi,2025-10-09,2025-10-12,Delivered Late,2
11485,11485,Xpressbees,Bhopal,2026-04-14,2026-04-20,Delivered,7
11486,11486,Xpressbees,Kanpur,2026-08-03,2026-08-07,Returned,4
11487,11487,Xpressbees,Kanpur,2024-04-21,2024-04-26,Delivered Late,4
11488,11488,Ekart Logistics,Kanpur,2025-06-01,2025-06-06,Delivered,6
11489,11489,Bluedart,Ranchi,2025-06-25,,In Transit,4
11490,11490,Bluedart,Mumbai,2026-01-19,2026-01-20,Delivered,2
11491,11491,DTDC,Chandigarh,,,Not Shipped,3
11492,11492,Ekart Logistics,Amritsar,2024-01-15,2024-01-19,Delivered,4
11493,11493,DTDC,Amritsar,2026-01-07,2026-01-16,Delivered Late,7
11494,11494,Bluedart,Bhubaneswar,2026-05-27,2026-06-02,Delivered Late,5
11495,11495,Bluedart,Amritsar,2025-08-18,2025-08-24,Delivered,7
11496,11496,Ekart Logistics,Ranchi,2024-07-21,2024-07-29,Delivered Late,6
11497,11497,Bluedart,Bengaluru,2026-05-15,2026-05-20,Returned,5
11498,11498,Xpressbees,Kolkata,2025-08-17,2025-08-23,Delivered Late,5
11499,11499,DTDC,Chandigarh,2026-05-02,2026-05-06,Delivered,5
11500,11500,Ekart Logistics,Surat,2025-05-23,2025-05-28,Delivered Late,4
11501,11501,Xpressbees,Kochi,,,Not Shipped,4
11502,11502,Xpressbees,Patna,2025-03-25,2025-03-30,Delivered,5
11503,11503,Ecom Express,Ranchi,2025-11-26,2025-12-03,Delivered Late,6
11504,11504,Ekart Logistics,Ahmedabad,2026-05-12,2026-05-15,Delivered Late,3
11505,11505,Delhivery,Patna,2024-09-08,,In Transit,2
11506,11506,Bluedart,Ahmedabad,2026-03-03,2026-03-09,Delivered,6
11507,11507,Ekart Logistics,Delhi,2025-02-06,,In Transit,3
11508,11508,DTDC,Guwahati,2025-09-05,2025-09-11,Delivered,6
11509,11509,Xpressbees,Indore,2026-05-29,2026-06-01,Delivered,3
11510,11510,Delhivery,Hyderabad,2026-03-18,2026-03-22,Delivered,5
11511,11511,DTDC,Mumbai,2026-06-21,2026-06-27,Delivered,6
11512,11512,Ecom Express,Indore,2025-07-03,2025-07-05,Delivered,3
11513,11513,Bluedart,Lucknow,2026-01-30,2026-02-04,Delivered Late,5
11514,11514,Bluedart,Bhopal,2025-03-25,2025-03-30,Delivered Late,5
11515,11515,Bluedart,Nagpur,2026-05-26,2026-05-28,Delivered,3
11516,11516,Ecom Express,Ranchi,2024-09-18,2024-09-25,Delivered Late,6
11517,11517,Bluedart,Nashik,,,Not Shipped,7
11518,11518,Delhivery,Thiruvananthapuram,2026-07-14,2026-07-16,Delivered,2
11519,11519,Xpressbees,Coimbatore,2025-05-20,2025-05-24,Delivered Late,3
11520,11520,Delhivery,Nagpur,2025-09-11,2025-09-14,Delivered,4
11521,11521,Ecom Express,Lucknow,2024-04-27,2024-04-29,Delivered,3
11522,11522,Delhivery,Chennai,2024-08-01,2024-08-10,Delivered Late,7
11523,11523,DTDC,Chennai,2026-05-19,2026-05-23,Delivered,5
11524,11524,Ekart Logistics,Mysuru,2026-06-16,2026-06-21,Delivered,6
11525,11525,Xpressbees,Bhopal,2026-02-16,2026-02-22,Delivered,7
11526,11526,Ecom Express,Kanpur,2026-03-16,2026-03-22,Delivered,7
11527,11527,Ecom Express,Kanpur,2026-04-04,2026-04-11,Delivered,7
11528,11528,Ekart Logistics,Patna,,,Not Shipped,2
11529,11529,Xpressbees,Jaipur,2025-10-10,2025-10-13,Delivered,3
11530,11530,DTDC,Kanpur,2025-04-27,2025-04-30,Delivered Late,2
11531,11531,Bluedart,Vadodara,2024-12-03,2024-12-06,Delivered Late,2
11532,11532,Xpressbees,Patna,2026-01-23,2026-01-27,Delivered,4
11533,11533,Ecom Express,Guwahati,2026-03-22,2026-03-26,Delivered,5
11534,11534,Delhivery,Vadodara,2025-12-19,,In Transit,5
11535,11535,Xpressbees,Lucknow,2026-02-13,2026-02-16,Delivered,4
11536,11536,Delhivery,Chennai,2026-02-03,2026-02-10,Delivered,7
11537,11537,DTDC,Indore,2025-09-05,2025-09-13,Delivered Late,6
11538,11538,Xpressbees,Nashik,2024-11-12,2024-11-17,Delivered Late,3
11539,11539,Ekart Logistics,Hyderabad,2026-05-03,2026-05-10,Delivered Late,7
11540,11540,DTDC,Bhopal,2025-11-02,2025-11-04,Delivered,2
11541,11541,Bluedart,Chennai,2026-01-13,2026-01-16,Delivered Late,2
11542,11542,Ecom Express,Vadodara,2025-01-11,2025-01-14,Delivered,3
11543,11543,Ecom Express,Bhubaneswar,2025-12-18,2025-12-22,Delivered,5
11544,11544,DTDC,Delhi,2026-05-15,2026-05-21,Delivered,7
11545,11545,Bluedart,Bengaluru,2026-03-30,,In Transit,3
11546,11546,Bluedart,Jaipur,2025-06-22,,In Transit,6
11547,11547,Xpressbees,Vadodara,2026-01-15,2026-01-16,Delivered,2
11548,11548,Bluedart,Hyderabad,2025-08-12,2025-08-18,Delivered Late,4
11549,11549,Delhivery,Ranchi,2025-10-27,,In Transit,7
11550,11550,Delhivery,Mysuru,2026-08-17,,In Transit,3
11551,11551,Xpressbees,Kochi,2025-01-23,2025-01-28,Delivered,6
11552,11552,Xpressbees,Indore,2026-03-02,2026-03-08,Delivered Late,5
11553,11553,Xpressbees,Guwahati,2026-03-02,2026-03-07,Delivered Late,5
11554,11554,Xpressbees,Ahmedabad,2026-04-13,,In Transit,7
11555,11555,Ecom Express,Surat,2025-12-18,2025-12-24,Delivered,7
11556,11556,Ecom Express,Kochi,2026-06-06,2026-06-13,Delivered Late,7
11557,11557,Ecom Express,Bhopal,2025-11-23,2025-11-26,Returned,3
11558,11558,Ecom Express,Kanpur,2025-07-19,2025-07-22,Delivered Late,3
11559,11559,Xpressbees,Mumbai,2024-08-25,2024-08-27,Delivered,2
11560,11560,Delhivery,Kolkata,2025-03-14,2025-03-21,Delivered Late,6
11561,11561,Xpressbees,Chennai,2024-10-25,2024-10-27,Delivered,2
11562,11562,Ecom Express,Kanpur,2026-04-18,2026-04-24,Delivered Late,6
11563,11563,Delhivery,Ranchi,,,Processing,5
11564,11564,Ekart Logistics,Bhopal,2025-03-15,2025-03-21,Delivered,6
11565,11565,DTDC,Thiruvananthapuram,2024-12-27,2024-12-30,Delivered Late,3
11566,11566,DTDC,Amritsar,2025-11-05,2025-11-07,Delivered,3
11567,11567,Xpressbees,Vadodara,,,Not Shipped,3
11568,11568,DTDC,Lucknow,2024-12-19,2024-12-25,Delivered Late,6
11569,11569,Delhivery,Lucknow,2025-05-30,2025-06-04,Delivered,6
11570,11570,Ecom Express,Indore,2025-10-26,2025-10-27,Delivered,2
11571,11571,Ecom Express,Jaipur,2026-01-09,,In Transit,3
11572,11572,DTDC,Hyderabad,2025-02-10,2025-02-14,Delivered Late,3
11573,11573,DTDC,Coimbatore,2026-06-17,2026-06-22,Delivered Late,4
11574,11574,DTDC,Patna,2026-04-04,2026-04-11,Delivered Late,5
11575,11575,Delhivery,Kolkata,2024-03-31,,In Transit,6
11576,11576,Ecom Express,Kanpur,2026-02-18,2026-02-23,Delivered,6
11577,11577,Bluedart,Patna,2025-12-14,,In Transit,4
11578,11578,Bluedart,Bhopal,2026-03-21,2026-03-25,Delivered,4
11579,11579,Bluedart,Bhubaneswar,2025-08-20,2025-08-27,Delivered Late,6
11580,11580,Ecom Express,Amritsar,2026-02-02,2026-02-07,Delivered,6
11581,11581,Ekart Logistics,Kochi,2026-03-08,2026-03-12,Delivered Late,4
11582,11582,Delhivery,Surat,2026-02-27,2026-03-03,Delivered Late,3
11583,11583,Bluedart,Patna,,,Processing,4
11584,11584,Ecom Express,Hyderabad,2026-07-31,2026-08-07,Delivered,7
11585,11585,Delhivery,Surat,2024-06-01,2024-06-04,Returned,3
11586,11586,Xpressbees,Ahmedabad,2024-09-25,2024-10-03,Delivered Late,7
11587,11587,Ekart Logistics,Chandigarh,2026-04-11,2026-04-17,Delivered,6
11588,11588,Delhivery,Surat,,,Processing,5
11589,11589,Xpressbees,Bengaluru,2024-11-05,2024-11-08,Delivered,4
11590,11590,Delhivery,Delhi,2025-11-29,2025-12-09,Delivered Late,7
11591,11591,DTDC,Chennai,2026-02-15,2026-02-21,Delivered,7
11592,11592,Bluedart,Surat,,,Not Shipped,3
11593,11593,Ecom Express,Patna,2025-03-05,2025-03-10,Delivered Late,2
11594,11594,Delhivery,Delhi,2025-05-23,2025-05-25,Delivered Late,2
11595,11595,Bluedart,Kochi,2026-04-27,2026-05-04,Delivered Late,5
11596,11596,Xpressbees,Coimbatore,2025-10-23,2025-10-28,Delivered,6
11597,11597,Ecom Express,Ahmedabad,,,Not Shipped,2
11598,11598,Ecom Express,Bengaluru,2026-04-02,2026-04-07,Delivered,6
11599,11599,Ecom Express,Nagpur,2026-02-11,2026-02-14,Delivered,3
11600,11600,DTDC,Delhi,2025-02-10,2025-02-17,Delivered Late,6
11601,11601,Delhivery,Nagpur,2026-01-15,2026-01-18,Delivered Late,3
11602,11602,DTDC,Delhi,2025-05-06,2025-05-12,Delivered,6
11603,11603,Delhivery,Nagpur,,,Not Shipped,7
11604,11604,Delhivery,Patna,2025-11-30,2025-12-05,Delivered,6
11605,11605,Xpressbees,Indore,2025-04-11,2025-04-14,Delivered,4
11606,11606,Ecom Express,Kanpur,,,Not Shipped,6
11607,11607,Ecom Express,Pune,2025-10-14,2025-10-19,Delivered Late,5
11608,11608,Xpressbees,Thiruvananthapuram,2026-02-24,2026-02-27,Delivered,4
11609,11609,Ecom Express,Mysuru,2026-05-15,2026-05-20,Delivered,5
11610,11610,Delhivery,Bhubaneswar,2026-06-18,2026-06-23,Delivered,5
11611,11611,Bluedart,Coimbatore,2025-01-22,2025-01-28,Delivered,7
11612,11612,Delhivery,Pune,2025-09-23,2025-09-29,Delivered,7
11613,11613,Ekart Logistics,Kochi,2024-10-15,2024-10-22,Returned,7
11614,11614,Ecom Express,Guwahati,2026-02-04,2026-02-09,Delivered,6
11615,11615,Delhivery,Kochi,2024-11-21,2024-11-22,Delivered,2
11616,11616,Ecom Express,Ahmedabad,2026-08-19,2026-08-28,Delivered Late,7
11617,11617,DTDC,Nagpur,2024-06-19,2024-06-20,Delivered,2
11618,11618,Ekart Logistics,Jaipur,2024-12-05,2024-12-15,Delivered Late,7
11619,11619,DTDC,Kolkata,2025-09-19,2025-09-22,Delivered,4
11620,11620,Bluedart,Kanpur,,,Processing,6
11621,11621,Bluedart,Kochi,2026-02-20,2026-02-25,Delivered Late,4
11622,11622,Bluedart,Ahmedabad,2024-09-05,2024-09-07,Delivered,3
11623,11623,DTDC,Kochi,2025-02-24,2025-03-01,Delivered Late,2
11624,11624,Delhivery,Bhubaneswar,,,Not Shipped,2
11625,11625,Delhivery,Hyderabad,2026-01-21,2026-01-30,Delivered Late,6
11626,11626,Xpressbees,Guwahati,2025-12-09,2025-12-14,Delivered,6
11627,11627,DTDC,Nashik,2025-06-20,2025-06-25,Delivered,5
11628,11628,Delhivery,Bengaluru,2025-08-24,2025-08-29,Delivered Late,4
11629,11629,DTDC,Ahmedabad,2025-06-27,2025-07-03,Delivered,6
11630,11630,Bluedart,Mysuru,2025-12-12,2025-12-17,Delivered,6
11631,11631,Bluedart,Patna,2025-04-18,2025-04-20,Delivered,2
11632,11632,Ecom Express,Surat,2025-04-29,2025-05-06,Delivered,7
11633,11633,Ekart Logistics,Delhi,2026-04-13,2026-04-20,Delivered Late,5
11634,11634,Bluedart,Patna,2026-02-07,2026-02-11,Delivered,4
11635,11635,Xpressbees,Kanpur,2024-07-05,2024-07-13,Delivered Late,7
11636,11636,DTDC,Kolkata,2025-10-10,2025-10-17,Delivered Late,4
11637,11637,Ecom Express,Patna,2025-08-06,2025-08-15,Delivered Late,6
11638,11638,DTDC,Surat,2025-01-19,2025-01-23,Delivered,5
11639,11639,Delhivery,Kolkata,2025-01-25,2025-01-30,Delivered Late,2
11640,11640,Ecom Express,Jaipur,2025-07-24,2025-07-30,Delivered,7
11641,11641,DTDC,Hyderabad,,,Not Shipped,7
11642,11642,Ekart Logistics,Kolkata,2025-11-21,2025-11-27,Delivered Late,5
11643,11643,Ekart Logistics,Chandigarh,2025-08-07,2025-08-13,Returned,7
11644,11644,Ecom Express,Chandigarh,,,Not Shipped,5
11645,11645,Xpressbees,Vadodara,2026-05-14,2026-05-18,Delivered,5
11646,11646,Bluedart,Bhopal,2025-07-25,2025-07-29,Returned,4
11647,11647,Delhivery,Delhi,2024-12-22,2024-12-26,Delivered,5
11648,11648,Bluedart,Guwahati,2026-02-02,2026-02-09,Delivered Late,5
11649,11649,Xpressbees,Vadodara,,,Processing,3
11650,11650,Bluedart,Nagpur,2025-07-24,,In Transit,5
11651,11651,Xpressbees,Ahmedabad,2026-06-27,2026-06-30,Delivered Late,2
11652,11652,Xpressbees,Mysuru,2026-04-18,2026-04-24,Delivered,6
11653,11653,DTDC,Bhubaneswar,2024-04-30,2024-05-02,Delivered,2
11654,11654,Ecom Express,Hyderabad,2026-04-07,2026-04-10,Delivered Late,3
11655,11655,DTDC,Ahmedabad,2026-04-14,2026-04-21,Delivered Late,4
11656,11656,Ecom Express,Surat,2026-07-11,2026-07-16,Delivered,5
11657,11657,Bluedart,Lucknow,2025-06-23,2025-06-27,Delivered,5
11658,11658,Bluedart,Thiruvananthapuram,2026-05-19,2026-05-23,Delivered Late,2
11659,11659,Ecom Express,Mumbai,2025-11-05,2025-11-12,Delivered Late,7
11660,11660,Bluedart,Mumbai,2026-02-13,2026-02-21,Delivered Late,7
11661,11661,Delhivery,Delhi,2025-10-10,2025-10-15,Delivered Late,4
11662,11662,DTDC,Bhubaneswar,2026-01-22,2026-01-26,Delivered,5
11663,11663,Delhivery,Thiruvananthapuram,2026-03-13,2026-03-15,Delivered,2
11664,11664,Ecom Express,Lucknow,2026-04-12,2026-04-16,Delivered,4
11665,11665,Ekart Logistics,Nagpur,2025-11-30,,In Transit,2
11666,11666,Bluedart,Mumbai,2026-07-19,2026-07-25,Delivered,6
11667,11667,Bluedart,Chandigarh,2025-10-27,,In Transit,7
11668,11668,Xpressbees,Kolkata,2026-07-16,2026-07-19,Delivered Late,2
11669,11669,Delhivery,Ranchi,2025-10-15,2025-10-19,Delivered Late,3
11670,11670,Ekart Logistics,Kochi,2026-04-09,2026-04-13,Delivered,4
11671,11671,DTDC,Mysuru,2025-03-12,2025-03-17,Delivered,5
11672,11672,Ekart Logistics,Ranchi,2025-11-08,2025-11-12,Delivered,5
11673,11673,Bluedart,Thiruvananthapuram,2025-02-02,2025-02-08,Delivered,7
11674,11674,Xpressbees,Coimbatore,2025-11-07,2025-11-11,Delivered,5
11675,11675,Delhivery,Kolkata,2025-03-23,2025-03-25,Delivered,3
11676,11676,Bluedart,Guwahati,2025-06-02,2025-06-07,Delivered Late,4
11677,11677,Ecom Express,Patna,2025-09-26,2025-10-03,Delivered Late,6
11678,11678,Bluedart,Thiruvananthapuram,2026-02-13,2026-02-19,Delivered Late,5
11679,11679,Ekart Logistics,Kolkata,2025-01-26,2025-01-30,Delivered Late,3
11680,11680,Bluedart,Kolkata,2025-10-07,2025-10-10,Delivered,4
11681,11681,Ekart Logistics,Hyderabad,2026-04-04,2026-04-09,Delivered Late,2
11682,11682,DTDC,Delhi,2023-11-01,2023-11-05,Delivered Late,2
11683,11683,Bluedart,Hyderabad,2025-10-13,2025-10-19,Delivered,6
11684,11684,Bluedart,Bhubaneswar,2026-06-04,2026-06-06,Delivered,3
11685,11685,Bluedart,Ranchi,2024-05-24,2024-05-27,Delivered,3
11686,11686,Ekart Logistics,Pune,,,Processing,3
11687,11687,Bluedart,Jaipur,,,Processing,2
11688,11688,DTDC,Vadodara,2025-07-01,2025-07-07,Delivered,6
11689,11689,Bluedart,Coimbatore,2025-03-07,2025-03-09,Delivered,3
11690,11690,Delhivery,Bhopal,2025-07-24,,In Transit,6
11691,11691,Delhivery,Coimbatore,2026-04-18,2026-04-22,Delivered,5
11692,11692,Ecom Express,Patna,2025-02-09,2025-02-13,Delivered Late,3
11693,11693,Bluedart,Delhi,2025-10-07,2025-10-10,Delivered,3
11694,11694,Ekart Logistics,Bengaluru,2025-05-29,2025-05-30,Delivered,2
11695,11695,Ekart Logistics,Jaipur,2024-06-19,2024-06-28,Returned,7
11696,11696,Delhivery,Patna,,,Not Shipped,2
11697,11697,Delhivery,Bengaluru,2026-06-28,2026-07-03,Delivered Late,3
11698,11698,Delhivery,Thiruvananthapuram,2025-01-04,2025-01-12,Delivered Late,5
11699,11699,Delhivery,Delhi,2025-08-25,2025-08-30,Delivered Late,4
11700,11700,Delhivery,Indore,2024-08-23,2024-08-29,Delivered,6
11701,11701,Ecom Express,Nashik,2026-02-01,2026-02-02,Delivered,2
11702,11702,Delhivery,Thiruvananthapuram,2025-07-19,2025-07-21,Delivered,3
11703,11703,Ekart Logistics,Hyderabad,2026-03-02,2026-03-04,Delivered Late,2
11704,11704,Ecom Express,Nagpur,2026-01-31,2026-02-04,Delivered,4
11705,11705,Bluedart,Mysuru,2025-02-24,2025-02-27,Delivered Late,2
11706,11706,Ekart Logistics,Vadodara,2025-02-27,2025-03-01,Delivered Late,2
11707,11707,Ekart Logistics,Guwahati,2026-02-20,2026-02-24,Delivered Late,4
11708,11708,Xpressbees,Mumbai,2023-10-12,2023-10-15,Delivered Late,2
11709,11709,DTDC,Kanpur,2026-06-23,2026-06-29,Delivered,6
11710,11710,Delhivery,Pune,2025-09-22,2025-09-28,Delivered,7
11711,11711,Bluedart,Bhubaneswar,2026-06-16,2026-06-23,Delivered Late,6
11712,11712,DTDC,Patna,2025-11-03,2025-11-09,Delivered Late,3
11713,11713,Bluedart,Nashik,2024-08-14,2024-08-15,Returned,2
11714,11714,Delhivery,Pune,2024-07-26,2024-08-01,Delivered Late,5
11715,11715,DTDC,Chandigarh,2026-08-10,,In Transit,2
11716,11716,Ecom Express,Bengaluru,2026-02-25,2026-03-05,Returned,7
11717,11717,Ecom Express,Ahmedabad,2025-12-31,,In Transit,7
11718,11718,Ekart Logistics,Kochi,2025-11-17,2025-11-19,Delivered,2
11719,11719,Xpressbees,Bhopal,2025-02-07,,In Transit,7
11720,11720,Ecom Express,Bengaluru,2024-09-18,2024-09-23,Delivered,5
11721,11721,Delhivery,Indore,2025-10-02,2025-10-06,Delivered Late,3
11722,11722,Ecom Express,Bhopal,2025-07-21,,In Transit,6
11723,11723,DTDC,Pune,2026-02-17,2026-02-26,Delivered Late,6
11724,11724,Ekart Logistics,Kanpur,2026-06-04,2026-06-09,Delivered,5
11725,11725,Bluedart,Nashik,2025-11-17,2025-11-23,Delivered,7
11726,11726,Ecom Express,Guwahati,2025-12-16,2025-12-23,Delivered Late,7
11727,11727,Ecom Express,Kolkata,2024-11-08,2024-11-14,Delivered Late,6
11728,11728,Bluedart,Ranchi,2026-03-04,2026-03-11,Delivered,7
11729,11729,Ekart Logistics,Thiruvananthapuram,2026-06-27,2026-06-30,Delivered,4
11730,11730,DTDC,Bhopal,2026-06-10,2026-06-17,Delivered Late,7
11731,11731,Delhivery,Ahmedabad,2026-07-16,2026-07-18,Delivered,3
11732,11732,Bluedart,Chandigarh,2025-07-14,2025-07-20,Delivered,6
11733,11733,Ekart Logistics,Delhi,2026-03-06,2026-03-11,Delivered Late,4
11734,11734,Ekart Logistics,Vadodara,2025-05-29,2025-06-02,Delivered,4
11735,11735,Ecom Express,Ahmedabad,2025-08-29,2025-09-03,Delivered,5
11736,11736,Ekart Logistics,Coimbatore,2025-12-08,2025-12-14,Delivered Late,6
11737,11737,Delhivery,Bhopal,2026-06-06,2026-06-11,Delivered,5
11738,11738,Delhivery,Kochi,2025-03-12,,In Transit,6
11739,11739,Ecom Express,Coimbatore,2025-12-23,2025-12-28,Returned,5
11740,11740,Ecom Express,Kolkata,2026-06-08,2026-06-14,Delivered,7
11741,11741,Ekart Logistics,Bhopal,2026-02-07,2026-02-08,Delivered,2
11742,11742,Delhivery,Jaipur,2024-06-02,2024-06-09,Delivered,7
11743,11743,Xpressbees,Pune,2026-03-26,2026-03-28,Delivered,2
11744,11744,Bluedart,Ahmedabad,2024-08-21,2024-08-26,Delivered,5
11745,11745,Bluedart,Bhubaneswar,2025-03-28,2025-04-05,Delivered Late,7
11746,11746,Xpressbees,Guwahati,2025-01-27,2025-01-28,Delivered,2
11747,11747,DTDC,Ahmedabad,2026-01-28,2026-02-02,Delivered,5
11748,11748,Ekart Logistics,Nashik,,,Processing,7
11749,11749,Delhivery,Chandigarh,2024-11-03,2024-11-07,Delivered,5
11750,11750,Bluedart,Indore,2026-06-27,2026-07-04,Delivered,7
11751,11751,Ekart Logistics,Bengaluru,2026-05-03,2026-05-09,Delivered Late,6
11752,11752,Bluedart,Lucknow,2026-04-26,,In Transit,4
11753,11753,Bluedart,Ranchi,2026-05-16,2026-05-21,Delivered,6
11754,11754,Bluedart,Ranchi,2026-04-20,2026-04-25,Delivered Late,4
11755,11755,Xpressbees,Bhopal,2024-12-02,,In Transit,5
11756,11756,Ecom Express,Hyderabad,2026-06-01,,In Transit,6
11757,11757,Ekart Logistics,Chandigarh,2025-06-10,2025-06-17,Delivered Late,5
11758,11758,Ekart Logistics,Vadodara,2025-03-26,2025-03-28,Delivered,3
11759,11759,Ekart Logistics,Indore,2025-05-10,2025-05-16,Delivered,6
11760,11760,Ecom Express,Thiruvananthapuram,2026-02-22,2026-02-27,Returned,5
11761,11761,Delhivery,Vadodara,2026-03-29,2026-04-04,Delivered Late,6
11762,11762,Xpressbees,Coimbatore,2026-05-15,2026-05-19,Delivered,5
11763,11763,Bluedart,Hyderabad,2025-09-19,2025-09-26,Delivered Late,7
11764,11764,Delhivery,Hyderabad,2025-07-25,2025-07-28,Delivered,3
11765,11765,Delhivery,Guwahati,2024-08-14,2024-08-19,Delivered,6
11766,11766,Ecom Express,Surat,2026-06-14,2026-06-17,Delivered,3
11767,11767,Delhivery,Lucknow,2025-11-30,2025-12-03,Delivered,4
11768,11768,Bluedart,Nashik,2024-06-04,,In Transit,5
11769,11769,Delhivery,Hyderabad,2025-12-30,2026-01-03,Delivered,4
11770,11770,Ecom Express,Surat,2025-10-09,2025-10-13,Delivered,4
11771,11771,DTDC,Jaipur,2026-02-27,2026-03-01,Delivered,3
11772,11772,DTDC,Kolkata,2026-05-25,2026-06-01,Delivered,7
11773,11773,DTDC,Vadodara,,,Not Shipped,3
11774,11774,Ecom Express,Chandigarh,2024-08-20,2024-08-24,Delivered,4
11775,11775,Xpressbees,Hyderabad,2026-02-27,2026-03-06,Delivered Late,4
11776,11776,Delhivery,Indore,2024-06-12,2024-06-18,Delivered Late,5
11777,11777,Bluedart,Kochi,2026-07-31,2026-08-04,Delivered,4
11778,11778,DTDC,Thiruvananthapuram,2026-06-25,2026-07-01,Delivered,6
11779,11779,DTDC,Vadodara,2025-03-20,2025-03-24,Delivered,5
11780,11780,Ekart Logistics,Pune,2026-02-01,2026-02-09,Delivered Late,7
11781,11781,Xpressbees,Hyderabad,2025-09-22,2025-09-30,Delivered Late,7
11782,11782,Ekart Logistics,Delhi,2026-04-09,2026-04-13,Delivered,4
11783,11783,Delhivery,Vadodara,2025-06-11,2025-06-14,Delivered Late,3
11784,11784,Ecom Express,Ranchi,2026-03-25,2026-03-31,Delivered,7
11785,11785,Xpressbees,Ranchi,2025-09-12,2025-09-16,Delivered,4
11786,11786,Ecom Express,Kochi,2026-01-20,2026-01-26,Delivered,6
11787,11787,Ecom Express,Ranchi,2025-10-31,2025-11-05,Delivered,6
11788,11788,Bluedart,Indore,,,Not Shipped,2
11789,11789,Xpressbees,Ahmedabad,2025-11-12,2025-11-14,Delivered,3
11790,11790,DTDC,Amritsar,2026-06-06,2026-06-11,Delivered Late,4
11791,11791,Xpressbees,Chennai,2024-10-17,2024-10-20,Delivered,4
11792,11792,Delhivery,Pune,,,Not Shipped,5
11793,11793,Bluedart,Coimbatore,2025-01-17,2025-01-22,Delivered,6
11794,11794,Bluedart,Mysuru,,,Processing,5
11795,11795,Bluedart,Nashik,2026-06-03,2026-06-09,Delivered,7
11796,11796,Ecom Express,Patna,,,Not Shipped,4
11797,11797,DTDC,Bhubaneswar,2024-05-07,2024-05-08,Delivered,2
11798,11798,Ekart Logistics,Nagpur,2026-04-19,2026-04-24,Delivered,6
11799,11799,Ecom Express,Pune,2023-11-15,2023-11-20,Delivered,5
11800,11800,Ecom Express,Kochi,,,Not Shipped,6
11801,11801,Ekart Logistics,Thiruvananthapuram,2026-07-12,2026-07-17,Delivered Late,4
11802,11802,Bluedart,Bhopal,2026-02-24,2026-02-28,Delivered,5
11803,11803,Delhivery,Bhopal,2025-05-30,2025-06-05,Delivered,6
11804,11804,Xpressbees,Nashik,2026-04-01,2026-04-05,Delivered,4
11805,11805,Delhivery,Thiruvananthapuram,2025-11-22,,In Transit,7
11806,11806,Ekart Logistics,Mumbai,2025-10-16,2025-10-21,Delivered,6
11807,11807,Delhivery,Bengaluru,2025-05-13,2025-05-18,Delivered,6
11808,11808,Delhivery,Lucknow,2025-05-14,2025-05-19,Delivered Late,4
11809,11809,Ecom Express,Chandigarh,,,Processing,5
11810,11810,Delhivery,Amritsar,,,Not Shipped,2
11811,11811,Delhivery,Ahmedabad,2025-10-31,2025-11-02,Delivered,2
11812,11812,Ecom Express,Pune,,,Not Shipped,6
11813,11813,Ecom Express,Delhi,,,Not Shipped,7
11814,11814,Bluedart,Ahmedabad,,,Not Shipped,5
11815,11815,Delhivery,Jaipur,2026-05-03,2026-05-10,Delivered Late,5
11816,11816,Ekart Logistics,Delhi,,,Processing,2
11817,11817,Delhivery,Coimbatore,2026-03-29,,In Transit,5
11818,11818,Xpressbees,Delhi,2026-07-22,2026-07-26,Delivered Late,3
11819,11819,Delhivery,Vadodara,2024-08-03,2024-08-07,Delivered,5
11820,11820,Ekart Logistics,Lucknow,2025-11-12,2025-11-19,Delivered Late,5
11821,11821,Ekart Logistics,Bhubaneswar,2026-07-29,2026-08-03,Delivered,5
11822,11822,Delhivery,Thiruvananthapuram,2025-12-30,2026-01-08,Delivered Late,6
11823,11823,Ekart Logistics,Ahmedabad,2026-05-13,,In Transit,2
11824,11824,Ecom Express,Coimbatore,2025-09-30,2025-10-04,Delivered Late,3
11825,11825,Ecom Express,Ahmedabad,2026-03-17,2026-03-20,Delivered,3
11826,11826,Bluedart,Mumbai,2025-10-13,2025-10-18,Delivered,6
11827,11827,Bluedart,Amritsar,2026-03-26,2026-03-28,Delivered,3
11828,11828,Bluedart,Vadodara,2024-05-19,2024-05-26,Delivered,7
11829,11829,Ecom Express,Mysuru,2026-01-15,2026-01-21,Delivered,7
11830,11830,DTDC,Coimbatore,2025-04-26,2025-04-27,Delivered,2
11831,11831,Ecom Express,Amritsar,2026-02-14,2026-02-20,Delivered,6
11832,11832,DTDC,Ranchi,2026-03-09,2026-03-15,Delivered Late,5
11833,11833,Bluedart,Indore,2026-02-14,2026-02-20,Delivered,7
11834,11834,Ecom Express,Nagpur,2025-10-15,2025-10-19,Delivered,4
11835,11835,Xpressbees,Bengaluru,2024-11-29,2024-12-03,Delivered Late,2
11836,11836,Ekart Logistics,Bengaluru,2024-11-25,2024-12-04,Delivered Late,6
11837,11837,Ekart Logistics,Ahmedabad,2026-04-12,,In Transit,7
11838,11838,Bluedart,Kanpur,2025-06-14,2025-06-21,Delivered Late,7
11839,11839,Bluedart,Jaipur,2024-01-14,2024-01-19,Delivered,5
11840,11840,DTDC,Chandigarh,2026-06-17,2026-06-21,Delivered,4
11841,11841,Ecom Express,Bhopal,2026-01-02,2026-01-03,Delivered,2
11842,11842,DTDC,Chandigarh,2026-07-21,2026-07-26,Delivered,5
11843,11843,Ekart Logistics,Bhubaneswar,2025-01-18,2025-01-19,Delivered,2
11844,11844,DTDC,Indore,2025-01-25,2025-01-29,Delivered,5
11845,11845,Xpressbees,Surat,2026-04-07,2026-04-13,Delivered Late,5
11846,11846,Xpressbees,Patna,2026-05-20,2026-05-26,Delivered,6
11847,11847,Ekart Logistics,Bengaluru,,,Not Shipped,4
11848,11848,DTDC,Nagpur,,,Not Shipped,5
11849,11849,Delhivery,Kanpur,2025-07-12,,In Transit,6
11850,11850,Ekart Logistics,Chennai,2025-07-31,2025-08-04,Delivered,4
11851,11851,Ekart Logistics,Ranchi,2026-05-07,,In Transit,6
11852,11852,DTDC,Lucknow,2025-10-09,2025-10-14,Returned,5
11853,11853,Delhivery,Bengaluru,,,Processing,4
11854,11854,Delhivery,Guwahati,2025-10-18,2025-10-21,Delivered,3
11855,11855,Bluedart,Bhubaneswar,2026-01-24,2026-01-29,Delivered Late,5
11856,11856,DTDC,Guwahati,2025-12-12,2025-12-19,Delivered,7
11857,11857,Ecom Express,Bhubaneswar,2025-09-06,2025-09-14,Delivered Late,7
11858,11858,Ecom Express,Chandigarh,2025-06-20,2025-06-24,Delivered Late,3
11859,11859,Ecom Express,Chandigarh,2026-03-17,2026-03-21,Delivered,5
11860,11860,Ekart Logistics,Kochi,2026-03-09,2026-03-10,Delivered,2
11861,11861,Ekart Logistics,Chandigarh,2025-09-10,2025-09-15,Delivered,5
11862,11862,Xpressbees,Guwahati,2026-01-08,2026-01-12,Delivered,4
11863,11863,Ekart Logistics,Jaipur,2025-04-07,2025-04-10,Delivered Late,2
11864,11864,DTDC,Patna,2026-03-26,2026-03-28,Delivered,2
11865,11865,Bluedart,Delhi,2026-02-01,,In Transit,3
11866,11866,Xpressbees,Guwahati,2025-08-21,2025-08-23,Delivered,2
11867,11867,Delhivery,Jaipur,2025-03-26,2025-04-02,Returned,6
11868,11868,Ekart Logistics,Ranchi,2026-05-01,2026-05-08,Delivered,7
11869,11869,Bluedart,Pune,2025-06-26,2025-07-01,Returned,3
11870,11870,Xpressbees,Guwahati,2025-04-29,2025-05-05,Delivered Late,6
11871,11871,Ekart Logistics,Pune,2025-01-10,2025-01-14,Delivered,5
11872,11872,Delhivery,Ahmedabad,2025-12-11,,In Transit,4
11873,11873,DTDC,Vadodara,2025-08-24,2025-08-29,Delivered Late,4
11874,11874,Bluedart,Indore,2026-04-06,2026-04-11,Delivered,6
11875,11875,Bluedart,Amritsar,2025-05-19,2025-05-25,Delivered Late,6
11876,11876,Bluedart,Mysuru,2026-01-29,2026-01-31,Delivered,3
11877,11877,DTDC,Mumbai,2026-03-12,2026-03-18,Delivered,7
11878,11878,Ecom Express,Mysuru,2026-08-19,2026-08-25,Delivered,6
11879,11879,Ecom Express,Patna,2026-04-29,2026-05-06,Delivered,7
11880,11880,Ekart Logistics,Bengaluru,2026-04-16,2026-04-17,Delivered,2
11881,11881,DTDC,Ranchi,2025-01-21,2025-01-24,Delivered,3
11882,11882,Bluedart,Nashik,2025-11-15,2025-11-18,Delivered,4
11883,11883,Bluedart,Surat,2025-04-24,2025-04-30,Delivered,7
11884,11884,Ekart Logistics,Ranchi,2026-01-15,2026-01-18,Delivered,4
11885,11885,DTDC,Pune,2025-10-01,,In Transit,4
11886,11886,Delhivery,Pune,2025-11-04,2025-11-07,Delivered,4
11887,11887,Ekart Logistics,Kolkata,,,Not Shipped,4
11888,11888,DTDC,Guwahati,2025-10-04,2025-10-09,Delivered Late,5
11889,11889,DTDC,Ranchi,2024-03-21,2024-03-26,Delivered Late,4
11890,11890,Bluedart,Chandigarh,2026-08-10,2026-08-12,Delivered,3
11891,11891,Bluedart,Chennai,2025-07-27,2025-07-28,Delivered,2
11892,11892,Ekart Logistics,Ahmedabad,2025-09-13,2025-09-14,Delivered,2
11893,11893,Ecom Express,Bhubaneswar,2025-07-06,2025-07-13,Delivered Late,7
11894,11894,Ecom Express,Coimbatore,2026-05-29,2026-06-02,Delivered,5
11895,11895,Ekart Logistics,Vadodara,2024-08-09,2024-08-12,Delivered Late,2
11896,11896,Delhivery,Nagpur,2026-04-23,2026-04-29,Delivered Late,4
11897,11897,DTDC,Mysuru,2025-04-10,2025-04-12,Delivered Late,2
11898,11898,Delhivery,Nashik,2026-03-28,,In Transit,4
11899,11899,Delhivery,Pune,,,Not Shipped,3
11900,11900,Bluedart,Guwahati,2026-01-06,2026-01-09,Delivered,4
11901,11901,Bluedart,Jaipur,,,Not Shipped,7
11902,11902,DTDC,Lucknow,2025-08-02,2025-08-08,Delivered,6
11903,11903,Ekart Logistics,Kochi,2026-08-08,2026-08-13,Returned,6
11904,11904,Delhivery,Pune,2025-07-19,2025-07-24,Delivered,5
11905,11905,Xpressbees,Thiruvananthapuram,2026-05-06,2026-05-13,Delivered Late,6
11906,11906,Bluedart,Chandigarh,2026-02-14,2026-02-16,Delivered,3
11907,11907,Xpressbees,Kanpur,,,Not Shipped,4
11908,11908,Ekart Logistics,Kolkata,,,Not Shipped,2
11909,11909,Delhivery,Mumbai,2026-03-01,2026-03-07,Returned,7
11910,11910,Bluedart,Mumbai,2025-10-29,2025-11-01,Delivered Late,3
11911,11911,Ekart Logistics,Surat,2026-03-07,2026-03-09,Delivered,2
11912,11912,Bluedart,Mumbai,2025-04-17,2025-04-23,Delivered Late,4
11913,11913,Bluedart,Nagpur,2024-08-24,2024-08-27,Delivered,3
11914,11914,Delhivery,Ahmedabad,2026-05-31,2026-06-04,Delivered,4
11915,11915,DTDC,Nashik,2026-04-26,2026-04-29,Delivered,4
11916,11916,Ekart Logistics,Indore,2025-09-23,2025-09-28,Delivered,6
11917,11917,Bluedart,Nagpur,2024-09-05,2024-09-10,Delivered Late,5
11918,11918,Ekart Logistics,Bhopal,2024-11-08,2024-11-09,Delivered,2
11919,11919,DTDC,Kanpur,2025-09-17,2025-09-23,Delivered,7
11920,11920,Xpressbees,Bhubaneswar,2026-04-14,2026-04-18,Delivered,4
11921,11921,Xpressbees,Ranchi,2026-07-16,2026-07-21,Delivered,5
11922,11922,DTDC,Kolkata,2025-12-03,,In Transit,2
11923,11923,Ekart Logistics,Indore,2024-03-02,2024-03-11,Delivered Late,7
11924,11924,Bluedart,Pune,,,Processing,5
11925,11925,DTDC,Hyderabad,2025-11-18,2025-11-23,Delivered Late,3
11926,11926,DTDC,Surat,2024-11-22,2024-11-23,Delivered,2
11927,11927,Ekart Logistics,Amritsar,2024-11-21,2024-11-22,Delivered,2
11928,11928,Xpressbees,Kolkata,2025-11-18,2025-11-25,Delivered Late,7
11929,11929,Ekart Logistics,Nashik,2026-08-19,2026-08-25,Delivered Late,4
11930,11930,Bluedart,Kochi,2025-08-25,2025-09-02,Delivered Late,5
11931,11931,Bluedart,Kochi,2026-02-10,2026-02-11,Delivered,2
11932,11932,Bluedart,Kochi,2025-10-16,2025-10-21,Delivered Late,3
11933,11933,Xpressbees,Mysuru,2026-07-28,2026-08-03,Delivered,7
11934,11934,Xpressbees,Coimbatore,2025-10-04,2025-10-06,Delivered,2
11935,11935,Ekart Logistics,Indore,2026-01-26,2026-02-01,Delivered,6
11936,11936,Xpressbees,Chennai,2026-06-11,2026-06-15,Delivered Late,2
11937,11937,Delhivery,Coimbatore,2025-10-07,2025-10-09,Delivered,2
11938,11938,DTDC,Indore,2025-07-29,2025-08-06,Delivered Late,6
11939,11939,Ekart Logistics,Surat,,,Not Shipped,4
11940,11940,DTDC,Hyderabad,2026-02-11,2026-02-17,Delivered,6
11941,11941,Ekart Logistics,Bhopal,2026-05-22,,In Transit,7
11942,11942,Ecom Express,Vadodara,2026-02-13,2026-02-20,Delivered,7
11943,11943,Xpressbees,Mysuru,2024-11-03,2024-11-11,Delivered Late,7
11944,11944,Ecom Express,Guwahati,2025-06-03,2025-06-10,Delivered,7
11945,11945,DTDC,Bengaluru,2025-03-12,,In Transit,5
11946,11946,Bluedart,Amritsar,2025-11-26,2025-12-03,Delivered Late,6
11947,11947,Ecom Express,Pune,2026-03-22,2026-03-27,Returned,6
11948,11948,DTDC,Kanpur,2026-04-17,2026-04-24,Delivered,7
11949,11949,Bluedart,Ranchi,2025-07-05,2025-07-10,Delivered,5
11950,11950,Ekart Logistics,Amritsar,2025-01-30,2025-02-04,Delivered,5
11951,11951,Bluedart,Guwahati,2026-07-03,2026-07-07,Delivered Late,3
11952,11952,Delhivery,Amritsar,2026-04-16,2026-04-17,Delivered,2
11953,11953,Ecom Express,Amritsar,,,Not Shipped,5
11954,11954,Ekart Logistics,Amritsar,2024-05-01,2024-05-06,Delivered,5
11955,11955,Bluedart,Amritsar,2024-10-14,2024-10-17,Delivered,4
11956,11956,Ekart Logistics,Mumbai,2025-04-20,2025-04-27,Delivered,7
11957,11957,DTDC,Mumbai,2026-01-21,2026-01-28,Returned,7
11958,11958,Delhivery,Pune,2025-12-12,,In Transit,5
11959,11959,Ecom Express,Mysuru,2025-09-07,2025-09-12,Delivered,6
11960,11960,Ekart Logistics,Kanpur,2026-06-07,2026-06-12,Delivered,5
11961,11961,Delhivery,Jaipur,2024-12-01,2024-12-07,Delivered,7
11962,11962,Delhivery,Patna,2026-04-22,2026-04-24,Delivered,2
11963,11963,Bluedart,Coimbatore,2025-07-20,2025-07-28,Delivered Late,6
11964,11964,Bluedart,Bhubaneswar,,,Not Shipped,6
11965,11965,Bluedart,Bhubaneswar,2025-05-21,2025-05-26,Delivered Late,5
11966,11966,Delhivery,Coimbatore,2025-05-25,2025-05-29,Delivered Late,4
11967,11967,Ekart Logistics,Delhi,2024-06-02,2024-06-08,Delivered Late,5
11968,11968,Ekart Logistics,Lucknow,2025-12-21,2025-12-27,Delivered,7
11969,11969,Xpressbees,Delhi,2026-06-30,2026-07-03,Delivered Late,2
11970,11970,Ekart Logistics,Vadodara,2025-08-16,2025-08-21,Delivered Late,3
11971,11971,Bluedart,Kanpur,2024-12-30,2025-01-02,Delivered,3
11972,11972,Xpressbees,Amritsar,2026-04-11,2026-04-17,Delivered,6
11973,11973,Xpressbees,Jaipur,,,Processing,6
11974,11974,Xpressbees,Indore,2025-06-05,2025-06-09,Delivered,4
11975,11975,Xpressbees,Kochi,2026-01-12,2026-01-16,Delivered,4
11976,11976,Bluedart,Ahmedabad,,,Not Shipped,3
11977,11977,Bluedart,Delhi,2026-01-10,2026-01-11,Delivered,2
11978,11978,Delhivery,Jaipur,2026-04-12,2026-04-17,Delivered,5
11979,11979,Ekart Logistics,Jaipur,2025-03-19,2025-03-24,Delivered Late,2
11980,11980,DTDC,Chennai,2025-07-21,2025-07-27,Delivered,7
11981,11981,Bluedart,Delhi,2025-09-05,,In Transit,7
11982,11982,Ecom Express,Ahmedabad,2024-03-04,2024-03-05,Delivered,2
11983,11983,Delhivery,Mysuru,2025-10-17,2025-10-21,Delivered,5
11984,11984,Bluedart,Amritsar,2026-03-25,2026-03-29,Delivered,5
11985,11985,Ecom Express,Bhubaneswar,2025-02-26,2025-03-02,Delivered,4
11986,11986,Ecom Express,Indore,2026-01-16,2026-01-18,Delivered,2
11987,11987,Xpressbees,Ranchi,2026-01-07,2026-01-10,Delivered Late,3
11988,11988,Bluedart,Surat,2026-01-15,2026-01-21,Delivered Late,4
11989,11989,DTDC,Bengaluru,2025-10-25,2025-11-02,Delivered Late,7
11990,11990,Xpressbees,Delhi,2026-02-25,2026-03-01,Delivered,5
11991,11991,Delhivery,Ranchi,2026-05-21,2026-05-25,Delivered,4
11992,11992,Delhivery,Coimbatore,2025-12-22,2025-12-27,Delivered,5
11993,11993,Ecom Express,Surat,2026-07-23,2026-07-26,Delivered Late,2
11994,11994,Ecom Express,Thiruvananthapuram,2025-10-22,2025-10-29,Delivered,7
11995,11995,DTDC,Chennai,2025-11-07,2025-11-12,Delivered,6
11996,11996,DTDC,Mysuru,2026-01-10,2026-01-13,Delivered Late,2
11997,11997,Ecom Express,Patna,2026-05-26,2026-06-01,Delivered,7
11998,11998,Ecom Express,Ranchi,,,Not Shipped,2
11999,11999,Ecom Express,Chandigarh,2026-03-30,2026-03-31,Delivered,2
12000,12000,Bluedart,Delhi,2026-02-06,2026-02-10,Delivered Late,4
