order_id,user_id,product_id,product_name,category,brand,price,quantity,order_date,order_status
1,1094,126,Football,Sports & Fitness,Yonex,4925.69,1,2025-06-21,Pending
2,722,54,Non-Stick Pan Set,Home & Kitchen,Philips,9020.11,1,2026-05-17,Delivered
3,76,77,Self-Help Book,Books,Scholastic,869.48,1,2024-10-28,Delivered
4,1131,92,Face Wash,Beauty & Personal Care,Plum,800.88,2,2024-11-28,Delivered
5,1127,42,Casual Sneakers,Fashion,Biba,2179.28,1,2025-11-04,Delivered
6,872,37,Formal Shirt,Fashion,Van Heusen,2817.75,1,2026-05-05,Delivered
7,1297,50,Mixer Grinder,Home & Kitchen,Pigeon,9358.17,1,2025-12-07,Delivered
8,1048,108,Trimmer,Beauty & Personal Care,Lakme,2079.68,1,2025-10-10,Cancelled
9,777,64,Induction Cooktop,Home & Kitchen,Milton,1237.44,1,2024-01-26,Delivered
10,1124,85,Biography,Books,Scholastic,675.16,1,2025-05-22,Delivered
11,560,58,Table Lamp,Home & Kitchen,Prestige,3738.0,1,2024-09-06,Pending
12,456,27,Men's T-Shirt,Fashion,Puma,3977.85,1,2025-04-29,Delivered
13,1794,126,Football,Sports & Fitness,Yonex,848.68,1,2025-02-26,Delivered
14,578,26,Men's T-Shirt,Fashion,Nike,4512.88,1,2025-09-05,Shipped
15,798,104,Lipstick,Beauty & Personal Care,Dove,1269.63,1,2026-04-07,Delivered
16,1052,33,Running Shoes,Fashion,Roadster,969.55,1,2025-12-17,Delivered
17,1881,95,Sunscreen SPF50,Beauty & Personal Care,The Man Company,1811.63,1,2025-12-24,Delivered
18,1448,113,Yoga Mat,Sports & Fitness,Decathlon,6905.47,2,2025-06-30,Delivered
19,565,59,Table Lamp,Home & Kitchen,Havells,4140.14,2,2026-05-16,Shipped
20,833,24,Neckband Earphones,Electronics,Realme,57412.16,1,2026-01-20,Delivered
21,192,22,Neckband Earphones,Electronics,Samsung,67111.12,1,2026-02-13,Delivered
22,1791,109,Perfume,Beauty & Personal Care,The Man Company,1740.03,3,2024-05-11,Delivered
23,1020,32,Running Shoes,Fashion,H&M,2204.72,1,2025-08-11,Shipped
24,1528,109,Perfume,Beauty & Personal Care,The Man Company,1800.09,2,2023-11-11,Delivered
25,1514,11,LED TV 43-inch,Electronics,boAt,54976.72,4,2025-11-15,Delivered
26,1807,58,Table Lamp,Home & Kitchen,Prestige,2477.88,1,2026-01-16,Delivered
27,724,109,Perfume,Beauty & Personal Care,The Man Company,1313.44,1,2026-05-16,Shipped
28,693,64,Induction Cooktop,Home & Kitchen,Milton,10853.51,2,2026-04-14,Returned
29,595,76,Self-Help Book,Books,Bloomsbury,337.28,1,2025-02-19,Delivered
30,807,79,Competitive Exam Guide,Books,Scholastic,935.2,3,2024-11-30,Delivered
31,1830,119,Dumbbell Set 10kg,Sports & Fitness,Adidas,6267.96,2,2024-02-23,Delivered
32,13,85,Biography,Books,Scholastic,367.52,1,2025-10-17,Delivered
33,1480,91,Face Wash,Beauty & Personal Care,The Man Company,169.83,1,2024-10-25,Delivered
34,1084,40,Casual Sneakers,Fashion,Levis,2229.38,3,2025-08-10,Delivered
35,1576,58,Table Lamp,Home & Kitchen,Prestige,6250.41,1,2025-11-12,Delivered
36,1828,69,Wall Clock,Home & Kitchen,Philips,1634.86,1,2024-10-21,Cancelled
37,332,112,Yoga Mat,Sports & Fitness,Nivia,238.51,3,2026-07-28,Delivered
38,227,35,Denim Jeans,Fashion,Van Heusen,2153.37,2,2025-05-05,Returned
39,329,123,Badminton Racket,Sports & Fitness,Decathlon,6724.95,4,2025-11-18,Delivered
40,1002,33,Running Shoes,Fashion,Roadster,1825.97,2,2025-09-04,Returned
41,1028,100,Body Lotion,Beauty & Personal Care,The Man Company,457.83,3,2025-12-24,Cancelled
42,259,129,Resistance Band Set,Sports & Fitness,Yonex,291.81,1,2024-09-18,Delivered
43,1700,3,Smartphone,Electronics,boAt,39541.1,1,2025-05-10,Delivered
44,1559,40,Casual Sneakers,Fashion,Levis,3726.47,1,2025-07-04,Delivered
45,236,64,Induction Cooktop,Home & Kitchen,Milton,8744.71,1,2026-03-13,Delivered
46,1604,129,Resistance Band Set,Sports & Fitness,Yonex,4354.48,1,2026-02-11,Returned
47,1289,59,Table Lamp,Home & Kitchen,Havells,1784.88,1,2025-10-29,Delivered
48,394,110,Perfume,Beauty & Personal Care,Lakme,190.5,1,2026-04-25,Returned
49,779,79,Competitive Exam Guide,Books,Scholastic,729.14,4,2025-05-22,Delivered
50,873,110,Perfume,Beauty & Personal Care,Lakme,1662.1,1,2025-11-19,Delivered
51,575,108,Trimmer,Beauty & Personal Care,Lakme,729.38,3,2026-05-07,Delivered
52,2,83,Children's Story Book,Books,Penguin,289.78,1,2025-07-16,Returned
53,207,126,Football,Sports & Fitness,Yonex,2671.35,1,2026-05-30,Delivered
54,28,34,Denim Jeans,Fashion,H&M,1855.7,2,2025-11-29,Delivered
55,1595,96,Sunscreen SPF50,Beauty & Personal Care,Plum,708.89,1,2025-11-02,Delivered
56,179,34,Denim Jeans,Fashion,H&M,3257.93,1,2026-03-27,Delivered
57,1984,49,Mixer Grinder,Home & Kitchen,Havells,2708.83,1,2026-04-13,Delivered
58,1929,88,Business Book,Books,Penguin,370.33,1,2025-09-02,Delivered
59,1093,12,LED TV 43-inch,Electronics,JBL,12201.61,1,2025-12-21,Delivered
60,1826,89,Business Book,Books,Bloomsbury,904.42,1,2026-03-21,Delivered
61,1866,124,Football,Sports & Fitness,Nivia,3048.23,3,2025-06-14,Delivered
62,45,71,Bedsheet Set,Home & Kitchen,Pigeon,9132.0,1,2024-10-02,Delivered
63,1160,49,Mixer Grinder,Home & Kitchen,Havells,9693.12,1,2026-06-27,Delivered
64,1783,43,Handbag,Fashion,Biba,2356.4,1,2025-08-27,Delivered
65,800,70,Bedsheet Set,Home & Kitchen,Bajaj,2887.29,1,2025-05-17,Delivered
66,1213,117,Cricket Bat,Sports & Fitness,Decathlon,3624.96,2,2025-12-07,Delivered
67,1746,69,Wall Clock,Home & Kitchen,Philips,7288.92,1,2024-12-03,Delivered
68,488,38,Formal Shirt,Fashion,Levis,4726.62,1,2025-02-12,Delivered
69,1789,64,Induction Cooktop,Home & Kitchen,Milton,12865.59,1,2026-01-31,Delivered
70,1329,95,Sunscreen SPF50,Beauty & Personal Care,The Man Company,911.72,3,2025-04-03,Returned
71,541,105,Lipstick,Beauty & Personal Care,Nivea,2260.09,1,2025-12-22,Pending
72,1282,92,Face Wash,Beauty & Personal Care,Plum,664.31,4,2026-02-14,Delivered
73,1990,28,Women's Kurta,Fashion,Levis,3695.23,1,2023-12-21,Shipped
74,528,53,Non-Stick Pan Set,Home & Kitchen,Pigeon,10663.8,1,2026-03-16,Delivered
75,1192,102,Body Lotion,Beauty & Personal Care,Mamaearth,514.76,1,2025-10-26,Delivered
76,755,24,Neckband Earphones,Electronics,Realme,45038.74,1,2025-06-23,Cancelled
77,361,126,Football,Sports & Fitness,Yonex,6613.81,1,2024-10-29,Delivered
78,636,46,Sunglasses,Fashion,H&M,4141.25,1,2024-09-27,Delivered
79,294,117,Cricket Bat,Sports & Fitness,Decathlon,6381.09,4,2026-03-24,Delivered
80,1079,4,Bluetooth Earbuds,Electronics,Xiaomi,54612.78,1,2024-08-25,Delivered
81,1693,12,LED TV 43-inch,Electronics,JBL,12589.37,2,2024-05-21,Delivered
82,1923,4,Bluetooth Earbuds,Electronics,Xiaomi,71481.12,1,2025-10-25,Cancelled
83,1111,87,Biography,Books,Bloomsbury,866.45,1,2025-12-30,Delivered
84,1556,114,Yoga Mat,Sports & Fitness,Adidas,5744.16,1,2025-09-13,Delivered
85,500,69,Wall Clock,Home & Kitchen,Philips,8249.44,1,2024-04-11,Cancelled
86,211,27,Men's T-Shirt,Fashion,Puma,2703.25,2,2025-08-31,Delivered
87,1869,59,Table Lamp,Home & Kitchen,Havells,5694.98,1,2024-12-07,Delivered
88,463,99,Hair Serum,Beauty & Personal Care,Plum,1762.9,2,2026-04-20,Returned
89,1008,58,Table Lamp,Home & Kitchen,Prestige,1546.14,3,2026-03-14,Delivered
90,1261,93,Face Wash,Beauty & Personal Care,Dove,2318.8,3,2025-03-22,Returned
91,1239,110,Perfume,Beauty & Personal Care,Lakme,1395.63,1,2024-09-12,Delivered
92,308,78,Self-Help Book,Books,HarperCollins,661.28,1,2026-03-31,Returned
93,556,95,Sunscreen SPF50,Beauty & Personal Care,The Man Company,2341.27,2,2026-04-16,Delivered
94,157,39,Formal Shirt,Fashion,Allen Solly,3954.58,1,2026-01-30,Delivered
95,915,123,Badminton Racket,Sports & Fitness,Decathlon,5738.62,1,2025-12-22,Delivered
96,1489,24,Neckband Earphones,Electronics,Realme,29615.36,1,2025-01-31,Delivered
97,723,124,Football,Sports & Fitness,Nivia,4914.26,1,2026-04-24,Cancelled
98,683,63,Water Bottle Set,Home & Kitchen,Cello,5134.61,1,2024-08-26,Delivered
99,1009,59,Table Lamp,Home & Kitchen,Havells,5153.0,1,2025-08-23,Delivered
100,1184,57,Air Fryer,Home & Kitchen,Pigeon,9213.44,1,2026-01-23,Delivered
101,1743,122,Badminton Racket,Sports & Fitness,Yonex,6710.79,3,2025-01-31,Delivered
102,716,36,Denim Jeans,Fashion,Puma,1684.08,1,2026-08-02,Returned
103,1991,108,Trimmer,Beauty & Personal Care,Lakme,718.87,2,2026-04-27,Delivered
104,283,37,Formal Shirt,Fashion,Van Heusen,2073.07,1,2024-07-27,Shipped
105,762,19,Bluetooth Speaker,Electronics,boAt,43331.93,1,2024-04-29,Delivered
106,301,21,Bluetooth Speaker,Electronics,Apple,22657.09,1,2025-04-18,Cancelled
107,853,47,Sunglasses,Fashion,Biba,2506.89,1,2024-09-10,Delivered
108,1944,106,Trimmer,Beauty & Personal Care,Mamaearth,1847.01,1,2025-02-19,Delivered
109,28,40,Casual Sneakers,Fashion,Levis,581.0,1,2025-02-08,Delivered
110,356,3,Smartphone,Electronics,boAt,36157.05,1,2025-08-02,Shipped
111,931,67,Wall Clock,Home & Kitchen,Cello,11968.17,1,2026-05-19,Delivered
112,868,70,Bedsheet Set,Home & Kitchen,Bajaj,12656.31,1,2026-04-27,Pending
113,257,15,Laptop,Electronics,boAt,20325.45,1,2026-08-03,Delivered
114,1146,20,Bluetooth Speaker,Electronics,Xiaomi,73636.05,1,2025-10-11,Delivered
115,1315,98,Hair Serum,Beauty & Personal Care,Mamaearth,536.34,2,2025-05-21,Delivered
116,399,27,Men's T-Shirt,Fashion,Puma,664.7,1,2025-01-22,Cancelled
117,58,28,Women's Kurta,Fashion,Levis,606.0,1,2025-07-24,Delivered
118,634,9,Smartwatch,Electronics,boAt,22236.9,1,2026-07-04,Delivered
119,92,124,Football,Sports & Fitness,Nivia,509.63,1,2026-03-18,Shipped
120,18,73,Fiction Novel,Books,Scholastic,961.87,1,2026-06-18,Delivered
121,801,34,Denim Jeans,Fashion,H&M,3601.49,1,2025-12-24,Delivered
122,1519,129,Resistance Band Set,Sports & Fitness,Yonex,5689.96,1,2025-08-03,Delivered
123,783,10,LED TV 43-inch,Electronics,Apple,26677.65,1,2025-10-26,Delivered
124,1813,60,Table Lamp,Home & Kitchen,Pigeon,11525.13,2,2025-10-24,Delivered
125,1575,129,Resistance Band Set,Sports & Fitness,Yonex,3709.85,2,2025-12-20,Delivered
126,1906,115,Cricket Bat,Sports & Fitness,Nivia,5539.39,1,2026-01-18,Delivered
127,1753,11,LED TV 43-inch,Electronics,boAt,80247.65,2,2026-05-05,Delivered
128,428,20,Bluetooth Speaker,Electronics,Xiaomi,86254.0,1,2026-07-24,Pending
129,200,37,Formal Shirt,Fashion,Van Heusen,3900.69,1,2026-02-08,Returned
130,1634,23,Neckband Earphones,Electronics,JBL,45301.97,1,2026-01-26,Delivered
131,606,72,Bedsheet Set,Home & Kitchen,Prestige,7599.52,1,2024-09-26,Delivered
132,1456,122,Badminton Racket,Sports & Fitness,Yonex,6852.69,2,2026-02-12,Delivered
133,1893,125,Football,Sports & Fitness,Cosco,468.23,2,2025-08-27,Delivered
134,1756,34,Denim Jeans,Fashion,H&M,2370.89,1,2026-01-26,Delivered
135,643,106,Trimmer,Beauty & Personal Care,Mamaearth,1337.96,1,2025-04-25,Returned
136,1398,15,Laptop,Electronics,boAt,66900.0,1,2025-09-01,Cancelled
137,17,75,Fiction Novel,Books,Bloomsbury,437.24,1,2026-01-27,Returned
138,457,24,Neckband Earphones,Electronics,Realme,31924.27,1,2026-05-23,Delivered
139,1676,22,Neckband Earphones,Electronics,Samsung,16879.38,1,2025-07-05,Shipped
140,813,52,Non-Stick Pan Set,Home & Kitchen,Bajaj,5368.39,1,2026-01-18,Delivered
141,1238,122,Badminton Racket,Sports & Fitness,Yonex,976.42,1,2025-07-21,Delivered
142,1943,55,Air Fryer,Home & Kitchen,Bajaj,4331.38,1,2025-07-09,Delivered
143,779,93,Face Wash,Beauty & Personal Care,Dove,2004.46,4,2024-11-17,Delivered
144,434,109,Perfume,Beauty & Personal Care,The Man Company,783.14,1,2026-03-15,Delivered
145,142,77,Self-Help Book,Books,Scholastic,885.4,1,2025-02-14,Delivered
146,439,67,Wall Clock,Home & Kitchen,Cello,2596.0,1,2025-11-20,Returned
147,878,77,Self-Help Book,Books,Scholastic,247.08,1,2026-03-01,Delivered
148,974,42,Casual Sneakers,Fashion,Biba,4837.27,1,2025-08-25,Shipped
149,1169,3,Smartphone,Electronics,boAt,50832.03,3,2025-05-08,Delivered
150,1481,38,Formal Shirt,Fashion,Levis,1820.54,4,2025-11-19,Shipped
151,1522,82,Children's Story Book,Books,Rupa Publications,111.77,3,2026-06-13,Shipped
152,1023,30,Women's Kurta,Fashion,Biba,4021.48,1,2026-03-13,Delivered
153,1480,33,Running Shoes,Fashion,Roadster,3280.18,1,2024-02-05,Delivered
154,75,108,Trimmer,Beauty & Personal Care,Lakme,1785.65,2,2025-08-21,Delivered
155,443,49,Mixer Grinder,Home & Kitchen,Havells,12638.74,1,2025-04-04,Delivered
156,1667,79,Competitive Exam Guide,Books,Scholastic,550.88,2,2025-08-25,Delivered
157,1329,106,Trimmer,Beauty & Personal Care,Mamaearth,1113.41,1,2026-08-03,Delivered
158,1072,86,Biography,Books,HarperCollins,201.04,1,2026-06-09,Delivered
159,363,42,Casual Sneakers,Fashion,Biba,2849.99,1,2025-09-06,Cancelled
160,1411,73,Fiction Novel,Books,Scholastic,730.88,3,2025-11-27,Returned
161,204,27,Men's T-Shirt,Fashion,Puma,720.3,1,2026-07-19,Shipped
162,213,26,Men's T-Shirt,Fashion,Nike,3276.57,1,2026-08-17,Cancelled
163,1368,55,Air Fryer,Home & Kitchen,Bajaj,3090.71,1,2025-11-20,Delivered
164,401,32,Running Shoes,Fashion,H&M,1946.88,2,2026-03-09,Delivered
165,1860,102,Body Lotion,Beauty & Personal Care,Mamaearth,166.87,1,2026-02-17,Delivered
166,581,68,Wall Clock,Home & Kitchen,Havells,4168.31,3,2025-09-27,Returned
167,1379,107,Trimmer,Beauty & Personal Care,Plum,225.79,1,2025-07-29,Cancelled
168,1722,82,Children's Story Book,Books,Rupa Publications,400.58,3,2026-02-15,Pending
169,496,50,Mixer Grinder,Home & Kitchen,Pigeon,8106.42,1,2026-06-04,Delivered
170,1909,33,Running Shoes,Fashion,Roadster,4714.14,1,2025-09-23,Delivered
171,826,41,Casual Sneakers,Fashion,Allen Solly,2354.79,1,2026-04-07,Cancelled
172,1033,101,Body Lotion,Beauty & Personal Care,Lakme,2130.12,1,2024-07-29,Delivered
173,1133,53,Non-Stick Pan Set,Home & Kitchen,Pigeon,1437.99,1,2025-05-07,Delivered
174,1578,8,Smartwatch,Electronics,OnePlus,55933.49,1,2025-10-03,Pending
175,1172,34,Denim Jeans,Fashion,H&M,4921.05,1,2025-05-02,Delivered
176,383,57,Air Fryer,Home & Kitchen,Pigeon,4034.76,1,2024-12-23,Delivered
177,1598,97,Hair Serum,Beauty & Personal Care,Lakme,1959.42,1,2026-02-09,Delivered
178,1915,27,Men's T-Shirt,Fashion,Puma,820.38,3,2026-05-25,Delivered
179,291,47,Sunglasses,Fashion,Biba,735.05,1,2025-02-04,Delivered
180,1717,26,Men's T-Shirt,Fashion,Nike,2606.87,1,2024-11-19,Delivered
181,1965,108,Trimmer,Beauty & Personal Care,Lakme,1030.85,1,2026-03-07,Returned
182,1656,3,Smartphone,Electronics,boAt,81403.52,1,2025-11-27,Delivered
183,1751,89,Business Book,Books,Bloomsbury,534.52,1,2025-07-21,Delivered
184,325,66,Induction Cooktop,Home & Kitchen,Cello,12062.94,1,2025-08-15,Delivered
185,48,40,Casual Sneakers,Fashion,Levis,1315.64,1,2025-08-13,Returned
186,61,22,Neckband Earphones,Electronics,Samsung,65713.76,3,2026-05-10,Delivered
187,987,24,Neckband Earphones,Electronics,Realme,31889.96,1,2024-11-10,Delivered
188,1527,112,Yoga Mat,Sports & Fitness,Nivia,3685.06,1,2026-02-10,Delivered
189,355,72,Bedsheet Set,Home & Kitchen,Prestige,12512.86,1,2025-12-15,Cancelled
190,1204,53,Non-Stick Pan Set,Home & Kitchen,Pigeon,12409.47,1,2025-03-03,Returned
191,868,70,Bedsheet Set,Home & Kitchen,Bajaj,10651.63,1,2025-10-05,Delivered
192,880,91,Face Wash,Beauty & Personal Care,The Man Company,1027.81,1,2024-11-10,Delivered
193,343,65,Induction Cooktop,Home & Kitchen,Prestige,7731.58,1,2026-03-28,Cancelled
194,1322,91,Face Wash,Beauty & Personal Care,The Man Company,1085.02,1,2026-05-14,Cancelled
195,880,92,Face Wash,Beauty & Personal Care,Plum,725.5,1,2026-01-31,Delivered
196,298,32,Running Shoes,Fashion,H&M,344.28,1,2026-01-25,Delivered
197,438,83,Children's Story Book,Books,Penguin,907.87,1,2025-07-06,Delivered
198,1233,27,Men's T-Shirt,Fashion,Puma,2935.51,2,2026-02-03,Shipped
199,1654,20,Bluetooth Speaker,Electronics,Xiaomi,51995.2,1,2026-03-11,Delivered
200,892,51,Mixer Grinder,Home & Kitchen,Philips,2762.32,2,2025-05-21,Delivered
201,563,32,Running Shoes,Fashion,H&M,2427.09,1,2025-06-02,Delivered
202,485,73,Fiction Novel,Books,Scholastic,115.05,2,2025-09-22,Delivered
203,10,73,Fiction Novel,Books,Scholastic,216.95,4,2026-04-12,Delivered
204,1093,11,LED TV 43-inch,Electronics,boAt,30894.18,1,2026-04-17,Delivered
205,1700,78,Self-Help Book,Books,HarperCollins,346.21,2,2026-02-07,Delivered
206,1140,127,Resistance Band Set,Sports & Fitness,Nivia,4362.78,1,2026-01-22,Delivered
207,931,32,Running Shoes,Fashion,H&M,4261.46,3,2026-05-13,Delivered
208,459,3,Smartphone,Electronics,boAt,13174.11,4,2024-03-24,Returned
209,1484,23,Neckband Earphones,Electronics,JBL,17850.44,3,2026-04-03,Delivered
210,1850,2,Smartphone,Electronics,Apple,84121.64,2,2025-08-26,Delivered
211,1608,13,Laptop,Electronics,Sony,85284.32,1,2024-03-13,Delivered
212,1255,70,Bedsheet Set,Home & Kitchen,Bajaj,9156.98,3,2026-03-11,Delivered
213,246,38,Formal Shirt,Fashion,Levis,3838.26,3,2024-08-10,Shipped
214,847,32,Running Shoes,Fashion,H&M,2751.29,1,2025-10-31,Delivered
215,1004,83,Children's Story Book,Books,Penguin,794.38,1,2026-06-12,Delivered
216,1570,91,Face Wash,Beauty & Personal Care,The Man Company,1461.51,2,2025-07-31,Delivered
217,1506,20,Bluetooth Speaker,Electronics,Xiaomi,7501.88,1,2026-03-08,Delivered
218,1374,99,Hair Serum,Beauty & Personal Care,Plum,590.61,1,2024-11-28,Delivered
219,1210,81,Competitive Exam Guide,Books,Penguin,783.44,1,2026-01-14,Delivered
220,316,28,Women's Kurta,Fashion,Levis,4595.39,1,2026-03-04,Delivered
221,1997,52,Non-Stick Pan Set,Home & Kitchen,Bajaj,10194.27,1,2026-01-08,Delivered
222,337,27,Men's T-Shirt,Fashion,Puma,991.26,2,2026-07-09,Delivered
223,493,48,Sunglasses,Fashion,Puma,1552.76,1,2025-07-02,Delivered
224,721,22,Neckband Earphones,Electronics,Samsung,32413.87,1,2025-01-18,Delivered
225,883,14,Laptop,Electronics,Xiaomi,40166.58,1,2025-08-06,Delivered
226,784,109,Perfume,Beauty & Personal Care,The Man Company,604.74,1,2025-12-28,Delivered
227,566,127,Resistance Band Set,Sports & Fitness,Nivia,3725.61,1,2025-08-21,Delivered
228,510,57,Air Fryer,Home & Kitchen,Pigeon,1717.65,3,2026-05-23,Delivered
229,489,71,Bedsheet Set,Home & Kitchen,Pigeon,3136.43,1,2025-02-11,Delivered
230,803,57,Air Fryer,Home & Kitchen,Pigeon,9606.54,2,2025-05-11,Delivered
231,422,53,Non-Stick Pan Set,Home & Kitchen,Pigeon,4681.32,1,2024-10-07,Delivered
232,1503,129,Resistance Band Set,Sports & Fitness,Yonex,6371.92,1,2026-06-14,Delivered
233,1747,62,Water Bottle Set,Home & Kitchen,Pigeon,2419.47,1,2026-04-09,Delivered
234,681,37,Formal Shirt,Fashion,Van Heusen,4821.54,1,2026-04-04,Delivered
235,43,20,Bluetooth Speaker,Electronics,Xiaomi,16027.68,2,2026-04-23,Delivered
236,722,1,Smartphone,Electronics,Xiaomi,44356.01,1,2026-06-03,Delivered
237,1678,75,Fiction Novel,Books,Bloomsbury,850.82,1,2023-12-28,Delivered
238,301,26,Men's T-Shirt,Fashion,Nike,1730.63,2,2026-01-22,Delivered
239,1505,66,Induction Cooktop,Home & Kitchen,Cello,8707.46,1,2025-06-02,Delivered
240,1696,86,Biography,Books,HarperCollins,901.24,2,2026-05-26,Returned
241,1848,29,Women's Kurta,Fashion,Allen Solly,1567.71,1,2026-04-02,Delivered
242,303,57,Air Fryer,Home & Kitchen,Pigeon,8655.93,1,2026-06-15,Delivered
243,501,111,Perfume,Beauty & Personal Care,Plum,993.64,2,2025-09-22,Delivered
244,1956,28,Women's Kurta,Fashion,Levis,4836.63,2,2025-04-29,Delivered
245,1842,45,Handbag,Fashion,Allen Solly,1545.95,1,2026-04-13,Returned
246,801,71,Bedsheet Set,Home & Kitchen,Pigeon,4192.87,1,2025-09-30,Delivered
247,704,32,Running Shoes,Fashion,H&M,2336.26,1,2026-02-24,Shipped
248,1623,29,Women's Kurta,Fashion,Allen Solly,4855.51,1,2025-04-03,Delivered
249,956,75,Fiction Novel,Books,Bloomsbury,660.42,1,2025-11-27,Delivered
250,591,4,Bluetooth Earbuds,Electronics,Xiaomi,41283.15,1,2025-10-29,Cancelled
251,253,2,Smartphone,Electronics,Apple,39183.8,1,2025-06-24,Delivered
252,515,73,Fiction Novel,Books,Scholastic,805.74,1,2024-08-25,Shipped
253,1149,70,Bedsheet Set,Home & Kitchen,Bajaj,2067.71,2,2024-12-09,Delivered
254,1881,9,Smartwatch,Electronics,boAt,43006.46,1,2025-11-05,Cancelled
255,1305,103,Lipstick,Beauty & Personal Care,The Man Company,2421.23,1,2025-05-05,Delivered
256,619,45,Handbag,Fashion,Allen Solly,2949.37,1,2025-10-05,Delivered
257,1185,52,Non-Stick Pan Set,Home & Kitchen,Bajaj,3436.76,1,2024-08-27,Delivered
258,625,119,Dumbbell Set 10kg,Sports & Fitness,Adidas,3910.65,1,2025-10-27,Returned
259,895,114,Yoga Mat,Sports & Fitness,Adidas,4919.11,1,2024-06-25,Delivered
260,733,120,Dumbbell Set 10kg,Sports & Fitness,Yonex,3058.44,1,2025-11-19,Delivered
261,1145,108,Trimmer,Beauty & Personal Care,Lakme,356.81,1,2025-01-09,Returned
262,1612,96,Sunscreen SPF50,Beauty & Personal Care,Plum,448.1,1,2024-12-26,Delivered
263,601,101,Body Lotion,Beauty & Personal Care,Lakme,444.95,1,2026-02-28,Delivered
264,1563,118,Dumbbell Set 10kg,Sports & Fitness,Decathlon,5905.55,1,2026-03-19,Delivered
265,1331,25,Men's T-Shirt,Fashion,Allen Solly,4162.12,1,2024-11-18,Delivered
266,1771,14,Laptop,Electronics,Xiaomi,63379.28,1,2024-08-20,Delivered
267,1981,58,Table Lamp,Home & Kitchen,Prestige,11660.92,1,2025-07-28,Delivered
268,1287,2,Smartphone,Electronics,Apple,72660.02,1,2025-03-02,Delivered
269,138,31,Running Shoes,Fashion,Biba,2742.17,1,2023-12-22,Delivered
270,51,114,Yoga Mat,Sports & Fitness,Adidas,2855.85,3,2026-02-24,Delivered
271,991,61,Water Bottle Set,Home & Kitchen,Philips,10980.94,1,2026-06-22,Cancelled
272,1396,32,Running Shoes,Fashion,H&M,2331.06,1,2025-06-16,Delivered
273,1677,44,Handbag,Fashion,Van Heusen,2703.12,1,2026-05-25,Delivered
274,984,26,Men's T-Shirt,Fashion,Nike,4806.73,1,2026-02-23,Delivered
275,802,28,Women's Kurta,Fashion,Levis,2479.63,2,2025-10-15,Delivered
276,581,100,Body Lotion,Beauty & Personal Care,The Man Company,174.9,1,2025-09-24,Delivered
277,1830,114,Yoga Mat,Sports & Fitness,Adidas,488.9,3,2025-11-13,Shipped
278,959,118,Dumbbell Set 10kg,Sports & Fitness,Decathlon,2081.95,4,2026-03-24,Delivered
279,1753,54,Non-Stick Pan Set,Home & Kitchen,Philips,4696.63,2,2026-03-11,Delivered
280,129,39,Formal Shirt,Fashion,Allen Solly,1952.77,2,2024-10-12,Delivered
281,1465,36,Denim Jeans,Fashion,Puma,1607.2,2,2026-03-10,Delivered
282,807,124,Football,Sports & Fitness,Nivia,2759.35,1,2024-09-18,Delivered
283,1180,67,Wall Clock,Home & Kitchen,Cello,1899.13,1,2025-12-14,Shipped
284,713,104,Lipstick,Beauty & Personal Care,Dove,307.79,1,2025-09-27,Delivered
285,475,128,Resistance Band Set,Sports & Fitness,Decathlon,6551.79,1,2025-04-02,Delivered
286,1581,61,Water Bottle Set,Home & Kitchen,Philips,1593.26,3,2026-02-10,Delivered
287,787,108,Trimmer,Beauty & Personal Care,Lakme,2316.58,1,2026-01-11,Delivered
288,77,19,Bluetooth Speaker,Electronics,boAt,40183.34,1,2026-03-03,Delivered
289,61,28,Women's Kurta,Fashion,Levis,3583.01,1,2026-05-13,Pending
290,1176,51,Mixer Grinder,Home & Kitchen,Philips,3468.31,1,2025-09-08,Delivered
291,413,112,Yoga Mat,Sports & Fitness,Nivia,5733.1,2,2026-01-03,Delivered
292,1193,25,Men's T-Shirt,Fashion,Allen Solly,1255.64,2,2024-07-23,Returned
293,737,19,Bluetooth Speaker,Electronics,boAt,31190.45,1,2026-01-22,Shipped
294,1492,128,Resistance Band Set,Sports & Fitness,Decathlon,1491.93,1,2025-11-03,Cancelled
295,1026,36,Denim Jeans,Fashion,Puma,4066.5,1,2025-04-07,Delivered
296,1790,33,Running Shoes,Fashion,Roadster,3976.22,1,2024-09-03,Delivered
297,473,85,Biography,Books,Scholastic,119.29,2,2025-09-18,Delivered
298,1697,92,Face Wash,Beauty & Personal Care,Plum,308.69,2,2026-04-14,Shipped
299,154,62,Water Bottle Set,Home & Kitchen,Pigeon,11127.24,3,2025-08-24,Delivered
300,818,29,Women's Kurta,Fashion,Allen Solly,3038.03,3,2025-10-19,Pending
301,1338,87,Biography,Books,Bloomsbury,478.27,1,2024-02-07,Returned
302,122,85,Biography,Books,Scholastic,930.76,1,2024-08-28,Returned
303,483,10,LED TV 43-inch,Electronics,Apple,31648.43,1,2025-07-26,Delivered
304,1515,21,Bluetooth Speaker,Electronics,Apple,79965.66,1,2025-10-15,Delivered
305,1482,128,Resistance Band Set,Sports & Fitness,Decathlon,3650.71,1,2025-08-06,Delivered
306,622,59,Table Lamp,Home & Kitchen,Havells,522.4,1,2026-01-26,Delivered
307,1662,98,Hair Serum,Beauty & Personal Care,Mamaearth,1751.56,2,2026-03-27,Delivered
308,107,97,Hair Serum,Beauty & Personal Care,Lakme,1783.29,1,2025-05-06,Delivered
309,283,31,Running Shoes,Fashion,Biba,4515.59,4,2024-07-25,Delivered
310,397,15,Laptop,Electronics,boAt,22043.78,1,2026-03-05,Delivered
311,846,12,LED TV 43-inch,Electronics,JBL,89190.74,1,2026-01-06,Delivered
312,1665,33,Running Shoes,Fashion,Roadster,2360.21,1,2024-07-02,Delivered
313,1234,75,Fiction Novel,Books,Bloomsbury,215.74,1,2026-02-12,Delivered
314,1345,65,Induction Cooktop,Home & Kitchen,Prestige,12213.22,1,2024-05-23,Delivered
315,1666,57,Air Fryer,Home & Kitchen,Pigeon,5904.16,1,2025-04-11,Delivered
316,1130,63,Water Bottle Set,Home & Kitchen,Cello,6966.26,1,2025-05-12,Delivered
317,1032,89,Business Book,Books,Bloomsbury,909.38,2,2024-07-08,Delivered
318,573,36,Denim Jeans,Fashion,Puma,4253.7,1,2024-05-26,Delivered
319,1133,37,Formal Shirt,Fashion,Van Heusen,467.58,1,2025-05-08,Delivered
320,1566,6,Bluetooth Earbuds,Electronics,Sony,45301.55,1,2025-07-24,Delivered
321,787,22,Neckband Earphones,Electronics,Samsung,6126.03,2,2025-02-20,Delivered
322,39,114,Yoga Mat,Sports & Fitness,Adidas,501.03,1,2026-08-17,Delivered
323,883,79,Competitive Exam Guide,Books,Scholastic,127.18,2,2025-08-23,Shipped
324,1864,87,Biography,Books,Bloomsbury,929.43,3,2026-03-28,Cancelled
325,1211,88,Business Book,Books,Penguin,752.21,1,2026-07-20,Returned
326,1603,15,Laptop,Electronics,boAt,72818.79,1,2025-12-26,Shipped
327,1910,119,Dumbbell Set 10kg,Sports & Fitness,Adidas,3081.08,2,2026-08-11,Delivered
328,533,120,Dumbbell Set 10kg,Sports & Fitness,Yonex,5269.31,3,2024-11-17,Delivered
329,32,71,Bedsheet Set,Home & Kitchen,Pigeon,1339.6,1,2025-02-02,Delivered
330,692,71,Bedsheet Set,Home & Kitchen,Pigeon,4860.61,1,2026-01-03,Cancelled
331,1660,4,Bluetooth Earbuds,Electronics,Xiaomi,11887.13,1,2026-01-20,Delivered
332,542,114,Yoga Mat,Sports & Fitness,Adidas,3345.53,1,2026-03-04,Delivered
333,1979,56,Air Fryer,Home & Kitchen,Prestige,5458.79,1,2025-04-13,Delivered
334,1838,81,Competitive Exam Guide,Books,Penguin,956.96,1,2025-10-14,Delivered
335,1612,127,Resistance Band Set,Sports & Fitness,Nivia,1064.11,1,2025-01-28,Delivered
336,1266,60,Table Lamp,Home & Kitchen,Pigeon,1708.19,1,2025-11-12,Delivered
337,1763,82,Children's Story Book,Books,Rupa Publications,136.76,2,2025-06-17,Delivered
338,1464,66,Induction Cooktop,Home & Kitchen,Cello,454.51,2,2026-07-09,Cancelled
339,1107,61,Water Bottle Set,Home & Kitchen,Philips,4708.05,1,2025-12-20,Delivered
340,1047,84,Children's Story Book,Books,Scholastic,612.33,2,2024-07-15,Delivered
341,147,73,Fiction Novel,Books,Scholastic,227.77,1,2025-11-03,Cancelled
342,687,96,Sunscreen SPF50,Beauty & Personal Care,Plum,1255.11,4,2026-06-11,Delivered
343,329,75,Fiction Novel,Books,Bloomsbury,936.28,3,2025-04-21,Delivered
344,1248,81,Competitive Exam Guide,Books,Penguin,558.72,2,2024-11-23,Delivered
345,1191,56,Air Fryer,Home & Kitchen,Prestige,5079.21,1,2025-12-17,Delivered
346,308,21,Bluetooth Speaker,Electronics,Apple,86001.0,3,2025-05-01,Pending
347,1158,108,Trimmer,Beauty & Personal Care,Lakme,1415.57,1,2026-01-15,Returned
348,1635,113,Yoga Mat,Sports & Fitness,Decathlon,2354.19,1,2024-12-19,Delivered
349,1866,93,Face Wash,Beauty & Personal Care,Dove,691.59,1,2025-03-07,Pending
350,1420,105,Lipstick,Beauty & Personal Care,Nivea,999.42,1,2025-08-17,Delivered
351,1874,124,Football,Sports & Fitness,Nivia,4314.49,1,2025-04-16,Delivered
352,1167,63,Water Bottle Set,Home & Kitchen,Cello,10148.72,1,2026-04-15,Delivered
353,283,74,Fiction Novel,Books,HarperCollins,406.41,1,2025-10-11,Delivered
354,1035,127,Resistance Band Set,Sports & Fitness,Nivia,4500.88,2,2026-06-23,Returned
355,1795,43,Handbag,Fashion,Biba,866.71,1,2025-06-27,Delivered
356,1905,26,Men's T-Shirt,Fashion,Nike,893.07,1,2025-07-09,Delivered
357,1414,34,Denim Jeans,Fashion,H&M,2719.02,1,2024-12-22,Delivered
358,865,62,Water Bottle Set,Home & Kitchen,Pigeon,9326.79,1,2025-06-15,Returned
359,1840,28,Women's Kurta,Fashion,Levis,4971.43,1,2025-03-25,Delivered
360,727,105,Lipstick,Beauty & Personal Care,Nivea,1631.46,2,2026-05-14,Delivered
361,1552,35,Denim Jeans,Fashion,Van Heusen,3746.18,2,2025-07-14,Delivered
362,1680,22,Neckband Earphones,Electronics,Samsung,14380.27,1,2026-05-02,Delivered
363,1381,98,Hair Serum,Beauty & Personal Care,Mamaearth,902.03,1,2025-11-08,Delivered
364,573,25,Men's T-Shirt,Fashion,Allen Solly,1390.64,1,2026-05-09,Delivered
365,1061,110,Perfume,Beauty & Personal Care,Lakme,819.35,1,2026-04-02,Delivered
366,1953,54,Non-Stick Pan Set,Home & Kitchen,Philips,5738.36,1,2024-09-02,Returned
367,644,43,Handbag,Fashion,Biba,856.19,1,2025-01-15,Delivered
368,1814,67,Wall Clock,Home & Kitchen,Cello,12856.27,2,2024-10-05,Shipped
369,1365,25,Men's T-Shirt,Fashion,Allen Solly,1271.16,2,2025-01-31,Delivered
370,57,50,Mixer Grinder,Home & Kitchen,Pigeon,333.98,2,2026-05-13,Delivered
371,417,110,Perfume,Beauty & Personal Care,Lakme,1869.41,1,2025-02-03,Cancelled
372,605,31,Running Shoes,Fashion,Biba,2387.7,1,2026-04-17,Delivered
373,1771,72,Bedsheet Set,Home & Kitchen,Prestige,9577.33,1,2024-08-24,Delivered
374,162,20,Bluetooth Speaker,Electronics,Xiaomi,29977.72,1,2026-06-20,Delivered
375,1292,19,Bluetooth Speaker,Electronics,boAt,63846.43,1,2025-12-30,Shipped
376,888,82,Children's Story Book,Books,Rupa Publications,270.36,1,2025-08-20,Cancelled
377,1283,3,Smartphone,Electronics,boAt,22734.5,1,2026-01-30,Returned
378,451,68,Wall Clock,Home & Kitchen,Havells,6242.97,1,2025-11-23,Delivered
379,1018,51,Mixer Grinder,Home & Kitchen,Philips,8342.35,1,2025-02-04,Delivered
380,1482,1,Smartphone,Electronics,Xiaomi,39540.24,1,2026-01-07,Delivered
381,1455,68,Wall Clock,Home & Kitchen,Havells,8069.57,1,2025-07-26,Delivered
382,715,47,Sunglasses,Fashion,Biba,4425.08,2,2026-02-05,Returned
383,1369,101,Body Lotion,Beauty & Personal Care,Lakme,1553.93,1,2026-03-15,Delivered
384,449,74,Fiction Novel,Books,HarperCollins,476.63,1,2026-05-22,Delivered
385,871,119,Dumbbell Set 10kg,Sports & Fitness,Adidas,6701.95,1,2024-07-25,Delivered
386,816,124,Football,Sports & Fitness,Nivia,5911.82,2,2025-12-12,Delivered
387,1408,69,Wall Clock,Home & Kitchen,Philips,6719.46,3,2025-10-18,Cancelled
388,125,67,Wall Clock,Home & Kitchen,Cello,8855.11,1,2026-02-21,Cancelled
389,871,14,Laptop,Electronics,Xiaomi,24732.9,2,2025-05-16,Delivered
390,1677,105,Lipstick,Beauty & Personal Care,Nivea,669.08,2,2026-06-01,Delivered
391,1597,85,Biography,Books,Scholastic,215.29,1,2025-10-24,Shipped
392,44,24,Neckband Earphones,Electronics,Realme,70413.67,1,2026-02-07,Delivered
393,1569,13,Laptop,Electronics,Sony,47062.49,1,2025-09-06,Delivered
394,322,59,Table Lamp,Home & Kitchen,Havells,3948.89,1,2026-05-02,Delivered
395,847,64,Induction Cooktop,Home & Kitchen,Milton,12234.18,1,2025-04-26,Delivered
396,1926,129,Resistance Band Set,Sports & Fitness,Yonex,2904.97,1,2025-08-19,Delivered
397,618,64,Induction Cooktop,Home & Kitchen,Milton,679.67,2,2025-04-30,Cancelled
398,774,34,Denim Jeans,Fashion,H&M,4144.99,2,2025-11-11,Returned
399,157,107,Trimmer,Beauty & Personal Care,Plum,196.36,2,2024-09-23,Delivered
400,1883,101,Body Lotion,Beauty & Personal Care,Lakme,605.57,1,2024-09-13,Delivered
401,663,6,Bluetooth Earbuds,Electronics,Sony,27751.13,1,2025-06-05,Delivered
402,1986,97,Hair Serum,Beauty & Personal Care,Lakme,833.41,1,2026-02-02,Shipped
403,1149,73,Fiction Novel,Books,Scholastic,915.9,1,2025-01-31,Delivered
404,36,101,Body Lotion,Beauty & Personal Care,Lakme,2384.92,2,2026-07-12,Delivered
405,927,7,Smartwatch,Electronics,Samsung,36242.5,1,2024-12-07,Delivered
406,1154,86,Biography,Books,HarperCollins,228.39,1,2024-12-18,Delivered
407,1149,126,Football,Sports & Fitness,Yonex,4234.18,1,2025-01-03,Delivered
408,1717,60,Table Lamp,Home & Kitchen,Pigeon,1000.4,1,2025-07-12,Delivered
409,1517,39,Formal Shirt,Fashion,Allen Solly,470.6,1,2025-03-26,Delivered
410,1785,54,Non-Stick Pan Set,Home & Kitchen,Philips,9875.73,2,2025-02-03,Delivered
411,642,61,Water Bottle Set,Home & Kitchen,Philips,4352.43,2,2026-05-23,Delivered
412,1759,21,Bluetooth Speaker,Electronics,Apple,82972.75,1,2026-01-02,Delivered
413,261,42,Casual Sneakers,Fashion,Biba,2742.71,1,2026-01-12,Delivered
414,1782,10,LED TV 43-inch,Electronics,Apple,79785.85,1,2026-06-06,Delivered
415,1075,108,Trimmer,Beauty & Personal Care,Lakme,1087.6,1,2025-07-22,Delivered
416,603,70,Bedsheet Set,Home & Kitchen,Bajaj,6910.62,1,2026-07-21,Delivered
417,1332,53,Non-Stick Pan Set,Home & Kitchen,Pigeon,10484.88,3,2025-12-31,Delivered
418,1239,119,Dumbbell Set 10kg,Sports & Fitness,Adidas,1631.2,1,2025-01-04,Delivered
419,1746,43,Handbag,Fashion,Biba,2763.58,2,2026-04-24,Delivered
420,853,121,Badminton Racket,Sports & Fitness,Cosco,654.93,4,2024-10-17,Delivered
421,385,25,Men's T-Shirt,Fashion,Allen Solly,2826.34,1,2024-11-10,Delivered
422,960,18,Power Bank 10000mAh,Electronics,Sony,32059.39,1,2025-10-04,Delivered
423,1288,50,Mixer Grinder,Home & Kitchen,Pigeon,3749.9,2,2023-12-15,Returned
424,1197,95,Sunscreen SPF50,Beauty & Personal Care,The Man Company,1616.58,1,2025-12-26,Delivered
425,1109,20,Bluetooth Speaker,Electronics,Xiaomi,53662.41,1,2025-12-01,Delivered
426,366,27,Men's T-Shirt,Fashion,Puma,894.51,1,2025-01-16,Delivered
427,785,71,Bedsheet Set,Home & Kitchen,Pigeon,12573.9,2,2026-02-14,Delivered
428,1863,44,Handbag,Fashion,Van Heusen,311.55,1,2025-07-12,Delivered
429,1904,38,Formal Shirt,Fashion,Levis,972.67,1,2026-02-07,Delivered
430,160,14,Laptop,Electronics,Xiaomi,13017.16,2,2026-04-02,Delivered
431,967,129,Resistance Band Set,Sports & Fitness,Yonex,5367.05,1,2025-03-16,Delivered
432,1585,122,Badminton Racket,Sports & Fitness,Yonex,2612.94,2,2025-05-05,Delivered
433,161,55,Air Fryer,Home & Kitchen,Bajaj,12429.84,3,2026-03-24,Cancelled
434,1457,112,Yoga Mat,Sports & Fitness,Nivia,4010.3,1,2024-09-01,Cancelled
435,1404,112,Yoga Mat,Sports & Fitness,Nivia,4633.23,1,2024-08-01,Returned
436,1752,89,Business Book,Books,Bloomsbury,754.64,1,2025-07-06,Delivered
437,1886,98,Hair Serum,Beauty & Personal Care,Mamaearth,1028.38,3,2026-05-04,Pending
438,402,50,Mixer Grinder,Home & Kitchen,Pigeon,320.59,1,2025-06-18,Delivered
439,756,129,Resistance Band Set,Sports & Fitness,Yonex,6465.63,1,2026-04-15,Delivered
440,564,102,Body Lotion,Beauty & Personal Care,Mamaearth,252.21,1,2025-11-03,Delivered
441,1281,8,Smartwatch,Electronics,OnePlus,77795.13,3,2024-04-14,Pending
442,1295,122,Badminton Racket,Sports & Fitness,Yonex,5298.56,1,2025-11-06,Delivered
443,213,40,Casual Sneakers,Fashion,Levis,3615.51,1,2026-07-31,Returned
444,170,31,Running Shoes,Fashion,Biba,562.43,1,2026-01-24,Delivered
445,200,72,Bedsheet Set,Home & Kitchen,Prestige,12787.39,1,2026-03-09,Delivered
446,35,82,Children's Story Book,Books,Rupa Publications,906.96,1,2025-09-23,Pending
447,1479,4,Bluetooth Earbuds,Electronics,Xiaomi,84695.63,1,2026-05-08,Cancelled
448,1372,50,Mixer Grinder,Home & Kitchen,Pigeon,10768.36,1,2024-04-23,Delivered
449,172,71,Bedsheet Set,Home & Kitchen,Pigeon,8007.75,1,2026-08-09,Delivered
450,1302,1,Smartphone,Electronics,Xiaomi,28554.88,1,2026-01-06,Delivered
451,955,23,Neckband Earphones,Electronics,JBL,51303.08,1,2025-09-16,Delivered
452,186,48,Sunglasses,Fashion,Puma,1791.26,1,2026-03-27,Delivered
453,347,56,Air Fryer,Home & Kitchen,Prestige,8382.81,1,2026-01-30,Returned
454,1932,49,Mixer Grinder,Home & Kitchen,Havells,9778.46,2,2025-03-21,Delivered
455,777,46,Sunglasses,Fashion,H&M,1610.13,1,2025-12-12,Delivered
456,1711,52,Non-Stick Pan Set,Home & Kitchen,Bajaj,2507.18,1,2024-10-28,Delivered
457,542,91,Face Wash,Beauty & Personal Care,The Man Company,1508.94,1,2024-06-19,Delivered
458,921,44,Handbag,Fashion,Van Heusen,471.64,2,2026-02-22,Delivered
459,1102,112,Yoga Mat,Sports & Fitness,Nivia,2558.07,2,2025-09-17,Cancelled
460,425,129,Resistance Band Set,Sports & Fitness,Yonex,3949.96,2,2025-03-30,Delivered
461,1052,67,Wall Clock,Home & Kitchen,Cello,3031.75,1,2026-01-21,Shipped
462,1059,48,Sunglasses,Fashion,Puma,2532.49,1,2025-11-13,Delivered
463,1155,9,Smartwatch,Electronics,boAt,29554.59,1,2025-04-29,Delivered
464,1846,108,Trimmer,Beauty & Personal Care,Lakme,1266.42,1,2023-11-14,Returned
465,384,79,Competitive Exam Guide,Books,Scholastic,245.47,1,2026-04-13,Delivered
466,900,112,Yoga Mat,Sports & Fitness,Nivia,5169.49,1,2026-04-09,Delivered
467,1482,124,Football,Sports & Fitness,Nivia,4813.18,1,2025-08-15,Pending
468,1797,28,Women's Kurta,Fashion,Levis,2277.63,2,2024-12-18,Shipped
469,821,43,Handbag,Fashion,Biba,4634.06,3,2026-04-28,Shipped
470,1931,36,Denim Jeans,Fashion,Puma,909.49,1,2025-10-28,Shipped
471,1988,37,Formal Shirt,Fashion,Van Heusen,4066.0,1,2025-07-11,Delivered
472,2,52,Non-Stick Pan Set,Home & Kitchen,Bajaj,11506.67,1,2025-11-14,Delivered
473,484,112,Yoga Mat,Sports & Fitness,Nivia,812.13,1,2026-03-09,Delivered
474,1732,2,Smartphone,Electronics,Apple,43378.09,1,2026-01-22,Delivered
475,1407,55,Air Fryer,Home & Kitchen,Bajaj,11887.62,1,2025-05-12,Cancelled
476,1447,25,Men's T-Shirt,Fashion,Allen Solly,2120.6,1,2026-05-01,Shipped
477,819,73,Fiction Novel,Books,Scholastic,836.81,2,2026-01-21,Delivered
478,807,89,Business Book,Books,Bloomsbury,538.48,2,2025-08-24,Delivered
479,455,46,Sunglasses,Fashion,H&M,3907.87,1,2026-03-26,Delivered
480,1686,102,Body Lotion,Beauty & Personal Care,Mamaearth,2298.28,1,2024-03-28,Delivered
481,385,78,Self-Help Book,Books,HarperCollins,490.86,1,2024-03-16,Delivered
482,872,100,Body Lotion,Beauty & Personal Care,The Man Company,1735.89,1,2026-01-23,Delivered
483,1956,42,Casual Sneakers,Fashion,Biba,2170.62,1,2025-06-03,Delivered
484,1652,26,Men's T-Shirt,Fashion,Nike,3381.58,1,2025-09-30,Cancelled
485,330,99,Hair Serum,Beauty & Personal Care,Plum,1761.8,1,2025-03-09,Delivered
486,1373,14,Laptop,Electronics,Xiaomi,27822.54,1,2025-05-18,Delivered
487,1237,116,Cricket Bat,Sports & Fitness,Adidas,3613.02,2,2026-02-09,Delivered
488,1729,29,Women's Kurta,Fashion,Allen Solly,3990.83,4,2026-03-10,Delivered
489,786,21,Bluetooth Speaker,Electronics,Apple,14213.54,1,2026-03-17,Shipped
490,1209,117,Cricket Bat,Sports & Fitness,Decathlon,3156.24,1,2025-06-18,Delivered
491,1778,13,Laptop,Electronics,Sony,80112.6,1,2026-05-01,Delivered
492,692,7,Smartwatch,Electronics,Samsung,49212.17,1,2026-01-26,Delivered
493,36,77,Self-Help Book,Books,Scholastic,671.38,1,2025-06-22,Delivered
494,75,102,Body Lotion,Beauty & Personal Care,Mamaearth,733.27,1,2025-08-22,Delivered
495,1489,127,Resistance Band Set,Sports & Fitness,Nivia,3130.48,1,2024-09-04,Pending
496,1412,118,Dumbbell Set 10kg,Sports & Fitness,Decathlon,475.36,1,2025-10-18,Delivered
497,1248,26,Men's T-Shirt,Fashion,Nike,2093.99,4,2026-06-13,Delivered
498,1900,78,Self-Help Book,Books,HarperCollins,479.28,1,2025-10-31,Shipped
499,527,21,Bluetooth Speaker,Electronics,Apple,75446.32,1,2025-12-22,Delivered
500,393,78,Self-Help Book,Books,HarperCollins,653.02,1,2025-09-18,Cancelled
501,1422,96,Sunscreen SPF50,Beauty & Personal Care,Plum,1496.34,1,2026-02-05,Shipped
502,563,48,Sunglasses,Fashion,Puma,1600.21,1,2026-01-06,Delivered
503,1864,70,Bedsheet Set,Home & Kitchen,Bajaj,313.4,1,2026-03-09,Cancelled
504,1346,119,Dumbbell Set 10kg,Sports & Fitness,Adidas,4272.74,4,2025-06-07,Delivered
505,454,84,Children's Story Book,Books,Scholastic,297.95,1,2024-12-08,Delivered
506,1248,108,Trimmer,Beauty & Personal Care,Lakme,1640.72,1,2026-02-20,Delivered
507,1905,88,Business Book,Books,Penguin,405.54,1,2025-09-09,Delivered
508,947,128,Resistance Band Set,Sports & Fitness,Decathlon,1631.33,1,2026-03-08,Delivered
509,524,21,Bluetooth Speaker,Electronics,Apple,57118.46,1,2025-05-19,Delivered
510,426,95,Sunscreen SPF50,Beauty & Personal Care,The Man Company,863.48,2,2026-01-06,Delivered
511,958,43,Handbag,Fashion,Biba,3233.05,1,2024-04-01,Delivered
512,1567,126,Football,Sports & Fitness,Yonex,6928.83,1,2026-01-22,Delivered
513,776,32,Running Shoes,Fashion,H&M,754.81,1,2025-10-12,Pending
514,1169,41,Casual Sneakers,Fashion,Allen Solly,3903.31,4,2025-02-10,Pending
515,1127,56,Air Fryer,Home & Kitchen,Prestige,5580.79,1,2025-11-16,Delivered
516,744,82,Children's Story Book,Books,Rupa Publications,551.07,1,2026-02-06,Delivered
517,828,119,Dumbbell Set 10kg,Sports & Fitness,Adidas,2145.73,3,2025-07-27,Delivered
518,1789,1,Smartphone,Electronics,Xiaomi,48312.78,1,2025-04-28,Delivered
519,353,26,Men's T-Shirt,Fashion,Nike,2100.76,1,2025-11-29,Pending
520,841,58,Table Lamp,Home & Kitchen,Prestige,2015.79,1,2024-12-15,Pending
521,1228,105,Lipstick,Beauty & Personal Care,Nivea,2370.9,1,2025-09-18,Delivered
522,1166,24,Neckband Earphones,Electronics,Realme,85703.67,1,2025-10-24,Delivered
523,1618,50,Mixer Grinder,Home & Kitchen,Pigeon,11090.44,1,2026-03-31,Delivered
524,1792,121,Badminton Racket,Sports & Fitness,Cosco,6571.56,3,2024-12-23,Delivered
525,601,53,Non-Stick Pan Set,Home & Kitchen,Pigeon,7613.43,1,2026-02-01,Delivered
526,909,46,Sunglasses,Fashion,H&M,4871.18,1,2026-07-04,Delivered
527,1238,41,Casual Sneakers,Fashion,Allen Solly,1449.86,2,2026-02-26,Delivered
528,1534,105,Lipstick,Beauty & Personal Care,Nivea,2186.6,4,2025-09-25,Returned
529,145,67,Wall Clock,Home & Kitchen,Cello,11511.8,1,2026-01-27,Delivered
530,1244,7,Smartwatch,Electronics,Samsung,39915.08,2,2025-11-06,Delivered
531,1663,11,LED TV 43-inch,Electronics,boAt,33211.9,2,2026-07-05,Delivered
532,1331,32,Running Shoes,Fashion,H&M,786.03,2,2025-06-17,Delivered
533,1188,29,Women's Kurta,Fashion,Allen Solly,3692.37,1,2026-01-10,Delivered
534,291,124,Football,Sports & Fitness,Nivia,1627.58,1,2026-04-13,Delivered
535,152,126,Football,Sports & Fitness,Yonex,5316.02,2,2025-07-01,Delivered
536,1412,116,Cricket Bat,Sports & Fitness,Adidas,4956.02,1,2025-06-20,Delivered
537,1560,74,Fiction Novel,Books,HarperCollins,122.35,3,2026-06-26,Delivered
538,1462,41,Casual Sneakers,Fashion,Allen Solly,2966.91,1,2026-05-26,Delivered
539,1379,33,Running Shoes,Fashion,Roadster,987.67,1,2025-07-24,Delivered
540,1305,55,Air Fryer,Home & Kitchen,Bajaj,7685.19,1,2024-12-11,Delivered
541,746,104,Lipstick,Beauty & Personal Care,Dove,1269.89,3,2025-12-22,Pending
542,1319,129,Resistance Band Set,Sports & Fitness,Yonex,2336.21,1,2024-09-18,Returned
543,994,124,Football,Sports & Fitness,Nivia,1391.63,3,2025-11-07,Delivered
544,1940,80,Competitive Exam Guide,Books,HarperCollins,284.79,1,2025-08-06,Delivered
545,1493,51,Mixer Grinder,Home & Kitchen,Philips,4794.39,1,2026-01-30,Shipped
546,1857,59,Table Lamp,Home & Kitchen,Havells,9701.57,1,2023-12-06,Delivered
547,1283,18,Power Bank 10000mAh,Electronics,Sony,25014.44,4,2026-01-20,Cancelled
548,1102,15,Laptop,Electronics,boAt,40638.65,1,2026-03-18,Delivered
549,1633,63,Water Bottle Set,Home & Kitchen,Cello,3160.33,2,2026-01-01,Delivered
550,1248,72,Bedsheet Set,Home & Kitchen,Prestige,1413.83,1,2025-01-18,Cancelled
551,131,34,Denim Jeans,Fashion,H&M,2755.02,1,2026-04-08,Delivered
552,1200,123,Badminton Racket,Sports & Fitness,Decathlon,3356.04,1,2026-01-14,Cancelled
553,654,19,Bluetooth Speaker,Electronics,boAt,18320.18,1,2026-01-31,Delivered
554,405,56,Air Fryer,Home & Kitchen,Prestige,7877.25,1,2024-08-29,Delivered
555,881,29,Women's Kurta,Fashion,Allen Solly,3682.91,1,2026-03-11,Delivered
556,1207,117,Cricket Bat,Sports & Fitness,Decathlon,6946.22,1,2026-02-09,Delivered
557,555,46,Sunglasses,Fashion,H&M,1843.61,1,2025-07-26,Delivered
558,1322,64,Induction Cooktop,Home & Kitchen,Milton,4598.56,1,2025-02-20,Delivered
559,1282,47,Sunglasses,Fashion,Biba,2590.63,1,2025-06-17,Pending
560,964,17,Power Bank 10000mAh,Electronics,Samsung,68630.05,1,2025-11-30,Delivered
561,1766,47,Sunglasses,Fashion,Biba,1208.9,1,2025-06-19,Delivered
562,630,82,Children's Story Book,Books,Rupa Publications,788.78,1,2025-08-01,Delivered
563,1900,40,Casual Sneakers,Fashion,Levis,1820.7,1,2025-10-13,Delivered
564,352,41,Casual Sneakers,Fashion,Allen Solly,1829.7,1,2026-04-07,Delivered
565,1220,69,Wall Clock,Home & Kitchen,Philips,3165.23,1,2026-01-30,Shipped
566,1709,38,Formal Shirt,Fashion,Levis,1738.29,2,2025-02-23,Cancelled
567,646,109,Perfume,Beauty & Personal Care,The Man Company,1472.72,2,2025-06-24,Delivered
568,1926,105,Lipstick,Beauty & Personal Care,Nivea,979.99,2,2025-05-20,Pending
569,1571,52,Non-Stick Pan Set,Home & Kitchen,Bajaj,2908.77,2,2025-01-27,Delivered
570,765,98,Hair Serum,Beauty & Personal Care,Mamaearth,914.36,1,2026-01-19,Delivered
571,441,71,Bedsheet Set,Home & Kitchen,Pigeon,1611.14,1,2026-08-03,Delivered
572,983,121,Badminton Racket,Sports & Fitness,Cosco,6672.91,3,2026-05-06,Cancelled
573,799,125,Football,Sports & Fitness,Cosco,1897.95,4,2025-12-02,Delivered
574,122,88,Business Book,Books,Penguin,347.44,1,2024-07-03,Shipped
575,228,19,Bluetooth Speaker,Electronics,boAt,29748.46,2,2026-05-08,Delivered
576,311,77,Self-Help Book,Books,Scholastic,615.68,1,2026-03-19,Delivered
577,672,67,Wall Clock,Home & Kitchen,Cello,7346.6,2,2025-09-19,Delivered
578,288,18,Power Bank 10000mAh,Electronics,Sony,78467.7,1,2026-01-20,Delivered
579,1961,115,Cricket Bat,Sports & Fitness,Nivia,5280.46,1,2026-03-07,Delivered
580,467,86,Biography,Books,HarperCollins,278.09,4,2025-07-02,Delivered
581,1237,6,Bluetooth Earbuds,Electronics,Sony,13311.08,1,2026-01-06,Delivered
582,1651,13,Laptop,Electronics,Sony,74984.36,1,2025-07-21,Pending
583,765,9,Smartwatch,Electronics,boAt,86412.11,2,2026-01-19,Delivered
584,1104,86,Biography,Books,HarperCollins,669.94,2,2025-07-25,Delivered
585,1996,29,Women's Kurta,Fashion,Allen Solly,2798.28,2,2025-09-10,Cancelled
586,180,120,Dumbbell Set 10kg,Sports & Fitness,Yonex,4347.21,4,2025-09-20,Delivered
587,1572,71,Bedsheet Set,Home & Kitchen,Pigeon,6186.87,3,2025-11-29,Pending
588,312,19,Bluetooth Speaker,Electronics,boAt,17004.3,1,2025-11-08,Delivered
589,1600,111,Perfume,Beauty & Personal Care,Plum,2239.08,1,2026-01-07,Delivered
590,1278,5,Bluetooth Earbuds,Electronics,boAt,1560.58,1,2026-02-21,Delivered
591,1753,84,Children's Story Book,Books,Scholastic,578.13,1,2025-12-12,Delivered
592,1683,91,Face Wash,Beauty & Personal Care,The Man Company,2248.12,2,2025-09-20,Delivered
593,387,53,Non-Stick Pan Set,Home & Kitchen,Pigeon,4182.14,1,2026-01-21,Delivered
594,1935,33,Running Shoes,Fashion,Roadster,2837.36,3,2026-03-02,Delivered
595,646,54,Non-Stick Pan Set,Home & Kitchen,Philips,2820.69,1,2026-04-25,Pending
596,478,56,Air Fryer,Home & Kitchen,Prestige,10096.4,1,2026-05-01,Returned
597,1935,97,Hair Serum,Beauty & Personal Care,Lakme,208.75,2,2025-06-16,Returned
598,428,115,Cricket Bat,Sports & Fitness,Nivia,3181.12,1,2025-05-01,Delivered
599,1209,24,Neckband Earphones,Electronics,Realme,87255.55,1,2026-02-13,Delivered
600,1058,54,Non-Stick Pan Set,Home & Kitchen,Philips,1783.57,1,2024-11-29,Delivered
601,1536,107,Trimmer,Beauty & Personal Care,Plum,597.81,4,2026-07-19,Cancelled
602,737,29,Women's Kurta,Fashion,Allen Solly,4740.02,1,2025-07-15,Delivered
603,861,26,Men's T-Shirt,Fashion,Nike,1966.0,3,2025-07-01,Cancelled
604,890,77,Self-Help Book,Books,Scholastic,305.42,2,2026-05-10,Delivered
605,1660,121,Badminton Racket,Sports & Fitness,Cosco,306.78,4,2025-05-08,Delivered
606,1838,37,Formal Shirt,Fashion,Van Heusen,4281.85,1,2025-03-13,Delivered
607,1063,121,Badminton Racket,Sports & Fitness,Cosco,5382.56,1,2024-09-18,Cancelled
608,1775,76,Self-Help Book,Books,Bloomsbury,433.53,1,2026-01-02,Delivered
609,354,39,Formal Shirt,Fashion,Allen Solly,3786.24,2,2024-10-12,Delivered
610,1801,42,Casual Sneakers,Fashion,Biba,439.91,1,2026-04-22,Delivered
611,765,68,Wall Clock,Home & Kitchen,Havells,8178.4,1,2026-04-10,Delivered
612,59,9,Smartwatch,Electronics,boAt,66356.61,1,2026-03-28,Delivered
613,1105,44,Handbag,Fashion,Van Heusen,1042.41,1,2025-04-28,Returned
614,189,17,Power Bank 10000mAh,Electronics,Samsung,10826.02,1,2025-06-01,Pending
615,1754,113,Yoga Mat,Sports & Fitness,Decathlon,1112.96,1,2026-04-03,Delivered
616,638,66,Induction Cooktop,Home & Kitchen,Cello,1883.53,1,2025-07-14,Delivered
617,1257,25,Men's T-Shirt,Fashion,Allen Solly,2544.61,2,2025-11-20,Returned
618,402,34,Denim Jeans,Fashion,H&M,4084.6,1,2024-08-09,Delivered
619,1523,104,Lipstick,Beauty & Personal Care,Dove,812.4,1,2024-06-23,Delivered
620,514,78,Self-Help Book,Books,HarperCollins,394.76,4,2025-12-02,Delivered
621,1065,69,Wall Clock,Home & Kitchen,Philips,9937.64,1,2025-08-12,Delivered
622,1355,9,Smartwatch,Electronics,boAt,67514.89,2,2024-12-21,Delivered
623,1627,47,Sunglasses,Fashion,Biba,366.31,1,2024-11-08,Cancelled
624,488,83,Children's Story Book,Books,Penguin,109.54,1,2024-09-26,Returned
625,385,104,Lipstick,Beauty & Personal Care,Dove,1211.44,1,2025-10-26,Delivered
626,1118,72,Bedsheet Set,Home & Kitchen,Prestige,8606.12,1,2025-06-17,Delivered
627,1828,88,Business Book,Books,Penguin,825.29,1,2024-10-26,Delivered
628,1359,88,Business Book,Books,Penguin,785.94,1,2026-05-13,Cancelled
629,874,33,Running Shoes,Fashion,Roadster,743.54,4,2025-11-03,Cancelled
630,247,33,Running Shoes,Fashion,Roadster,4403.54,1,2026-01-07,Delivered
631,1925,47,Sunglasses,Fashion,Biba,2167.52,3,2024-12-01,Pending
632,400,57,Air Fryer,Home & Kitchen,Pigeon,10141.87,1,2024-10-16,Delivered
633,1077,13,Laptop,Electronics,Sony,72182.19,1,2026-08-14,Delivered
634,1940,43,Handbag,Fashion,Biba,2059.02,1,2026-07-25,Delivered
635,1300,58,Table Lamp,Home & Kitchen,Prestige,11000.29,2,2026-03-10,Delivered
636,1930,52,Non-Stick Pan Set,Home & Kitchen,Bajaj,3798.87,3,2026-06-06,Shipped
637,608,108,Trimmer,Beauty & Personal Care,Lakme,2249.3,1,2025-12-15,Delivered
638,1922,65,Induction Cooktop,Home & Kitchen,Prestige,9280.35,1,2026-02-06,Delivered
639,1503,18,Power Bank 10000mAh,Electronics,Sony,6081.62,1,2026-07-09,Delivered
640,1685,63,Water Bottle Set,Home & Kitchen,Cello,5237.29,1,2024-09-24,Delivered
641,1212,90,Business Book,Books,Rupa Publications,162.48,4,2024-11-03,Delivered
642,1829,39,Formal Shirt,Fashion,Allen Solly,1266.41,1,2025-05-18,Delivered
643,671,80,Competitive Exam Guide,Books,HarperCollins,570.82,2,2025-01-08,Delivered
644,476,77,Self-Help Book,Books,Scholastic,839.02,1,2025-11-15,Delivered
645,315,88,Business Book,Books,Penguin,886.71,3,2024-10-14,Delivered
646,1717,29,Women's Kurta,Fashion,Allen Solly,3245.42,1,2026-03-29,Delivered
647,1454,125,Football,Sports & Fitness,Cosco,5356.52,1,2026-08-09,Delivered
648,1499,93,Face Wash,Beauty & Personal Care,Dove,716.04,2,2025-10-09,Delivered
649,1437,108,Trimmer,Beauty & Personal Care,Lakme,282.13,1,2026-05-27,Delivered
650,1726,71,Bedsheet Set,Home & Kitchen,Pigeon,11784.32,1,2025-12-23,Delivered
651,1366,92,Face Wash,Beauty & Personal Care,Plum,344.27,1,2026-02-26,Cancelled
652,498,57,Air Fryer,Home & Kitchen,Pigeon,7785.33,1,2025-09-28,Delivered
653,1600,125,Football,Sports & Fitness,Cosco,4011.56,2,2026-02-20,Delivered
654,1063,98,Hair Serum,Beauty & Personal Care,Mamaearth,247.94,1,2026-03-17,Cancelled
655,1317,25,Men's T-Shirt,Fashion,Allen Solly,851.12,2,2026-05-18,Delivered
656,1378,108,Trimmer,Beauty & Personal Care,Lakme,2064.92,2,2026-06-01,Delivered
657,1326,118,Dumbbell Set 10kg,Sports & Fitness,Decathlon,4097.75,1,2026-01-30,Shipped
658,1666,111,Perfume,Beauty & Personal Care,Plum,1721.31,1,2026-02-08,Delivered
659,50,85,Biography,Books,Scholastic,187.92,3,2025-10-27,Cancelled
660,1494,65,Induction Cooktop,Home & Kitchen,Prestige,4821.01,1,2025-12-14,Delivered
661,1978,115,Cricket Bat,Sports & Fitness,Nivia,5528.23,1,2025-01-01,Delivered
662,1301,42,Casual Sneakers,Fashion,Biba,1283.09,2,2025-01-16,Delivered
663,660,90,Business Book,Books,Rupa Publications,801.87,1,2026-01-02,Delivered
664,183,59,Table Lamp,Home & Kitchen,Havells,4284.81,1,2025-03-22,Shipped
665,186,128,Resistance Band Set,Sports & Fitness,Decathlon,4547.43,2,2026-04-04,Delivered
666,1754,90,Business Book,Books,Rupa Publications,402.3,1,2025-12-13,Delivered
667,327,83,Children's Story Book,Books,Penguin,113.33,1,2026-05-23,Delivered
668,1037,76,Self-Help Book,Books,Bloomsbury,780.09,1,2025-12-09,Delivered
669,1425,24,Neckband Earphones,Electronics,Realme,8875.37,1,2024-05-21,Returned
670,829,38,Formal Shirt,Fashion,Levis,3663.67,1,2026-03-06,Delivered
671,1887,76,Self-Help Book,Books,Bloomsbury,651.08,4,2025-05-05,Delivered
672,461,11,LED TV 43-inch,Electronics,boAt,22733.6,1,2025-06-19,Pending
673,54,57,Air Fryer,Home & Kitchen,Pigeon,3377.23,1,2026-06-07,Delivered
674,443,63,Water Bottle Set,Home & Kitchen,Cello,12547.53,2,2025-03-03,Delivered
675,899,50,Mixer Grinder,Home & Kitchen,Pigeon,5506.13,2,2025-05-28,Delivered
676,1285,100,Body Lotion,Beauty & Personal Care,The Man Company,1903.96,2,2025-09-21,Pending
677,1646,111,Perfume,Beauty & Personal Care,Plum,1019.04,3,2026-02-06,Shipped
678,656,20,Bluetooth Speaker,Electronics,Xiaomi,86260.73,1,2025-08-28,Returned
679,1439,33,Running Shoes,Fashion,Roadster,753.12,3,2026-03-08,Pending
680,1451,81,Competitive Exam Guide,Books,Penguin,193.33,2,2025-07-13,Delivered
681,714,58,Table Lamp,Home & Kitchen,Prestige,6181.4,1,2025-12-19,Delivered
682,1268,112,Yoga Mat,Sports & Fitness,Nivia,638.67,4,2025-11-07,Delivered
683,919,89,Business Book,Books,Bloomsbury,527.96,2,2026-07-23,Delivered
684,726,71,Bedsheet Set,Home & Kitchen,Pigeon,7513.36,3,2026-01-20,Delivered
685,1462,35,Denim Jeans,Fashion,Van Heusen,4934.17,1,2026-05-09,Delivered
686,1103,78,Self-Help Book,Books,HarperCollins,396.48,1,2025-12-07,Returned
687,1938,81,Competitive Exam Guide,Books,Penguin,875.46,4,2025-05-22,Delivered
688,1546,19,Bluetooth Speaker,Electronics,boAt,55554.46,1,2026-01-31,Delivered
689,1501,46,Sunglasses,Fashion,H&M,4226.98,1,2024-11-04,Shipped
690,1493,25,Men's T-Shirt,Fashion,Allen Solly,4745.89,1,2024-09-15,Shipped
691,794,98,Hair Serum,Beauty & Personal Care,Mamaearth,1785.58,1,2026-02-08,Delivered
692,197,111,Perfume,Beauty & Personal Care,Plum,2214.8,1,2025-04-22,Delivered
693,823,90,Business Book,Books,Rupa Publications,986.07,1,2024-11-11,Delivered
694,1540,6,Bluetooth Earbuds,Electronics,Sony,79232.67,1,2025-01-10,Delivered
695,1399,44,Handbag,Fashion,Van Heusen,307.13,4,2025-04-25,Delivered
696,670,8,Smartwatch,Electronics,OnePlus,72162.41,1,2025-05-04,Delivered
697,143,128,Resistance Band Set,Sports & Fitness,Decathlon,1435.15,1,2026-06-07,Delivered
698,1787,96,Sunscreen SPF50,Beauty & Personal Care,Plum,1497.86,3,2026-01-14,Delivered
699,1802,39,Formal Shirt,Fashion,Allen Solly,4126.5,1,2026-07-21,Delivered
700,1916,31,Running Shoes,Fashion,Biba,4092.86,1,2026-01-11,Delivered
701,715,43,Handbag,Fashion,Biba,4530.08,1,2026-02-02,Delivered
702,1256,117,Cricket Bat,Sports & Fitness,Decathlon,6513.52,1,2026-04-18,Delivered
703,918,17,Power Bank 10000mAh,Electronics,Samsung,30979.28,1,2026-05-08,Delivered
704,1675,104,Lipstick,Beauty & Personal Care,Dove,246.74,1,2025-07-24,Pending
705,984,26,Men's T-Shirt,Fashion,Nike,4283.54,1,2026-02-11,Delivered
706,1868,101,Body Lotion,Beauty & Personal Care,Lakme,1927.77,1,2026-02-17,Delivered
707,278,75,Fiction Novel,Books,Bloomsbury,948.82,1,2026-01-10,Delivered
708,169,126,Football,Sports & Fitness,Yonex,908.37,1,2025-07-24,Delivered
709,627,74,Fiction Novel,Books,HarperCollins,792.76,1,2026-03-31,Delivered
710,86,79,Competitive Exam Guide,Books,Scholastic,901.88,2,2026-03-17,Delivered
711,356,13,Laptop,Electronics,Sony,48457.86,1,2025-11-02,Delivered
712,386,14,Laptop,Electronics,Xiaomi,74277.15,1,2025-04-07,Delivered
713,1042,46,Sunglasses,Fashion,H&M,2690.1,1,2025-08-17,Delivered
714,440,48,Sunglasses,Fashion,Puma,4493.07,2,2024-11-03,Delivered
715,417,4,Bluetooth Earbuds,Electronics,Xiaomi,4833.86,1,2025-07-28,Returned
716,239,2,Smartphone,Electronics,Apple,81471.11,1,2026-04-22,Shipped
717,678,100,Body Lotion,Beauty & Personal Care,The Man Company,2091.44,1,2026-06-24,Cancelled
718,92,64,Induction Cooktop,Home & Kitchen,Milton,8176.49,1,2026-03-12,Shipped
719,1394,80,Competitive Exam Guide,Books,HarperCollins,283.39,2,2025-09-18,Delivered
720,559,3,Smartphone,Electronics,boAt,37896.15,1,2025-05-24,Delivered
721,1846,125,Football,Sports & Fitness,Cosco,1922.29,1,2024-10-29,Delivered
722,86,33,Running Shoes,Fashion,Roadster,3414.93,1,2026-03-29,Delivered
723,237,126,Football,Sports & Fitness,Yonex,651.2,1,2025-05-16,Delivered
724,1516,102,Body Lotion,Beauty & Personal Care,Mamaearth,818.3,1,2025-01-09,Returned
725,536,102,Body Lotion,Beauty & Personal Care,Mamaearth,2082.76,3,2025-08-21,Shipped
726,1137,52,Non-Stick Pan Set,Home & Kitchen,Bajaj,1869.72,4,2026-03-03,Delivered
727,224,100,Body Lotion,Beauty & Personal Care,The Man Company,582.52,2,2024-08-09,Cancelled
728,496,113,Yoga Mat,Sports & Fitness,Decathlon,5219.76,1,2026-06-03,Delivered
729,1358,49,Mixer Grinder,Home & Kitchen,Havells,10048.0,2,2026-04-29,Delivered
730,30,88,Business Book,Books,Penguin,872.54,1,2026-05-12,Delivered
731,947,15,Laptop,Electronics,boAt,35704.02,1,2024-11-11,Delivered
732,131,50,Mixer Grinder,Home & Kitchen,Pigeon,4531.58,2,2025-03-25,Delivered
733,903,74,Fiction Novel,Books,HarperCollins,600.17,1,2025-08-20,Shipped
734,117,105,Lipstick,Beauty & Personal Care,Nivea,1366.41,1,2026-01-10,Delivered
735,1483,95,Sunscreen SPF50,Beauty & Personal Care,The Man Company,239.31,3,2026-04-28,Delivered
736,13,15,Laptop,Electronics,boAt,73381.58,2,2025-05-01,Delivered
737,460,10,LED TV 43-inch,Electronics,Apple,51075.58,1,2026-01-15,Delivered
738,1866,99,Hair Serum,Beauty & Personal Care,Plum,812.8,1,2025-07-14,Delivered
739,1533,65,Induction Cooktop,Home & Kitchen,Prestige,4649.61,4,2026-07-28,Delivered
740,1883,117,Cricket Bat,Sports & Fitness,Decathlon,3846.89,1,2026-04-03,Delivered
741,1305,100,Body Lotion,Beauty & Personal Care,The Man Company,2496.98,3,2025-12-27,Delivered
742,43,37,Formal Shirt,Fashion,Van Heusen,499.01,1,2026-04-24,Returned
743,1745,33,Running Shoes,Fashion,Roadster,4247.64,1,2025-08-01,Shipped
744,863,118,Dumbbell Set 10kg,Sports & Fitness,Decathlon,5186.46,1,2026-03-25,Delivered
745,745,103,Lipstick,Beauty & Personal Care,The Man Company,461.82,1,2025-03-26,Delivered
746,1460,94,Sunscreen SPF50,Beauty & Personal Care,Mamaearth,2264.83,1,2026-01-22,Delivered
747,837,79,Competitive Exam Guide,Books,Scholastic,291.16,1,2025-04-26,Delivered
748,1336,106,Trimmer,Beauty & Personal Care,Mamaearth,268.58,1,2025-09-12,Delivered
749,321,111,Perfume,Beauty & Personal Care,Plum,572.74,1,2025-11-14,Delivered
750,791,70,Bedsheet Set,Home & Kitchen,Bajaj,12790.32,1,2026-08-05,Delivered
751,1314,51,Mixer Grinder,Home & Kitchen,Philips,2170.21,1,2025-05-18,Delivered
752,1513,125,Football,Sports & Fitness,Cosco,2349.26,3,2026-08-13,Delivered
753,1506,25,Men's T-Shirt,Fashion,Allen Solly,3997.72,1,2025-11-30,Delivered
754,1766,85,Biography,Books,Scholastic,866.34,1,2026-03-16,Returned
755,416,55,Air Fryer,Home & Kitchen,Bajaj,4170.41,1,2026-01-04,Delivered
756,647,115,Cricket Bat,Sports & Fitness,Nivia,3429.59,2,2026-06-11,Delivered
757,208,41,Casual Sneakers,Fashion,Allen Solly,4532.84,1,2026-02-07,Delivered
758,1091,105,Lipstick,Beauty & Personal Care,Nivea,520.96,1,2026-04-11,Delivered
759,576,64,Induction Cooktop,Home & Kitchen,Milton,12694.59,1,2025-12-03,Delivered
760,912,35,Denim Jeans,Fashion,Van Heusen,4436.09,1,2026-01-20,Delivered
761,1572,93,Face Wash,Beauty & Personal Care,Dove,2336.71,1,2025-04-07,Delivered
762,1831,89,Business Book,Books,Bloomsbury,896.04,4,2026-04-14,Returned
763,142,77,Self-Help Book,Books,Scholastic,708.64,3,2025-03-03,Delivered
764,1915,51,Mixer Grinder,Home & Kitchen,Philips,12509.08,1,2026-06-15,Delivered
765,1944,91,Face Wash,Beauty & Personal Care,The Man Company,1565.61,2,2026-01-29,Delivered
766,1825,44,Handbag,Fashion,Van Heusen,2015.52,1,2025-10-01,Delivered
767,1066,7,Smartwatch,Electronics,Samsung,44472.13,3,2026-04-07,Delivered
768,490,68,Wall Clock,Home & Kitchen,Havells,5972.87,1,2025-12-09,Delivered
769,1536,118,Dumbbell Set 10kg,Sports & Fitness,Decathlon,4682.99,1,2026-07-18,Delivered
770,1786,3,Smartphone,Electronics,boAt,66329.0,1,2026-06-15,Delivered
771,1853,100,Body Lotion,Beauty & Personal Care,The Man Company,233.56,1,2025-07-09,Delivered
772,688,109,Perfume,Beauty & Personal Care,The Man Company,1105.91,1,2025-04-19,Shipped
773,1473,126,Football,Sports & Fitness,Yonex,2114.16,1,2025-11-20,Delivered
774,1376,82,Children's Story Book,Books,Rupa Publications,874.33,3,2024-06-06,Delivered
775,264,28,Women's Kurta,Fashion,Levis,1440.92,1,2026-02-09,Delivered
776,1172,23,Neckband Earphones,Electronics,JBL,77840.18,1,2026-02-06,Delivered
777,1653,19,Bluetooth Speaker,Electronics,boAt,14735.95,1,2026-04-07,Returned
778,944,28,Women's Kurta,Fashion,Levis,3178.06,1,2026-08-17,Delivered
779,1881,21,Bluetooth Speaker,Electronics,Apple,17352.27,2,2026-01-05,Delivered
780,887,60,Table Lamp,Home & Kitchen,Pigeon,2929.29,2,2026-02-01,Delivered
781,1281,122,Badminton Racket,Sports & Fitness,Yonex,5758.35,2,2025-08-21,Delivered
782,1447,16,Power Bank 10000mAh,Electronics,OnePlus,40271.46,1,2026-04-11,Delivered
783,1996,49,Mixer Grinder,Home & Kitchen,Havells,9173.58,2,2025-08-27,Delivered
784,384,59,Table Lamp,Home & Kitchen,Havells,2319.9,1,2026-03-04,Delivered
785,1232,74,Fiction Novel,Books,HarperCollins,295.43,1,2025-05-26,Delivered
786,494,65,Induction Cooktop,Home & Kitchen,Prestige,3837.48,1,2025-08-22,Delivered
787,1012,16,Power Bank 10000mAh,Electronics,OnePlus,56089.21,2,2026-05-30,Delivered
788,1566,115,Cricket Bat,Sports & Fitness,Nivia,280.59,2,2026-04-03,Delivered
789,1205,93,Face Wash,Beauty & Personal Care,Dove,1789.48,1,2026-01-20,Shipped
790,1166,82,Children's Story Book,Books,Rupa Publications,504.71,2,2025-06-24,Delivered
791,1024,126,Football,Sports & Fitness,Yonex,2330.63,4,2025-02-20,Delivered
792,1203,91,Face Wash,Beauty & Personal Care,The Man Company,1111.87,2,2024-10-07,Delivered
793,1631,104,Lipstick,Beauty & Personal Care,Dove,1238.52,3,2026-03-03,Delivered
794,291,99,Hair Serum,Beauty & Personal Care,Plum,1135.05,1,2025-12-31,Delivered
795,649,39,Formal Shirt,Fashion,Allen Solly,2176.27,1,2025-05-02,Cancelled
796,1356,39,Formal Shirt,Fashion,Allen Solly,3085.8,1,2026-04-08,Delivered
797,802,87,Biography,Books,Bloomsbury,276.98,1,2025-09-28,Delivered
798,1700,72,Bedsheet Set,Home & Kitchen,Prestige,3152.68,1,2026-05-19,Delivered
799,887,41,Casual Sneakers,Fashion,Allen Solly,2589.51,1,2025-06-13,Delivered
800,218,123,Badminton Racket,Sports & Fitness,Decathlon,4332.16,1,2025-05-29,Delivered
801,1013,107,Trimmer,Beauty & Personal Care,Plum,1301.69,3,2026-02-07,Delivered
802,694,110,Perfume,Beauty & Personal Care,Lakme,1586.32,1,2026-08-12,Delivered
803,699,33,Running Shoes,Fashion,Roadster,2035.97,4,2025-12-24,Delivered
804,916,54,Non-Stick Pan Set,Home & Kitchen,Philips,12292.35,1,2025-12-13,Shipped
805,1849,122,Badminton Racket,Sports & Fitness,Yonex,5549.28,1,2025-03-03,Delivered
806,679,33,Running Shoes,Fashion,Roadster,4836.73,2,2025-12-08,Delivered
807,1867,61,Water Bottle Set,Home & Kitchen,Philips,10618.85,1,2026-06-08,Delivered
808,1824,25,Men's T-Shirt,Fashion,Allen Solly,2104.47,1,2024-11-11,Delivered
809,1084,69,Wall Clock,Home & Kitchen,Philips,1102.3,1,2025-07-25,Delivered
810,1577,37,Formal Shirt,Fashion,Van Heusen,2008.78,2,2025-01-29,Delivered
811,458,84,Children's Story Book,Books,Scholastic,419.55,1,2025-10-28,Delivered
812,1605,82,Children's Story Book,Books,Rupa Publications,535.23,1,2025-01-25,Returned
813,410,49,Mixer Grinder,Home & Kitchen,Havells,12460.0,1,2026-02-19,Delivered
814,1503,50,Mixer Grinder,Home & Kitchen,Pigeon,6923.65,1,2026-07-07,Delivered
815,771,3,Smartphone,Electronics,boAt,27396.39,1,2025-06-04,Delivered
816,60,108,Trimmer,Beauty & Personal Care,Lakme,333.97,1,2025-11-09,Returned
817,303,98,Hair Serum,Beauty & Personal Care,Mamaearth,1453.87,1,2025-06-22,Delivered
818,221,117,Cricket Bat,Sports & Fitness,Decathlon,2075.46,2,2026-05-02,Delivered
819,334,83,Children's Story Book,Books,Penguin,959.5,1,2025-09-28,Returned
820,1132,81,Competitive Exam Guide,Books,Penguin,847.62,1,2026-02-24,Delivered
821,890,102,Body Lotion,Beauty & Personal Care,Mamaearth,567.3,1,2025-11-06,Delivered
822,1319,11,LED TV 43-inch,Electronics,boAt,79585.76,1,2025-02-04,Delivered
823,271,18,Power Bank 10000mAh,Electronics,Sony,13279.1,1,2026-08-17,Delivered
824,1462,93,Face Wash,Beauty & Personal Care,Dove,2433.95,1,2026-05-20,Delivered
825,1538,103,Lipstick,Beauty & Personal Care,The Man Company,1430.01,1,2024-05-09,Delivered
826,811,23,Neckband Earphones,Electronics,JBL,73440.28,1,2025-12-06,Delivered
827,1867,62,Water Bottle Set,Home & Kitchen,Pigeon,969.56,1,2026-05-28,Delivered
828,1317,58,Table Lamp,Home & Kitchen,Prestige,6352.34,1,2026-03-01,Delivered
829,1946,36,Denim Jeans,Fashion,Puma,2651.74,1,2024-09-14,Delivered
830,1373,75,Fiction Novel,Books,Bloomsbury,542.0,1,2025-05-13,Delivered
831,1127,10,LED TV 43-inch,Electronics,Apple,19427.23,1,2025-10-29,Delivered
832,1438,95,Sunscreen SPF50,Beauty & Personal Care,The Man Company,1345.5,2,2024-05-29,Delivered
833,312,73,Fiction Novel,Books,Scholastic,338.08,1,2025-08-25,Delivered
834,1710,66,Induction Cooktop,Home & Kitchen,Cello,4513.69,1,2024-11-12,Delivered
835,245,116,Cricket Bat,Sports & Fitness,Adidas,394.96,1,2025-11-08,Delivered
836,1049,48,Sunglasses,Fashion,Puma,828.66,1,2026-03-14,Delivered
837,1911,52,Non-Stick Pan Set,Home & Kitchen,Bajaj,9935.93,2,2026-03-19,Delivered
838,1413,78,Self-Help Book,Books,HarperCollins,423.84,1,2025-11-23,Delivered
839,1161,65,Induction Cooktop,Home & Kitchen,Prestige,3013.28,1,2026-03-29,Delivered
840,1699,86,Biography,Books,HarperCollins,284.72,3,2024-10-19,Delivered
841,671,101,Body Lotion,Beauty & Personal Care,Lakme,1563.26,1,2025-06-30,Delivered
842,1149,64,Induction Cooktop,Home & Kitchen,Milton,1239.35,1,2025-10-05,Delivered
843,64,3,Smartphone,Electronics,boAt,85252.41,3,2025-10-20,Delivered
844,782,41,Casual Sneakers,Fashion,Allen Solly,755.99,1,2025-12-26,Delivered
845,1989,96,Sunscreen SPF50,Beauty & Personal Care,Plum,327.83,1,2025-06-04,Delivered
846,1578,31,Running Shoes,Fashion,Biba,1718.64,1,2024-02-22,Shipped
847,1818,53,Non-Stick Pan Set,Home & Kitchen,Pigeon,1783.14,1,2026-06-23,Shipped
848,1624,122,Badminton Racket,Sports & Fitness,Yonex,1386.15,1,2026-02-26,Delivered
849,933,70,Bedsheet Set,Home & Kitchen,Bajaj,3692.35,2,2026-03-16,Delivered
850,1498,56,Air Fryer,Home & Kitchen,Prestige,1079.76,1,2025-12-04,Delivered
851,1019,120,Dumbbell Set 10kg,Sports & Fitness,Yonex,3003.48,4,2025-06-11,Delivered
852,91,72,Bedsheet Set,Home & Kitchen,Prestige,9300.25,2,2025-11-12,Delivered
853,548,49,Mixer Grinder,Home & Kitchen,Havells,3242.94,1,2025-07-10,Delivered
854,1332,112,Yoga Mat,Sports & Fitness,Nivia,3999.82,2,2026-01-09,Cancelled
855,1466,74,Fiction Novel,Books,HarperCollins,426.63,1,2026-06-13,Delivered
856,968,96,Sunscreen SPF50,Beauty & Personal Care,Plum,1696.71,1,2025-08-31,Delivered
857,299,89,Business Book,Books,Bloomsbury,465.3,1,2025-03-11,Delivered
858,712,38,Formal Shirt,Fashion,Levis,4125.87,2,2026-01-18,Delivered
859,1111,111,Perfume,Beauty & Personal Care,Plum,352.15,1,2025-09-10,Delivered
860,1894,116,Cricket Bat,Sports & Fitness,Adidas,5324.18,2,2025-12-10,Delivered
861,88,38,Formal Shirt,Fashion,Levis,3113.32,1,2025-03-31,Cancelled
862,327,36,Denim Jeans,Fashion,Puma,4891.99,2,2026-03-06,Cancelled
863,812,108,Trimmer,Beauty & Personal Care,Lakme,2218.7,4,2024-05-31,Delivered
864,1065,66,Induction Cooktop,Home & Kitchen,Cello,12163.94,1,2024-12-09,Delivered
865,465,86,Biography,Books,HarperCollins,539.26,1,2025-11-29,Cancelled
866,765,101,Body Lotion,Beauty & Personal Care,Lakme,663.82,1,2026-01-18,Delivered
867,1540,58,Table Lamp,Home & Kitchen,Prestige,8414.98,1,2026-07-01,Cancelled
868,1834,1,Smartphone,Electronics,Xiaomi,80470.97,4,2026-01-10,Cancelled
869,1015,79,Competitive Exam Guide,Books,Scholastic,316.65,1,2025-03-25,Cancelled
870,1110,49,Mixer Grinder,Home & Kitchen,Havells,548.7,1,2026-04-15,Delivered
871,381,19,Bluetooth Speaker,Electronics,boAt,6777.35,1,2026-02-21,Delivered
872,1936,104,Lipstick,Beauty & Personal Care,Dove,173.84,1,2025-04-12,Delivered
873,768,110,Perfume,Beauty & Personal Care,Lakme,1604.26,3,2024-11-20,Delivered
874,1216,9,Smartwatch,Electronics,boAt,45398.54,1,2024-05-18,Delivered
875,970,99,Hair Serum,Beauty & Personal Care,Plum,1918.36,2,2026-03-11,Delivered
876,1203,90,Business Book,Books,Rupa Publications,953.21,1,2025-10-20,Pending
877,779,23,Neckband Earphones,Electronics,JBL,43157.56,1,2024-11-07,Delivered
878,1484,25,Men's T-Shirt,Fashion,Allen Solly,2436.03,2,2026-04-18,Delivered
879,962,116,Cricket Bat,Sports & Fitness,Adidas,1671.58,1,2025-10-25,Delivered
880,263,8,Smartwatch,Electronics,OnePlus,84249.01,1,2025-10-03,Delivered
881,949,100,Body Lotion,Beauty & Personal Care,The Man Company,2032.07,1,2025-01-27,Delivered
882,519,126,Football,Sports & Fitness,Yonex,1381.65,1,2025-09-28,Returned
883,82,85,Biography,Books,Scholastic,483.06,1,2025-02-11,Shipped
884,158,125,Football,Sports & Fitness,Cosco,1892.49,1,2024-11-09,Delivered
885,1340,97,Hair Serum,Beauty & Personal Care,Lakme,252.11,1,2026-04-08,Delivered
886,1399,127,Resistance Band Set,Sports & Fitness,Nivia,1754.38,1,2025-09-26,Delivered
887,1868,36,Denim Jeans,Fashion,Puma,919.4,4,2026-02-04,Delivered
888,49,94,Sunscreen SPF50,Beauty & Personal Care,Mamaearth,2015.69,1,2025-06-15,Delivered
889,1839,28,Women's Kurta,Fashion,Levis,2266.54,1,2025-12-05,Delivered
890,1438,17,Power Bank 10000mAh,Electronics,Samsung,8581.07,2,2025-06-03,Delivered
891,973,63,Water Bottle Set,Home & Kitchen,Cello,11808.36,2,2025-05-18,Delivered
892,332,51,Mixer Grinder,Home & Kitchen,Philips,5936.8,4,2026-07-10,Delivered
893,539,48,Sunglasses,Fashion,Puma,3034.97,1,2025-08-26,Delivered
894,415,101,Body Lotion,Beauty & Personal Care,Lakme,175.31,1,2024-10-19,Cancelled
895,231,3,Smartphone,Electronics,boAt,27857.3,2,2026-08-17,Delivered
896,500,55,Air Fryer,Home & Kitchen,Bajaj,2654.5,1,2026-03-11,Delivered
897,203,19,Bluetooth Speaker,Electronics,boAt,13832.23,1,2026-06-06,Delivered
898,1764,19,Bluetooth Speaker,Electronics,boAt,51300.24,1,2026-05-07,Delivered
899,1720,58,Table Lamp,Home & Kitchen,Prestige,10805.69,1,2025-10-24,Delivered
900,88,102,Body Lotion,Beauty & Personal Care,Mamaearth,214.01,1,2026-03-17,Shipped
901,801,58,Table Lamp,Home & Kitchen,Prestige,9793.76,1,2025-06-24,Delivered
902,1619,105,Lipstick,Beauty & Personal Care,Nivea,1667.2,2,2025-08-07,Delivered
903,1227,20,Bluetooth Speaker,Electronics,Xiaomi,39399.54,1,2026-03-28,Delivered
904,174,38,Formal Shirt,Fashion,Levis,3931.71,1,2026-03-11,Delivered
905,576,88,Business Book,Books,Penguin,372.15,1,2025-07-05,Delivered
906,632,121,Badminton Racket,Sports & Fitness,Cosco,3676.79,1,2026-03-08,Returned
907,1410,36,Denim Jeans,Fashion,Puma,2504.84,1,2025-09-30,Delivered
908,702,17,Power Bank 10000mAh,Electronics,Samsung,23241.09,1,2025-08-23,Delivered
909,592,59,Table Lamp,Home & Kitchen,Havells,4240.41,3,2025-10-04,Returned
910,1160,50,Mixer Grinder,Home & Kitchen,Pigeon,10777.12,1,2026-06-14,Delivered
911,541,49,Mixer Grinder,Home & Kitchen,Havells,10045.0,3,2025-10-06,Delivered
912,1577,49,Mixer Grinder,Home & Kitchen,Havells,9009.57,1,2025-12-02,Delivered
913,658,45,Handbag,Fashion,Allen Solly,849.89,2,2025-11-09,Delivered
914,506,87,Biography,Books,Bloomsbury,263.77,1,2024-11-17,Delivered
915,504,70,Bedsheet Set,Home & Kitchen,Bajaj,12138.17,1,2025-05-10,Delivered
916,522,65,Induction Cooktop,Home & Kitchen,Prestige,1835.47,1,2025-10-11,Delivered
917,806,66,Induction Cooktop,Home & Kitchen,Cello,12078.52,1,2024-01-18,Pending
918,1196,108,Trimmer,Beauty & Personal Care,Lakme,617.1,1,2026-02-17,Delivered
919,1003,122,Badminton Racket,Sports & Fitness,Yonex,3171.77,1,2025-10-04,Delivered
920,252,14,Laptop,Electronics,Xiaomi,4459.29,1,2026-04-17,Delivered
921,1097,25,Men's T-Shirt,Fashion,Allen Solly,4650.01,1,2025-01-21,Delivered
922,1826,16,Power Bank 10000mAh,Electronics,OnePlus,1678.16,1,2025-11-15,Delivered
923,568,62,Water Bottle Set,Home & Kitchen,Pigeon,3187.73,1,2025-02-05,Delivered
924,547,91,Face Wash,Beauty & Personal Care,The Man Company,2124.8,1,2026-04-24,Delivered
925,649,44,Handbag,Fashion,Van Heusen,4085.84,2,2026-01-15,Delivered
926,1263,42,Casual Sneakers,Fashion,Biba,727.54,2,2023-12-28,Pending
927,553,25,Men's T-Shirt,Fashion,Allen Solly,1456.11,1,2026-04-13,Delivered
928,1249,57,Air Fryer,Home & Kitchen,Pigeon,3812.25,1,2025-03-08,Delivered
929,892,99,Hair Serum,Beauty & Personal Care,Plum,1197.49,1,2025-09-24,Cancelled
930,837,114,Yoga Mat,Sports & Fitness,Adidas,1221.62,3,2025-12-16,Returned
931,1538,70,Bedsheet Set,Home & Kitchen,Bajaj,2864.39,1,2025-05-01,Delivered
932,1793,83,Children's Story Book,Books,Penguin,117.64,1,2025-08-17,Delivered
933,906,96,Sunscreen SPF50,Beauty & Personal Care,Plum,488.61,1,2025-10-11,Cancelled
934,1400,104,Lipstick,Beauty & Personal Care,Dove,635.76,1,2026-04-28,Delivered
935,510,60,Table Lamp,Home & Kitchen,Pigeon,5086.91,2,2025-12-18,Shipped
936,1406,63,Water Bottle Set,Home & Kitchen,Cello,8478.84,1,2026-04-30,Delivered
937,45,89,Business Book,Books,Bloomsbury,422.57,1,2025-05-08,Delivered
938,913,23,Neckband Earphones,Electronics,JBL,39811.72,1,2026-04-11,Delivered
939,1867,123,Badminton Racket,Sports & Fitness,Decathlon,1274.07,1,2026-07-25,Delivered
940,1060,51,Mixer Grinder,Home & Kitchen,Philips,11034.26,4,2025-10-07,Delivered
941,1558,41,Casual Sneakers,Fashion,Allen Solly,733.17,1,2026-05-26,Delivered
942,163,116,Cricket Bat,Sports & Fitness,Adidas,1212.4,1,2025-09-19,Delivered
943,1784,105,Lipstick,Beauty & Personal Care,Nivea,881.26,1,2026-08-12,Delivered
944,189,46,Sunglasses,Fashion,H&M,1653.74,1,2025-10-21,Delivered
945,344,51,Mixer Grinder,Home & Kitchen,Philips,7932.59,1,2024-12-20,Delivered
946,552,32,Running Shoes,Fashion,H&M,3960.58,1,2026-04-06,Delivered
947,367,48,Sunglasses,Fashion,Puma,1453.54,1,2024-09-14,Returned
948,1570,6,Bluetooth Earbuds,Electronics,Sony,45480.45,3,2025-08-24,Delivered
949,343,34,Denim Jeans,Fashion,H&M,1436.05,1,2025-04-02,Delivered
950,1604,63,Water Bottle Set,Home & Kitchen,Cello,6049.54,2,2025-01-31,Delivered
951,332,11,LED TV 43-inch,Electronics,boAt,6782.0,1,2026-07-29,Delivered
952,944,102,Body Lotion,Beauty & Personal Care,Mamaearth,1442.24,2,2026-08-17,Returned
953,956,91,Face Wash,Beauty & Personal Care,The Man Company,1997.0,1,2026-05-26,Cancelled
954,830,105,Lipstick,Beauty & Personal Care,Nivea,541.2,2,2026-01-09,Delivered
955,75,95,Sunscreen SPF50,Beauty & Personal Care,The Man Company,2127.57,1,2025-09-03,Returned
956,784,7,Smartwatch,Electronics,Samsung,28856.43,1,2025-12-21,Delivered
957,892,38,Formal Shirt,Fashion,Levis,2413.72,1,2026-01-22,Delivered
958,287,78,Self-Help Book,Books,HarperCollins,455.72,1,2025-11-08,Returned
959,1851,103,Lipstick,Beauty & Personal Care,The Man Company,1244.92,1,2026-05-11,Returned
960,949,14,Laptop,Electronics,Xiaomi,22685.65,1,2024-08-15,Delivered
961,208,90,Business Book,Books,Rupa Publications,517.58,1,2025-08-27,Delivered
962,888,91,Face Wash,Beauty & Personal Care,The Man Company,2078.57,1,2025-08-07,Delivered
963,1779,18,Power Bank 10000mAh,Electronics,Sony,32240.43,1,2026-03-04,Shipped
964,340,38,Formal Shirt,Fashion,Levis,3797.39,1,2026-03-11,Delivered
965,1044,96,Sunscreen SPF50,Beauty & Personal Care,Plum,205.73,1,2025-09-11,Cancelled
966,943,84,Children's Story Book,Books,Scholastic,355.43,1,2025-04-03,Delivered
967,253,125,Football,Sports & Fitness,Cosco,3146.18,1,2026-03-25,Delivered
968,1123,18,Power Bank 10000mAh,Electronics,Sony,89878.09,1,2025-12-26,Cancelled
969,677,113,Yoga Mat,Sports & Fitness,Decathlon,5172.86,1,2025-11-15,Delivered
970,1561,24,Neckband Earphones,Electronics,Realme,55824.19,1,2026-04-15,Delivered
971,91,35,Denim Jeans,Fashion,Van Heusen,1213.12,1,2025-02-23,Delivered
972,1692,110,Perfume,Beauty & Personal Care,Lakme,1434.58,1,2026-03-24,Shipped
973,2,42,Casual Sneakers,Fashion,Biba,4335.55,1,2026-07-07,Delivered
974,136,43,Handbag,Fashion,Biba,4645.66,1,2024-12-01,Delivered
975,942,96,Sunscreen SPF50,Beauty & Personal Care,Plum,2147.9,3,2026-03-27,Delivered
976,1144,85,Biography,Books,Scholastic,667.37,1,2025-09-02,Delivered
977,1397,72,Bedsheet Set,Home & Kitchen,Prestige,10527.91,2,2026-02-25,Delivered
978,1669,70,Bedsheet Set,Home & Kitchen,Bajaj,4432.96,1,2024-02-20,Delivered
979,1484,14,Laptop,Electronics,Xiaomi,85726.36,1,2026-07-08,Returned
980,219,58,Table Lamp,Home & Kitchen,Prestige,11016.22,1,2026-02-19,Shipped
981,951,26,Men's T-Shirt,Fashion,Nike,3576.69,1,2026-04-08,Delivered
982,819,85,Biography,Books,Scholastic,368.18,1,2025-06-01,Delivered
983,1943,17,Power Bank 10000mAh,Electronics,Samsung,69925.97,3,2026-04-25,Delivered
984,832,40,Casual Sneakers,Fashion,Levis,2245.85,4,2026-02-14,Delivered
985,759,125,Football,Sports & Fitness,Cosco,6176.92,1,2026-06-02,Shipped
986,1206,61,Water Bottle Set,Home & Kitchen,Philips,3901.46,1,2025-03-06,Delivered
987,327,97,Hair Serum,Beauty & Personal Care,Lakme,2154.02,1,2025-10-06,Delivered
988,1511,110,Perfume,Beauty & Personal Care,Lakme,1306.72,1,2023-11-18,Pending
989,1655,39,Formal Shirt,Fashion,Allen Solly,4960.64,1,2025-12-07,Delivered
990,274,94,Sunscreen SPF50,Beauty & Personal Care,Mamaearth,1744.04,3,2025-05-12,Delivered
991,1365,11,LED TV 43-inch,Electronics,boAt,15536.76,1,2025-09-19,Delivered
992,1194,11,LED TV 43-inch,Electronics,boAt,55600.21,2,2024-06-01,Delivered
993,349,126,Football,Sports & Fitness,Yonex,930.26,1,2026-04-02,Delivered
994,1078,73,Fiction Novel,Books,Scholastic,223.75,1,2024-05-13,Returned
995,323,25,Men's T-Shirt,Fashion,Allen Solly,2632.15,1,2025-11-04,Delivered
996,806,42,Casual Sneakers,Fashion,Biba,3565.07,2,2026-03-06,Delivered
997,1043,103,Lipstick,Beauty & Personal Care,The Man Company,1131.23,3,2025-02-26,Cancelled
998,1735,84,Children's Story Book,Books,Scholastic,288.49,1,2025-02-28,Delivered
999,76,31,Running Shoes,Fashion,Biba,993.1,4,2024-11-09,Delivered
1000,1481,86,Biography,Books,HarperCollins,717.95,1,2024-11-12,Delivered
1001,892,78,Self-Help Book,Books,HarperCollins,942.69,1,2025-05-24,Delivered
1002,70,50,Mixer Grinder,Home & Kitchen,Pigeon,4648.84,1,2026-03-26,Cancelled
1003,1646,48,Sunglasses,Fashion,Puma,4117.84,1,2025-01-05,Shipped
1004,1606,83,Children's Story Book,Books,Penguin,503.65,2,2025-12-14,Delivered
1005,1449,48,Sunglasses,Fashion,Puma,333.96,2,2025-11-12,Shipped
1006,852,86,Biography,Books,HarperCollins,232.35,3,2024-06-20,Delivered
1007,1237,72,Bedsheet Set,Home & Kitchen,Prestige,11817.16,2,2025-07-28,Delivered
1008,1579,88,Business Book,Books,Penguin,819.19,1,2025-03-20,Delivered
1009,989,129,Resistance Band Set,Sports & Fitness,Yonex,1570.65,1,2026-01-20,Delivered
1010,1757,71,Bedsheet Set,Home & Kitchen,Pigeon,7017.58,3,2025-12-31,Pending
1011,1255,51,Mixer Grinder,Home & Kitchen,Philips,5794.46,3,2026-04-23,Cancelled
1012,932,75,Fiction Novel,Books,Bloomsbury,583.91,2,2026-05-28,Delivered
1013,682,17,Power Bank 10000mAh,Electronics,Samsung,43125.97,2,2024-11-19,Shipped
1014,1873,60,Table Lamp,Home & Kitchen,Pigeon,12018.39,2,2026-03-25,Delivered
1015,543,10,LED TV 43-inch,Electronics,Apple,73651.88,1,2025-02-20,Delivered
1016,809,59,Table Lamp,Home & Kitchen,Havells,765.94,3,2025-12-04,Delivered
1017,814,20,Bluetooth Speaker,Electronics,Xiaomi,72372.29,1,2025-05-01,Cancelled
1018,1120,5,Bluetooth Earbuds,Electronics,boAt,45555.26,3,2026-05-04,Cancelled
1019,1311,14,Laptop,Electronics,Xiaomi,45098.9,1,2026-01-29,Delivered
1020,1132,61,Water Bottle Set,Home & Kitchen,Philips,12050.77,1,2026-02-23,Delivered
1021,363,52,Non-Stick Pan Set,Home & Kitchen,Bajaj,430.19,1,2025-09-01,Delivered
1022,503,6,Bluetooth Earbuds,Electronics,Sony,9670.83,3,2026-05-10,Delivered
1023,347,66,Induction Cooktop,Home & Kitchen,Cello,5547.59,3,2025-11-13,Delivered
1024,336,74,Fiction Novel,Books,HarperCollins,377.54,1,2025-04-15,Delivered
1025,141,32,Running Shoes,Fashion,H&M,4308.24,1,2026-07-05,Delivered
1026,1595,70,Bedsheet Set,Home & Kitchen,Bajaj,12554.58,1,2026-01-19,Delivered
1027,249,120,Dumbbell Set 10kg,Sports & Fitness,Yonex,3672.3,1,2025-07-31,Delivered
1028,1609,24,Neckband Earphones,Electronics,Realme,32308.02,1,2024-12-05,Delivered
1029,1936,5,Bluetooth Earbuds,Electronics,boAt,82053.06,1,2025-01-03,Shipped
1030,1570,42,Casual Sneakers,Fashion,Biba,984.32,1,2025-07-31,Cancelled
1031,1096,90,Business Book,Books,Rupa Publications,125.81,2,2024-11-04,Cancelled
1032,886,104,Lipstick,Beauty & Personal Care,Dove,648.05,1,2024-10-31,Delivered
1033,1585,18,Power Bank 10000mAh,Electronics,Sony,87870.44,2,2025-09-28,Cancelled
1034,1913,127,Resistance Band Set,Sports & Fitness,Nivia,3989.71,1,2026-04-13,Delivered
1035,756,10,LED TV 43-inch,Electronics,Apple,41198.52,1,2025-09-06,Delivered
1036,1362,87,Biography,Books,Bloomsbury,472.98,2,2026-04-29,Shipped
1037,1766,35,Denim Jeans,Fashion,Van Heusen,4261.21,1,2025-07-04,Delivered
1038,239,122,Badminton Racket,Sports & Fitness,Yonex,3560.55,4,2025-10-03,Delivered
1039,698,9,Smartwatch,Electronics,boAt,70923.24,1,2024-07-31,Delivered
1040,1100,76,Self-Help Book,Books,Bloomsbury,134.04,1,2026-02-18,Shipped
1041,1362,36,Denim Jeans,Fashion,Puma,3569.76,2,2026-05-28,Pending
1042,575,106,Trimmer,Beauty & Personal Care,Mamaearth,2455.08,4,2025-03-28,Delivered
1043,1021,77,Self-Help Book,Books,Scholastic,465.18,1,2025-02-28,Delivered
1044,379,36,Denim Jeans,Fashion,Puma,4676.63,1,2025-12-16,Returned
1045,743,86,Biography,Books,HarperCollins,385.48,1,2025-08-04,Delivered
1046,1193,60,Table Lamp,Home & Kitchen,Pigeon,874.75,1,2026-02-05,Delivered
1047,1546,21,Bluetooth Speaker,Electronics,Apple,73191.68,1,2026-02-24,Delivered
1048,1415,77,Self-Help Book,Books,Scholastic,189.39,1,2025-09-01,Shipped
1049,639,108,Trimmer,Beauty & Personal Care,Lakme,367.47,1,2026-04-18,Delivered
1050,281,2,Smartphone,Electronics,Apple,10328.12,1,2024-05-07,Delivered
1051,740,28,Women's Kurta,Fashion,Levis,1541.13,1,2025-05-21,Delivered
1052,1627,86,Biography,Books,HarperCollins,250.54,1,2024-12-31,Delivered
1053,1775,5,Bluetooth Earbuds,Electronics,boAt,42751.16,2,2024-07-07,Delivered
1054,1512,62,Water Bottle Set,Home & Kitchen,Pigeon,12867.0,1,2026-05-21,Delivered
1055,560,49,Mixer Grinder,Home & Kitchen,Havells,6530.32,1,2025-09-22,Delivered
1056,1256,50,Mixer Grinder,Home & Kitchen,Pigeon,10768.07,1,2025-11-19,Delivered
1057,1995,74,Fiction Novel,Books,HarperCollins,341.42,1,2025-10-01,Returned
1058,1448,128,Resistance Band Set,Sports & Fitness,Decathlon,208.88,1,2025-06-02,Delivered
1059,1530,33,Running Shoes,Fashion,Roadster,3009.1,2,2025-01-06,Delivered
1060,1981,34,Denim Jeans,Fashion,H&M,3641.02,1,2025-11-21,Delivered
1061,96,102,Body Lotion,Beauty & Personal Care,Mamaearth,461.46,1,2025-12-28,Shipped
1062,1177,29,Women's Kurta,Fashion,Allen Solly,4199.86,1,2024-05-24,Delivered
1063,423,32,Running Shoes,Fashion,H&M,4382.37,1,2026-05-26,Delivered
1064,1351,71,Bedsheet Set,Home & Kitchen,Pigeon,5902.5,1,2025-08-13,Delivered
1065,424,49,Mixer Grinder,Home & Kitchen,Havells,11340.88,2,2025-05-08,Delivered
1066,1004,71,Bedsheet Set,Home & Kitchen,Pigeon,5826.5,1,2025-07-23,Delivered
1067,325,16,Power Bank 10000mAh,Electronics,OnePlus,67549.53,1,2024-12-10,Delivered
1068,227,37,Formal Shirt,Fashion,Van Heusen,1631.2,1,2026-03-23,Delivered
1069,970,17,Power Bank 10000mAh,Electronics,Samsung,53113.41,1,2026-01-28,Delivered
1070,921,71,Bedsheet Set,Home & Kitchen,Pigeon,10952.22,4,2025-02-22,Delivered
1071,984,35,Denim Jeans,Fashion,Van Heusen,379.59,1,2026-03-02,Delivered
1072,449,38,Formal Shirt,Fashion,Levis,815.17,2,2026-06-28,Delivered
1073,1413,80,Competitive Exam Guide,Books,HarperCollins,770.76,1,2024-06-29,Delivered
1074,1813,73,Fiction Novel,Books,Scholastic,325.89,1,2024-12-10,Shipped
1075,1908,47,Sunglasses,Fashion,Biba,3248.34,4,2025-09-08,Delivered
1076,1964,108,Trimmer,Beauty & Personal Care,Lakme,1483.68,1,2025-10-11,Delivered
1077,223,109,Perfume,Beauty & Personal Care,The Man Company,739.24,2,2025-12-28,Delivered
1078,1288,92,Face Wash,Beauty & Personal Care,Plum,374.81,1,2025-05-18,Delivered
1079,502,87,Biography,Books,Bloomsbury,420.19,2,2026-08-15,Delivered
1080,1010,5,Bluetooth Earbuds,Electronics,boAt,62322.85,1,2024-12-11,Returned
1081,474,53,Non-Stick Pan Set,Home & Kitchen,Pigeon,6204.31,1,2025-09-09,Delivered
1082,211,113,Yoga Mat,Sports & Fitness,Decathlon,5084.33,1,2025-11-27,Delivered
1083,760,66,Induction Cooktop,Home & Kitchen,Cello,398.15,1,2024-06-26,Delivered
1084,575,116,Cricket Bat,Sports & Fitness,Adidas,6272.1,1,2025-11-04,Shipped
1085,1253,65,Induction Cooktop,Home & Kitchen,Prestige,10335.52,1,2024-07-30,Delivered
1086,1559,71,Bedsheet Set,Home & Kitchen,Pigeon,7147.71,1,2025-06-30,Delivered
1087,14,126,Football,Sports & Fitness,Yonex,5755.04,1,2026-04-23,Delivered
1088,678,59,Table Lamp,Home & Kitchen,Havells,12040.34,1,2025-08-06,Delivered
1089,715,116,Cricket Bat,Sports & Fitness,Adidas,3981.75,1,2026-04-30,Delivered
1090,1285,71,Bedsheet Set,Home & Kitchen,Pigeon,2703.94,2,2025-09-19,Delivered
1091,93,51,Mixer Grinder,Home & Kitchen,Philips,10796.79,1,2025-12-28,Delivered
1092,126,58,Table Lamp,Home & Kitchen,Prestige,8136.74,1,2025-11-15,Delivered
1093,1483,77,Self-Help Book,Books,Scholastic,850.27,1,2025-05-02,Delivered
1094,1708,122,Badminton Racket,Sports & Fitness,Yonex,2769.99,1,2026-04-05,Delivered
1095,359,108,Trimmer,Beauty & Personal Care,Lakme,404.03,2,2025-11-29,Delivered
1096,315,112,Yoga Mat,Sports & Fitness,Nivia,1757.95,2,2025-05-28,Delivered
1097,1066,85,Biography,Books,Scholastic,896.75,1,2025-12-17,Pending
1098,1092,56,Air Fryer,Home & Kitchen,Prestige,12407.63,1,2025-11-15,Delivered
1099,1628,81,Competitive Exam Guide,Books,Penguin,333.21,1,2025-06-21,Delivered
1100,1581,51,Mixer Grinder,Home & Kitchen,Philips,5423.16,1,2026-02-25,Delivered
1101,1900,30,Women's Kurta,Fashion,Biba,4043.03,1,2024-06-16,Delivered
1102,1510,29,Women's Kurta,Fashion,Allen Solly,2931.3,1,2025-12-09,Delivered
1103,1460,14,Laptop,Electronics,Xiaomi,47000.54,1,2026-01-20,Delivered
1104,259,13,Laptop,Electronics,Sony,46149.71,1,2024-12-24,Returned
1105,495,22,Neckband Earphones,Electronics,Samsung,31047.79,1,2025-08-27,Delivered
1106,681,46,Sunglasses,Fashion,H&M,505.89,1,2025-09-03,Cancelled
1107,287,57,Air Fryer,Home & Kitchen,Pigeon,9158.39,1,2026-02-07,Delivered
1108,906,21,Bluetooth Speaker,Electronics,Apple,66605.51,1,2024-05-13,Delivered
1109,566,87,Biography,Books,Bloomsbury,125.96,2,2026-07-11,Cancelled
1110,1588,7,Smartwatch,Electronics,Samsung,77768.41,2,2025-11-17,Delivered
1111,338,21,Bluetooth Speaker,Electronics,Apple,8169.83,1,2026-01-12,Shipped
1112,202,96,Sunscreen SPF50,Beauty & Personal Care,Plum,283.53,1,2026-07-06,Shipped
1113,53,91,Face Wash,Beauty & Personal Care,The Man Company,884.18,1,2025-12-20,Cancelled
1114,1033,75,Fiction Novel,Books,Bloomsbury,333.72,1,2025-11-05,Cancelled
1115,1230,123,Badminton Racket,Sports & Fitness,Decathlon,2151.85,1,2025-11-19,Delivered
1116,309,74,Fiction Novel,Books,HarperCollins,550.27,2,2024-12-31,Delivered
1117,961,112,Yoga Mat,Sports & Fitness,Nivia,3376.73,1,2024-03-07,Delivered
1118,1356,63,Water Bottle Set,Home & Kitchen,Cello,5067.17,1,2025-01-14,Delivered
1119,1483,39,Formal Shirt,Fashion,Allen Solly,2203.36,1,2025-08-11,Delivered
1120,306,59,Table Lamp,Home & Kitchen,Havells,12880.01,1,2026-02-04,Delivered
1121,636,97,Hair Serum,Beauty & Personal Care,Lakme,1863.56,1,2026-02-17,Delivered
1122,963,62,Water Bottle Set,Home & Kitchen,Pigeon,5478.84,2,2024-10-09,Delivered
1123,1266,5,Bluetooth Earbuds,Electronics,boAt,69694.09,2,2025-04-10,Shipped
1124,1754,48,Sunglasses,Fashion,Puma,890.1,1,2026-04-22,Cancelled
1125,1901,101,Body Lotion,Beauty & Personal Care,Lakme,743.12,1,2024-08-04,Returned
1126,1875,67,Wall Clock,Home & Kitchen,Cello,8225.12,1,2026-08-03,Returned
1127,364,122,Badminton Racket,Sports & Fitness,Yonex,3588.44,3,2025-09-02,Delivered
1128,775,49,Mixer Grinder,Home & Kitchen,Havells,6985.1,1,2025-12-20,Delivered
1129,318,37,Formal Shirt,Fashion,Van Heusen,3573.23,1,2025-11-22,Delivered
1130,350,79,Competitive Exam Guide,Books,Scholastic,465.88,1,2025-08-15,Delivered
1131,860,95,Sunscreen SPF50,Beauty & Personal Care,The Man Company,1846.29,2,2026-03-13,Delivered
1132,214,65,Induction Cooktop,Home & Kitchen,Prestige,1296.65,2,2026-07-25,Cancelled
1133,598,100,Body Lotion,Beauty & Personal Care,The Man Company,517.18,3,2026-05-09,Delivered
1134,596,11,LED TV 43-inch,Electronics,boAt,17442.75,2,2026-03-14,Delivered
1135,756,48,Sunglasses,Fashion,Puma,1680.02,3,2025-09-26,Shipped
1136,48,121,Badminton Racket,Sports & Fitness,Cosco,2764.44,1,2025-11-20,Delivered
1137,596,6,Bluetooth Earbuds,Electronics,Sony,69664.69,2,2025-08-09,Delivered
1138,1139,46,Sunglasses,Fashion,H&M,4201.95,1,2025-12-07,Delivered
1139,275,16,Power Bank 10000mAh,Electronics,OnePlus,60891.06,1,2026-08-17,Delivered
1140,1309,75,Fiction Novel,Books,Bloomsbury,313.94,3,2024-04-15,Delivered
1141,1567,50,Mixer Grinder,Home & Kitchen,Pigeon,10812.7,1,2026-02-19,Delivered
1142,1452,57,Air Fryer,Home & Kitchen,Pigeon,10534.49,2,2024-08-04,Delivered
1143,1457,120,Dumbbell Set 10kg,Sports & Fitness,Yonex,5103.51,2,2025-10-07,Delivered
1144,1243,62,Water Bottle Set,Home & Kitchen,Pigeon,7813.8,1,2026-06-11,Delivered
1145,444,83,Children's Story Book,Books,Penguin,998.5,1,2026-01-17,Delivered
1146,72,22,Neckband Earphones,Electronics,Samsung,82696.23,1,2025-12-23,Delivered
1147,1554,100,Body Lotion,Beauty & Personal Care,The Man Company,372.97,4,2026-05-25,Returned
1148,1596,3,Smartphone,Electronics,boAt,1750.94,1,2025-09-06,Cancelled
1149,1661,28,Women's Kurta,Fashion,Levis,1871.57,1,2024-02-06,Delivered
1150,1716,4,Bluetooth Earbuds,Electronics,Xiaomi,22598.22,1,2025-10-05,Delivered
1151,1440,73,Fiction Novel,Books,Scholastic,839.74,1,2025-07-29,Shipped
1152,1860,1,Smartphone,Electronics,Xiaomi,79498.49,1,2025-05-29,Delivered
1153,1249,35,Denim Jeans,Fashion,Van Heusen,4462.65,1,2026-02-01,Delivered
1154,1656,74,Fiction Novel,Books,HarperCollins,196.97,1,2025-12-04,Delivered
1155,1086,7,Smartwatch,Electronics,Samsung,53119.89,2,2025-07-15,Delivered
1156,350,41,Casual Sneakers,Fashion,Allen Solly,4724.52,1,2026-02-14,Delivered
1157,151,86,Biography,Books,HarperCollins,402.93,1,2026-03-23,Delivered
1158,75,76,Self-Help Book,Books,Bloomsbury,216.05,1,2025-12-06,Shipped
1159,88,6,Bluetooth Earbuds,Electronics,Sony,70198.25,1,2026-02-22,Delivered
1160,810,12,LED TV 43-inch,Electronics,JBL,47124.06,1,2025-06-08,Delivered
1161,874,5,Bluetooth Earbuds,Electronics,boAt,84543.99,3,2026-01-25,Returned
1162,114,53,Non-Stick Pan Set,Home & Kitchen,Pigeon,4855.86,1,2025-08-14,Delivered
1163,1676,7,Smartwatch,Electronics,Samsung,35255.54,1,2026-03-17,Delivered
1164,1926,26,Men's T-Shirt,Fashion,Nike,4777.1,2,2026-01-05,Delivered
1165,698,111,Perfume,Beauty & Personal Care,Plum,1345.33,1,2025-04-10,Delivered
1166,995,125,Football,Sports & Fitness,Cosco,3085.42,1,2025-10-24,Returned
1167,1273,68,Wall Clock,Home & Kitchen,Havells,3951.61,4,2025-09-08,Delivered
1168,623,2,Smartphone,Electronics,Apple,71606.97,4,2026-04-02,Cancelled
1169,702,123,Badminton Racket,Sports & Fitness,Decathlon,6066.27,3,2025-02-19,Delivered
1170,1083,12,LED TV 43-inch,Electronics,JBL,19705.9,1,2024-08-24,Delivered
1171,255,95,Sunscreen SPF50,Beauty & Personal Care,The Man Company,1210.1,1,2026-06-19,Delivered
1172,98,17,Power Bank 10000mAh,Electronics,Samsung,72452.16,1,2025-08-05,Delivered
1173,33,116,Cricket Bat,Sports & Fitness,Adidas,6943.88,1,2025-12-18,Delivered
1174,1549,108,Trimmer,Beauty & Personal Care,Lakme,1950.58,1,2026-01-09,Delivered
1175,1599,117,Cricket Bat,Sports & Fitness,Decathlon,808.65,1,2025-11-12,Delivered
1176,1605,99,Hair Serum,Beauty & Personal Care,Plum,1645.43,1,2025-04-19,Delivered
1177,1158,129,Resistance Band Set,Sports & Fitness,Yonex,6232.9,1,2025-12-28,Cancelled
1178,1755,49,Mixer Grinder,Home & Kitchen,Havells,1630.52,2,2026-03-19,Cancelled
1179,457,111,Perfume,Beauty & Personal Care,Plum,1098.9,1,2026-05-13,Shipped
1180,836,122,Badminton Racket,Sports & Fitness,Yonex,1253.01,1,2026-06-08,Delivered
1181,856,8,Smartwatch,Electronics,OnePlus,58059.69,1,2026-06-07,Delivered
1182,1151,59,Table Lamp,Home & Kitchen,Havells,6878.92,1,2026-05-07,Delivered
1183,1234,63,Water Bottle Set,Home & Kitchen,Cello,11705.15,1,2026-04-10,Delivered
1184,1150,73,Fiction Novel,Books,Scholastic,844.21,3,2026-01-12,Shipped
1185,1818,37,Formal Shirt,Fashion,Van Heusen,4539.57,1,2025-11-17,Delivered
1186,62,38,Formal Shirt,Fashion,Levis,2208.29,2,2025-09-03,Delivered
1187,301,69,Wall Clock,Home & Kitchen,Philips,1441.09,1,2025-06-12,Delivered
1188,706,19,Bluetooth Speaker,Electronics,boAt,83171.76,1,2025-05-22,Delivered
1189,1657,38,Formal Shirt,Fashion,Levis,3901.51,2,2025-06-06,Delivered
1190,690,31,Running Shoes,Fashion,Biba,1483.07,1,2026-06-18,Delivered
1191,1109,80,Competitive Exam Guide,Books,HarperCollins,863.79,1,2025-12-13,Returned
1192,1751,43,Handbag,Fashion,Biba,2547.56,1,2025-08-10,Delivered
1193,1746,101,Body Lotion,Beauty & Personal Care,Lakme,2281.25,1,2025-08-10,Pending
1194,240,100,Body Lotion,Beauty & Personal Care,The Man Company,1333.16,1,2026-02-24,Delivered
1195,1668,7,Smartwatch,Electronics,Samsung,5073.12,1,2025-10-15,Delivered
1196,1254,21,Bluetooth Speaker,Electronics,Apple,26937.68,1,2025-11-07,Returned
1197,659,105,Lipstick,Beauty & Personal Care,Nivea,1967.09,2,2024-04-08,Delivered
1198,1786,114,Yoga Mat,Sports & Fitness,Adidas,4565.1,1,2025-09-26,Delivered
1199,755,70,Bedsheet Set,Home & Kitchen,Bajaj,463.43,1,2025-06-16,Delivered
1200,577,15,Laptop,Electronics,boAt,64515.93,1,2025-05-09,Delivered
1201,826,106,Trimmer,Beauty & Personal Care,Mamaearth,1726.77,1,2026-01-15,Delivered
1202,1138,126,Football,Sports & Fitness,Yonex,5128.92,2,2026-02-05,Shipped
1203,1891,42,Casual Sneakers,Fashion,Biba,2956.48,3,2024-03-24,Delivered
1204,1593,102,Body Lotion,Beauty & Personal Care,Mamaearth,2349.95,1,2025-01-16,Delivered
1205,1988,117,Cricket Bat,Sports & Fitness,Decathlon,1777.37,3,2025-06-22,Shipped
1206,644,44,Handbag,Fashion,Van Heusen,1251.31,3,2025-04-12,Delivered
1207,957,21,Bluetooth Speaker,Electronics,Apple,42210.55,1,2025-08-31,Pending
1208,1859,27,Men's T-Shirt,Fashion,Puma,668.39,1,2024-09-29,Delivered
1209,449,82,Children's Story Book,Books,Rupa Publications,218.12,1,2026-05-01,Delivered
1210,707,49,Mixer Grinder,Home & Kitchen,Havells,3031.73,1,2025-04-27,Delivered
1211,608,13,Laptop,Electronics,Sony,65557.01,1,2025-12-17,Delivered
1212,98,102,Body Lotion,Beauty & Personal Care,Mamaearth,839.94,1,2024-08-30,Cancelled
1213,884,14,Laptop,Electronics,Xiaomi,21895.47,1,2025-01-28,Delivered
1214,209,28,Women's Kurta,Fashion,Levis,4659.11,3,2025-05-15,Delivered
1215,1024,44,Handbag,Fashion,Van Heusen,4600.3,1,2025-11-19,Cancelled
1216,1309,126,Football,Sports & Fitness,Yonex,6280.01,1,2024-06-18,Cancelled
1217,210,67,Wall Clock,Home & Kitchen,Cello,6871.66,4,2025-10-25,Delivered
1218,1119,126,Football,Sports & Fitness,Yonex,5532.88,1,2026-08-06,Delivered
1219,1553,60,Table Lamp,Home & Kitchen,Pigeon,11401.85,1,2025-08-06,Returned
1220,1737,82,Children's Story Book,Books,Rupa Publications,466.58,1,2026-07-17,Delivered
1221,921,6,Bluetooth Earbuds,Electronics,Sony,44759.09,2,2026-05-23,Delivered
1222,1304,31,Running Shoes,Fashion,Biba,2430.8,2,2025-06-08,Delivered
1223,1922,104,Lipstick,Beauty & Personal Care,Dove,1366.95,2,2026-03-04,Returned
1224,32,1,Smartphone,Electronics,Xiaomi,34348.62,1,2025-04-18,Delivered
1225,351,90,Business Book,Books,Rupa Publications,394.1,1,2024-10-19,Pending
1226,1391,94,Sunscreen SPF50,Beauty & Personal Care,Mamaearth,183.86,1,2026-03-18,Pending
1227,1920,104,Lipstick,Beauty & Personal Care,Dove,1487.16,2,2025-10-21,Delivered
1228,1578,19,Bluetooth Speaker,Electronics,boAt,88366.82,1,2026-05-02,Delivered
1229,1985,11,LED TV 43-inch,Electronics,boAt,50530.36,1,2025-06-29,Delivered
1230,482,74,Fiction Novel,Books,HarperCollins,804.01,2,2025-07-29,Shipped
1231,260,10,LED TV 43-inch,Electronics,Apple,76696.82,2,2026-03-30,Shipped
1232,1417,111,Perfume,Beauty & Personal Care,Plum,2440.27,1,2026-06-20,Delivered
1233,1040,34,Denim Jeans,Fashion,H&M,1700.25,1,2026-06-03,Cancelled
1234,1249,17,Power Bank 10000mAh,Electronics,Samsung,58535.55,1,2025-08-09,Delivered
1235,1118,10,LED TV 43-inch,Electronics,Apple,62818.01,1,2025-08-05,Delivered
1236,367,103,Lipstick,Beauty & Personal Care,The Man Company,1200.81,1,2024-12-19,Delivered
1237,1991,7,Smartwatch,Electronics,Samsung,84103.27,1,2025-11-12,Delivered
1238,160,17,Power Bank 10000mAh,Electronics,Samsung,64970.26,1,2026-05-27,Delivered
1239,1251,99,Hair Serum,Beauty & Personal Care,Plum,1422.65,2,2025-08-23,Delivered
1240,894,40,Casual Sneakers,Fashion,Levis,4233.11,1,2025-08-04,Delivered
1241,402,10,LED TV 43-inch,Electronics,Apple,71314.1,1,2025-07-27,Delivered
1242,2,61,Water Bottle Set,Home & Kitchen,Philips,4949.68,1,2025-06-28,Returned
1243,1359,100,Body Lotion,Beauty & Personal Care,The Man Company,1044.21,1,2026-04-27,Delivered
1244,1166,32,Running Shoes,Fashion,H&M,1088.22,3,2025-06-19,Delivered
1245,1529,69,Wall Clock,Home & Kitchen,Philips,3451.87,3,2025-06-04,Delivered
1246,1216,36,Denim Jeans,Fashion,Puma,1958.19,2,2025-05-12,Delivered
1247,1308,35,Denim Jeans,Fashion,Van Heusen,3511.57,2,2026-07-03,Cancelled
1248,1617,57,Air Fryer,Home & Kitchen,Pigeon,11294.22,1,2025-05-10,Shipped
1249,1892,27,Men's T-Shirt,Fashion,Puma,1897.87,1,2025-09-19,Delivered
1250,1394,48,Sunglasses,Fashion,Puma,2804.29,1,2026-04-15,Pending
1251,990,88,Business Book,Books,Penguin,449.17,4,2026-06-28,Delivered
1252,1938,57,Air Fryer,Home & Kitchen,Pigeon,4626.39,1,2025-09-30,Delivered
1253,210,28,Women's Kurta,Fashion,Levis,2930.69,1,2024-12-06,Delivered
1254,1949,68,Wall Clock,Home & Kitchen,Havells,12441.3,3,2025-11-06,Delivered
1255,33,125,Football,Sports & Fitness,Cosco,5455.42,1,2025-10-14,Delivered
1256,16,31,Running Shoes,Fashion,Biba,4424.43,3,2024-11-04,Cancelled
1257,153,29,Women's Kurta,Fashion,Allen Solly,4594.24,1,2026-04-23,Delivered
1258,408,86,Biography,Books,HarperCollins,622.78,1,2026-02-19,Delivered
1259,1718,101,Body Lotion,Beauty & Personal Care,Lakme,871.81,1,2025-04-17,Delivered
1260,670,52,Non-Stick Pan Set,Home & Kitchen,Bajaj,1616.08,2,2026-02-21,Delivered
1261,1815,108,Trimmer,Beauty & Personal Care,Lakme,1267.26,2,2024-11-26,Delivered
1262,488,115,Cricket Bat,Sports & Fitness,Nivia,5989.6,1,2026-02-05,Shipped
1263,545,39,Formal Shirt,Fashion,Allen Solly,3575.49,1,2026-05-16,Delivered
1264,1947,23,Neckband Earphones,Electronics,JBL,3938.14,1,2026-01-19,Delivered
1265,1261,32,Running Shoes,Fashion,H&M,3570.57,1,2025-08-21,Delivered
1266,1240,34,Denim Jeans,Fashion,H&M,3860.49,1,2025-12-28,Delivered
1267,482,90,Business Book,Books,Rupa Publications,460.97,3,2026-03-02,Shipped
1268,1142,110,Perfume,Beauty & Personal Care,Lakme,1126.8,3,2026-02-10,Returned
1269,1196,116,Cricket Bat,Sports & Fitness,Adidas,3863.62,1,2025-08-05,Returned
1270,284,87,Biography,Books,Bloomsbury,983.84,3,2026-07-16,Delivered
1271,1295,109,Perfume,Beauty & Personal Care,The Man Company,2415.66,2,2025-11-19,Delivered
1272,1460,74,Fiction Novel,Books,HarperCollins,259.0,1,2026-02-28,Shipped
1273,1865,110,Perfume,Beauty & Personal Care,Lakme,2464.66,1,2025-01-14,Shipped
1274,13,11,LED TV 43-inch,Electronics,boAt,14709.13,1,2026-03-24,Delivered
1275,1201,60,Table Lamp,Home & Kitchen,Pigeon,1176.54,1,2025-11-06,Delivered
1276,1692,30,Women's Kurta,Fashion,Biba,4055.77,2,2026-03-24,Delivered
1277,12,9,Smartwatch,Electronics,boAt,47342.39,1,2026-08-11,Delivered
1278,1512,26,Men's T-Shirt,Fashion,Nike,1633.37,1,2024-10-21,Delivered
1279,1264,126,Football,Sports & Fitness,Yonex,1178.69,4,2025-05-03,Delivered
1280,1919,113,Yoga Mat,Sports & Fitness,Decathlon,5090.65,1,2025-03-29,Delivered
1281,1530,43,Handbag,Fashion,Biba,4619.43,1,2024-11-06,Shipped
1282,143,45,Handbag,Fashion,Allen Solly,3624.56,2,2026-06-26,Delivered
1283,274,33,Running Shoes,Fashion,Roadster,1239.85,1,2025-04-18,Cancelled
1284,15,24,Neckband Earphones,Electronics,Realme,6060.42,2,2025-10-25,Returned
1285,1065,68,Wall Clock,Home & Kitchen,Havells,6490.61,1,2024-12-28,Delivered
1286,707,121,Badminton Racket,Sports & Fitness,Cosco,2946.37,2,2025-03-10,Delivered
1287,363,90,Business Book,Books,Rupa Publications,531.07,1,2026-01-29,Delivered
1288,744,124,Football,Sports & Fitness,Nivia,1121.53,1,2026-01-24,Delivered
1289,67,24,Neckband Earphones,Electronics,Realme,46373.79,2,2025-03-15,Delivered
1290,929,62,Water Bottle Set,Home & Kitchen,Pigeon,9550.84,1,2026-06-02,Delivered
1291,373,31,Running Shoes,Fashion,Biba,3332.48,1,2025-12-20,Delivered
1292,441,56,Air Fryer,Home & Kitchen,Prestige,12052.89,1,2026-08-14,Shipped
1293,1960,8,Smartwatch,Electronics,OnePlus,29862.38,1,2026-02-26,Delivered
1294,1161,55,Air Fryer,Home & Kitchen,Bajaj,9696.68,3,2026-04-11,Shipped
1295,1501,84,Children's Story Book,Books,Scholastic,690.52,1,2025-06-07,Delivered
1296,484,37,Formal Shirt,Fashion,Van Heusen,1410.34,1,2025-09-06,Delivered
1297,1439,53,Non-Stick Pan Set,Home & Kitchen,Pigeon,4331.6,3,2026-05-28,Delivered
1298,251,119,Dumbbell Set 10kg,Sports & Fitness,Adidas,5211.38,3,2025-07-23,Delivered
1299,1656,6,Bluetooth Earbuds,Electronics,Sony,51736.1,1,2025-11-25,Delivered
1300,1661,128,Resistance Band Set,Sports & Fitness,Decathlon,4355.25,2,2026-05-17,Delivered
1301,916,113,Yoga Mat,Sports & Fitness,Decathlon,217.28,1,2026-01-02,Delivered
1302,332,120,Dumbbell Set 10kg,Sports & Fitness,Yonex,5365.27,3,2026-07-12,Delivered
1303,439,84,Children's Story Book,Books,Scholastic,223.45,3,2025-07-24,Shipped
1304,1063,39,Formal Shirt,Fashion,Allen Solly,430.97,1,2024-12-27,Pending
1305,276,102,Body Lotion,Beauty & Personal Care,Mamaearth,1862.63,2,2026-02-01,Delivered
1306,386,12,LED TV 43-inch,Electronics,JBL,24464.79,1,2024-10-10,Delivered
1307,1925,120,Dumbbell Set 10kg,Sports & Fitness,Yonex,3725.64,1,2025-11-30,Delivered
1308,716,96,Sunscreen SPF50,Beauty & Personal Care,Plum,1717.27,1,2026-07-28,Delivered
1309,1096,16,Power Bank 10000mAh,Electronics,OnePlus,72042.33,3,2025-05-12,Cancelled
1310,1667,52,Non-Stick Pan Set,Home & Kitchen,Bajaj,470.05,4,2026-01-18,Delivered
1311,795,83,Children's Story Book,Books,Penguin,197.53,1,2025-12-02,Cancelled
1312,334,24,Neckband Earphones,Electronics,Realme,2836.38,1,2026-05-18,Delivered
1313,1596,90,Business Book,Books,Rupa Publications,696.61,1,2026-04-24,Delivered
1314,568,50,Mixer Grinder,Home & Kitchen,Pigeon,971.78,2,2025-11-11,Shipped
1315,1181,121,Badminton Racket,Sports & Fitness,Cosco,761.01,1,2025-05-29,Delivered
1316,1247,38,Formal Shirt,Fashion,Levis,2168.75,1,2026-06-01,Delivered
1317,237,118,Dumbbell Set 10kg,Sports & Fitness,Decathlon,2987.76,2,2025-04-24,Delivered
1318,236,23,Neckband Earphones,Electronics,JBL,11140.3,1,2025-10-11,Delivered
1319,1871,9,Smartwatch,Electronics,boAt,40626.0,2,2025-06-30,Delivered
1320,1896,113,Yoga Mat,Sports & Fitness,Decathlon,6539.34,1,2025-08-21,Delivered
1321,1495,50,Mixer Grinder,Home & Kitchen,Pigeon,5749.97,1,2025-10-30,Delivered
1322,1353,78,Self-Help Book,Books,HarperCollins,797.98,1,2025-03-10,Delivered
1323,578,24,Neckband Earphones,Electronics,Realme,26171.98,2,2024-10-14,Delivered
1324,1281,87,Biography,Books,Bloomsbury,872.86,1,2025-08-18,Delivered
1325,276,97,Hair Serum,Beauty & Personal Care,Lakme,451.7,2,2025-04-01,Delivered
1326,1435,90,Business Book,Books,Rupa Publications,748.42,2,2026-03-03,Delivered
1327,1520,1,Smartphone,Electronics,Xiaomi,72637.3,1,2025-12-30,Delivered
1328,1222,128,Resistance Band Set,Sports & Fitness,Decathlon,5798.76,2,2025-04-01,Delivered
1329,930,71,Bedsheet Set,Home & Kitchen,Pigeon,2681.14,3,2024-07-30,Delivered
1330,1106,79,Competitive Exam Guide,Books,Scholastic,785.31,1,2025-04-19,Cancelled
1331,532,40,Casual Sneakers,Fashion,Levis,419.53,4,2026-05-06,Shipped
1332,866,42,Casual Sneakers,Fashion,Biba,2551.76,1,2024-08-05,Delivered
1333,341,16,Power Bank 10000mAh,Electronics,OnePlus,40324.82,2,2025-10-07,Delivered
1334,873,6,Bluetooth Earbuds,Electronics,Sony,37579.83,1,2026-03-12,Returned
1335,1088,28,Women's Kurta,Fashion,Levis,1908.23,1,2025-11-08,Returned
1336,1696,2,Smartphone,Electronics,Apple,20586.85,2,2026-05-24,Delivered
1337,512,93,Face Wash,Beauty & Personal Care,Dove,2282.75,1,2024-07-17,Delivered
1338,1873,116,Cricket Bat,Sports & Fitness,Adidas,2705.25,3,2026-01-18,Delivered
1339,133,90,Business Book,Books,Rupa Publications,433.77,1,2025-04-23,Delivered
1340,505,28,Women's Kurta,Fashion,Levis,942.24,2,2026-01-07,Delivered
1341,6,16,Power Bank 10000mAh,Electronics,OnePlus,69407.79,2,2025-08-07,Delivered
1342,80,106,Trimmer,Beauty & Personal Care,Mamaearth,1450.53,1,2024-11-18,Delivered
1343,1564,126,Football,Sports & Fitness,Yonex,1299.75,1,2026-05-07,Delivered
1344,1059,94,Sunscreen SPF50,Beauty & Personal Care,Mamaearth,1201.24,1,2024-06-27,Delivered
1345,1475,88,Business Book,Books,Penguin,732.87,1,2024-07-14,Delivered
1346,87,64,Induction Cooktop,Home & Kitchen,Milton,936.01,2,2025-12-05,Delivered
1347,1985,74,Fiction Novel,Books,HarperCollins,424.01,1,2024-10-26,Delivered
1348,615,103,Lipstick,Beauty & Personal Care,The Man Company,560.2,2,2024-11-10,Delivered
1349,1158,91,Face Wash,Beauty & Personal Care,The Man Company,1199.03,2,2026-01-08,Delivered
1350,1017,2,Smartphone,Electronics,Apple,30570.63,4,2026-04-14,Cancelled
1351,1592,104,Lipstick,Beauty & Personal Care,Dove,516.97,2,2024-11-11,Shipped
1352,1889,112,Yoga Mat,Sports & Fitness,Nivia,6248.53,1,2025-01-07,Delivered
1353,724,62,Water Bottle Set,Home & Kitchen,Pigeon,10840.34,1,2026-05-01,Delivered
1354,66,69,Wall Clock,Home & Kitchen,Philips,5387.05,1,2024-04-15,Delivered
1355,677,7,Smartwatch,Electronics,Samsung,68153.57,2,2025-10-25,Delivered
1356,1206,120,Dumbbell Set 10kg,Sports & Fitness,Yonex,1044.4,1,2025-07-21,Delivered
1357,1342,61,Water Bottle Set,Home & Kitchen,Philips,7183.44,3,2025-01-15,Delivered
1358,1465,70,Bedsheet Set,Home & Kitchen,Bajaj,7569.65,1,2025-09-13,Delivered
1359,1450,45,Handbag,Fashion,Allen Solly,497.8,1,2025-10-05,Delivered
1360,1655,128,Resistance Band Set,Sports & Fitness,Decathlon,6517.97,1,2025-09-30,Delivered
1361,1010,17,Power Bank 10000mAh,Electronics,Samsung,18519.81,1,2025-11-01,Delivered
1362,1667,75,Fiction Novel,Books,Bloomsbury,190.85,3,2025-09-04,Shipped
1363,305,13,Laptop,Electronics,Sony,44062.91,1,2025-02-18,Delivered
1364,1702,112,Yoga Mat,Sports & Fitness,Nivia,1443.5,2,2026-06-18,Shipped
1365,1372,75,Fiction Novel,Books,Bloomsbury,623.58,3,2025-10-01,Pending
1366,914,18,Power Bank 10000mAh,Electronics,Sony,64263.63,3,2026-02-09,Delivered
1367,883,36,Denim Jeans,Fashion,Puma,422.64,1,2026-03-04,Delivered
1368,1679,44,Handbag,Fashion,Van Heusen,795.75,1,2026-08-13,Cancelled
1369,1354,8,Smartwatch,Electronics,OnePlus,57068.56,1,2025-11-18,Delivered
1370,1741,22,Neckband Earphones,Electronics,Samsung,21779.8,1,2026-04-27,Delivered
1371,1171,115,Cricket Bat,Sports & Fitness,Nivia,6324.66,3,2025-09-11,Delivered
1372,911,129,Resistance Band Set,Sports & Fitness,Yonex,4455.53,4,2026-07-23,Shipped
1373,1041,19,Bluetooth Speaker,Electronics,boAt,87368.33,3,2024-02-09,Returned
1374,623,31,Running Shoes,Fashion,Biba,2420.07,3,2025-11-10,Delivered
1375,1051,113,Yoga Mat,Sports & Fitness,Decathlon,6812.13,1,2026-07-03,Shipped
1376,1105,7,Smartwatch,Electronics,Samsung,23946.46,1,2024-10-09,Delivered
1377,970,47,Sunglasses,Fashion,Biba,4256.96,1,2025-11-18,Delivered
1378,1220,22,Neckband Earphones,Electronics,Samsung,84125.06,1,2025-09-24,Delivered
1379,1674,43,Handbag,Fashion,Biba,3118.54,1,2025-10-01,Returned
1380,309,101,Body Lotion,Beauty & Personal Care,Lakme,1508.7,4,2025-07-04,Shipped
1381,978,13,Laptop,Electronics,Sony,24627.39,1,2025-11-17,Delivered
1382,242,23,Neckband Earphones,Electronics,JBL,71277.4,1,2026-05-21,Delivered
1383,91,64,Induction Cooktop,Home & Kitchen,Milton,2506.12,1,2025-07-27,Returned
1384,1416,58,Table Lamp,Home & Kitchen,Prestige,4498.66,1,2025-09-06,Delivered
1385,1907,102,Body Lotion,Beauty & Personal Care,Mamaearth,576.05,1,2026-01-27,Returned
1386,1897,73,Fiction Novel,Books,Scholastic,850.58,1,2025-06-03,Delivered
1387,1476,110,Perfume,Beauty & Personal Care,Lakme,209.21,1,2025-01-18,Delivered
1388,133,40,Casual Sneakers,Fashion,Levis,2934.92,1,2025-06-20,Delivered
1389,1912,63,Water Bottle Set,Home & Kitchen,Cello,10774.38,1,2026-02-23,Delivered
1390,257,57,Air Fryer,Home & Kitchen,Pigeon,3639.46,1,2026-08-17,Delivered
1391,467,112,Yoga Mat,Sports & Fitness,Nivia,1133.72,1,2025-10-16,Delivered
1392,1542,18,Power Bank 10000mAh,Electronics,Sony,38701.37,1,2025-08-19,Delivered
1393,615,29,Women's Kurta,Fashion,Allen Solly,3055.54,2,2024-07-11,Delivered
1394,733,42,Casual Sneakers,Fashion,Biba,4992.32,2,2025-11-15,Delivered
1395,222,122,Badminton Racket,Sports & Fitness,Yonex,5093.06,3,2024-12-16,Delivered
1396,510,83,Children's Story Book,Books,Penguin,599.66,1,2024-11-19,Delivered
1397,1700,43,Handbag,Fashion,Biba,1992.49,3,2025-12-09,Delivered
1398,1015,25,Men's T-Shirt,Fashion,Allen Solly,2314.91,1,2025-03-26,Returned
1399,1428,8,Smartwatch,Electronics,OnePlus,71061.66,1,2025-02-10,Cancelled
1400,963,124,Football,Sports & Fitness,Nivia,6295.71,3,2026-01-11,Delivered
1401,1057,67,Wall Clock,Home & Kitchen,Cello,7829.48,1,2024-08-10,Delivered
1402,86,1,Smartphone,Electronics,Xiaomi,78072.85,1,2026-04-14,Delivered
1403,199,114,Yoga Mat,Sports & Fitness,Adidas,2040.92,1,2025-01-24,Pending
1404,1613,48,Sunglasses,Fashion,Puma,4618.85,1,2025-12-15,Shipped
1405,1119,64,Induction Cooktop,Home & Kitchen,Milton,9159.73,1,2026-08-01,Delivered
1406,1126,98,Hair Serum,Beauty & Personal Care,Mamaearth,1481.97,1,2025-06-17,Returned
1407,671,67,Wall Clock,Home & Kitchen,Cello,12729.93,2,2025-03-28,Delivered
1408,255,47,Sunglasses,Fashion,Biba,574.36,1,2026-06-21,Delivered
1409,740,98,Hair Serum,Beauty & Personal Care,Mamaearth,2238.51,1,2025-03-13,Delivered
1410,972,16,Power Bank 10000mAh,Electronics,OnePlus,21053.58,1,2025-06-02,Delivered
1411,1138,54,Non-Stick Pan Set,Home & Kitchen,Philips,5619.92,1,2026-02-10,Pending
1412,1327,67,Wall Clock,Home & Kitchen,Cello,4426.59,1,2025-06-21,Delivered
1413,16,78,Self-Help Book,Books,HarperCollins,825.29,1,2024-10-07,Pending
1414,513,97,Hair Serum,Beauty & Personal Care,Lakme,2495.8,1,2025-01-26,Delivered
1415,1850,112,Yoga Mat,Sports & Fitness,Nivia,3132.11,1,2026-01-02,Delivered
1416,893,80,Competitive Exam Guide,Books,HarperCollins,382.27,2,2026-02-27,Delivered
1417,908,8,Smartwatch,Electronics,OnePlus,51750.95,2,2025-03-28,Delivered
1418,654,50,Mixer Grinder,Home & Kitchen,Pigeon,10210.06,2,2026-05-29,Delivered
1419,268,95,Sunscreen SPF50,Beauty & Personal Care,The Man Company,755.51,1,2025-11-26,Delivered
1420,268,48,Sunglasses,Fashion,Puma,3920.0,1,2026-03-07,Delivered
1421,223,86,Biography,Books,HarperCollins,642.29,1,2025-05-14,Shipped
1422,19,109,Perfume,Beauty & Personal Care,The Man Company,525.62,1,2026-05-16,Delivered
1423,603,116,Cricket Bat,Sports & Fitness,Adidas,3110.64,3,2026-07-17,Delivered
1424,971,35,Denim Jeans,Fashion,Van Heusen,3888.9,1,2025-03-02,Delivered
1425,213,26,Men's T-Shirt,Fashion,Nike,732.81,3,2026-08-08,Returned
1426,1670,100,Body Lotion,Beauty & Personal Care,The Man Company,2483.43,1,2026-05-20,Returned
1427,1100,102,Body Lotion,Beauty & Personal Care,Mamaearth,1279.82,1,2024-10-10,Delivered
1428,402,45,Handbag,Fashion,Allen Solly,3014.85,3,2026-03-19,Delivered
1429,1907,4,Bluetooth Earbuds,Electronics,Xiaomi,83842.89,1,2026-01-28,Delivered
1430,1472,68,Wall Clock,Home & Kitchen,Havells,11121.46,1,2025-05-23,Delivered
1431,302,43,Handbag,Fashion,Biba,550.31,1,2025-12-27,Delivered
1432,1556,88,Business Book,Books,Penguin,304.18,1,2026-03-25,Delivered
1433,791,13,Laptop,Electronics,Sony,41938.42,1,2026-08-17,Cancelled
1434,346,45,Handbag,Fashion,Allen Solly,1754.89,1,2025-10-29,Delivered
1435,1539,84,Children's Story Book,Books,Scholastic,889.78,1,2024-12-16,Delivered
1436,1946,9,Smartwatch,Electronics,boAt,61082.2,1,2025-01-21,Delivered
1437,753,87,Biography,Books,Bloomsbury,764.79,2,2025-12-03,Cancelled
1438,158,50,Mixer Grinder,Home & Kitchen,Pigeon,2214.59,2,2024-07-19,Delivered
1439,1577,126,Football,Sports & Fitness,Yonex,4837.77,1,2025-08-26,Cancelled
1440,174,102,Body Lotion,Beauty & Personal Care,Mamaearth,1944.77,1,2026-03-15,Delivered
1441,1314,43,Handbag,Fashion,Biba,2598.64,1,2025-11-26,Returned
1442,1137,44,Handbag,Fashion,Van Heusen,4151.34,3,2025-08-27,Delivered
1443,26,16,Power Bank 10000mAh,Electronics,OnePlus,72265.69,1,2025-11-11,Cancelled
1444,1971,66,Induction Cooktop,Home & Kitchen,Cello,4443.13,1,2025-05-15,Delivered
1445,1247,59,Table Lamp,Home & Kitchen,Havells,4392.75,1,2026-07-16,Cancelled
1446,547,59,Table Lamp,Home & Kitchen,Havells,4469.56,1,2025-10-23,Delivered
1447,74,27,Men's T-Shirt,Fashion,Puma,2718.1,2,2026-03-09,Delivered
1448,972,18,Power Bank 10000mAh,Electronics,Sony,75955.37,1,2025-08-04,Delivered
1449,521,93,Face Wash,Beauty & Personal Care,Dove,763.88,1,2025-01-07,Cancelled
1450,431,93,Face Wash,Beauty & Personal Care,Dove,1766.82,1,2026-02-16,Delivered
1451,923,28,Women's Kurta,Fashion,Levis,372.18,1,2025-12-12,Delivered
1452,1640,62,Water Bottle Set,Home & Kitchen,Pigeon,8455.53,1,2026-03-01,Delivered
1453,1967,66,Induction Cooktop,Home & Kitchen,Cello,11394.2,2,2025-09-04,Cancelled
1454,1164,40,Casual Sneakers,Fashion,Levis,4457.56,2,2025-09-24,Delivered
1455,627,81,Competitive Exam Guide,Books,Penguin,532.12,2,2026-07-13,Cancelled
1456,215,36,Denim Jeans,Fashion,Puma,1491.83,1,2026-03-20,Cancelled
1457,1766,98,Hair Serum,Beauty & Personal Care,Mamaearth,1818.61,1,2025-12-26,Delivered
1458,418,58,Table Lamp,Home & Kitchen,Prestige,7802.01,1,2026-02-23,Delivered
1459,1164,39,Formal Shirt,Fashion,Allen Solly,4885.19,4,2026-02-01,Delivered
1460,1024,41,Casual Sneakers,Fashion,Allen Solly,4734.4,1,2024-02-08,Pending
1461,1059,13,Laptop,Electronics,Sony,64281.81,1,2026-03-15,Delivered
1462,299,30,Women's Kurta,Fashion,Biba,369.04,1,2024-08-02,Returned
1463,34,99,Hair Serum,Beauty & Personal Care,Plum,1233.08,1,2024-04-26,Delivered
1464,62,124,Football,Sports & Fitness,Nivia,5060.09,1,2025-08-06,Delivered
1465,1675,99,Hair Serum,Beauty & Personal Care,Plum,2021.62,1,2025-07-17,Shipped
1466,482,75,Fiction Novel,Books,Bloomsbury,934.7,1,2026-04-03,Delivered
1467,175,13,Laptop,Electronics,Sony,70925.26,1,2025-09-30,Cancelled
1468,1570,36,Denim Jeans,Fashion,Puma,1215.44,1,2026-03-09,Returned
1469,1206,26,Men's T-Shirt,Fashion,Nike,462.89,1,2025-03-07,Delivered
1470,35,104,Lipstick,Beauty & Personal Care,Dove,2301.6,1,2025-09-26,Cancelled
1471,572,98,Hair Serum,Beauty & Personal Care,Mamaearth,1177.21,1,2026-05-08,Delivered
1472,1412,111,Perfume,Beauty & Personal Care,Plum,2434.24,1,2024-03-20,Delivered
1473,189,101,Body Lotion,Beauty & Personal Care,Lakme,2301.93,1,2024-12-29,Delivered
1474,185,58,Table Lamp,Home & Kitchen,Prestige,12830.46,1,2025-12-11,Delivered
1475,664,69,Wall Clock,Home & Kitchen,Philips,10097.43,1,2024-07-02,Delivered
1476,31,50,Mixer Grinder,Home & Kitchen,Pigeon,5730.18,1,2026-02-08,Delivered
1477,289,104,Lipstick,Beauty & Personal Care,Dove,523.37,1,2025-04-29,Cancelled
1478,1082,111,Perfume,Beauty & Personal Care,Plum,1460.37,1,2024-12-17,Delivered
1479,243,125,Football,Sports & Fitness,Cosco,5513.81,1,2025-12-26,Delivered
1480,1645,47,Sunglasses,Fashion,Biba,2005.2,2,2025-10-02,Delivered
1481,1837,61,Water Bottle Set,Home & Kitchen,Philips,1861.93,3,2025-11-04,Delivered
1482,1805,92,Face Wash,Beauty & Personal Care,Plum,1217.2,4,2025-12-10,Delivered
1483,1145,48,Sunglasses,Fashion,Puma,2085.66,1,2026-02-23,Delivered
1484,1751,95,Sunscreen SPF50,Beauty & Personal Care,The Man Company,2345.13,3,2025-08-10,Cancelled
1485,740,81,Competitive Exam Guide,Books,Penguin,973.36,1,2025-03-24,Delivered
1486,596,36,Denim Jeans,Fashion,Puma,2593.91,1,2025-12-13,Delivered
1487,153,38,Formal Shirt,Fashion,Levis,1616.56,1,2024-11-11,Delivered
1488,1926,46,Sunglasses,Fashion,H&M,1063.78,1,2024-12-17,Delivered
1489,1050,14,Laptop,Electronics,Xiaomi,73154.72,3,2026-07-17,Shipped
1490,542,94,Sunscreen SPF50,Beauty & Personal Care,Mamaearth,775.04,1,2025-12-22,Cancelled
1491,710,96,Sunscreen SPF50,Beauty & Personal Care,Plum,1291.35,2,2025-11-27,Delivered
1492,1597,1,Smartphone,Electronics,Xiaomi,76166.03,1,2025-08-04,Cancelled
1493,752,1,Smartphone,Electronics,Xiaomi,64158.35,1,2025-07-29,Delivered
1494,130,88,Business Book,Books,Penguin,468.01,3,2026-01-28,Delivered
1495,433,121,Badminton Racket,Sports & Fitness,Cosco,6943.78,1,2026-07-22,Shipped
1496,1252,72,Bedsheet Set,Home & Kitchen,Prestige,313.48,1,2025-03-17,Delivered
1497,1937,47,Sunglasses,Fashion,Biba,1055.31,1,2026-05-28,Delivered
1498,185,19,Bluetooth Speaker,Electronics,boAt,35541.16,3,2024-11-20,Shipped
1499,1628,2,Smartphone,Electronics,Apple,43746.15,1,2026-01-21,Delivered
1500,1152,16,Power Bank 10000mAh,Electronics,OnePlus,8957.84,1,2026-03-29,Pending
1501,1251,119,Dumbbell Set 10kg,Sports & Fitness,Adidas,6223.18,1,2024-10-16,Cancelled
1502,177,110,Perfume,Beauty & Personal Care,Lakme,339.05,3,2025-03-06,Delivered
1503,466,113,Yoga Mat,Sports & Fitness,Decathlon,561.03,1,2026-05-11,Delivered
1504,68,111,Perfume,Beauty & Personal Care,Plum,1544.07,1,2025-07-04,Delivered
1505,991,23,Neckband Earphones,Electronics,JBL,79050.29,1,2025-01-09,Delivered
1506,1457,76,Self-Help Book,Books,Bloomsbury,303.3,1,2025-03-17,Cancelled
1507,1069,55,Air Fryer,Home & Kitchen,Bajaj,11280.36,1,2025-07-08,Delivered
1508,527,121,Badminton Racket,Sports & Fitness,Cosco,5407.74,1,2025-01-31,Delivered
1509,1965,37,Formal Shirt,Fashion,Van Heusen,4892.8,1,2026-03-24,Delivered
1510,1103,19,Bluetooth Speaker,Electronics,boAt,3967.53,1,2025-06-03,Delivered
1511,1587,104,Lipstick,Beauty & Personal Care,Dove,670.18,1,2025-09-12,Delivered
1512,608,93,Face Wash,Beauty & Personal Care,Dove,1177.95,1,2025-12-27,Returned
1513,496,39,Formal Shirt,Fashion,Allen Solly,2276.18,1,2026-06-21,Returned
1514,1118,110,Perfume,Beauty & Personal Care,Lakme,1201.34,1,2025-06-13,Delivered
1515,1470,77,Self-Help Book,Books,Scholastic,936.85,1,2026-07-22,Delivered
1516,1982,59,Table Lamp,Home & Kitchen,Havells,5127.47,4,2024-10-14,Returned
1517,1985,104,Lipstick,Beauty & Personal Care,Dove,2299.26,1,2026-03-05,Delivered
1518,109,71,Bedsheet Set,Home & Kitchen,Pigeon,9233.77,1,2025-12-22,Delivered
1519,688,94,Sunscreen SPF50,Beauty & Personal Care,Mamaearth,2407.16,1,2025-04-07,Delivered
1520,1494,9,Smartwatch,Electronics,boAt,49042.12,1,2026-02-19,Delivered
1521,220,80,Competitive Exam Guide,Books,HarperCollins,756.56,1,2025-04-27,Delivered
1522,1822,22,Neckband Earphones,Electronics,Samsung,89711.9,1,2025-12-12,Delivered
1523,795,5,Bluetooth Earbuds,Electronics,boAt,13494.32,2,2025-11-27,Delivered
1524,912,46,Sunglasses,Fashion,H&M,1089.49,1,2026-01-20,Delivered
1525,760,81,Competitive Exam Guide,Books,Penguin,834.82,3,2026-04-18,Delivered
1526,171,1,Smartphone,Electronics,Xiaomi,80451.82,1,2025-11-28,Delivered
1527,1846,92,Face Wash,Beauty & Personal Care,Plum,2198.02,1,2025-03-04,Delivered
1528,856,13,Laptop,Electronics,Sony,7840.44,1,2026-01-13,Delivered
1529,1474,89,Business Book,Books,Bloomsbury,968.95,1,2026-04-27,Delivered
1530,532,87,Biography,Books,Bloomsbury,127.79,1,2025-06-17,Shipped
1531,1009,114,Yoga Mat,Sports & Fitness,Adidas,4987.45,2,2024-07-01,Delivered
1532,1128,94,Sunscreen SPF50,Beauty & Personal Care,Mamaearth,1662.2,3,2024-09-27,Delivered
1533,1699,3,Smartphone,Electronics,boAt,88443.99,1,2024-05-02,Delivered
1534,443,4,Bluetooth Earbuds,Electronics,Xiaomi,18930.1,3,2026-06-04,Delivered
1535,569,9,Smartwatch,Electronics,boAt,79142.19,1,2025-04-04,Delivered
1536,1431,73,Fiction Novel,Books,Scholastic,156.97,1,2026-06-07,Delivered
1537,1864,87,Biography,Books,Bloomsbury,891.45,1,2026-03-07,Delivered
1538,1118,63,Water Bottle Set,Home & Kitchen,Cello,11842.61,1,2025-04-13,Delivered
1539,94,19,Bluetooth Speaker,Electronics,boAt,3765.58,1,2025-04-15,Delivered
1540,1927,5,Bluetooth Earbuds,Electronics,boAt,36281.28,1,2025-09-22,Shipped
1541,1689,19,Bluetooth Speaker,Electronics,boAt,49567.79,2,2025-09-02,Delivered
1542,91,62,Water Bottle Set,Home & Kitchen,Pigeon,12949.48,1,2026-01-24,Delivered
1543,257,56,Air Fryer,Home & Kitchen,Prestige,8692.21,1,2026-08-17,Delivered
1544,1190,96,Sunscreen SPF50,Beauty & Personal Care,Plum,2174.44,1,2025-12-08,Delivered
1545,939,41,Casual Sneakers,Fashion,Allen Solly,1869.62,1,2025-12-06,Delivered
1546,713,19,Bluetooth Speaker,Electronics,boAt,44795.14,4,2026-02-21,Delivered
1547,267,48,Sunglasses,Fashion,Puma,1642.58,1,2026-04-03,Delivered
1548,1193,39,Formal Shirt,Fashion,Allen Solly,1327.53,1,2024-06-28,Delivered
1549,196,9,Smartwatch,Electronics,boAt,51760.54,1,2024-08-09,Returned
1550,1719,63,Water Bottle Set,Home & Kitchen,Cello,320.64,2,2026-05-11,Delivered
1551,1871,63,Water Bottle Set,Home & Kitchen,Cello,426.79,3,2025-07-05,Delivered
1552,787,57,Air Fryer,Home & Kitchen,Pigeon,10379.87,1,2025-05-11,Delivered
1553,1836,117,Cricket Bat,Sports & Fitness,Decathlon,2470.76,2,2025-11-26,Delivered
1554,1618,116,Cricket Bat,Sports & Fitness,Adidas,2397.29,1,2026-06-21,Delivered
1555,351,109,Perfume,Beauty & Personal Care,The Man Company,881.46,1,2025-10-03,Delivered
1556,1727,46,Sunglasses,Fashion,H&M,4046.5,3,2024-12-24,Delivered
1557,758,48,Sunglasses,Fashion,Puma,664.37,1,2025-04-08,Delivered
1558,51,33,Running Shoes,Fashion,Roadster,304.16,1,2025-12-06,Delivered
1559,706,58,Table Lamp,Home & Kitchen,Prestige,9348.6,1,2026-03-01,Delivered
1560,884,44,Handbag,Fashion,Van Heusen,764.18,2,2025-12-09,Delivered
1561,351,32,Running Shoes,Fashion,H&M,2753.59,3,2024-05-05,Delivered
1562,1406,112,Yoga Mat,Sports & Fitness,Nivia,922.63,1,2025-07-02,Delivered
1563,1097,21,Bluetooth Speaker,Electronics,Apple,65944.44,3,2025-04-23,Delivered
1564,950,121,Badminton Racket,Sports & Fitness,Cosco,1337.86,1,2025-12-03,Delivered
1565,1059,13,Laptop,Electronics,Sony,67735.79,2,2024-03-17,Shipped
1566,981,56,Air Fryer,Home & Kitchen,Prestige,1105.4,4,2025-08-25,Delivered
1567,317,123,Badminton Racket,Sports & Fitness,Decathlon,6313.66,2,2025-08-06,Delivered
1568,1970,14,Laptop,Electronics,Xiaomi,59435.2,4,2026-03-24,Delivered
1569,1480,42,Casual Sneakers,Fashion,Biba,304.73,1,2026-01-10,Delivered
1570,604,59,Table Lamp,Home & Kitchen,Havells,1973.7,3,2025-08-26,Delivered
1571,182,72,Bedsheet Set,Home & Kitchen,Prestige,8598.13,2,2026-01-18,Shipped
1572,1762,17,Power Bank 10000mAh,Electronics,Samsung,38393.25,3,2026-07-17,Delivered
1573,1234,3,Smartphone,Electronics,boAt,60841.86,2,2026-02-27,Delivered
1574,262,13,Laptop,Electronics,Sony,25507.24,2,2025-12-22,Delivered
1575,1746,113,Yoga Mat,Sports & Fitness,Decathlon,3585.58,2,2024-10-19,Delivered
1576,1794,50,Mixer Grinder,Home & Kitchen,Pigeon,777.22,2,2025-03-04,Delivered
1577,192,13,Laptop,Electronics,Sony,37117.49,1,2026-03-12,Delivered
1578,1690,60,Table Lamp,Home & Kitchen,Pigeon,12169.01,1,2024-04-15,Delivered
1579,815,25,Men's T-Shirt,Fashion,Allen Solly,3171.19,1,2026-04-06,Delivered
1580,1401,23,Neckband Earphones,Electronics,JBL,37880.38,3,2025-06-12,Delivered
1581,1521,77,Self-Help Book,Books,Scholastic,439.31,1,2024-05-17,Returned
1582,326,56,Air Fryer,Home & Kitchen,Prestige,1770.48,2,2026-08-17,Delivered
1583,1725,71,Bedsheet Set,Home & Kitchen,Pigeon,1101.73,1,2026-05-29,Delivered
1584,1163,52,Non-Stick Pan Set,Home & Kitchen,Bajaj,12219.8,1,2025-10-18,Delivered
1585,115,95,Sunscreen SPF50,Beauty & Personal Care,The Man Company,2425.77,1,2025-04-20,Shipped
1586,806,11,LED TV 43-inch,Electronics,boAt,34977.29,2,2025-07-02,Shipped
1587,173,101,Body Lotion,Beauty & Personal Care,Lakme,999.82,1,2025-11-23,Delivered
1588,1595,66,Induction Cooktop,Home & Kitchen,Cello,4080.41,1,2026-01-15,Shipped
1589,802,79,Competitive Exam Guide,Books,Scholastic,643.19,1,2026-06-17,Delivered
1590,854,97,Hair Serum,Beauty & Personal Care,Lakme,542.1,1,2025-09-06,Cancelled
1591,790,31,Running Shoes,Fashion,Biba,714.76,4,2026-01-07,Delivered
1592,1610,36,Denim Jeans,Fashion,Puma,4621.29,2,2025-05-25,Shipped
1593,1137,69,Wall Clock,Home & Kitchen,Philips,8836.2,1,2025-12-06,Delivered
1594,1052,11,LED TV 43-inch,Electronics,boAt,48414.04,1,2025-10-30,Pending
1595,1947,26,Men's T-Shirt,Fashion,Nike,3776.55,3,2025-12-01,Delivered
1596,492,22,Neckband Earphones,Electronics,Samsung,59493.94,1,2025-12-23,Delivered
1597,452,62,Water Bottle Set,Home & Kitchen,Pigeon,11562.86,2,2025-08-08,Shipped
1598,577,48,Sunglasses,Fashion,Puma,4477.13,1,2026-05-11,Delivered
1599,484,67,Wall Clock,Home & Kitchen,Cello,12351.75,3,2024-12-08,Delivered
1600,1413,21,Bluetooth Speaker,Electronics,Apple,63810.4,1,2024-12-24,Delivered
1601,1023,96,Sunscreen SPF50,Beauty & Personal Care,Plum,2452.32,1,2025-05-21,Returned
1602,1595,69,Wall Clock,Home & Kitchen,Philips,6616.09,2,2025-12-26,Delivered
1603,1459,69,Wall Clock,Home & Kitchen,Philips,9451.26,3,2026-04-01,Shipped
1604,688,93,Face Wash,Beauty & Personal Care,Dove,2421.58,1,2026-05-11,Delivered
1605,1756,129,Resistance Band Set,Sports & Fitness,Yonex,2798.69,2,2026-01-17,Delivered
1606,1856,21,Bluetooth Speaker,Electronics,Apple,16594.82,1,2025-02-02,Delivered
1607,1429,86,Biography,Books,HarperCollins,931.76,3,2026-04-10,Shipped
1608,628,88,Business Book,Books,Penguin,265.83,1,2026-03-16,Delivered
1609,1611,98,Hair Serum,Beauty & Personal Care,Mamaearth,1082.13,2,2026-05-04,Delivered
1610,1748,4,Bluetooth Earbuds,Electronics,Xiaomi,41224.47,4,2026-04-20,Delivered
1611,754,31,Running Shoes,Fashion,Biba,1547.77,1,2026-01-23,Shipped
1612,586,68,Wall Clock,Home & Kitchen,Havells,8544.98,1,2025-07-09,Delivered
1613,1838,30,Women's Kurta,Fashion,Biba,1713.69,1,2025-02-15,Delivered
1614,1472,116,Cricket Bat,Sports & Fitness,Adidas,4051.68,1,2026-02-11,Delivered
1615,463,5,Bluetooth Earbuds,Electronics,boAt,3473.9,1,2025-06-21,Delivered
1616,1016,92,Face Wash,Beauty & Personal Care,Plum,2310.42,1,2026-05-05,Delivered
1617,755,115,Cricket Bat,Sports & Fitness,Nivia,827.17,3,2025-12-27,Delivered
1618,321,72,Bedsheet Set,Home & Kitchen,Prestige,9672.84,1,2024-11-21,Returned
1619,1036,67,Wall Clock,Home & Kitchen,Cello,3654.01,1,2026-02-04,Returned
1620,1021,128,Resistance Band Set,Sports & Fitness,Decathlon,1518.17,4,2024-03-26,Returned
1621,1913,7,Smartwatch,Electronics,Samsung,62480.89,1,2026-02-14,Delivered
1622,1520,57,Air Fryer,Home & Kitchen,Pigeon,11786.95,1,2026-02-17,Delivered
1623,881,83,Children's Story Book,Books,Penguin,465.06,1,2025-05-17,Delivered
1624,571,12,LED TV 43-inch,Electronics,JBL,83309.03,1,2026-04-12,Delivered
1625,313,17,Power Bank 10000mAh,Electronics,Samsung,2992.13,3,2026-02-13,Delivered
1626,1064,12,LED TV 43-inch,Electronics,JBL,4042.9,3,2025-11-13,Delivered
1627,1398,17,Power Bank 10000mAh,Electronics,Samsung,28378.64,1,2025-08-16,Delivered
1628,1937,7,Smartwatch,Electronics,Samsung,54695.01,1,2026-05-25,Delivered
1629,1622,56,Air Fryer,Home & Kitchen,Prestige,9978.06,1,2024-08-05,Delivered
1630,178,43,Handbag,Fashion,Biba,4568.64,1,2025-07-27,Delivered
1631,1275,40,Casual Sneakers,Fashion,Levis,2734.06,1,2025-04-25,Returned
1632,55,48,Sunglasses,Fashion,Puma,3004.38,1,2025-10-08,Delivered
1633,505,96,Sunscreen SPF50,Beauty & Personal Care,Plum,2419.95,1,2026-01-04,Returned
1634,1351,61,Water Bottle Set,Home & Kitchen,Philips,2140.57,1,2025-11-29,Delivered
1635,1669,49,Mixer Grinder,Home & Kitchen,Havells,11642.67,1,2025-06-19,Delivered
1636,589,122,Badminton Racket,Sports & Fitness,Yonex,4899.09,2,2025-04-17,Cancelled
1637,455,58,Table Lamp,Home & Kitchen,Prestige,1896.33,1,2026-01-26,Delivered
1638,717,121,Badminton Racket,Sports & Fitness,Cosco,2899.25,3,2026-06-06,Delivered
1639,941,100,Body Lotion,Beauty & Personal Care,The Man Company,1575.77,2,2025-01-06,Delivered
1640,1036,52,Non-Stick Pan Set,Home & Kitchen,Bajaj,5108.45,1,2026-02-09,Delivered
1641,320,91,Face Wash,Beauty & Personal Care,The Man Company,1664.29,3,2025-05-14,Pending
1642,456,47,Sunglasses,Fashion,Biba,3617.61,4,2026-03-31,Delivered
1643,1626,112,Yoga Mat,Sports & Fitness,Nivia,6475.69,2,2026-03-01,Delivered
1644,529,123,Badminton Racket,Sports & Fitness,Decathlon,1561.07,1,2026-01-25,Delivered
1645,298,56,Air Fryer,Home & Kitchen,Prestige,12771.44,4,2025-07-10,Delivered
1646,331,5,Bluetooth Earbuds,Electronics,boAt,57417.85,2,2026-04-18,Delivered
1647,316,40,Casual Sneakers,Fashion,Levis,3670.57,1,2026-03-14,Delivered
1648,1762,91,Face Wash,Beauty & Personal Care,The Man Company,1100.81,1,2026-08-06,Cancelled
1649,1266,87,Biography,Books,Bloomsbury,288.96,1,2026-07-12,Returned
1650,497,123,Badminton Racket,Sports & Fitness,Decathlon,6077.55,1,2026-02-24,Returned
1651,235,102,Body Lotion,Beauty & Personal Care,Mamaearth,1755.63,1,2026-01-19,Delivered
1652,484,81,Competitive Exam Guide,Books,Penguin,305.2,1,2023-11-05,Delivered
1653,250,83,Children's Story Book,Books,Penguin,232.65,3,2025-11-10,Delivered
1654,1587,103,Lipstick,Beauty & Personal Care,The Man Company,1702.58,1,2025-05-05,Delivered
1655,818,122,Badminton Racket,Sports & Fitness,Yonex,4665.59,1,2024-12-12,Delivered
1656,567,12,LED TV 43-inch,Electronics,JBL,33047.67,1,2026-01-31,Delivered
1657,357,18,Power Bank 10000mAh,Electronics,Sony,33650.24,1,2026-05-02,Delivered
1658,148,88,Business Book,Books,Penguin,395.95,1,2024-09-07,Delivered
1659,1374,97,Hair Serum,Beauty & Personal Care,Lakme,1541.2,1,2024-06-17,Delivered
1660,1121,48,Sunglasses,Fashion,Puma,581.93,2,2025-07-29,Cancelled
1661,38,41,Casual Sneakers,Fashion,Allen Solly,3432.32,1,2025-10-16,Returned
1662,1017,23,Neckband Earphones,Electronics,JBL,14149.67,1,2026-05-04,Delivered
1663,499,111,Perfume,Beauty & Personal Care,Plum,2277.95,1,2026-01-09,Delivered
1664,1161,104,Lipstick,Beauty & Personal Care,Dove,234.39,3,2025-11-06,Delivered
1665,152,126,Football,Sports & Fitness,Yonex,6272.74,1,2024-09-30,Cancelled
1666,1578,113,Yoga Mat,Sports & Fitness,Decathlon,4632.83,1,2024-10-25,Delivered
1667,1965,122,Badminton Racket,Sports & Fitness,Yonex,4610.49,1,2026-03-19,Delivered
1668,1306,80,Competitive Exam Guide,Books,HarperCollins,281.71,1,2026-07-22,Delivered
1669,783,8,Smartwatch,Electronics,OnePlus,85879.11,1,2025-10-05,Cancelled
1670,1305,60,Table Lamp,Home & Kitchen,Pigeon,1838.79,1,2025-03-23,Delivered
1671,142,7,Smartwatch,Electronics,Samsung,69892.94,1,2025-04-07,Delivered
1672,580,117,Cricket Bat,Sports & Fitness,Decathlon,5635.88,1,2025-09-13,Delivered
1673,103,119,Dumbbell Set 10kg,Sports & Fitness,Adidas,2889.37,1,2025-04-18,Delivered
1674,892,77,Self-Help Book,Books,Scholastic,614.16,1,2025-07-28,Shipped
1675,1813,108,Trimmer,Beauty & Personal Care,Lakme,2067.11,1,2026-05-05,Delivered
1676,1415,66,Induction Cooktop,Home & Kitchen,Cello,11187.24,1,2026-07-06,Delivered
1677,723,121,Badminton Racket,Sports & Fitness,Cosco,1553.42,1,2026-04-18,Delivered
1678,558,48,Sunglasses,Fashion,Puma,4824.56,1,2025-09-14,Delivered
1679,1301,92,Face Wash,Beauty & Personal Care,Plum,471.78,1,2025-09-14,Delivered
1680,422,95,Sunscreen SPF50,Beauty & Personal Care,The Man Company,1543.88,2,2024-03-28,Delivered
1681,717,42,Casual Sneakers,Fashion,Biba,2473.56,1,2024-07-17,Delivered
1682,481,81,Competitive Exam Guide,Books,Penguin,651.67,3,2026-06-30,Delivered
1683,1147,86,Biography,Books,HarperCollins,649.55,1,2026-02-28,Delivered
1684,1347,77,Self-Help Book,Books,Scholastic,974.14,2,2025-06-13,Returned
1685,1930,57,Air Fryer,Home & Kitchen,Pigeon,4168.24,1,2026-06-16,Delivered
1686,1837,102,Body Lotion,Beauty & Personal Care,Mamaearth,1487.06,1,2025-10-16,Delivered
1687,1245,67,Wall Clock,Home & Kitchen,Cello,3765.3,1,2024-12-26,Delivered
1688,1805,105,Lipstick,Beauty & Personal Care,Nivea,768.92,1,2025-01-22,Delivered
1689,1347,44,Handbag,Fashion,Van Heusen,985.69,1,2025-12-09,Delivered
1690,861,123,Badminton Racket,Sports & Fitness,Decathlon,5119.11,1,2025-06-27,Delivered
1691,1675,70,Bedsheet Set,Home & Kitchen,Bajaj,1520.93,1,2025-08-23,Shipped
1692,1832,115,Cricket Bat,Sports & Fitness,Nivia,1076.8,1,2026-01-14,Delivered
1693,981,123,Badminton Racket,Sports & Fitness,Decathlon,2421.4,3,2026-01-14,Delivered
1694,395,106,Trimmer,Beauty & Personal Care,Mamaearth,1019.78,1,2026-08-17,Delivered
1695,1760,63,Water Bottle Set,Home & Kitchen,Cello,378.55,1,2026-02-08,Delivered
1696,1738,17,Power Bank 10000mAh,Electronics,Samsung,14034.65,1,2025-02-24,Delivered
1697,1686,92,Face Wash,Beauty & Personal Care,Plum,399.59,2,2024-04-06,Delivered
1698,1770,101,Body Lotion,Beauty & Personal Care,Lakme,2180.15,1,2025-07-03,Delivered
1699,390,121,Badminton Racket,Sports & Fitness,Cosco,6753.13,1,2026-07-05,Delivered
1700,1652,56,Air Fryer,Home & Kitchen,Prestige,12289.87,1,2025-09-27,Delivered
1701,612,84,Children's Story Book,Books,Scholastic,455.89,1,2026-01-08,Delivered
1702,1914,13,Laptop,Electronics,Sony,79742.61,1,2026-01-20,Delivered
1703,1698,35,Denim Jeans,Fashion,Van Heusen,456.38,1,2025-05-22,Delivered
1704,600,105,Lipstick,Beauty & Personal Care,Nivea,637.59,1,2024-10-22,Delivered
1705,1359,107,Trimmer,Beauty & Personal Care,Plum,1334.42,1,2026-05-04,Cancelled
1706,812,8,Smartwatch,Electronics,OnePlus,3713.12,2,2026-01-26,Pending
1707,1334,37,Formal Shirt,Fashion,Van Heusen,2973.68,1,2025-04-27,Delivered
1708,1965,23,Neckband Earphones,Electronics,JBL,58478.68,4,2026-03-29,Delivered
1709,586,49,Mixer Grinder,Home & Kitchen,Havells,12916.72,1,2025-06-26,Cancelled
1710,120,94,Sunscreen SPF50,Beauty & Personal Care,Mamaearth,2375.04,1,2025-08-27,Cancelled
1711,1249,109,Perfume,Beauty & Personal Care,The Man Company,1067.48,1,2026-05-08,Delivered
1712,1495,41,Casual Sneakers,Fashion,Allen Solly,1234.16,1,2026-03-18,Pending
1713,1278,3,Smartphone,Electronics,boAt,12956.26,1,2026-02-01,Delivered
1714,221,3,Smartphone,Electronics,boAt,21290.19,1,2025-10-20,Delivered
1715,960,32,Running Shoes,Fashion,H&M,3449.54,1,2025-08-16,Delivered
1716,1911,113,Yoga Mat,Sports & Fitness,Decathlon,6019.14,1,2026-02-14,Delivered
1717,1250,81,Competitive Exam Guide,Books,Penguin,323.21,2,2025-04-03,Delivered
1718,1315,15,Laptop,Electronics,boAt,7778.18,3,2025-04-22,Shipped
1719,1505,67,Wall Clock,Home & Kitchen,Cello,10653.83,1,2025-09-25,Delivered
1720,555,34,Denim Jeans,Fashion,H&M,518.33,1,2025-12-19,Delivered
1721,1939,5,Bluetooth Earbuds,Electronics,boAt,8904.33,2,2026-06-07,Shipped
1722,1356,75,Fiction Novel,Books,Bloomsbury,145.91,1,2026-02-04,Delivered
1723,1800,67,Wall Clock,Home & Kitchen,Cello,8671.06,1,2025-12-22,Delivered
1724,1963,122,Badminton Racket,Sports & Fitness,Yonex,4565.91,1,2026-08-17,Delivered
1725,534,47,Sunglasses,Fashion,Biba,4649.6,1,2025-11-01,Delivered
1726,1110,113,Yoga Mat,Sports & Fitness,Decathlon,1246.79,1,2026-04-12,Delivered
1727,696,17,Power Bank 10000mAh,Electronics,Samsung,16844.18,1,2025-08-04,Delivered
1728,1958,88,Business Book,Books,Penguin,445.75,2,2026-01-25,Delivered
1729,522,38,Formal Shirt,Fashion,Levis,4750.63,1,2026-04-15,Delivered
1730,925,20,Bluetooth Speaker,Electronics,Xiaomi,71662.08,1,2025-09-20,Delivered
1731,97,11,LED TV 43-inch,Electronics,boAt,21823.99,1,2026-04-21,Delivered
1732,852,13,Laptop,Electronics,Sony,60528.18,3,2026-02-09,Returned
1733,931,125,Football,Sports & Fitness,Cosco,2180.17,1,2026-05-20,Delivered
1734,462,91,Face Wash,Beauty & Personal Care,The Man Company,392.39,4,2025-10-06,Delivered
1735,1423,82,Children's Story Book,Books,Rupa Publications,760.7,3,2025-04-10,Delivered
1736,209,37,Formal Shirt,Fashion,Van Heusen,4553.99,3,2024-10-09,Delivered
1737,512,117,Cricket Bat,Sports & Fitness,Decathlon,1435.16,1,2024-12-03,Returned
1738,307,46,Sunglasses,Fashion,H&M,2070.36,1,2025-12-13,Cancelled
1739,1211,50,Mixer Grinder,Home & Kitchen,Pigeon,11835.84,2,2026-08-01,Delivered
1740,1106,52,Non-Stick Pan Set,Home & Kitchen,Bajaj,12695.07,1,2026-02-15,Delivered
1741,1854,79,Competitive Exam Guide,Books,Scholastic,550.98,1,2026-02-24,Delivered
1742,1189,4,Bluetooth Earbuds,Electronics,Xiaomi,24968.82,1,2026-04-20,Delivered
1743,1762,97,Hair Serum,Beauty & Personal Care,Lakme,1948.99,1,2026-08-04,Delivered
1744,1569,49,Mixer Grinder,Home & Kitchen,Havells,10296.29,1,2026-03-19,Delivered
1745,1438,102,Body Lotion,Beauty & Personal Care,Mamaearth,1152.78,1,2026-04-07,Delivered
1746,1798,82,Children's Story Book,Books,Rupa Publications,471.7,1,2025-10-06,Delivered
1747,1020,44,Handbag,Fashion,Van Heusen,1051.08,1,2025-07-12,Delivered
1748,857,103,Lipstick,Beauty & Personal Care,The Man Company,969.83,1,2024-05-29,Cancelled
1749,275,41,Casual Sneakers,Fashion,Allen Solly,1008.27,1,2026-08-17,Delivered
1750,1893,106,Trimmer,Beauty & Personal Care,Mamaearth,662.16,1,2026-03-13,Delivered
1751,1552,103,Lipstick,Beauty & Personal Care,The Man Company,695.59,1,2025-11-17,Delivered
1752,1664,45,Handbag,Fashion,Allen Solly,4184.34,2,2026-07-26,Delivered
1753,1954,97,Hair Serum,Beauty & Personal Care,Lakme,327.59,1,2026-08-03,Delivered
1754,56,87,Biography,Books,Bloomsbury,186.39,1,2025-11-06,Delivered
1755,1341,11,LED TV 43-inch,Electronics,boAt,4688.96,1,2025-08-27,Returned
1756,460,41,Casual Sneakers,Fashion,Allen Solly,600.89,1,2025-12-12,Delivered
1757,311,45,Handbag,Fashion,Allen Solly,3974.92,1,2025-05-24,Delivered
1758,1358,29,Women's Kurta,Fashion,Allen Solly,3641.78,1,2026-04-12,Returned
1759,1113,103,Lipstick,Beauty & Personal Care,The Man Company,849.19,1,2025-10-30,Delivered
1760,225,68,Wall Clock,Home & Kitchen,Havells,7341.47,1,2025-08-22,Delivered
1761,626,1,Smartphone,Electronics,Xiaomi,4597.16,1,2026-01-08,Delivered
1762,1030,128,Resistance Band Set,Sports & Fitness,Decathlon,3206.26,1,2026-04-15,Delivered
1763,643,100,Body Lotion,Beauty & Personal Care,The Man Company,1647.84,1,2025-08-15,Returned
1764,1534,31,Running Shoes,Fashion,Biba,3099.23,2,2025-09-27,Delivered
1765,1349,37,Formal Shirt,Fashion,Van Heusen,3658.84,1,2024-10-19,Delivered
1766,154,5,Bluetooth Earbuds,Electronics,boAt,28061.93,1,2024-11-03,Delivered
1767,1253,56,Air Fryer,Home & Kitchen,Prestige,10395.93,1,2025-01-06,Delivered
1768,1921,29,Women's Kurta,Fashion,Allen Solly,722.22,2,2025-08-08,Delivered
1769,1691,72,Bedsheet Set,Home & Kitchen,Prestige,7584.93,1,2026-01-14,Delivered
1770,1053,29,Women's Kurta,Fashion,Allen Solly,3755.17,1,2025-12-08,Delivered
1771,885,6,Bluetooth Earbuds,Electronics,Sony,66584.04,2,2025-06-03,Delivered
1772,128,51,Mixer Grinder,Home & Kitchen,Philips,9785.95,1,2023-12-08,Delivered
1773,812,25,Men's T-Shirt,Fashion,Allen Solly,317.09,1,2024-10-28,Delivered
1774,368,61,Water Bottle Set,Home & Kitchen,Philips,7259.37,1,2025-01-23,Delivered
1775,1412,107,Trimmer,Beauty & Personal Care,Plum,2128.76,1,2024-09-26,Delivered
1776,1157,16,Power Bank 10000mAh,Electronics,OnePlus,6119.0,1,2026-01-18,Delivered
1777,336,112,Yoga Mat,Sports & Fitness,Nivia,6547.22,2,2026-02-18,Delivered
1778,1139,53,Non-Stick Pan Set,Home & Kitchen,Pigeon,11494.68,1,2026-07-12,Returned
1779,1379,53,Non-Stick Pan Set,Home & Kitchen,Pigeon,2983.75,1,2026-01-30,Returned
1780,171,30,Women's Kurta,Fashion,Biba,4450.38,4,2025-08-04,Shipped
1781,1537,104,Lipstick,Beauty & Personal Care,Dove,565.03,1,2026-02-20,Delivered
1782,1131,28,Women's Kurta,Fashion,Levis,302.86,1,2025-02-24,Delivered
1783,1036,52,Non-Stick Pan Set,Home & Kitchen,Bajaj,11724.88,2,2026-01-31,Delivered
1784,1379,58,Table Lamp,Home & Kitchen,Prestige,4702.93,1,2025-08-28,Delivered
1785,1492,123,Badminton Racket,Sports & Fitness,Decathlon,2411.49,3,2026-03-08,Delivered
1786,1435,124,Football,Sports & Fitness,Nivia,3551.46,1,2024-01-06,Delivered
1787,1548,95,Sunscreen SPF50,Beauty & Personal Care,The Man Company,2088.98,1,2025-10-26,Delivered
1788,1914,69,Wall Clock,Home & Kitchen,Philips,3402.87,1,2026-01-12,Delivered
1789,1243,105,Lipstick,Beauty & Personal Care,Nivea,423.43,3,2025-06-20,Delivered
1790,722,108,Trimmer,Beauty & Personal Care,Lakme,1510.96,1,2026-06-04,Delivered
1791,1419,128,Resistance Band Set,Sports & Fitness,Decathlon,1410.73,1,2025-06-14,Pending
1792,1684,101,Body Lotion,Beauty & Personal Care,Lakme,1034.65,1,2026-03-24,Cancelled
1793,1094,44,Handbag,Fashion,Van Heusen,3173.69,1,2025-05-04,Cancelled
1794,284,79,Competitive Exam Guide,Books,Scholastic,654.07,1,2026-07-12,Returned
1795,333,58,Table Lamp,Home & Kitchen,Prestige,7928.89,1,2025-03-31,Delivered
1796,19,77,Self-Help Book,Books,Scholastic,896.93,1,2026-05-18,Delivered
1797,912,37,Formal Shirt,Fashion,Van Heusen,3893.71,1,2026-02-03,Delivered
1798,624,113,Yoga Mat,Sports & Fitness,Decathlon,4102.84,1,2024-04-26,Delivered
1799,8,118,Dumbbell Set 10kg,Sports & Fitness,Decathlon,2286.56,1,2025-09-06,Delivered
1800,721,73,Fiction Novel,Books,Scholastic,464.07,1,2025-11-30,Delivered
1801,1644,78,Self-Help Book,Books,HarperCollins,200.29,1,2026-02-07,Delivered
1802,939,88,Business Book,Books,Penguin,284.63,2,2025-11-29,Delivered
1803,1093,98,Hair Serum,Beauty & Personal Care,Mamaearth,837.47,1,2024-07-12,Delivered
1804,594,43,Handbag,Fashion,Biba,3414.54,1,2025-03-07,Delivered
1805,21,44,Handbag,Fashion,Van Heusen,854.86,3,2025-03-16,Delivered
1806,817,11,LED TV 43-inch,Electronics,boAt,36185.32,1,2025-10-08,Delivered
1807,126,46,Sunglasses,Fashion,H&M,1570.63,2,2023-12-30,Delivered
1808,214,49,Mixer Grinder,Home & Kitchen,Havells,11404.41,2,2026-07-01,Delivered
1809,625,61,Water Bottle Set,Home & Kitchen,Philips,8139.39,2,2025-11-19,Delivered
1810,1751,28,Women's Kurta,Fashion,Levis,2899.66,1,2026-01-04,Returned
1811,30,115,Cricket Bat,Sports & Fitness,Nivia,5559.46,3,2025-11-10,Delivered
1812,436,100,Body Lotion,Beauty & Personal Care,The Man Company,1934.46,1,2025-12-16,Delivered
1813,1781,53,Non-Stick Pan Set,Home & Kitchen,Pigeon,469.41,4,2026-04-03,Delivered
1814,600,67,Wall Clock,Home & Kitchen,Cello,10031.49,1,2024-06-26,Delivered
1815,1109,76,Self-Help Book,Books,Bloomsbury,487.79,1,2025-12-23,Delivered
1816,983,5,Bluetooth Earbuds,Electronics,boAt,59102.59,1,2026-04-14,Delivered
1817,1799,9,Smartwatch,Electronics,boAt,3584.72,1,2025-11-04,Delivered
1818,763,32,Running Shoes,Fashion,H&M,522.75,1,2026-03-28,Delivered
1819,1945,34,Denim Jeans,Fashion,H&M,3125.83,3,2026-06-03,Delivered
1820,562,109,Perfume,Beauty & Personal Care,The Man Company,1461.77,3,2025-11-18,Cancelled
1821,767,10,LED TV 43-inch,Electronics,Apple,34501.42,2,2024-09-30,Delivered
1822,663,112,Yoga Mat,Sports & Fitness,Nivia,6130.25,1,2026-04-11,Shipped
1823,1574,47,Sunglasses,Fashion,Biba,885.96,1,2026-03-13,Delivered
1824,1909,76,Self-Help Book,Books,Bloomsbury,494.62,1,2025-10-30,Delivered
1825,984,78,Self-Help Book,Books,HarperCollins,586.07,1,2026-04-05,Delivered
1826,1224,112,Yoga Mat,Sports & Fitness,Nivia,2417.55,1,2024-12-05,Cancelled
1827,475,81,Competitive Exam Guide,Books,Penguin,104.5,2,2025-08-24,Shipped
1828,589,90,Business Book,Books,Rupa Publications,295.35,1,2025-03-22,Cancelled
1829,1843,1,Smartphone,Electronics,Xiaomi,66898.19,1,2025-10-05,Delivered
1830,1939,18,Power Bank 10000mAh,Electronics,Sony,83692.18,2,2024-06-17,Delivered
1831,1595,119,Dumbbell Set 10kg,Sports & Fitness,Adidas,3562.64,1,2025-11-02,Delivered
1832,1316,64,Induction Cooktop,Home & Kitchen,Milton,8121.94,1,2025-09-01,Delivered
1833,658,47,Sunglasses,Fashion,Biba,3045.94,1,2025-10-31,Delivered
1834,710,81,Competitive Exam Guide,Books,Penguin,190.26,1,2024-08-29,Delivered
1835,1002,22,Neckband Earphones,Electronics,Samsung,40816.5,1,2025-04-21,Shipped
1836,1084,13,Laptop,Electronics,Sony,33202.93,1,2026-03-06,Delivered
1837,931,59,Table Lamp,Home & Kitchen,Havells,9998.74,1,2026-05-08,Delivered
1838,290,76,Self-Help Book,Books,Bloomsbury,199.92,2,2025-02-18,Delivered
1839,730,118,Dumbbell Set 10kg,Sports & Fitness,Decathlon,1555.18,1,2025-09-24,Returned
1840,417,126,Football,Sports & Fitness,Yonex,3670.71,1,2024-07-27,Delivered
1841,1086,18,Power Bank 10000mAh,Electronics,Sony,62202.57,1,2025-05-09,Delivered
1842,1881,110,Perfume,Beauty & Personal Care,Lakme,2349.4,1,2025-11-03,Delivered
1843,1822,18,Power Bank 10000mAh,Electronics,Sony,32253.27,1,2025-12-11,Delivered
1844,403,112,Yoga Mat,Sports & Fitness,Nivia,1449.89,1,2026-08-06,Delivered
1845,251,79,Competitive Exam Guide,Books,Scholastic,466.73,2,2025-06-21,Delivered
1846,671,124,Football,Sports & Fitness,Nivia,5721.74,2,2025-12-26,Delivered
1847,1049,92,Face Wash,Beauty & Personal Care,Plum,1147.41,1,2026-03-11,Delivered
1848,1781,123,Badminton Racket,Sports & Fitness,Decathlon,3209.31,1,2026-03-25,Delivered
1849,1657,17,Power Bank 10000mAh,Electronics,Samsung,88833.77,1,2025-05-15,Cancelled
1850,280,66,Induction Cooktop,Home & Kitchen,Cello,11579.4,1,2025-09-29,Delivered
1851,1990,14,Laptop,Electronics,Xiaomi,55174.55,1,2026-04-08,Cancelled
1852,1413,88,Business Book,Books,Penguin,530.72,1,2024-06-16,Delivered
1853,480,88,Business Book,Books,Penguin,246.35,2,2026-02-24,Delivered
1854,839,75,Fiction Novel,Books,Bloomsbury,913.14,1,2025-11-17,Delivered
1855,568,77,Self-Help Book,Books,Scholastic,656.33,3,2025-12-30,Cancelled
1856,1260,95,Sunscreen SPF50,Beauty & Personal Care,The Man Company,1178.39,1,2025-12-23,Returned
1857,1688,126,Football,Sports & Fitness,Yonex,2433.44,2,2026-01-22,Delivered
1858,1065,29,Women's Kurta,Fashion,Allen Solly,4259.16,1,2024-12-25,Delivered
1859,904,119,Dumbbell Set 10kg,Sports & Fitness,Adidas,5170.67,1,2026-01-05,Returned
1860,1733,19,Bluetooth Speaker,Electronics,boAt,73943.15,1,2025-10-27,Delivered
1861,1310,116,Cricket Bat,Sports & Fitness,Adidas,6310.25,1,2025-10-13,Shipped
1862,1538,77,Self-Help Book,Books,Scholastic,923.31,1,2025-09-24,Delivered
1863,203,53,Non-Stick Pan Set,Home & Kitchen,Pigeon,5673.54,2,2026-06-14,Delivered
1864,802,27,Men's T-Shirt,Fashion,Puma,689.1,2,2026-06-21,Delivered
1865,430,88,Business Book,Books,Penguin,775.79,2,2025-08-20,Delivered
1866,168,126,Football,Sports & Fitness,Yonex,5872.19,1,2025-09-23,Shipped
1867,690,6,Bluetooth Earbuds,Electronics,Sony,66618.65,1,2025-09-22,Shipped
1868,1979,43,Handbag,Fashion,Biba,4215.95,1,2026-03-02,Delivered
1869,759,109,Perfume,Beauty & Personal Care,The Man Company,2321.84,1,2026-06-12,Delivered
1870,1617,81,Competitive Exam Guide,Books,Penguin,769.06,1,2025-04-25,Delivered
1871,1479,4,Bluetooth Earbuds,Electronics,Xiaomi,69376.16,1,2025-07-05,Delivered
1872,1379,32,Running Shoes,Fashion,H&M,871.74,1,2025-07-24,Delivered
1873,22,33,Running Shoes,Fashion,Roadster,4307.31,4,2026-05-02,Delivered
1874,1324,90,Business Book,Books,Rupa Publications,208.14,2,2026-03-14,Delivered
1875,121,26,Men's T-Shirt,Fashion,Nike,4320.25,2,2026-04-09,Delivered
1876,672,35,Denim Jeans,Fashion,Van Heusen,1705.88,2,2024-04-22,Delivered
1877,143,128,Resistance Band Set,Sports & Fitness,Decathlon,1597.36,2,2026-06-30,Delivered
1878,901,90,Business Book,Books,Rupa Publications,557.69,1,2024-05-26,Delivered
1879,429,16,Power Bank 10000mAh,Electronics,OnePlus,63623.85,1,2026-04-10,Delivered
1880,1998,111,Perfume,Beauty & Personal Care,Plum,361.32,1,2026-06-15,Delivered
1881,1364,86,Biography,Books,HarperCollins,873.7,2,2024-12-30,Delivered
1882,999,89,Business Book,Books,Bloomsbury,809.87,1,2025-12-01,Delivered
1883,505,11,LED TV 43-inch,Electronics,boAt,59673.2,2,2026-01-02,Shipped
1884,966,117,Cricket Bat,Sports & Fitness,Decathlon,390.58,1,2025-07-21,Delivered
1885,1569,105,Lipstick,Beauty & Personal Care,Nivea,160.01,3,2025-11-08,Delivered
1886,1068,66,Induction Cooktop,Home & Kitchen,Cello,3518.42,2,2025-08-03,Delivered
1887,157,119,Dumbbell Set 10kg,Sports & Fitness,Adidas,6719.52,1,2024-09-03,Returned
1888,686,77,Self-Help Book,Books,Scholastic,467.64,1,2025-08-25,Pending
1889,1973,49,Mixer Grinder,Home & Kitchen,Havells,8782.3,1,2024-08-07,Delivered
1890,439,125,Football,Sports & Fitness,Cosco,3052.95,1,2024-11-19,Shipped
1891,1043,68,Wall Clock,Home & Kitchen,Havells,8329.44,1,2026-03-18,Delivered
1892,1084,59,Table Lamp,Home & Kitchen,Havells,7796.72,2,2026-01-10,Shipped
1893,1179,12,LED TV 43-inch,Electronics,JBL,38119.31,1,2025-09-30,Delivered
1894,1763,1,Smartphone,Electronics,Xiaomi,51613.37,1,2026-04-17,Delivered
1895,1758,117,Cricket Bat,Sports & Fitness,Decathlon,5402.77,2,2025-01-30,Delivered
1896,719,61,Water Bottle Set,Home & Kitchen,Philips,10846.27,2,2024-10-10,Delivered
1897,1829,126,Football,Sports & Fitness,Yonex,1037.34,1,2025-06-27,Delivered
1898,1315,31,Running Shoes,Fashion,Biba,4006.53,2,2026-06-01,Cancelled
1899,1681,9,Smartwatch,Electronics,boAt,18915.08,3,2026-06-09,Delivered
1900,1557,17,Power Bank 10000mAh,Electronics,Samsung,46046.34,1,2025-08-16,Delivered
1901,1336,57,Air Fryer,Home & Kitchen,Pigeon,9585.8,1,2026-01-06,Delivered
1902,973,65,Induction Cooktop,Home & Kitchen,Prestige,1451.24,2,2025-06-24,Delivered
1903,1276,90,Business Book,Books,Rupa Publications,272.7,2,2026-04-13,Returned
1904,1986,33,Running Shoes,Fashion,Roadster,2159.72,1,2026-02-04,Cancelled
1905,1987,68,Wall Clock,Home & Kitchen,Havells,1113.71,2,2024-03-04,Returned
1906,477,9,Smartwatch,Electronics,boAt,65394.18,1,2026-08-11,Delivered
1907,15,17,Power Bank 10000mAh,Electronics,Samsung,2554.48,2,2025-04-04,Delivered
1908,1212,70,Bedsheet Set,Home & Kitchen,Bajaj,1520.24,1,2026-02-27,Delivered
1909,1600,20,Bluetooth Speaker,Electronics,Xiaomi,6106.15,1,2025-12-29,Delivered
1910,203,37,Formal Shirt,Fashion,Van Heusen,976.73,1,2026-06-18,Shipped
1911,58,122,Badminton Racket,Sports & Fitness,Yonex,1225.96,1,2025-09-29,Delivered
1912,1912,47,Sunglasses,Fashion,Biba,1133.04,1,2026-02-05,Delivered
1913,612,48,Sunglasses,Fashion,Puma,1660.18,1,2026-02-02,Returned
1914,1323,45,Handbag,Fashion,Allen Solly,2269.32,1,2025-11-23,Cancelled
1915,106,98,Hair Serum,Beauty & Personal Care,Mamaearth,1384.73,1,2025-11-30,Delivered
1916,103,39,Formal Shirt,Fashion,Allen Solly,2865.93,1,2025-07-13,Delivered
1917,115,39,Formal Shirt,Fashion,Allen Solly,3960.47,1,2026-04-30,Delivered
1918,1623,107,Trimmer,Beauty & Personal Care,Plum,1844.39,1,2024-12-20,Delivered
1919,839,8,Smartwatch,Electronics,OnePlus,1688.89,1,2026-05-22,Delivered
1920,62,127,Resistance Band Set,Sports & Fitness,Nivia,1854.09,1,2024-04-20,Cancelled
1921,1978,119,Dumbbell Set 10kg,Sports & Fitness,Adidas,1669.08,1,2023-12-07,Delivered
1922,1595,44,Handbag,Fashion,Van Heusen,1052.16,1,2025-10-28,Delivered
1923,780,121,Badminton Racket,Sports & Fitness,Cosco,6214.28,1,2025-09-15,Delivered
1924,381,65,Induction Cooktop,Home & Kitchen,Prestige,4280.72,3,2024-09-22,Delivered
1925,1523,29,Women's Kurta,Fashion,Allen Solly,4993.33,1,2025-05-23,Delivered
1926,1655,18,Power Bank 10000mAh,Electronics,Sony,43076.32,1,2026-07-12,Delivered
1927,502,58,Table Lamp,Home & Kitchen,Prestige,9933.6,1,2026-07-23,Cancelled
1928,1849,93,Face Wash,Beauty & Personal Care,Dove,487.93,1,2024-08-17,Delivered
1929,702,70,Bedsheet Set,Home & Kitchen,Bajaj,9879.44,1,2024-10-19,Delivered
1930,1918,5,Bluetooth Earbuds,Electronics,boAt,52833.02,1,2025-11-17,Cancelled
1931,1634,47,Sunglasses,Fashion,Biba,2065.39,1,2026-03-01,Delivered
1932,862,91,Face Wash,Beauty & Personal Care,The Man Company,891.14,1,2025-11-03,Delivered
1933,838,77,Self-Help Book,Books,Scholastic,747.18,1,2025-11-28,Pending
1934,275,92,Face Wash,Beauty & Personal Care,Plum,1522.21,1,2026-08-17,Delivered
1935,270,29,Women's Kurta,Fashion,Allen Solly,1801.44,3,2024-07-10,Delivered
1936,1724,111,Perfume,Beauty & Personal Care,Plum,1419.16,1,2024-06-16,Delivered
1937,585,106,Trimmer,Beauty & Personal Care,Mamaearth,748.95,1,2025-12-28,Cancelled
1938,1861,108,Trimmer,Beauty & Personal Care,Lakme,447.22,1,2026-06-18,Pending
1939,1860,69,Wall Clock,Home & Kitchen,Philips,4226.51,1,2023-11-24,Delivered
1940,473,23,Neckband Earphones,Electronics,JBL,87922.49,1,2025-09-22,Delivered
1941,598,34,Denim Jeans,Fashion,H&M,702.04,1,2025-10-20,Delivered
1942,1170,52,Non-Stick Pan Set,Home & Kitchen,Bajaj,5260.24,4,2026-07-21,Delivered
1943,1708,84,Children's Story Book,Books,Scholastic,980.68,1,2024-11-07,Delivered
1944,896,11,LED TV 43-inch,Electronics,boAt,45770.94,1,2025-01-23,Delivered
1945,1081,71,Bedsheet Set,Home & Kitchen,Pigeon,5753.09,1,2025-05-25,Returned
1946,345,52,Non-Stick Pan Set,Home & Kitchen,Bajaj,9728.37,1,2024-05-24,Shipped
1947,304,92,Face Wash,Beauty & Personal Care,Plum,2270.26,1,2026-03-14,Delivered
1948,447,5,Bluetooth Earbuds,Electronics,boAt,49729.1,1,2025-07-30,Cancelled
1949,1524,104,Lipstick,Beauty & Personal Care,Dove,1214.58,1,2025-12-18,Delivered
1950,7,24,Neckband Earphones,Electronics,Realme,11620.57,1,2026-07-09,Cancelled
1951,48,24,Neckband Earphones,Electronics,Realme,35094.89,2,2025-09-24,Delivered
1952,1681,127,Resistance Band Set,Sports & Fitness,Nivia,1569.48,1,2026-06-07,Cancelled
1953,1379,118,Dumbbell Set 10kg,Sports & Fitness,Decathlon,5231.09,1,2025-08-22,Delivered
1954,1110,77,Self-Help Book,Books,Scholastic,587.99,2,2026-03-26,Delivered
1955,1751,109,Perfume,Beauty & Personal Care,The Man Company,1277.07,1,2026-03-14,Delivered
1956,104,71,Bedsheet Set,Home & Kitchen,Pigeon,8973.79,1,2024-02-23,Delivered
1957,199,63,Water Bottle Set,Home & Kitchen,Cello,12400.93,1,2025-12-23,Delivered
1958,1808,95,Sunscreen SPF50,Beauty & Personal Care,The Man Company,1780.61,1,2025-11-11,Delivered
1959,1175,80,Competitive Exam Guide,Books,HarperCollins,234.07,1,2026-05-27,Delivered
1960,1649,4,Bluetooth Earbuds,Electronics,Xiaomi,6901.49,1,2026-03-04,Delivered
1961,569,8,Smartwatch,Electronics,OnePlus,40624.81,1,2025-05-27,Delivered
1962,1224,70,Bedsheet Set,Home & Kitchen,Bajaj,11255.18,1,2025-01-03,Delivered
1963,110,36,Denim Jeans,Fashion,Puma,1553.88,1,2026-08-12,Delivered
1964,286,24,Neckband Earphones,Electronics,Realme,62232.68,1,2026-02-16,Delivered
1965,456,74,Fiction Novel,Books,HarperCollins,970.33,1,2025-08-09,Returned
1966,289,89,Business Book,Books,Bloomsbury,549.72,1,2024-02-18,Delivered
1967,666,120,Dumbbell Set 10kg,Sports & Fitness,Yonex,1745.33,3,2026-04-08,Delivered
1968,395,57,Air Fryer,Home & Kitchen,Pigeon,4640.62,1,2026-08-17,Delivered
1969,179,25,Men's T-Shirt,Fashion,Allen Solly,4963.7,1,2024-09-23,Delivered
1970,1437,30,Women's Kurta,Fashion,Biba,3526.11,3,2025-03-21,Delivered
1971,1611,84,Children's Story Book,Books,Scholastic,410.36,1,2025-10-28,Delivered
1972,1828,9,Smartwatch,Electronics,boAt,6225.24,1,2025-05-15,Delivered
1973,542,7,Smartwatch,Electronics,Samsung,5596.36,1,2025-06-06,Delivered
1974,294,23,Neckband Earphones,Electronics,JBL,65326.84,2,2026-03-17,Delivered
1975,1852,110,Perfume,Beauty & Personal Care,Lakme,310.31,1,2024-08-11,Delivered
1976,1853,96,Sunscreen SPF50,Beauty & Personal Care,Plum,176.09,2,2025-01-17,Delivered
1977,666,67,Wall Clock,Home & Kitchen,Cello,4227.72,2,2024-12-07,Pending
1978,626,37,Formal Shirt,Fashion,Van Heusen,4897.81,1,2025-11-11,Delivered
1979,1299,7,Smartwatch,Electronics,Samsung,10349.73,1,2025-02-20,Delivered
1980,750,53,Non-Stick Pan Set,Home & Kitchen,Pigeon,12540.5,1,2026-02-21,Cancelled
1981,532,108,Trimmer,Beauty & Personal Care,Lakme,344.22,4,2024-12-18,Delivered
1982,335,26,Men's T-Shirt,Fashion,Nike,3821.43,1,2026-05-05,Delivered
1983,1952,116,Cricket Bat,Sports & Fitness,Adidas,6909.69,1,2024-10-22,Cancelled
1984,1441,90,Business Book,Books,Rupa Publications,937.69,2,2026-02-10,Shipped
1985,1753,114,Yoga Mat,Sports & Fitness,Adidas,6209.34,1,2025-11-23,Delivered
1986,1046,76,Self-Help Book,Books,Bloomsbury,524.97,2,2026-05-24,Delivered
1987,1185,54,Non-Stick Pan Set,Home & Kitchen,Philips,4859.47,1,2024-04-20,Pending
1988,223,78,Self-Help Book,Books,HarperCollins,549.54,1,2026-02-09,Delivered
1989,299,81,Competitive Exam Guide,Books,Penguin,876.68,2,2024-08-09,Delivered
1990,630,97,Hair Serum,Beauty & Personal Care,Lakme,1436.06,3,2025-12-25,Delivered
1991,689,111,Perfume,Beauty & Personal Care,Plum,2131.17,1,2026-01-31,Delivered
1992,336,45,Handbag,Fashion,Allen Solly,379.8,1,2025-04-11,Delivered
1993,1641,23,Neckband Earphones,Electronics,JBL,69163.21,1,2025-02-04,Delivered
1994,1010,21,Bluetooth Speaker,Electronics,Apple,48181.72,1,2026-01-22,Delivered
1995,1370,79,Competitive Exam Guide,Books,Scholastic,301.81,1,2025-06-08,Cancelled
1996,1025,129,Resistance Band Set,Sports & Fitness,Yonex,5681.78,2,2026-03-19,Delivered
1997,568,108,Trimmer,Beauty & Personal Care,Lakme,1410.57,4,2025-09-28,Delivered
1998,1774,89,Business Book,Books,Bloomsbury,861.07,2,2026-01-22,Pending
1999,373,95,Sunscreen SPF50,Beauty & Personal Care,The Man Company,879.85,1,2024-06-16,Delivered
2000,1643,64,Induction Cooktop,Home & Kitchen,Milton,11254.67,1,2025-12-25,Delivered
2001,637,109,Perfume,Beauty & Personal Care,The Man Company,158.85,3,2025-10-15,Delivered
2002,206,99,Hair Serum,Beauty & Personal Care,Plum,273.25,1,2026-03-12,Delivered
2003,1432,115,Cricket Bat,Sports & Fitness,Nivia,3944.16,1,2024-11-12,Delivered
2004,1962,23,Neckband Earphones,Electronics,JBL,72835.83,1,2024-03-28,Delivered
2005,610,30,Women's Kurta,Fashion,Biba,1430.3,2,2026-07-17,Delivered
2006,203,107,Trimmer,Beauty & Personal Care,Plum,256.13,2,2026-06-03,Returned
2007,1552,40,Casual Sneakers,Fashion,Levis,3873.63,3,2025-05-07,Delivered
2008,1264,14,Laptop,Electronics,Xiaomi,65179.86,1,2026-06-14,Delivered
2009,584,120,Dumbbell Set 10kg,Sports & Fitness,Yonex,5785.03,1,2026-07-06,Delivered
2010,20,20,Bluetooth Speaker,Electronics,Xiaomi,19177.15,1,2025-10-26,Delivered
2011,1086,6,Bluetooth Earbuds,Electronics,Sony,42950.3,1,2025-05-10,Delivered
2012,1777,1,Smartphone,Electronics,Xiaomi,42872.31,2,2026-02-26,Delivered
2013,116,29,Women's Kurta,Fashion,Allen Solly,4742.82,1,2026-06-26,Delivered
2014,1414,121,Badminton Racket,Sports & Fitness,Cosco,6835.45,1,2025-08-09,Returned
2015,1387,99,Hair Serum,Beauty & Personal Care,Plum,739.59,1,2025-10-04,Delivered
2016,406,59,Table Lamp,Home & Kitchen,Havells,763.06,2,2025-07-20,Delivered
2017,218,2,Smartphone,Electronics,Apple,17038.86,1,2026-04-04,Delivered
2018,1481,94,Sunscreen SPF50,Beauty & Personal Care,Mamaearth,1992.29,1,2025-12-19,Pending
2019,65,66,Induction Cooktop,Home & Kitchen,Cello,8780.4,1,2026-06-12,Cancelled
2020,277,102,Body Lotion,Beauty & Personal Care,Mamaearth,2414.42,1,2024-11-25,Cancelled
2021,801,99,Hair Serum,Beauty & Personal Care,Plum,1564.79,2,2025-09-27,Delivered
2022,1735,102,Body Lotion,Beauty & Personal Care,Mamaearth,1715.0,1,2025-06-29,Cancelled
2023,1398,17,Power Bank 10000mAh,Electronics,Samsung,39773.21,1,2025-11-28,Delivered
2024,1741,94,Sunscreen SPF50,Beauty & Personal Care,Mamaearth,1786.91,3,2026-06-21,Shipped
2025,184,30,Women's Kurta,Fashion,Biba,4241.03,3,2025-03-12,Cancelled
2026,796,3,Smartphone,Electronics,boAt,20207.64,1,2025-02-15,Pending
2027,1956,67,Wall Clock,Home & Kitchen,Cello,11632.05,1,2026-02-13,Cancelled
2028,1440,29,Women's Kurta,Fashion,Allen Solly,3213.01,2,2026-01-06,Delivered
2029,591,129,Resistance Band Set,Sports & Fitness,Yonex,647.52,1,2025-10-29,Delivered
2030,220,20,Bluetooth Speaker,Electronics,Xiaomi,73412.03,1,2026-01-01,Delivered
2031,302,19,Bluetooth Speaker,Electronics,boAt,34432.48,2,2025-01-16,Delivered
2032,1463,100,Body Lotion,Beauty & Personal Care,The Man Company,1789.97,1,2025-09-04,Cancelled
2033,474,85,Biography,Books,Scholastic,308.41,1,2025-11-19,Delivered
2034,668,71,Bedsheet Set,Home & Kitchen,Pigeon,11878.07,1,2024-06-14,Delivered
2035,319,109,Perfume,Beauty & Personal Care,The Man Company,2159.48,1,2025-07-24,Delivered
2036,1131,29,Women's Kurta,Fashion,Allen Solly,942.03,2,2025-03-25,Returned
2037,1859,26,Men's T-Shirt,Fashion,Nike,928.74,1,2025-07-26,Delivered
2038,1020,88,Business Book,Books,Penguin,425.05,1,2025-08-05,Returned
2039,1310,119,Dumbbell Set 10kg,Sports & Fitness,Adidas,1292.28,2,2024-09-15,Delivered
2040,606,112,Yoga Mat,Sports & Fitness,Nivia,5355.97,2,2026-01-29,Delivered
2041,574,119,Dumbbell Set 10kg,Sports & Fitness,Adidas,3385.23,1,2025-06-04,Delivered
2042,209,16,Power Bank 10000mAh,Electronics,OnePlus,74559.38,1,2024-09-04,Delivered
2043,1650,124,Football,Sports & Fitness,Nivia,3813.6,1,2026-04-01,Delivered
2044,1362,56,Air Fryer,Home & Kitchen,Prestige,1494.71,1,2025-12-22,Pending
2045,1086,114,Yoga Mat,Sports & Fitness,Adidas,2215.25,1,2025-05-12,Delivered
2046,1734,47,Sunglasses,Fashion,Biba,2100.62,1,2026-02-06,Delivered
2047,532,101,Body Lotion,Beauty & Personal Care,Lakme,1759.34,1,2026-01-20,Delivered
2048,924,77,Self-Help Book,Books,Scholastic,996.33,1,2024-10-25,Delivered
2049,279,97,Hair Serum,Beauty & Personal Care,Lakme,1754.5,1,2024-08-23,Shipped
2050,1761,87,Biography,Books,Bloomsbury,286.42,1,2026-05-18,Shipped
2051,975,36,Denim Jeans,Fashion,Puma,1982.23,1,2025-05-30,Returned
2052,884,122,Badminton Racket,Sports & Fitness,Yonex,4329.19,1,2025-12-22,Delivered
2053,62,101,Body Lotion,Beauty & Personal Care,Lakme,1538.61,1,2026-02-04,Delivered
2054,686,61,Water Bottle Set,Home & Kitchen,Philips,3560.28,1,2026-01-25,Delivered
2055,1075,38,Formal Shirt,Fashion,Levis,2528.05,1,2026-05-08,Delivered
2056,1960,116,Cricket Bat,Sports & Fitness,Adidas,3116.64,1,2026-04-08,Delivered
2057,393,83,Children's Story Book,Books,Penguin,469.34,1,2025-11-28,Delivered
2058,1220,128,Resistance Band Set,Sports & Fitness,Decathlon,5031.62,1,2026-03-24,Delivered
2059,1742,8,Smartwatch,Electronics,OnePlus,22317.61,2,2025-09-02,Delivered
2060,1731,104,Lipstick,Beauty & Personal Care,Dove,1910.51,1,2025-12-12,Delivered
2061,370,45,Handbag,Fashion,Allen Solly,4734.36,1,2026-01-13,Delivered
2062,1560,95,Sunscreen SPF50,Beauty & Personal Care,The Man Company,1679.43,1,2026-06-24,Delivered
2063,1984,109,Perfume,Beauty & Personal Care,The Man Company,535.3,2,2025-07-25,Delivered
2064,1809,30,Women's Kurta,Fashion,Biba,1657.07,2,2025-08-30,Delivered
2065,1134,45,Handbag,Fashion,Allen Solly,4716.99,2,2025-03-07,Shipped
2066,17,46,Sunglasses,Fashion,H&M,1178.75,3,2026-02-20,Delivered
2067,1969,4,Bluetooth Earbuds,Electronics,Xiaomi,9331.46,4,2026-06-24,Delivered
2068,1390,20,Bluetooth Speaker,Electronics,Xiaomi,6200.06,1,2025-08-01,Returned
2069,923,5,Bluetooth Earbuds,Electronics,boAt,83004.93,2,2025-07-05,Delivered
2070,1893,11,LED TV 43-inch,Electronics,boAt,80023.97,1,2025-09-21,Shipped
2071,597,54,Non-Stick Pan Set,Home & Kitchen,Philips,2604.56,2,2025-09-26,Delivered
2072,1878,58,Table Lamp,Home & Kitchen,Prestige,11122.35,2,2025-02-01,Delivered
2073,1154,114,Yoga Mat,Sports & Fitness,Adidas,3144.97,1,2025-01-31,Delivered
2074,1106,9,Smartwatch,Electronics,boAt,66934.82,2,2024-12-05,Delivered
2075,125,84,Children's Story Book,Books,Scholastic,196.85,1,2026-02-22,Delivered
2076,461,41,Casual Sneakers,Fashion,Allen Solly,4958.14,1,2024-08-11,Delivered
2077,179,31,Running Shoes,Fashion,Biba,4163.56,1,2024-09-24,Delivered
2078,612,110,Perfume,Beauty & Personal Care,Lakme,288.82,2,2026-06-10,Delivered
2079,927,85,Biography,Books,Scholastic,840.66,1,2025-05-13,Delivered
2080,1320,126,Football,Sports & Fitness,Yonex,1999.47,2,2025-10-25,Delivered
2081,48,1,Smartphone,Electronics,Xiaomi,45904.36,1,2025-06-26,Delivered
2082,6,94,Sunscreen SPF50,Beauty & Personal Care,Mamaearth,1919.81,2,2025-08-05,Delivered
2083,92,27,Men's T-Shirt,Fashion,Puma,2954.71,2,2026-03-14,Delivered
2084,96,20,Bluetooth Speaker,Electronics,Xiaomi,81446.36,2,2024-10-01,Shipped
2085,1807,9,Smartwatch,Electronics,boAt,25729.76,1,2026-02-13,Shipped
2086,1198,41,Casual Sneakers,Fashion,Allen Solly,1936.93,1,2026-08-17,Delivered
2087,14,63,Water Bottle Set,Home & Kitchen,Cello,4807.39,1,2026-05-21,Cancelled
2088,1856,85,Biography,Books,Scholastic,408.65,4,2025-11-09,Delivered
2089,1812,87,Biography,Books,Bloomsbury,354.31,2,2025-12-26,Delivered
2090,69,73,Fiction Novel,Books,Scholastic,724.63,1,2025-01-06,Delivered
2091,1589,42,Casual Sneakers,Fashion,Biba,1683.35,1,2024-12-29,Shipped
2092,1213,2,Smartphone,Electronics,Apple,73215.64,1,2025-06-07,Delivered
2093,1517,60,Table Lamp,Home & Kitchen,Pigeon,1810.22,2,2025-08-27,Cancelled
2094,1542,15,Laptop,Electronics,boAt,40433.33,1,2025-02-23,Delivered
2095,642,35,Denim Jeans,Fashion,Van Heusen,4770.48,1,2026-04-10,Delivered
2096,1017,124,Football,Sports & Fitness,Nivia,3325.54,1,2026-04-13,Delivered
2097,135,99,Hair Serum,Beauty & Personal Care,Plum,577.29,2,2026-04-09,Delivered
2098,191,115,Cricket Bat,Sports & Fitness,Nivia,2523.91,4,2025-09-15,Delivered
2099,272,20,Bluetooth Speaker,Electronics,Xiaomi,63505.76,1,2024-11-07,Delivered
2100,1480,109,Perfume,Beauty & Personal Care,The Man Company,2158.18,1,2025-05-17,Delivered
2101,1368,103,Lipstick,Beauty & Personal Care,The Man Company,740.91,1,2026-03-07,Returned
2102,1437,109,Perfume,Beauty & Personal Care,The Man Company,432.09,2,2024-05-12,Delivered
2103,10,41,Casual Sneakers,Fashion,Allen Solly,3400.27,2,2025-09-18,Returned
2104,646,70,Bedsheet Set,Home & Kitchen,Bajaj,1027.83,1,2026-03-19,Delivered
2105,725,85,Biography,Books,Scholastic,418.16,1,2025-12-04,Delivered
2106,1475,26,Men's T-Shirt,Fashion,Nike,3033.87,1,2026-01-20,Delivered
2107,1724,114,Yoga Mat,Sports & Fitness,Adidas,3497.78,1,2024-03-28,Delivered
2108,535,33,Running Shoes,Fashion,Roadster,2058.5,2,2025-07-06,Returned
2109,315,129,Resistance Band Set,Sports & Fitness,Yonex,3906.74,2,2026-06-05,Delivered
2110,1635,29,Women's Kurta,Fashion,Allen Solly,3075.29,2,2025-11-24,Shipped
2111,620,124,Football,Sports & Fitness,Nivia,3548.94,1,2026-01-20,Delivered
2112,1699,54,Non-Stick Pan Set,Home & Kitchen,Philips,11477.0,2,2025-09-20,Delivered
2113,1144,25,Men's T-Shirt,Fashion,Allen Solly,1981.45,1,2025-06-09,Delivered
2114,697,75,Fiction Novel,Books,Bloomsbury,963.03,1,2025-07-07,Returned
2115,684,92,Face Wash,Beauty & Personal Care,Plum,1876.82,1,2025-10-31,Cancelled
2116,1109,83,Children's Story Book,Books,Penguin,728.52,2,2025-12-19,Delivered
2117,829,5,Bluetooth Earbuds,Electronics,boAt,66776.32,1,2026-01-30,Delivered
2118,1349,44,Handbag,Fashion,Van Heusen,2002.34,3,2025-09-27,Returned
2119,1306,96,Sunscreen SPF50,Beauty & Personal Care,Plum,337.36,1,2026-07-15,Delivered
2120,326,90,Business Book,Books,Rupa Publications,106.76,1,2026-08-17,Delivered
2121,1494,104,Lipstick,Beauty & Personal Care,Dove,543.81,3,2026-02-03,Delivered
2122,353,49,Mixer Grinder,Home & Kitchen,Havells,7758.53,1,2025-09-06,Delivered
2123,27,44,Handbag,Fashion,Van Heusen,4025.72,1,2025-07-29,Delivered
2124,589,45,Handbag,Fashion,Allen Solly,3090.9,2,2025-09-17,Delivered
2125,1342,44,Handbag,Fashion,Van Heusen,4206.93,1,2025-05-30,Delivered
2126,817,88,Business Book,Books,Penguin,844.23,1,2025-10-23,Delivered
2127,882,123,Badminton Racket,Sports & Fitness,Decathlon,5883.49,1,2025-12-01,Delivered
2128,475,13,Laptop,Electronics,Sony,66568.29,1,2025-10-17,Delivered
2129,760,46,Sunglasses,Fashion,H&M,931.0,1,2026-01-15,Delivered
2130,178,57,Air Fryer,Home & Kitchen,Pigeon,5123.6,1,2026-05-13,Delivered
2131,1977,37,Formal Shirt,Fashion,Van Heusen,2467.6,1,2026-05-05,Delivered
2132,576,108,Trimmer,Beauty & Personal Care,Lakme,2101.74,1,2025-05-17,Pending
2133,1783,56,Air Fryer,Home & Kitchen,Prestige,9285.07,2,2025-09-03,Delivered
2134,31,119,Dumbbell Set 10kg,Sports & Fitness,Adidas,1378.56,1,2026-01-29,Delivered
2135,1692,38,Formal Shirt,Fashion,Levis,4328.73,1,2025-06-06,Delivered
2136,1777,106,Trimmer,Beauty & Personal Care,Mamaearth,418.47,1,2026-03-26,Cancelled
2137,531,24,Neckband Earphones,Electronics,Realme,86876.79,1,2025-02-04,Shipped
2138,1466,71,Bedsheet Set,Home & Kitchen,Pigeon,11723.08,1,2026-06-23,Shipped
2139,403,121,Badminton Racket,Sports & Fitness,Cosco,4676.75,1,2026-07-25,Delivered
2140,1948,9,Smartwatch,Electronics,boAt,38440.49,1,2025-06-02,Cancelled
2141,1238,12,LED TV 43-inch,Electronics,JBL,73835.02,2,2025-07-26,Cancelled
2142,970,88,Business Book,Books,Penguin,189.08,1,2025-03-17,Delivered
2143,178,127,Resistance Band Set,Sports & Fitness,Nivia,4413.11,1,2026-02-25,Delivered
2144,1429,44,Handbag,Fashion,Van Heusen,1648.05,1,2024-10-21,Delivered
2145,1581,128,Resistance Band Set,Sports & Fitness,Decathlon,1342.88,1,2025-10-28,Delivered
2146,687,129,Resistance Band Set,Sports & Fitness,Yonex,5801.62,1,2026-02-03,Delivered
2147,1559,43,Handbag,Fashion,Biba,1986.0,1,2026-07-26,Delivered
2148,1527,36,Denim Jeans,Fashion,Puma,2263.7,1,2025-02-17,Delivered
2149,958,112,Yoga Mat,Sports & Fitness,Nivia,5189.81,1,2024-10-10,Delivered
2150,1961,59,Table Lamp,Home & Kitchen,Havells,6634.96,1,2024-09-18,Returned
2151,987,69,Wall Clock,Home & Kitchen,Philips,2472.36,1,2026-01-03,Delivered
2152,658,5,Bluetooth Earbuds,Electronics,boAt,75301.43,1,2026-01-25,Cancelled
2153,977,68,Wall Clock,Home & Kitchen,Havells,8816.51,1,2025-08-24,Delivered
2154,1327,25,Men's T-Shirt,Fashion,Allen Solly,1678.92,1,2025-10-30,Shipped
2155,1071,55,Air Fryer,Home & Kitchen,Bajaj,6076.21,1,2025-01-15,Delivered
2156,1111,90,Business Book,Books,Rupa Publications,889.62,1,2026-01-09,Delivered
2157,958,100,Body Lotion,Beauty & Personal Care,The Man Company,1923.29,1,2024-08-17,Shipped
2158,1846,18,Power Bank 10000mAh,Electronics,Sony,33601.68,1,2026-05-29,Delivered
2159,1064,9,Smartwatch,Electronics,boAt,84502.71,1,2025-04-24,Delivered
2160,1425,29,Women's Kurta,Fashion,Allen Solly,351.14,1,2024-10-02,Delivered
2161,1429,99,Hair Serum,Beauty & Personal Care,Plum,197.02,4,2025-06-28,Delivered
2162,1542,9,Smartwatch,Electronics,boAt,30900.51,1,2026-03-24,Delivered
2163,910,109,Perfume,Beauty & Personal Care,The Man Company,1540.53,1,2025-01-20,Delivered
2164,990,55,Air Fryer,Home & Kitchen,Bajaj,532.73,1,2026-06-19,Delivered
2165,1818,35,Denim Jeans,Fashion,Van Heusen,1159.27,1,2026-04-08,Delivered
2166,1757,72,Bedsheet Set,Home & Kitchen,Prestige,10144.29,1,2025-07-13,Delivered
2167,926,111,Perfume,Beauty & Personal Care,Plum,922.38,1,2025-08-06,Delivered
2168,1225,12,LED TV 43-inch,Electronics,JBL,35338.21,2,2026-02-10,Delivered
2169,419,44,Handbag,Fashion,Van Heusen,3571.97,1,2025-02-24,Returned
2170,1032,103,Lipstick,Beauty & Personal Care,The Man Company,205.57,2,2026-01-11,Cancelled
2171,1306,78,Self-Help Book,Books,HarperCollins,612.9,1,2026-06-22,Delivered
2172,933,109,Perfume,Beauty & Personal Care,The Man Company,1946.74,2,2024-04-17,Delivered
2173,823,114,Yoga Mat,Sports & Fitness,Adidas,401.23,1,2025-11-28,Delivered
2174,126,103,Lipstick,Beauty & Personal Care,The Man Company,1942.06,1,2026-01-15,Shipped
2175,1836,122,Badminton Racket,Sports & Fitness,Yonex,1502.27,2,2026-03-22,Delivered
2176,1571,21,Bluetooth Speaker,Electronics,Apple,60822.03,1,2026-02-26,Delivered
2177,328,40,Casual Sneakers,Fashion,Levis,2266.79,1,2025-07-24,Returned
2178,418,60,Table Lamp,Home & Kitchen,Pigeon,6160.54,1,2026-01-21,Shipped
2179,13,79,Competitive Exam Guide,Books,Scholastic,648.67,1,2025-08-24,Delivered
2180,324,61,Water Bottle Set,Home & Kitchen,Philips,12648.07,1,2024-02-08,Delivered
2181,1962,5,Bluetooth Earbuds,Electronics,boAt,10874.56,1,2025-03-16,Delivered
2182,858,46,Sunglasses,Fashion,H&M,597.49,1,2025-09-17,Delivered
2183,389,42,Casual Sneakers,Fashion,Biba,4804.37,1,2024-12-22,Delivered
2184,1050,63,Water Bottle Set,Home & Kitchen,Cello,10598.47,1,2026-07-11,Cancelled
2185,1421,20,Bluetooth Speaker,Electronics,Xiaomi,42358.03,1,2026-05-07,Delivered
2186,1029,2,Smartphone,Electronics,Apple,35262.72,1,2026-03-11,Delivered
2187,1359,88,Business Book,Books,Penguin,893.73,1,2026-04-19,Returned
2188,1554,14,Laptop,Electronics,Xiaomi,9982.69,1,2026-04-06,Delivered
2189,1582,37,Formal Shirt,Fashion,Van Heusen,4534.89,1,2025-09-25,Delivered
2190,4,12,LED TV 43-inch,Electronics,JBL,11006.84,1,2025-04-01,Delivered
2191,320,77,Self-Help Book,Books,Scholastic,137.28,2,2025-05-26,Delivered
2192,1051,17,Power Bank 10000mAh,Electronics,Samsung,41319.13,1,2026-06-27,Delivered
2193,1231,45,Handbag,Fashion,Allen Solly,3360.03,2,2026-05-10,Cancelled
2194,1726,8,Smartwatch,Electronics,OnePlus,59716.79,1,2025-08-19,Delivered
2195,1040,87,Biography,Books,Bloomsbury,955.27,1,2025-11-14,Delivered
2196,1293,108,Trimmer,Beauty & Personal Care,Lakme,1417.62,1,2026-03-11,Delivered
2197,231,99,Hair Serum,Beauty & Personal Care,Plum,2166.66,1,2026-08-17,Delivered
2198,803,9,Smartwatch,Electronics,boAt,48109.23,2,2024-08-18,Delivered
2199,246,45,Handbag,Fashion,Allen Solly,4972.05,1,2025-06-29,Delivered
2200,1808,56,Air Fryer,Home & Kitchen,Prestige,4406.31,1,2025-11-17,Delivered
2201,377,125,Football,Sports & Fitness,Cosco,6318.93,1,2026-04-11,Delivered
2202,1529,37,Formal Shirt,Fashion,Van Heusen,1700.81,1,2025-06-14,Delivered
2203,836,24,Neckband Earphones,Electronics,Realme,84538.89,1,2026-06-26,Delivered
2204,746,69,Wall Clock,Home & Kitchen,Philips,7514.92,1,2025-03-23,Cancelled
2205,1443,97,Hair Serum,Beauty & Personal Care,Lakme,1674.21,1,2025-06-01,Delivered
2206,1545,97,Hair Serum,Beauty & Personal Care,Lakme,896.88,2,2025-02-14,Returned
2207,632,57,Air Fryer,Home & Kitchen,Pigeon,9153.62,1,2025-03-22,Delivered
2208,163,113,Yoga Mat,Sports & Fitness,Decathlon,5569.46,2,2025-12-09,Delivered
2209,34,103,Lipstick,Beauty & Personal Care,The Man Company,2092.61,1,2026-06-05,Returned
2210,1045,91,Face Wash,Beauty & Personal Care,The Man Company,2203.55,1,2026-07-02,Pending
2211,510,71,Bedsheet Set,Home & Kitchen,Pigeon,12222.14,1,2025-08-13,Delivered
2212,405,60,Table Lamp,Home & Kitchen,Pigeon,5704.57,1,2026-05-24,Cancelled
2213,1238,105,Lipstick,Beauty & Personal Care,Nivea,815.7,1,2026-01-22,Delivered
2214,636,125,Football,Sports & Fitness,Cosco,6779.98,2,2025-09-15,Delivered
2215,357,66,Induction Cooktop,Home & Kitchen,Cello,2620.44,1,2025-04-05,Delivered
2216,1969,33,Running Shoes,Fashion,Roadster,351.07,1,2025-05-25,Delivered
2217,930,105,Lipstick,Beauty & Personal Care,Nivea,564.76,3,2026-05-12,Delivered
2218,1209,40,Casual Sneakers,Fashion,Levis,3062.54,2,2026-04-10,Cancelled
2219,1504,83,Children's Story Book,Books,Penguin,775.35,2,2026-07-14,Returned
2220,819,119,Dumbbell Set 10kg,Sports & Fitness,Adidas,5027.79,1,2025-09-08,Delivered
2221,1877,4,Bluetooth Earbuds,Electronics,Xiaomi,27657.82,1,2026-01-25,Delivered
2222,101,65,Induction Cooktop,Home & Kitchen,Prestige,11662.96,2,2025-08-16,Delivered
2223,410,49,Mixer Grinder,Home & Kitchen,Havells,12693.62,1,2025-10-09,Delivered
2224,259,8,Smartwatch,Electronics,OnePlus,1193.18,1,2025-05-19,Delivered
2225,1337,120,Dumbbell Set 10kg,Sports & Fitness,Yonex,6522.63,1,2026-06-16,Delivered
2226,1530,79,Competitive Exam Guide,Books,Scholastic,766.07,1,2026-05-08,Returned
2227,1784,19,Bluetooth Speaker,Electronics,boAt,20220.26,1,2026-08-17,Delivered
2228,1663,39,Formal Shirt,Fashion,Allen Solly,4534.33,2,2026-06-19,Delivered
2229,68,112,Yoga Mat,Sports & Fitness,Nivia,4581.11,2,2025-10-02,Delivered
2230,328,35,Denim Jeans,Fashion,Van Heusen,1694.2,1,2026-01-03,Delivered
2231,1453,15,Laptop,Electronics,boAt,47057.25,1,2025-11-08,Cancelled
2232,64,125,Football,Sports & Fitness,Cosco,6953.62,1,2025-09-18,Shipped
2233,210,67,Wall Clock,Home & Kitchen,Cello,7372.42,1,2025-10-22,Delivered
2234,1921,9,Smartwatch,Electronics,boAt,58692.92,2,2025-09-16,Delivered
2235,270,22,Neckband Earphones,Electronics,Samsung,43067.14,1,2026-03-22,Delivered
2236,6,105,Lipstick,Beauty & Personal Care,Nivea,385.18,1,2025-08-03,Delivered
2237,984,75,Fiction Novel,Books,Bloomsbury,863.62,1,2026-02-26,Delivered
2238,1924,66,Induction Cooktop,Home & Kitchen,Cello,1785.58,1,2025-02-27,Delivered
2239,149,124,Football,Sports & Fitness,Nivia,4690.24,1,2025-11-12,Delivered
2240,27,127,Resistance Band Set,Sports & Fitness,Nivia,1534.86,1,2025-07-14,Delivered
2241,1988,108,Trimmer,Beauty & Personal Care,Lakme,351.48,1,2025-06-23,Delivered
2242,1979,86,Biography,Books,HarperCollins,848.99,2,2024-09-25,Delivered
2243,1480,51,Mixer Grinder,Home & Kitchen,Philips,6823.36,1,2024-05-12,Delivered
2244,389,48,Sunglasses,Fashion,Puma,4107.72,2,2025-02-18,Delivered
2245,1734,1,Smartphone,Electronics,Xiaomi,70350.98,1,2026-02-09,Delivered
2246,1536,107,Trimmer,Beauty & Personal Care,Plum,2184.1,2,2026-05-22,Delivered
2247,135,2,Smartphone,Electronics,Apple,62510.08,1,2026-04-21,Delivered
2248,1593,19,Bluetooth Speaker,Electronics,boAt,70948.34,1,2026-01-12,Pending
2249,1410,92,Face Wash,Beauty & Personal Care,Plum,360.1,1,2025-09-09,Shipped
2250,341,89,Business Book,Books,Bloomsbury,169.61,1,2026-03-13,Delivered
2251,524,19,Bluetooth Speaker,Electronics,boAt,50603.32,1,2024-02-27,Delivered
2252,710,21,Bluetooth Speaker,Electronics,Apple,65818.64,2,2025-08-31,Delivered
2253,1711,70,Bedsheet Set,Home & Kitchen,Bajaj,9407.49,1,2025-06-26,Delivered
2254,510,30,Women's Kurta,Fashion,Biba,4631.58,1,2025-10-09,Delivered
2255,969,3,Smartphone,Electronics,boAt,53233.63,3,2024-07-25,Cancelled
2256,1469,80,Competitive Exam Guide,Books,HarperCollins,204.51,1,2025-03-02,Delivered
2257,1559,39,Formal Shirt,Fashion,Allen Solly,1136.59,2,2025-07-14,Delivered
2258,429,42,Casual Sneakers,Fashion,Biba,3904.75,2,2026-03-28,Delivered
2259,1053,103,Lipstick,Beauty & Personal Care,The Man Company,1757.56,1,2025-07-19,Pending
2260,1524,114,Yoga Mat,Sports & Fitness,Adidas,3831.41,1,2024-01-10,Delivered
2261,323,87,Biography,Books,Bloomsbury,180.49,3,2025-10-12,Delivered
2262,896,53,Non-Stick Pan Set,Home & Kitchen,Pigeon,11302.63,2,2025-12-15,Delivered
2263,856,15,Laptop,Electronics,boAt,83981.62,1,2024-08-18,Delivered
2264,540,129,Resistance Band Set,Sports & Fitness,Yonex,6372.6,3,2026-03-05,Delivered
2265,1722,11,LED TV 43-inch,Electronics,boAt,45897.55,4,2025-06-11,Delivered
2266,1985,11,LED TV 43-inch,Electronics,boAt,88130.08,2,2024-10-04,Delivered
2267,1260,73,Fiction Novel,Books,Scholastic,878.09,1,2024-06-19,Delivered
2268,1754,100,Body Lotion,Beauty & Personal Care,The Man Company,1038.64,1,2026-04-11,Delivered
2269,1134,13,Laptop,Electronics,Sony,31386.59,2,2025-03-26,Delivered
2270,1348,104,Lipstick,Beauty & Personal Care,Dove,225.02,4,2025-05-04,Cancelled
2271,1377,38,Formal Shirt,Fashion,Levis,384.02,1,2026-07-01,Returned
2272,1389,70,Bedsheet Set,Home & Kitchen,Bajaj,4881.82,1,2025-06-12,Delivered
2273,1430,15,Laptop,Electronics,boAt,77827.05,1,2026-05-22,Delivered
2274,282,51,Mixer Grinder,Home & Kitchen,Philips,1268.09,2,2026-04-17,Delivered
2275,1528,87,Biography,Books,Bloomsbury,755.28,1,2024-05-16,Delivered
2276,1624,105,Lipstick,Beauty & Personal Care,Nivea,459.84,1,2026-02-09,Delivered
2277,1440,97,Hair Serum,Beauty & Personal Care,Lakme,2317.7,1,2026-01-13,Pending
2278,283,19,Bluetooth Speaker,Electronics,boAt,66794.79,1,2026-01-07,Delivered
2279,996,115,Cricket Bat,Sports & Fitness,Nivia,239.38,3,2026-02-13,Delivered
2280,100,14,Laptop,Electronics,Xiaomi,35887.67,1,2025-07-02,Delivered
2281,889,95,Sunscreen SPF50,Beauty & Personal Care,The Man Company,252.44,2,2026-02-22,Returned
2282,180,110,Perfume,Beauty & Personal Care,Lakme,774.06,1,2025-11-06,Delivered
2283,248,12,LED TV 43-inch,Electronics,JBL,53637.98,4,2024-10-06,Delivered
2284,1518,37,Formal Shirt,Fashion,Van Heusen,2013.73,1,2025-08-28,Delivered
2285,324,118,Dumbbell Set 10kg,Sports & Fitness,Decathlon,5346.44,1,2025-12-02,Delivered
2286,751,48,Sunglasses,Fashion,Puma,4854.13,1,2025-08-01,Delivered
2287,1093,35,Denim Jeans,Fashion,Van Heusen,4355.29,1,2025-06-09,Shipped
2288,1941,83,Children's Story Book,Books,Penguin,331.01,1,2025-10-31,Delivered
2289,1950,74,Fiction Novel,Books,HarperCollins,771.45,4,2025-12-23,Delivered
2290,585,58,Table Lamp,Home & Kitchen,Prestige,6799.88,1,2026-04-23,Delivered
2291,1150,100,Body Lotion,Beauty & Personal Care,The Man Company,966.47,1,2024-08-02,Delivered
2292,1816,73,Fiction Novel,Books,Scholastic,784.88,1,2026-02-27,Delivered
2293,1776,95,Sunscreen SPF50,Beauty & Personal Care,The Man Company,500.11,1,2026-08-12,Delivered
2294,645,4,Bluetooth Earbuds,Electronics,Xiaomi,21737.25,2,2026-04-12,Delivered
2295,861,80,Competitive Exam Guide,Books,HarperCollins,586.58,1,2026-02-28,Delivered
2296,920,40,Casual Sneakers,Fashion,Levis,3860.52,3,2026-03-13,Delivered
2297,269,17,Power Bank 10000mAh,Electronics,Samsung,33443.75,1,2024-12-06,Delivered
2298,1956,18,Power Bank 10000mAh,Electronics,Sony,40155.74,1,2025-02-04,Delivered
2299,185,25,Men's T-Shirt,Fashion,Allen Solly,1784.36,1,2025-06-04,Delivered
2300,1172,34,Denim Jeans,Fashion,H&M,1141.44,1,2024-04-24,Delivered
2301,1210,114,Yoga Mat,Sports & Fitness,Adidas,4055.74,1,2025-03-16,Delivered
2302,542,94,Sunscreen SPF50,Beauty & Personal Care,Mamaearth,651.42,1,2025-12-28,Delivered
2303,1924,120,Dumbbell Set 10kg,Sports & Fitness,Yonex,4166.97,1,2026-06-30,Delivered
2304,1173,102,Body Lotion,Beauty & Personal Care,Mamaearth,1170.61,2,2026-07-28,Delivered
2305,1472,55,Air Fryer,Home & Kitchen,Bajaj,5727.49,1,2025-05-20,Delivered
2306,482,127,Resistance Band Set,Sports & Fitness,Nivia,1993.13,1,2025-07-20,Delivered
2307,1121,96,Sunscreen SPF50,Beauty & Personal Care,Plum,1762.66,1,2026-05-18,Delivered
2308,498,123,Badminton Racket,Sports & Fitness,Decathlon,5962.44,2,2026-07-14,Delivered
2309,544,2,Smartphone,Electronics,Apple,72668.39,1,2024-12-28,Delivered
2310,53,111,Perfume,Beauty & Personal Care,Plum,1297.84,1,2025-10-09,Returned
2311,295,123,Badminton Racket,Sports & Fitness,Decathlon,1645.37,1,2025-12-03,Delivered
2312,1763,67,Wall Clock,Home & Kitchen,Cello,757.96,2,2025-05-20,Shipped
2313,660,42,Casual Sneakers,Fashion,Biba,4131.74,3,2024-12-24,Returned
2314,943,48,Sunglasses,Fashion,Puma,1512.95,1,2025-04-27,Shipped
2315,1274,41,Casual Sneakers,Fashion,Allen Solly,1351.02,1,2026-04-29,Delivered
2316,289,62,Water Bottle Set,Home & Kitchen,Pigeon,8995.63,1,2024-03-22,Delivered
2317,1411,17,Power Bank 10000mAh,Electronics,Samsung,38555.56,1,2026-07-09,Delivered
2318,359,76,Self-Help Book,Books,Bloomsbury,223.47,4,2025-08-12,Delivered
2319,145,39,Formal Shirt,Fashion,Allen Solly,4479.45,1,2025-10-10,Delivered
2320,679,22,Neckband Earphones,Electronics,Samsung,30079.41,1,2026-02-16,Delivered
2321,1837,114,Yoga Mat,Sports & Fitness,Adidas,2399.53,1,2025-11-11,Delivered
2322,143,57,Air Fryer,Home & Kitchen,Pigeon,1834.04,1,2026-07-01,Cancelled
2323,1616,63,Water Bottle Set,Home & Kitchen,Cello,2970.41,1,2025-02-05,Delivered
2324,886,39,Formal Shirt,Fashion,Allen Solly,4592.97,1,2026-07-12,Delivered
2325,448,107,Trimmer,Beauty & Personal Care,Plum,2232.75,1,2024-12-11,Shipped
2326,1956,77,Self-Help Book,Books,Scholastic,756.1,1,2025-05-15,Cancelled
2327,8,93,Face Wash,Beauty & Personal Care,Dove,272.05,1,2024-11-19,Delivered
2328,1259,129,Resistance Band Set,Sports & Fitness,Yonex,5612.81,1,2025-03-04,Delivered
2329,1491,122,Badminton Racket,Sports & Fitness,Yonex,5578.38,1,2026-02-19,Delivered
2330,1839,112,Yoga Mat,Sports & Fitness,Nivia,3417.05,2,2025-11-07,Delivered
2331,877,96,Sunscreen SPF50,Beauty & Personal Care,Plum,1486.56,1,2025-09-15,Shipped
2332,1701,11,LED TV 43-inch,Electronics,boAt,22662.84,1,2026-08-02,Cancelled
2333,1357,104,Lipstick,Beauty & Personal Care,Dove,2224.14,2,2026-06-21,Shipped
2334,1493,115,Cricket Bat,Sports & Fitness,Nivia,2016.41,1,2024-10-01,Delivered
2335,428,56,Air Fryer,Home & Kitchen,Prestige,12755.99,1,2025-01-22,Delivered
2336,993,72,Bedsheet Set,Home & Kitchen,Prestige,10985.95,1,2026-05-27,Delivered
2337,1227,110,Perfume,Beauty & Personal Care,Lakme,229.8,2,2026-04-14,Returned
2338,1667,73,Fiction Novel,Books,Scholastic,636.49,2,2025-09-12,Delivered
2339,1687,112,Yoga Mat,Sports & Fitness,Nivia,2215.87,1,2025-11-09,Delivered
2340,1998,98,Hair Serum,Beauty & Personal Care,Mamaearth,387.36,1,2026-06-19,Delivered
2341,1200,20,Bluetooth Speaker,Electronics,Xiaomi,59718.53,3,2025-12-11,Delivered
2342,591,59,Table Lamp,Home & Kitchen,Havells,3455.34,1,2025-10-30,Delivered
2343,1403,42,Casual Sneakers,Fashion,Biba,945.11,1,2025-06-25,Delivered
2344,1088,78,Self-Help Book,Books,HarperCollins,944.14,1,2025-12-11,Cancelled
2345,1903,88,Business Book,Books,Penguin,456.92,1,2025-10-31,Delivered
2346,1007,129,Resistance Band Set,Sports & Fitness,Yonex,3778.22,3,2024-04-29,Delivered
2347,923,124,Football,Sports & Fitness,Nivia,592.1,1,2025-08-18,Pending
2348,595,13,Laptop,Electronics,Sony,35089.24,1,2024-09-13,Delivered
2349,1430,95,Sunscreen SPF50,Beauty & Personal Care,The Man Company,1090.91,1,2025-12-23,Pending
2350,1228,70,Bedsheet Set,Home & Kitchen,Bajaj,5239.54,2,2025-08-26,Delivered
2351,878,69,Wall Clock,Home & Kitchen,Philips,7482.95,2,2026-02-24,Delivered
2352,1390,1,Smartphone,Electronics,Xiaomi,77182.39,2,2025-08-29,Delivered
2353,413,13,Laptop,Electronics,Sony,75674.43,1,2025-05-24,Returned
2354,855,34,Denim Jeans,Fashion,H&M,333.82,1,2026-04-04,Delivered
2355,653,105,Lipstick,Beauty & Personal Care,Nivea,2384.05,1,2025-12-28,Delivered
2356,1071,83,Children's Story Book,Books,Penguin,394.0,2,2026-05-11,Returned
2357,722,45,Handbag,Fashion,Allen Solly,1496.4,1,2026-05-31,Delivered
2358,108,87,Biography,Books,Bloomsbury,567.92,2,2026-01-06,Cancelled
2359,1753,15,Laptop,Electronics,boAt,32680.27,1,2025-12-12,Delivered
2360,666,66,Induction Cooktop,Home & Kitchen,Cello,11234.08,1,2024-12-04,Delivered
2361,1206,76,Self-Help Book,Books,Bloomsbury,103.44,2,2025-10-15,Cancelled
2362,413,110,Perfume,Beauty & Personal Care,Lakme,188.92,2,2025-08-21,Cancelled
2363,1681,17,Power Bank 10000mAh,Electronics,Samsung,41174.07,3,2026-05-18,Delivered
2364,94,77,Self-Help Book,Books,Scholastic,827.9,1,2026-03-24,Shipped
2365,1050,45,Handbag,Fashion,Allen Solly,511.54,1,2026-07-04,Delivered
2366,1108,58,Table Lamp,Home & Kitchen,Prestige,636.56,1,2025-10-15,Returned
2367,1530,4,Bluetooth Earbuds,Electronics,Xiaomi,52881.26,1,2024-11-03,Delivered
2368,1244,125,Football,Sports & Fitness,Cosco,6101.44,3,2025-07-13,Returned
2369,1798,70,Bedsheet Set,Home & Kitchen,Bajaj,4541.1,1,2025-07-22,Delivered
2370,430,70,Bedsheet Set,Home & Kitchen,Bajaj,6963.49,1,2025-04-16,Shipped
2371,951,97,Hair Serum,Beauty & Personal Care,Lakme,1915.71,1,2025-01-12,Pending
2372,1995,83,Children's Story Book,Books,Penguin,547.44,1,2026-06-23,Delivered
2373,515,87,Biography,Books,Bloomsbury,625.03,1,2025-11-25,Delivered
2374,288,111,Perfume,Beauty & Personal Care,Plum,151.56,2,2025-11-13,Delivered
2375,302,12,LED TV 43-inch,Electronics,JBL,72286.63,4,2025-11-09,Delivered
2376,1087,36,Denim Jeans,Fashion,Puma,1859.98,1,2026-02-25,Cancelled
2377,36,80,Competitive Exam Guide,Books,HarperCollins,237.21,1,2025-07-08,Delivered
2378,902,121,Badminton Racket,Sports & Fitness,Cosco,2141.78,1,2025-11-17,Delivered
2379,749,30,Women's Kurta,Fashion,Biba,3383.64,1,2026-05-19,Returned
2380,1512,41,Casual Sneakers,Fashion,Allen Solly,1245.89,1,2025-01-20,Delivered
2381,265,82,Children's Story Book,Books,Rupa Publications,807.04,1,2026-02-27,Delivered
2382,1054,28,Women's Kurta,Fashion,Levis,2980.59,1,2026-06-27,Delivered
2383,451,110,Perfume,Beauty & Personal Care,Lakme,222.15,1,2025-02-17,Delivered
2384,772,72,Bedsheet Set,Home & Kitchen,Prestige,2362.27,1,2025-12-19,Delivered
2385,1901,26,Men's T-Shirt,Fashion,Nike,4290.74,1,2025-08-12,Delivered
2386,787,55,Air Fryer,Home & Kitchen,Bajaj,8628.34,1,2025-05-19,Delivered
2387,761,24,Neckband Earphones,Electronics,Realme,42610.52,1,2024-09-23,Delivered
2388,301,93,Face Wash,Beauty & Personal Care,Dove,2080.0,1,2026-03-26,Delivered
2389,1124,6,Bluetooth Earbuds,Electronics,Sony,84072.93,3,2025-10-03,Delivered
2390,943,57,Air Fryer,Home & Kitchen,Pigeon,8584.48,1,2025-12-24,Delivered
2391,1938,39,Formal Shirt,Fashion,Allen Solly,4453.35,1,2025-09-24,Delivered
2392,1174,110,Perfume,Beauty & Personal Care,Lakme,892.44,1,2025-11-15,Cancelled
2393,1111,115,Cricket Bat,Sports & Fitness,Nivia,577.28,3,2025-10-25,Delivered
2394,955,83,Children's Story Book,Books,Penguin,731.94,1,2026-06-25,Cancelled
2395,862,81,Competitive Exam Guide,Books,Penguin,281.27,1,2025-07-28,Pending
2396,1800,11,LED TV 43-inch,Electronics,boAt,75993.97,2,2026-03-13,Delivered
2397,136,17,Power Bank 10000mAh,Electronics,Samsung,29379.18,1,2025-04-08,Delivered
2398,620,100,Body Lotion,Beauty & Personal Care,The Man Company,542.97,2,2025-04-22,Delivered
2399,540,114,Yoga Mat,Sports & Fitness,Adidas,2993.97,1,2025-09-04,Returned
2400,1966,103,Lipstick,Beauty & Personal Care,The Man Company,335.29,1,2025-04-04,Delivered
2401,223,8,Smartwatch,Electronics,OnePlus,57176.51,1,2024-10-19,Delivered
2402,1800,26,Men's T-Shirt,Fashion,Nike,1026.03,1,2026-02-09,Cancelled
2403,1072,26,Men's T-Shirt,Fashion,Nike,2699.49,1,2025-11-04,Cancelled
2404,1329,2,Smartphone,Electronics,Apple,82453.43,1,2026-02-21,Delivered
2405,1978,31,Running Shoes,Fashion,Biba,520.25,1,2025-10-05,Delivered
2406,1597,37,Formal Shirt,Fashion,Van Heusen,2120.82,1,2024-09-07,Delivered
2407,563,112,Yoga Mat,Sports & Fitness,Nivia,4696.2,1,2026-04-08,Delivered
2408,95,81,Competitive Exam Guide,Books,Penguin,138.81,1,2024-12-26,Delivered
2409,1258,58,Table Lamp,Home & Kitchen,Prestige,12954.93,1,2025-05-27,Delivered
2410,914,114,Yoga Mat,Sports & Fitness,Adidas,1804.65,1,2024-11-26,Delivered
2411,1650,56,Air Fryer,Home & Kitchen,Prestige,1525.91,1,2026-04-09,Delivered
2412,1396,82,Children's Story Book,Books,Rupa Publications,494.98,3,2026-03-02,Delivered
2413,1319,123,Badminton Racket,Sports & Fitness,Decathlon,4400.5,1,2024-06-21,Delivered
2414,1058,72,Bedsheet Set,Home & Kitchen,Prestige,3607.45,1,2025-01-26,Pending
2415,1101,20,Bluetooth Speaker,Electronics,Xiaomi,28572.61,1,2024-11-21,Delivered
2416,106,27,Men's T-Shirt,Fashion,Puma,3835.95,3,2025-12-13,Pending
2417,1625,13,Laptop,Electronics,Sony,18500.93,1,2025-03-13,Delivered
2418,665,20,Bluetooth Speaker,Electronics,Xiaomi,67132.99,1,2026-02-12,Delivered
2419,1788,115,Cricket Bat,Sports & Fitness,Nivia,3855.54,2,2025-06-25,Delivered
2420,1309,69,Wall Clock,Home & Kitchen,Philips,4802.8,1,2026-06-08,Delivered
2421,2000,76,Self-Help Book,Books,Bloomsbury,121.27,2,2025-07-11,Delivered
2422,1582,110,Perfume,Beauty & Personal Care,Lakme,2390.38,2,2025-06-04,Delivered
2423,447,82,Children's Story Book,Books,Rupa Publications,530.79,2,2026-05-02,Delivered
2424,427,91,Face Wash,Beauty & Personal Care,The Man Company,1517.39,1,2026-03-16,Delivered
2425,1879,38,Formal Shirt,Fashion,Levis,3412.97,1,2024-09-24,Delivered
2426,1970,54,Non-Stick Pan Set,Home & Kitchen,Philips,9310.05,1,2025-09-10,Cancelled
2427,679,78,Self-Help Book,Books,HarperCollins,677.28,4,2025-09-10,Delivered
2428,359,97,Hair Serum,Beauty & Personal Care,Lakme,2157.16,2,2025-02-20,Delivered
2429,711,66,Induction Cooktop,Home & Kitchen,Cello,7102.69,1,2025-10-25,Cancelled
2430,50,54,Non-Stick Pan Set,Home & Kitchen,Philips,4072.61,2,2026-05-11,Cancelled
2431,1453,46,Sunglasses,Fashion,H&M,3716.63,1,2025-01-07,Delivered
2432,731,22,Neckband Earphones,Electronics,Samsung,83003.77,1,2025-08-31,Delivered
2433,1892,30,Women's Kurta,Fashion,Biba,2295.07,1,2026-04-25,Delivered
2434,1943,20,Bluetooth Speaker,Electronics,Xiaomi,46613.93,1,2025-05-30,Delivered
2435,148,74,Fiction Novel,Books,HarperCollins,901.12,1,2025-11-05,Cancelled
2436,615,123,Badminton Racket,Sports & Fitness,Decathlon,2827.91,3,2026-02-26,Delivered
2437,523,53,Non-Stick Pan Set,Home & Kitchen,Pigeon,9097.43,2,2026-02-15,Delivered
2438,1508,33,Running Shoes,Fashion,Roadster,2818.27,1,2026-07-21,Delivered
2439,495,8,Smartwatch,Electronics,OnePlus,73221.17,1,2026-06-05,Returned
2440,713,8,Smartwatch,Electronics,OnePlus,52101.31,1,2026-06-03,Delivered
2441,1678,49,Mixer Grinder,Home & Kitchen,Havells,5548.11,1,2024-10-27,Delivered
2442,1529,106,Trimmer,Beauty & Personal Care,Mamaearth,1172.44,1,2025-06-06,Delivered
2443,642,62,Water Bottle Set,Home & Kitchen,Pigeon,3792.03,2,2026-01-06,Shipped
2444,276,33,Running Shoes,Fashion,Roadster,927.11,1,2026-02-02,Delivered
2445,1257,11,LED TV 43-inch,Electronics,boAt,7254.45,4,2025-09-30,Delivered
2446,1991,57,Air Fryer,Home & Kitchen,Pigeon,11610.57,1,2025-06-04,Delivered
2447,34,116,Cricket Bat,Sports & Fitness,Adidas,4376.02,1,2024-06-21,Delivered
2448,566,31,Running Shoes,Fashion,Biba,1588.43,1,2026-02-13,Delivered
2449,503,90,Business Book,Books,Rupa Publications,155.4,1,2026-01-23,Delivered
2450,739,36,Denim Jeans,Fashion,Puma,4381.2,1,2025-12-30,Delivered
2451,1126,126,Football,Sports & Fitness,Yonex,5309.93,1,2025-05-03,Delivered
2452,1198,98,Hair Serum,Beauty & Personal Care,Mamaearth,2249.03,1,2026-08-11,Delivered
2453,1553,125,Football,Sports & Fitness,Cosco,4859.1,1,2025-07-16,Returned
2454,1663,12,LED TV 43-inch,Electronics,JBL,3147.26,3,2026-06-28,Shipped
2455,1883,83,Children's Story Book,Books,Penguin,101.23,1,2026-02-13,Cancelled
2456,704,54,Non-Stick Pan Set,Home & Kitchen,Philips,10853.73,2,2024-04-27,Delivered
2457,591,66,Induction Cooktop,Home & Kitchen,Cello,11405.31,1,2026-04-23,Delivered
2458,1093,59,Table Lamp,Home & Kitchen,Havells,7550.45,1,2026-04-12,Delivered
2459,1960,65,Induction Cooktop,Home & Kitchen,Prestige,12044.68,1,2024-12-17,Delivered
2460,1425,124,Football,Sports & Fitness,Nivia,2187.39,2,2024-06-04,Delivered
2461,191,118,Dumbbell Set 10kg,Sports & Fitness,Decathlon,3775.69,1,2024-10-20,Cancelled
2462,438,3,Smartphone,Electronics,boAt,26623.58,1,2024-07-17,Delivered
2463,903,109,Perfume,Beauty & Personal Care,The Man Company,371.68,1,2025-08-26,Delivered
2464,1648,14,Laptop,Electronics,Xiaomi,6130.89,2,2025-04-25,Delivered
2465,1977,53,Non-Stick Pan Set,Home & Kitchen,Pigeon,7673.29,1,2026-04-28,Shipped
2466,513,106,Trimmer,Beauty & Personal Care,Mamaearth,550.45,1,2025-02-01,Cancelled
2467,996,20,Bluetooth Speaker,Electronics,Xiaomi,49751.3,1,2026-02-04,Delivered
2468,831,109,Perfume,Beauty & Personal Care,The Man Company,856.8,1,2026-08-17,Delivered
2469,109,1,Smartphone,Electronics,Xiaomi,13535.68,1,2025-12-25,Delivered
2470,406,19,Bluetooth Speaker,Electronics,boAt,34007.07,1,2024-12-28,Delivered
2471,402,14,Laptop,Electronics,Xiaomi,17273.01,1,2024-07-14,Shipped
2472,885,86,Biography,Books,HarperCollins,917.96,1,2026-03-19,Delivered
2473,1702,25,Men's T-Shirt,Fashion,Allen Solly,749.44,2,2026-06-17,Delivered
2474,838,81,Competitive Exam Guide,Books,Penguin,166.85,1,2025-11-17,Delivered
2475,291,103,Lipstick,Beauty & Personal Care,The Man Company,1146.37,1,2024-01-03,Cancelled
2476,1064,35,Denim Jeans,Fashion,Van Heusen,4307.54,1,2024-08-29,Delivered
2477,655,34,Denim Jeans,Fashion,H&M,1164.69,1,2026-08-17,Delivered
2478,287,25,Men's T-Shirt,Fashion,Allen Solly,4815.14,2,2025-11-11,Delivered
2479,1742,54,Non-Stick Pan Set,Home & Kitchen,Philips,3513.33,1,2025-09-04,Delivered
2480,207,45,Handbag,Fashion,Allen Solly,2008.0,1,2026-06-11,Shipped
2481,240,41,Casual Sneakers,Fashion,Allen Solly,1442.31,1,2026-02-03,Delivered
2482,1762,86,Biography,Books,HarperCollins,212.62,1,2026-07-23,Delivered
2483,612,77,Self-Help Book,Books,Scholastic,647.47,1,2026-01-21,Delivered
2484,541,111,Perfume,Beauty & Personal Care,Plum,1158.09,1,2025-09-26,Delivered
2485,1495,92,Face Wash,Beauty & Personal Care,Plum,730.67,2,2026-02-11,Delivered
2486,970,63,Water Bottle Set,Home & Kitchen,Cello,3777.28,1,2025-10-23,Delivered
2487,739,60,Table Lamp,Home & Kitchen,Pigeon,4790.7,2,2026-01-05,Delivered
2488,1410,104,Lipstick,Beauty & Personal Care,Dove,1020.68,1,2025-07-30,Cancelled
2489,548,100,Body Lotion,Beauty & Personal Care,The Man Company,2406.04,1,2025-07-22,Delivered
2490,1310,107,Trimmer,Beauty & Personal Care,Plum,1127.75,1,2025-08-08,Delivered
2491,757,95,Sunscreen SPF50,Beauty & Personal Care,The Man Company,523.25,2,2026-06-22,Delivered
2492,1944,101,Body Lotion,Beauty & Personal Care,Lakme,1169.61,1,2025-01-23,Delivered
2493,427,105,Lipstick,Beauty & Personal Care,Nivea,448.11,1,2025-09-11,Delivered
2494,1130,64,Induction Cooktop,Home & Kitchen,Milton,2213.72,1,2026-03-28,Shipped
2495,1547,127,Resistance Band Set,Sports & Fitness,Nivia,6480.7,1,2026-07-05,Delivered
2496,973,118,Dumbbell Set 10kg,Sports & Fitness,Decathlon,6070.2,1,2024-05-31,Delivered
2497,403,58,Table Lamp,Home & Kitchen,Prestige,4379.77,1,2026-07-28,Delivered
2498,842,110,Perfume,Beauty & Personal Care,Lakme,727.92,1,2026-08-17,Delivered
2499,208,38,Formal Shirt,Fashion,Levis,1690.36,1,2025-09-12,Delivered
2500,1262,20,Bluetooth Speaker,Electronics,Xiaomi,37842.03,1,2026-04-13,Delivered
2501,1939,26,Men's T-Shirt,Fashion,Nike,2149.16,2,2025-07-31,Delivered
2502,1423,8,Smartwatch,Electronics,OnePlus,22639.01,1,2025-07-03,Delivered
2503,268,43,Handbag,Fashion,Biba,3941.57,2,2025-11-16,Shipped
2504,561,124,Football,Sports & Fitness,Nivia,6719.7,3,2026-07-19,Delivered
2505,1836,71,Bedsheet Set,Home & Kitchen,Pigeon,7565.47,1,2024-08-28,Pending
2506,585,77,Self-Help Book,Books,Scholastic,803.7,1,2025-12-03,Delivered
2507,1316,37,Formal Shirt,Fashion,Van Heusen,3817.73,4,2025-01-30,Delivered
2508,796,76,Self-Help Book,Books,Bloomsbury,409.03,1,2026-03-01,Shipped
2509,392,36,Denim Jeans,Fashion,Puma,3814.84,1,2025-11-11,Cancelled
2510,1292,3,Smartphone,Electronics,boAt,19997.65,2,2026-04-04,Delivered
2511,1734,29,Women's Kurta,Fashion,Allen Solly,1152.15,1,2026-02-13,Shipped
2512,1472,118,Dumbbell Set 10kg,Sports & Fitness,Decathlon,800.33,1,2025-02-13,Pending
2513,53,58,Table Lamp,Home & Kitchen,Prestige,3034.25,1,2025-05-26,Delivered
2514,215,28,Women's Kurta,Fashion,Levis,1097.1,2,2026-05-19,Delivered
2515,233,64,Induction Cooktop,Home & Kitchen,Milton,7487.0,1,2025-05-18,Delivered
2516,1560,58,Table Lamp,Home & Kitchen,Prestige,3202.2,4,2026-06-16,Delivered
2517,1880,124,Football,Sports & Fitness,Nivia,4665.18,1,2026-01-23,Delivered
2518,1093,73,Fiction Novel,Books,Scholastic,140.03,1,2026-02-02,Cancelled
2519,544,16,Power Bank 10000mAh,Electronics,OnePlus,85986.2,2,2024-06-12,Delivered
2520,444,24,Neckband Earphones,Electronics,Realme,10051.67,1,2026-01-05,Delivered
2521,1341,22,Neckband Earphones,Electronics,Samsung,69630.99,1,2025-12-15,Delivered
2522,1842,10,LED TV 43-inch,Electronics,Apple,14225.57,1,2026-04-20,Returned
2523,1748,104,Lipstick,Beauty & Personal Care,Dove,2301.55,4,2026-03-20,Delivered
2524,149,11,LED TV 43-inch,Electronics,boAt,22782.14,1,2026-03-20,Shipped
2525,1577,129,Resistance Band Set,Sports & Fitness,Yonex,6287.17,3,2024-11-11,Delivered
2526,535,16,Power Bank 10000mAh,Electronics,OnePlus,19489.06,1,2026-03-28,Delivered
2527,1425,25,Men's T-Shirt,Fashion,Allen Solly,2581.62,3,2025-07-15,Delivered
2528,421,98,Hair Serum,Beauty & Personal Care,Mamaearth,287.09,1,2026-04-19,Delivered
2529,1752,23,Neckband Earphones,Electronics,JBL,71330.84,1,2025-12-10,Returned
2530,1603,80,Competitive Exam Guide,Books,HarperCollins,932.6,2,2025-12-12,Pending
2531,622,2,Smartphone,Electronics,Apple,15211.22,3,2026-04-09,Delivered
2532,1342,31,Running Shoes,Fashion,Biba,921.84,1,2024-07-09,Returned
2533,613,125,Football,Sports & Fitness,Cosco,6549.43,1,2025-07-16,Shipped
2534,437,122,Badminton Racket,Sports & Fitness,Yonex,5973.11,1,2026-06-04,Delivered
2535,1762,19,Bluetooth Speaker,Electronics,boAt,22103.72,2,2026-08-02,Delivered
2536,1881,78,Self-Help Book,Books,HarperCollins,652.2,1,2025-10-31,Pending
2537,251,74,Fiction Novel,Books,HarperCollins,251.39,1,2026-01-26,Delivered
2538,582,20,Bluetooth Speaker,Electronics,Xiaomi,64129.8,1,2026-03-21,Delivered
2539,679,111,Perfume,Beauty & Personal Care,Plum,2418.66,1,2024-04-02,Delivered
2540,1123,89,Business Book,Books,Bloomsbury,402.42,4,2025-01-06,Delivered
2541,1344,20,Bluetooth Speaker,Electronics,Xiaomi,978.88,1,2026-01-29,Delivered
2542,1476,120,Dumbbell Set 10kg,Sports & Fitness,Yonex,4168.5,1,2026-02-10,Delivered
2543,1067,92,Face Wash,Beauty & Personal Care,Plum,1149.91,1,2026-08-14,Delivered
2544,1945,15,Laptop,Electronics,boAt,3530.8,1,2025-10-06,Pending
2545,1436,111,Perfume,Beauty & Personal Care,Plum,1209.83,3,2025-12-27,Shipped
2546,427,76,Self-Help Book,Books,Bloomsbury,896.86,2,2025-04-18,Delivered
2547,1307,117,Cricket Bat,Sports & Fitness,Decathlon,1260.22,1,2025-12-24,Delivered
2548,741,67,Wall Clock,Home & Kitchen,Cello,5129.47,1,2026-05-24,Delivered
2549,88,71,Bedsheet Set,Home & Kitchen,Pigeon,1667.2,1,2024-06-03,Pending
2550,775,108,Trimmer,Beauty & Personal Care,Lakme,2172.69,1,2025-08-07,Cancelled
2551,1049,27,Men's T-Shirt,Fashion,Puma,4420.66,1,2026-04-02,Delivered
2552,1665,16,Power Bank 10000mAh,Electronics,OnePlus,60769.57,4,2025-05-26,Cancelled
2553,206,37,Formal Shirt,Fashion,Van Heusen,335.23,1,2026-03-09,Delivered
2554,1475,90,Business Book,Books,Rupa Publications,882.16,1,2024-07-19,Delivered
2555,293,47,Sunglasses,Fashion,Biba,1121.45,1,2025-09-05,Delivered
2556,569,40,Casual Sneakers,Fashion,Levis,2771.24,1,2025-07-10,Delivered
2557,1220,70,Bedsheet Set,Home & Kitchen,Bajaj,1425.44,2,2025-08-31,Delivered
2558,927,30,Women's Kurta,Fashion,Biba,1371.41,3,2025-10-11,Delivered
2559,237,89,Business Book,Books,Bloomsbury,699.31,2,2026-05-01,Shipped
2560,644,114,Yoga Mat,Sports & Fitness,Adidas,6506.99,1,2025-02-05,Delivered
2561,1213,2,Smartphone,Electronics,Apple,71404.87,1,2024-08-17,Delivered
2562,1435,93,Face Wash,Beauty & Personal Care,Dove,2396.78,1,2026-05-01,Delivered
2563,1555,62,Water Bottle Set,Home & Kitchen,Pigeon,621.44,3,2025-07-05,Delivered
2564,150,27,Men's T-Shirt,Fashion,Puma,3222.68,3,2026-02-13,Delivered
2565,675,86,Biography,Books,HarperCollins,883.43,1,2025-07-27,Delivered
2566,1559,68,Wall Clock,Home & Kitchen,Havells,3919.87,1,2026-04-09,Cancelled
2567,590,33,Running Shoes,Fashion,Roadster,2886.83,1,2025-12-28,Delivered
2568,1381,58,Table Lamp,Home & Kitchen,Prestige,536.8,1,2025-09-08,Delivered
2569,1870,7,Smartwatch,Electronics,Samsung,60892.02,1,2025-09-10,Delivered
2570,1584,38,Formal Shirt,Fashion,Levis,756.53,2,2024-07-25,Delivered
2571,1854,65,Induction Cooktop,Home & Kitchen,Prestige,12121.33,3,2025-12-20,Cancelled
2572,825,4,Bluetooth Earbuds,Electronics,Xiaomi,29248.14,1,2025-10-05,Delivered
2573,706,96,Sunscreen SPF50,Beauty & Personal Care,Plum,1541.04,1,2026-04-15,Delivered
2574,1116,48,Sunglasses,Fashion,Puma,3005.79,2,2026-01-13,Cancelled
2575,1235,13,Laptop,Electronics,Sony,62299.76,1,2026-05-29,Delivered
2576,1245,110,Perfume,Beauty & Personal Care,Lakme,183.72,1,2026-02-06,Delivered
2577,680,62,Water Bottle Set,Home & Kitchen,Pigeon,3226.48,2,2025-06-02,Delivered
2578,1831,82,Children's Story Book,Books,Rupa Publications,228.51,1,2026-04-11,Shipped
2579,857,18,Power Bank 10000mAh,Electronics,Sony,27455.61,3,2025-11-17,Delivered
2580,733,72,Bedsheet Set,Home & Kitchen,Prestige,2728.25,2,2025-11-06,Delivered
2581,330,102,Body Lotion,Beauty & Personal Care,Mamaearth,844.04,1,2025-11-02,Delivered
2582,1022,47,Sunglasses,Fashion,Biba,1817.61,2,2026-03-10,Delivered
2583,578,62,Water Bottle Set,Home & Kitchen,Pigeon,9734.32,3,2025-11-24,Delivered
2584,618,9,Smartwatch,Electronics,boAt,25231.47,1,2025-08-09,Delivered
2585,227,88,Business Book,Books,Penguin,320.94,2,2025-12-21,Delivered
2586,671,81,Competitive Exam Guide,Books,Penguin,511.68,2,2025-08-24,Delivered
2587,59,128,Resistance Band Set,Sports & Fitness,Decathlon,4028.08,1,2025-05-04,Delivered
2588,337,62,Water Bottle Set,Home & Kitchen,Pigeon,12957.55,1,2026-06-10,Delivered
2589,1271,75,Fiction Novel,Books,Bloomsbury,421.95,3,2026-02-02,Cancelled
2590,660,36,Denim Jeans,Fashion,Puma,2768.2,1,2025-11-02,Delivered
2591,1868,112,Yoga Mat,Sports & Fitness,Nivia,2866.71,3,2026-02-21,Delivered
2592,1229,26,Men's T-Shirt,Fashion,Nike,2580.25,3,2025-11-07,Delivered
2593,1699,78,Self-Help Book,Books,HarperCollins,177.31,1,2024-08-16,Shipped
2594,363,92,Face Wash,Beauty & Personal Care,Plum,1757.57,1,2026-04-08,Returned
2595,784,2,Smartphone,Electronics,Apple,36141.39,4,2025-12-25,Cancelled
2596,1540,32,Running Shoes,Fashion,H&M,4242.31,1,2025-01-08,Delivered
2597,619,92,Face Wash,Beauty & Personal Care,Plum,166.84,1,2025-08-22,Delivered
2598,1376,28,Women's Kurta,Fashion,Levis,3008.33,1,2025-09-27,Delivered
2599,1268,125,Football,Sports & Fitness,Cosco,775.32,1,2025-11-08,Delivered
2600,45,88,Business Book,Books,Penguin,486.26,1,2024-10-23,Delivered
2601,698,72,Bedsheet Set,Home & Kitchen,Prestige,9174.18,1,2025-04-28,Delivered
2602,725,80,Competitive Exam Guide,Books,HarperCollins,101.21,1,2026-06-04,Pending
2603,1663,1,Smartphone,Electronics,Xiaomi,26279.4,2,2026-06-16,Delivered
2604,445,60,Table Lamp,Home & Kitchen,Pigeon,1305.26,1,2024-08-24,Delivered
2605,954,20,Bluetooth Speaker,Electronics,Xiaomi,26208.85,1,2026-04-16,Delivered
2606,590,114,Yoga Mat,Sports & Fitness,Adidas,286.37,2,2026-02-26,Delivered
2607,1936,51,Mixer Grinder,Home & Kitchen,Philips,8889.41,1,2026-01-12,Delivered
2608,165,128,Resistance Band Set,Sports & Fitness,Decathlon,3108.78,1,2025-11-21,Delivered
2609,120,121,Badminton Racket,Sports & Fitness,Cosco,4606.1,2,2025-08-31,Delivered
2610,55,41,Casual Sneakers,Fashion,Allen Solly,2901.74,2,2026-01-27,Delivered
2611,977,105,Lipstick,Beauty & Personal Care,Nivea,1705.13,2,2025-09-02,Delivered
2612,320,18,Power Bank 10000mAh,Electronics,Sony,61024.38,1,2024-08-18,Delivered
2613,1393,7,Smartwatch,Electronics,Samsung,35264.28,2,2026-04-24,Delivered
2614,419,35,Denim Jeans,Fashion,Van Heusen,1009.49,1,2025-03-24,Delivered
2615,729,19,Bluetooth Speaker,Electronics,boAt,78314.22,1,2025-09-28,Delivered
2616,1476,95,Sunscreen SPF50,Beauty & Personal Care,The Man Company,1122.1,3,2025-02-05,Delivered
2617,586,80,Competitive Exam Guide,Books,HarperCollins,272.31,1,2026-03-03,Shipped
2618,502,63,Water Bottle Set,Home & Kitchen,Cello,7513.92,1,2026-07-29,Returned
2619,305,19,Bluetooth Speaker,Electronics,boAt,19279.37,1,2026-03-19,Delivered
2620,1350,98,Hair Serum,Beauty & Personal Care,Mamaearth,1041.98,1,2025-10-24,Pending
2621,1547,67,Wall Clock,Home & Kitchen,Cello,1565.84,1,2026-05-28,Delivered
2622,1399,88,Business Book,Books,Penguin,612.11,3,2025-07-29,Delivered
2623,431,36,Denim Jeans,Fashion,Puma,492.85,1,2026-04-18,Delivered
2624,1784,91,Face Wash,Beauty & Personal Care,The Man Company,533.62,1,2026-08-17,Delivered
2625,883,57,Air Fryer,Home & Kitchen,Pigeon,11360.68,1,2025-06-21,Cancelled
2626,1000,81,Competitive Exam Guide,Books,Penguin,947.76,1,2026-03-24,Cancelled
2627,510,94,Sunscreen SPF50,Beauty & Personal Care,Mamaearth,1729.71,1,2025-07-23,Delivered
2628,1257,106,Trimmer,Beauty & Personal Care,Mamaearth,760.42,1,2025-07-09,Delivered
2629,873,74,Fiction Novel,Books,HarperCollins,736.34,2,2025-11-11,Delivered
2630,834,81,Competitive Exam Guide,Books,Penguin,104.23,1,2025-10-24,Delivered
2631,1163,86,Biography,Books,HarperCollins,871.87,1,2025-10-03,Delivered
2632,1775,33,Running Shoes,Fashion,Roadster,3827.26,2,2025-06-03,Delivered
2633,368,60,Table Lamp,Home & Kitchen,Pigeon,9680.11,2,2025-10-05,Delivered
2634,1197,66,Induction Cooktop,Home & Kitchen,Cello,8980.39,1,2026-01-24,Delivered
2635,269,78,Self-Help Book,Books,HarperCollins,492.38,2,2025-09-21,Delivered
2636,9,51,Mixer Grinder,Home & Kitchen,Philips,3981.02,1,2025-09-25,Delivered
2637,1756,2,Smartphone,Electronics,Apple,26388.2,1,2026-02-01,Delivered
2638,1162,36,Denim Jeans,Fashion,Puma,2054.83,2,2025-07-05,Delivered
2639,1343,53,Non-Stick Pan Set,Home & Kitchen,Pigeon,3183.77,1,2024-10-04,Delivered
2640,600,37,Formal Shirt,Fashion,Van Heusen,3937.6,1,2025-06-26,Delivered
2641,1804,70,Bedsheet Set,Home & Kitchen,Bajaj,4286.37,2,2026-06-05,Delivered
2642,820,114,Yoga Mat,Sports & Fitness,Adidas,278.9,1,2026-01-17,Delivered
2643,1375,110,Perfume,Beauty & Personal Care,Lakme,620.08,1,2025-10-18,Pending
2644,1809,39,Formal Shirt,Fashion,Allen Solly,426.21,3,2026-02-02,Delivered
2645,1819,75,Fiction Novel,Books,Bloomsbury,552.04,1,2026-07-04,Delivered
2646,519,53,Non-Stick Pan Set,Home & Kitchen,Pigeon,2857.56,2,2026-01-21,Delivered
2647,925,98,Hair Serum,Beauty & Personal Care,Mamaearth,202.91,2,2025-11-24,Delivered
2648,1416,104,Lipstick,Beauty & Personal Care,Dove,1321.1,2,2025-08-28,Delivered
2649,424,86,Biography,Books,HarperCollins,675.1,1,2025-05-01,Shipped
2650,1825,35,Denim Jeans,Fashion,Van Heusen,411.93,4,2025-06-13,Shipped
2651,574,14,Laptop,Electronics,Xiaomi,10943.24,1,2025-09-16,Delivered
2652,757,56,Air Fryer,Home & Kitchen,Prestige,5020.06,2,2026-06-12,Shipped
2653,1792,85,Biography,Books,Scholastic,361.6,1,2024-02-23,Delivered
2654,1843,16,Power Bank 10000mAh,Electronics,OnePlus,49046.69,1,2025-08-22,Shipped
2655,1503,10,LED TV 43-inch,Electronics,Apple,26296.04,1,2026-06-29,Delivered
2656,126,17,Power Bank 10000mAh,Electronics,Samsung,31891.53,1,2025-01-24,Delivered
2657,156,85,Biography,Books,Scholastic,270.84,1,2025-12-01,Delivered
2658,1055,123,Badminton Racket,Sports & Fitness,Decathlon,2309.0,1,2025-11-05,Delivered
2659,404,4,Bluetooth Earbuds,Electronics,Xiaomi,9996.35,1,2025-07-17,Shipped
2660,782,29,Women's Kurta,Fashion,Allen Solly,2588.17,2,2025-02-03,Delivered
2661,74,10,LED TV 43-inch,Electronics,Apple,14604.28,1,2025-10-15,Shipped
2662,211,53,Non-Stick Pan Set,Home & Kitchen,Pigeon,6416.59,1,2025-05-20,Delivered
2663,750,109,Perfume,Beauty & Personal Care,The Man Company,2454.24,1,2026-02-10,Delivered
2664,175,121,Badminton Racket,Sports & Fitness,Cosco,5819.89,1,2025-09-17,Delivered
2665,1508,52,Non-Stick Pan Set,Home & Kitchen,Bajaj,8714.94,1,2025-12-17,Delivered
2666,1782,8,Smartwatch,Electronics,OnePlus,30488.28,4,2026-03-24,Delivered
2667,389,18,Power Bank 10000mAh,Electronics,Sony,53254.17,1,2025-01-08,Delivered
2668,308,64,Induction Cooktop,Home & Kitchen,Milton,4899.51,1,2025-09-01,Delivered
2669,1344,42,Casual Sneakers,Fashion,Biba,1625.76,1,2026-02-13,Delivered
2670,194,124,Football,Sports & Fitness,Nivia,2478.03,1,2025-07-08,Delivered
2671,1105,109,Perfume,Beauty & Personal Care,The Man Company,1154.23,1,2026-02-13,Returned
2672,9,52,Non-Stick Pan Set,Home & Kitchen,Bajaj,331.37,2,2026-02-14,Delivered
2673,323,119,Dumbbell Set 10kg,Sports & Fitness,Adidas,1414.63,2,2026-04-05,Delivered
2674,1148,57,Air Fryer,Home & Kitchen,Pigeon,3500.84,1,2026-02-12,Delivered
2675,1513,82,Children's Story Book,Books,Rupa Publications,212.2,1,2026-07-20,Shipped
2676,874,2,Smartphone,Electronics,Apple,72497.23,1,2025-05-19,Delivered
2677,1875,121,Badminton Racket,Sports & Fitness,Cosco,1049.42,2,2026-08-17,Delivered
2678,936,58,Table Lamp,Home & Kitchen,Prestige,7332.52,2,2026-01-17,Delivered
2679,991,121,Badminton Racket,Sports & Fitness,Cosco,3298.99,2,2026-02-02,Delivered
2680,248,129,Resistance Band Set,Sports & Fitness,Yonex,2187.93,1,2026-03-22,Delivered
2681,985,100,Body Lotion,Beauty & Personal Care,The Man Company,615.29,2,2026-05-15,Delivered
2682,907,38,Formal Shirt,Fashion,Levis,642.96,2,2026-04-09,Delivered
2683,571,75,Fiction Novel,Books,Bloomsbury,538.97,3,2025-11-12,Shipped
2684,715,115,Cricket Bat,Sports & Fitness,Nivia,6900.1,1,2026-01-30,Delivered
2685,1901,110,Perfume,Beauty & Personal Care,Lakme,2345.49,1,2026-01-27,Delivered
2686,973,94,Sunscreen SPF50,Beauty & Personal Care,Mamaearth,1816.98,1,2024-07-14,Delivered
2687,825,105,Lipstick,Beauty & Personal Care,Nivea,844.59,1,2026-01-19,Delivered
2688,774,61,Water Bottle Set,Home & Kitchen,Philips,2732.33,2,2025-08-17,Delivered
2689,1260,39,Formal Shirt,Fashion,Allen Solly,1057.94,2,2025-12-17,Delivered
2690,284,94,Sunscreen SPF50,Beauty & Personal Care,Mamaearth,610.25,1,2026-07-18,Delivered
2691,1423,23,Neckband Earphones,Electronics,JBL,52486.42,2,2024-10-21,Delivered
2692,1278,118,Dumbbell Set 10kg,Sports & Fitness,Decathlon,343.51,1,2025-12-11,Delivered
2693,499,30,Women's Kurta,Fashion,Biba,1871.5,2,2025-06-02,Delivered
2694,170,85,Biography,Books,Scholastic,132.43,2,2026-04-10,Delivered
2695,813,39,Formal Shirt,Fashion,Allen Solly,2268.58,1,2025-12-14,Delivered
2696,822,54,Non-Stick Pan Set,Home & Kitchen,Philips,8784.16,2,2025-04-04,Returned
2697,1225,53,Non-Stick Pan Set,Home & Kitchen,Pigeon,3062.38,1,2025-06-29,Delivered
2698,424,23,Neckband Earphones,Electronics,JBL,54329.97,1,2025-04-12,Delivered
2699,967,65,Induction Cooktop,Home & Kitchen,Prestige,5150.15,4,2025-09-17,Delivered
2700,1893,100,Body Lotion,Beauty & Personal Care,The Man Company,2153.7,1,2025-09-13,Delivered
2701,320,54,Non-Stick Pan Set,Home & Kitchen,Philips,1417.15,4,2024-01-17,Delivered
2702,285,105,Lipstick,Beauty & Personal Care,Nivea,1143.71,1,2026-02-15,Delivered
2703,636,86,Biography,Books,HarperCollins,336.48,3,2025-05-11,Returned
2704,1476,33,Running Shoes,Fashion,Roadster,1662.46,1,2025-07-30,Delivered
2705,1804,37,Formal Shirt,Fashion,Van Heusen,396.72,1,2026-06-25,Delivered
2706,623,97,Hair Serum,Beauty & Personal Care,Lakme,2005.29,1,2025-11-18,Delivered
2707,1146,72,Bedsheet Set,Home & Kitchen,Prestige,2907.01,1,2026-01-17,Returned
2708,821,52,Non-Stick Pan Set,Home & Kitchen,Bajaj,9551.82,2,2026-05-18,Delivered
2709,406,82,Children's Story Book,Books,Rupa Publications,907.74,2,2026-07-02,Returned
2710,782,52,Non-Stick Pan Set,Home & Kitchen,Bajaj,10599.75,1,2025-10-06,Delivered
2711,1480,14,Laptop,Electronics,Xiaomi,47747.04,1,2024-02-29,Delivered
2712,1133,30,Women's Kurta,Fashion,Biba,3716.46,2,2025-06-19,Delivered
2713,1688,12,LED TV 43-inch,Electronics,JBL,16274.32,1,2025-08-22,Shipped
2714,688,72,Bedsheet Set,Home & Kitchen,Prestige,1070.98,1,2025-12-08,Shipped
2715,1549,13,Laptop,Electronics,Sony,56249.07,1,2026-01-12,Shipped
2716,1447,107,Trimmer,Beauty & Personal Care,Plum,1147.04,1,2026-04-16,Delivered
2717,349,7,Smartwatch,Electronics,Samsung,46455.57,2,2025-08-24,Delivered
2718,281,110,Perfume,Beauty & Personal Care,Lakme,1370.8,1,2025-11-23,Pending
2719,1559,118,Dumbbell Set 10kg,Sports & Fitness,Decathlon,6279.08,4,2025-09-19,Delivered
2720,1735,57,Air Fryer,Home & Kitchen,Pigeon,1188.04,2,2024-03-04,Pending
2721,75,55,Air Fryer,Home & Kitchen,Bajaj,8846.88,2,2026-06-17,Delivered
2722,1256,52,Non-Stick Pan Set,Home & Kitchen,Bajaj,7958.42,1,2025-06-11,Delivered
2723,286,32,Running Shoes,Fashion,H&M,3809.88,1,2026-02-17,Delivered
2724,477,92,Face Wash,Beauty & Personal Care,Plum,1670.95,2,2026-08-05,Delivered
2725,1664,26,Men's T-Shirt,Fashion,Nike,2691.71,1,2026-07-28,Returned
2726,257,56,Air Fryer,Home & Kitchen,Prestige,5465.88,1,2026-08-08,Delivered
2727,1856,92,Face Wash,Beauty & Personal Care,Plum,206.75,2,2025-11-17,Delivered
2728,1590,42,Casual Sneakers,Fashion,Biba,2460.48,1,2026-01-26,Delivered
2729,377,114,Yoga Mat,Sports & Fitness,Adidas,3699.12,1,2026-04-14,Delivered
2730,1433,115,Cricket Bat,Sports & Fitness,Nivia,4575.35,1,2025-12-02,Delivered
2731,1674,48,Sunglasses,Fashion,Puma,2885.4,1,2025-03-14,Delivered
2732,1463,1,Smartphone,Electronics,Xiaomi,42169.92,1,2025-08-27,Delivered
2733,652,28,Women's Kurta,Fashion,Levis,936.22,1,2025-09-14,Delivered
2734,953,127,Resistance Band Set,Sports & Fitness,Nivia,2784.24,1,2025-01-04,Cancelled
2735,1869,7,Smartwatch,Electronics,Samsung,29083.23,3,2025-09-09,Shipped
2736,1928,32,Running Shoes,Fashion,H&M,3933.07,1,2026-04-30,Shipped
2737,794,49,Mixer Grinder,Home & Kitchen,Havells,7537.63,3,2025-03-19,Delivered
2738,1961,91,Face Wash,Beauty & Personal Care,The Man Company,2187.4,1,2026-05-13,Delivered
2739,1092,30,Women's Kurta,Fashion,Biba,4254.11,1,2025-06-18,Delivered
2740,115,93,Face Wash,Beauty & Personal Care,Dove,1967.59,1,2026-03-18,Delivered
2741,537,47,Sunglasses,Fashion,Biba,2756.41,1,2025-01-22,Cancelled
2742,1007,119,Dumbbell Set 10kg,Sports & Fitness,Adidas,6947.44,1,2025-04-05,Delivered
2743,1586,5,Bluetooth Earbuds,Electronics,boAt,11814.41,2,2025-07-01,Delivered
2744,1298,101,Body Lotion,Beauty & Personal Care,Lakme,2112.69,1,2023-12-11,Delivered
2745,1171,6,Bluetooth Earbuds,Electronics,Sony,36612.82,1,2026-01-10,Delivered
2746,372,49,Mixer Grinder,Home & Kitchen,Havells,5451.95,1,2024-09-26,Delivered
2747,1149,11,LED TV 43-inch,Electronics,boAt,2015.7,3,2024-12-12,Delivered
2748,41,67,Wall Clock,Home & Kitchen,Cello,10264.08,3,2026-05-05,Delivered
2749,868,116,Cricket Bat,Sports & Fitness,Adidas,2670.66,1,2025-04-18,Cancelled
2750,1301,7,Smartwatch,Electronics,Samsung,62996.93,1,2025-02-09,Returned
2751,1414,71,Bedsheet Set,Home & Kitchen,Pigeon,4138.71,3,2025-01-09,Shipped
2752,753,127,Resistance Band Set,Sports & Fitness,Nivia,1937.84,2,2026-04-05,Delivered
2753,1010,93,Face Wash,Beauty & Personal Care,Dove,1666.96,1,2026-01-30,Delivered
2754,521,17,Power Bank 10000mAh,Electronics,Samsung,25836.32,1,2025-03-19,Returned
2755,1998,108,Trimmer,Beauty & Personal Care,Lakme,980.75,2,2026-06-17,Delivered
2756,1531,51,Mixer Grinder,Home & Kitchen,Philips,10277.5,1,2026-03-18,Returned
2757,1355,91,Face Wash,Beauty & Personal Care,The Man Company,1688.05,3,2026-05-04,Delivered
2758,1751,56,Air Fryer,Home & Kitchen,Prestige,5784.75,1,2025-07-26,Delivered
2759,642,118,Dumbbell Set 10kg,Sports & Fitness,Decathlon,3413.78,1,2025-11-24,Delivered
2760,1041,75,Fiction Novel,Books,Bloomsbury,318.33,2,2026-04-05,Delivered
2761,1580,56,Air Fryer,Home & Kitchen,Prestige,8624.31,1,2026-02-08,Delivered
2762,1785,111,Perfume,Beauty & Personal Care,Plum,2491.52,1,2026-06-11,Returned
2763,65,79,Competitive Exam Guide,Books,Scholastic,386.21,1,2026-06-16,Pending
2764,66,69,Wall Clock,Home & Kitchen,Philips,5360.39,1,2025-10-05,Cancelled
2765,105,72,Bedsheet Set,Home & Kitchen,Prestige,2444.75,4,2025-06-30,Delivered
2766,402,120,Dumbbell Set 10kg,Sports & Fitness,Yonex,3237.49,3,2025-09-15,Delivered
2767,291,81,Competitive Exam Guide,Books,Penguin,341.68,2,2026-03-02,Delivered
2768,1288,2,Smartphone,Electronics,Apple,22357.67,3,2026-06-03,Delivered
2769,283,90,Business Book,Books,Rupa Publications,197.94,1,2025-03-23,Delivered
2770,1428,77,Self-Help Book,Books,Scholastic,992.21,1,2025-10-30,Delivered
2771,1152,88,Business Book,Books,Penguin,303.28,1,2026-03-11,Returned
2772,1222,60,Table Lamp,Home & Kitchen,Pigeon,10759.64,2,2025-01-17,Delivered
2773,1705,49,Mixer Grinder,Home & Kitchen,Havells,1252.03,2,2026-01-12,Returned
2774,229,91,Face Wash,Beauty & Personal Care,The Man Company,1502.85,1,2024-09-01,Returned
2775,822,118,Dumbbell Set 10kg,Sports & Fitness,Decathlon,5755.38,1,2025-04-12,Delivered
2776,1384,47,Sunglasses,Fashion,Biba,4087.78,1,2025-05-01,Delivered
2777,1073,58,Table Lamp,Home & Kitchen,Prestige,6987.75,1,2025-04-17,Delivered
2778,714,21,Bluetooth Speaker,Electronics,Apple,23950.33,2,2025-02-13,Pending
2779,1635,21,Bluetooth Speaker,Electronics,Apple,52945.35,1,2025-10-10,Delivered
2780,1364,78,Self-Help Book,Books,HarperCollins,408.62,1,2026-04-06,Delivered
2781,451,9,Smartwatch,Electronics,boAt,83202.52,1,2025-12-02,Delivered
2782,1114,107,Trimmer,Beauty & Personal Care,Plum,1219.72,1,2026-03-02,Delivered
2783,196,36,Denim Jeans,Fashion,Puma,4274.52,1,2026-07-27,Cancelled
2784,768,43,Handbag,Fashion,Biba,3875.94,1,2026-05-27,Delivered
2785,1543,66,Induction Cooktop,Home & Kitchen,Cello,6951.92,1,2025-06-05,Cancelled
2786,906,4,Bluetooth Earbuds,Electronics,Xiaomi,53351.67,3,2025-05-10,Delivered
2787,480,111,Perfume,Beauty & Personal Care,Plum,714.17,2,2025-06-19,Delivered
2788,1267,19,Bluetooth Speaker,Electronics,boAt,39674.73,1,2025-10-06,Delivered
2789,688,85,Biography,Books,Scholastic,747.99,2,2024-02-15,Delivered
2790,1880,108,Trimmer,Beauty & Personal Care,Lakme,1184.68,1,2026-02-17,Delivered
2791,355,56,Air Fryer,Home & Kitchen,Prestige,3824.06,1,2026-05-16,Delivered
2792,1884,10,LED TV 43-inch,Electronics,Apple,28324.02,1,2025-09-08,Shipped
2793,1347,39,Formal Shirt,Fashion,Allen Solly,567.77,1,2025-02-12,Cancelled
2794,821,38,Formal Shirt,Fashion,Levis,2897.99,2,2026-04-24,Delivered
2795,505,93,Face Wash,Beauty & Personal Care,Dove,1951.71,1,2025-12-27,Delivered
2796,1242,29,Women's Kurta,Fashion,Allen Solly,3675.18,1,2025-10-13,Delivered
2797,585,22,Neckband Earphones,Electronics,Samsung,47302.29,2,2025-12-03,Delivered
2798,510,96,Sunscreen SPF50,Beauty & Personal Care,Plum,677.81,2,2025-06-14,Returned
2799,1405,41,Casual Sneakers,Fashion,Allen Solly,3422.02,1,2025-11-10,Delivered
2800,1389,83,Children's Story Book,Books,Penguin,113.22,1,2025-11-03,Delivered
2801,1943,120,Dumbbell Set 10kg,Sports & Fitness,Yonex,4312.71,1,2025-11-23,Cancelled
2802,696,116,Cricket Bat,Sports & Fitness,Adidas,1651.68,1,2026-02-10,Delivered
2803,876,22,Neckband Earphones,Electronics,Samsung,67131.62,2,2026-02-24,Delivered
2804,1680,41,Casual Sneakers,Fashion,Allen Solly,759.37,1,2025-10-19,Delivered
2805,1843,114,Yoga Mat,Sports & Fitness,Adidas,1680.25,1,2025-03-23,Delivered
2806,234,92,Face Wash,Beauty & Personal Care,Plum,470.74,1,2026-01-21,Delivered
2807,3,75,Fiction Novel,Books,Bloomsbury,410.63,1,2025-06-18,Delivered
2808,1493,51,Mixer Grinder,Home & Kitchen,Philips,969.12,1,2024-10-10,Delivered
2809,1657,2,Smartphone,Electronics,Apple,12478.15,1,2026-07-01,Delivered
2810,1067,9,Smartwatch,Electronics,boAt,79924.25,2,2026-07-31,Delivered
2811,710,44,Handbag,Fashion,Van Heusen,3092.89,1,2026-03-23,Delivered
2812,813,13,Laptop,Electronics,Sony,25079.29,1,2024-03-23,Delivered
2813,422,118,Dumbbell Set 10kg,Sports & Fitness,Decathlon,4819.06,1,2025-01-26,Delivered
2814,1457,62,Water Bottle Set,Home & Kitchen,Pigeon,10306.3,1,2025-12-23,Delivered
2815,155,34,Denim Jeans,Fashion,H&M,2397.11,1,2026-03-28,Returned
2816,643,72,Bedsheet Set,Home & Kitchen,Prestige,5034.04,1,2024-11-06,Delivered
2817,305,44,Handbag,Fashion,Van Heusen,1998.81,1,2025-02-16,Delivered
2818,1127,20,Bluetooth Speaker,Electronics,Xiaomi,79427.36,1,2026-01-02,Delivered
2819,1483,106,Trimmer,Beauty & Personal Care,Mamaearth,671.32,2,2026-01-25,Delivered
2820,1158,23,Neckband Earphones,Electronics,JBL,58646.34,2,2026-01-18,Pending
2821,1512,4,Bluetooth Earbuds,Electronics,Xiaomi,42353.41,1,2025-05-01,Delivered
2822,1328,124,Football,Sports & Fitness,Nivia,1451.47,1,2025-07-21,Delivered
2823,166,26,Men's T-Shirt,Fashion,Nike,3967.55,4,2025-01-10,Shipped
2824,936,62,Water Bottle Set,Home & Kitchen,Pigeon,3678.68,1,2024-07-23,Cancelled
2825,1628,83,Children's Story Book,Books,Penguin,192.78,1,2025-11-11,Delivered
2826,761,21,Bluetooth Speaker,Electronics,Apple,56300.65,2,2024-09-01,Delivered
2827,532,108,Trimmer,Beauty & Personal Care,Lakme,1571.94,1,2026-04-30,Delivered
2828,694,48,Sunglasses,Fashion,Puma,2430.54,1,2026-07-25,Delivered
2829,914,30,Women's Kurta,Fashion,Biba,3533.06,1,2025-12-29,Delivered
2830,1537,62,Water Bottle Set,Home & Kitchen,Pigeon,7703.34,1,2025-05-14,Delivered
2831,823,98,Hair Serum,Beauty & Personal Care,Mamaearth,2319.62,1,2026-01-16,Delivered
2832,52,54,Non-Stick Pan Set,Home & Kitchen,Philips,6098.27,1,2025-12-25,Cancelled
2833,1075,74,Fiction Novel,Books,HarperCollins,839.85,1,2025-07-15,Delivered
2834,446,74,Fiction Novel,Books,HarperCollins,699.5,4,2025-12-01,Delivered
2835,1613,46,Sunglasses,Fashion,H&M,2621.92,1,2025-12-17,Delivered
2836,608,29,Women's Kurta,Fashion,Allen Solly,635.61,1,2026-05-15,Delivered
2837,1402,27,Men's T-Shirt,Fashion,Puma,2059.59,1,2025-02-18,Delivered
2838,1231,108,Trimmer,Beauty & Personal Care,Lakme,635.94,3,2025-05-14,Delivered
2839,56,100,Body Lotion,Beauty & Personal Care,The Man Company,885.01,1,2026-03-01,Delivered
2840,1215,124,Football,Sports & Fitness,Nivia,6502.41,1,2025-08-07,Delivered
2841,1597,1,Smartphone,Electronics,Xiaomi,3323.97,1,2026-05-25,Delivered
2842,1236,103,Lipstick,Beauty & Personal Care,The Man Company,1862.0,1,2026-06-19,Delivered
2843,706,47,Sunglasses,Fashion,Biba,3809.05,1,2025-09-22,Shipped
2844,1942,43,Handbag,Fashion,Biba,2567.01,1,2026-06-27,Delivered
2845,457,68,Wall Clock,Home & Kitchen,Havells,884.96,2,2026-05-10,Delivered
2846,1186,116,Cricket Bat,Sports & Fitness,Adidas,1357.3,1,2025-02-15,Delivered
2847,255,23,Neckband Earphones,Electronics,JBL,48652.44,1,2026-05-29,Delivered
2848,1938,14,Laptop,Electronics,Xiaomi,76439.02,1,2025-05-17,Delivered
2849,1077,65,Induction Cooktop,Home & Kitchen,Prestige,10865.04,1,2026-08-17,Delivered
2850,1259,15,Laptop,Electronics,boAt,28961.57,3,2025-06-23,Delivered
2851,1005,72,Bedsheet Set,Home & Kitchen,Prestige,7214.14,1,2024-08-07,Delivered
2852,856,25,Men's T-Shirt,Fashion,Allen Solly,2897.59,1,2025-04-10,Delivered
2853,1927,3,Smartphone,Electronics,boAt,39393.04,1,2026-03-30,Delivered
2854,1403,81,Competitive Exam Guide,Books,Penguin,464.74,1,2026-03-07,Pending
2855,410,44,Handbag,Fashion,Van Heusen,3101.98,4,2026-02-22,Delivered
2856,722,107,Trimmer,Beauty & Personal Care,Plum,391.89,1,2026-05-06,Delivered
2857,447,19,Bluetooth Speaker,Electronics,boAt,8709.25,2,2025-08-16,Delivered
2858,1747,14,Laptop,Electronics,Xiaomi,35762.18,4,2025-12-03,Delivered
2859,97,4,Bluetooth Earbuds,Electronics,Xiaomi,45362.52,1,2026-04-13,Delivered
2860,387,44,Handbag,Fashion,Van Heusen,839.12,1,2026-02-03,Pending
2861,399,31,Running Shoes,Fashion,Biba,4069.95,1,2025-06-03,Delivered
2862,1764,10,LED TV 43-inch,Electronics,Apple,68083.72,1,2026-04-30,Delivered
2863,1710,122,Badminton Racket,Sports & Fitness,Yonex,4772.38,1,2024-04-12,Delivered
2864,761,86,Biography,Books,HarperCollins,552.17,1,2025-08-11,Delivered
2865,1982,61,Water Bottle Set,Home & Kitchen,Philips,8920.05,3,2026-02-17,Delivered
2866,1702,72,Bedsheet Set,Home & Kitchen,Prestige,12988.68,1,2026-06-23,Delivered
2867,298,88,Business Book,Books,Penguin,194.26,2,2026-04-12,Delivered
2868,1230,48,Sunglasses,Fashion,Puma,1815.55,3,2025-12-09,Delivered
2869,1514,66,Induction Cooktop,Home & Kitchen,Cello,10857.91,2,2026-03-01,Returned
2870,1853,47,Sunglasses,Fashion,Biba,3620.34,1,2026-04-30,Delivered
2871,1426,67,Wall Clock,Home & Kitchen,Cello,4813.6,1,2026-01-23,Delivered
2872,1583,82,Children's Story Book,Books,Rupa Publications,309.38,1,2025-09-07,Delivered
2873,108,121,Badminton Racket,Sports & Fitness,Cosco,4264.15,1,2025-12-23,Delivered
2874,1588,12,LED TV 43-inch,Electronics,JBL,58833.61,1,2026-05-21,Delivered
2875,743,119,Dumbbell Set 10kg,Sports & Fitness,Adidas,1121.16,1,2026-03-24,Delivered
2876,1152,46,Sunglasses,Fashion,H&M,3601.31,1,2026-06-26,Delivered
2877,1827,24,Neckband Earphones,Electronics,Realme,38132.5,1,2024-10-28,Delivered
2878,423,121,Badminton Racket,Sports & Fitness,Cosco,1505.34,1,2026-06-10,Delivered
2879,1419,58,Table Lamp,Home & Kitchen,Prestige,9258.31,4,2025-06-08,Delivered
2880,370,44,Handbag,Fashion,Van Heusen,3336.79,2,2026-01-28,Shipped
2881,193,59,Table Lamp,Home & Kitchen,Havells,10586.17,1,2025-12-02,Delivered
2882,504,61,Water Bottle Set,Home & Kitchen,Philips,5780.96,1,2024-10-24,Delivered
2883,1826,80,Competitive Exam Guide,Books,HarperCollins,360.17,1,2025-08-31,Delivered
2884,1133,70,Bedsheet Set,Home & Kitchen,Bajaj,2229.09,4,2026-03-18,Delivered
2885,1420,95,Sunscreen SPF50,Beauty & Personal Care,The Man Company,166.21,1,2025-08-19,Delivered
2886,719,24,Neckband Earphones,Electronics,Realme,11325.97,2,2025-12-10,Delivered
2887,134,107,Trimmer,Beauty & Personal Care,Plum,2474.78,1,2026-06-17,Cancelled
2888,584,90,Business Book,Books,Rupa Publications,272.16,1,2026-07-01,Delivered
2889,1838,82,Children's Story Book,Books,Rupa Publications,378.94,1,2025-02-03,Delivered
2890,666,15,Laptop,Electronics,boAt,46163.52,2,2026-07-05,Delivered
2891,156,19,Bluetooth Speaker,Electronics,boAt,3221.79,1,2025-11-19,Delivered
2892,1263,45,Handbag,Fashion,Allen Solly,464.59,3,2025-01-20,Delivered
2893,783,111,Perfume,Beauty & Personal Care,Plum,1519.25,3,2025-12-16,Delivered
2894,355,89,Business Book,Books,Bloomsbury,309.35,1,2026-01-22,Delivered
2895,513,50,Mixer Grinder,Home & Kitchen,Pigeon,8011.58,1,2025-01-19,Delivered
2896,473,79,Competitive Exam Guide,Books,Scholastic,213.13,1,2026-01-27,Returned
2897,603,46,Sunglasses,Fashion,H&M,2707.22,1,2026-07-06,Delivered
2898,413,59,Table Lamp,Home & Kitchen,Havells,12390.47,1,2026-02-09,Delivered
2899,210,98,Hair Serum,Beauty & Personal Care,Mamaearth,1174.02,1,2026-05-04,Delivered
2900,1040,93,Face Wash,Beauty & Personal Care,Dove,2057.05,1,2025-07-14,Delivered
2901,1152,35,Denim Jeans,Fashion,Van Heusen,2905.08,1,2026-04-04,Delivered
2902,419,6,Bluetooth Earbuds,Electronics,Sony,52322.5,1,2025-03-28,Pending
2903,1747,96,Sunscreen SPF50,Beauty & Personal Care,Plum,1579.63,2,2025-09-10,Shipped
2904,1728,3,Smartphone,Electronics,boAt,22986.49,1,2025-10-28,Returned
2905,1790,73,Fiction Novel,Books,Scholastic,393.08,1,2026-05-24,Delivered
2906,1766,85,Biography,Books,Scholastic,139.32,1,2025-07-09,Cancelled
2907,1072,88,Business Book,Books,Penguin,345.57,1,2025-07-25,Shipped
2908,435,73,Fiction Novel,Books,Scholastic,764.61,1,2026-04-30,Delivered
2909,773,112,Yoga Mat,Sports & Fitness,Nivia,3120.96,1,2025-08-12,Delivered
2910,529,28,Women's Kurta,Fashion,Levis,2449.61,2,2025-12-16,Delivered
2911,1787,111,Perfume,Beauty & Personal Care,Plum,1521.97,1,2026-03-13,Delivered
2912,902,21,Bluetooth Speaker,Electronics,Apple,3146.47,2,2026-04-10,Cancelled
2913,534,115,Cricket Bat,Sports & Fitness,Nivia,896.88,1,2026-02-03,Cancelled
2914,858,1,Smartphone,Electronics,Xiaomi,59012.64,1,2025-09-15,Delivered
2915,866,25,Men's T-Shirt,Fashion,Allen Solly,2105.49,1,2026-05-08,Delivered
2916,1817,47,Sunglasses,Fashion,Biba,1259.73,1,2025-12-23,Shipped
2917,754,112,Yoga Mat,Sports & Fitness,Nivia,4112.29,1,2025-10-14,Returned
2918,1898,5,Bluetooth Earbuds,Electronics,boAt,58396.6,2,2026-08-01,Delivered
2919,1449,59,Table Lamp,Home & Kitchen,Havells,6426.03,1,2025-12-02,Delivered
2920,1459,68,Wall Clock,Home & Kitchen,Havells,11739.82,2,2026-01-07,Delivered
2921,966,43,Handbag,Fashion,Biba,4526.69,2,2026-02-23,Delivered
2922,1964,85,Biography,Books,Scholastic,149.13,2,2025-09-21,Returned
2923,1104,126,Football,Sports & Fitness,Yonex,3108.26,1,2025-03-13,Delivered
2924,1702,19,Bluetooth Speaker,Electronics,boAt,56922.3,2,2026-07-03,Delivered
2925,1325,63,Water Bottle Set,Home & Kitchen,Cello,9922.95,1,2025-02-08,Delivered
2926,107,51,Mixer Grinder,Home & Kitchen,Philips,4368.22,1,2025-11-21,Delivered
2927,1721,21,Bluetooth Speaker,Electronics,Apple,76632.73,1,2024-06-05,Delivered
2928,773,22,Neckband Earphones,Electronics,Samsung,87040.95,1,2025-10-08,Delivered
2929,1555,129,Resistance Band Set,Sports & Fitness,Yonex,6044.65,1,2025-02-14,Returned
2930,1451,90,Business Book,Books,Rupa Publications,570.76,2,2025-07-24,Delivered
2931,443,107,Trimmer,Beauty & Personal Care,Plum,493.7,3,2025-05-06,Delivered
2932,442,73,Fiction Novel,Books,Scholastic,289.16,1,2025-01-06,Delivered
2933,1600,63,Water Bottle Set,Home & Kitchen,Cello,3215.02,1,2026-01-04,Delivered
2934,309,113,Yoga Mat,Sports & Fitness,Decathlon,4820.47,1,2024-12-18,Delivered
2935,1522,57,Air Fryer,Home & Kitchen,Pigeon,10936.03,3,2026-06-04,Delivered
2936,1775,119,Dumbbell Set 10kg,Sports & Fitness,Adidas,6224.77,1,2025-04-12,Delivered
2937,279,101,Body Lotion,Beauty & Personal Care,Lakme,1193.57,1,2025-05-07,Delivered
2938,1258,126,Football,Sports & Fitness,Yonex,5732.28,1,2026-04-05,Delivered
2939,1584,70,Bedsheet Set,Home & Kitchen,Bajaj,8971.76,1,2026-03-10,Shipped
2940,1719,36,Denim Jeans,Fashion,Puma,3059.94,2,2026-05-10,Delivered
2941,942,8,Smartwatch,Electronics,OnePlus,86636.43,2,2026-04-14,Delivered
2942,954,73,Fiction Novel,Books,Scholastic,121.52,2,2025-10-07,Delivered
2943,1775,120,Dumbbell Set 10kg,Sports & Fitness,Yonex,2610.9,1,2025-07-17,Delivered
2944,410,82,Children's Story Book,Books,Rupa Publications,777.94,2,2025-05-10,Delivered
2945,426,15,Laptop,Electronics,boAt,71156.96,1,2024-09-30,Delivered
2946,1744,9,Smartwatch,Electronics,boAt,71829.74,1,2025-01-30,Delivered
2947,1037,75,Fiction Novel,Books,Bloomsbury,749.12,1,2024-09-11,Delivered
2948,1964,109,Perfume,Beauty & Personal Care,The Man Company,1007.82,1,2026-02-06,Delivered
2949,411,34,Denim Jeans,Fashion,H&M,4723.99,1,2026-03-13,Delivered
2950,1400,4,Bluetooth Earbuds,Electronics,Xiaomi,77662.72,1,2026-04-15,Delivered
2951,1752,21,Bluetooth Speaker,Electronics,Apple,7055.45,2,2026-08-07,Cancelled
2952,1198,93,Face Wash,Beauty & Personal Care,Dove,2086.51,1,2026-08-17,Delivered
2953,1568,103,Lipstick,Beauty & Personal Care,The Man Company,2107.84,4,2025-10-06,Delivered
2954,209,82,Children's Story Book,Books,Rupa Publications,551.14,2,2025-11-28,Delivered
2955,1903,110,Perfume,Beauty & Personal Care,Lakme,328.78,2,2025-01-29,Delivered
2956,871,105,Lipstick,Beauty & Personal Care,Nivea,1350.14,1,2026-04-21,Delivered
2957,946,106,Trimmer,Beauty & Personal Care,Mamaearth,1088.75,1,2025-12-29,Cancelled
2958,786,38,Formal Shirt,Fashion,Levis,3627.4,1,2025-09-02,Delivered
2959,273,88,Business Book,Books,Penguin,979.16,1,2025-04-21,Delivered
2960,1315,71,Bedsheet Set,Home & Kitchen,Pigeon,9407.7,2,2025-10-19,Delivered
2961,8,48,Sunglasses,Fashion,Puma,2631.98,3,2025-12-27,Returned
2962,647,62,Water Bottle Set,Home & Kitchen,Pigeon,8194.06,1,2026-05-31,Shipped
2963,138,91,Face Wash,Beauty & Personal Care,The Man Company,307.0,2,2025-01-06,Delivered
2964,771,79,Competitive Exam Guide,Books,Scholastic,504.96,1,2024-08-24,Delivered
2965,1717,117,Cricket Bat,Sports & Fitness,Decathlon,5184.98,1,2024-06-15,Delivered
2966,933,78,Self-Help Book,Books,HarperCollins,843.85,1,2025-02-19,Delivered
2967,538,5,Bluetooth Earbuds,Electronics,boAt,83757.05,2,2025-02-03,Delivered
2968,1877,124,Football,Sports & Fitness,Nivia,4585.95,2,2025-12-22,Pending
2969,1101,105,Lipstick,Beauty & Personal Care,Nivea,1121.01,3,2026-04-15,Returned
2970,982,24,Neckband Earphones,Electronics,Realme,87267.21,3,2026-02-20,Delivered
2971,1381,37,Formal Shirt,Fashion,Van Heusen,1969.11,1,2024-10-28,Delivered
2972,1935,82,Children's Story Book,Books,Rupa Publications,580.06,1,2026-06-05,Delivered
2973,1274,94,Sunscreen SPF50,Beauty & Personal Care,Mamaearth,1647.58,1,2026-05-01,Delivered
2974,1234,15,Laptop,Electronics,boAt,72948.06,1,2026-03-05,Delivered
2975,1388,20,Bluetooth Speaker,Electronics,Xiaomi,82566.3,4,2026-02-02,Delivered
2976,769,29,Women's Kurta,Fashion,Allen Solly,2069.91,1,2025-03-19,Delivered
2977,441,25,Men's T-Shirt,Fashion,Allen Solly,3060.7,1,2026-08-17,Delivered
2978,1172,11,LED TV 43-inch,Electronics,boAt,66123.69,4,2024-06-17,Shipped
2979,134,99,Hair Serum,Beauty & Personal Care,Plum,593.33,1,2026-02-16,Delivered
2980,1673,41,Casual Sneakers,Fashion,Allen Solly,782.14,1,2024-10-10,Delivered
2981,949,62,Water Bottle Set,Home & Kitchen,Pigeon,12719.46,2,2026-01-04,Cancelled
2982,1507,45,Handbag,Fashion,Allen Solly,596.58,1,2026-04-21,Delivered
2983,396,76,Self-Help Book,Books,Bloomsbury,750.36,1,2025-08-06,Delivered
2984,681,92,Face Wash,Beauty & Personal Care,Plum,1000.74,2,2026-03-24,Shipped
2985,657,49,Mixer Grinder,Home & Kitchen,Havells,999.8,1,2024-12-06,Delivered
2986,904,26,Men's T-Shirt,Fashion,Nike,4499.41,1,2025-08-23,Returned
2987,835,78,Self-Help Book,Books,HarperCollins,696.28,1,2025-04-14,Delivered
2988,1519,111,Perfume,Beauty & Personal Care,Plum,706.85,2,2026-02-27,Delivered
2989,1816,48,Sunglasses,Fashion,Puma,3107.89,1,2025-02-23,Delivered
2990,1258,69,Wall Clock,Home & Kitchen,Philips,4599.85,1,2026-03-09,Delivered
2991,169,27,Men's T-Shirt,Fashion,Puma,406.67,4,2026-04-30,Shipped
2992,1533,98,Hair Serum,Beauty & Personal Care,Mamaearth,1770.55,1,2026-08-02,Delivered
2993,1544,34,Denim Jeans,Fashion,H&M,1051.18,1,2026-03-28,Cancelled
2994,253,107,Trimmer,Beauty & Personal Care,Plum,2085.93,3,2025-06-19,Delivered
2995,172,92,Face Wash,Beauty & Personal Care,Plum,2329.5,1,2026-08-17,Delivered
2996,781,98,Hair Serum,Beauty & Personal Care,Mamaearth,2392.32,1,2026-02-25,Delivered
2997,555,23,Neckband Earphones,Electronics,JBL,67320.37,1,2025-07-29,Delivered
2998,285,91,Face Wash,Beauty & Personal Care,The Man Company,1305.85,2,2025-11-16,Delivered
2999,934,41,Casual Sneakers,Fashion,Allen Solly,984.11,1,2025-09-12,Delivered
3000,949,69,Wall Clock,Home & Kitchen,Philips,7374.42,1,2026-04-13,Delivered
3001,521,119,Dumbbell Set 10kg,Sports & Fitness,Adidas,6586.07,1,2026-02-08,Delivered
3002,605,12,LED TV 43-inch,Electronics,JBL,30340.49,4,2025-10-07,Returned
3003,1645,38,Formal Shirt,Fashion,Levis,4592.58,3,2025-11-03,Delivered
3004,1651,74,Fiction Novel,Books,HarperCollins,596.18,1,2025-04-30,Shipped
3005,373,108,Trimmer,Beauty & Personal Care,Lakme,1989.46,2,2025-01-15,Returned
3006,540,103,Lipstick,Beauty & Personal Care,The Man Company,1776.59,1,2025-06-25,Delivered
3007,1471,22,Neckband Earphones,Electronics,Samsung,57402.14,4,2026-02-24,Delivered
3008,677,67,Wall Clock,Home & Kitchen,Cello,2853.03,1,2025-06-13,Delivered
3009,1285,111,Perfume,Beauty & Personal Care,Plum,2041.36,1,2026-02-28,Delivered
3010,1088,114,Yoga Mat,Sports & Fitness,Adidas,5149.44,1,2025-08-06,Delivered
3011,1867,61,Water Bottle Set,Home & Kitchen,Philips,1193.38,1,2026-06-13,Shipped
3012,854,36,Denim Jeans,Fashion,Puma,4262.73,1,2025-11-06,Delivered
3013,201,50,Mixer Grinder,Home & Kitchen,Pigeon,7338.16,1,2026-02-05,Delivered
3014,1702,115,Cricket Bat,Sports & Fitness,Nivia,6336.35,1,2026-06-29,Delivered
3015,32,5,Bluetooth Earbuds,Electronics,boAt,19291.45,1,2024-11-26,Delivered
3016,526,83,Children's Story Book,Books,Penguin,755.87,1,2026-05-14,Shipped
3017,1167,32,Running Shoes,Fashion,H&M,1519.19,2,2026-04-13,Delivered
3018,1961,79,Competitive Exam Guide,Books,Scholastic,495.45,1,2025-04-15,Delivered
3019,1808,105,Lipstick,Beauty & Personal Care,Nivea,1263.45,1,2025-12-02,Cancelled
3020,679,33,Running Shoes,Fashion,Roadster,3389.29,1,2025-12-26,Delivered
3021,1140,104,Lipstick,Beauty & Personal Care,Dove,2063.53,1,2025-09-20,Delivered
3022,1710,98,Hair Serum,Beauty & Personal Care,Mamaearth,1767.6,1,2026-02-05,Returned
3023,753,48,Sunglasses,Fashion,Puma,4400.4,1,2026-01-22,Returned
3024,1469,1,Smartphone,Electronics,Xiaomi,68603.18,1,2025-08-26,Delivered
3025,503,11,LED TV 43-inch,Electronics,boAt,39760.63,1,2025-04-25,Delivered
3026,1097,109,Perfume,Beauty & Personal Care,The Man Company,1288.65,1,2025-12-25,Delivered
3027,38,103,Lipstick,Beauty & Personal Care,The Man Company,803.57,2,2025-10-14,Delivered
3028,1994,72,Bedsheet Set,Home & Kitchen,Prestige,7574.28,2,2025-01-21,Delivered
3029,301,52,Non-Stick Pan Set,Home & Kitchen,Bajaj,1283.8,1,2024-11-14,Returned
3030,1401,85,Biography,Books,Scholastic,638.73,1,2026-01-29,Delivered
3031,1276,118,Dumbbell Set 10kg,Sports & Fitness,Decathlon,6763.5,1,2025-12-27,Delivered
3032,1446,99,Hair Serum,Beauty & Personal Care,Plum,1756.17,4,2025-11-27,Delivered
3033,909,31,Running Shoes,Fashion,Biba,4242.44,1,2025-03-13,Cancelled
3034,1268,86,Biography,Books,HarperCollins,300.62,1,2025-10-28,Delivered
3035,652,112,Yoga Mat,Sports & Fitness,Nivia,2311.63,1,2025-06-06,Delivered
3036,1085,61,Water Bottle Set,Home & Kitchen,Philips,12174.91,1,2025-10-06,Cancelled
3037,1159,90,Business Book,Books,Rupa Publications,761.76,2,2026-05-19,Delivered
3038,226,50,Mixer Grinder,Home & Kitchen,Pigeon,10922.33,1,2025-05-13,Delivered
3039,1179,40,Casual Sneakers,Fashion,Levis,1109.99,1,2025-09-25,Delivered
3040,576,56,Air Fryer,Home & Kitchen,Prestige,4141.7,1,2026-01-13,Delivered
3041,782,13,Laptop,Electronics,Sony,51440.13,1,2025-05-25,Delivered
3042,1342,22,Neckband Earphones,Electronics,Samsung,72557.22,2,2025-12-05,Pending
3043,563,53,Non-Stick Pan Set,Home & Kitchen,Pigeon,2754.82,1,2023-11-15,Delivered
3044,1718,57,Air Fryer,Home & Kitchen,Pigeon,5841.58,1,2026-03-07,Cancelled
3045,1080,125,Football,Sports & Fitness,Cosco,908.42,1,2025-05-16,Delivered
3046,854,89,Business Book,Books,Bloomsbury,319.54,1,2026-03-23,Delivered
3047,1260,125,Football,Sports & Fitness,Cosco,6018.39,3,2026-03-29,Cancelled
3048,826,36,Denim Jeans,Fashion,Puma,2629.13,1,2025-10-28,Delivered
3049,423,77,Self-Help Book,Books,Scholastic,660.65,1,2026-06-13,Delivered
3050,314,90,Business Book,Books,Rupa Publications,466.89,2,2025-12-15,Shipped
3051,315,94,Sunscreen SPF50,Beauty & Personal Care,Mamaearth,1882.98,1,2026-02-07,Delivered
3052,1805,83,Children's Story Book,Books,Penguin,749.39,2,2026-05-13,Delivered
3053,1345,63,Water Bottle Set,Home & Kitchen,Cello,11225.42,1,2024-11-30,Delivered
3054,1792,36,Denim Jeans,Fashion,Puma,718.9,1,2025-03-10,Delivered
3055,533,95,Sunscreen SPF50,Beauty & Personal Care,The Man Company,1083.51,1,2024-11-30,Delivered
3056,1533,6,Bluetooth Earbuds,Electronics,Sony,74941.1,2,2026-07-27,Delivered
3057,1601,26,Men's T-Shirt,Fashion,Nike,3152.6,1,2026-03-31,Delivered
3058,759,71,Bedsheet Set,Home & Kitchen,Pigeon,4060.43,2,2026-06-13,Delivered
3059,339,26,Men's T-Shirt,Fashion,Nike,2317.39,1,2025-11-13,Delivered
3060,1065,63,Water Bottle Set,Home & Kitchen,Cello,6845.2,1,2026-01-13,Delivered
3061,975,114,Yoga Mat,Sports & Fitness,Adidas,3152.74,1,2025-01-25,Delivered
3062,1839,93,Face Wash,Beauty & Personal Care,Dove,915.44,2,2025-11-07,Delivered
3063,1626,79,Competitive Exam Guide,Books,Scholastic,299.39,2,2025-12-14,Delivered
3064,1347,87,Biography,Books,Bloomsbury,872.84,2,2025-07-26,Delivered
3065,289,69,Wall Clock,Home & Kitchen,Philips,10036.94,2,2025-12-24,Delivered
3066,830,62,Water Bottle Set,Home & Kitchen,Pigeon,4054.34,1,2026-05-10,Delivered
3067,1216,32,Running Shoes,Fashion,H&M,4971.31,1,2025-07-05,Delivered
3068,1946,65,Induction Cooktop,Home & Kitchen,Prestige,6143.88,2,2025-03-22,Delivered
3069,1259,62,Water Bottle Set,Home & Kitchen,Pigeon,8704.96,2,2026-05-25,Delivered
3070,1422,35,Denim Jeans,Fashion,Van Heusen,1111.86,3,2025-08-26,Delivered
3071,1025,66,Induction Cooktop,Home & Kitchen,Cello,1573.25,1,2025-03-25,Delivered
3072,1498,80,Competitive Exam Guide,Books,HarperCollins,184.71,1,2025-10-29,Returned
3073,767,81,Competitive Exam Guide,Books,Penguin,235.48,2,2025-07-07,Delivered
3074,1980,5,Bluetooth Earbuds,Electronics,boAt,75190.89,1,2025-04-25,Delivered
3075,1983,125,Football,Sports & Fitness,Cosco,5277.49,1,2026-02-26,Delivered
3076,1901,105,Lipstick,Beauty & Personal Care,Nivea,1094.76,1,2025-08-01,Returned
3077,1088,68,Wall Clock,Home & Kitchen,Havells,8256.89,1,2026-01-21,Delivered
3078,344,78,Self-Help Book,Books,HarperCollins,498.64,1,2024-12-22,Delivered
3079,516,114,Yoga Mat,Sports & Fitness,Adidas,4507.47,1,2026-02-19,Delivered
3080,1010,126,Football,Sports & Fitness,Yonex,5097.48,2,2025-11-20,Delivered
3081,1996,90,Business Book,Books,Rupa Publications,741.28,1,2025-09-09,Pending
3082,1062,128,Resistance Band Set,Sports & Fitness,Decathlon,6583.04,1,2025-12-17,Delivered
3083,76,49,Mixer Grinder,Home & Kitchen,Havells,8007.16,1,2024-10-22,Delivered
3084,943,8,Smartwatch,Electronics,OnePlus,59586.57,1,2025-04-04,Delivered
3085,1536,118,Dumbbell Set 10kg,Sports & Fitness,Decathlon,4093.89,1,2024-05-17,Delivered
3086,1002,46,Sunglasses,Fashion,H&M,4736.55,1,2025-08-30,Delivered
3087,815,40,Casual Sneakers,Fashion,Levis,815.26,2,2026-04-07,Delivered
3088,1599,109,Perfume,Beauty & Personal Care,The Man Company,1195.15,1,2025-03-20,Delivered
3089,406,125,Football,Sports & Fitness,Cosco,6998.03,1,2026-01-31,Delivered
3090,730,105,Lipstick,Beauty & Personal Care,Nivea,255.87,1,2025-12-11,Delivered
3091,1094,70,Bedsheet Set,Home & Kitchen,Bajaj,10182.4,4,2025-08-27,Delivered
3092,708,50,Mixer Grinder,Home & Kitchen,Pigeon,8053.17,1,2026-02-17,Delivered
3093,1237,80,Competitive Exam Guide,Books,HarperCollins,247.47,1,2025-07-08,Pending
3094,465,58,Table Lamp,Home & Kitchen,Prestige,4248.01,2,2025-06-11,Delivered
3095,848,17,Power Bank 10000mAh,Electronics,Samsung,85600.91,1,2026-07-28,Shipped
3096,402,3,Smartphone,Electronics,boAt,60045.02,3,2025-12-11,Delivered
3097,468,112,Yoga Mat,Sports & Fitness,Nivia,5934.67,1,2026-02-08,Delivered
3098,1689,88,Business Book,Books,Penguin,262.33,4,2024-10-03,Delivered
3099,1837,68,Wall Clock,Home & Kitchen,Havells,9270.16,2,2025-12-27,Delivered
3100,1038,100,Body Lotion,Beauty & Personal Care,The Man Company,1157.54,1,2026-03-13,Delivered
3101,259,51,Mixer Grinder,Home & Kitchen,Philips,10407.74,1,2025-11-22,Delivered
3102,1347,41,Casual Sneakers,Fashion,Allen Solly,4082.99,1,2024-10-02,Delivered
3103,1002,38,Formal Shirt,Fashion,Levis,4260.64,2,2026-01-30,Returned
3104,808,82,Children's Story Book,Books,Rupa Publications,505.35,1,2026-06-13,Delivered
3105,774,55,Air Fryer,Home & Kitchen,Bajaj,2555.01,1,2026-04-15,Delivered
3106,587,29,Women's Kurta,Fashion,Allen Solly,2746.63,2,2026-04-22,Delivered
3107,1364,88,Business Book,Books,Penguin,175.8,1,2026-03-05,Delivered
3108,1047,87,Biography,Books,Bloomsbury,228.95,1,2026-05-31,Cancelled
3109,1318,56,Air Fryer,Home & Kitchen,Prestige,5917.13,3,2025-08-28,Delivered
3110,617,72,Bedsheet Set,Home & Kitchen,Prestige,11238.93,3,2026-01-25,Delivered
3111,1374,8,Smartwatch,Electronics,OnePlus,85192.78,1,2024-08-21,Delivered
3112,407,16,Power Bank 10000mAh,Electronics,OnePlus,81025.5,1,2026-05-31,Delivered
3113,1110,3,Smartphone,Electronics,boAt,18246.08,1,2026-03-28,Returned
3114,809,120,Dumbbell Set 10kg,Sports & Fitness,Yonex,6372.98,1,2026-04-19,Delivered
3115,864,124,Football,Sports & Fitness,Nivia,3160.34,4,2025-11-15,Delivered
3116,953,96,Sunscreen SPF50,Beauty & Personal Care,Plum,155.07,1,2025-04-28,Delivered
3117,1717,107,Trimmer,Beauty & Personal Care,Plum,585.02,1,2024-05-01,Delivered
3118,578,102,Body Lotion,Beauty & Personal Care,Mamaearth,1467.15,1,2025-09-01,Delivered
3119,799,57,Air Fryer,Home & Kitchen,Pigeon,819.13,3,2026-02-13,Delivered
3120,793,85,Biography,Books,Scholastic,815.26,1,2026-03-02,Delivered
3121,612,22,Neckband Earphones,Electronics,Samsung,36593.0,1,2026-01-05,Returned
3122,1542,6,Bluetooth Earbuds,Electronics,Sony,35310.81,3,2025-03-11,Cancelled
3123,1166,125,Football,Sports & Fitness,Cosco,4586.18,1,2025-06-16,Delivered
3124,1668,30,Women's Kurta,Fashion,Biba,3613.29,1,2025-11-16,Delivered
3125,253,96,Sunscreen SPF50,Beauty & Personal Care,Plum,1461.84,1,2025-09-05,Delivered
3126,1116,101,Body Lotion,Beauty & Personal Care,Lakme,1240.69,1,2024-09-01,Delivered
3127,242,64,Induction Cooktop,Home & Kitchen,Milton,1103.05,1,2026-05-24,Returned
3128,1493,88,Business Book,Books,Penguin,956.34,1,2024-10-10,Delivered
3129,357,7,Smartwatch,Electronics,Samsung,49894.94,1,2025-04-22,Delivered
3130,566,37,Formal Shirt,Fashion,Van Heusen,4363.75,3,2025-08-10,Delivered
3131,1583,60,Table Lamp,Home & Kitchen,Pigeon,9888.07,2,2026-07-14,Delivered
3132,1719,2,Smartphone,Electronics,Apple,37215.22,1,2026-05-02,Returned
3133,669,80,Competitive Exam Guide,Books,HarperCollins,403.26,1,2026-04-08,Delivered
3134,1581,89,Business Book,Books,Bloomsbury,208.91,2,2025-12-03,Delivered
3135,624,23,Neckband Earphones,Electronics,JBL,14227.33,1,2024-03-23,Delivered
3136,1171,124,Football,Sports & Fitness,Nivia,4049.58,1,2025-09-11,Delivered
3137,1655,117,Cricket Bat,Sports & Fitness,Decathlon,878.77,3,2026-01-12,Delivered
3138,996,50,Mixer Grinder,Home & Kitchen,Pigeon,665.39,1,2025-12-08,Delivered
3139,117,78,Self-Help Book,Books,HarperCollins,165.34,1,2026-03-31,Shipped
3140,783,101,Body Lotion,Beauty & Personal Care,Lakme,744.42,2,2025-10-01,Delivered
3141,1293,54,Non-Stick Pan Set,Home & Kitchen,Philips,3297.11,1,2026-03-19,Delivered
3142,1549,104,Lipstick,Beauty & Personal Care,Dove,1224.14,2,2026-01-15,Delivered
3143,125,58,Table Lamp,Home & Kitchen,Prestige,4203.59,3,2026-02-19,Delivered
3144,1464,117,Cricket Bat,Sports & Fitness,Decathlon,4797.99,1,2026-04-27,Delivered
3145,164,61,Water Bottle Set,Home & Kitchen,Philips,817.74,1,2026-01-26,Delivered
3146,1621,116,Cricket Bat,Sports & Fitness,Adidas,2465.65,2,2025-06-02,Delivered
3147,541,88,Business Book,Books,Penguin,203.68,1,2026-07-16,Delivered
3148,1837,78,Self-Help Book,Books,HarperCollins,729.82,4,2025-10-14,Delivered
3149,445,24,Neckband Earphones,Electronics,Realme,89180.78,1,2026-03-02,Returned
3150,1731,14,Laptop,Electronics,Xiaomi,41386.26,2,2025-12-21,Delivered
3151,1924,77,Self-Help Book,Books,Scholastic,821.47,1,2025-04-14,Delivered
3152,221,122,Badminton Racket,Sports & Fitness,Yonex,2865.99,3,2025-10-22,Delivered
3153,1380,108,Trimmer,Beauty & Personal Care,Lakme,951.34,1,2026-01-04,Delivered
3154,934,54,Non-Stick Pan Set,Home & Kitchen,Philips,4023.55,1,2025-09-18,Shipped
3155,1394,3,Smartphone,Electronics,boAt,55108.87,1,2024-06-21,Delivered
3156,1083,107,Trimmer,Beauty & Personal Care,Plum,175.81,1,2026-03-10,Delivered
3157,1493,105,Lipstick,Beauty & Personal Care,Nivea,308.05,1,2025-10-06,Shipped
3158,1602,9,Smartwatch,Electronics,boAt,56530.78,2,2025-09-02,Returned
3159,1824,96,Sunscreen SPF50,Beauty & Personal Care,Plum,1249.71,2,2025-06-29,Delivered
3160,1158,105,Lipstick,Beauty & Personal Care,Nivea,488.14,1,2026-03-31,Delivered
3161,377,114,Yoga Mat,Sports & Fitness,Adidas,673.36,2,2026-04-26,Delivered
3162,897,32,Running Shoes,Fashion,H&M,910.08,1,2026-02-22,Delivered
3163,1354,105,Lipstick,Beauty & Personal Care,Nivea,1417.15,3,2026-02-01,Shipped
3164,589,50,Mixer Grinder,Home & Kitchen,Pigeon,8975.24,2,2024-12-28,Delivered
3165,294,59,Table Lamp,Home & Kitchen,Havells,3464.95,1,2026-04-04,Cancelled
3166,1668,8,Smartwatch,Electronics,OnePlus,75238.05,3,2025-12-14,Delivered
3167,1996,1,Smartphone,Electronics,Xiaomi,36374.34,1,2025-08-30,Delivered
3168,699,101,Body Lotion,Beauty & Personal Care,Lakme,908.33,1,2025-06-15,Delivered
3169,280,63,Water Bottle Set,Home & Kitchen,Cello,6399.53,2,2025-08-04,Delivered
3170,784,68,Wall Clock,Home & Kitchen,Havells,3485.06,3,2026-03-12,Delivered
3171,589,88,Business Book,Books,Penguin,319.87,1,2025-08-22,Delivered
3172,1544,3,Smartphone,Electronics,boAt,23627.52,1,2026-01-16,Shipped
3173,1853,2,Smartphone,Electronics,Apple,29698.33,4,2025-02-11,Delivered
3174,620,94,Sunscreen SPF50,Beauty & Personal Care,Mamaearth,931.6,1,2026-06-05,Delivered
3175,1989,115,Cricket Bat,Sports & Fitness,Nivia,3900.62,1,2026-05-15,Delivered
3176,469,34,Denim Jeans,Fashion,H&M,1092.28,1,2025-12-22,Delivered
3177,985,24,Neckband Earphones,Electronics,Realme,56230.74,2,2026-05-14,Delivered
3178,822,54,Non-Stick Pan Set,Home & Kitchen,Philips,12379.61,2,2026-05-28,Delivered
3179,1106,124,Football,Sports & Fitness,Nivia,1283.46,3,2026-02-12,Delivered
3180,1693,20,Bluetooth Speaker,Electronics,Xiaomi,23241.57,1,2026-02-04,Delivered
3181,742,45,Handbag,Fashion,Allen Solly,3007.5,1,2026-02-04,Shipped
3182,1183,30,Women's Kurta,Fashion,Biba,2306.42,1,2026-03-22,Delivered
3183,1110,121,Badminton Racket,Sports & Fitness,Cosco,229.53,1,2026-03-16,Delivered
3184,367,80,Competitive Exam Guide,Books,HarperCollins,403.63,1,2025-08-19,Shipped
3185,302,1,Smartphone,Electronics,Xiaomi,8137.4,3,2025-11-27,Delivered
3186,751,18,Power Bank 10000mAh,Electronics,Sony,36331.72,1,2026-05-11,Delivered
3187,1349,18,Power Bank 10000mAh,Electronics,Sony,5754.38,3,2026-03-13,Delivered
3188,270,82,Children's Story Book,Books,Rupa Publications,684.21,1,2026-03-19,Delivered
3189,351,115,Cricket Bat,Sports & Fitness,Nivia,1918.46,1,2025-05-21,Delivered
3190,1778,124,Football,Sports & Fitness,Nivia,3833.97,2,2026-04-21,Delivered
3191,1112,49,Mixer Grinder,Home & Kitchen,Havells,2820.21,1,2026-04-28,Delivered
3192,1951,61,Water Bottle Set,Home & Kitchen,Philips,9031.13,1,2025-07-26,Delivered
3193,1320,23,Neckband Earphones,Electronics,JBL,77906.03,1,2025-10-20,Pending
3194,315,103,Lipstick,Beauty & Personal Care,The Man Company,1289.75,1,2024-12-12,Delivered
3195,701,26,Men's T-Shirt,Fashion,Nike,3217.52,1,2025-07-31,Delivered
3196,91,111,Perfume,Beauty & Personal Care,Plum,1315.43,4,2025-12-22,Pending
3197,1371,34,Denim Jeans,Fashion,H&M,1945.87,1,2025-11-10,Delivered
3198,1738,91,Face Wash,Beauty & Personal Care,The Man Company,445.87,1,2025-09-12,Delivered
3199,1158,69,Wall Clock,Home & Kitchen,Philips,7584.7,2,2025-12-28,Delivered
3200,1200,27,Men's T-Shirt,Fashion,Puma,1914.25,4,2025-07-09,Delivered
3201,762,32,Running Shoes,Fashion,H&M,662.43,2,2026-04-14,Cancelled
3202,1323,73,Fiction Novel,Books,Scholastic,640.39,4,2025-06-20,Returned
3203,956,118,Dumbbell Set 10kg,Sports & Fitness,Decathlon,2257.39,2,2025-03-23,Pending
3204,1973,47,Sunglasses,Fashion,Biba,1704.43,2,2025-03-01,Cancelled
3205,1194,99,Hair Serum,Beauty & Personal Care,Plum,455.17,1,2025-05-26,Delivered
3206,1118,18,Power Bank 10000mAh,Electronics,Sony,16660.3,1,2024-12-21,Shipped
3207,1983,121,Badminton Racket,Sports & Fitness,Cosco,5146.8,1,2026-02-01,Shipped
3208,890,119,Dumbbell Set 10kg,Sports & Fitness,Adidas,3463.11,3,2025-12-14,Delivered
3209,392,51,Mixer Grinder,Home & Kitchen,Philips,8277.22,1,2025-10-30,Delivered
3210,1837,43,Handbag,Fashion,Biba,3135.93,2,2025-10-28,Delivered
3211,226,104,Lipstick,Beauty & Personal Care,Dove,1917.81,2,2025-03-26,Delivered
3212,1062,12,LED TV 43-inch,Electronics,JBL,75273.67,1,2026-03-14,Delivered
3213,1563,70,Bedsheet Set,Home & Kitchen,Bajaj,12082.22,1,2026-02-09,Delivered
3214,257,108,Trimmer,Beauty & Personal Care,Lakme,2407.37,1,2026-08-09,Delivered
3215,1163,17,Power Bank 10000mAh,Electronics,Samsung,38169.36,1,2025-10-10,Delivered
3216,851,43,Handbag,Fashion,Biba,2204.93,1,2025-05-17,Shipped
3217,1707,94,Sunscreen SPF50,Beauty & Personal Care,Mamaearth,763.99,1,2024-08-26,Delivered
3218,845,60,Table Lamp,Home & Kitchen,Pigeon,925.4,2,2026-01-26,Delivered
3219,550,16,Power Bank 10000mAh,Electronics,OnePlus,82182.48,1,2026-04-21,Delivered
3220,496,30,Women's Kurta,Fashion,Biba,3834.07,1,2026-06-14,Delivered
3221,637,67,Wall Clock,Home & Kitchen,Cello,6513.61,2,2026-04-12,Delivered
3222,1986,3,Smartphone,Electronics,boAt,57363.79,1,2026-01-29,Delivered
3223,1251,56,Air Fryer,Home & Kitchen,Prestige,12729.87,1,2026-02-04,Pending
3224,559,79,Competitive Exam Guide,Books,Scholastic,246.23,1,2025-06-23,Delivered
3225,1709,83,Children's Story Book,Books,Penguin,653.81,1,2026-02-02,Shipped
3226,986,22,Neckband Earphones,Electronics,Samsung,88477.08,1,2026-01-29,Delivered
3227,1618,42,Casual Sneakers,Fashion,Biba,3785.24,1,2026-03-27,Delivered
3228,825,11,LED TV 43-inch,Electronics,boAt,64996.5,1,2025-03-14,Delivered
3229,1177,15,Laptop,Electronics,boAt,39362.3,2,2024-06-07,Delivered
3230,1771,80,Competitive Exam Guide,Books,HarperCollins,370.0,1,2026-02-28,Delivered
3231,1725,84,Children's Story Book,Books,Scholastic,385.29,1,2025-12-31,Delivered
3232,1887,64,Induction Cooktop,Home & Kitchen,Milton,1842.0,1,2025-02-05,Delivered
3233,1483,16,Power Bank 10000mAh,Electronics,OnePlus,66334.9,1,2025-12-12,Delivered
3234,1768,58,Table Lamp,Home & Kitchen,Prestige,8179.15,1,2025-01-20,Delivered
3235,1177,5,Bluetooth Earbuds,Electronics,boAt,25523.15,2,2025-05-17,Delivered
3236,1376,47,Sunglasses,Fashion,Biba,4017.57,1,2025-10-01,Delivered
3237,961,57,Air Fryer,Home & Kitchen,Pigeon,4512.27,1,2025-09-09,Cancelled
3238,1692,57,Air Fryer,Home & Kitchen,Pigeon,3388.98,3,2025-08-08,Delivered
3239,698,54,Non-Stick Pan Set,Home & Kitchen,Philips,892.54,4,2025-01-01,Delivered
3240,208,40,Casual Sneakers,Fashion,Levis,1676.67,1,2026-03-02,Delivered
3241,1298,96,Sunscreen SPF50,Beauty & Personal Care,Plum,597.56,2,2025-09-17,Delivered
3242,496,83,Children's Story Book,Books,Penguin,923.27,1,2026-05-24,Delivered
3243,1683,25,Men's T-Shirt,Fashion,Allen Solly,4147.61,1,2024-08-18,Delivered
3244,1940,128,Resistance Band Set,Sports & Fitness,Decathlon,567.15,1,2025-08-16,Shipped
3245,1299,14,Laptop,Electronics,Xiaomi,25184.75,1,2026-07-27,Delivered
3246,1408,88,Business Book,Books,Penguin,452.94,1,2025-11-24,Delivered
3247,321,96,Sunscreen SPF50,Beauty & Personal Care,Plum,2160.25,1,2025-04-23,Delivered
3248,1641,125,Football,Sports & Fitness,Cosco,5439.72,1,2026-02-12,Delivered
3249,511,89,Business Book,Books,Bloomsbury,912.08,1,2026-02-18,Delivered
3250,1494,66,Induction Cooktop,Home & Kitchen,Cello,12126.91,4,2025-12-02,Delivered
3251,1791,86,Biography,Books,HarperCollins,721.81,2,2025-07-10,Delivered
3252,1017,101,Body Lotion,Beauty & Personal Care,Lakme,1164.77,1,2026-05-13,Shipped
3253,1294,72,Bedsheet Set,Home & Kitchen,Prestige,5471.14,1,2025-11-08,Cancelled
3254,247,35,Denim Jeans,Fashion,Van Heusen,4272.27,1,2026-01-05,Delivered
3255,1099,111,Perfume,Beauty & Personal Care,Plum,707.0,1,2025-11-13,Returned
3256,2,19,Bluetooth Speaker,Electronics,boAt,28688.35,1,2025-06-30,Delivered
3257,1244,99,Hair Serum,Beauty & Personal Care,Plum,1326.29,1,2025-09-12,Delivered
3258,1220,20,Bluetooth Speaker,Electronics,Xiaomi,28100.62,1,2025-09-28,Delivered
3259,866,11,LED TV 43-inch,Electronics,boAt,67267.53,1,2024-08-22,Delivered
3260,162,107,Trimmer,Beauty & Personal Care,Plum,1870.93,2,2026-07-07,Delivered
3261,1229,129,Resistance Band Set,Sports & Fitness,Yonex,3988.42,1,2025-11-28,Delivered
3262,576,101,Body Lotion,Beauty & Personal Care,Lakme,1691.64,1,2026-02-05,Delivered
3263,1072,122,Badminton Racket,Sports & Fitness,Yonex,5011.51,2,2025-08-23,Delivered
3264,1674,108,Trimmer,Beauty & Personal Care,Lakme,2336.76,1,2025-11-30,Delivered
3265,73,86,Biography,Books,HarperCollins,992.93,2,2026-06-09,Delivered
3266,329,46,Sunglasses,Fashion,H&M,2761.83,1,2025-05-01,Shipped
3267,1464,1,Smartphone,Electronics,Xiaomi,65380.02,4,2025-07-23,Delivered
3268,1370,75,Fiction Novel,Books,Bloomsbury,501.69,1,2026-05-08,Delivered
3269,721,5,Bluetooth Earbuds,Electronics,boAt,42376.01,1,2025-06-01,Delivered
3270,1600,57,Air Fryer,Home & Kitchen,Pigeon,882.89,1,2025-12-29,Delivered
3271,1812,96,Sunscreen SPF50,Beauty & Personal Care,Plum,391.61,1,2025-11-24,Pending
3272,1245,106,Trimmer,Beauty & Personal Care,Mamaearth,1233.41,1,2025-09-03,Delivered
3273,540,112,Yoga Mat,Sports & Fitness,Nivia,2775.64,1,2025-09-14,Delivered
3274,764,87,Biography,Books,Bloomsbury,785.58,3,2024-11-14,Delivered
3275,624,12,LED TV 43-inch,Electronics,JBL,32116.61,1,2025-04-09,Delivered
3276,824,78,Self-Help Book,Books,HarperCollins,323.05,2,2024-11-18,Delivered
3277,1877,113,Yoga Mat,Sports & Fitness,Decathlon,1623.66,3,2025-10-24,Delivered
3278,67,89,Business Book,Books,Bloomsbury,484.67,2,2024-08-21,Delivered
3279,1579,123,Badminton Racket,Sports & Fitness,Decathlon,3477.35,1,2025-07-09,Delivered
3280,204,124,Football,Sports & Fitness,Nivia,935.2,2,2026-02-04,Cancelled
3281,221,124,Football,Sports & Fitness,Nivia,4777.42,1,2025-10-09,Delivered
3282,538,36,Denim Jeans,Fashion,Puma,4782.5,3,2025-11-17,Delivered
3283,658,88,Business Book,Books,Penguin,365.21,4,2025-10-27,Delivered
3284,1525,54,Non-Stick Pan Set,Home & Kitchen,Philips,7491.36,1,2025-12-21,Delivered
3285,486,123,Badminton Racket,Sports & Fitness,Decathlon,1117.71,1,2025-08-14,Delivered
3286,28,73,Fiction Novel,Books,Scholastic,322.86,1,2024-11-13,Delivered
3287,57,75,Fiction Novel,Books,Bloomsbury,300.06,1,2026-05-14,Delivered
3288,1919,126,Football,Sports & Fitness,Yonex,4902.17,2,2025-03-15,Delivered
3289,1164,106,Trimmer,Beauty & Personal Care,Mamaearth,887.12,1,2025-09-15,Delivered
3290,313,128,Resistance Band Set,Sports & Fitness,Decathlon,4912.67,1,2025-08-09,Delivered
3291,1636,87,Biography,Books,Bloomsbury,238.68,2,2026-03-23,Delivered
3292,115,33,Running Shoes,Fashion,Roadster,1473.11,1,2023-10-21,Returned
3293,588,98,Hair Serum,Beauty & Personal Care,Mamaearth,1896.36,1,2024-03-03,Cancelled
3294,1953,93,Face Wash,Beauty & Personal Care,Dove,334.21,1,2024-07-04,Delivered
3295,90,27,Men's T-Shirt,Fashion,Puma,4637.23,2,2026-02-20,Delivered
3296,1766,4,Bluetooth Earbuds,Electronics,Xiaomi,30842.83,1,2025-08-05,Delivered
3297,1454,47,Sunglasses,Fashion,Biba,1321.3,1,2026-07-18,Delivered
3298,602,125,Football,Sports & Fitness,Cosco,4516.22,1,2026-01-20,Delivered
3299,1638,84,Children's Story Book,Books,Scholastic,225.48,1,2026-05-26,Delivered
3300,1130,73,Fiction Novel,Books,Scholastic,371.47,1,2026-02-11,Delivered
3301,1637,39,Formal Shirt,Fashion,Allen Solly,1478.99,1,2026-06-13,Delivered
3302,1484,119,Dumbbell Set 10kg,Sports & Fitness,Adidas,1795.0,1,2026-04-25,Delivered
3303,464,29,Women's Kurta,Fashion,Allen Solly,4591.98,1,2026-05-07,Delivered
3304,1391,32,Running Shoes,Fashion,H&M,4623.41,2,2025-05-23,Delivered
3305,510,105,Lipstick,Beauty & Personal Care,Nivea,164.04,1,2025-11-20,Delivered
3306,1907,24,Neckband Earphones,Electronics,Realme,78702.49,1,2026-01-26,Delivered
3307,1702,33,Running Shoes,Fashion,Roadster,3747.1,2,2026-06-26,Delivered
3308,1348,37,Formal Shirt,Fashion,Van Heusen,4474.44,2,2025-11-25,Delivered
3309,1131,55,Air Fryer,Home & Kitchen,Bajaj,3939.69,4,2025-11-20,Delivered
3310,161,51,Mixer Grinder,Home & Kitchen,Philips,9883.14,1,2025-02-02,Delivered
3311,1757,27,Men's T-Shirt,Fashion,Puma,1765.64,3,2026-08-06,Delivered
3312,176,60,Table Lamp,Home & Kitchen,Pigeon,2245.3,1,2025-12-07,Delivered
3313,1203,80,Competitive Exam Guide,Books,HarperCollins,379.64,1,2025-11-20,Delivered
3314,3,71,Bedsheet Set,Home & Kitchen,Pigeon,10351.91,2,2025-09-19,Returned
3315,929,129,Resistance Band Set,Sports & Fitness,Yonex,3318.64,1,2026-06-02,Delivered
3316,215,91,Face Wash,Beauty & Personal Care,The Man Company,1941.88,1,2026-03-31,Delivered
3317,257,118,Dumbbell Set 10kg,Sports & Fitness,Decathlon,2430.23,4,2026-07-26,Delivered
3318,1620,69,Wall Clock,Home & Kitchen,Philips,597.35,1,2026-06-18,Pending
3319,922,116,Cricket Bat,Sports & Fitness,Adidas,224.23,3,2025-01-18,Delivered
3320,219,101,Body Lotion,Beauty & Personal Care,Lakme,1906.32,4,2025-12-14,Delivered
3321,381,104,Lipstick,Beauty & Personal Care,Dove,2413.16,1,2026-02-14,Cancelled
3322,35,116,Cricket Bat,Sports & Fitness,Adidas,2583.03,3,2025-09-15,Delivered
3323,1140,102,Body Lotion,Beauty & Personal Care,Mamaearth,716.37,1,2025-09-19,Delivered
3324,55,104,Lipstick,Beauty & Personal Care,Dove,1662.42,1,2026-07-22,Cancelled
3325,340,10,LED TV 43-inch,Electronics,Apple,35452.97,1,2026-03-20,Delivered
3326,903,103,Lipstick,Beauty & Personal Care,The Man Company,1239.12,1,2025-08-29,Delivered
3327,1587,70,Bedsheet Set,Home & Kitchen,Bajaj,6735.76,1,2025-10-30,Delivered
3328,1840,104,Lipstick,Beauty & Personal Care,Dove,2048.09,1,2025-11-08,Delivered
3329,1827,120,Dumbbell Set 10kg,Sports & Fitness,Yonex,225.72,1,2025-06-29,Delivered
3330,1958,57,Air Fryer,Home & Kitchen,Pigeon,8585.49,1,2026-01-16,Returned
3331,1220,10,LED TV 43-inch,Electronics,Apple,40417.29,1,2025-09-06,Shipped
3332,152,109,Perfume,Beauty & Personal Care,The Man Company,2104.55,4,2025-06-19,Delivered
3333,49,24,Neckband Earphones,Electronics,Realme,24709.02,1,2024-10-06,Shipped
3334,1660,109,Perfume,Beauty & Personal Care,The Man Company,1201.19,1,2025-04-11,Delivered
3335,1356,105,Lipstick,Beauty & Personal Care,Nivea,2463.58,3,2025-08-13,Delivered
3336,332,123,Badminton Racket,Sports & Fitness,Decathlon,5476.85,1,2026-07-08,Delivered
3337,480,1,Smartphone,Electronics,Xiaomi,78976.92,2,2025-06-22,Delivered
3338,1423,47,Sunglasses,Fashion,Biba,2107.22,1,2026-02-04,Delivered
3339,1474,29,Women's Kurta,Fashion,Allen Solly,4798.05,1,2025-05-05,Delivered
3340,935,117,Cricket Bat,Sports & Fitness,Decathlon,1670.9,1,2024-12-19,Delivered
3341,876,70,Bedsheet Set,Home & Kitchen,Bajaj,6707.73,2,2026-02-09,Delivered
3342,1881,90,Business Book,Books,Rupa Publications,860.22,1,2025-11-21,Delivered
3343,1355,40,Casual Sneakers,Fashion,Levis,4368.06,1,2024-12-27,Delivered
3344,929,21,Bluetooth Speaker,Electronics,Apple,89199.14,3,2026-05-20,Delivered
3345,412,124,Football,Sports & Fitness,Nivia,6437.39,1,2026-01-31,Shipped
3346,882,26,Men's T-Shirt,Fashion,Nike,2544.15,1,2025-12-10,Delivered
3347,1245,32,Running Shoes,Fashion,H&M,2125.33,1,2024-10-15,Delivered
3348,1662,49,Mixer Grinder,Home & Kitchen,Havells,12163.4,1,2026-03-27,Delivered
3349,620,115,Cricket Bat,Sports & Fitness,Nivia,304.91,3,2025-05-17,Delivered
3350,1287,93,Face Wash,Beauty & Personal Care,Dove,1291.09,2,2025-11-06,Delivered
3351,1470,34,Denim Jeans,Fashion,H&M,2533.55,2,2025-12-07,Delivered
3352,1108,102,Body Lotion,Beauty & Personal Care,Mamaearth,2390.35,1,2026-06-26,Delivered
3353,660,15,Laptop,Electronics,boAt,30169.62,1,2024-08-09,Delivered
3354,110,21,Bluetooth Speaker,Electronics,Apple,70711.43,2,2026-08-16,Delivered
3355,1579,22,Neckband Earphones,Electronics,Samsung,73762.48,1,2026-01-07,Delivered
3356,1733,50,Mixer Grinder,Home & Kitchen,Pigeon,7412.56,2,2025-09-28,Shipped
3357,1530,21,Bluetooth Speaker,Electronics,Apple,13225.9,1,2025-10-22,Delivered
3358,97,36,Denim Jeans,Fashion,Puma,3378.2,1,2026-04-24,Returned
3359,1364,14,Laptop,Electronics,Xiaomi,68962.25,1,2026-06-06,Returned
3360,1452,104,Lipstick,Beauty & Personal Care,Dove,1272.47,1,2026-02-16,Shipped
3361,151,68,Wall Clock,Home & Kitchen,Havells,6996.62,1,2026-04-05,Returned
3362,955,63,Water Bottle Set,Home & Kitchen,Cello,8257.65,1,2026-05-12,Returned
3363,744,108,Trimmer,Beauty & Personal Care,Lakme,313.99,1,2026-06-03,Pending
3364,1582,35,Denim Jeans,Fashion,Van Heusen,4429.3,1,2026-07-08,Delivered
3365,168,102,Body Lotion,Beauty & Personal Care,Mamaearth,2080.58,1,2025-08-19,Delivered
3366,1307,58,Table Lamp,Home & Kitchen,Prestige,10811.99,1,2025-10-26,Delivered
3367,1566,112,Yoga Mat,Sports & Fitness,Nivia,4330.34,1,2025-08-10,Delivered
3368,1870,17,Power Bank 10000mAh,Electronics,Samsung,37712.38,1,2025-10-24,Delivered
3369,1714,18,Power Bank 10000mAh,Electronics,Sony,64400.12,2,2025-05-23,Delivered
3370,704,39,Formal Shirt,Fashion,Allen Solly,4460.9,1,2024-08-28,Delivered
3371,931,98,Hair Serum,Beauty & Personal Care,Mamaearth,2235.95,1,2026-04-28,Delivered
3372,1240,83,Children's Story Book,Books,Penguin,860.09,1,2026-03-03,Delivered
3373,379,107,Trimmer,Beauty & Personal Care,Plum,1938.78,1,2026-04-09,Delivered
3374,571,64,Induction Cooktop,Home & Kitchen,Milton,10467.29,2,2026-01-13,Delivered
3375,1441,112,Yoga Mat,Sports & Fitness,Nivia,3648.61,2,2025-12-27,Returned
3376,153,57,Air Fryer,Home & Kitchen,Pigeon,3064.03,1,2025-02-28,Delivered
3377,1450,128,Resistance Band Set,Sports & Fitness,Decathlon,3455.54,2,2025-09-20,Delivered
3378,713,15,Laptop,Electronics,boAt,69565.37,3,2025-10-03,Delivered
3379,342,123,Badminton Racket,Sports & Fitness,Decathlon,6516.68,1,2026-01-25,Shipped
3380,1182,5,Bluetooth Earbuds,Electronics,boAt,64419.95,1,2025-11-08,Delivered
3381,483,30,Women's Kurta,Fashion,Biba,2237.54,3,2025-07-08,Shipped
3382,810,56,Air Fryer,Home & Kitchen,Prestige,2107.37,1,2025-12-24,Delivered
3383,1097,45,Handbag,Fashion,Allen Solly,3224.7,1,2026-02-03,Delivered
3384,1163,120,Dumbbell Set 10kg,Sports & Fitness,Yonex,5432.02,2,2026-05-15,Pending
3385,1632,92,Face Wash,Beauty & Personal Care,Plum,2444.35,2,2026-03-15,Delivered
3386,710,38,Formal Shirt,Fashion,Levis,1496.82,1,2024-05-05,Delivered
3387,151,56,Air Fryer,Home & Kitchen,Prestige,12841.4,4,2026-04-05,Delivered
3388,448,109,Perfume,Beauty & Personal Care,The Man Company,497.78,1,2025-12-15,Shipped
3389,949,27,Men's T-Shirt,Fashion,Puma,785.03,1,2026-03-12,Delivered
3390,1496,53,Non-Stick Pan Set,Home & Kitchen,Pigeon,2900.93,2,2026-03-05,Delivered
3391,741,9,Smartwatch,Electronics,boAt,67084.89,1,2026-05-31,Delivered
3392,1975,36,Denim Jeans,Fashion,Puma,2702.0,1,2025-07-29,Returned
3393,1771,29,Women's Kurta,Fashion,Allen Solly,483.78,1,2024-10-08,Delivered
3394,1075,44,Handbag,Fashion,Van Heusen,3291.38,1,2024-11-13,Delivered
3395,724,90,Business Book,Books,Rupa Publications,233.41,1,2026-04-24,Delivered
3396,132,6,Bluetooth Earbuds,Electronics,Sony,49895.86,1,2025-10-18,Delivered
3397,1700,112,Yoga Mat,Sports & Fitness,Nivia,4835.77,1,2025-11-23,Delivered
3398,881,54,Non-Stick Pan Set,Home & Kitchen,Philips,8271.69,1,2026-01-15,Delivered
3399,1498,91,Face Wash,Beauty & Personal Care,The Man Company,929.24,1,2025-12-27,Delivered
3400,1960,21,Bluetooth Speaker,Electronics,Apple,3685.61,1,2025-04-17,Delivered
3401,1102,33,Running Shoes,Fashion,Roadster,904.46,2,2026-01-18,Delivered
3402,98,108,Trimmer,Beauty & Personal Care,Lakme,174.23,1,2023-12-09,Delivered
3403,660,60,Table Lamp,Home & Kitchen,Pigeon,284.96,3,2024-05-20,Delivered
3404,1399,71,Bedsheet Set,Home & Kitchen,Pigeon,2767.02,1,2025-03-04,Cancelled
3405,1177,112,Yoga Mat,Sports & Fitness,Nivia,5418.14,1,2024-07-24,Shipped
3406,62,29,Women's Kurta,Fashion,Allen Solly,4393.64,2,2026-03-13,Delivered
3407,865,110,Perfume,Beauty & Personal Care,Lakme,1587.71,2,2026-02-28,Delivered
3408,1385,64,Induction Cooktop,Home & Kitchen,Milton,2879.85,1,2025-02-25,Delivered
3409,1864,5,Bluetooth Earbuds,Electronics,boAt,35545.5,1,2026-03-30,Delivered
3410,951,74,Fiction Novel,Books,HarperCollins,360.13,2,2025-01-09,Delivered
3411,205,25,Men's T-Shirt,Fashion,Allen Solly,2601.07,1,2025-03-18,Delivered
3412,846,44,Handbag,Fashion,Van Heusen,2722.9,1,2026-02-22,Delivered
3413,244,5,Bluetooth Earbuds,Electronics,boAt,59153.37,4,2025-10-11,Delivered
3414,1174,107,Trimmer,Beauty & Personal Care,Plum,380.98,2,2026-06-15,Delivered
3415,676,85,Biography,Books,Scholastic,434.23,1,2026-02-26,Delivered
3416,273,13,Laptop,Electronics,Sony,29733.45,2,2025-11-15,Delivered
3417,934,78,Self-Help Book,Books,HarperCollins,310.51,3,2025-11-07,Delivered
3418,1956,79,Competitive Exam Guide,Books,Scholastic,546.25,1,2025-12-09,Shipped
3419,1529,51,Mixer Grinder,Home & Kitchen,Philips,7845.63,1,2026-03-17,Delivered
3420,238,41,Casual Sneakers,Fashion,Allen Solly,4139.24,1,2026-04-14,Delivered
3421,1710,115,Cricket Bat,Sports & Fitness,Nivia,4987.05,1,2024-10-20,Delivered
3422,83,114,Yoga Mat,Sports & Fitness,Adidas,2078.25,1,2024-12-04,Shipped
3423,41,92,Face Wash,Beauty & Personal Care,Plum,2034.5,1,2025-01-07,Cancelled
3424,15,121,Badminton Racket,Sports & Fitness,Cosco,999.58,1,2025-12-13,Delivered
3425,1821,80,Competitive Exam Guide,Books,HarperCollins,843.14,1,2026-03-05,Delivered
3426,1829,85,Biography,Books,Scholastic,962.66,2,2025-05-03,Delivered
3427,747,47,Sunglasses,Fashion,Biba,511.42,2,2025-10-05,Delivered
3428,834,114,Yoga Mat,Sports & Fitness,Adidas,3571.29,1,2025-06-19,Returned
3429,220,115,Cricket Bat,Sports & Fitness,Nivia,6927.19,2,2025-11-27,Delivered
3430,1452,85,Biography,Books,Scholastic,519.96,4,2025-02-25,Delivered
3431,513,27,Men's T-Shirt,Fashion,Puma,711.49,1,2025-03-15,Delivered
3432,1828,119,Dumbbell Set 10kg,Sports & Fitness,Adidas,6397.63,1,2026-03-04,Delivered
3433,1799,43,Handbag,Fashion,Biba,1152.21,2,2025-04-04,Delivered
3434,1453,97,Hair Serum,Beauty & Personal Care,Lakme,291.85,3,2025-08-15,Delivered
3435,940,19,Bluetooth Speaker,Electronics,boAt,12386.5,1,2025-06-11,Delivered
3436,1058,59,Table Lamp,Home & Kitchen,Havells,338.66,4,2025-09-28,Delivered
3437,800,30,Women's Kurta,Fashion,Biba,3813.2,2,2026-04-06,Delivered
3438,1547,33,Running Shoes,Fashion,Roadster,2491.75,1,2025-11-01,Shipped
3439,1426,57,Air Fryer,Home & Kitchen,Pigeon,2942.36,1,2026-01-17,Delivered
3440,1807,91,Face Wash,Beauty & Personal Care,The Man Company,2222.91,1,2025-08-13,Delivered
3441,1317,102,Body Lotion,Beauty & Personal Care,Mamaearth,1353.44,1,2026-05-27,Delivered
3442,529,120,Dumbbell Set 10kg,Sports & Fitness,Yonex,2891.29,1,2026-01-23,Delivered
3443,1837,2,Smartphone,Electronics,Apple,42746.55,1,2025-11-02,Delivered
3444,1193,77,Self-Help Book,Books,Scholastic,802.65,1,2026-06-18,Delivered
3445,1316,80,Competitive Exam Guide,Books,HarperCollins,348.39,2,2025-11-14,Delivered
3446,826,44,Handbag,Fashion,Van Heusen,3794.94,1,2025-09-25,Delivered
3447,1897,60,Table Lamp,Home & Kitchen,Pigeon,4044.91,1,2025-03-31,Delivered
3448,1164,8,Smartwatch,Electronics,OnePlus,84351.1,2,2025-08-07,Delivered
3449,1188,54,Non-Stick Pan Set,Home & Kitchen,Philips,11990.5,1,2025-11-10,Shipped
3450,1305,14,Laptop,Electronics,Xiaomi,42014.86,1,2025-12-15,Cancelled
3451,1979,81,Competitive Exam Guide,Books,Penguin,504.4,2,2025-06-08,Shipped
3452,1018,19,Bluetooth Speaker,Electronics,boAt,34553.77,1,2025-03-19,Pending
3453,447,10,LED TV 43-inch,Electronics,Apple,44400.47,3,2026-07-07,Delivered
3454,907,26,Men's T-Shirt,Fashion,Nike,4088.94,2,2025-11-10,Delivered
3455,795,50,Mixer Grinder,Home & Kitchen,Pigeon,4281.86,1,2025-12-05,Delivered
3456,1008,100,Body Lotion,Beauty & Personal Care,The Man Company,1521.09,1,2026-03-17,Delivered
3457,1458,73,Fiction Novel,Books,Scholastic,111.29,3,2025-08-01,Delivered
3458,1204,34,Denim Jeans,Fashion,H&M,4782.5,1,2025-10-10,Delivered
3459,1492,23,Neckband Earphones,Electronics,JBL,69035.15,4,2024-10-27,Shipped
3460,1400,51,Mixer Grinder,Home & Kitchen,Philips,2271.43,1,2026-04-13,Delivered
3461,1456,73,Fiction Novel,Books,Scholastic,659.76,1,2026-02-07,Delivered
3462,110,33,Running Shoes,Fashion,Roadster,1453.64,1,2026-08-17,Delivered
3463,869,85,Biography,Books,Scholastic,896.61,1,2026-02-01,Delivered
3464,643,116,Cricket Bat,Sports & Fitness,Adidas,6908.52,1,2025-04-21,Pending
3465,76,121,Badminton Racket,Sports & Fitness,Cosco,1909.04,1,2024-10-25,Pending
3466,544,93,Face Wash,Beauty & Personal Care,Dove,1473.46,2,2026-05-02,Cancelled
3467,228,64,Induction Cooktop,Home & Kitchen,Milton,12070.44,1,2026-04-13,Shipped
3468,303,4,Bluetooth Earbuds,Electronics,Xiaomi,75971.31,1,2025-07-15,Delivered
3469,830,44,Handbag,Fashion,Van Heusen,4384.73,3,2025-06-06,Delivered
3470,486,7,Smartwatch,Electronics,Samsung,33328.25,1,2025-11-12,Delivered
3471,1424,2,Smartphone,Electronics,Apple,84362.44,1,2025-12-26,Delivered
3472,1925,86,Biography,Books,HarperCollins,144.95,4,2025-03-28,Delivered
3473,682,128,Resistance Band Set,Sports & Fitness,Decathlon,3588.25,2,2025-06-08,Delivered
3474,1377,56,Air Fryer,Home & Kitchen,Prestige,3208.11,1,2025-03-03,Delivered
3475,393,16,Power Bank 10000mAh,Electronics,OnePlus,24245.48,2,2025-09-22,Delivered
3476,1065,63,Water Bottle Set,Home & Kitchen,Cello,5352.92,1,2025-01-01,Delivered
3477,1679,109,Perfume,Beauty & Personal Care,The Man Company,2240.01,1,2026-08-16,Delivered
3478,1405,114,Yoga Mat,Sports & Fitness,Adidas,2745.77,1,2025-02-02,Delivered
3479,214,10,LED TV 43-inch,Electronics,Apple,39303.6,3,2026-07-20,Delivered
3480,1880,88,Business Book,Books,Penguin,709.39,1,2026-01-27,Delivered
3481,1197,65,Induction Cooktop,Home & Kitchen,Prestige,4193.07,1,2026-03-04,Delivered
3482,975,30,Women's Kurta,Fashion,Biba,2096.24,2,2026-03-31,Delivered
3483,397,60,Table Lamp,Home & Kitchen,Pigeon,7748.12,1,2026-02-28,Cancelled
3484,1517,97,Hair Serum,Beauty & Personal Care,Lakme,1989.51,1,2025-10-05,Delivered
3485,1742,123,Badminton Racket,Sports & Fitness,Decathlon,777.27,1,2025-08-11,Delivered
3486,1774,33,Running Shoes,Fashion,Roadster,4455.96,1,2024-04-11,Delivered
3487,911,117,Cricket Bat,Sports & Fitness,Decathlon,5498.95,1,2026-07-05,Delivered
3488,664,114,Yoga Mat,Sports & Fitness,Adidas,5566.14,3,2025-07-25,Shipped
3489,128,39,Formal Shirt,Fashion,Allen Solly,1045.26,1,2025-05-17,Cancelled
3490,1531,21,Bluetooth Speaker,Electronics,Apple,88290.89,1,2026-01-03,Pending
3491,1134,67,Wall Clock,Home & Kitchen,Cello,5552.46,1,2025-03-05,Delivered
3492,664,70,Bedsheet Set,Home & Kitchen,Bajaj,6510.14,1,2024-08-25,Delivered
3493,1677,110,Perfume,Beauty & Personal Care,Lakme,2231.37,3,2026-05-18,Delivered
3494,1423,88,Business Book,Books,Penguin,258.2,1,2025-10-25,Delivered
3495,954,121,Badminton Racket,Sports & Fitness,Cosco,3563.76,3,2025-12-06,Delivered
3496,905,70,Bedsheet Set,Home & Kitchen,Bajaj,5560.32,1,2024-06-18,Delivered
3497,1777,23,Neckband Earphones,Electronics,JBL,13490.3,1,2024-07-15,Delivered
3498,930,40,Casual Sneakers,Fashion,Levis,2864.05,1,2026-05-17,Delivered
3499,1630,38,Formal Shirt,Fashion,Levis,4498.83,1,2025-10-06,Delivered
3500,1319,66,Induction Cooktop,Home & Kitchen,Cello,1772.96,1,2026-01-11,Delivered
3501,1773,109,Perfume,Beauty & Personal Care,The Man Company,227.2,1,2025-07-26,Delivered
3502,1112,52,Non-Stick Pan Set,Home & Kitchen,Bajaj,1195.95,2,2025-08-11,Delivered
3503,775,121,Badminton Racket,Sports & Fitness,Cosco,6791.02,1,2025-02-25,Delivered
3504,132,49,Mixer Grinder,Home & Kitchen,Havells,11692.98,3,2024-09-03,Delivered
3505,538,93,Face Wash,Beauty & Personal Care,Dove,708.82,1,2024-08-20,Delivered
3506,171,5,Bluetooth Earbuds,Electronics,boAt,8357.88,1,2026-02-27,Pending
3507,1140,6,Bluetooth Earbuds,Electronics,Sony,47388.11,1,2025-11-27,Delivered
3508,966,103,Lipstick,Beauty & Personal Care,The Man Company,1290.86,3,2025-01-30,Delivered
3509,81,27,Men's T-Shirt,Fashion,Puma,3704.3,1,2026-02-02,Cancelled
3510,120,109,Perfume,Beauty & Personal Care,The Man Company,2440.35,1,2025-08-17,Delivered
3511,1223,39,Formal Shirt,Fashion,Allen Solly,3345.15,1,2026-03-13,Delivered
3512,110,24,Neckband Earphones,Electronics,Realme,3919.91,2,2026-07-28,Shipped
3513,105,14,Laptop,Electronics,Xiaomi,73518.59,1,2025-11-24,Delivered
3514,58,4,Bluetooth Earbuds,Electronics,Xiaomi,34001.38,1,2025-12-25,Delivered
3515,1158,59,Table Lamp,Home & Kitchen,Havells,9216.45,1,2026-01-18,Delivered
3516,25,45,Handbag,Fashion,Allen Solly,3213.49,3,2026-07-05,Delivered
3517,1279,122,Badminton Racket,Sports & Fitness,Yonex,2028.41,1,2026-01-31,Delivered
3518,1360,86,Biography,Books,HarperCollins,675.0,2,2026-03-11,Delivered
3519,1219,116,Cricket Bat,Sports & Fitness,Adidas,5286.53,1,2026-03-15,Delivered
3520,710,67,Wall Clock,Home & Kitchen,Cello,8778.1,1,2024-09-13,Delivered
3521,829,90,Business Book,Books,Rupa Publications,799.7,1,2025-02-05,Delivered
3522,1928,94,Sunscreen SPF50,Beauty & Personal Care,Mamaearth,367.35,3,2026-02-02,Delivered
3523,940,59,Table Lamp,Home & Kitchen,Havells,11321.08,2,2026-05-02,Cancelled
3524,810,115,Cricket Bat,Sports & Fitness,Nivia,2778.38,1,2026-01-03,Delivered
3525,772,2,Smartphone,Electronics,Apple,75502.45,1,2026-01-18,Delivered
3526,182,118,Dumbbell Set 10kg,Sports & Fitness,Decathlon,2247.01,1,2026-02-10,Cancelled
3527,1067,101,Body Lotion,Beauty & Personal Care,Lakme,1362.1,1,2026-08-08,Delivered
3528,1254,55,Air Fryer,Home & Kitchen,Bajaj,12438.03,2,2025-01-31,Delivered
3529,351,12,LED TV 43-inch,Electronics,JBL,60905.57,1,2025-02-04,Delivered
3530,55,112,Yoga Mat,Sports & Fitness,Nivia,1620.88,1,2025-09-14,Delivered
3531,650,28,Women's Kurta,Fashion,Levis,755.7,1,2025-06-08,Delivered
3532,117,96,Sunscreen SPF50,Beauty & Personal Care,Plum,2030.6,2,2026-04-12,Shipped
3533,513,109,Perfume,Beauty & Personal Care,The Man Company,2257.11,1,2025-05-25,Delivered
3534,1489,57,Air Fryer,Home & Kitchen,Pigeon,10684.96,1,2025-03-11,Delivered
3535,1182,54,Non-Stick Pan Set,Home & Kitchen,Philips,916.02,1,2025-11-20,Delivered
3536,407,3,Smartphone,Electronics,boAt,79079.53,1,2026-06-14,Delivered
3537,1345,68,Wall Clock,Home & Kitchen,Havells,2223.51,1,2026-03-10,Shipped
3538,1358,3,Smartphone,Electronics,boAt,30676.23,1,2026-04-28,Delivered
3539,336,124,Football,Sports & Fitness,Nivia,6464.44,1,2026-02-18,Delivered
3540,1249,73,Fiction Novel,Books,Scholastic,522.43,1,2025-03-05,Delivered
3541,1106,79,Competitive Exam Guide,Books,Scholastic,446.94,1,2025-02-01,Delivered
3542,1916,124,Football,Sports & Fitness,Nivia,5102.2,3,2025-12-15,Delivered
3543,1627,21,Bluetooth Speaker,Electronics,Apple,24191.74,1,2026-03-22,Delivered
3544,689,70,Bedsheet Set,Home & Kitchen,Bajaj,4636.75,1,2025-08-25,Cancelled
3545,371,110,Perfume,Beauty & Personal Care,Lakme,1605.23,1,2026-01-10,Delivered
3546,932,119,Dumbbell Set 10kg,Sports & Fitness,Adidas,6595.82,1,2025-11-16,Delivered
3547,1051,76,Self-Help Book,Books,Bloomsbury,968.83,1,2026-07-10,Delivered
3548,1881,55,Air Fryer,Home & Kitchen,Bajaj,5552.35,3,2025-11-02,Delivered
3549,673,112,Yoga Mat,Sports & Fitness,Nivia,1436.57,1,2026-05-26,Delivered
3550,132,54,Non-Stick Pan Set,Home & Kitchen,Philips,3451.39,3,2026-07-01,Delivered
3551,56,72,Bedsheet Set,Home & Kitchen,Prestige,10977.99,1,2024-07-18,Cancelled
3552,981,109,Perfume,Beauty & Personal Care,The Man Company,1838.1,1,2025-10-10,Delivered
3553,1887,93,Face Wash,Beauty & Personal Care,Dove,1111.54,2,2026-03-27,Delivered
3554,271,16,Power Bank 10000mAh,Electronics,OnePlus,86974.05,2,2026-08-17,Delivered
3555,858,8,Smartwatch,Electronics,OnePlus,78080.9,4,2025-09-13,Delivered
3556,72,34,Denim Jeans,Fashion,H&M,2411.7,3,2024-08-17,Delivered
3557,109,46,Sunglasses,Fashion,H&M,4098.6,3,2025-12-22,Delivered
3558,1861,106,Trimmer,Beauty & Personal Care,Mamaearth,1642.99,1,2025-07-25,Delivered
3559,1787,108,Trimmer,Beauty & Personal Care,Lakme,590.92,1,2026-03-19,Cancelled
3560,267,54,Non-Stick Pan Set,Home & Kitchen,Philips,7179.98,1,2025-10-24,Delivered
3561,381,125,Football,Sports & Fitness,Cosco,3868.19,2,2025-09-09,Returned
3562,853,77,Self-Help Book,Books,Scholastic,411.05,2,2024-05-24,Delivered
3563,822,91,Face Wash,Beauty & Personal Care,The Man Company,1166.57,2,2025-04-28,Delivered
3564,1071,43,Handbag,Fashion,Biba,3252.85,1,2026-04-26,Delivered
3565,694,44,Handbag,Fashion,Van Heusen,4598.89,1,2026-08-17,Delivered
3566,887,81,Competitive Exam Guide,Books,Penguin,849.76,1,2025-09-27,Delivered
3567,1889,80,Competitive Exam Guide,Books,HarperCollins,257.04,1,2025-12-18,Delivered
3568,1419,74,Fiction Novel,Books,HarperCollins,503.11,1,2026-02-28,Delivered
3569,497,57,Air Fryer,Home & Kitchen,Pigeon,10955.62,1,2024-05-27,Delivered
3570,1138,118,Dumbbell Set 10kg,Sports & Fitness,Decathlon,818.96,2,2026-03-15,Returned
3571,430,5,Bluetooth Earbuds,Electronics,boAt,19351.28,1,2026-01-05,Delivered
3572,894,33,Running Shoes,Fashion,Roadster,4000.95,3,2026-06-18,Delivered
3573,1117,87,Biography,Books,Bloomsbury,266.54,1,2025-08-06,Delivered
3574,776,63,Water Bottle Set,Home & Kitchen,Cello,2155.68,1,2026-06-20,Shipped
3575,920,69,Wall Clock,Home & Kitchen,Philips,5828.8,1,2025-09-11,Delivered
3576,833,59,Table Lamp,Home & Kitchen,Havells,10753.46,1,2025-09-12,Delivered
3577,1666,95,Sunscreen SPF50,Beauty & Personal Care,The Man Company,1277.8,1,2026-03-17,Delivered
3578,396,34,Denim Jeans,Fashion,H&M,4335.26,2,2026-05-17,Delivered
3579,1320,10,LED TV 43-inch,Electronics,Apple,5788.37,1,2025-12-17,Delivered
3580,731,121,Badminton Racket,Sports & Fitness,Cosco,1683.6,3,2025-12-12,Delivered
3581,452,33,Running Shoes,Fashion,Roadster,1099.01,1,2026-01-05,Shipped
3582,918,6,Bluetooth Earbuds,Electronics,Sony,28644.78,1,2026-04-21,Delivered
3583,1564,85,Biography,Books,Scholastic,406.96,1,2026-04-14,Delivered
3584,1237,58,Table Lamp,Home & Kitchen,Prestige,12758.08,2,2025-12-25,Returned
3585,939,27,Men's T-Shirt,Fashion,Puma,787.8,1,2025-11-18,Delivered
3586,1749,93,Face Wash,Beauty & Personal Care,Dove,2002.48,1,2026-05-18,Cancelled
3587,585,118,Dumbbell Set 10kg,Sports & Fitness,Decathlon,1782.36,1,2025-12-17,Cancelled
3588,1790,3,Smartphone,Electronics,boAt,27293.18,4,2025-03-31,Delivered
3589,1900,111,Perfume,Beauty & Personal Care,Plum,1322.73,1,2026-04-03,Delivered
3590,366,19,Bluetooth Speaker,Electronics,boAt,86862.97,1,2025-10-22,Delivered
3591,677,120,Dumbbell Set 10kg,Sports & Fitness,Yonex,6441.53,1,2025-04-07,Delivered
3592,1739,42,Casual Sneakers,Fashion,Biba,1423.01,1,2025-06-04,Shipped
3593,1194,72,Bedsheet Set,Home & Kitchen,Prestige,12474.81,1,2026-02-28,Delivered
3594,845,83,Children's Story Book,Books,Penguin,284.7,1,2024-01-20,Shipped
3595,97,63,Water Bottle Set,Home & Kitchen,Cello,7591.99,1,2026-05-07,Delivered
3596,1478,128,Resistance Band Set,Sports & Fitness,Decathlon,818.6,2,2026-05-09,Delivered
3597,459,109,Perfume,Beauty & Personal Care,The Man Company,1440.85,1,2024-12-31,Returned
3598,1123,20,Bluetooth Speaker,Electronics,Xiaomi,4205.63,1,2026-01-22,Shipped
3599,750,53,Non-Stick Pan Set,Home & Kitchen,Pigeon,6076.19,2,2026-02-16,Delivered
3600,827,116,Cricket Bat,Sports & Fitness,Adidas,3537.81,1,2026-08-04,Delivered
3601,653,94,Sunscreen SPF50,Beauty & Personal Care,Mamaearth,1578.16,1,2026-04-23,Delivered
3602,1428,76,Self-Help Book,Books,Bloomsbury,417.11,1,2026-04-16,Delivered
3603,1253,95,Sunscreen SPF50,Beauty & Personal Care,The Man Company,208.73,1,2025-09-17,Returned
3604,492,100,Body Lotion,Beauty & Personal Care,The Man Company,463.91,2,2025-12-02,Delivered
3605,235,74,Fiction Novel,Books,HarperCollins,906.81,1,2026-01-22,Delivered
3606,1930,34,Denim Jeans,Fashion,H&M,3772.62,1,2026-06-03,Delivered
3607,1657,117,Cricket Bat,Sports & Fitness,Decathlon,6279.7,2,2026-04-29,Delivered
3608,1026,20,Bluetooth Speaker,Electronics,Xiaomi,35975.7,1,2024-09-29,Returned
3609,1250,48,Sunglasses,Fashion,Puma,733.9,2,2025-10-26,Delivered
3610,605,82,Children's Story Book,Books,Rupa Publications,233.04,2,2025-12-15,Delivered
3611,1653,99,Hair Serum,Beauty & Personal Care,Plum,1946.83,3,2026-03-24,Delivered
3612,53,37,Formal Shirt,Fashion,Van Heusen,1709.87,1,2025-08-09,Cancelled
3613,743,62,Water Bottle Set,Home & Kitchen,Pigeon,2445.86,3,2025-11-29,Cancelled
3614,1512,74,Fiction Novel,Books,HarperCollins,107.65,2,2026-07-10,Delivered
3615,1583,75,Fiction Novel,Books,Bloomsbury,678.59,2,2025-06-14,Delivered
3616,514,23,Neckband Earphones,Electronics,JBL,74187.47,3,2025-12-06,Delivered
3617,1701,123,Badminton Racket,Sports & Fitness,Decathlon,4086.38,1,2026-07-18,Delivered
3618,56,123,Badminton Racket,Sports & Fitness,Decathlon,4331.92,1,2025-02-03,Delivered
3619,1866,40,Casual Sneakers,Fashion,Levis,1826.11,1,2025-11-12,Delivered
3620,1844,30,Women's Kurta,Fashion,Biba,1257.55,1,2026-02-22,Shipped
3621,478,129,Resistance Band Set,Sports & Fitness,Yonex,5027.36,1,2025-01-15,Delivered
3622,1231,111,Perfume,Beauty & Personal Care,Plum,1774.98,3,2026-01-18,Delivered
3623,852,127,Resistance Band Set,Sports & Fitness,Nivia,1825.67,2,2024-06-10,Delivered
3624,239,43,Handbag,Fashion,Biba,3209.46,3,2024-09-12,Delivered
3625,1030,11,LED TV 43-inch,Electronics,boAt,9029.21,1,2025-11-03,Delivered
3626,71,13,Laptop,Electronics,Sony,50399.37,1,2024-09-27,Delivered
3627,1185,106,Trimmer,Beauty & Personal Care,Mamaearth,858.74,1,2025-04-30,Delivered
3628,1689,10,LED TV 43-inch,Electronics,Apple,46570.82,1,2025-09-19,Delivered
3629,658,53,Non-Stick Pan Set,Home & Kitchen,Pigeon,1448.78,3,2025-11-12,Delivered
3630,883,103,Lipstick,Beauty & Personal Care,The Man Company,1298.28,4,2026-03-23,Pending
3631,1458,18,Power Bank 10000mAh,Electronics,Sony,82085.5,1,2026-03-22,Returned
3632,446,24,Neckband Earphones,Electronics,Realme,55958.55,3,2025-12-03,Cancelled
3633,982,8,Smartwatch,Electronics,OnePlus,10790.69,2,2026-02-24,Cancelled
3634,47,64,Induction Cooktop,Home & Kitchen,Milton,3722.49,2,2026-01-15,Delivered
3635,881,20,Bluetooth Speaker,Electronics,Xiaomi,23643.28,1,2024-07-15,Delivered
3636,707,127,Resistance Band Set,Sports & Fitness,Nivia,3284.72,2,2025-03-27,Delivered
3637,1449,118,Dumbbell Set 10kg,Sports & Fitness,Decathlon,1232.76,1,2026-03-10,Delivered
3638,1529,7,Smartwatch,Electronics,Samsung,75303.13,1,2025-06-05,Shipped
3639,1032,24,Neckband Earphones,Electronics,Realme,58986.22,2,2025-12-26,Delivered
3640,1576,113,Yoga Mat,Sports & Fitness,Decathlon,6839.57,4,2024-07-19,Shipped
3641,1556,98,Hair Serum,Beauty & Personal Care,Mamaearth,2169.33,1,2026-03-09,Delivered
3642,1782,89,Business Book,Books,Bloomsbury,633.43,1,2026-03-14,Shipped
3643,1767,102,Body Lotion,Beauty & Personal Care,Mamaearth,1082.45,1,2026-02-26,Returned
3644,281,64,Induction Cooktop,Home & Kitchen,Milton,3031.05,1,2026-06-29,Delivered
3645,222,82,Children's Story Book,Books,Rupa Publications,569.62,1,2026-01-03,Delivered
3646,1015,17,Power Bank 10000mAh,Electronics,Samsung,25270.87,1,2026-03-14,Delivered
3647,512,77,Self-Help Book,Books,Scholastic,292.94,1,2024-10-21,Delivered
3648,692,126,Football,Sports & Fitness,Yonex,2192.44,3,2026-03-28,Delivered
3649,1078,44,Handbag,Fashion,Van Heusen,1443.01,1,2025-09-05,Delivered
3650,1722,48,Sunglasses,Fashion,Puma,967.06,2,2025-09-23,Delivered
3651,1110,96,Sunscreen SPF50,Beauty & Personal Care,Plum,1442.46,1,2026-03-20,Delivered
3652,648,55,Air Fryer,Home & Kitchen,Bajaj,8156.63,1,2026-08-08,Delivered
3653,862,55,Air Fryer,Home & Kitchen,Bajaj,11970.56,1,2026-01-26,Delivered
3654,1539,127,Resistance Band Set,Sports & Fitness,Nivia,3889.09,3,2024-12-19,Delivered
3655,1002,50,Mixer Grinder,Home & Kitchen,Pigeon,2102.47,1,2024-11-05,Delivered
3656,529,106,Trimmer,Beauty & Personal Care,Mamaearth,749.04,1,2025-12-06,Delivered
3657,863,71,Bedsheet Set,Home & Kitchen,Pigeon,6844.07,2,2026-04-03,Shipped
3658,545,60,Table Lamp,Home & Kitchen,Pigeon,6510.45,1,2024-06-28,Delivered
3659,467,89,Business Book,Books,Bloomsbury,900.24,1,2024-08-02,Delivered
3660,77,78,Self-Help Book,Books,HarperCollins,103.38,1,2025-05-10,Delivered
3661,552,95,Sunscreen SPF50,Beauty & Personal Care,The Man Company,1181.62,1,2026-04-03,Delivered
3662,1457,98,Hair Serum,Beauty & Personal Care,Mamaearth,2244.34,1,2024-11-26,Delivered
3663,243,8,Smartwatch,Electronics,OnePlus,77488.49,2,2025-12-17,Delivered
3664,1058,103,Lipstick,Beauty & Personal Care,The Man Company,1908.01,1,2025-10-12,Delivered
3665,696,70,Bedsheet Set,Home & Kitchen,Bajaj,5082.32,1,2025-12-14,Delivered
3666,1519,64,Induction Cooktop,Home & Kitchen,Milton,5091.13,2,2025-05-15,Shipped
3667,1932,60,Table Lamp,Home & Kitchen,Pigeon,6621.86,1,2026-01-24,Delivered
3668,56,70,Bedsheet Set,Home & Kitchen,Bajaj,8305.51,1,2024-11-09,Pending
3669,1736,106,Trimmer,Beauty & Personal Care,Mamaearth,2000.63,1,2025-09-15,Delivered
3670,15,24,Neckband Earphones,Electronics,Realme,54405.85,1,2026-03-06,Pending
3671,312,39,Formal Shirt,Fashion,Allen Solly,4794.37,4,2025-07-29,Delivered
3672,1203,69,Wall Clock,Home & Kitchen,Philips,9008.11,1,2025-07-10,Delivered
3673,1489,114,Yoga Mat,Sports & Fitness,Adidas,5256.46,2,2026-05-30,Delivered
3674,1087,15,Laptop,Electronics,boAt,84852.26,1,2026-02-12,Delivered
3675,924,50,Mixer Grinder,Home & Kitchen,Pigeon,3546.63,2,2024-01-12,Delivered
3676,175,93,Face Wash,Beauty & Personal Care,Dove,226.89,1,2025-05-22,Delivered
3677,1646,67,Wall Clock,Home & Kitchen,Cello,11164.69,2,2025-12-05,Shipped
3678,493,65,Induction Cooktop,Home & Kitchen,Prestige,7414.15,1,2025-07-04,Delivered
3679,971,9,Smartwatch,Electronics,boAt,2190.14,1,2026-02-13,Cancelled
3680,1901,86,Biography,Books,HarperCollins,887.65,1,2025-09-18,Cancelled
3681,1217,66,Induction Cooktop,Home & Kitchen,Cello,3883.82,2,2026-05-18,Delivered
3682,675,22,Neckband Earphones,Electronics,Samsung,88301.67,2,2025-08-20,Delivered
3683,1425,91,Face Wash,Beauty & Personal Care,The Man Company,2134.14,1,2025-12-08,Delivered
3684,1026,29,Women's Kurta,Fashion,Allen Solly,2249.06,3,2024-01-02,Returned
3685,1819,18,Power Bank 10000mAh,Electronics,Sony,58632.8,1,2026-07-15,Delivered
3686,945,73,Fiction Novel,Books,Scholastic,726.41,1,2025-09-24,Delivered
3687,642,105,Lipstick,Beauty & Personal Care,Nivea,1821.26,1,2025-12-20,Cancelled
3688,866,125,Football,Sports & Fitness,Cosco,5084.34,1,2025-01-31,Delivered
3689,95,114,Yoga Mat,Sports & Fitness,Adidas,285.76,1,2024-04-05,Shipped
3690,257,73,Fiction Novel,Books,Scholastic,671.63,1,2026-08-10,Delivered
3691,154,62,Water Bottle Set,Home & Kitchen,Pigeon,771.16,1,2025-12-31,Pending
3692,1939,78,Self-Help Book,Books,HarperCollins,602.49,1,2026-05-04,Shipped
3693,591,63,Water Bottle Set,Home & Kitchen,Cello,4244.59,1,2025-11-11,Delivered
3694,1817,52,Non-Stick Pan Set,Home & Kitchen,Bajaj,8407.81,1,2026-02-13,Delivered
3695,1659,104,Lipstick,Beauty & Personal Care,Dove,1696.32,1,2025-12-01,Delivered
3696,1351,36,Denim Jeans,Fashion,Puma,2247.41,1,2024-11-19,Delivered
3697,935,121,Badminton Racket,Sports & Fitness,Cosco,850.82,1,2026-05-14,Delivered
3698,267,17,Power Bank 10000mAh,Electronics,Samsung,75351.63,2,2026-03-25,Shipped
3699,1966,72,Bedsheet Set,Home & Kitchen,Prestige,1179.55,2,2025-04-17,Delivered
3700,1491,30,Women's Kurta,Fashion,Biba,4946.57,1,2025-09-22,Delivered
3701,822,98,Hair Serum,Beauty & Personal Care,Mamaearth,1823.53,1,2025-01-11,Delivered
3702,1194,62,Water Bottle Set,Home & Kitchen,Pigeon,1018.47,1,2026-03-09,Delivered
3703,622,78,Self-Help Book,Books,HarperCollins,884.85,1,2024-10-09,Shipped
3704,1666,87,Biography,Books,Bloomsbury,972.06,1,2026-01-19,Delivered
3705,1478,75,Fiction Novel,Books,Bloomsbury,602.61,2,2025-11-20,Delivered
3706,939,31,Running Shoes,Fashion,Biba,3271.86,1,2025-11-24,Delivered
3707,1908,23,Neckband Earphones,Electronics,JBL,67785.02,2,2024-06-23,Delivered
3708,64,42,Casual Sneakers,Fashion,Biba,3847.27,1,2025-09-04,Delivered
3709,1200,104,Lipstick,Beauty & Personal Care,Dove,1117.05,1,2025-07-17,Delivered
3710,739,53,Non-Stick Pan Set,Home & Kitchen,Pigeon,7252.75,1,2026-04-12,Delivered
3711,740,105,Lipstick,Beauty & Personal Care,Nivea,871.48,2,2025-07-01,Delivered
3712,274,1,Smartphone,Electronics,Xiaomi,74755.48,1,2026-06-11,Pending
3713,968,6,Bluetooth Earbuds,Electronics,Sony,40673.0,2,2023-11-24,Delivered
3714,1591,107,Trimmer,Beauty & Personal Care,Plum,2308.76,2,2026-08-17,Delivered
3715,1654,58,Table Lamp,Home & Kitchen,Prestige,2342.82,1,2026-05-04,Cancelled
3716,1542,61,Water Bottle Set,Home & Kitchen,Philips,3729.27,1,2025-12-13,Delivered
3717,1424,78,Self-Help Book,Books,HarperCollins,585.74,2,2025-12-20,Shipped
3718,361,89,Business Book,Books,Bloomsbury,152.34,1,2025-10-17,Delivered
3719,1769,88,Business Book,Books,Penguin,454.47,1,2025-01-22,Delivered
3720,810,71,Bedsheet Set,Home & Kitchen,Pigeon,1394.11,1,2025-04-14,Delivered
3721,211,70,Bedsheet Set,Home & Kitchen,Bajaj,6603.75,1,2025-06-22,Delivered
3722,1884,50,Mixer Grinder,Home & Kitchen,Pigeon,4167.47,2,2026-02-09,Delivered
3723,125,102,Body Lotion,Beauty & Personal Care,Mamaearth,1585.92,4,2026-02-16,Delivered
3724,257,66,Induction Cooktop,Home & Kitchen,Cello,4651.74,3,2026-08-03,Delivered
3725,908,3,Smartphone,Electronics,boAt,55370.46,2,2024-12-05,Delivered
3726,946,67,Wall Clock,Home & Kitchen,Cello,10137.38,1,2026-01-10,Delivered
3727,687,88,Business Book,Books,Penguin,230.97,1,2024-06-09,Delivered
3728,1526,33,Running Shoes,Fashion,Roadster,1909.21,1,2026-01-01,Delivered
3729,1297,7,Smartwatch,Electronics,Samsung,6315.91,2,2025-09-21,Cancelled
3730,1802,105,Lipstick,Beauty & Personal Care,Nivea,1560.13,1,2026-07-28,Delivered
3731,890,34,Denim Jeans,Fashion,H&M,1001.41,3,2025-06-11,Delivered
3732,327,60,Table Lamp,Home & Kitchen,Pigeon,6182.25,3,2026-01-21,Cancelled
3733,1667,46,Sunglasses,Fashion,H&M,1174.32,2,2025-09-06,Delivered
3734,73,121,Badminton Racket,Sports & Fitness,Cosco,5805.95,2,2026-06-04,Delivered
3735,109,80,Competitive Exam Guide,Books,HarperCollins,227.32,1,2025-12-30,Shipped
3736,70,3,Smartphone,Electronics,boAt,24624.13,1,2026-03-28,Returned
3737,403,54,Non-Stick Pan Set,Home & Kitchen,Philips,7049.53,1,2026-07-31,Delivered
3738,1984,93,Face Wash,Beauty & Personal Care,Dove,1666.32,3,2024-06-02,Delivered
3739,26,57,Air Fryer,Home & Kitchen,Pigeon,5857.57,1,2025-01-22,Cancelled
3740,1315,30,Women's Kurta,Fashion,Biba,2543.34,1,2025-10-24,Delivered
3741,1107,99,Hair Serum,Beauty & Personal Care,Plum,844.11,2,2024-02-24,Delivered
3742,620,37,Formal Shirt,Fashion,Van Heusen,749.54,1,2025-12-26,Delivered
3743,1622,41,Casual Sneakers,Fashion,Allen Solly,2343.86,1,2024-12-05,Delivered
3744,298,116,Cricket Bat,Sports & Fitness,Adidas,1546.89,4,2025-10-26,Shipped
3745,878,53,Non-Stick Pan Set,Home & Kitchen,Pigeon,3603.19,4,2026-02-16,Delivered
3746,1139,10,LED TV 43-inch,Electronics,Apple,20507.6,1,2024-11-25,Shipped
3747,960,56,Air Fryer,Home & Kitchen,Prestige,8889.92,1,2026-04-14,Delivered
3748,488,96,Sunscreen SPF50,Beauty & Personal Care,Plum,1929.27,2,2024-09-30,Delivered
3749,708,21,Bluetooth Speaker,Electronics,Apple,61538.43,2,2026-02-04,Delivered
3750,24,112,Yoga Mat,Sports & Fitness,Nivia,6162.27,2,2025-05-13,Delivered
3751,1307,10,LED TV 43-inch,Electronics,Apple,36770.9,1,2025-11-21,Pending
3752,1013,24,Neckband Earphones,Electronics,Realme,78477.26,2,2025-05-30,Delivered
3753,1090,92,Face Wash,Beauty & Personal Care,Plum,1850.77,1,2025-09-27,Delivered
3754,474,80,Competitive Exam Guide,Books,HarperCollins,230.97,1,2025-09-13,Delivered
3755,212,103,Lipstick,Beauty & Personal Care,The Man Company,717.73,1,2025-03-15,Delivered
3756,1174,107,Trimmer,Beauty & Personal Care,Plum,684.45,1,2025-11-25,Delivered
3757,1878,2,Smartphone,Electronics,Apple,18733.78,1,2025-10-05,Delivered
3758,1524,93,Face Wash,Beauty & Personal Care,Dove,1172.38,1,2025-02-07,Delivered
3759,153,126,Football,Sports & Fitness,Yonex,1675.96,1,2025-07-09,Delivered
3760,187,38,Formal Shirt,Fashion,Levis,3759.62,3,2023-12-21,Shipped
3761,779,57,Air Fryer,Home & Kitchen,Pigeon,8955.93,4,2025-11-22,Delivered
3762,800,119,Dumbbell Set 10kg,Sports & Fitness,Adidas,1592.24,2,2025-11-12,Delivered
3763,1940,73,Fiction Novel,Books,Scholastic,925.31,1,2025-12-27,Delivered
3764,1226,110,Perfume,Beauty & Personal Care,Lakme,1717.7,1,2026-06-17,Delivered
3765,254,78,Self-Help Book,Books,HarperCollins,592.84,1,2026-03-20,Delivered
3766,1490,114,Yoga Mat,Sports & Fitness,Adidas,1612.53,2,2024-01-16,Delivered
3767,634,115,Cricket Bat,Sports & Fitness,Nivia,5459.14,1,2026-07-22,Delivered
3768,1415,121,Badminton Racket,Sports & Fitness,Cosco,3694.87,1,2024-11-08,Delivered
3769,573,111,Perfume,Beauty & Personal Care,Plum,2017.15,2,2024-06-17,Delivered
3770,48,127,Resistance Band Set,Sports & Fitness,Nivia,856.75,1,2025-10-07,Shipped
3771,1580,94,Sunscreen SPF50,Beauty & Personal Care,Mamaearth,1649.48,1,2026-02-08,Delivered
3772,717,64,Induction Cooktop,Home & Kitchen,Milton,9375.1,1,2026-01-08,Shipped
3773,1711,127,Resistance Band Set,Sports & Fitness,Nivia,5589.87,1,2025-02-20,Shipped
3774,1106,15,Laptop,Electronics,boAt,67181.67,2,2025-06-17,Shipped
3775,667,8,Smartwatch,Electronics,OnePlus,59597.94,1,2025-06-13,Delivered
3776,180,114,Yoga Mat,Sports & Fitness,Adidas,3886.78,3,2025-09-06,Delivered
3777,907,129,Resistance Band Set,Sports & Fitness,Yonex,1806.45,1,2024-06-16,Delivered
3778,541,104,Lipstick,Beauty & Personal Care,Dove,1343.06,1,2025-04-09,Delivered
3779,810,83,Children's Story Book,Books,Penguin,150.98,1,2024-09-21,Delivered
3780,1169,100,Body Lotion,Beauty & Personal Care,The Man Company,807.98,2,2025-11-05,Shipped
3781,339,77,Self-Help Book,Books,Scholastic,796.08,1,2025-10-30,Delivered
3782,831,29,Women's Kurta,Fashion,Allen Solly,1176.32,1,2026-08-17,Delivered
3783,66,116,Cricket Bat,Sports & Fitness,Adidas,630.78,1,2026-02-18,Delivered
3784,677,108,Trimmer,Beauty & Personal Care,Lakme,1610.46,1,2026-03-15,Delivered
3785,614,16,Power Bank 10000mAh,Electronics,OnePlus,19703.83,1,2025-09-29,Delivered
3786,942,32,Running Shoes,Fashion,H&M,3387.25,3,2026-04-15,Delivered
3787,382,87,Biography,Books,Bloomsbury,138.85,2,2024-10-15,Delivered
3788,1672,81,Competitive Exam Guide,Books,Penguin,980.13,1,2025-11-27,Delivered
3789,1030,18,Power Bank 10000mAh,Electronics,Sony,57750.85,3,2025-12-16,Delivered
3790,1614,32,Running Shoes,Fashion,H&M,1774.12,1,2026-02-21,Delivered
3791,764,107,Trimmer,Beauty & Personal Care,Plum,1828.42,1,2024-11-14,Delivered
3792,1669,81,Competitive Exam Guide,Books,Penguin,383.09,1,2024-12-06,Returned
3793,343,124,Football,Sports & Fitness,Nivia,1511.56,1,2025-09-28,Delivered
3794,1794,18,Power Bank 10000mAh,Electronics,Sony,17243.86,1,2026-03-25,Delivered
3795,954,24,Neckband Earphones,Electronics,Realme,82079.88,1,2025-10-09,Delivered
3796,1873,24,Neckband Earphones,Electronics,Realme,54117.18,1,2025-11-11,Delivered
3797,238,96,Sunscreen SPF50,Beauty & Personal Care,Plum,234.03,1,2025-11-27,Delivered
3798,195,57,Air Fryer,Home & Kitchen,Pigeon,10873.76,1,2026-03-17,Delivered
3799,167,127,Resistance Band Set,Sports & Fitness,Nivia,721.26,1,2025-08-01,Delivered
3800,638,38,Formal Shirt,Fashion,Levis,3106.99,1,2025-10-14,Delivered
3801,1712,94,Sunscreen SPF50,Beauty & Personal Care,Mamaearth,189.59,3,2026-05-11,Delivered
3802,1230,57,Air Fryer,Home & Kitchen,Pigeon,2895.08,1,2025-10-16,Delivered
3803,573,42,Casual Sneakers,Fashion,Biba,4819.09,1,2025-09-22,Returned
3804,1761,11,LED TV 43-inch,Electronics,boAt,60181.7,3,2026-05-20,Cancelled
3805,979,19,Bluetooth Speaker,Electronics,boAt,84257.53,1,2026-03-18,Delivered
3806,1139,40,Casual Sneakers,Fashion,Levis,3665.84,1,2025-04-04,Delivered
3807,819,47,Sunglasses,Fashion,Biba,4553.04,2,2025-06-07,Delivered
3808,1477,59,Table Lamp,Home & Kitchen,Havells,11938.84,4,2024-02-16,Delivered
3809,1701,110,Perfume,Beauty & Personal Care,Lakme,896.3,1,2026-07-09,Delivered
3810,242,17,Power Bank 10000mAh,Electronics,Samsung,49149.18,3,2026-04-27,Delivered
3811,270,59,Table Lamp,Home & Kitchen,Havells,11402.72,1,2026-03-13,Delivered
3812,454,47,Sunglasses,Fashion,Biba,1824.37,1,2024-11-05,Delivered
3813,1575,35,Denim Jeans,Fashion,Van Heusen,578.97,2,2025-07-28,Delivered
3814,1620,88,Business Book,Books,Penguin,639.03,1,2026-06-16,Delivered
3815,1436,27,Men's T-Shirt,Fashion,Puma,4274.35,3,2025-10-11,Delivered
3816,1297,104,Lipstick,Beauty & Personal Care,Dove,2170.42,1,2024-07-13,Delivered
3817,64,17,Power Bank 10000mAh,Electronics,Samsung,13374.57,1,2025-04-12,Delivered
3818,865,104,Lipstick,Beauty & Personal Care,Dove,1996.15,2,2025-06-06,Shipped
3819,1823,65,Induction Cooktop,Home & Kitchen,Prestige,3501.64,2,2025-12-08,Delivered
3820,88,20,Bluetooth Speaker,Electronics,Xiaomi,62506.84,1,2026-03-20,Delivered
3821,79,61,Water Bottle Set,Home & Kitchen,Philips,3731.98,1,2026-02-08,Delivered
3822,1160,104,Lipstick,Beauty & Personal Care,Dove,176.15,1,2026-06-05,Cancelled
3823,681,129,Resistance Band Set,Sports & Fitness,Yonex,435.17,2,2026-02-21,Delivered
3824,936,102,Body Lotion,Beauty & Personal Care,Mamaearth,1164.67,1,2025-01-15,Delivered
3825,1306,90,Business Book,Books,Rupa Publications,613.35,1,2026-07-18,Delivered
3826,1246,21,Bluetooth Speaker,Electronics,Apple,28009.38,1,2026-06-22,Delivered
3827,595,117,Cricket Bat,Sports & Fitness,Decathlon,6522.41,4,2025-10-20,Delivered
3828,883,49,Mixer Grinder,Home & Kitchen,Havells,8848.66,1,2024-10-17,Delivered
3829,832,22,Neckband Earphones,Electronics,Samsung,79128.84,2,2026-01-09,Delivered
3830,197,74,Fiction Novel,Books,HarperCollins,544.83,1,2025-05-09,Delivered
3831,253,76,Self-Help Book,Books,Bloomsbury,704.07,1,2025-07-09,Delivered
3832,1193,35,Denim Jeans,Fashion,Van Heusen,4839.61,4,2026-04-09,Delivered
3833,1247,100,Body Lotion,Beauty & Personal Care,The Man Company,348.29,2,2026-02-09,Delivered
3834,1575,103,Lipstick,Beauty & Personal Care,The Man Company,1172.16,2,2025-12-20,Delivered
3835,1070,103,Lipstick,Beauty & Personal Care,The Man Company,2207.9,1,2025-02-02,Delivered
3836,1610,124,Football,Sports & Fitness,Nivia,4622.18,1,2025-11-24,Delivered
3837,323,126,Football,Sports & Fitness,Yonex,5785.34,1,2026-02-27,Delivered
3838,1837,128,Resistance Band Set,Sports & Fitness,Decathlon,6671.55,1,2025-11-11,Delivered
3839,303,71,Bedsheet Set,Home & Kitchen,Pigeon,2535.22,1,2025-03-12,Delivered
3840,1696,9,Smartwatch,Electronics,boAt,860.34,1,2026-05-30,Cancelled
3841,1716,100,Body Lotion,Beauty & Personal Care,The Man Company,2213.64,1,2025-10-20,Delivered
3842,1958,87,Biography,Books,Bloomsbury,794.44,1,2026-03-05,Delivered
3843,1500,85,Biography,Books,Scholastic,278.3,1,2026-04-02,Delivered
3844,1055,106,Trimmer,Beauty & Personal Care,Mamaearth,188.15,1,2025-01-25,Cancelled
3845,471,63,Water Bottle Set,Home & Kitchen,Cello,2154.14,2,2026-03-29,Delivered
3846,14,38,Formal Shirt,Fashion,Levis,4629.38,1,2025-10-10,Shipped
3847,1821,28,Women's Kurta,Fashion,Levis,4025.3,1,2026-01-04,Delivered
3848,1636,8,Smartwatch,Electronics,OnePlus,72823.14,1,2026-04-15,Cancelled
3849,1049,51,Mixer Grinder,Home & Kitchen,Philips,8930.65,1,2026-03-30,Returned
3850,987,39,Formal Shirt,Fashion,Allen Solly,3538.12,1,2025-10-02,Delivered
3851,198,110,Perfume,Beauty & Personal Care,Lakme,2335.82,1,2026-04-25,Delivered
3852,1008,21,Bluetooth Speaker,Electronics,Apple,45599.54,1,2026-03-29,Shipped
3853,1647,99,Hair Serum,Beauty & Personal Care,Plum,502.92,1,2025-11-27,Pending
3854,705,112,Yoga Mat,Sports & Fitness,Nivia,5712.22,1,2026-07-13,Delivered
3855,970,73,Fiction Novel,Books,Scholastic,797.67,2,2025-06-26,Returned
3856,855,77,Self-Help Book,Books,Scholastic,551.04,3,2026-04-14,Delivered
3857,1534,127,Resistance Band Set,Sports & Fitness,Nivia,5801.96,1,2026-01-12,Delivered
3858,1532,83,Children's Story Book,Books,Penguin,281.34,1,2025-03-11,Returned
3859,1987,48,Sunglasses,Fashion,Puma,2900.63,1,2025-08-19,Pending
3860,516,48,Sunglasses,Fashion,Puma,2699.69,1,2026-02-08,Delivered
3861,537,122,Badminton Racket,Sports & Fitness,Yonex,3158.01,3,2025-06-18,Delivered
3862,1091,127,Resistance Band Set,Sports & Fitness,Nivia,2233.75,2,2024-08-13,Cancelled
3863,915,34,Denim Jeans,Fashion,H&M,560.39,1,2024-07-18,Delivered
3864,1401,56,Air Fryer,Home & Kitchen,Prestige,9387.98,1,2026-03-01,Delivered
3865,389,35,Denim Jeans,Fashion,Van Heusen,2160.82,1,2025-01-07,Delivered
3866,985,22,Neckband Earphones,Electronics,Samsung,23716.67,3,2026-05-08,Delivered
3867,1302,4,Bluetooth Earbuds,Electronics,Xiaomi,72629.03,1,2026-02-16,Shipped
3868,729,98,Hair Serum,Beauty & Personal Care,Mamaearth,2337.73,1,2025-04-28,Delivered
3869,556,55,Air Fryer,Home & Kitchen,Bajaj,1130.38,2,2026-04-27,Returned
3870,199,93,Face Wash,Beauty & Personal Care,Dove,681.94,2,2026-02-11,Returned
3871,1609,116,Cricket Bat,Sports & Fitness,Adidas,1318.47,1,2025-09-24,Delivered
3872,59,12,LED TV 43-inch,Electronics,JBL,67370.0,2,2024-06-18,Delivered
3873,604,128,Resistance Band Set,Sports & Fitness,Decathlon,2676.22,2,2025-02-21,Delivered
3874,1667,106,Trimmer,Beauty & Personal Care,Mamaearth,1622.21,2,2025-09-05,Delivered
3875,190,104,Lipstick,Beauty & Personal Care,Dove,275.17,2,2026-08-17,Shipped
3876,1808,40,Casual Sneakers,Fashion,Levis,2644.96,1,2025-11-20,Delivered
3877,1881,126,Football,Sports & Fitness,Yonex,6339.55,1,2025-11-02,Delivered
3878,1884,31,Running Shoes,Fashion,Biba,1051.84,1,2024-11-22,Returned
3879,659,11,LED TV 43-inch,Electronics,boAt,83699.6,1,2025-01-17,Delivered
3880,424,80,Competitive Exam Guide,Books,HarperCollins,757.65,2,2025-11-30,Returned
3881,1076,119,Dumbbell Set 10kg,Sports & Fitness,Adidas,2304.65,1,2025-12-19,Returned
3882,524,5,Bluetooth Earbuds,Electronics,boAt,20528.26,1,2023-11-05,Returned
3883,1562,4,Bluetooth Earbuds,Electronics,Xiaomi,1131.88,4,2025-04-08,Delivered
3884,1469,40,Casual Sneakers,Fashion,Levis,863.69,4,2024-10-17,Cancelled
3885,1321,31,Running Shoes,Fashion,Biba,3029.83,3,2025-08-27,Returned
3886,1032,43,Handbag,Fashion,Biba,2558.58,2,2025-05-29,Delivered
3887,274,56,Air Fryer,Home & Kitchen,Prestige,7882.38,1,2025-06-07,Delivered
3888,614,93,Face Wash,Beauty & Personal Care,Dove,1662.04,4,2025-12-22,Delivered
3889,341,10,LED TV 43-inch,Electronics,Apple,81090.95,1,2025-11-16,Shipped
3890,67,91,Face Wash,Beauty & Personal Care,The Man Company,2472.06,1,2026-03-27,Delivered
3891,1339,53,Non-Stick Pan Set,Home & Kitchen,Pigeon,12979.64,1,2026-04-14,Delivered
3892,1185,24,Neckband Earphones,Electronics,Realme,10830.89,1,2026-03-21,Delivered
3893,1762,26,Men's T-Shirt,Fashion,Nike,1022.9,1,2026-07-25,Delivered
3894,1788,61,Water Bottle Set,Home & Kitchen,Philips,6211.95,1,2025-05-08,Delivered
3895,1450,58,Table Lamp,Home & Kitchen,Prestige,10312.38,1,2025-09-27,Shipped
3896,195,87,Biography,Books,Bloomsbury,620.45,3,2026-03-07,Delivered
3897,1680,96,Sunscreen SPF50,Beauty & Personal Care,Plum,1494.88,1,2025-09-06,Delivered
3898,506,51,Mixer Grinder,Home & Kitchen,Philips,11996.8,1,2025-07-31,Returned
3899,397,101,Body Lotion,Beauty & Personal Care,Lakme,939.67,1,2026-04-11,Delivered
3900,945,122,Badminton Racket,Sports & Fitness,Yonex,3518.19,1,2025-06-28,Delivered
3901,1145,54,Non-Stick Pan Set,Home & Kitchen,Philips,10875.48,1,2025-06-05,Delivered
3902,1220,57,Air Fryer,Home & Kitchen,Pigeon,10122.98,4,2025-09-11,Delivered
3903,1122,77,Self-Help Book,Books,Scholastic,260.24,2,2026-08-17,Returned
3904,394,4,Bluetooth Earbuds,Electronics,Xiaomi,61417.26,1,2024-11-11,Delivered
3905,745,9,Smartwatch,Electronics,boAt,9181.74,1,2026-03-14,Delivered
3906,685,1,Smartphone,Electronics,Xiaomi,28256.34,1,2025-02-27,Delivered
3907,1991,41,Casual Sneakers,Fashion,Allen Solly,3862.26,1,2025-01-04,Delivered
3908,27,101,Body Lotion,Beauty & Personal Care,Lakme,377.53,3,2025-07-26,Delivered
3909,1859,118,Dumbbell Set 10kg,Sports & Fitness,Decathlon,4986.44,1,2026-02-18,Cancelled
3910,1640,23,Neckband Earphones,Electronics,JBL,31361.33,3,2026-03-09,Delivered
3911,1355,98,Hair Serum,Beauty & Personal Care,Mamaearth,1216.35,3,2026-04-20,Delivered
3912,1365,116,Cricket Bat,Sports & Fitness,Adidas,1433.25,1,2024-12-14,Delivered
3913,243,50,Mixer Grinder,Home & Kitchen,Pigeon,6089.38,1,2025-12-10,Delivered
3914,356,100,Body Lotion,Beauty & Personal Care,The Man Company,1482.89,1,2025-08-03,Delivered
3915,547,121,Badminton Racket,Sports & Fitness,Cosco,903.2,2,2026-04-12,Delivered
3916,742,114,Yoga Mat,Sports & Fitness,Adidas,4401.83,1,2026-04-15,Returned
3917,957,86,Biography,Books,HarperCollins,376.43,1,2024-07-12,Cancelled
3918,956,53,Non-Stick Pan Set,Home & Kitchen,Pigeon,8222.22,1,2025-11-24,Cancelled
3919,848,109,Perfume,Beauty & Personal Care,The Man Company,1342.74,1,2026-08-01,Delivered
3920,1098,108,Trimmer,Beauty & Personal Care,Lakme,1921.66,1,2026-03-15,Delivered
3921,703,52,Non-Stick Pan Set,Home & Kitchen,Bajaj,12256.49,1,2026-07-11,Pending
3922,981,76,Self-Help Book,Books,Bloomsbury,845.35,3,2026-03-12,Shipped
3923,1752,70,Bedsheet Set,Home & Kitchen,Bajaj,11516.28,1,2025-05-25,Delivered
3924,308,127,Resistance Band Set,Sports & Fitness,Nivia,4672.4,3,2025-07-24,Delivered
3925,719,68,Wall Clock,Home & Kitchen,Havells,9624.74,1,2025-10-04,Delivered
3926,794,67,Wall Clock,Home & Kitchen,Cello,10694.63,1,2025-05-04,Pending
3927,1525,91,Face Wash,Beauty & Personal Care,The Man Company,2127.6,2,2024-05-25,Delivered
3928,1749,82,Children's Story Book,Books,Rupa Publications,682.0,2,2026-01-19,Delivered
3929,49,62,Water Bottle Set,Home & Kitchen,Pigeon,5893.22,1,2026-01-22,Delivered
3930,1146,102,Body Lotion,Beauty & Personal Care,Mamaearth,888.83,1,2025-12-24,Delivered
3931,682,61,Water Bottle Set,Home & Kitchen,Philips,5870.81,2,2026-03-21,Delivered
3932,1776,124,Football,Sports & Fitness,Nivia,3768.84,1,2026-08-11,Delivered
3933,407,104,Lipstick,Beauty & Personal Care,Dove,1512.81,1,2026-06-03,Delivered
3934,508,78,Self-Help Book,Books,HarperCollins,977.42,1,2025-09-26,Delivered
3935,567,8,Smartwatch,Electronics,OnePlus,43143.9,1,2026-02-12,Delivered
3936,1645,23,Neckband Earphones,Electronics,JBL,32174.93,2,2026-03-20,Delivered
3937,362,66,Induction Cooktop,Home & Kitchen,Cello,10939.0,1,2026-02-11,Delivered
3938,1512,105,Lipstick,Beauty & Personal Care,Nivea,997.27,1,2026-03-22,Delivered
3939,1294,53,Non-Stick Pan Set,Home & Kitchen,Pigeon,2825.66,1,2025-09-25,Delivered
3940,576,69,Wall Clock,Home & Kitchen,Philips,9067.63,4,2025-11-07,Shipped
3941,808,10,LED TV 43-inch,Electronics,Apple,22888.49,2,2026-03-13,Shipped
3942,1851,122,Badminton Racket,Sports & Fitness,Yonex,1997.3,1,2026-05-22,Delivered
3943,110,73,Fiction Novel,Books,Scholastic,835.35,1,2026-08-17,Returned
3944,44,126,Football,Sports & Fitness,Yonex,3165.23,1,2024-10-17,Delivered
3945,1397,84,Children's Story Book,Books,Scholastic,202.49,1,2026-03-19,Delivered
3946,1213,122,Badminton Racket,Sports & Fitness,Yonex,4046.31,1,2026-03-23,Delivered
3947,484,6,Bluetooth Earbuds,Electronics,Sony,38897.77,1,2026-03-12,Delivered
3948,659,96,Sunscreen SPF50,Beauty & Personal Care,Plum,782.54,3,2025-06-22,Delivered
3949,431,6,Bluetooth Earbuds,Electronics,Sony,85167.67,3,2026-03-08,Delivered
3950,1574,105,Lipstick,Beauty & Personal Care,Nivea,223.51,2,2026-02-16,Delivered
3951,827,86,Biography,Books,HarperCollins,488.44,1,2026-08-15,Delivered
3952,1304,31,Running Shoes,Fashion,Biba,4723.77,1,2026-03-03,Delivered
3953,1473,56,Air Fryer,Home & Kitchen,Prestige,7516.31,1,2025-11-17,Delivered
3954,520,77,Self-Help Book,Books,Scholastic,962.96,1,2025-04-17,Delivered
3955,425,64,Induction Cooktop,Home & Kitchen,Milton,6601.42,3,2026-04-11,Delivered
3956,685,3,Smartphone,Electronics,boAt,44442.67,1,2026-04-16,Delivered
3957,1644,94,Sunscreen SPF50,Beauty & Personal Care,Mamaearth,428.9,1,2026-02-18,Delivered
3958,84,117,Cricket Bat,Sports & Fitness,Decathlon,3787.43,2,2025-12-04,Delivered
3959,618,69,Wall Clock,Home & Kitchen,Philips,6780.7,1,2025-06-18,Delivered
3960,521,90,Business Book,Books,Rupa Publications,515.2,1,2025-08-12,Returned
3961,1352,2,Smartphone,Electronics,Apple,78222.52,2,2026-08-08,Delivered
3962,982,3,Smartphone,Electronics,boAt,17670.49,2,2026-02-15,Delivered
3963,1678,100,Body Lotion,Beauty & Personal Care,The Man Company,2037.43,1,2025-08-04,Delivered
3964,170,84,Children's Story Book,Books,Scholastic,770.5,1,2026-01-20,Delivered
3965,535,11,LED TV 43-inch,Electronics,boAt,49932.67,1,2026-07-14,Returned
3966,1521,7,Smartwatch,Electronics,Samsung,18630.35,1,2025-09-29,Delivered
3967,945,96,Sunscreen SPF50,Beauty & Personal Care,Plum,1172.93,2,2025-10-24,Cancelled
3968,317,14,Laptop,Electronics,Xiaomi,11877.45,1,2025-06-04,Delivered
3969,1868,34,Denim Jeans,Fashion,H&M,3152.14,1,2026-02-27,Delivered
3970,781,6,Bluetooth Earbuds,Electronics,Sony,86377.01,2,2024-11-06,Delivered
3971,504,103,Lipstick,Beauty & Personal Care,The Man Company,977.67,4,2025-04-12,Pending
3972,61,31,Running Shoes,Fashion,Biba,4074.26,1,2026-05-23,Cancelled
3973,124,119,Dumbbell Set 10kg,Sports & Fitness,Adidas,1616.67,1,2026-02-08,Delivered
3974,1775,92,Face Wash,Beauty & Personal Care,Plum,654.25,1,2026-06-10,Shipped
3975,9,52,Non-Stick Pan Set,Home & Kitchen,Bajaj,1248.42,3,2025-09-04,Delivered
3976,80,99,Hair Serum,Beauty & Personal Care,Plum,2342.21,1,2026-01-12,Returned
3977,617,32,Running Shoes,Fashion,H&M,3973.28,1,2025-08-20,Delivered
3978,1982,89,Business Book,Books,Bloomsbury,366.59,1,2024-04-11,Delivered
3979,1875,125,Football,Sports & Fitness,Cosco,4279.02,3,2026-08-17,Delivered
3980,1077,70,Bedsheet Set,Home & Kitchen,Bajaj,10844.6,1,2026-08-14,Delivered
3981,485,27,Men's T-Shirt,Fashion,Puma,2060.31,1,2025-08-19,Delivered
3982,298,49,Mixer Grinder,Home & Kitchen,Havells,9998.78,2,2026-03-10,Delivered
3983,563,91,Face Wash,Beauty & Personal Care,The Man Company,2188.97,1,2026-03-06,Delivered
3984,1784,120,Dumbbell Set 10kg,Sports & Fitness,Yonex,4860.82,2,2026-08-17,Cancelled
3985,1355,87,Biography,Books,Bloomsbury,913.74,1,2025-12-23,Delivered
3986,1919,109,Perfume,Beauty & Personal Care,The Man Company,1859.64,2,2025-08-09,Delivered
3987,1731,129,Resistance Band Set,Sports & Fitness,Yonex,3282.68,1,2025-12-29,Cancelled
3988,31,76,Self-Help Book,Books,Bloomsbury,560.25,1,2026-02-19,Delivered
3989,1813,84,Children's Story Book,Books,Scholastic,762.38,1,2025-12-17,Delivered
3990,523,75,Fiction Novel,Books,Bloomsbury,135.96,3,2025-02-09,Delivered
3991,1911,93,Face Wash,Beauty & Personal Care,Dove,963.67,1,2026-03-05,Delivered
3992,1585,95,Sunscreen SPF50,Beauty & Personal Care,The Man Company,2172.22,1,2026-04-30,Delivered
3993,127,35,Denim Jeans,Fashion,Van Heusen,3420.02,1,2025-08-06,Delivered
3994,615,116,Cricket Bat,Sports & Fitness,Adidas,4466.58,3,2025-06-22,Delivered
3995,1177,95,Sunscreen SPF50,Beauty & Personal Care,The Man Company,816.1,2,2026-03-19,Delivered
3996,1054,74,Fiction Novel,Books,HarperCollins,761.99,2,2026-07-16,Delivered
3997,1221,10,LED TV 43-inch,Electronics,Apple,2317.8,1,2025-07-09,Delivered
3998,678,73,Fiction Novel,Books,Scholastic,591.68,1,2026-03-30,Delivered
3999,853,68,Wall Clock,Home & Kitchen,Havells,12004.79,2,2025-07-03,Delivered
4000,874,88,Business Book,Books,Penguin,808.28,1,2025-06-02,Delivered
4001,316,57,Air Fryer,Home & Kitchen,Pigeon,4628.7,1,2026-03-11,Delivered
4002,923,68,Wall Clock,Home & Kitchen,Havells,8205.83,2,2025-06-10,Delivered
4003,254,40,Casual Sneakers,Fashion,Levis,2605.85,1,2026-04-18,Delivered
4004,405,73,Fiction Novel,Books,Scholastic,834.33,3,2026-02-08,Delivered
4005,414,128,Resistance Band Set,Sports & Fitness,Decathlon,6362.53,1,2025-01-29,Delivered
4006,695,87,Biography,Books,Bloomsbury,599.12,2,2026-03-06,Delivered
4007,1275,94,Sunscreen SPF50,Beauty & Personal Care,Mamaearth,2319.54,2,2026-05-27,Shipped
4008,869,55,Air Fryer,Home & Kitchen,Bajaj,2844.1,2,2026-07-10,Shipped
4009,991,107,Trimmer,Beauty & Personal Care,Plum,1123.69,1,2025-12-09,Cancelled
4010,1255,78,Self-Help Book,Books,HarperCollins,988.66,2,2026-02-27,Delivered
4011,1030,14,Laptop,Electronics,Xiaomi,26997.32,1,2025-11-18,Delivered
4012,1866,121,Badminton Racket,Sports & Fitness,Cosco,4001.26,2,2025-03-19,Delivered
4013,1471,60,Table Lamp,Home & Kitchen,Pigeon,3093.11,1,2026-03-06,Returned
4014,1595,63,Water Bottle Set,Home & Kitchen,Cello,11345.84,1,2026-05-03,Delivered
4015,1073,90,Business Book,Books,Rupa Publications,680.61,1,2025-09-21,Delivered
4016,755,51,Mixer Grinder,Home & Kitchen,Philips,7863.52,1,2025-07-02,Delivered
4017,420,42,Casual Sneakers,Fashion,Biba,2206.72,1,2024-10-10,Delivered
4018,389,61,Water Bottle Set,Home & Kitchen,Philips,9271.09,3,2025-11-30,Delivered
4019,1024,48,Sunglasses,Fashion,Puma,4574.34,1,2025-09-29,Returned
4020,1113,44,Handbag,Fashion,Van Heusen,4734.09,4,2025-10-29,Delivered
4021,1091,77,Self-Help Book,Books,Scholastic,353.99,3,2025-10-17,Delivered
4022,1542,116,Cricket Bat,Sports & Fitness,Adidas,3138.48,1,2026-01-11,Returned
4023,1804,3,Smartphone,Electronics,boAt,49295.04,1,2026-06-08,Delivered
4024,381,104,Lipstick,Beauty & Personal Care,Dove,1171.17,1,2025-02-14,Delivered
4025,1672,71,Bedsheet Set,Home & Kitchen,Pigeon,11063.9,1,2025-05-27,Delivered
4026,398,43,Handbag,Fashion,Biba,3878.64,1,2026-01-17,Delivered
4027,491,84,Children's Story Book,Books,Scholastic,565.45,1,2026-05-02,Delivered
4028,909,78,Self-Help Book,Books,HarperCollins,344.36,1,2026-02-19,Delivered
4029,1079,23,Neckband Earphones,Electronics,JBL,28090.22,3,2025-06-21,Delivered
4030,1249,86,Biography,Books,HarperCollins,323.39,2,2025-03-28,Delivered
4031,896,37,Formal Shirt,Fashion,Van Heusen,1220.13,1,2025-05-19,Shipped
4032,1284,3,Smartphone,Electronics,boAt,76341.64,3,2026-05-24,Cancelled
4033,550,100,Body Lotion,Beauty & Personal Care,The Man Company,1066.61,1,2026-01-17,Cancelled
4034,131,32,Running Shoes,Fashion,H&M,3407.05,1,2026-05-22,Cancelled
4035,1181,38,Formal Shirt,Fashion,Levis,1441.07,2,2026-01-26,Delivered
4036,1805,69,Wall Clock,Home & Kitchen,Philips,5141.29,1,2025-11-05,Delivered
4037,108,59,Table Lamp,Home & Kitchen,Havells,6445.12,1,2025-12-29,Delivered
4038,793,17,Power Bank 10000mAh,Electronics,Samsung,18973.73,1,2025-11-24,Shipped
4039,1448,84,Children's Story Book,Books,Scholastic,545.2,1,2026-03-24,Shipped
4040,1613,99,Hair Serum,Beauty & Personal Care,Plum,1762.24,3,2025-12-23,Delivered
4041,1589,103,Lipstick,Beauty & Personal Care,The Man Company,1680.56,1,2025-06-24,Cancelled
4042,762,118,Dumbbell Set 10kg,Sports & Fitness,Decathlon,3615.43,1,2026-02-20,Delivered
4043,1816,18,Power Bank 10000mAh,Electronics,Sony,76594.88,1,2025-04-07,Delivered
4044,1534,67,Wall Clock,Home & Kitchen,Cello,8398.13,3,2025-09-17,Delivered
4045,1983,43,Handbag,Fashion,Biba,2493.39,1,2025-06-22,Delivered
4046,1971,50,Mixer Grinder,Home & Kitchen,Pigeon,11504.83,2,2025-06-12,Delivered
4047,126,23,Neckband Earphones,Electronics,JBL,88276.14,1,2025-02-12,Delivered
4048,934,95,Sunscreen SPF50,Beauty & Personal Care,The Man Company,471.63,1,2025-12-18,Delivered
4049,1177,89,Business Book,Books,Bloomsbury,702.6,1,2024-06-19,Cancelled
4050,838,61,Water Bottle Set,Home & Kitchen,Philips,3102.43,2,2025-11-17,Delivered
4051,102,68,Wall Clock,Home & Kitchen,Havells,12857.36,3,2025-08-30,Cancelled
4052,1454,122,Badminton Racket,Sports & Fitness,Yonex,6312.49,1,2026-08-11,Pending
4053,382,13,Laptop,Electronics,Sony,70322.86,1,2026-03-07,Delivered
4054,197,20,Bluetooth Speaker,Electronics,Xiaomi,66510.73,1,2025-04-18,Delivered
4055,310,21,Bluetooth Speaker,Electronics,Apple,47963.04,1,2024-08-10,Returned
4056,1341,76,Self-Help Book,Books,Bloomsbury,621.34,2,2026-01-24,Delivered
4057,1226,34,Denim Jeans,Fashion,H&M,2522.48,2,2024-04-11,Delivered
4058,1271,29,Women's Kurta,Fashion,Allen Solly,4067.33,1,2025-06-08,Returned
4059,1032,12,LED TV 43-inch,Electronics,JBL,28639.32,2,2026-02-17,Delivered
4060,982,94,Sunscreen SPF50,Beauty & Personal Care,Mamaearth,439.23,1,2026-03-09,Delivered
4061,1220,36,Denim Jeans,Fashion,Puma,810.05,1,2026-01-08,Delivered
4062,695,118,Dumbbell Set 10kg,Sports & Fitness,Decathlon,948.57,4,2026-03-01,Delivered
4063,1709,73,Fiction Novel,Books,Scholastic,320.25,1,2024-09-17,Delivered
4064,510,46,Sunglasses,Fashion,H&M,2243.71,1,2026-02-05,Delivered
4065,89,103,Lipstick,Beauty & Personal Care,The Man Company,352.15,1,2026-02-19,Delivered
4066,1045,38,Formal Shirt,Fashion,Levis,1476.57,1,2026-07-23,Delivered
4067,863,36,Denim Jeans,Fashion,Puma,4501.96,1,2025-06-30,Delivered
4068,1827,15,Laptop,Electronics,boAt,13641.43,2,2025-07-11,Delivered
4069,16,92,Face Wash,Beauty & Personal Care,Plum,2272.04,2,2026-03-28,Shipped
4070,1891,125,Football,Sports & Fitness,Cosco,482.35,1,2025-06-14,Delivered
4071,1960,19,Bluetooth Speaker,Electronics,boAt,87454.24,1,2024-05-21,Delivered
4072,1740,52,Non-Stick Pan Set,Home & Kitchen,Bajaj,10578.96,4,2026-02-27,Delivered
4073,1630,59,Table Lamp,Home & Kitchen,Havells,9942.07,3,2025-06-06,Delivered
4074,1772,73,Fiction Novel,Books,Scholastic,759.67,2,2026-05-17,Shipped
4075,1784,122,Badminton Racket,Sports & Fitness,Yonex,5759.36,3,2026-08-15,Delivered
4076,386,28,Women's Kurta,Fashion,Levis,3618.44,1,2024-09-05,Delivered
4077,362,68,Wall Clock,Home & Kitchen,Havells,5505.38,1,2025-05-13,Delivered
4078,1903,29,Women's Kurta,Fashion,Allen Solly,2994.62,1,2025-11-29,Delivered
4079,141,17,Power Bank 10000mAh,Electronics,Samsung,29610.05,1,2026-07-21,Delivered
4080,1596,13,Laptop,Electronics,Sony,54924.82,1,2025-03-07,Delivered
4081,748,58,Table Lamp,Home & Kitchen,Prestige,12750.65,1,2025-12-23,Delivered
4082,647,95,Sunscreen SPF50,Beauty & Personal Care,The Man Company,1793.77,1,2026-06-09,Delivered
4083,109,73,Fiction Novel,Books,Scholastic,206.57,2,2026-01-03,Delivered
4084,924,9,Smartwatch,Electronics,boAt,57868.05,1,2026-04-25,Cancelled
4085,22,70,Bedsheet Set,Home & Kitchen,Bajaj,5869.66,1,2026-04-28,Delivered
4086,1442,44,Handbag,Fashion,Van Heusen,2892.46,1,2025-12-09,Cancelled
4087,1767,121,Badminton Racket,Sports & Fitness,Cosco,828.24,1,2026-03-01,Cancelled
4088,767,28,Women's Kurta,Fashion,Levis,2432.86,1,2025-05-01,Delivered
4089,727,127,Resistance Band Set,Sports & Fitness,Nivia,6671.51,1,2025-10-10,Delivered
4090,1153,18,Power Bank 10000mAh,Electronics,Sony,88307.03,1,2024-12-22,Delivered
4091,1828,22,Neckband Earphones,Electronics,Samsung,69880.11,1,2026-02-19,Delivered
4092,507,19,Bluetooth Speaker,Electronics,boAt,44339.85,1,2025-12-19,Returned
4093,589,8,Smartwatch,Electronics,OnePlus,47105.59,2,2025-11-04,Delivered
4094,615,76,Self-Help Book,Books,Bloomsbury,934.27,2,2024-06-26,Cancelled
4095,1516,52,Non-Stick Pan Set,Home & Kitchen,Bajaj,12124.3,1,2025-03-23,Delivered
4096,1019,98,Hair Serum,Beauty & Personal Care,Mamaearth,2181.76,1,2026-03-06,Delivered
4097,369,121,Badminton Racket,Sports & Fitness,Cosco,3857.3,1,2026-03-16,Delivered
4098,1337,47,Sunglasses,Fashion,Biba,2414.78,1,2026-05-06,Cancelled
4099,842,99,Hair Serum,Beauty & Personal Care,Plum,1999.94,2,2026-08-10,Delivered
4100,1150,6,Bluetooth Earbuds,Electronics,Sony,66762.74,1,2025-06-14,Delivered
4101,1924,112,Yoga Mat,Sports & Fitness,Nivia,5900.37,1,2026-01-29,Delivered
4102,571,1,Smartphone,Electronics,Xiaomi,73459.69,1,2026-03-02,Delivered
4103,101,35,Denim Jeans,Fashion,Van Heusen,2647.09,1,2026-03-18,Delivered
4104,50,119,Dumbbell Set 10kg,Sports & Fitness,Adidas,3360.59,1,2025-04-01,Delivered
4105,102,119,Dumbbell Set 10kg,Sports & Fitness,Adidas,1111.1,1,2025-02-05,Delivered
4106,1964,86,Biography,Books,HarperCollins,483.12,1,2025-10-05,Delivered
4107,1862,112,Yoga Mat,Sports & Fitness,Nivia,390.57,1,2025-05-18,Delivered
4108,652,93,Face Wash,Beauty & Personal Care,Dove,1066.31,2,2026-05-25,Delivered
4109,1215,39,Formal Shirt,Fashion,Allen Solly,472.52,2,2026-02-15,Returned
4110,247,95,Sunscreen SPF50,Beauty & Personal Care,The Man Company,1091.98,2,2026-06-05,Delivered
4111,1166,118,Dumbbell Set 10kg,Sports & Fitness,Decathlon,5619.15,2,2026-04-29,Cancelled
4112,1249,13,Laptop,Electronics,Sony,45041.23,1,2025-03-04,Delivered
4113,545,107,Trimmer,Beauty & Personal Care,Plum,1650.56,1,2026-03-22,Delivered
4114,1129,29,Women's Kurta,Fashion,Allen Solly,2602.3,1,2024-08-16,Delivered
4115,1934,128,Resistance Band Set,Sports & Fitness,Decathlon,3266.66,1,2026-06-18,Returned
4116,1258,86,Biography,Books,HarperCollins,688.14,1,2026-04-25,Delivered
4117,764,121,Badminton Racket,Sports & Fitness,Cosco,5310.74,1,2025-05-06,Delivered
4118,74,52,Non-Stick Pan Set,Home & Kitchen,Bajaj,1034.17,1,2026-03-01,Delivered
4119,1312,39,Formal Shirt,Fashion,Allen Solly,2092.16,1,2025-09-23,Delivered
4120,1165,49,Mixer Grinder,Home & Kitchen,Havells,2936.94,1,2025-12-08,Delivered
4121,1285,123,Badminton Racket,Sports & Fitness,Decathlon,3985.32,1,2024-05-22,Delivered
4122,1087,123,Badminton Racket,Sports & Fitness,Decathlon,2741.6,1,2026-02-26,Cancelled
4123,365,14,Laptop,Electronics,Xiaomi,12908.03,1,2026-06-21,Delivered
4124,1959,123,Badminton Racket,Sports & Fitness,Decathlon,3627.43,1,2025-07-25,Delivered
4125,826,51,Mixer Grinder,Home & Kitchen,Philips,3951.38,1,2025-10-01,Delivered
4126,1169,33,Running Shoes,Fashion,Roadster,944.99,1,2026-06-08,Delivered
4127,943,86,Biography,Books,HarperCollins,914.1,1,2025-08-08,Delivered
4128,1334,113,Yoga Mat,Sports & Fitness,Decathlon,2738.95,2,2025-04-28,Delivered
4129,648,127,Resistance Band Set,Sports & Fitness,Nivia,5127.44,2,2026-08-17,Delivered
4130,940,19,Bluetooth Speaker,Electronics,boAt,82383.84,1,2025-02-21,Delivered
4131,1313,90,Business Book,Books,Rupa Publications,321.87,3,2025-03-09,Delivered
4132,1413,91,Face Wash,Beauty & Personal Care,The Man Company,223.4,1,2025-03-19,Returned
4133,941,70,Bedsheet Set,Home & Kitchen,Bajaj,6822.51,2,2025-01-20,Delivered
4134,1212,96,Sunscreen SPF50,Beauty & Personal Care,Plum,1208.16,1,2025-12-10,Delivered
4135,1807,51,Mixer Grinder,Home & Kitchen,Philips,2792.21,1,2025-10-15,Delivered
4136,1823,118,Dumbbell Set 10kg,Sports & Fitness,Decathlon,6839.07,2,2026-02-20,Delivered
4137,665,70,Bedsheet Set,Home & Kitchen,Bajaj,3153.82,3,2026-02-18,Delivered
4138,559,28,Women's Kurta,Fashion,Levis,583.08,2,2025-01-19,Delivered
4139,299,122,Badminton Racket,Sports & Fitness,Yonex,1970.01,1,2026-03-10,Delivered
4140,1198,1,Smartphone,Electronics,Xiaomi,10325.94,1,2026-08-17,Delivered
4141,1118,107,Trimmer,Beauty & Personal Care,Plum,1585.54,3,2026-03-21,Delivered
4142,439,63,Water Bottle Set,Home & Kitchen,Cello,4962.81,4,2026-05-23,Delivered
4143,1083,129,Resistance Band Set,Sports & Fitness,Yonex,6235.62,1,2025-02-26,Delivered
4144,1468,49,Mixer Grinder,Home & Kitchen,Havells,4068.49,1,2025-07-31,Delivered
4145,190,106,Trimmer,Beauty & Personal Care,Mamaearth,821.79,3,2026-08-17,Delivered
4146,788,86,Biography,Books,HarperCollins,916.73,1,2025-03-04,Pending
4147,7,32,Running Shoes,Fashion,H&M,4202.49,1,2026-07-21,Delivered
4148,798,44,Handbag,Fashion,Van Heusen,976.2,1,2026-04-04,Delivered
4149,1004,22,Neckband Earphones,Electronics,Samsung,67765.83,1,2026-02-26,Delivered
4150,566,16,Power Bank 10000mAh,Electronics,OnePlus,82713.72,2,2025-05-04,Shipped
4151,1707,121,Badminton Racket,Sports & Fitness,Cosco,4858.23,2,2026-04-23,Delivered
4152,104,64,Induction Cooktop,Home & Kitchen,Milton,12059.81,1,2026-02-03,Pending
4153,106,92,Face Wash,Beauty & Personal Care,Plum,403.64,1,2025-12-15,Delivered
4154,532,22,Neckband Earphones,Electronics,Samsung,66825.98,1,2025-10-28,Delivered
4155,597,125,Football,Sports & Fitness,Cosco,2497.09,1,2025-10-29,Delivered
4156,1855,112,Yoga Mat,Sports & Fitness,Nivia,1920.03,2,2025-10-12,Delivered
4157,1955,70,Bedsheet Set,Home & Kitchen,Bajaj,1802.54,1,2026-04-09,Delivered
4158,803,4,Bluetooth Earbuds,Electronics,Xiaomi,13329.68,1,2025-04-13,Shipped
4159,1639,85,Biography,Books,Scholastic,913.31,1,2026-04-19,Returned
4160,1131,26,Men's T-Shirt,Fashion,Nike,3433.82,2,2024-11-02,Delivered
4161,1159,46,Sunglasses,Fashion,H&M,3766.3,1,2024-12-24,Delivered
4162,176,30,Women's Kurta,Fashion,Biba,3321.69,1,2026-02-13,Delivered
4163,1169,70,Bedsheet Set,Home & Kitchen,Bajaj,6672.16,1,2025-09-26,Delivered
4164,1539,93,Face Wash,Beauty & Personal Care,Dove,1778.41,1,2024-06-05,Delivered
4165,389,73,Fiction Novel,Books,Scholastic,868.25,1,2025-09-24,Delivered
4166,1856,42,Casual Sneakers,Fashion,Biba,4156.72,1,2024-08-02,Delivered
4167,1823,78,Self-Help Book,Books,HarperCollins,730.66,1,2025-12-09,Pending
4168,1052,101,Body Lotion,Beauty & Personal Care,Lakme,1096.63,1,2026-05-24,Delivered
4169,1416,119,Dumbbell Set 10kg,Sports & Fitness,Adidas,1468.0,2,2025-08-30,Delivered
4170,1356,84,Children's Story Book,Books,Scholastic,953.48,3,2025-05-05,Shipped
4171,640,32,Running Shoes,Fashion,H&M,4980.88,4,2026-07-04,Delivered
4172,307,7,Smartwatch,Electronics,Samsung,80403.79,1,2025-12-21,Delivered
4173,645,27,Men's T-Shirt,Fashion,Puma,1987.73,2,2026-04-06,Delivered
4174,350,61,Water Bottle Set,Home & Kitchen,Philips,3944.2,1,2026-03-27,Shipped
4175,1993,38,Formal Shirt,Fashion,Levis,4441.62,2,2024-06-01,Shipped
4176,809,123,Badminton Racket,Sports & Fitness,Decathlon,5867.69,1,2025-11-30,Pending
4177,324,36,Denim Jeans,Fashion,Puma,1770.73,3,2023-11-26,Shipped
4178,1805,62,Water Bottle Set,Home & Kitchen,Pigeon,7094.43,1,2025-01-06,Delivered
4179,918,8,Smartwatch,Electronics,OnePlus,28534.56,1,2025-07-12,Shipped
4180,406,127,Resistance Band Set,Sports & Fitness,Nivia,4549.58,3,2025-11-09,Delivered
4181,810,78,Self-Help Book,Books,HarperCollins,145.63,1,2026-04-11,Returned
4182,1772,35,Denim Jeans,Fashion,Van Heusen,651.68,1,2026-05-28,Delivered
4183,1626,14,Laptop,Electronics,Xiaomi,2624.4,2,2025-02-13,Delivered
4184,1808,19,Bluetooth Speaker,Electronics,boAt,2464.37,1,2026-01-31,Cancelled
4185,1226,127,Resistance Band Set,Sports & Fitness,Nivia,6771.4,1,2025-12-18,Cancelled
4186,1648,89,Business Book,Books,Bloomsbury,347.86,1,2026-06-10,Delivered
4187,133,54,Non-Stick Pan Set,Home & Kitchen,Philips,7816.48,1,2025-06-14,Cancelled
4188,1542,60,Table Lamp,Home & Kitchen,Pigeon,7655.86,1,2025-12-23,Delivered
4189,1138,44,Handbag,Fashion,Van Heusen,4035.67,1,2025-11-13,Delivered
4190,781,43,Handbag,Fashion,Biba,3951.21,1,2025-11-07,Delivered
4191,1057,11,LED TV 43-inch,Electronics,boAt,25257.39,1,2024-01-11,Delivered
4192,1851,60,Table Lamp,Home & Kitchen,Pigeon,1257.18,1,2026-05-20,Delivered
4193,482,110,Perfume,Beauty & Personal Care,Lakme,1750.98,1,2025-07-12,Delivered
4194,1333,80,Competitive Exam Guide,Books,HarperCollins,735.4,2,2025-06-09,Delivered
4195,1670,1,Smartphone,Electronics,Xiaomi,45008.15,1,2026-03-09,Delivered
4196,1130,77,Self-Help Book,Books,Scholastic,608.71,1,2026-04-18,Delivered
4197,1623,51,Mixer Grinder,Home & Kitchen,Philips,10222.54,1,2026-04-13,Delivered
4198,1443,33,Running Shoes,Fashion,Roadster,3911.88,1,2026-05-22,Shipped
4199,1663,92,Face Wash,Beauty & Personal Care,Plum,320.45,2,2026-06-27,Delivered
4200,573,72,Bedsheet Set,Home & Kitchen,Prestige,9789.22,1,2026-01-02,Delivered
4201,682,51,Mixer Grinder,Home & Kitchen,Philips,10667.43,2,2025-03-25,Delivered
4202,1521,18,Power Bank 10000mAh,Electronics,Sony,32109.87,1,2025-03-17,Delivered
4203,1351,29,Women's Kurta,Fashion,Allen Solly,4626.38,2,2025-12-02,Shipped
4204,54,80,Competitive Exam Guide,Books,HarperCollins,407.36,1,2026-05-27,Pending
4205,1653,59,Table Lamp,Home & Kitchen,Havells,5373.26,1,2026-04-28,Delivered
4206,1931,8,Smartwatch,Electronics,OnePlus,23260.35,1,2026-03-07,Delivered
4207,1888,37,Formal Shirt,Fashion,Van Heusen,1414.11,1,2026-04-08,Returned
4208,998,120,Dumbbell Set 10kg,Sports & Fitness,Yonex,6103.95,3,2026-03-01,Pending
4209,407,45,Handbag,Fashion,Allen Solly,1316.45,2,2026-06-18,Delivered
4210,1057,17,Power Bank 10000mAh,Electronics,Samsung,79905.39,2,2024-05-29,Cancelled
4211,1340,59,Table Lamp,Home & Kitchen,Havells,4753.64,2,2026-03-13,Delivered
4212,1520,82,Children's Story Book,Books,Rupa Publications,888.59,3,2025-11-28,Delivered
4213,1850,82,Children's Story Book,Books,Rupa Publications,952.19,1,2024-09-25,Delivered
4214,1020,56,Air Fryer,Home & Kitchen,Prestige,1145.71,1,2026-03-29,Cancelled
4215,422,27,Men's T-Shirt,Fashion,Puma,4518.03,4,2024-12-22,Delivered
4216,332,111,Perfume,Beauty & Personal Care,Plum,1869.21,1,2026-07-06,Pending
4217,1820,7,Smartwatch,Electronics,Samsung,3185.19,2,2025-01-12,Delivered
4218,1044,63,Water Bottle Set,Home & Kitchen,Cello,9237.55,1,2026-02-06,Shipped
4219,1465,12,LED TV 43-inch,Electronics,JBL,12304.84,1,2024-11-01,Delivered
4220,1447,23,Neckband Earphones,Electronics,JBL,40737.35,1,2026-04-19,Delivered
4221,866,121,Badminton Racket,Sports & Fitness,Cosco,3823.12,1,2024-08-13,Delivered
4222,377,123,Badminton Racket,Sports & Fitness,Decathlon,6059.78,2,2026-04-10,Delivered
4223,263,72,Bedsheet Set,Home & Kitchen,Prestige,2642.28,1,2026-05-26,Delivered
4224,437,79,Competitive Exam Guide,Books,Scholastic,373.89,1,2025-12-23,Delivered
4225,136,6,Bluetooth Earbuds,Electronics,Sony,27044.21,1,2026-03-17,Delivered
4226,1289,52,Non-Stick Pan Set,Home & Kitchen,Bajaj,1803.97,1,2025-02-13,Delivered
4227,1527,78,Self-Help Book,Books,HarperCollins,218.84,2,2025-06-28,Delivered
4228,301,33,Running Shoes,Fashion,Roadster,3490.37,1,2025-11-30,Delivered
4229,1547,119,Dumbbell Set 10kg,Sports & Fitness,Adidas,1086.24,1,2026-03-11,Delivered
4230,1600,128,Resistance Band Set,Sports & Fitness,Decathlon,5063.14,3,2025-12-28,Cancelled
4231,1006,113,Yoga Mat,Sports & Fitness,Decathlon,6440.21,2,2025-06-04,Delivered
4232,984,33,Running Shoes,Fashion,Roadster,4011.22,1,2026-02-04,Delivered
4233,1989,117,Cricket Bat,Sports & Fitness,Decathlon,4572.92,2,2025-09-20,Delivered
4234,1038,10,LED TV 43-inch,Electronics,Apple,25321.04,1,2025-07-14,Delivered
4235,700,105,Lipstick,Beauty & Personal Care,Nivea,2333.07,2,2026-01-01,Delivered
4236,1509,58,Table Lamp,Home & Kitchen,Prestige,3826.0,1,2026-01-31,Returned
4237,63,104,Lipstick,Beauty & Personal Care,Dove,1979.32,2,2025-07-30,Delivered
4238,1283,90,Business Book,Books,Rupa Publications,887.74,2,2026-01-13,Delivered
4239,1270,28,Women's Kurta,Fashion,Levis,3904.99,1,2024-11-02,Delivered
4240,1356,36,Denim Jeans,Fashion,Puma,453.95,3,2025-05-10,Cancelled
4241,1231,47,Sunglasses,Fashion,Biba,2404.87,1,2025-03-18,Delivered
4242,64,59,Table Lamp,Home & Kitchen,Havells,6835.17,2,2026-05-07,Returned
4243,18,120,Dumbbell Set 10kg,Sports & Fitness,Yonex,6751.03,1,2025-12-07,Delivered
4244,940,72,Bedsheet Set,Home & Kitchen,Prestige,2619.37,1,2025-09-10,Delivered
4245,1398,87,Biography,Books,Bloomsbury,779.19,1,2025-11-07,Delivered
4246,1919,10,LED TV 43-inch,Electronics,Apple,40954.66,3,2026-01-13,Delivered
4247,1216,117,Cricket Bat,Sports & Fitness,Decathlon,3381.29,4,2025-11-25,Returned
4248,1102,43,Handbag,Fashion,Biba,3327.42,3,2026-06-07,Delivered
4249,1994,9,Smartwatch,Electronics,boAt,66830.83,1,2026-02-05,Delivered
4250,1365,6,Bluetooth Earbuds,Electronics,Sony,69396.34,1,2023-12-29,Delivered
4251,1987,32,Running Shoes,Fashion,H&M,3975.77,1,2024-05-06,Delivered
4252,909,126,Football,Sports & Fitness,Yonex,3853.42,1,2025-04-20,Shipped
4253,195,6,Bluetooth Earbuds,Electronics,Sony,85767.74,4,2026-05-07,Delivered
4254,838,108,Trimmer,Beauty & Personal Care,Lakme,753.21,1,2025-11-30,Shipped
4255,259,77,Self-Help Book,Books,Scholastic,840.35,4,2026-01-19,Delivered
4256,530,107,Trimmer,Beauty & Personal Care,Plum,1253.54,1,2025-09-13,Delivered
4257,241,120,Dumbbell Set 10kg,Sports & Fitness,Yonex,5493.4,1,2025-08-01,Delivered
4258,949,74,Fiction Novel,Books,HarperCollins,692.65,1,2026-01-23,Delivered
4259,950,79,Competitive Exam Guide,Books,Scholastic,855.1,1,2024-12-28,Delivered
4260,1160,124,Football,Sports & Fitness,Nivia,4668.43,1,2026-07-09,Cancelled
4261,1392,15,Laptop,Electronics,boAt,24060.76,4,2025-07-19,Delivered
4262,208,114,Yoga Mat,Sports & Fitness,Adidas,4444.43,2,2026-02-07,Delivered
4263,1209,67,Wall Clock,Home & Kitchen,Cello,5399.28,1,2025-09-20,Delivered
4264,46,32,Running Shoes,Fashion,H&M,793.83,3,2025-11-26,Delivered
4265,191,74,Fiction Novel,Books,HarperCollins,319.55,1,2025-08-08,Cancelled
4266,1889,98,Hair Serum,Beauty & Personal Care,Mamaearth,2065.64,1,2025-04-11,Cancelled
4267,341,21,Bluetooth Speaker,Electronics,Apple,80859.27,1,2025-07-05,Delivered
4268,556,118,Dumbbell Set 10kg,Sports & Fitness,Decathlon,2040.52,2,2025-03-23,Delivered
4269,1820,121,Badminton Racket,Sports & Fitness,Cosco,2211.92,4,2025-05-01,Cancelled
4270,1602,54,Non-Stick Pan Set,Home & Kitchen,Philips,5093.27,1,2025-12-02,Returned
4271,1376,32,Running Shoes,Fashion,H&M,642.29,1,2024-09-17,Delivered
4272,137,7,Smartwatch,Electronics,Samsung,57893.93,1,2026-07-07,Delivered
4273,210,103,Lipstick,Beauty & Personal Care,The Man Company,1675.6,1,2025-01-01,Cancelled
4274,739,46,Sunglasses,Fashion,H&M,653.32,1,2026-03-17,Delivered
4275,1325,113,Yoga Mat,Sports & Fitness,Decathlon,4646.1,3,2026-03-13,Delivered
4276,749,68,Wall Clock,Home & Kitchen,Havells,8788.63,1,2026-02-14,Delivered
4277,254,81,Competitive Exam Guide,Books,Penguin,700.27,1,2026-03-23,Delivered
4278,638,37,Formal Shirt,Fashion,Van Heusen,2240.51,2,2025-01-23,Delivered
4279,1743,81,Competitive Exam Guide,Books,Penguin,287.69,2,2026-02-20,Pending
4280,649,40,Casual Sneakers,Fashion,Levis,2185.94,1,2025-08-25,Delivered
4281,756,70,Bedsheet Set,Home & Kitchen,Bajaj,11105.81,1,2025-09-08,Returned
4282,637,47,Sunglasses,Fashion,Biba,4054.64,1,2026-06-01,Delivered
4283,759,90,Business Book,Books,Rupa Publications,559.06,1,2026-06-21,Shipped
4284,1509,86,Biography,Books,HarperCollins,887.31,1,2026-04-29,Delivered
4285,689,127,Resistance Band Set,Sports & Fitness,Nivia,2348.84,2,2024-02-02,Delivered
4286,1042,116,Cricket Bat,Sports & Fitness,Adidas,5695.41,1,2025-07-05,Cancelled
4287,1685,34,Denim Jeans,Fashion,H&M,1982.2,1,2025-02-15,Delivered
4288,1009,65,Induction Cooktop,Home & Kitchen,Prestige,3886.25,3,2025-07-23,Delivered
4289,542,63,Water Bottle Set,Home & Kitchen,Cello,681.53,1,2026-02-02,Cancelled
4290,100,99,Hair Serum,Beauty & Personal Care,Plum,1484.51,2,2025-06-13,Shipped
4291,800,112,Yoga Mat,Sports & Fitness,Nivia,1055.16,2,2025-02-18,Delivered
4292,1652,128,Resistance Band Set,Sports & Fitness,Decathlon,3344.93,1,2025-09-15,Returned
4293,1152,75,Fiction Novel,Books,Bloomsbury,686.9,1,2026-03-25,Delivered
4294,287,66,Induction Cooktop,Home & Kitchen,Cello,559.56,1,2025-11-09,Delivered
4295,1659,51,Mixer Grinder,Home & Kitchen,Philips,7937.92,1,2026-06-14,Delivered
4296,124,57,Air Fryer,Home & Kitchen,Pigeon,2051.03,1,2025-09-20,Delivered
4297,64,37,Formal Shirt,Fashion,Van Heusen,2165.55,1,2025-06-17,Delivered
4298,1829,123,Badminton Racket,Sports & Fitness,Decathlon,2216.21,1,2026-02-02,Delivered
4299,117,16,Power Bank 10000mAh,Electronics,OnePlus,58697.37,1,2026-01-19,Delivered
4300,1419,77,Self-Help Book,Books,Scholastic,320.87,1,2026-01-23,Delivered
4301,1088,69,Wall Clock,Home & Kitchen,Philips,12206.34,1,2025-01-11,Delivered
4302,319,63,Water Bottle Set,Home & Kitchen,Cello,5698.09,2,2025-11-30,Delivered
4303,1865,107,Trimmer,Beauty & Personal Care,Plum,1854.89,1,2025-01-17,Cancelled
4304,1239,91,Face Wash,Beauty & Personal Care,The Man Company,1820.45,1,2025-12-08,Delivered
4305,1039,45,Handbag,Fashion,Allen Solly,2407.54,1,2026-03-20,Delivered
4306,1454,37,Formal Shirt,Fashion,Van Heusen,2364.41,1,2026-08-05,Delivered
4307,1741,72,Bedsheet Set,Home & Kitchen,Prestige,11752.5,1,2024-11-11,Delivered
4308,428,34,Denim Jeans,Fashion,H&M,2535.25,1,2025-05-12,Delivered
4309,1671,8,Smartwatch,Electronics,OnePlus,69165.94,1,2025-01-23,Delivered
4310,1492,87,Biography,Books,Bloomsbury,696.4,1,2026-04-21,Delivered
4311,774,21,Bluetooth Speaker,Electronics,Apple,86163.56,4,2024-12-15,Delivered
4312,1921,34,Denim Jeans,Fashion,H&M,2798.92,1,2024-08-23,Delivered
4313,1588,87,Biography,Books,Bloomsbury,627.9,1,2025-11-08,Shipped
4314,1078,35,Denim Jeans,Fashion,Van Heusen,2378.06,3,2026-06-14,Delivered
4315,987,47,Sunglasses,Fashion,Biba,1268.51,1,2026-02-02,Delivered
4316,445,59,Table Lamp,Home & Kitchen,Havells,10702.97,4,2026-04-12,Delivered
4317,1498,113,Yoga Mat,Sports & Fitness,Decathlon,3735.2,1,2026-01-29,Delivered
4318,1529,21,Bluetooth Speaker,Electronics,Apple,74377.57,1,2025-09-23,Delivered
4319,283,126,Football,Sports & Fitness,Yonex,3197.95,1,2025-04-30,Delivered
4320,1831,99,Hair Serum,Beauty & Personal Care,Plum,2396.57,1,2026-04-07,Cancelled
4321,1990,88,Business Book,Books,Penguin,293.92,1,2026-01-31,Delivered
4322,731,29,Women's Kurta,Fashion,Allen Solly,4856.08,1,2025-07-14,Delivered
4323,1163,117,Cricket Bat,Sports & Fitness,Decathlon,1708.47,1,2025-09-23,Delivered
4324,741,54,Non-Stick Pan Set,Home & Kitchen,Philips,10975.53,1,2026-06-12,Cancelled
4325,1853,122,Badminton Racket,Sports & Fitness,Yonex,6923.55,3,2025-01-21,Delivered
4326,176,88,Business Book,Books,Penguin,145.5,4,2026-01-03,Delivered
4327,1414,96,Sunscreen SPF50,Beauty & Personal Care,Plum,1574.36,2,2025-06-27,Delivered
4328,1077,5,Bluetooth Earbuds,Electronics,boAt,822.08,1,2026-08-17,Delivered
4329,57,123,Badminton Racket,Sports & Fitness,Decathlon,779.66,1,2026-06-01,Delivered
4330,1070,72,Bedsheet Set,Home & Kitchen,Prestige,4675.41,1,2025-09-27,Pending
4331,1433,10,LED TV 43-inch,Electronics,Apple,12520.32,1,2025-07-28,Cancelled
4332,1661,119,Dumbbell Set 10kg,Sports & Fitness,Adidas,6632.32,1,2025-10-21,Delivered
4333,1618,43,Handbag,Fashion,Biba,1223.08,2,2026-03-20,Delivered
4334,1103,1,Smartphone,Electronics,Xiaomi,79829.26,1,2025-05-19,Delivered
4335,689,72,Bedsheet Set,Home & Kitchen,Prestige,1801.49,1,2024-01-10,Delivered
4336,909,109,Perfume,Beauty & Personal Care,The Man Company,1309.02,1,2025-08-09,Delivered
4337,993,87,Biography,Books,Bloomsbury,953.54,1,2026-05-22,Delivered
4338,1543,12,LED TV 43-inch,Electronics,JBL,27262.5,2,2024-12-10,Delivered
4339,1846,106,Trimmer,Beauty & Personal Care,Mamaearth,1610.76,1,2025-01-01,Delivered
4340,365,87,Biography,Books,Bloomsbury,192.95,3,2026-07-16,Delivered
4341,1413,79,Competitive Exam Guide,Books,Scholastic,812.91,3,2024-08-21,Delivered
4342,554,83,Children's Story Book,Books,Penguin,920.97,1,2026-01-17,Delivered
4343,1857,28,Women's Kurta,Fashion,Levis,2587.87,1,2025-05-18,Delivered
4344,1903,52,Non-Stick Pan Set,Home & Kitchen,Bajaj,11192.5,3,2025-02-16,Delivered
4345,1606,97,Hair Serum,Beauty & Personal Care,Lakme,1204.46,4,2026-03-22,Delivered
4346,1832,108,Trimmer,Beauty & Personal Care,Lakme,1473.55,2,2025-11-26,Returned
4347,1427,93,Face Wash,Beauty & Personal Care,Dove,1401.31,1,2026-04-03,Delivered
4348,1962,14,Laptop,Electronics,Xiaomi,36059.02,2,2026-01-08,Delivered
4349,1313,110,Perfume,Beauty & Personal Care,Lakme,829.79,1,2024-09-12,Delivered
4350,484,116,Cricket Bat,Sports & Fitness,Adidas,3857.23,3,2025-11-10,Delivered
4351,969,41,Casual Sneakers,Fashion,Allen Solly,1609.08,1,2024-08-15,Cancelled
4352,884,92,Face Wash,Beauty & Personal Care,Plum,1737.1,1,2026-01-02,Pending
4353,1898,113,Yoga Mat,Sports & Fitness,Decathlon,3915.76,1,2026-07-15,Delivered
4354,81,52,Non-Stick Pan Set,Home & Kitchen,Bajaj,5208.47,1,2026-01-31,Delivered
4355,916,46,Sunglasses,Fashion,H&M,4932.03,3,2025-12-31,Returned
4356,286,57,Air Fryer,Home & Kitchen,Pigeon,8768.94,3,2026-02-25,Delivered
4357,1952,88,Business Book,Books,Penguin,797.68,1,2024-11-20,Delivered
4358,1825,48,Sunglasses,Fashion,Puma,4947.33,1,2025-07-19,Delivered
4359,56,88,Business Book,Books,Penguin,511.05,1,2025-09-06,Delivered
4360,1614,95,Sunscreen SPF50,Beauty & Personal Care,The Man Company,699.2,2,2025-09-29,Delivered
4361,1589,6,Bluetooth Earbuds,Electronics,Sony,1415.12,1,2025-05-07,Delivered
4362,2,86,Biography,Books,HarperCollins,924.19,2,2026-03-20,Delivered
4363,1339,53,Non-Stick Pan Set,Home & Kitchen,Pigeon,642.03,3,2025-10-11,Delivered
4364,1682,63,Water Bottle Set,Home & Kitchen,Cello,10727.13,1,2026-04-11,Delivered
4365,257,112,Yoga Mat,Sports & Fitness,Nivia,5178.48,1,2026-08-01,Delivered
4366,1392,114,Yoga Mat,Sports & Fitness,Adidas,6086.05,2,2025-10-09,Cancelled
4367,57,12,LED TV 43-inch,Electronics,JBL,38815.17,1,2026-06-06,Delivered
4368,773,62,Water Bottle Set,Home & Kitchen,Pigeon,3404.89,1,2025-07-27,Pending
4369,1606,21,Bluetooth Speaker,Electronics,Apple,65876.81,1,2025-01-30,Pending
4370,1827,51,Mixer Grinder,Home & Kitchen,Philips,5189.87,1,2026-05-14,Delivered
4371,1305,98,Hair Serum,Beauty & Personal Care,Mamaearth,709.15,3,2026-02-20,Delivered
4372,382,92,Face Wash,Beauty & Personal Care,Plum,2245.28,2,2026-03-19,Cancelled
4373,1705,66,Induction Cooktop,Home & Kitchen,Cello,12645.0,2,2024-07-08,Delivered
4374,250,75,Fiction Novel,Books,Bloomsbury,783.28,2,2025-08-17,Delivered
4375,562,93,Face Wash,Beauty & Personal Care,Dove,2222.59,1,2024-11-10,Delivered
4376,1487,129,Resistance Band Set,Sports & Fitness,Yonex,3602.88,1,2025-12-29,Delivered
4377,529,22,Neckband Earphones,Electronics,Samsung,57261.97,1,2025-12-08,Delivered
4378,1181,41,Casual Sneakers,Fashion,Allen Solly,875.56,1,2026-03-16,Delivered
4379,945,32,Running Shoes,Fashion,H&M,1293.62,4,2025-12-08,Delivered
4380,14,70,Bedsheet Set,Home & Kitchen,Bajaj,12336.96,1,2025-02-10,Cancelled
4381,860,124,Football,Sports & Fitness,Nivia,682.28,2,2026-04-03,Delivered
4382,227,119,Dumbbell Set 10kg,Sports & Fitness,Adidas,4618.34,1,2025-12-29,Delivered
4383,647,60,Table Lamp,Home & Kitchen,Pigeon,7602.31,3,2026-06-03,Delivered
4384,1677,113,Yoga Mat,Sports & Fitness,Decathlon,4638.77,1,2026-05-29,Cancelled
4385,1367,103,Lipstick,Beauty & Personal Care,The Man Company,2339.7,2,2026-05-10,Delivered
4386,789,124,Football,Sports & Fitness,Nivia,6813.12,1,2026-06-19,Delivered
4387,18,88,Business Book,Books,Penguin,863.88,1,2025-12-29,Delivered
4388,675,48,Sunglasses,Fashion,Puma,630.87,1,2026-03-23,Delivered
4389,1277,35,Denim Jeans,Fashion,Van Heusen,3087.44,1,2026-08-04,Pending
4390,959,71,Bedsheet Set,Home & Kitchen,Pigeon,2056.23,1,2025-04-14,Delivered
4391,1434,11,LED TV 43-inch,Electronics,boAt,37741.54,1,2025-09-07,Delivered
4392,1099,60,Table Lamp,Home & Kitchen,Pigeon,8477.27,1,2025-07-07,Delivered
4393,72,123,Badminton Racket,Sports & Fitness,Decathlon,1148.91,1,2024-04-24,Shipped
4394,415,63,Water Bottle Set,Home & Kitchen,Cello,2317.4,2,2025-09-27,Delivered
4395,114,49,Mixer Grinder,Home & Kitchen,Havells,12996.76,2,2024-11-04,Delivered
4396,1681,28,Women's Kurta,Fashion,Levis,4631.37,2,2026-05-19,Delivered
4397,1370,65,Induction Cooktop,Home & Kitchen,Prestige,6646.54,1,2025-03-21,Delivered
4398,655,75,Fiction Novel,Books,Bloomsbury,418.93,1,2026-08-17,Delivered
4399,154,106,Trimmer,Beauty & Personal Care,Mamaearth,1579.24,3,2025-01-29,Delivered
4400,1449,55,Air Fryer,Home & Kitchen,Bajaj,4295.61,3,2026-05-17,Shipped
4401,1802,129,Resistance Band Set,Sports & Fitness,Yonex,3301.68,3,2026-07-25,Delivered
4402,673,102,Body Lotion,Beauty & Personal Care,Mamaearth,2393.81,3,2025-04-05,Delivered
4403,1796,53,Non-Stick Pan Set,Home & Kitchen,Pigeon,10549.54,1,2024-12-31,Cancelled
4404,728,112,Yoga Mat,Sports & Fitness,Nivia,4716.2,1,2025-12-15,Delivered
4405,1892,100,Body Lotion,Beauty & Personal Care,The Man Company,2273.3,1,2025-06-02,Delivered
4406,1536,29,Women's Kurta,Fashion,Allen Solly,3941.09,3,2025-09-26,Delivered
4407,541,79,Competitive Exam Guide,Books,Scholastic,669.44,1,2026-03-11,Shipped
4408,1213,73,Fiction Novel,Books,Scholastic,222.65,1,2024-11-06,Delivered
4409,240,118,Dumbbell Set 10kg,Sports & Fitness,Decathlon,1499.43,1,2025-07-20,Delivered
4410,1242,13,Laptop,Electronics,Sony,8867.66,2,2026-03-26,Delivered
4411,1906,127,Resistance Band Set,Sports & Fitness,Nivia,5728.69,1,2026-02-15,Delivered
4412,1612,81,Competitive Exam Guide,Books,Penguin,869.46,2,2026-07-24,Returned
4413,1714,117,Cricket Bat,Sports & Fitness,Decathlon,1279.15,3,2025-06-02,Delivered
4414,1763,20,Bluetooth Speaker,Electronics,Xiaomi,51833.1,1,2026-02-06,Returned
4415,1498,44,Handbag,Fashion,Van Heusen,4182.42,2,2026-02-03,Delivered
4416,855,10,LED TV 43-inch,Electronics,Apple,9170.46,1,2026-03-27,Delivered
4417,1295,55,Air Fryer,Home & Kitchen,Bajaj,12812.99,1,2026-02-01,Delivered
4418,590,99,Hair Serum,Beauty & Personal Care,Plum,450.33,1,2025-11-21,Delivered
4419,1955,61,Water Bottle Set,Home & Kitchen,Philips,933.09,1,2025-01-29,Delivered
4420,1752,73,Fiction Novel,Books,Scholastic,157.99,1,2025-10-04,Delivered
4421,290,77,Self-Help Book,Books,Scholastic,269.66,3,2026-03-25,Delivered
4422,574,55,Air Fryer,Home & Kitchen,Bajaj,9652.14,1,2025-04-21,Delivered
4423,111,120,Dumbbell Set 10kg,Sports & Fitness,Yonex,365.22,1,2026-03-08,Delivered
4424,1901,23,Neckband Earphones,Electronics,JBL,2944.13,1,2026-01-29,Delivered
4425,198,45,Handbag,Fashion,Allen Solly,1406.37,1,2025-11-20,Delivered
4426,1923,126,Football,Sports & Fitness,Yonex,3427.06,1,2026-04-25,Delivered
4427,727,102,Body Lotion,Beauty & Personal Care,Mamaearth,301.45,1,2025-07-15,Delivered
4428,1940,80,Competitive Exam Guide,Books,HarperCollins,600.67,1,2025-08-09,Delivered
4429,200,100,Body Lotion,Beauty & Personal Care,The Man Company,1103.77,1,2024-10-18,Returned
4430,506,33,Running Shoes,Fashion,Roadster,3152.92,1,2025-09-24,Delivered
4431,1705,18,Power Bank 10000mAh,Electronics,Sony,31639.52,3,2024-08-27,Delivered
4432,1812,57,Air Fryer,Home & Kitchen,Pigeon,8365.49,1,2025-12-02,Delivered
4433,968,85,Biography,Books,Scholastic,552.82,3,2025-10-19,Cancelled
4434,970,18,Power Bank 10000mAh,Electronics,Sony,74955.1,1,2024-10-29,Delivered
4435,89,29,Women's Kurta,Fashion,Allen Solly,3535.68,1,2026-03-14,Pending
4436,710,93,Face Wash,Beauty & Personal Care,Dove,889.39,1,2025-10-07,Delivered
4437,590,22,Neckband Earphones,Electronics,Samsung,71246.54,1,2026-02-06,Shipped
4438,383,9,Smartwatch,Electronics,boAt,75123.41,2,2026-06-22,Returned
4439,1478,23,Neckband Earphones,Electronics,JBL,4889.55,2,2025-11-22,Cancelled
4440,389,56,Air Fryer,Home & Kitchen,Prestige,5250.77,1,2025-05-12,Delivered
4441,329,108,Trimmer,Beauty & Personal Care,Lakme,1531.36,1,2026-01-07,Delivered
4442,1557,2,Smartphone,Electronics,Apple,57132.42,1,2026-06-18,Delivered
4443,1884,114,Yoga Mat,Sports & Fitness,Adidas,2905.22,1,2026-03-28,Delivered
4444,946,115,Cricket Bat,Sports & Fitness,Nivia,6466.84,1,2025-08-06,Delivered
4445,116,49,Mixer Grinder,Home & Kitchen,Havells,7139.19,1,2026-06-18,Delivered
4446,90,16,Power Bank 10000mAh,Electronics,OnePlus,60170.65,1,2025-09-29,Pending
4447,701,109,Perfume,Beauty & Personal Care,The Man Company,1665.66,1,2025-08-10,Delivered
4448,678,106,Trimmer,Beauty & Personal Care,Mamaearth,432.4,1,2025-08-01,Delivered
4449,1975,62,Water Bottle Set,Home & Kitchen,Pigeon,3937.51,2,2025-07-21,Delivered
4450,452,97,Hair Serum,Beauty & Personal Care,Lakme,980.21,2,2025-08-07,Delivered
4451,847,73,Fiction Novel,Books,Scholastic,943.45,2,2026-03-08,Delivered
4452,1534,86,Biography,Books,HarperCollins,207.98,1,2025-09-10,Delivered
4453,1993,18,Power Bank 10000mAh,Electronics,Sony,73731.22,1,2026-07-01,Delivered
4454,1494,128,Resistance Band Set,Sports & Fitness,Decathlon,2891.01,1,2026-03-01,Delivered
4455,1674,105,Lipstick,Beauty & Personal Care,Nivea,917.94,1,2025-09-15,Delivered
4456,1902,59,Table Lamp,Home & Kitchen,Havells,9242.07,1,2026-03-01,Delivered
4457,374,102,Body Lotion,Beauty & Personal Care,Mamaearth,1880.39,1,2025-09-17,Delivered
4458,181,41,Casual Sneakers,Fashion,Allen Solly,1163.85,3,2023-11-19,Delivered
4459,1500,123,Badminton Racket,Sports & Fitness,Decathlon,6440.1,1,2025-06-19,Cancelled
4460,406,34,Denim Jeans,Fashion,H&M,1379.31,1,2025-06-27,Delivered
4461,144,110,Perfume,Beauty & Personal Care,Lakme,870.18,1,2025-08-17,Delivered
4462,967,20,Bluetooth Speaker,Electronics,Xiaomi,20483.59,1,2024-03-21,Delivered
4463,1146,52,Non-Stick Pan Set,Home & Kitchen,Bajaj,4860.72,2,2024-09-08,Delivered
4464,1375,43,Handbag,Fashion,Biba,3153.57,1,2025-09-25,Delivered
4465,1380,79,Competitive Exam Guide,Books,Scholastic,609.99,3,2025-11-19,Delivered
4466,53,111,Perfume,Beauty & Personal Care,Plum,1739.65,1,2025-07-02,Cancelled
4467,406,120,Dumbbell Set 10kg,Sports & Fitness,Yonex,3860.78,1,2025-10-09,Pending
4468,603,118,Dumbbell Set 10kg,Sports & Fitness,Decathlon,4870.86,1,2026-07-05,Shipped
4469,898,78,Self-Help Book,Books,HarperCollins,458.31,4,2025-09-29,Delivered
4470,633,57,Air Fryer,Home & Kitchen,Pigeon,5749.73,1,2025-12-02,Delivered
4471,1982,80,Competitive Exam Guide,Books,HarperCollins,288.33,1,2025-09-14,Delivered
4472,1398,5,Bluetooth Earbuds,Electronics,boAt,48019.47,1,2026-01-04,Delivered
4473,1613,123,Badminton Racket,Sports & Fitness,Decathlon,5589.75,1,2025-12-10,Delivered
4474,1742,37,Formal Shirt,Fashion,Van Heusen,1837.75,2,2025-09-05,Delivered
4475,502,106,Trimmer,Beauty & Personal Care,Mamaearth,2315.26,2,2026-07-28,Delivered
4476,340,70,Bedsheet Set,Home & Kitchen,Bajaj,6209.94,1,2026-03-09,Delivered
4477,494,65,Induction Cooktop,Home & Kitchen,Prestige,11408.29,4,2025-01-06,Delivered
4478,216,26,Men's T-Shirt,Fashion,Nike,4704.5,1,2024-03-20,Delivered
4479,792,13,Laptop,Electronics,Sony,88243.59,2,2024-06-09,Delivered
4480,1029,99,Hair Serum,Beauty & Personal Care,Plum,1929.72,2,2026-02-13,Delivered
4481,1958,44,Handbag,Fashion,Van Heusen,1576.64,1,2026-01-22,Returned
4482,522,63,Water Bottle Set,Home & Kitchen,Cello,8921.31,2,2026-03-28,Delivered
4483,1862,22,Neckband Earphones,Electronics,Samsung,47195.62,1,2025-10-22,Delivered
4484,855,77,Self-Help Book,Books,Scholastic,344.77,2,2026-03-30,Pending
4485,467,61,Water Bottle Set,Home & Kitchen,Philips,11326.54,1,2025-12-06,Delivered
4486,249,49,Mixer Grinder,Home & Kitchen,Havells,3664.15,1,2025-06-08,Delivered
4487,277,53,Non-Stick Pan Set,Home & Kitchen,Pigeon,6546.98,1,2025-11-05,Shipped
4488,508,1,Smartphone,Electronics,Xiaomi,8921.46,1,2025-10-28,Delivered
4489,1906,20,Bluetooth Speaker,Electronics,Xiaomi,35190.57,1,2026-02-05,Delivered
4490,370,40,Casual Sneakers,Fashion,Levis,1429.16,1,2026-01-28,Delivered
4491,150,63,Water Bottle Set,Home & Kitchen,Cello,10623.53,1,2026-04-25,Delivered
4492,445,75,Fiction Novel,Books,Bloomsbury,790.22,1,2025-11-26,Delivered
4493,344,47,Sunglasses,Fashion,Biba,1447.71,1,2025-07-20,Shipped
4494,992,29,Women's Kurta,Fashion,Allen Solly,1158.78,1,2024-12-25,Delivered
4495,1738,26,Men's T-Shirt,Fashion,Nike,3415.51,1,2026-05-12,Delivered
4496,817,4,Bluetooth Earbuds,Electronics,Xiaomi,1494.99,1,2026-04-07,Delivered
4497,1192,21,Bluetooth Speaker,Electronics,Apple,85647.6,1,2025-11-01,Delivered
4498,1966,45,Handbag,Fashion,Allen Solly,4712.35,2,2026-03-25,Delivered
4499,527,124,Football,Sports & Fitness,Nivia,972.38,3,2026-07-08,Delivered
4500,1473,30,Women's Kurta,Fashion,Biba,832.76,4,2025-11-27,Delivered
4501,1466,3,Smartphone,Electronics,boAt,12695.99,1,2026-06-26,Shipped
4502,1856,14,Laptop,Electronics,Xiaomi,4954.56,1,2024-05-08,Pending
4503,1473,52,Non-Stick Pan Set,Home & Kitchen,Bajaj,3857.66,2,2025-12-11,Delivered
4504,367,43,Handbag,Fashion,Biba,831.3,1,2026-02-26,Delivered
4505,768,55,Air Fryer,Home & Kitchen,Bajaj,2517.84,1,2026-03-11,Delivered
4506,285,90,Business Book,Books,Rupa Publications,267.21,1,2025-11-29,Delivered
4507,303,11,LED TV 43-inch,Electronics,boAt,79656.78,1,2025-11-12,Delivered
4508,895,89,Business Book,Books,Bloomsbury,751.99,1,2025-07-07,Shipped
4509,1526,99,Hair Serum,Beauty & Personal Care,Plum,1310.15,1,2026-01-26,Delivered
4510,171,29,Women's Kurta,Fashion,Allen Solly,829.82,1,2025-05-17,Shipped
4511,1628,106,Trimmer,Beauty & Personal Care,Mamaearth,1880.61,3,2026-02-22,Delivered
4512,656,49,Mixer Grinder,Home & Kitchen,Havells,6715.81,2,2024-06-24,Delivered
4513,886,5,Bluetooth Earbuds,Electronics,boAt,16019.38,1,2025-06-19,Delivered
4514,172,87,Biography,Books,Bloomsbury,286.84,2,2026-08-17,Delivered
4515,1380,51,Mixer Grinder,Home & Kitchen,Philips,1238.45,1,2025-04-23,Delivered
4516,125,115,Cricket Bat,Sports & Fitness,Nivia,2390.99,1,2026-02-11,Delivered
4517,1028,75,Fiction Novel,Books,Bloomsbury,470.57,1,2025-03-10,Delivered
4518,1601,65,Induction Cooktop,Home & Kitchen,Prestige,5810.09,1,2025-07-29,Delivered
4519,15,59,Table Lamp,Home & Kitchen,Havells,12950.41,1,2025-09-10,Delivered
4520,1352,87,Biography,Books,Bloomsbury,939.39,1,2026-07-19,Delivered
4521,1835,42,Casual Sneakers,Fashion,Biba,2375.77,1,2024-11-01,Delivered
4522,907,36,Denim Jeans,Fashion,Puma,2876.94,1,2024-12-26,Delivered
4523,1413,61,Water Bottle Set,Home & Kitchen,Philips,1912.06,1,2025-09-02,Delivered
4524,323,66,Induction Cooktop,Home & Kitchen,Cello,602.03,3,2025-03-28,Cancelled
4525,1094,11,LED TV 43-inch,Electronics,boAt,33256.81,1,2025-02-05,Delivered
4526,645,121,Badminton Racket,Sports & Fitness,Cosco,4537.65,2,2026-04-21,Returned
4527,973,23,Neckband Earphones,Electronics,JBL,41910.23,1,2026-02-06,Delivered
4528,721,113,Yoga Mat,Sports & Fitness,Decathlon,4052.83,3,2026-05-04,Delivered
4529,1950,23,Neckband Earphones,Electronics,JBL,15385.66,3,2026-01-03,Cancelled
4530,1699,7,Smartwatch,Electronics,Samsung,28264.18,1,2024-04-12,Delivered
4531,1926,31,Running Shoes,Fashion,Biba,3013.48,3,2024-12-30,Delivered
4532,1543,71,Bedsheet Set,Home & Kitchen,Pigeon,10716.06,1,2026-05-12,Delivered
4533,1630,119,Dumbbell Set 10kg,Sports & Fitness,Adidas,3184.05,3,2025-12-06,Delivered
4534,693,103,Lipstick,Beauty & Personal Care,The Man Company,1882.81,1,2025-07-06,Delivered
4535,314,116,Cricket Bat,Sports & Fitness,Adidas,3069.73,1,2026-01-31,Shipped
4536,990,11,LED TV 43-inch,Electronics,boAt,12300.12,1,2026-06-12,Delivered
4537,9,59,Table Lamp,Home & Kitchen,Havells,4142.0,1,2025-09-11,Delivered
4538,943,83,Children's Story Book,Books,Penguin,874.83,2,2025-11-13,Delivered
4539,1879,47,Sunglasses,Fashion,Biba,2799.94,1,2025-04-08,Delivered
4540,1606,129,Resistance Band Set,Sports & Fitness,Yonex,3591.19,4,2024-12-19,Shipped
4541,1269,49,Mixer Grinder,Home & Kitchen,Havells,2989.74,2,2025-10-12,Delivered
4542,1827,5,Bluetooth Earbuds,Electronics,boAt,15375.09,3,2025-11-29,Delivered
4543,1671,129,Resistance Band Set,Sports & Fitness,Yonex,2925.01,1,2025-10-15,Delivered
4544,1639,99,Hair Serum,Beauty & Personal Care,Plum,821.53,1,2025-08-20,Delivered
4545,932,60,Table Lamp,Home & Kitchen,Pigeon,4317.46,2,2025-11-16,Cancelled
4546,711,62,Water Bottle Set,Home & Kitchen,Pigeon,7934.83,1,2024-08-16,Delivered
4547,1355,43,Handbag,Fashion,Biba,4007.46,1,2025-06-27,Delivered
4548,1994,58,Table Lamp,Home & Kitchen,Prestige,10837.06,2,2026-06-18,Returned
4549,1924,41,Casual Sneakers,Fashion,Allen Solly,564.65,1,2025-05-09,Delivered
4550,504,16,Power Bank 10000mAh,Electronics,OnePlus,11207.83,1,2025-01-23,Delivered
4551,767,51,Mixer Grinder,Home & Kitchen,Philips,3505.68,1,2025-05-15,Delivered
4552,1992,55,Air Fryer,Home & Kitchen,Bajaj,5363.68,2,2026-03-19,Delivered
4553,860,50,Mixer Grinder,Home & Kitchen,Pigeon,4895.57,1,2026-03-15,Delivered
4554,746,31,Running Shoes,Fashion,Biba,3777.92,3,2025-04-16,Shipped
4555,417,75,Fiction Novel,Books,Bloomsbury,939.61,1,2025-01-23,Delivered
4556,696,68,Wall Clock,Home & Kitchen,Havells,3985.1,1,2025-01-18,Delivered
4557,592,21,Bluetooth Speaker,Electronics,Apple,57153.46,1,2025-06-10,Delivered
4558,1754,77,Self-Help Book,Books,Scholastic,439.71,1,2025-10-24,Returned
4559,153,32,Running Shoes,Fashion,H&M,4898.9,1,2024-10-24,Delivered
4560,1315,65,Induction Cooktop,Home & Kitchen,Prestige,8672.0,1,2025-10-14,Delivered
4561,1800,45,Handbag,Fashion,Allen Solly,1488.97,2,2025-09-16,Delivered
4562,1335,127,Resistance Band Set,Sports & Fitness,Nivia,2746.67,1,2026-04-09,Cancelled
4563,738,1,Smartphone,Electronics,Xiaomi,6254.05,1,2024-12-23,Delivered
4564,755,20,Bluetooth Speaker,Electronics,Xiaomi,71885.82,1,2026-06-20,Delivered
4565,1810,61,Water Bottle Set,Home & Kitchen,Philips,870.14,3,2025-09-17,Cancelled
4566,1143,51,Mixer Grinder,Home & Kitchen,Philips,12968.94,1,2025-02-10,Delivered
4567,288,62,Water Bottle Set,Home & Kitchen,Pigeon,9719.53,1,2025-04-05,Delivered
4568,787,79,Competitive Exam Guide,Books,Scholastic,284.03,1,2026-05-04,Cancelled
4569,146,107,Trimmer,Beauty & Personal Care,Plum,180.13,1,2026-04-19,Delivered
4570,798,97,Hair Serum,Beauty & Personal Care,Lakme,2050.16,1,2026-03-13,Delivered
4571,1536,80,Competitive Exam Guide,Books,HarperCollins,645.42,3,2025-06-21,Delivered
4572,1758,126,Football,Sports & Fitness,Yonex,4263.5,2,2026-02-03,Delivered
4573,693,69,Wall Clock,Home & Kitchen,Philips,5830.58,1,2025-06-20,Delivered
4574,221,82,Children's Story Book,Books,Rupa Publications,101.0,2,2026-04-05,Delivered
4575,851,66,Induction Cooktop,Home & Kitchen,Cello,9958.63,1,2025-05-18,Pending
4576,339,107,Trimmer,Beauty & Personal Care,Plum,2003.63,4,2025-11-17,Delivered
4577,465,29,Women's Kurta,Fashion,Allen Solly,4648.87,1,2025-11-01,Delivered
4578,164,76,Self-Help Book,Books,Bloomsbury,225.91,1,2026-02-02,Delivered
4579,810,116,Cricket Bat,Sports & Fitness,Adidas,3634.73,1,2026-01-15,Delivered
4580,127,74,Fiction Novel,Books,HarperCollins,175.3,2,2025-11-06,Delivered
4581,804,58,Table Lamp,Home & Kitchen,Prestige,10986.9,1,2026-02-08,Delivered
4582,1093,18,Power Bank 10000mAh,Electronics,Sony,64880.54,1,2026-04-16,Delivered
4583,1063,83,Children's Story Book,Books,Penguin,764.88,2,2025-12-12,Delivered
4584,936,121,Badminton Racket,Sports & Fitness,Cosco,4942.2,1,2026-06-11,Delivered
4585,1004,129,Resistance Band Set,Sports & Fitness,Yonex,1357.97,1,2025-12-10,Delivered
4586,1022,121,Badminton Racket,Sports & Fitness,Cosco,4687.53,1,2025-07-15,Delivered
4587,1704,112,Yoga Mat,Sports & Fitness,Nivia,306.91,1,2025-12-11,Delivered
4588,83,56,Air Fryer,Home & Kitchen,Prestige,7965.86,2,2025-04-21,Delivered
4589,649,72,Bedsheet Set,Home & Kitchen,Prestige,10669.68,1,2023-10-23,Delivered
4590,485,112,Yoga Mat,Sports & Fitness,Nivia,5245.11,2,2025-08-20,Delivered
4591,1572,105,Lipstick,Beauty & Personal Care,Nivea,1603.58,4,2025-09-05,Delivered
4592,31,108,Trimmer,Beauty & Personal Care,Lakme,645.98,1,2026-03-08,Delivered
4593,1879,125,Football,Sports & Fitness,Cosco,2420.24,1,2025-05-11,Delivered
4594,117,34,Denim Jeans,Fashion,H&M,2129.27,1,2026-01-17,Delivered
4595,1718,27,Men's T-Shirt,Fashion,Puma,2773.07,2,2025-11-12,Delivered
4596,569,76,Self-Help Book,Books,Bloomsbury,153.8,1,2025-04-01,Cancelled
4597,1297,104,Lipstick,Beauty & Personal Care,Dove,1026.73,1,2024-12-17,Cancelled
4598,1313,117,Cricket Bat,Sports & Fitness,Decathlon,5392.74,3,2024-12-28,Delivered
4599,1686,107,Trimmer,Beauty & Personal Care,Plum,2313.7,3,2025-06-22,Delivered
4600,661,58,Table Lamp,Home & Kitchen,Prestige,6443.47,2,2025-07-01,Delivered
4601,1535,91,Face Wash,Beauty & Personal Care,The Man Company,1858.44,2,2026-02-05,Delivered
4602,350,85,Biography,Books,Scholastic,943.39,2,2024-10-07,Cancelled
4603,859,14,Laptop,Electronics,Xiaomi,8139.36,1,2025-06-30,Delivered
4604,348,123,Badminton Racket,Sports & Fitness,Decathlon,4204.12,1,2026-03-06,Delivered
4605,561,110,Perfume,Beauty & Personal Care,Lakme,919.23,1,2026-07-30,Cancelled
4606,814,14,Laptop,Electronics,Xiaomi,13484.06,2,2025-07-28,Delivered
4607,696,113,Yoga Mat,Sports & Fitness,Decathlon,205.27,1,2025-01-22,Delivered
4608,702,22,Neckband Earphones,Electronics,Samsung,84766.96,1,2025-09-18,Delivered
4609,1516,82,Children's Story Book,Books,Rupa Publications,298.24,1,2025-03-10,Delivered
4610,1449,124,Football,Sports & Fitness,Nivia,2749.79,1,2026-07-12,Delivered
4611,583,80,Competitive Exam Guide,Books,HarperCollins,216.76,1,2025-05-30,Delivered
4612,556,37,Formal Shirt,Fashion,Van Heusen,404.38,2,2025-03-10,Delivered
4613,1813,18,Power Bank 10000mAh,Electronics,Sony,47826.14,1,2025-05-23,Delivered
4614,920,98,Hair Serum,Beauty & Personal Care,Mamaearth,2268.55,4,2025-01-05,Returned
4615,387,11,LED TV 43-inch,Electronics,boAt,26386.5,2,2025-11-14,Delivered
4616,986,99,Hair Serum,Beauty & Personal Care,Plum,262.43,1,2024-06-06,Pending
4617,1512,60,Table Lamp,Home & Kitchen,Pigeon,1028.73,2,2026-02-07,Delivered
4618,178,78,Self-Help Book,Books,HarperCollins,323.82,1,2025-08-21,Returned
4619,112,5,Bluetooth Earbuds,Electronics,boAt,57036.14,3,2025-11-17,Delivered
4620,966,13,Laptop,Electronics,Sony,66018.58,1,2026-04-12,Delivered
4621,1189,107,Trimmer,Beauty & Personal Care,Plum,1289.98,4,2024-12-24,Shipped
4622,1022,119,Dumbbell Set 10kg,Sports & Fitness,Adidas,3292.45,2,2026-05-04,Delivered
4623,1955,80,Competitive Exam Guide,Books,HarperCollins,420.37,1,2025-06-29,Delivered
4624,120,29,Women's Kurta,Fashion,Allen Solly,3181.89,2,2025-09-07,Delivered
4625,414,29,Women's Kurta,Fashion,Allen Solly,806.03,1,2025-04-12,Delivered
4626,419,96,Sunscreen SPF50,Beauty & Personal Care,Plum,631.75,2,2025-09-20,Delivered
4627,1499,50,Mixer Grinder,Home & Kitchen,Pigeon,9061.13,1,2026-01-08,Shipped
4628,169,18,Power Bank 10000mAh,Electronics,Sony,28569.28,1,2024-11-17,Delivered
4629,1530,119,Dumbbell Set 10kg,Sports & Fitness,Adidas,354.3,1,2026-01-28,Delivered
4630,284,4,Bluetooth Earbuds,Electronics,Xiaomi,35186.24,1,2026-07-19,Delivered
4631,1295,77,Self-Help Book,Books,Scholastic,374.14,1,2026-08-04,Delivered
4632,220,108,Trimmer,Beauty & Personal Care,Lakme,2403.08,1,2026-04-28,Delivered
4633,523,117,Cricket Bat,Sports & Fitness,Decathlon,4940.39,2,2025-11-15,Delivered
4634,511,73,Fiction Novel,Books,Scholastic,147.31,1,2024-04-08,Cancelled
4635,1881,9,Smartwatch,Electronics,boAt,14864.33,2,2025-11-03,Delivered
4636,740,53,Non-Stick Pan Set,Home & Kitchen,Pigeon,6036.87,2,2025-08-05,Delivered
4637,1119,22,Neckband Earphones,Electronics,Samsung,53582.28,3,2026-07-19,Delivered
4638,1954,92,Face Wash,Beauty & Personal Care,Plum,2385.49,1,2026-08-16,Delivered
4639,1280,71,Bedsheet Set,Home & Kitchen,Pigeon,4246.98,2,2025-09-26,Delivered
4640,601,111,Perfume,Beauty & Personal Care,Plum,739.84,1,2026-07-31,Delivered
4641,1197,19,Bluetooth Speaker,Electronics,boAt,87192.3,1,2025-03-16,Returned
4642,1795,97,Hair Serum,Beauty & Personal Care,Lakme,1313.46,1,2026-03-22,Delivered
4643,1824,129,Resistance Band Set,Sports & Fitness,Yonex,4196.87,2,2024-10-28,Delivered
4644,710,32,Running Shoes,Fashion,H&M,4497.46,1,2026-01-16,Delivered
4645,90,59,Table Lamp,Home & Kitchen,Havells,5648.87,1,2026-01-07,Delivered
4646,704,33,Running Shoes,Fashion,Roadster,4564.66,1,2026-04-07,Delivered
4647,1416,20,Bluetooth Speaker,Electronics,Xiaomi,41958.22,3,2025-03-01,Delivered
4648,1301,70,Bedsheet Set,Home & Kitchen,Bajaj,9187.43,1,2025-07-28,Delivered
4649,217,57,Air Fryer,Home & Kitchen,Pigeon,8710.19,1,2025-05-27,Delivered
4650,1266,23,Neckband Earphones,Electronics,JBL,35171.43,1,2024-08-11,Delivered
4651,1727,89,Business Book,Books,Bloomsbury,358.72,1,2024-10-15,Delivered
4652,1888,52,Non-Stick Pan Set,Home & Kitchen,Bajaj,11331.35,2,2025-11-19,Delivered
4653,1004,129,Resistance Band Set,Sports & Fitness,Yonex,2500.46,1,2025-12-01,Delivered
4654,107,101,Body Lotion,Beauty & Personal Care,Lakme,1373.51,1,2025-06-04,Delivered
4655,1522,84,Children's Story Book,Books,Scholastic,427.33,1,2026-06-12,Delivered
4656,1761,78,Self-Help Book,Books,HarperCollins,981.32,1,2026-05-29,Delivered
4657,1529,105,Lipstick,Beauty & Personal Care,Nivea,1651.18,1,2025-06-01,Returned
4658,643,30,Women's Kurta,Fashion,Biba,4358.01,1,2024-11-12,Delivered
4659,685,49,Mixer Grinder,Home & Kitchen,Havells,2637.91,1,2025-05-29,Delivered
4660,153,96,Sunscreen SPF50,Beauty & Personal Care,Plum,1077.08,1,2025-08-08,Delivered
4661,167,110,Perfume,Beauty & Personal Care,Lakme,2272.32,1,2026-05-12,Delivered
4662,639,100,Body Lotion,Beauty & Personal Care,The Man Company,1511.37,1,2025-09-09,Delivered
4663,1170,105,Lipstick,Beauty & Personal Care,Nivea,1886.89,1,2026-07-13,Delivered
4664,460,42,Casual Sneakers,Fashion,Biba,2623.9,1,2024-04-17,Delivered
4665,797,47,Sunglasses,Fashion,Biba,1147.03,1,2025-09-18,Delivered
4666,161,35,Denim Jeans,Fashion,Van Heusen,1403.79,3,2025-06-03,Delivered
4667,577,3,Smartphone,Electronics,boAt,10664.19,1,2025-05-21,Pending
4668,1543,129,Resistance Band Set,Sports & Fitness,Yonex,6062.36,1,2025-10-11,Pending
4669,1335,93,Face Wash,Beauty & Personal Care,Dove,1717.29,1,2024-03-08,Delivered
4670,861,45,Handbag,Fashion,Allen Solly,1204.45,1,2026-01-30,Delivered
4671,964,91,Face Wash,Beauty & Personal Care,The Man Company,1301.28,1,2025-12-18,Delivered
4672,593,80,Competitive Exam Guide,Books,HarperCollins,819.35,1,2026-07-21,Delivered
4673,18,10,LED TV 43-inch,Electronics,Apple,20163.25,2,2026-02-27,Delivered
4674,38,79,Competitive Exam Guide,Books,Scholastic,789.29,1,2025-10-07,Delivered
4675,1772,53,Non-Stick Pan Set,Home & Kitchen,Pigeon,9787.91,1,2026-05-13,Delivered
4676,470,106,Trimmer,Beauty & Personal Care,Mamaearth,339.03,1,2026-01-29,Delivered
4677,310,63,Water Bottle Set,Home & Kitchen,Cello,10892.76,1,2023-12-09,Delivered
4678,880,85,Biography,Books,Scholastic,554.02,4,2026-03-09,Shipped
4679,1355,52,Non-Stick Pan Set,Home & Kitchen,Bajaj,11959.6,4,2024-12-08,Returned
4680,1455,42,Casual Sneakers,Fashion,Biba,2660.83,1,2025-08-02,Delivered
4681,1235,54,Non-Stick Pan Set,Home & Kitchen,Philips,8377.74,1,2024-02-08,Delivered
4682,804,78,Self-Help Book,Books,HarperCollins,531.15,1,2026-02-23,Delivered
4683,325,84,Children's Story Book,Books,Scholastic,622.36,1,2025-05-28,Delivered
4684,412,126,Football,Sports & Fitness,Yonex,4354.55,2,2026-06-13,Delivered
4685,1232,8,Smartwatch,Electronics,OnePlus,75067.19,1,2025-01-30,Delivered
4686,1297,28,Women's Kurta,Fashion,Levis,3401.71,1,2025-12-02,Delivered
4687,703,115,Cricket Bat,Sports & Fitness,Nivia,6678.41,1,2026-07-18,Delivered
4688,201,88,Business Book,Books,Penguin,141.69,2,2025-09-25,Cancelled
4689,512,129,Resistance Band Set,Sports & Fitness,Yonex,3291.47,1,2024-07-29,Cancelled
4690,258,102,Body Lotion,Beauty & Personal Care,Mamaearth,923.94,1,2025-12-10,Returned
4691,599,19,Bluetooth Speaker,Electronics,boAt,45443.36,1,2026-02-03,Delivered
4692,1959,129,Resistance Band Set,Sports & Fitness,Yonex,6315.33,3,2025-08-04,Returned
4693,152,71,Bedsheet Set,Home & Kitchen,Pigeon,7734.54,1,2025-03-17,Delivered
4694,1177,103,Lipstick,Beauty & Personal Care,The Man Company,1854.82,1,2024-06-13,Delivered
4695,848,43,Handbag,Fashion,Biba,4805.39,2,2026-07-06,Cancelled
4696,793,84,Children's Story Book,Books,Scholastic,689.89,2,2024-07-14,Delivered
4697,1669,34,Denim Jeans,Fashion,H&M,2943.8,1,2024-03-03,Delivered
4698,1595,66,Induction Cooktop,Home & Kitchen,Cello,9688.51,1,2025-11-04,Delivered
4699,1657,102,Body Lotion,Beauty & Personal Care,Mamaearth,329.54,3,2026-06-29,Shipped
4700,1098,88,Business Book,Books,Penguin,661.8,1,2026-03-02,Delivered
4701,1806,24,Neckband Earphones,Electronics,Realme,63010.61,1,2026-04-15,Delivered
4702,1526,37,Formal Shirt,Fashion,Van Heusen,4745.62,1,2026-01-04,Delivered
4703,1519,94,Sunscreen SPF50,Beauty & Personal Care,Mamaearth,2403.29,2,2026-01-27,Delivered
4704,786,30,Women's Kurta,Fashion,Biba,3021.12,1,2026-02-09,Delivered
4705,942,28,Women's Kurta,Fashion,Levis,2940.03,1,2026-03-29,Delivered
4706,71,127,Resistance Band Set,Sports & Fitness,Nivia,3836.37,4,2025-12-12,Delivered
4707,2,8,Smartwatch,Electronics,OnePlus,81291.41,3,2025-11-20,Shipped
4708,1459,26,Men's T-Shirt,Fashion,Nike,4733.46,1,2024-11-27,Delivered
4709,1184,102,Body Lotion,Beauty & Personal Care,Mamaearth,2152.2,1,2025-10-19,Delivered
4710,336,52,Non-Stick Pan Set,Home & Kitchen,Bajaj,8496.57,1,2026-05-08,Delivered
4711,1031,97,Hair Serum,Beauty & Personal Care,Lakme,998.75,1,2025-10-21,Delivered
4712,207,1,Smartphone,Electronics,Xiaomi,31796.61,1,2026-06-13,Delivered
4713,1650,50,Mixer Grinder,Home & Kitchen,Pigeon,7758.15,1,2026-04-08,Delivered
4714,534,52,Non-Stick Pan Set,Home & Kitchen,Bajaj,7912.22,1,2025-10-27,Delivered
4715,1223,88,Business Book,Books,Penguin,342.49,1,2026-03-21,Delivered
4716,1091,62,Water Bottle Set,Home & Kitchen,Pigeon,9412.19,1,2025-07-28,Delivered
4717,1983,32,Running Shoes,Fashion,H&M,572.23,1,2025-08-02,Delivered
4718,194,46,Sunglasses,Fashion,H&M,2284.38,3,2024-08-24,Delivered
4719,558,13,Laptop,Electronics,Sony,62027.73,1,2026-06-25,Delivered
4720,627,76,Self-Help Book,Books,Bloomsbury,446.49,2,2026-03-08,Delivered
4721,957,4,Bluetooth Earbuds,Electronics,Xiaomi,4445.97,1,2026-01-18,Delivered
4722,114,9,Smartwatch,Electronics,boAt,41005.43,1,2026-05-30,Shipped
4723,528,60,Table Lamp,Home & Kitchen,Pigeon,8291.75,2,2025-05-11,Delivered
4724,1730,60,Table Lamp,Home & Kitchen,Pigeon,10707.59,1,2025-05-18,Delivered
4725,1238,28,Women's Kurta,Fashion,Levis,2998.57,1,2025-07-13,Delivered
4726,1020,57,Air Fryer,Home & Kitchen,Pigeon,2078.01,1,2024-05-05,Delivered
4727,602,65,Induction Cooktop,Home & Kitchen,Prestige,8597.01,2,2024-12-18,Delivered
4728,139,11,LED TV 43-inch,Electronics,boAt,18310.65,1,2024-10-22,Delivered
4729,1532,43,Handbag,Fashion,Biba,3409.61,1,2025-02-28,Cancelled
4730,643,10,LED TV 43-inch,Electronics,Apple,65798.85,1,2025-09-14,Delivered
4731,506,115,Cricket Bat,Sports & Fitness,Nivia,4818.79,4,2025-09-09,Delivered
4732,882,100,Body Lotion,Beauty & Personal Care,The Man Company,2102.77,2,2025-12-19,Delivered
4733,1921,19,Bluetooth Speaker,Electronics,boAt,80565.54,2,2025-03-10,Cancelled
4734,35,121,Badminton Racket,Sports & Fitness,Cosco,3939.77,1,2025-11-07,Delivered
4735,1371,50,Mixer Grinder,Home & Kitchen,Pigeon,521.18,1,2025-12-09,Delivered
4736,490,53,Non-Stick Pan Set,Home & Kitchen,Pigeon,8327.9,2,2024-09-25,Cancelled
4737,1446,98,Hair Serum,Beauty & Personal Care,Mamaearth,718.54,1,2025-11-23,Delivered
4738,251,80,Competitive Exam Guide,Books,HarperCollins,602.32,1,2025-04-04,Delivered
4739,458,27,Men's T-Shirt,Fashion,Puma,664.09,1,2026-02-19,Delivered
4740,699,115,Cricket Bat,Sports & Fitness,Nivia,2959.74,1,2025-06-15,Delivered
4741,280,35,Denim Jeans,Fashion,Van Heusen,3886.22,2,2026-06-30,Delivered
4742,320,114,Yoga Mat,Sports & Fitness,Adidas,2372.21,1,2025-08-22,Delivered
4743,1032,48,Sunglasses,Fashion,Puma,1418.67,2,2025-10-23,Delivered
4744,27,124,Football,Sports & Fitness,Nivia,952.2,2,2025-07-14,Delivered
4745,1556,45,Handbag,Fashion,Allen Solly,2075.62,1,2025-10-05,Returned
4746,132,104,Lipstick,Beauty & Personal Care,Dove,811.24,2,2024-10-29,Delivered
4747,530,25,Men's T-Shirt,Fashion,Allen Solly,3562.6,1,2025-12-08,Delivered
4748,730,91,Face Wash,Beauty & Personal Care,The Man Company,1191.0,1,2026-01-17,Cancelled
4749,1389,38,Formal Shirt,Fashion,Levis,4919.56,1,2026-02-11,Delivered
4750,1341,13,Laptop,Electronics,Sony,63880.9,2,2026-03-02,Delivered
4751,214,29,Women's Kurta,Fashion,Allen Solly,1777.97,1,2026-07-04,Returned
4752,1613,89,Business Book,Books,Bloomsbury,166.11,1,2026-01-01,Delivered
4753,862,10,LED TV 43-inch,Electronics,Apple,58690.64,1,2025-07-27,Delivered
4754,1773,3,Smartphone,Electronics,boAt,87372.52,1,2026-03-03,Delivered
4755,430,58,Table Lamp,Home & Kitchen,Prestige,3553.51,1,2026-07-11,Delivered
4756,1556,110,Perfume,Beauty & Personal Care,Lakme,270.31,3,2025-07-20,Delivered
4757,1527,97,Hair Serum,Beauty & Personal Care,Lakme,625.46,1,2026-04-04,Delivered
4758,1107,63,Water Bottle Set,Home & Kitchen,Cello,4082.33,4,2025-09-23,Delivered
4759,572,116,Cricket Bat,Sports & Fitness,Adidas,563.46,1,2026-01-19,Returned
4760,1790,121,Badminton Racket,Sports & Fitness,Cosco,6000.96,3,2025-03-25,Delivered
4761,825,2,Smartphone,Electronics,Apple,74289.75,1,2024-11-02,Delivered
4762,552,38,Formal Shirt,Fashion,Levis,2479.74,1,2026-07-19,Delivered
4763,1531,42,Casual Sneakers,Fashion,Biba,3660.71,1,2025-11-22,Returned
4764,774,119,Dumbbell Set 10kg,Sports & Fitness,Adidas,6717.37,1,2025-09-24,Delivered
4765,1650,56,Air Fryer,Home & Kitchen,Prestige,8314.59,1,2026-04-09,Delivered
4766,706,72,Bedsheet Set,Home & Kitchen,Prestige,6236.19,2,2025-11-09,Delivered
4767,1424,25,Men's T-Shirt,Fashion,Allen Solly,2981.75,2,2025-12-21,Shipped
4768,1632,72,Bedsheet Set,Home & Kitchen,Prestige,1400.02,2,2026-03-01,Shipped
4769,1912,58,Table Lamp,Home & Kitchen,Prestige,2027.6,2,2026-05-26,Delivered
4770,1924,101,Body Lotion,Beauty & Personal Care,Lakme,584.76,1,2026-01-16,Delivered
4771,1777,129,Resistance Band Set,Sports & Fitness,Yonex,2650.61,1,2025-12-28,Delivered
4772,1728,43,Handbag,Fashion,Biba,1795.0,3,2025-08-27,Returned
4773,1877,67,Wall Clock,Home & Kitchen,Cello,10013.24,1,2024-12-23,Delivered
4774,824,52,Non-Stick Pan Set,Home & Kitchen,Bajaj,11782.38,1,2024-12-07,Delivered
4775,973,78,Self-Help Book,Books,HarperCollins,882.97,1,2024-10-31,Pending
4776,1187,98,Hair Serum,Beauty & Personal Care,Mamaearth,995.68,1,2026-02-13,Cancelled
4777,1032,112,Yoga Mat,Sports & Fitness,Nivia,4647.86,1,2025-09-27,Delivered
4778,1514,16,Power Bank 10000mAh,Electronics,OnePlus,47585.21,1,2026-02-02,Delivered
4779,1858,99,Hair Serum,Beauty & Personal Care,Plum,835.6,1,2025-08-25,Delivered
4780,792,45,Handbag,Fashion,Allen Solly,1290.23,1,2024-03-31,Returned
4781,1115,75,Fiction Novel,Books,Bloomsbury,454.55,3,2025-06-16,Delivered
4782,805,102,Body Lotion,Beauty & Personal Care,Mamaearth,624.54,1,2024-11-21,Delivered
4783,794,41,Casual Sneakers,Fashion,Allen Solly,3796.83,4,2024-12-16,Delivered
4784,1576,54,Non-Stick Pan Set,Home & Kitchen,Philips,9186.73,1,2024-07-25,Delivered
4785,1056,73,Fiction Novel,Books,Scholastic,803.6,1,2026-02-20,Delivered
4786,166,111,Perfume,Beauty & Personal Care,Plum,2045.48,1,2025-10-28,Returned
4787,1449,9,Smartwatch,Electronics,boAt,21202.43,1,2025-11-23,Delivered
4788,1413,106,Trimmer,Beauty & Personal Care,Mamaearth,700.94,1,2024-06-28,Delivered
4789,1540,71,Bedsheet Set,Home & Kitchen,Pigeon,4875.12,1,2026-06-05,Delivered
4790,1537,85,Biography,Books,Scholastic,507.34,3,2025-05-21,Returned
4791,775,91,Face Wash,Beauty & Personal Care,The Man Company,327.49,2,2024-09-14,Delivered
4792,1048,110,Perfume,Beauty & Personal Care,Lakme,336.53,1,2025-03-03,Pending
4793,850,16,Power Bank 10000mAh,Electronics,OnePlus,17091.93,1,2026-01-06,Delivered
4794,858,27,Men's T-Shirt,Fashion,Puma,2377.33,1,2025-10-01,Delivered
4795,1047,28,Women's Kurta,Fashion,Levis,4571.37,2,2026-02-22,Returned
4796,275,19,Bluetooth Speaker,Electronics,boAt,86823.82,1,2026-08-17,Delivered
4797,1118,82,Children's Story Book,Books,Rupa Publications,987.08,2,2025-08-31,Delivered
4798,1696,111,Perfume,Beauty & Personal Care,Plum,969.49,2,2026-05-06,Shipped
4799,561,50,Mixer Grinder,Home & Kitchen,Pigeon,4667.45,2,2026-07-12,Cancelled
4800,29,18,Power Bank 10000mAh,Electronics,Sony,58086.73,1,2026-07-12,Delivered
4801,352,7,Smartwatch,Electronics,Samsung,15867.62,1,2026-03-30,Delivered
4802,709,8,Smartwatch,Electronics,OnePlus,75774.59,1,2025-11-01,Delivered
4803,1108,57,Air Fryer,Home & Kitchen,Pigeon,8626.49,2,2025-03-28,Delivered
4804,166,82,Children's Story Book,Books,Rupa Publications,420.15,2,2025-01-07,Delivered
4805,1153,43,Handbag,Fashion,Biba,1674.72,2,2026-04-18,Delivered
4806,12,19,Bluetooth Speaker,Electronics,boAt,32602.18,1,2026-08-01,Delivered
4807,1202,91,Face Wash,Beauty & Personal Care,The Man Company,474.93,2,2026-03-10,Returned
4808,1122,41,Casual Sneakers,Fashion,Allen Solly,2259.16,1,2026-08-17,Delivered
4809,94,15,Laptop,Electronics,boAt,43367.6,1,2026-03-06,Delivered
4810,571,17,Power Bank 10000mAh,Electronics,Samsung,21465.2,1,2026-01-07,Delivered
4811,506,44,Handbag,Fashion,Van Heusen,2016.26,2,2026-02-16,Delivered
4812,514,39,Formal Shirt,Fashion,Allen Solly,4004.14,1,2025-12-07,Delivered
4813,1967,60,Table Lamp,Home & Kitchen,Pigeon,6392.35,1,2025-08-15,Delivered
4814,1221,69,Wall Clock,Home & Kitchen,Philips,2217.09,2,2025-09-27,Delivered
4815,1511,49,Mixer Grinder,Home & Kitchen,Havells,3114.75,1,2025-08-17,Delivered
4816,522,74,Fiction Novel,Books,HarperCollins,599.96,1,2026-02-17,Cancelled
4817,1210,82,Children's Story Book,Books,Rupa Publications,829.92,1,2025-11-07,Delivered
4818,1700,127,Resistance Band Set,Sports & Fitness,Nivia,4692.38,1,2025-05-12,Delivered
4819,646,55,Air Fryer,Home & Kitchen,Bajaj,6198.46,1,2025-04-22,Delivered
4820,107,74,Fiction Novel,Books,HarperCollins,330.44,1,2025-07-19,Delivered
4821,220,121,Badminton Racket,Sports & Fitness,Cosco,1048.14,3,2025-12-04,Returned
4822,21,66,Induction Cooktop,Home & Kitchen,Cello,4794.95,1,2024-02-06,Returned
4823,1409,102,Body Lotion,Beauty & Personal Care,Mamaearth,923.45,3,2025-01-29,Delivered
4824,981,72,Bedsheet Set,Home & Kitchen,Prestige,7884.66,1,2025-02-14,Shipped
4825,907,101,Body Lotion,Beauty & Personal Care,Lakme,1038.35,1,2024-08-22,Delivered
4826,1806,68,Wall Clock,Home & Kitchen,Havells,1569.1,1,2026-02-02,Delivered
4827,4,54,Non-Stick Pan Set,Home & Kitchen,Philips,6637.65,1,2025-04-03,Cancelled
4828,272,73,Fiction Novel,Books,Scholastic,103.27,1,2026-01-31,Delivered
4829,748,36,Denim Jeans,Fashion,Puma,2159.84,2,2025-08-14,Delivered
4830,1996,111,Perfume,Beauty & Personal Care,Plum,1133.03,1,2025-08-27,Delivered
4831,106,26,Men's T-Shirt,Fashion,Nike,2307.56,1,2025-12-14,Delivered
4832,942,18,Power Bank 10000mAh,Electronics,Sony,22964.62,1,2026-03-25,Delivered
4833,549,59,Table Lamp,Home & Kitchen,Havells,9886.29,1,2024-09-20,Delivered
4834,1279,92,Face Wash,Beauty & Personal Care,Plum,713.77,1,2026-01-15,Delivered
4835,1808,11,LED TV 43-inch,Electronics,boAt,47354.14,1,2026-03-05,Delivered
4836,371,120,Dumbbell Set 10kg,Sports & Fitness,Yonex,6180.72,1,2025-12-31,Returned
4837,191,126,Football,Sports & Fitness,Yonex,5882.22,1,2024-10-17,Pending
4838,558,52,Non-Stick Pan Set,Home & Kitchen,Bajaj,8816.52,1,2025-12-25,Returned
4839,76,11,LED TV 43-inch,Electronics,boAt,52171.38,1,2025-01-28,Delivered
4840,1236,100,Body Lotion,Beauty & Personal Care,The Man Company,2444.16,1,2026-07-08,Delivered
4841,924,99,Hair Serum,Beauty & Personal Care,Plum,370.12,3,2024-12-16,Delivered
4842,1584,6,Bluetooth Earbuds,Electronics,Sony,31405.58,1,2025-12-01,Returned
4843,1109,25,Men's T-Shirt,Fashion,Allen Solly,4634.81,1,2026-04-07,Delivered
4844,601,128,Resistance Band Set,Sports & Fitness,Decathlon,6770.36,1,2026-02-11,Delivered
4845,570,9,Smartwatch,Electronics,boAt,43062.02,2,2026-03-29,Delivered
4846,214,117,Cricket Bat,Sports & Fitness,Decathlon,4698.94,2,2026-07-17,Delivered
4847,870,26,Men's T-Shirt,Fashion,Nike,2118.87,1,2026-05-16,Delivered
4848,841,18,Power Bank 10000mAh,Electronics,Sony,11388.35,1,2024-12-31,Returned
4849,901,108,Trimmer,Beauty & Personal Care,Lakme,1204.75,3,2026-07-23,Shipped
4850,789,41,Casual Sneakers,Fashion,Allen Solly,2880.32,1,2026-06-26,Shipped
4851,1723,31,Running Shoes,Fashion,Biba,1080.36,1,2026-02-19,Delivered
4852,1314,94,Sunscreen SPF50,Beauty & Personal Care,Mamaearth,2291.72,1,2026-03-04,Delivered
4853,1380,104,Lipstick,Beauty & Personal Care,Dove,209.71,1,2025-09-26,Delivered
4854,1425,86,Biography,Books,HarperCollins,887.1,1,2025-04-03,Delivered
4855,127,72,Bedsheet Set,Home & Kitchen,Prestige,2983.93,3,2025-12-13,Delivered
4856,1085,104,Lipstick,Beauty & Personal Care,Dove,2430.72,1,2025-03-11,Cancelled
4857,892,66,Induction Cooktop,Home & Kitchen,Cello,3503.68,2,2026-01-08,Cancelled
4858,555,1,Smartphone,Electronics,Xiaomi,1225.19,2,2026-01-07,Delivered
4859,1607,106,Trimmer,Beauty & Personal Care,Mamaearth,255.07,1,2025-06-20,Returned
4860,252,80,Competitive Exam Guide,Books,HarperCollins,971.09,1,2026-04-05,Delivered
4861,1244,106,Trimmer,Beauty & Personal Care,Mamaearth,1380.53,1,2025-07-21,Delivered
4862,1031,85,Biography,Books,Scholastic,773.24,1,2025-11-15,Delivered
4863,423,125,Football,Sports & Fitness,Cosco,4113.92,2,2026-05-30,Delivered
4864,1770,123,Badminton Racket,Sports & Fitness,Decathlon,4888.64,2,2025-04-26,Delivered
4865,1688,71,Bedsheet Set,Home & Kitchen,Pigeon,5927.28,3,2026-03-21,Delivered
4866,1712,63,Water Bottle Set,Home & Kitchen,Cello,12422.06,1,2025-12-31,Delivered
4867,123,83,Children's Story Book,Books,Penguin,267.76,1,2026-02-27,Delivered
4868,727,15,Laptop,Electronics,boAt,71810.66,1,2025-11-07,Delivered
4869,247,103,Lipstick,Beauty & Personal Care,The Man Company,153.75,1,2026-01-04,Delivered
4870,1902,66,Induction Cooktop,Home & Kitchen,Cello,1030.16,3,2026-02-05,Delivered
4871,1954,76,Self-Help Book,Books,Bloomsbury,207.83,3,2026-07-22,Delivered
4872,813,120,Dumbbell Set 10kg,Sports & Fitness,Yonex,2593.43,1,2026-03-03,Pending
4873,897,115,Cricket Bat,Sports & Fitness,Nivia,4113.44,2,2026-02-15,Delivered
4874,211,55,Air Fryer,Home & Kitchen,Bajaj,9700.44,1,2025-06-16,Delivered
4875,1632,118,Dumbbell Set 10kg,Sports & Fitness,Decathlon,1268.53,2,2026-03-01,Shipped
4876,1409,26,Men's T-Shirt,Fashion,Nike,2588.28,2,2025-02-14,Delivered
4877,278,43,Handbag,Fashion,Biba,4285.47,1,2026-04-29,Delivered
4878,713,19,Bluetooth Speaker,Electronics,boAt,36145.99,4,2025-03-03,Delivered
4879,137,108,Trimmer,Beauty & Personal Care,Lakme,789.87,1,2026-06-20,Delivered
4880,111,99,Hair Serum,Beauty & Personal Care,Plum,2045.21,4,2026-02-20,Delivered
4881,1339,112,Yoga Mat,Sports & Fitness,Nivia,4417.41,1,2025-08-02,Returned
4882,656,90,Business Book,Books,Rupa Publications,128.53,2,2025-12-15,Delivered
4883,133,8,Smartwatch,Electronics,OnePlus,63379.19,2,2024-12-21,Delivered
4884,192,40,Casual Sneakers,Fashion,Levis,4025.93,1,2026-03-14,Cancelled
4885,1459,113,Yoga Mat,Sports & Fitness,Decathlon,3159.9,4,2025-06-11,Delivered
4886,9,46,Sunglasses,Fashion,H&M,1604.27,1,2025-09-23,Delivered
4887,1417,72,Bedsheet Set,Home & Kitchen,Prestige,3070.0,1,2026-06-17,Delivered
4888,1980,112,Yoga Mat,Sports & Fitness,Nivia,6410.72,1,2025-07-31,Delivered
4889,749,18,Power Bank 10000mAh,Electronics,Sony,22185.63,4,2025-09-07,Delivered
4890,682,48,Sunglasses,Fashion,Puma,843.0,1,2025-06-27,Cancelled
4891,1756,99,Hair Serum,Beauty & Personal Care,Plum,846.04,1,2026-02-03,Delivered
4892,838,8,Smartwatch,Electronics,OnePlus,40088.7,4,2025-11-17,Delivered
4893,749,3,Smartphone,Electronics,boAt,33282.97,3,2026-06-20,Delivered
4894,765,127,Resistance Band Set,Sports & Fitness,Nivia,6247.49,1,2026-01-18,Delivered
4895,1582,112,Yoga Mat,Sports & Fitness,Nivia,4658.44,3,2024-10-31,Delivered
4896,814,103,Lipstick,Beauty & Personal Care,The Man Company,728.3,1,2025-10-05,Delivered
4897,1328,89,Business Book,Books,Bloomsbury,155.62,1,2025-03-26,Cancelled
4898,1949,115,Cricket Bat,Sports & Fitness,Nivia,4923.55,1,2025-09-29,Returned
4899,412,65,Induction Cooktop,Home & Kitchen,Prestige,7745.51,1,2026-01-17,Cancelled
4900,354,51,Mixer Grinder,Home & Kitchen,Philips,3654.76,2,2025-06-28,Cancelled
4901,685,6,Bluetooth Earbuds,Electronics,Sony,60477.18,1,2025-08-21,Delivered
4902,1409,69,Wall Clock,Home & Kitchen,Philips,5564.18,1,2025-01-22,Delivered
4903,772,39,Formal Shirt,Fashion,Allen Solly,4709.99,2,2024-05-23,Delivered
4904,687,37,Formal Shirt,Fashion,Van Heusen,898.28,1,2025-01-01,Delivered
4905,1800,11,LED TV 43-inch,Electronics,boAt,66937.41,1,2026-01-21,Pending
4906,5,28,Women's Kurta,Fashion,Levis,1087.77,2,2024-09-17,Delivered
4907,1144,12,LED TV 43-inch,Electronics,JBL,69874.93,1,2025-08-25,Returned
4908,1349,115,Cricket Bat,Sports & Fitness,Nivia,5421.77,3,2025-01-04,Delivered
4909,1566,31,Running Shoes,Fashion,Biba,4103.64,3,2026-04-16,Delivered
4910,999,64,Induction Cooktop,Home & Kitchen,Milton,354.65,1,2026-01-10,Returned
4911,663,4,Bluetooth Earbuds,Electronics,Xiaomi,30208.28,1,2025-08-11,Pending
4912,86,5,Bluetooth Earbuds,Electronics,boAt,17978.05,1,2026-03-23,Cancelled
4913,697,29,Women's Kurta,Fashion,Allen Solly,3564.93,3,2026-07-15,Delivered
4914,1944,88,Business Book,Books,Penguin,960.48,1,2025-12-15,Cancelled
4915,885,10,LED TV 43-inch,Electronics,Apple,57419.92,4,2026-02-11,Delivered
4916,141,107,Trimmer,Beauty & Personal Care,Plum,1484.73,1,2026-07-23,Returned
4917,1968,75,Fiction Novel,Books,Bloomsbury,914.15,4,2026-08-09,Cancelled
4918,1589,30,Women's Kurta,Fashion,Biba,999.45,1,2025-01-11,Delivered
4919,1160,102,Body Lotion,Beauty & Personal Care,Mamaearth,1975.72,1,2026-06-11,Cancelled
4920,548,68,Wall Clock,Home & Kitchen,Havells,7705.05,1,2025-10-21,Delivered
4921,154,100,Body Lotion,Beauty & Personal Care,The Man Company,159.57,1,2026-03-04,Delivered
4922,459,67,Wall Clock,Home & Kitchen,Cello,9748.86,1,2024-05-27,Shipped
4923,725,31,Running Shoes,Fashion,Biba,3866.36,1,2025-07-28,Delivered
4924,1763,25,Men's T-Shirt,Fashion,Allen Solly,1291.08,1,2026-04-18,Delivered
4925,708,78,Self-Help Book,Books,HarperCollins,310.61,1,2026-03-05,Delivered
4926,812,26,Men's T-Shirt,Fashion,Nike,2169.3,1,2025-02-11,Delivered
4927,296,83,Children's Story Book,Books,Penguin,270.03,3,2026-03-20,Delivered
4928,1735,121,Badminton Racket,Sports & Fitness,Cosco,6972.99,4,2024-12-09,Returned
4929,1132,99,Hair Serum,Beauty & Personal Care,Plum,747.48,3,2026-04-17,Delivered
4930,1829,94,Sunscreen SPF50,Beauty & Personal Care,Mamaearth,2063.65,3,2025-04-30,Delivered
4931,515,102,Body Lotion,Beauty & Personal Care,Mamaearth,427.64,2,2025-03-11,Delivered
4932,1752,63,Water Bottle Set,Home & Kitchen,Cello,4230.72,4,2025-08-03,Delivered
4933,756,72,Bedsheet Set,Home & Kitchen,Prestige,10964.09,1,2025-10-01,Delivered
4934,1087,32,Running Shoes,Fashion,H&M,3069.7,1,2026-02-18,Delivered
4935,764,51,Mixer Grinder,Home & Kitchen,Philips,2515.69,1,2025-05-01,Delivered
4936,1660,118,Dumbbell Set 10kg,Sports & Fitness,Decathlon,3161.02,1,2024-08-31,Delivered
4937,1104,45,Handbag,Fashion,Allen Solly,2508.05,1,2025-01-21,Delivered
4938,1091,89,Business Book,Books,Bloomsbury,967.73,1,2024-11-17,Delivered
4939,1149,9,Smartwatch,Electronics,boAt,15160.13,4,2026-02-17,Shipped
4940,1742,5,Bluetooth Earbuds,Electronics,boAt,8642.4,1,2026-03-02,Delivered
4941,1994,76,Self-Help Book,Books,Bloomsbury,425.57,3,2024-08-01,Delivered
4942,792,74,Fiction Novel,Books,HarperCollins,339.71,1,2025-11-15,Delivered
4943,438,73,Fiction Novel,Books,Scholastic,725.87,1,2025-01-30,Delivered
4944,445,62,Water Bottle Set,Home & Kitchen,Pigeon,9632.44,1,2024-10-26,Delivered
4945,1717,110,Perfume,Beauty & Personal Care,Lakme,2419.88,2,2025-11-16,Delivered
4946,1820,125,Football,Sports & Fitness,Cosco,6724.97,1,2025-06-05,Delivered
4947,1300,14,Laptop,Electronics,Xiaomi,64347.79,1,2024-08-23,Delivered
4948,126,59,Table Lamp,Home & Kitchen,Havells,6742.54,1,2025-02-16,Delivered
4949,1143,22,Neckband Earphones,Electronics,Samsung,58102.06,1,2025-01-31,Delivered
4950,1610,89,Business Book,Books,Bloomsbury,678.92,1,2025-10-21,Shipped
4951,1910,84,Children's Story Book,Books,Scholastic,289.57,1,2026-07-19,Delivered
4952,275,127,Resistance Band Set,Sports & Fitness,Nivia,3441.87,2,2026-08-17,Delivered
4953,517,87,Biography,Books,Bloomsbury,142.11,4,2026-05-18,Delivered
4954,1068,89,Business Book,Books,Bloomsbury,267.03,1,2025-08-18,Shipped
4955,1078,9,Smartwatch,Electronics,boAt,21071.87,1,2025-02-28,Delivered
4956,1193,126,Football,Sports & Fitness,Yonex,3884.74,1,2026-02-20,Delivered
4957,1662,74,Fiction Novel,Books,HarperCollins,514.91,3,2026-04-01,Delivered
4958,1812,64,Induction Cooktop,Home & Kitchen,Milton,4947.45,1,2025-11-22,Delivered
4959,916,15,Laptop,Electronics,boAt,79336.03,1,2026-01-09,Shipped
4960,1699,46,Sunglasses,Fashion,H&M,2772.26,1,2024-12-28,Delivered
4961,112,82,Children's Story Book,Books,Rupa Publications,378.44,1,2024-11-28,Delivered
4962,1363,122,Badminton Racket,Sports & Fitness,Yonex,4224.96,1,2025-12-11,Delivered
4963,912,18,Power Bank 10000mAh,Electronics,Sony,47166.72,2,2026-02-04,Delivered
4964,890,21,Bluetooth Speaker,Electronics,Apple,78680.29,2,2025-06-16,Delivered
4965,1472,84,Children's Story Book,Books,Scholastic,979.33,1,2025-02-11,Delivered
4966,133,86,Biography,Books,HarperCollins,772.49,1,2024-07-24,Shipped
4967,681,14,Laptop,Electronics,Xiaomi,8593.71,1,2026-05-25,Delivered
4968,999,103,Lipstick,Beauty & Personal Care,The Man Company,1734.51,1,2025-11-24,Cancelled
4969,777,91,Face Wash,Beauty & Personal Care,The Man Company,835.34,3,2026-03-25,Shipped
4970,1798,119,Dumbbell Set 10kg,Sports & Fitness,Adidas,4076.31,2,2025-07-26,Delivered
4971,1294,35,Denim Jeans,Fashion,Van Heusen,394.53,1,2025-01-05,Delivered
4972,48,25,Men's T-Shirt,Fashion,Allen Solly,3788.07,1,2026-01-30,Cancelled
4973,1368,102,Body Lotion,Beauty & Personal Care,Mamaearth,577.18,1,2025-11-08,Delivered
4974,1201,11,LED TV 43-inch,Electronics,boAt,51202.56,1,2025-09-20,Delivered
4975,1429,4,Bluetooth Earbuds,Electronics,Xiaomi,60009.97,1,2026-01-27,Delivered
4976,1293,124,Football,Sports & Fitness,Nivia,6320.43,1,2026-05-05,Delivered
4977,991,76,Self-Help Book,Books,Bloomsbury,887.91,2,2026-03-09,Delivered
4978,808,33,Running Shoes,Fashion,Roadster,3209.04,2,2025-10-30,Delivered
4979,92,89,Business Book,Books,Bloomsbury,202.47,1,2026-05-13,Delivered
4980,1522,56,Air Fryer,Home & Kitchen,Prestige,11273.22,1,2026-05-26,Delivered
4981,482,111,Perfume,Beauty & Personal Care,Plum,1237.75,1,2025-08-09,Delivered
4982,1020,65,Induction Cooktop,Home & Kitchen,Prestige,11764.81,2,2025-06-20,Delivered
4983,1637,86,Biography,Books,HarperCollins,577.83,1,2026-02-24,Delivered
4984,1364,113,Yoga Mat,Sports & Fitness,Decathlon,4274.01,1,2024-10-26,Delivered
4985,978,47,Sunglasses,Fashion,Biba,4376.02,1,2024-05-19,Cancelled
4986,175,10,LED TV 43-inch,Electronics,Apple,43737.14,1,2026-05-05,Delivered
4987,1818,106,Trimmer,Beauty & Personal Care,Mamaearth,1568.98,1,2025-12-14,Delivered
4988,972,24,Neckband Earphones,Electronics,Realme,41783.14,2,2025-06-08,Delivered
4989,1573,109,Perfume,Beauty & Personal Care,The Man Company,1325.06,2,2025-01-27,Cancelled
4990,1506,90,Business Book,Books,Rupa Publications,780.45,1,2025-12-03,Pending
4991,1879,37,Formal Shirt,Fashion,Van Heusen,4451.81,1,2025-09-19,Delivered
4992,1508,126,Football,Sports & Fitness,Yonex,1605.79,2,2026-03-28,Delivered
4993,1148,15,Laptop,Electronics,boAt,59776.82,1,2026-01-13,Delivered
4994,1337,119,Dumbbell Set 10kg,Sports & Fitness,Adidas,5918.73,1,2025-10-04,Delivered
4995,1535,19,Bluetooth Speaker,Electronics,boAt,17159.53,1,2025-11-26,Delivered
4996,1429,53,Non-Stick Pan Set,Home & Kitchen,Pigeon,8616.33,1,2025-11-01,Delivered
4997,1579,46,Sunglasses,Fashion,H&M,4343.98,3,2025-09-19,Delivered
4998,1430,10,LED TV 43-inch,Electronics,Apple,52808.71,1,2025-11-25,Delivered
4999,690,103,Lipstick,Beauty & Personal Care,The Man Company,660.62,1,2025-05-11,Delivered
5000,412,31,Running Shoes,Fashion,Biba,4023.95,1,2026-01-23,Delivered
5001,797,119,Dumbbell Set 10kg,Sports & Fitness,Adidas,6115.86,4,2025-02-09,Cancelled
5002,1735,77,Self-Help Book,Books,Scholastic,854.35,1,2025-11-07,Delivered
5003,1518,51,Mixer Grinder,Home & Kitchen,Philips,11387.97,1,2025-11-11,Delivered
5004,1294,64,Induction Cooktop,Home & Kitchen,Milton,7954.49,1,2026-07-14,Delivered
5005,1889,42,Casual Sneakers,Fashion,Biba,3896.48,1,2025-10-26,Delivered
5006,1115,118,Dumbbell Set 10kg,Sports & Fitness,Decathlon,3386.93,1,2025-05-11,Delivered
5007,1059,10,LED TV 43-inch,Electronics,Apple,43097.94,4,2025-10-02,Delivered
5008,1885,25,Men's T-Shirt,Fashion,Allen Solly,1829.59,2,2025-10-11,Delivered
5009,1684,3,Smartphone,Electronics,boAt,5225.64,1,2026-05-05,Delivered
5010,1590,27,Men's T-Shirt,Fashion,Puma,1296.08,1,2025-12-06,Delivered
5011,400,68,Wall Clock,Home & Kitchen,Havells,5612.83,1,2025-07-10,Delivered
5012,1553,74,Fiction Novel,Books,HarperCollins,167.17,1,2025-08-31,Delivered
5013,278,69,Wall Clock,Home & Kitchen,Philips,2451.97,1,2026-01-06,Delivered
5014,1480,106,Trimmer,Beauty & Personal Care,Mamaearth,1918.29,1,2025-10-01,Delivered
5015,1858,41,Casual Sneakers,Fashion,Allen Solly,1028.15,1,2025-04-18,Delivered
5016,266,83,Children's Story Book,Books,Penguin,599.73,1,2025-12-03,Returned
5017,1840,2,Smartphone,Electronics,Apple,70717.07,1,2025-06-15,Delivered
5018,1594,46,Sunglasses,Fashion,H&M,3158.26,1,2026-03-16,Delivered
5019,1947,113,Yoga Mat,Sports & Fitness,Decathlon,3783.66,1,2025-11-18,Delivered
5020,1831,105,Lipstick,Beauty & Personal Care,Nivea,854.75,3,2026-04-24,Delivered
5021,1361,128,Resistance Band Set,Sports & Fitness,Decathlon,2008.36,1,2025-03-01,Delivered
5022,70,63,Water Bottle Set,Home & Kitchen,Cello,1558.53,1,2026-03-18,Shipped
5023,1128,13,Laptop,Electronics,Sony,47748.12,1,2026-05-13,Delivered
5024,648,90,Business Book,Books,Rupa Publications,774.15,2,2026-08-14,Delivered
5025,228,3,Smartphone,Electronics,boAt,10510.41,1,2026-04-20,Delivered
5026,1823,125,Football,Sports & Fitness,Cosco,4241.88,2,2025-12-21,Delivered
5027,1024,55,Air Fryer,Home & Kitchen,Bajaj,5942.34,2,2025-06-13,Delivered
5028,1956,50,Mixer Grinder,Home & Kitchen,Pigeon,10832.47,2,2025-06-07,Delivered
5029,1563,57,Air Fryer,Home & Kitchen,Pigeon,3232.12,2,2025-03-19,Delivered
5030,1524,59,Table Lamp,Home & Kitchen,Havells,2781.57,1,2025-09-20,Returned
5031,303,111,Perfume,Beauty & Personal Care,Plum,2310.71,1,2024-09-19,Delivered
5032,1895,47,Sunglasses,Fashion,Biba,1326.31,1,2024-11-23,Delivered
5033,1309,74,Fiction Novel,Books,HarperCollins,987.25,1,2025-07-30,Shipped
5034,237,3,Smartphone,Electronics,boAt,29297.6,1,2025-10-07,Delivered
5035,268,7,Smartwatch,Electronics,Samsung,56487.78,2,2026-01-08,Delivered
5036,875,20,Bluetooth Speaker,Electronics,Xiaomi,24854.57,3,2024-09-29,Delivered
5037,484,105,Lipstick,Beauty & Personal Care,Nivea,1036.48,1,2026-06-12,Delivered
5038,1917,30,Women's Kurta,Fashion,Biba,3149.54,1,2025-03-07,Delivered
5039,993,60,Table Lamp,Home & Kitchen,Pigeon,5207.05,1,2026-06-13,Delivered
5040,1323,90,Business Book,Books,Rupa Publications,570.58,2,2025-08-20,Delivered
5041,1220,89,Business Book,Books,Bloomsbury,911.84,2,2025-11-29,Delivered
5042,502,65,Induction Cooktop,Home & Kitchen,Prestige,12478.67,1,2026-08-08,Cancelled
5043,1231,17,Power Bank 10000mAh,Electronics,Samsung,82757.65,1,2026-04-28,Delivered
5044,371,123,Badminton Racket,Sports & Fitness,Decathlon,3440.77,1,2025-12-22,Delivered
5045,324,57,Air Fryer,Home & Kitchen,Pigeon,6720.76,1,2024-05-27,Delivered
5046,786,19,Bluetooth Speaker,Electronics,boAt,70861.13,3,2026-04-06,Delivered
5047,1123,121,Badminton Racket,Sports & Fitness,Cosco,2457.35,1,2026-01-11,Returned
5048,1102,57,Air Fryer,Home & Kitchen,Pigeon,1866.12,1,2026-03-04,Delivered
5049,1310,16,Power Bank 10000mAh,Electronics,OnePlus,29671.91,1,2026-01-24,Delivered
5050,1515,59,Table Lamp,Home & Kitchen,Havells,5091.25,1,2024-07-22,Delivered
5051,661,18,Power Bank 10000mAh,Electronics,Sony,51790.41,1,2025-12-26,Shipped
5052,595,121,Badminton Racket,Sports & Fitness,Cosco,900.41,1,2025-05-24,Delivered
5053,506,15,Laptop,Electronics,boAt,69909.07,2,2026-05-03,Delivered
5054,415,50,Mixer Grinder,Home & Kitchen,Pigeon,11427.98,1,2025-04-24,Shipped
5055,643,6,Bluetooth Earbuds,Electronics,Sony,51671.7,4,2026-04-28,Delivered
5056,381,31,Running Shoes,Fashion,Biba,3092.73,3,2025-12-27,Delivered
5057,1148,84,Children's Story Book,Books,Scholastic,668.6,1,2025-07-23,Returned
5058,300,122,Badminton Racket,Sports & Fitness,Yonex,6891.78,1,2026-01-24,Shipped
5059,507,121,Badminton Racket,Sports & Fitness,Cosco,3297.46,1,2025-04-11,Cancelled
5060,1485,99,Hair Serum,Beauty & Personal Care,Plum,1117.0,1,2026-04-18,Delivered
5061,1022,84,Children's Story Book,Books,Scholastic,935.94,4,2025-08-02,Cancelled
5062,1545,75,Fiction Novel,Books,Bloomsbury,348.7,1,2024-04-10,Delivered
5063,1443,41,Casual Sneakers,Fashion,Allen Solly,4741.23,3,2025-05-25,Delivered
5064,1989,7,Smartwatch,Electronics,Samsung,62014.16,1,2026-01-21,Delivered
5065,474,38,Formal Shirt,Fashion,Levis,2201.38,1,2025-12-15,Delivered
5066,708,61,Water Bottle Set,Home & Kitchen,Philips,449.17,1,2025-02-10,Delivered
5067,1512,128,Resistance Band Set,Sports & Fitness,Decathlon,1022.26,1,2025-04-06,Delivered
5068,1197,114,Yoga Mat,Sports & Fitness,Adidas,1318.22,2,2025-09-05,Delivered
5069,186,118,Dumbbell Set 10kg,Sports & Fitness,Decathlon,4759.05,4,2026-04-12,Delivered
5070,623,81,Competitive Exam Guide,Books,Penguin,787.33,1,2025-11-15,Cancelled
5071,747,101,Body Lotion,Beauty & Personal Care,Lakme,945.02,1,2024-11-06,Delivered
5072,1069,95,Sunscreen SPF50,Beauty & Personal Care,The Man Company,227.11,1,2025-03-10,Delivered
5073,50,49,Mixer Grinder,Home & Kitchen,Havells,11112.71,1,2025-04-05,Delivered
5074,373,33,Running Shoes,Fashion,Roadster,2812.23,1,2024-04-30,Delivered
5075,1133,8,Smartwatch,Electronics,OnePlus,74651.6,1,2025-06-24,Returned
5076,1067,116,Cricket Bat,Sports & Fitness,Adidas,4069.3,2,2026-07-23,Delivered
5077,229,44,Handbag,Fashion,Van Heusen,1756.85,1,2025-02-10,Delivered
5078,495,110,Perfume,Beauty & Personal Care,Lakme,1766.95,1,2023-10-06,Cancelled
5079,1084,9,Smartwatch,Electronics,boAt,37192.34,1,2025-06-24,Shipped
5080,419,109,Perfume,Beauty & Personal Care,The Man Company,1978.15,2,2026-06-14,Shipped
5081,868,51,Mixer Grinder,Home & Kitchen,Philips,7079.56,1,2025-06-19,Delivered
5082,95,122,Badminton Racket,Sports & Fitness,Yonex,3468.09,4,2026-04-30,Delivered
5083,729,63,Water Bottle Set,Home & Kitchen,Cello,9620.42,2,2025-06-24,Delivered
5084,206,114,Yoga Mat,Sports & Fitness,Adidas,3472.46,1,2026-03-02,Delivered
5085,25,46,Sunglasses,Fashion,H&M,1841.58,2,2025-02-14,Delivered
5086,1334,129,Resistance Band Set,Sports & Fitness,Yonex,3926.23,1,2025-10-17,Delivered
5087,656,115,Cricket Bat,Sports & Fitness,Nivia,1227.49,1,2026-02-09,Delivered
5088,1549,39,Formal Shirt,Fashion,Allen Solly,517.39,1,2026-01-06,Delivered
5089,234,74,Fiction Novel,Books,HarperCollins,176.08,1,2023-12-24,Delivered
5090,1946,78,Self-Help Book,Books,HarperCollins,620.87,1,2026-05-01,Delivered
5091,1072,110,Perfume,Beauty & Personal Care,Lakme,1950.34,2,2025-11-21,Delivered
5092,1301,98,Hair Serum,Beauty & Personal Care,Mamaearth,2426.64,1,2025-04-19,Delivered
5093,35,113,Yoga Mat,Sports & Fitness,Decathlon,4711.24,1,2025-12-12,Delivered
5094,1786,86,Biography,Books,HarperCollins,595.8,1,2026-02-22,Delivered
5095,1203,123,Badminton Racket,Sports & Fitness,Decathlon,356.11,2,2024-09-22,Delivered
5096,1397,99,Hair Serum,Beauty & Personal Care,Plum,877.9,2,2025-11-09,Delivered
5097,681,90,Business Book,Books,Rupa Publications,764.19,2,2025-06-15,Delivered
5098,1037,58,Table Lamp,Home & Kitchen,Prestige,10302.51,1,2026-05-09,Delivered
5099,827,43,Handbag,Fashion,Biba,1729.69,1,2026-08-04,Delivered
5100,1524,10,LED TV 43-inch,Electronics,Apple,47537.8,1,2024-06-27,Delivered
5101,1603,76,Self-Help Book,Books,Bloomsbury,883.06,1,2026-01-15,Delivered
5102,1325,105,Lipstick,Beauty & Personal Care,Nivea,1092.24,1,2025-10-30,Delivered
5103,1578,9,Smartwatch,Electronics,boAt,23977.61,1,2024-03-07,Returned
5104,1455,70,Bedsheet Set,Home & Kitchen,Bajaj,9192.82,2,2025-09-03,Delivered
5105,1778,107,Trimmer,Beauty & Personal Care,Plum,1314.17,1,2026-05-15,Delivered
5106,618,97,Hair Serum,Beauty & Personal Care,Lakme,406.3,1,2025-04-28,Delivered
5107,1029,54,Non-Stick Pan Set,Home & Kitchen,Philips,1186.33,2,2026-05-09,Shipped
5108,1027,102,Body Lotion,Beauty & Personal Care,Mamaearth,2427.64,3,2026-08-17,Shipped
5109,211,59,Table Lamp,Home & Kitchen,Havells,11187.62,1,2025-02-07,Delivered
5110,223,25,Men's T-Shirt,Fashion,Allen Solly,2013.72,1,2025-11-26,Delivered
5111,535,99,Hair Serum,Beauty & Personal Care,Plum,2488.02,1,2026-04-24,Delivered
5112,318,57,Air Fryer,Home & Kitchen,Pigeon,5625.72,1,2026-03-14,Delivered
5113,1026,45,Handbag,Fashion,Allen Solly,3919.3,1,2025-06-26,Delivered
5114,1816,128,Resistance Band Set,Sports & Fitness,Decathlon,5583.11,1,2025-09-27,Shipped
5115,1001,10,LED TV 43-inch,Electronics,Apple,50338.27,1,2025-02-01,Delivered
5116,1264,31,Running Shoes,Fashion,Biba,2490.36,1,2026-01-27,Delivered
5117,1554,25,Men's T-Shirt,Fashion,Allen Solly,4683.33,1,2025-11-12,Delivered
5118,784,22,Neckband Earphones,Electronics,Samsung,24441.97,3,2026-05-03,Delivered
5119,180,86,Biography,Books,HarperCollins,132.2,1,2026-04-02,Delivered
5120,758,67,Wall Clock,Home & Kitchen,Cello,3869.09,1,2024-10-25,Delivered
5121,1516,107,Trimmer,Beauty & Personal Care,Plum,1884.57,1,2025-10-28,Pending
5122,527,30,Women's Kurta,Fashion,Biba,4224.55,3,2024-10-14,Cancelled
5123,1143,125,Football,Sports & Fitness,Cosco,5832.74,1,2025-02-19,Delivered
5124,1661,50,Mixer Grinder,Home & Kitchen,Pigeon,5913.11,1,2025-09-02,Shipped
5125,1508,45,Handbag,Fashion,Allen Solly,4137.74,1,2025-07-23,Delivered
5126,1642,31,Running Shoes,Fashion,Biba,1760.67,1,2026-04-02,Delivered
5127,554,44,Handbag,Fashion,Van Heusen,2345.05,1,2023-10-14,Delivered
5128,579,91,Face Wash,Beauty & Personal Care,The Man Company,951.49,1,2024-09-17,Delivered
5129,1674,40,Casual Sneakers,Fashion,Levis,4205.27,1,2026-05-09,Delivered
5130,252,89,Business Book,Books,Bloomsbury,164.15,1,2026-04-03,Delivered
5131,560,93,Face Wash,Beauty & Personal Care,Dove,1964.92,2,2026-04-26,Delivered
5132,754,129,Resistance Band Set,Sports & Fitness,Yonex,4541.57,1,2025-08-18,Delivered
5133,1796,45,Handbag,Fashion,Allen Solly,3575.48,1,2025-08-18,Delivered
5134,310,53,Non-Stick Pan Set,Home & Kitchen,Pigeon,4161.38,1,2025-05-10,Delivered
5135,1267,27,Men's T-Shirt,Fashion,Puma,3745.52,1,2025-10-11,Delivered
5136,325,63,Water Bottle Set,Home & Kitchen,Cello,2220.8,1,2025-06-25,Delivered
5137,1876,75,Fiction Novel,Books,Bloomsbury,489.98,1,2026-05-14,Shipped
5138,1626,32,Running Shoes,Fashion,H&M,3027.98,2,2025-08-06,Delivered
5139,1101,118,Dumbbell Set 10kg,Sports & Fitness,Decathlon,5316.43,1,2026-06-03,Delivered
5140,1178,50,Mixer Grinder,Home & Kitchen,Pigeon,10287.91,1,2026-01-02,Delivered
5141,1305,41,Casual Sneakers,Fashion,Allen Solly,4943.49,2,2026-03-25,Delivered
5142,826,67,Wall Clock,Home & Kitchen,Cello,9292.79,1,2025-05-24,Returned
5143,1864,104,Lipstick,Beauty & Personal Care,Dove,1674.47,3,2026-03-07,Delivered
5144,429,49,Mixer Grinder,Home & Kitchen,Havells,1213.44,1,2026-03-17,Delivered
5145,1592,28,Women's Kurta,Fashion,Levis,2572.22,1,2024-11-18,Delivered
5146,620,57,Air Fryer,Home & Kitchen,Pigeon,2664.0,1,2024-07-17,Delivered
5147,1993,25,Men's T-Shirt,Fashion,Allen Solly,2705.83,1,2025-11-17,Delivered
5148,1108,41,Casual Sneakers,Fashion,Allen Solly,1471.79,1,2026-02-15,Delivered
5149,245,57,Air Fryer,Home & Kitchen,Pigeon,6633.35,2,2026-03-17,Delivered
5150,1259,94,Sunscreen SPF50,Beauty & Personal Care,Mamaearth,2393.33,1,2025-11-05,Delivered
5151,1587,62,Water Bottle Set,Home & Kitchen,Pigeon,7431.94,1,2026-03-26,Delivered
5152,993,23,Neckband Earphones,Electronics,JBL,77533.76,1,2026-05-26,Delivered
5153,1380,110,Perfume,Beauty & Personal Care,Lakme,177.93,1,2025-04-28,Delivered
5154,1466,75,Fiction Novel,Books,Bloomsbury,456.46,3,2026-06-13,Delivered
5155,1338,37,Formal Shirt,Fashion,Van Heusen,1760.41,3,2024-10-12,Delivered
5156,1240,87,Biography,Books,Bloomsbury,193.29,2,2024-08-17,Pending
5157,300,110,Perfume,Beauty & Personal Care,Lakme,2408.92,1,2026-03-16,Cancelled
5158,502,107,Trimmer,Beauty & Personal Care,Plum,443.63,1,2026-08-17,Delivered
5159,159,123,Badminton Racket,Sports & Fitness,Decathlon,5940.59,3,2025-03-13,Delivered
5160,1335,17,Power Bank 10000mAh,Electronics,Samsung,4114.59,4,2024-02-25,Delivered
5161,725,109,Perfume,Beauty & Personal Care,The Man Company,1396.79,1,2024-10-23,Delivered
5162,1093,24,Neckband Earphones,Electronics,Realme,68840.78,1,2024-11-26,Cancelled
5163,1911,75,Fiction Novel,Books,Bloomsbury,136.77,3,2024-09-29,Delivered
5164,402,117,Cricket Bat,Sports & Fitness,Decathlon,761.75,1,2024-08-03,Delivered
5165,37,40,Casual Sneakers,Fashion,Levis,421.98,1,2024-12-12,Cancelled
5166,1514,46,Sunglasses,Fashion,H&M,2168.68,1,2025-11-17,Delivered
5167,364,73,Fiction Novel,Books,Scholastic,542.19,1,2026-06-25,Delivered
5168,1338,44,Handbag,Fashion,Van Heusen,595.62,1,2025-06-23,Delivered
5169,241,45,Handbag,Fashion,Allen Solly,1016.58,2,2026-03-29,Delivered
5170,277,45,Handbag,Fashion,Allen Solly,4830.13,1,2025-09-21,Delivered
5171,608,64,Induction Cooktop,Home & Kitchen,Milton,7270.01,3,2025-12-26,Returned
5172,1003,95,Sunscreen SPF50,Beauty & Personal Care,The Man Company,834.36,1,2026-01-20,Delivered
5173,823,93,Face Wash,Beauty & Personal Care,Dove,1559.36,1,2026-01-29,Delivered
5174,974,45,Handbag,Fashion,Allen Solly,3760.29,1,2026-02-13,Delivered
5175,819,62,Water Bottle Set,Home & Kitchen,Pigeon,6344.02,1,2025-05-25,Pending
5176,1331,5,Bluetooth Earbuds,Electronics,boAt,25787.73,3,2025-04-18,Delivered
5177,1106,10,LED TV 43-inch,Electronics,Apple,2013.1,2,2025-07-26,Delivered
5178,1986,14,Laptop,Electronics,Xiaomi,66070.72,1,2026-02-05,Cancelled
5179,195,59,Table Lamp,Home & Kitchen,Havells,10014.03,4,2026-02-24,Delivered
5180,5,54,Non-Stick Pan Set,Home & Kitchen,Philips,3264.08,2,2025-02-04,Delivered
5181,862,68,Wall Clock,Home & Kitchen,Havells,483.43,1,2025-09-25,Delivered
5182,64,52,Non-Stick Pan Set,Home & Kitchen,Bajaj,12858.54,3,2025-04-29,Delivered
5183,15,112,Yoga Mat,Sports & Fitness,Nivia,1330.39,1,2026-03-05,Pending
5184,112,54,Non-Stick Pan Set,Home & Kitchen,Philips,1234.09,1,2025-12-01,Delivered
5185,1558,59,Table Lamp,Home & Kitchen,Havells,3195.56,1,2026-05-30,Delivered
5186,1852,40,Casual Sneakers,Fashion,Levis,1193.42,1,2025-09-04,Delivered
5187,1416,76,Self-Help Book,Books,Bloomsbury,383.79,3,2025-06-23,Delivered
5188,685,93,Face Wash,Beauty & Personal Care,Dove,216.78,1,2026-01-15,Returned
5189,24,86,Biography,Books,HarperCollins,470.76,1,2023-11-01,Cancelled
5190,1306,107,Trimmer,Beauty & Personal Care,Plum,2493.7,1,2026-07-17,Delivered
5191,967,62,Water Bottle Set,Home & Kitchen,Pigeon,4858.27,1,2026-02-05,Delivered
5192,1936,48,Sunglasses,Fashion,Puma,4088.54,4,2024-03-07,Cancelled
5193,771,26,Men's T-Shirt,Fashion,Nike,554.32,1,2025-07-16,Delivered
5194,45,43,Handbag,Fashion,Biba,4843.25,1,2024-10-04,Delivered
5195,909,78,Self-Help Book,Books,HarperCollins,620.98,1,2025-02-08,Delivered
5196,691,33,Running Shoes,Fashion,Roadster,3651.77,2,2024-11-01,Delivered
5197,1266,127,Resistance Band Set,Sports & Fitness,Nivia,4918.87,1,2026-03-03,Delivered
5198,807,81,Competitive Exam Guide,Books,Penguin,573.23,3,2026-06-26,Delivered
5199,1441,30,Women's Kurta,Fashion,Biba,2183.91,2,2026-04-11,Returned
5200,203,82,Children's Story Book,Books,Rupa Publications,878.19,1,2026-05-23,Delivered
5201,333,30,Women's Kurta,Fashion,Biba,1037.91,2,2025-12-23,Delivered
5202,747,107,Trimmer,Beauty & Personal Care,Plum,1182.06,1,2026-03-27,Delivered
5203,418,121,Badminton Racket,Sports & Fitness,Cosco,6289.77,3,2025-06-20,Delivered
5204,1175,1,Smartphone,Electronics,Xiaomi,61668.47,1,2026-03-30,Delivered
5205,1853,14,Laptop,Electronics,Xiaomi,49212.18,1,2026-05-08,Cancelled
5206,394,32,Running Shoes,Fashion,H&M,3351.79,2,2025-01-07,Shipped
5207,826,23,Neckband Earphones,Electronics,JBL,41965.37,1,2026-03-24,Delivered
5208,1796,27,Men's T-Shirt,Fashion,Puma,3457.88,1,2024-02-26,Delivered
5209,1756,23,Neckband Earphones,Electronics,JBL,41391.87,1,2026-02-04,Delivered
5210,652,98,Hair Serum,Beauty & Personal Care,Mamaearth,989.49,2,2025-07-09,Delivered
5211,63,82,Children's Story Book,Books,Rupa Publications,360.69,1,2024-07-06,Delivered
5212,118,113,Yoga Mat,Sports & Fitness,Decathlon,3959.1,3,2025-12-15,Returned
5213,154,72,Bedsheet Set,Home & Kitchen,Prestige,2872.64,2,2024-08-05,Delivered
5214,1967,18,Power Bank 10000mAh,Electronics,Sony,75389.46,1,2025-11-15,Pending
5215,650,102,Body Lotion,Beauty & Personal Care,Mamaearth,2364.18,1,2026-03-21,Returned
5216,1082,59,Table Lamp,Home & Kitchen,Havells,12391.23,1,2024-09-05,Delivered
5217,1807,19,Bluetooth Speaker,Electronics,boAt,71855.23,1,2025-02-14,Delivered
5218,820,90,Business Book,Books,Rupa Publications,187.02,2,2024-12-09,Delivered
5219,488,109,Perfume,Beauty & Personal Care,The Man Company,1067.64,1,2025-01-31,Cancelled
5220,1015,84,Children's Story Book,Books,Scholastic,268.49,3,2025-03-31,Delivered
5221,888,70,Bedsheet Set,Home & Kitchen,Bajaj,7650.22,1,2026-01-09,Delivered
5222,1596,74,Fiction Novel,Books,HarperCollins,192.06,1,2025-03-13,Delivered
5223,1902,58,Table Lamp,Home & Kitchen,Prestige,8432.72,1,2026-03-06,Delivered
5224,1813,27,Men's T-Shirt,Fashion,Puma,3856.5,1,2026-01-30,Delivered
5225,1226,12,LED TV 43-inch,Electronics,JBL,57795.52,1,2026-03-04,Delivered
5226,1402,116,Cricket Bat,Sports & Fitness,Adidas,5283.3,1,2026-01-07,Delivered
5227,1569,4,Bluetooth Earbuds,Electronics,Xiaomi,25265.62,1,2025-08-19,Delivered
5228,1759,73,Fiction Novel,Books,Scholastic,538.61,2,2026-05-31,Delivered
5229,548,96,Sunscreen SPF50,Beauty & Personal Care,Plum,2465.46,2,2025-12-10,Returned
5230,961,123,Badminton Racket,Sports & Fitness,Decathlon,433.11,1,2025-01-01,Delivered
5231,738,93,Face Wash,Beauty & Personal Care,Dove,2115.21,1,2024-09-19,Cancelled
5232,1439,82,Children's Story Book,Books,Rupa Publications,142.9,4,2026-03-18,Cancelled
5233,439,22,Neckband Earphones,Electronics,Samsung,82143.75,1,2025-07-12,Delivered
5234,815,115,Cricket Bat,Sports & Fitness,Nivia,2025.93,1,2025-09-09,Delivered
5235,347,84,Children's Story Book,Books,Scholastic,750.83,1,2025-09-14,Delivered
5236,1227,40,Casual Sneakers,Fashion,Levis,2659.29,1,2026-04-11,Delivered
5237,314,13,Laptop,Electronics,Sony,36187.15,1,2025-10-25,Returned
5238,1241,45,Handbag,Fashion,Allen Solly,1652.69,1,2025-10-30,Delivered
5239,186,69,Wall Clock,Home & Kitchen,Philips,698.23,1,2026-04-21,Delivered
5240,1841,98,Hair Serum,Beauty & Personal Care,Mamaearth,566.13,1,2025-10-31,Delivered
5241,1828,14,Laptop,Electronics,Xiaomi,35921.74,2,2025-10-15,Delivered
5242,252,31,Running Shoes,Fashion,Biba,2462.64,1,2026-04-13,Delivered
5243,1799,42,Casual Sneakers,Fashion,Biba,1284.44,3,2025-09-07,Delivered
5244,800,36,Denim Jeans,Fashion,Puma,1926.22,2,2025-07-21,Delivered
5245,439,89,Business Book,Books,Bloomsbury,947.59,3,2025-08-14,Delivered
5246,359,30,Women's Kurta,Fashion,Biba,4801.48,1,2025-12-02,Delivered
5247,1621,127,Resistance Band Set,Sports & Fitness,Nivia,1481.68,1,2024-12-25,Delivered
5248,477,66,Induction Cooktop,Home & Kitchen,Cello,2542.7,2,2026-08-17,Delivered
5249,634,65,Induction Cooktop,Home & Kitchen,Prestige,2609.48,1,2026-06-28,Delivered
5250,986,95,Sunscreen SPF50,Beauty & Personal Care,The Man Company,1675.28,1,2025-01-14,Delivered
5251,1263,88,Business Book,Books,Penguin,144.37,2,2025-02-08,Delivered
5252,1161,85,Biography,Books,Scholastic,302.6,2,2025-09-24,Delivered
5253,1858,94,Sunscreen SPF50,Beauty & Personal Care,Mamaearth,992.4,2,2024-10-13,Delivered
5254,1007,58,Table Lamp,Home & Kitchen,Prestige,5290.11,1,2025-07-27,Delivered
5255,432,117,Cricket Bat,Sports & Fitness,Decathlon,1211.94,1,2025-10-25,Delivered
5256,865,19,Bluetooth Speaker,Electronics,boAt,12186.24,1,2026-05-25,Delivered
5257,213,19,Bluetooth Speaker,Electronics,boAt,22151.68,1,2026-08-17,Delivered
5258,974,96,Sunscreen SPF50,Beauty & Personal Care,Plum,2371.02,1,2025-03-17,Delivered
5259,533,72,Bedsheet Set,Home & Kitchen,Prestige,12421.15,2,2025-05-21,Cancelled
5260,1458,27,Men's T-Shirt,Fashion,Puma,1100.49,1,2025-12-28,Delivered
5261,372,44,Handbag,Fashion,Van Heusen,4558.84,1,2024-12-11,Cancelled
5262,1073,122,Badminton Racket,Sports & Fitness,Yonex,601.79,2,2026-01-09,Delivered
5263,1179,27,Men's T-Shirt,Fashion,Puma,1467.19,1,2025-09-23,Delivered
5264,724,53,Non-Stick Pan Set,Home & Kitchen,Pigeon,6365.49,1,2026-04-29,Delivered
5265,229,48,Sunglasses,Fashion,Puma,959.63,1,2025-06-05,Delivered
5266,1265,54,Non-Stick Pan Set,Home & Kitchen,Philips,5940.26,1,2026-07-19,Delivered
5267,153,78,Self-Help Book,Books,HarperCollins,341.96,1,2026-04-23,Delivered
5268,1583,1,Smartphone,Electronics,Xiaomi,18401.94,1,2026-02-08,Pending
5269,897,60,Table Lamp,Home & Kitchen,Pigeon,7181.55,1,2026-03-27,Cancelled
5270,913,69,Wall Clock,Home & Kitchen,Philips,5294.03,1,2025-09-08,Delivered
5271,632,125,Football,Sports & Fitness,Cosco,6198.86,1,2025-04-07,Delivered
5272,477,34,Denim Jeans,Fashion,H&M,4313.06,3,2026-08-02,Delivered
5273,208,8,Smartwatch,Electronics,OnePlus,60362.26,2,2025-11-19,Delivered
5274,1528,83,Children's Story Book,Books,Penguin,151.16,3,2024-12-16,Delivered
5275,1096,124,Football,Sports & Fitness,Nivia,4221.6,1,2025-02-02,Delivered
5276,698,91,Face Wash,Beauty & Personal Care,The Man Company,664.08,1,2025-08-11,Delivered
5277,1578,83,Children's Story Book,Books,Penguin,894.83,2,2025-02-15,Delivered
5278,1523,5,Bluetooth Earbuds,Electronics,boAt,34813.24,1,2024-02-17,Returned
5279,125,103,Lipstick,Beauty & Personal Care,The Man Company,649.94,3,2026-03-04,Delivered
5280,1174,18,Power Bank 10000mAh,Electronics,Sony,64901.12,1,2026-01-30,Pending
5281,1973,87,Biography,Books,Bloomsbury,768.21,1,2025-10-01,Delivered
5282,421,49,Mixer Grinder,Home & Kitchen,Havells,3508.33,1,2025-12-25,Delivered
5283,1276,3,Smartphone,Electronics,boAt,69835.97,1,2025-12-24,Delivered
5284,1336,25,Men's T-Shirt,Fashion,Allen Solly,4109.53,1,2025-08-28,Returned
5285,1836,95,Sunscreen SPF50,Beauty & Personal Care,The Man Company,1364.8,1,2024-02-10,Delivered
5286,198,70,Bedsheet Set,Home & Kitchen,Bajaj,5970.76,1,2025-05-09,Delivered
5287,884,123,Badminton Racket,Sports & Fitness,Decathlon,1857.07,1,2025-09-10,Cancelled
5288,658,85,Biography,Books,Scholastic,850.03,1,2025-11-08,Delivered
5289,687,57,Air Fryer,Home & Kitchen,Pigeon,5152.52,3,2025-12-19,Delivered
5290,1302,116,Cricket Bat,Sports & Fitness,Adidas,6907.96,3,2025-10-17,Delivered
5291,71,123,Badminton Racket,Sports & Fitness,Decathlon,3930.38,1,2025-10-21,Delivered
5292,1735,83,Children's Story Book,Books,Penguin,109.06,4,2024-12-17,Delivered
5293,1238,107,Trimmer,Beauty & Personal Care,Plum,1417.08,2,2026-01-10,Shipped
5294,539,84,Children's Story Book,Books,Scholastic,955.32,1,2025-08-14,Pending
5295,1428,21,Bluetooth Speaker,Electronics,Apple,74332.95,1,2025-12-20,Delivered
5296,380,67,Wall Clock,Home & Kitchen,Cello,957.03,3,2024-03-29,Delivered
5297,174,95,Sunscreen SPF50,Beauty & Personal Care,The Man Company,2318.62,1,2026-06-09,Delivered
5298,1634,3,Smartphone,Electronics,boAt,51105.71,1,2026-06-29,Delivered
5299,807,81,Competitive Exam Guide,Books,Penguin,640.28,1,2025-11-06,Delivered
5300,1894,19,Bluetooth Speaker,Electronics,boAt,20786.65,1,2026-06-19,Delivered
5301,621,90,Business Book,Books,Rupa Publications,762.95,1,2026-03-18,Delivered
5302,981,66,Induction Cooktop,Home & Kitchen,Cello,10237.71,1,2025-01-14,Delivered
5303,634,13,Laptop,Electronics,Sony,2007.79,3,2026-06-28,Delivered
5304,600,66,Induction Cooktop,Home & Kitchen,Cello,11077.0,1,2025-12-17,Delivered
5305,1083,76,Self-Help Book,Books,Bloomsbury,757.62,1,2026-02-01,Delivered
5306,349,5,Bluetooth Earbuds,Electronics,boAt,25958.21,3,2025-04-15,Delivered
5307,291,102,Body Lotion,Beauty & Personal Care,Mamaearth,1147.75,1,2026-03-10,Delivered
5308,171,11,LED TV 43-inch,Electronics,boAt,62942.89,1,2026-05-30,Delivered
5309,183,29,Women's Kurta,Fashion,Allen Solly,1101.0,3,2026-07-01,Cancelled
5310,787,96,Sunscreen SPF50,Beauty & Personal Care,Plum,289.71,1,2025-04-08,Delivered
5311,676,79,Competitive Exam Guide,Books,Scholastic,315.24,1,2025-10-08,Delivered
5312,1778,19,Bluetooth Speaker,Electronics,boAt,70007.73,1,2026-05-17,Delivered
5313,1401,124,Football,Sports & Fitness,Nivia,6024.94,4,2025-07-07,Delivered
5314,1799,26,Men's T-Shirt,Fashion,Nike,3240.46,1,2025-03-19,Returned
5315,1592,64,Induction Cooktop,Home & Kitchen,Milton,1799.91,1,2026-02-18,Delivered
5316,333,97,Hair Serum,Beauty & Personal Care,Lakme,383.15,1,2025-04-16,Shipped
5317,570,73,Fiction Novel,Books,Scholastic,427.93,3,2026-03-05,Delivered
5318,1849,65,Induction Cooktop,Home & Kitchen,Prestige,8959.59,1,2026-01-13,Delivered
5319,467,18,Power Bank 10000mAh,Electronics,Sony,78118.56,2,2024-10-24,Cancelled
5320,1770,33,Running Shoes,Fashion,Roadster,1576.72,2,2025-06-20,Delivered
5321,1572,41,Casual Sneakers,Fashion,Allen Solly,3970.36,1,2025-07-26,Delivered
5322,1177,69,Wall Clock,Home & Kitchen,Philips,11920.97,1,2024-06-19,Delivered
5323,1886,79,Competitive Exam Guide,Books,Scholastic,117.01,1,2025-09-21,Delivered
5324,788,66,Induction Cooktop,Home & Kitchen,Cello,11686.27,1,2025-03-27,Pending
5325,1188,75,Fiction Novel,Books,Bloomsbury,603.31,2,2025-10-22,Delivered
5326,1148,123,Badminton Racket,Sports & Fitness,Decathlon,5312.22,1,2024-04-18,Delivered
5327,1380,108,Trimmer,Beauty & Personal Care,Lakme,2035.59,2,2026-02-08,Delivered
5328,422,12,LED TV 43-inch,Electronics,JBL,29488.31,1,2025-06-26,Delivered
5329,229,117,Cricket Bat,Sports & Fitness,Decathlon,1032.81,1,2025-09-13,Delivered
5330,915,112,Yoga Mat,Sports & Fitness,Nivia,5684.77,1,2025-02-26,Delivered
5331,820,21,Bluetooth Speaker,Electronics,Apple,53277.81,1,2026-01-10,Returned
5332,336,65,Induction Cooktop,Home & Kitchen,Prestige,1857.79,1,2025-05-01,Delivered
5333,432,128,Resistance Band Set,Sports & Fitness,Decathlon,5948.14,2,2025-10-27,Delivered
5334,728,115,Cricket Bat,Sports & Fitness,Nivia,2365.2,1,2025-06-02,Delivered
5335,1733,55,Air Fryer,Home & Kitchen,Bajaj,10404.42,2,2025-11-10,Delivered
5336,1689,125,Football,Sports & Fitness,Cosco,514.58,1,2026-06-18,Delivered
5337,913,29,Women's Kurta,Fashion,Allen Solly,1575.95,1,2025-09-15,Delivered
5338,1736,15,Laptop,Electronics,boAt,12820.41,1,2025-07-08,Shipped
5339,38,93,Face Wash,Beauty & Personal Care,Dove,1015.04,1,2025-12-07,Delivered
5340,74,83,Children's Story Book,Books,Penguin,511.46,1,2025-11-02,Delivered
5341,1291,67,Wall Clock,Home & Kitchen,Cello,12358.66,1,2024-11-29,Delivered
5342,552,87,Biography,Books,Bloomsbury,737.57,1,2026-04-24,Delivered
5343,1707,105,Lipstick,Beauty & Personal Care,Nivea,643.73,2,2026-05-04,Delivered
5344,1990,86,Biography,Books,HarperCollins,122.75,1,2024-10-23,Delivered
5345,442,116,Cricket Bat,Sports & Fitness,Adidas,1290.73,3,2026-01-25,Delivered
5346,1082,37,Formal Shirt,Fashion,Van Heusen,2530.57,1,2025-10-23,Delivered
5347,1804,70,Bedsheet Set,Home & Kitchen,Bajaj,10978.07,2,2026-06-05,Delivered
5348,1322,104,Lipstick,Beauty & Personal Care,Dove,202.7,1,2026-06-21,Delivered
5349,1250,48,Sunglasses,Fashion,Puma,3954.98,1,2025-08-28,Returned
5350,542,74,Fiction Novel,Books,HarperCollins,275.89,1,2025-08-29,Delivered
5351,988,102,Body Lotion,Beauty & Personal Care,Mamaearth,2033.62,1,2025-10-09,Delivered
5352,1016,120,Dumbbell Set 10kg,Sports & Fitness,Yonex,4828.19,1,2026-03-17,Delivered
5353,218,74,Fiction Novel,Books,HarperCollins,606.83,1,2025-06-01,Delivered
5354,396,110,Perfume,Beauty & Personal Care,Lakme,1516.56,1,2026-05-09,Cancelled
5355,965,88,Business Book,Books,Penguin,645.65,1,2026-02-07,Delivered
5356,1242,122,Badminton Racket,Sports & Fitness,Yonex,3804.1,1,2024-12-13,Delivered
5357,427,12,LED TV 43-inch,Electronics,JBL,2684.22,1,2024-04-06,Delivered
5358,1741,5,Bluetooth Earbuds,Electronics,boAt,13413.58,3,2026-01-07,Delivered
5359,475,45,Handbag,Fashion,Allen Solly,3861.1,1,2025-04-12,Delivered
5360,1131,98,Hair Serum,Beauty & Personal Care,Mamaearth,1729.94,1,2024-11-04,Returned
5361,1256,45,Handbag,Fashion,Allen Solly,2989.11,1,2024-07-28,Returned
5362,81,40,Casual Sneakers,Fashion,Levis,2899.5,4,2026-01-16,Returned
5363,539,90,Business Book,Books,Rupa Publications,185.3,1,2025-08-12,Delivered
5364,1659,16,Power Bank 10000mAh,Electronics,OnePlus,89354.85,1,2025-11-27,Delivered
5365,886,65,Induction Cooktop,Home & Kitchen,Prestige,2214.83,1,2025-11-27,Shipped
5366,1694,54,Non-Stick Pan Set,Home & Kitchen,Philips,9441.89,1,2026-02-04,Returned
5367,1528,74,Fiction Novel,Books,HarperCollins,896.95,1,2026-03-26,Delivered
5368,497,123,Badminton Racket,Sports & Fitness,Decathlon,1839.98,1,2025-07-12,Delivered
5369,665,3,Smartphone,Electronics,boAt,73612.45,2,2026-02-07,Returned
5370,973,21,Bluetooth Speaker,Electronics,Apple,89592.56,1,2026-01-31,Cancelled
5371,822,12,LED TV 43-inch,Electronics,JBL,85431.05,1,2024-09-22,Delivered
5372,870,38,Formal Shirt,Fashion,Levis,1605.23,2,2026-05-10,Delivered
5373,1384,63,Water Bottle Set,Home & Kitchen,Cello,9058.92,1,2026-01-21,Shipped
5374,1472,125,Football,Sports & Fitness,Cosco,4205.45,1,2025-07-03,Delivered
5375,1364,69,Wall Clock,Home & Kitchen,Philips,11221.84,1,2025-08-19,Delivered
5376,1079,114,Yoga Mat,Sports & Fitness,Adidas,1326.04,1,2026-06-01,Delivered
5377,1615,22,Neckband Earphones,Electronics,Samsung,5438.22,1,2025-08-27,Delivered
5378,1786,43,Handbag,Fashion,Biba,3104.0,2,2026-03-09,Shipped
5379,781,73,Fiction Novel,Books,Scholastic,189.3,1,2025-03-04,Delivered
5380,1364,37,Formal Shirt,Fashion,Van Heusen,384.77,1,2025-08-10,Delivered
5381,1835,27,Men's T-Shirt,Fashion,Puma,2962.86,1,2024-11-11,Delivered
5382,574,64,Induction Cooktop,Home & Kitchen,Milton,6067.98,4,2025-01-02,Delivered
5383,747,26,Men's T-Shirt,Fashion,Nike,1667.2,1,2025-06-15,Cancelled
5384,651,54,Non-Stick Pan Set,Home & Kitchen,Philips,4966.9,3,2024-02-07,Delivered
5385,63,83,Children's Story Book,Books,Penguin,559.04,1,2026-03-24,Delivered
5386,462,24,Neckband Earphones,Electronics,Realme,73284.03,1,2026-05-18,Delivered
5387,1483,17,Power Bank 10000mAh,Electronics,Samsung,88848.41,1,2025-12-07,Delivered
5388,391,116,Cricket Bat,Sports & Fitness,Adidas,2643.33,3,2024-12-29,Cancelled
5389,478,27,Men's T-Shirt,Fashion,Puma,3615.52,2,2024-01-31,Pending
5390,1998,55,Air Fryer,Home & Kitchen,Bajaj,3258.62,1,2026-06-05,Cancelled
5391,1350,2,Smartphone,Electronics,Apple,9514.43,3,2025-03-13,Delivered
5392,352,41,Casual Sneakers,Fashion,Allen Solly,4619.89,1,2026-03-21,Delivered
5393,1836,1,Smartphone,Electronics,Xiaomi,37899.82,1,2025-01-14,Delivered
5394,553,110,Perfume,Beauty & Personal Care,Lakme,2326.37,1,2026-04-28,Shipped
5395,642,70,Bedsheet Set,Home & Kitchen,Bajaj,3430.78,1,2026-03-08,Delivered
5396,567,22,Neckband Earphones,Electronics,Samsung,6520.69,1,2026-02-21,Returned
5397,1611,87,Biography,Books,Bloomsbury,146.33,3,2024-11-11,Delivered
5398,1890,84,Children's Story Book,Books,Scholastic,649.12,3,2024-12-01,Shipped
5399,1665,15,Laptop,Electronics,boAt,74882.14,1,2025-10-25,Delivered
5400,1599,71,Bedsheet Set,Home & Kitchen,Pigeon,10406.81,4,2025-03-31,Delivered
5401,993,13,Laptop,Electronics,Sony,76382.3,1,2026-05-14,Delivered
5402,1825,39,Formal Shirt,Fashion,Allen Solly,1788.07,1,2025-03-21,Cancelled
5403,347,103,Lipstick,Beauty & Personal Care,The Man Company,2181.55,2,2024-10-18,Delivered
5404,1796,129,Resistance Band Set,Sports & Fitness,Yonex,3021.21,1,2025-01-16,Delivered
5405,1008,28,Women's Kurta,Fashion,Levis,3771.03,1,2026-03-19,Delivered
5406,224,77,Self-Help Book,Books,Scholastic,604.58,2,2026-02-02,Delivered
5407,114,6,Bluetooth Earbuds,Electronics,Sony,85293.72,1,2025-04-21,Delivered
5408,1768,126,Football,Sports & Fitness,Yonex,484.86,1,2025-03-19,Delivered
5409,1124,84,Children's Story Book,Books,Scholastic,897.83,1,2025-05-02,Delivered
5410,188,72,Bedsheet Set,Home & Kitchen,Prestige,9768.14,1,2026-04-06,Shipped
5411,1569,127,Resistance Band Set,Sports & Fitness,Nivia,5577.62,1,2024-10-05,Delivered
5412,1434,12,LED TV 43-inch,Electronics,JBL,6578.94,2,2025-04-02,Delivered
5413,1371,46,Sunglasses,Fashion,H&M,2229.32,1,2025-11-04,Delivered
5414,910,66,Induction Cooktop,Home & Kitchen,Cello,1049.3,2,2024-09-16,Delivered
5415,239,2,Smartphone,Electronics,Apple,40518.44,1,2025-02-15,Delivered
5416,900,110,Perfume,Beauty & Personal Care,Lakme,1405.96,3,2026-03-27,Delivered
5417,738,40,Casual Sneakers,Fashion,Levis,3455.96,1,2025-09-22,Delivered
5418,1612,106,Trimmer,Beauty & Personal Care,Mamaearth,1881.42,1,2025-07-07,Delivered
5419,249,22,Neckband Earphones,Electronics,Samsung,29561.19,1,2026-03-14,Delivered
5420,29,118,Dumbbell Set 10kg,Sports & Fitness,Decathlon,2564.47,4,2026-07-13,Delivered
5421,1100,2,Smartphone,Electronics,Apple,81000.71,3,2026-03-23,Delivered
5422,367,95,Sunscreen SPF50,Beauty & Personal Care,The Man Company,1001.09,1,2025-08-05,Delivered
5423,877,124,Football,Sports & Fitness,Nivia,5633.2,1,2026-04-19,Delivered
5424,1410,41,Casual Sneakers,Fashion,Allen Solly,4051.39,1,2025-08-10,Delivered
5425,614,31,Running Shoes,Fashion,Biba,1516.04,1,2025-09-28,Delivered
5426,1630,41,Casual Sneakers,Fashion,Allen Solly,2425.63,1,2025-05-23,Delivered
5427,994,51,Mixer Grinder,Home & Kitchen,Philips,5640.01,2,2025-08-24,Shipped
5428,575,14,Laptop,Electronics,Xiaomi,80660.4,1,2026-01-28,Delivered
5429,1407,89,Business Book,Books,Bloomsbury,632.71,2,2026-01-19,Cancelled
5430,1410,101,Body Lotion,Beauty & Personal Care,Lakme,1537.61,2,2025-08-15,Pending
5431,1105,43,Handbag,Fashion,Biba,1907.54,1,2024-05-21,Delivered
5432,1090,4,Bluetooth Earbuds,Electronics,Xiaomi,77483.94,1,2025-09-26,Delivered
5433,1006,10,LED TV 43-inch,Electronics,Apple,71456.73,2,2026-02-19,Returned
5434,345,102,Body Lotion,Beauty & Personal Care,Mamaearth,1836.93,1,2025-12-20,Delivered
5435,762,91,Face Wash,Beauty & Personal Care,The Man Company,2228.75,1,2026-04-24,Delivered
5436,802,20,Bluetooth Speaker,Electronics,Xiaomi,39653.89,1,2025-10-02,Pending
5437,832,89,Business Book,Books,Bloomsbury,586.52,1,2026-03-20,Returned
5438,395,34,Denim Jeans,Fashion,H&M,3967.58,1,2026-08-13,Returned
5439,1052,37,Formal Shirt,Fashion,Van Heusen,4103.11,1,2025-07-23,Delivered
5440,1789,6,Bluetooth Earbuds,Electronics,Sony,35338.16,1,2025-04-20,Delivered
5441,1146,119,Dumbbell Set 10kg,Sports & Fitness,Adidas,5770.79,2,2026-02-06,Returned
5442,1766,25,Men's T-Shirt,Fashion,Allen Solly,4139.95,1,2025-09-10,Delivered
5443,1821,15,Laptop,Electronics,boAt,88414.92,1,2025-06-02,Delivered
5444,661,74,Fiction Novel,Books,HarperCollins,992.07,4,2025-08-28,Delivered
5445,1458,60,Table Lamp,Home & Kitchen,Pigeon,12420.86,2,2026-01-11,Delivered
5446,127,81,Competitive Exam Guide,Books,Penguin,851.89,2,2025-01-19,Delivered
5447,1093,128,Resistance Band Set,Sports & Fitness,Decathlon,6234.57,1,2025-10-13,Delivered
5448,1739,121,Badminton Racket,Sports & Fitness,Cosco,2735.15,2,2025-11-29,Delivered
5449,958,14,Laptop,Electronics,Xiaomi,57481.36,3,2026-03-25,Delivered
5450,1683,68,Wall Clock,Home & Kitchen,Havells,6240.1,1,2024-12-26,Delivered
5451,1182,117,Cricket Bat,Sports & Fitness,Decathlon,3092.08,1,2025-12-01,Pending
5452,9,13,Laptop,Electronics,Sony,29400.24,1,2025-11-30,Delivered
5453,1750,84,Children's Story Book,Books,Scholastic,923.0,1,2025-12-18,Delivered
5454,1850,1,Smartphone,Electronics,Xiaomi,49139.98,1,2025-08-29,Delivered
5455,784,129,Resistance Band Set,Sports & Fitness,Yonex,2412.42,1,2025-12-15,Delivered
5456,645,95,Sunscreen SPF50,Beauty & Personal Care,The Man Company,1778.65,4,2026-03-31,Delivered
5457,655,15,Laptop,Electronics,boAt,11241.32,1,2026-08-17,Delivered
5458,166,113,Yoga Mat,Sports & Fitness,Decathlon,3958.43,1,2024-06-18,Delivered
5459,1587,93,Face Wash,Beauty & Personal Care,Dove,435.9,4,2025-04-01,Delivered
5460,1417,69,Wall Clock,Home & Kitchen,Philips,1368.36,1,2026-06-15,Delivered
5461,1683,33,Running Shoes,Fashion,Roadster,402.71,2,2025-02-10,Cancelled
5462,1009,11,LED TV 43-inch,Electronics,boAt,87995.13,2,2025-01-11,Delivered
5463,679,55,Air Fryer,Home & Kitchen,Bajaj,3006.44,2,2025-06-07,Delivered
5464,1434,98,Hair Serum,Beauty & Personal Care,Mamaearth,1469.13,3,2025-10-23,Delivered
5465,918,120,Dumbbell Set 10kg,Sports & Fitness,Yonex,5893.08,1,2024-12-09,Delivered
5466,309,46,Sunglasses,Fashion,H&M,4297.62,1,2025-11-23,Delivered
5467,105,51,Mixer Grinder,Home & Kitchen,Philips,5495.21,1,2025-04-20,Delivered
5468,618,32,Running Shoes,Fashion,H&M,1255.85,1,2026-02-22,Cancelled
5469,1261,81,Competitive Exam Guide,Books,Penguin,580.68,2,2024-08-02,Delivered
5470,1831,74,Fiction Novel,Books,HarperCollins,881.67,1,2026-04-17,Delivered
5471,876,50,Mixer Grinder,Home & Kitchen,Pigeon,1320.49,1,2026-02-27,Delivered
5472,646,72,Bedsheet Set,Home & Kitchen,Prestige,5002.62,1,2025-12-05,Delivered
5473,754,82,Children's Story Book,Books,Rupa Publications,992.01,3,2025-08-18,Delivered
5474,477,28,Women's Kurta,Fashion,Levis,2809.32,1,2026-08-17,Delivered
5475,1797,59,Table Lamp,Home & Kitchen,Havells,3307.13,1,2025-05-25,Delivered
5476,407,54,Non-Stick Pan Set,Home & Kitchen,Philips,3317.62,1,2026-05-27,Delivered
5477,1294,27,Men's T-Shirt,Fashion,Puma,3407.65,1,2026-01-13,Delivered
5478,665,40,Casual Sneakers,Fashion,Levis,2628.6,1,2026-02-23,Delivered
5479,636,112,Yoga Mat,Sports & Fitness,Nivia,6515.36,1,2024-12-29,Delivered
5480,83,40,Casual Sneakers,Fashion,Levis,2125.88,2,2026-02-12,Delivered
5481,977,108,Trimmer,Beauty & Personal Care,Lakme,2387.05,1,2025-12-29,Delivered
5482,731,125,Football,Sports & Fitness,Cosco,1515.02,1,2024-11-16,Delivered
5483,1077,52,Non-Stick Pan Set,Home & Kitchen,Bajaj,2670.32,2,2026-08-14,Delivered
5484,61,44,Handbag,Fashion,Van Heusen,1683.64,1,2026-05-28,Delivered
5485,956,102,Body Lotion,Beauty & Personal Care,Mamaearth,474.73,1,2025-04-15,Delivered
5486,1281,106,Trimmer,Beauty & Personal Care,Mamaearth,2121.81,1,2026-03-20,Delivered
5487,1405,18,Power Bank 10000mAh,Electronics,Sony,79237.86,1,2025-02-21,Delivered
5488,24,103,Lipstick,Beauty & Personal Care,The Man Company,2154.77,1,2023-12-13,Returned
5489,130,41,Casual Sneakers,Fashion,Allen Solly,2584.82,1,2026-03-20,Delivered
5490,335,69,Wall Clock,Home & Kitchen,Philips,5061.27,1,2025-04-22,Delivered
5491,1119,116,Cricket Bat,Sports & Fitness,Adidas,4257.12,1,2026-08-01,Delivered
5492,1364,117,Cricket Bat,Sports & Fitness,Decathlon,6954.15,1,2025-10-14,Delivered
5493,85,55,Air Fryer,Home & Kitchen,Bajaj,3620.15,2,2026-05-27,Delivered
5494,1873,67,Wall Clock,Home & Kitchen,Cello,3531.0,1,2026-03-05,Delivered
5495,1175,70,Bedsheet Set,Home & Kitchen,Bajaj,11690.61,1,2025-02-13,Delivered
5496,853,82,Children's Story Book,Books,Rupa Publications,584.27,3,2026-04-04,Delivered
5497,1508,100,Body Lotion,Beauty & Personal Care,The Man Company,289.72,1,2025-10-29,Delivered
5498,1033,109,Perfume,Beauty & Personal Care,The Man Company,1801.6,2,2025-12-01,Delivered
5499,115,122,Badminton Racket,Sports & Fitness,Yonex,4519.82,1,2025-03-10,Delivered
5500,1088,3,Smartphone,Electronics,boAt,75893.28,1,2025-07-30,Delivered
5501,1889,86,Biography,Books,HarperCollins,734.43,2,2026-06-11,Delivered
5502,260,128,Resistance Band Set,Sports & Fitness,Decathlon,356.25,4,2025-12-10,Delivered
5503,1611,125,Football,Sports & Fitness,Cosco,3874.48,1,2026-05-18,Delivered
5504,1504,20,Bluetooth Speaker,Electronics,Xiaomi,26105.51,1,2026-07-30,Pending
5505,1722,87,Biography,Books,Bloomsbury,447.93,1,2025-07-15,Delivered
5506,1234,65,Induction Cooktop,Home & Kitchen,Prestige,3388.71,2,2026-02-28,Delivered
5507,1116,58,Table Lamp,Home & Kitchen,Prestige,9459.75,1,2024-09-22,Delivered
5508,1263,112,Yoga Mat,Sports & Fitness,Nivia,1116.06,1,2025-07-15,Cancelled
5509,1888,71,Bedsheet Set,Home & Kitchen,Pigeon,9365.03,1,2026-04-11,Returned
5510,1565,115,Cricket Bat,Sports & Fitness,Nivia,2200.26,4,2026-05-19,Delivered
5511,1229,82,Children's Story Book,Books,Rupa Publications,857.25,1,2025-11-17,Delivered
5512,1850,77,Self-Help Book,Books,Scholastic,233.72,1,2025-03-31,Cancelled
5513,824,46,Sunglasses,Fashion,H&M,2990.0,1,2025-06-28,Delivered
5514,278,108,Trimmer,Beauty & Personal Care,Lakme,1258.62,1,2026-06-22,Delivered
5515,49,67,Wall Clock,Home & Kitchen,Cello,1577.72,1,2024-07-27,Delivered
5516,1893,105,Lipstick,Beauty & Personal Care,Nivea,1725.66,1,2026-04-24,Pending
5517,1262,100,Body Lotion,Beauty & Personal Care,The Man Company,472.89,1,2026-03-22,Returned
5518,867,108,Trimmer,Beauty & Personal Care,Lakme,587.78,1,2025-11-08,Delivered
5519,178,103,Lipstick,Beauty & Personal Care,The Man Company,1025.37,1,2025-07-20,Delivered
5520,1146,52,Non-Stick Pan Set,Home & Kitchen,Bajaj,6504.31,3,2026-04-14,Delivered
5521,1705,42,Casual Sneakers,Fashion,Biba,2227.97,1,2026-01-20,Delivered
5522,9,9,Smartwatch,Electronics,boAt,5463.01,1,2025-11-07,Cancelled
5523,845,100,Body Lotion,Beauty & Personal Care,The Man Company,1645.24,1,2026-03-12,Cancelled
5524,155,10,LED TV 43-inch,Electronics,Apple,51336.73,2,2025-02-06,Delivered
5525,1224,92,Face Wash,Beauty & Personal Care,Plum,2110.15,1,2024-08-19,Delivered
5526,696,64,Induction Cooktop,Home & Kitchen,Milton,742.99,1,2026-05-07,Returned
5527,1781,34,Denim Jeans,Fashion,H&M,3375.27,2,2026-04-04,Delivered
5528,1766,41,Casual Sneakers,Fashion,Allen Solly,4079.65,1,2026-01-13,Delivered
5529,371,34,Denim Jeans,Fashion,H&M,1896.41,1,2026-02-17,Delivered
5530,1913,51,Mixer Grinder,Home & Kitchen,Philips,969.36,2,2026-03-31,Delivered
5531,224,102,Body Lotion,Beauty & Personal Care,Mamaearth,1026.76,2,2025-05-26,Delivered
5532,1816,115,Cricket Bat,Sports & Fitness,Nivia,601.0,1,2024-07-10,Delivered
5533,1539,31,Running Shoes,Fashion,Biba,4123.69,1,2026-04-10,Delivered
5534,518,38,Formal Shirt,Fashion,Levis,1979.72,3,2023-09-16,Delivered
5535,361,118,Dumbbell Set 10kg,Sports & Fitness,Decathlon,6957.85,3,2024-09-08,Delivered
5536,636,79,Competitive Exam Guide,Books,Scholastic,785.51,1,2026-02-23,Delivered
5537,883,92,Face Wash,Beauty & Personal Care,Plum,292.05,1,2025-11-23,Delivered
5538,1023,68,Wall Clock,Home & Kitchen,Havells,1263.03,4,2026-03-28,Delivered
5539,1042,91,Face Wash,Beauty & Personal Care,The Man Company,600.78,2,2025-07-02,Returned
5540,1126,128,Resistance Band Set,Sports & Fitness,Decathlon,2533.86,1,2025-08-26,Returned
5541,1011,48,Sunglasses,Fashion,Puma,577.87,2,2026-04-21,Delivered
5542,1806,43,Handbag,Fashion,Biba,3883.69,1,2025-03-13,Returned
5543,818,71,Bedsheet Set,Home & Kitchen,Pigeon,9537.81,1,2026-04-21,Delivered
5544,1285,35,Denim Jeans,Fashion,Van Heusen,3133.55,1,2026-05-30,Delivered
5545,604,74,Fiction Novel,Books,HarperCollins,303.54,2,2025-11-04,Pending
5546,1215,89,Business Book,Books,Bloomsbury,710.19,1,2025-12-10,Shipped
5547,1875,73,Fiction Novel,Books,Scholastic,889.34,1,2026-08-17,Pending
5548,1840,117,Cricket Bat,Sports & Fitness,Decathlon,1079.46,1,2025-07-11,Delivered
5549,1474,124,Football,Sports & Fitness,Nivia,1221.31,2,2025-01-26,Delivered
5550,1045,76,Self-Help Book,Books,Bloomsbury,191.5,2,2026-07-23,Delivered
5551,1286,20,Bluetooth Speaker,Electronics,Xiaomi,2742.06,1,2026-04-03,Delivered
5552,598,45,Handbag,Fashion,Allen Solly,3182.96,1,2025-02-12,Delivered
5553,136,67,Wall Clock,Home & Kitchen,Cello,1920.96,1,2025-04-30,Delivered
5554,729,121,Badminton Racket,Sports & Fitness,Cosco,6792.35,1,2025-08-04,Shipped
5555,1570,19,Bluetooth Speaker,Electronics,boAt,956.43,1,2025-08-14,Delivered
5556,1174,67,Wall Clock,Home & Kitchen,Cello,3163.58,1,2025-11-04,Delivered
5557,776,30,Women's Kurta,Fashion,Biba,3357.08,4,2025-04-06,Delivered
5558,419,71,Bedsheet Set,Home & Kitchen,Pigeon,961.39,2,2026-04-18,Delivered
5559,1053,107,Trimmer,Beauty & Personal Care,Plum,2154.3,1,2026-01-20,Shipped
5560,491,75,Fiction Novel,Books,Bloomsbury,313.78,3,2026-04-26,Delivered
5561,1605,69,Wall Clock,Home & Kitchen,Philips,11174.25,1,2025-11-12,Delivered
5562,429,32,Running Shoes,Fashion,H&M,1032.42,1,2026-07-24,Delivered
5563,1627,79,Competitive Exam Guide,Books,Scholastic,672.65,1,2024-10-03,Delivered
5564,162,127,Resistance Band Set,Sports & Fitness,Nivia,6826.81,1,2026-06-21,Delivered
5565,952,14,Laptop,Electronics,Xiaomi,44292.3,1,2026-03-08,Delivered
5566,52,6,Bluetooth Earbuds,Electronics,Sony,57749.71,3,2026-01-09,Delivered
5567,446,46,Sunglasses,Fashion,H&M,4677.87,2,2025-07-23,Returned
5568,1797,34,Denim Jeans,Fashion,H&M,2307.84,1,2026-07-01,Delivered
5569,1575,14,Laptop,Electronics,Xiaomi,23574.82,1,2025-07-28,Delivered
5570,1273,62,Water Bottle Set,Home & Kitchen,Pigeon,5870.85,3,2026-08-01,Delivered
5571,1359,49,Mixer Grinder,Home & Kitchen,Havells,8158.04,1,2026-05-08,Cancelled
5572,400,28,Women's Kurta,Fashion,Levis,4109.57,1,2025-05-08,Delivered
5573,221,58,Table Lamp,Home & Kitchen,Prestige,12766.95,3,2026-03-14,Delivered
5574,1471,40,Casual Sneakers,Fashion,Levis,2777.35,1,2026-03-29,Delivered
5575,1239,91,Face Wash,Beauty & Personal Care,The Man Company,394.95,1,2024-07-19,Delivered
5576,340,115,Cricket Bat,Sports & Fitness,Nivia,5994.39,1,2026-03-17,Delivered
5577,1012,93,Face Wash,Beauty & Personal Care,Dove,1659.53,2,2026-05-21,Delivered
5578,420,115,Cricket Bat,Sports & Fitness,Nivia,4103.1,2,2024-05-11,Delivered
5579,1363,127,Resistance Band Set,Sports & Fitness,Nivia,2439.38,1,2025-06-05,Delivered
5580,1704,119,Dumbbell Set 10kg,Sports & Fitness,Adidas,2779.33,1,2025-11-30,Delivered
5581,1644,12,LED TV 43-inch,Electronics,JBL,16099.46,1,2026-01-22,Delivered
5582,1251,92,Face Wash,Beauty & Personal Care,Plum,2235.34,2,2026-01-20,Delivered
5583,1547,119,Dumbbell Set 10kg,Sports & Fitness,Adidas,582.53,1,2026-03-15,Delivered
5584,257,14,Laptop,Electronics,Xiaomi,78812.17,2,2026-07-29,Delivered
5585,1258,85,Biography,Books,Scholastic,909.31,3,2025-12-09,Cancelled
5586,785,54,Non-Stick Pan Set,Home & Kitchen,Philips,2424.21,1,2026-06-28,Delivered
5587,1858,43,Handbag,Fashion,Biba,3630.91,3,2026-02-21,Delivered
5588,1384,99,Hair Serum,Beauty & Personal Care,Plum,1969.56,1,2026-03-01,Shipped
5589,1386,82,Children's Story Book,Books,Rupa Publications,273.99,1,2025-10-14,Returned
5590,335,53,Non-Stick Pan Set,Home & Kitchen,Pigeon,7122.01,1,2025-11-20,Delivered
5591,911,50,Mixer Grinder,Home & Kitchen,Pigeon,9593.51,1,2026-07-19,Delivered
5592,515,69,Wall Clock,Home & Kitchen,Philips,10566.46,2,2025-11-11,Delivered
5593,1157,70,Bedsheet Set,Home & Kitchen,Bajaj,4272.57,1,2025-04-27,Pending
5594,1556,99,Hair Serum,Beauty & Personal Care,Plum,562.16,1,2026-01-15,Delivered
5595,570,37,Formal Shirt,Fashion,Van Heusen,3903.5,1,2026-03-10,Delivered
5596,1729,59,Table Lamp,Home & Kitchen,Havells,8737.49,1,2026-03-26,Delivered
5597,1326,83,Children's Story Book,Books,Penguin,705.52,3,2025-06-20,Delivered
5598,182,8,Smartwatch,Electronics,OnePlus,84441.75,1,2026-01-06,Delivered
5599,928,5,Bluetooth Earbuds,Electronics,boAt,43335.09,1,2024-08-16,Delivered
5600,1698,107,Trimmer,Beauty & Personal Care,Plum,1158.64,3,2026-01-03,Delivered
5601,1651,118,Dumbbell Set 10kg,Sports & Fitness,Decathlon,4865.82,2,2025-05-19,Shipped
5602,1475,70,Bedsheet Set,Home & Kitchen,Bajaj,3240.03,4,2025-03-22,Delivered
5603,3,101,Body Lotion,Beauty & Personal Care,Lakme,1686.01,1,2026-06-30,Delivered
5604,623,102,Body Lotion,Beauty & Personal Care,Mamaearth,1001.47,1,2025-11-18,Delivered
5605,286,123,Badminton Racket,Sports & Fitness,Decathlon,6823.23,1,2026-02-14,Delivered
5606,6,6,Bluetooth Earbuds,Electronics,Sony,71469.75,2,2025-07-31,Delivered
5607,500,77,Self-Help Book,Books,Scholastic,901.08,1,2024-04-08,Delivered
5608,241,125,Football,Sports & Fitness,Cosco,4526.98,2,2025-03-02,Cancelled
5609,1716,86,Biography,Books,HarperCollins,297.27,2,2025-04-26,Delivered
5610,1713,4,Bluetooth Earbuds,Electronics,Xiaomi,29519.41,2,2026-02-25,Returned
5611,338,1,Smartphone,Electronics,Xiaomi,85622.78,2,2025-08-30,Delivered
5612,1825,39,Formal Shirt,Fashion,Allen Solly,3019.27,1,2026-02-23,Delivered
5613,1330,15,Laptop,Electronics,boAt,43526.06,2,2025-07-15,Delivered
5614,816,14,Laptop,Electronics,Xiaomi,20445.64,2,2025-03-18,Delivered
5615,680,69,Wall Clock,Home & Kitchen,Philips,1758.77,1,2025-09-22,Cancelled
5616,1311,121,Badminton Racket,Sports & Fitness,Cosco,3211.84,1,2026-03-08,Delivered
5617,1218,106,Trimmer,Beauty & Personal Care,Mamaearth,1190.44,1,2026-06-13,Delivered
5618,1379,70,Bedsheet Set,Home & Kitchen,Bajaj,8101.57,2,2025-07-15,Returned
5619,307,57,Air Fryer,Home & Kitchen,Pigeon,483.59,1,2025-12-30,Delivered
5620,1059,121,Badminton Racket,Sports & Fitness,Cosco,3274.77,1,2025-03-02,Delivered
5621,1034,56,Air Fryer,Home & Kitchen,Prestige,6053.68,1,2026-01-23,Pending
5622,1518,111,Perfume,Beauty & Personal Care,Plum,2490.15,1,2025-09-18,Delivered
5623,1029,60,Table Lamp,Home & Kitchen,Pigeon,404.68,2,2025-02-13,Delivered
5624,1461,84,Children's Story Book,Books,Scholastic,330.61,2,2025-06-17,Delivered
5625,727,50,Mixer Grinder,Home & Kitchen,Pigeon,11112.33,2,2025-07-26,Delivered
5626,927,23,Neckband Earphones,Electronics,JBL,6653.77,1,2026-03-09,Delivered
5627,1499,17,Power Bank 10000mAh,Electronics,Samsung,25509.49,1,2025-08-15,Returned
5628,374,104,Lipstick,Beauty & Personal Care,Dove,874.18,1,2026-05-11,Cancelled
5629,1630,31,Running Shoes,Fashion,Biba,3310.35,1,2026-02-12,Delivered
5630,668,43,Handbag,Fashion,Biba,3419.38,2,2024-06-19,Delivered
5631,766,105,Lipstick,Beauty & Personal Care,Nivea,1649.91,1,2026-04-09,Delivered
5632,1631,17,Power Bank 10000mAh,Electronics,Samsung,33319.38,1,2024-12-05,Delivered
5633,495,6,Bluetooth Earbuds,Electronics,Sony,3147.93,3,2025-05-01,Delivered
5634,623,73,Fiction Novel,Books,Scholastic,637.58,1,2025-11-14,Delivered
5635,1650,26,Men's T-Shirt,Fashion,Nike,3141.79,1,2026-03-22,Delivered
5636,319,24,Neckband Earphones,Electronics,Realme,89968.5,2,2025-07-27,Pending
5637,1275,42,Casual Sneakers,Fashion,Biba,2338.87,2,2026-06-14,Delivered
5638,44,110,Perfume,Beauty & Personal Care,Lakme,2398.45,1,2025-10-22,Delivered
5639,1889,75,Fiction Novel,Books,Bloomsbury,376.47,1,2025-08-16,Returned
5640,874,100,Body Lotion,Beauty & Personal Care,The Man Company,374.64,1,2026-03-17,Delivered
5641,312,72,Bedsheet Set,Home & Kitchen,Prestige,2329.7,1,2026-02-25,Returned
5642,961,8,Smartwatch,Electronics,OnePlus,31330.93,1,2024-03-30,Pending
5643,1136,3,Smartphone,Electronics,boAt,23540.12,1,2024-09-15,Delivered
5644,1402,83,Children's Story Book,Books,Penguin,730.5,1,2025-09-30,Pending
5645,69,22,Neckband Earphones,Electronics,Samsung,33401.62,2,2024-12-31,Delivered
5646,848,112,Yoga Mat,Sports & Fitness,Nivia,1409.9,1,2026-07-13,Delivered
5647,623,108,Trimmer,Beauty & Personal Care,Lakme,769.33,3,2025-11-19,Delivered
5648,1208,89,Business Book,Books,Bloomsbury,876.46,3,2026-05-29,Delivered
5649,744,10,LED TV 43-inch,Electronics,Apple,8180.31,1,2026-02-03,Returned
5650,827,35,Denim Jeans,Fashion,Van Heusen,4920.56,1,2026-08-08,Delivered
5651,1429,15,Laptop,Electronics,boAt,48209.14,1,2026-01-13,Returned
5652,339,61,Water Bottle Set,Home & Kitchen,Philips,8115.77,2,2025-10-28,Delivered
5653,541,72,Bedsheet Set,Home & Kitchen,Prestige,3513.87,2,2024-11-09,Delivered
5654,1071,31,Running Shoes,Fashion,Biba,866.36,1,2025-10-29,Delivered
5655,831,26,Men's T-Shirt,Fashion,Nike,3458.34,1,2026-08-17,Pending
5656,432,93,Face Wash,Beauty & Personal Care,Dove,2458.28,2,2025-10-22,Delivered
5657,1855,121,Badminton Racket,Sports & Fitness,Cosco,2657.99,1,2026-04-30,Delivered
5658,1014,119,Dumbbell Set 10kg,Sports & Fitness,Adidas,2372.39,1,2024-12-26,Delivered
5659,1396,57,Air Fryer,Home & Kitchen,Pigeon,2125.89,1,2026-06-18,Delivered
5660,197,90,Business Book,Books,Rupa Publications,816.91,1,2026-01-01,Delivered
5661,886,112,Yoga Mat,Sports & Fitness,Nivia,1326.31,1,2025-03-15,Delivered
5662,457,108,Trimmer,Beauty & Personal Care,Lakme,1816.23,2,2026-05-09,Delivered
5663,668,12,LED TV 43-inch,Electronics,JBL,89911.36,1,2025-12-21,Delivered
5664,1256,11,LED TV 43-inch,Electronics,boAt,43245.34,1,2026-03-30,Delivered
5665,777,89,Business Book,Books,Bloomsbury,568.41,2,2024-10-27,Delivered
5666,1777,116,Cricket Bat,Sports & Fitness,Adidas,357.43,1,2025-12-28,Delivered
5667,1291,119,Dumbbell Set 10kg,Sports & Fitness,Adidas,5121.85,1,2025-11-02,Delivered
5668,753,35,Denim Jeans,Fashion,Van Heusen,2263.91,2,2025-11-23,Shipped
5669,1361,105,Lipstick,Beauty & Personal Care,Nivea,2484.0,1,2024-06-02,Delivered
5670,173,35,Denim Jeans,Fashion,Van Heusen,3287.78,1,2025-11-25,Delivered
5671,1589,77,Self-Help Book,Books,Scholastic,789.28,2,2024-11-27,Returned
5672,1920,123,Badminton Racket,Sports & Fitness,Decathlon,6488.14,2,2026-05-07,Returned
5673,1116,108,Trimmer,Beauty & Personal Care,Lakme,646.13,1,2025-08-07,Delivered
5674,901,121,Badminton Racket,Sports & Fitness,Cosco,252.73,1,2026-06-30,Cancelled
5675,1989,64,Induction Cooktop,Home & Kitchen,Milton,6698.94,1,2026-03-05,Delivered
5676,1513,46,Sunglasses,Fashion,H&M,3609.94,1,2026-07-22,Delivered
5677,1350,100,Body Lotion,Beauty & Personal Care,The Man Company,2031.47,1,2026-03-16,Delivered
5678,745,125,Football,Sports & Fitness,Cosco,5585.28,1,2026-03-02,Cancelled
5679,681,84,Children's Story Book,Books,Scholastic,933.09,1,2024-07-22,Delivered
5680,25,53,Non-Stick Pan Set,Home & Kitchen,Pigeon,10256.81,2,2025-08-29,Cancelled
5681,1386,34,Denim Jeans,Fashion,H&M,3063.01,1,2025-01-21,Delivered
5682,430,115,Cricket Bat,Sports & Fitness,Nivia,710.17,1,2025-08-13,Shipped
5683,91,111,Perfume,Beauty & Personal Care,Plum,1489.21,2,2026-04-15,Delivered
5684,1227,10,LED TV 43-inch,Electronics,Apple,85643.13,1,2026-03-15,Delivered
5685,1063,37,Formal Shirt,Fashion,Van Heusen,630.84,1,2025-12-21,Delivered
5686,1497,79,Competitive Exam Guide,Books,Scholastic,723.61,1,2025-04-29,Delivered
5687,1015,28,Women's Kurta,Fashion,Levis,3824.94,1,2026-02-02,Delivered
5688,1299,97,Hair Serum,Beauty & Personal Care,Lakme,1555.47,1,2023-12-07,Delivered
5689,851,81,Competitive Exam Guide,Books,Penguin,662.89,1,2026-04-13,Delivered
5690,615,82,Children's Story Book,Books,Rupa Publications,250.3,1,2024-06-21,Delivered
5691,1383,1,Smartphone,Electronics,Xiaomi,61219.6,3,2026-02-02,Returned
5692,1556,99,Hair Serum,Beauty & Personal Care,Plum,1940.94,1,2026-01-15,Delivered
5693,1835,73,Fiction Novel,Books,Scholastic,635.26,1,2024-10-20,Shipped
5694,1442,63,Water Bottle Set,Home & Kitchen,Cello,10193.45,1,2025-05-17,Delivered
5695,1332,74,Fiction Novel,Books,HarperCollins,333.96,2,2026-01-08,Delivered
5696,1706,29,Women's Kurta,Fashion,Allen Solly,4248.94,1,2025-07-22,Returned
5697,1463,127,Resistance Band Set,Sports & Fitness,Nivia,6004.01,1,2025-12-15,Delivered
5698,1952,19,Bluetooth Speaker,Electronics,boAt,64586.21,1,2024-12-06,Shipped
5699,113,60,Table Lamp,Home & Kitchen,Pigeon,6783.08,1,2026-02-06,Delivered
5700,1580,125,Football,Sports & Fitness,Cosco,2439.26,2,2026-02-02,Delivered
5701,1612,31,Running Shoes,Fashion,Biba,2909.02,1,2025-01-14,Shipped
5702,135,121,Badminton Racket,Sports & Fitness,Cosco,2098.06,1,2026-02-11,Delivered
5703,1954,27,Men's T-Shirt,Fashion,Puma,877.3,4,2026-07-28,Delivered
5704,1417,2,Smartphone,Electronics,Apple,20173.55,1,2026-06-11,Delivered
5705,273,30,Women's Kurta,Fashion,Biba,2403.52,2,2024-05-14,Delivered
5706,1441,36,Denim Jeans,Fashion,Puma,2620.47,1,2024-12-28,Delivered
5707,189,82,Children's Story Book,Books,Rupa Publications,648.93,1,2026-03-18,Delivered
5708,50,30,Women's Kurta,Fashion,Biba,2089.96,1,2026-03-09,Delivered
5709,1796,27,Men's T-Shirt,Fashion,Puma,344.51,1,2025-05-14,Delivered
5710,88,18,Power Bank 10000mAh,Electronics,Sony,41802.78,1,2024-01-01,Delivered
5711,664,102,Body Lotion,Beauty & Personal Care,Mamaearth,2187.49,1,2024-04-29,Delivered
5712,1336,115,Cricket Bat,Sports & Fitness,Nivia,6692.93,1,2025-08-21,Returned
5713,1337,24,Neckband Earphones,Electronics,Realme,75059.83,1,2026-03-27,Delivered
5714,1876,100,Body Lotion,Beauty & Personal Care,The Man Company,342.56,2,2026-05-12,Cancelled
5715,74,127,Resistance Band Set,Sports & Fitness,Nivia,1170.21,1,2026-05-01,Delivered
5716,1522,2,Smartphone,Electronics,Apple,39503.32,2,2026-05-22,Delivered
5717,1404,90,Business Book,Books,Rupa Publications,304.82,4,2026-03-27,Delivered
5718,230,48,Sunglasses,Fashion,Puma,2278.7,1,2026-05-18,Delivered
5719,640,70,Bedsheet Set,Home & Kitchen,Bajaj,5066.79,1,2026-06-30,Delivered
5720,1800,20,Bluetooth Speaker,Electronics,Xiaomi,73063.13,3,2026-04-01,Delivered
5721,454,8,Smartwatch,Electronics,OnePlus,53577.04,1,2025-11-13,Delivered
5722,1772,39,Formal Shirt,Fashion,Allen Solly,1678.06,1,2026-05-27,Delivered
5723,1307,87,Biography,Books,Bloomsbury,609.36,1,2026-03-01,Delivered
5724,490,13,Laptop,Electronics,Sony,20627.84,1,2024-12-20,Delivered
5725,1060,93,Face Wash,Beauty & Personal Care,Dove,1278.21,1,2026-05-19,Delivered
5726,1205,5,Bluetooth Earbuds,Electronics,boAt,63468.32,1,2025-04-30,Delivered
5727,209,97,Hair Serum,Beauty & Personal Care,Lakme,1296.14,1,2025-05-10,Delivered
5728,882,32,Running Shoes,Fashion,H&M,1558.55,1,2025-12-19,Shipped
5729,1601,66,Induction Cooktop,Home & Kitchen,Cello,10047.86,3,2023-12-29,Delivered
5730,1725,75,Fiction Novel,Books,Bloomsbury,448.66,2,2025-04-14,Delivered
5731,121,6,Bluetooth Earbuds,Electronics,Sony,13326.66,1,2026-04-02,Delivered
5732,713,2,Smartphone,Electronics,Apple,37011.32,1,2024-07-09,Delivered
5733,1745,90,Business Book,Books,Rupa Publications,128.11,4,2025-07-21,Delivered
5734,1522,100,Body Lotion,Beauty & Personal Care,The Man Company,2063.67,1,2026-05-26,Delivered
5735,1644,25,Men's T-Shirt,Fashion,Allen Solly,4460.37,1,2026-02-03,Delivered
5736,1380,73,Fiction Novel,Books,Scholastic,991.44,2,2025-10-31,Delivered
5737,709,128,Resistance Band Set,Sports & Fitness,Decathlon,5534.17,1,2025-06-05,Delivered
5738,8,125,Football,Sports & Fitness,Cosco,745.26,1,2025-01-10,Delivered
5739,1604,59,Table Lamp,Home & Kitchen,Havells,3873.89,1,2025-11-23,Delivered
5740,518,37,Formal Shirt,Fashion,Van Heusen,3695.14,2,2025-02-12,Delivered
5741,236,113,Yoga Mat,Sports & Fitness,Decathlon,6575.1,1,2025-12-01,Delivered
5742,608,91,Face Wash,Beauty & Personal Care,The Man Company,185.02,1,2025-12-10,Delivered
5743,298,5,Bluetooth Earbuds,Electronics,boAt,88220.6,2,2025-10-25,Delivered
5744,964,109,Perfume,Beauty & Personal Care,The Man Company,2290.49,1,2025-12-05,Cancelled
5745,1409,53,Non-Stick Pan Set,Home & Kitchen,Pigeon,5512.6,1,2025-01-24,Shipped
5746,1250,41,Casual Sneakers,Fashion,Allen Solly,1526.03,1,2024-01-23,Delivered
5747,541,77,Self-Help Book,Books,Scholastic,496.76,1,2025-12-15,Delivered
5748,13,29,Women's Kurta,Fashion,Allen Solly,2611.33,2,2025-06-17,Delivered
5749,356,83,Children's Story Book,Books,Penguin,916.26,1,2025-07-28,Delivered
5750,386,24,Neckband Earphones,Electronics,Realme,40948.52,1,2025-01-07,Delivered
5751,58,89,Business Book,Books,Bloomsbury,368.25,1,2026-04-09,Delivered
5752,1391,64,Induction Cooktop,Home & Kitchen,Milton,12711.68,1,2025-05-17,Delivered
5753,1580,43,Handbag,Fashion,Biba,2901.43,1,2026-02-04,Delivered
5754,433,104,Lipstick,Beauty & Personal Care,Dove,1602.33,3,2026-08-02,Delivered
5755,1879,42,Casual Sneakers,Fashion,Biba,4065.36,1,2026-05-23,Delivered
5756,725,28,Women's Kurta,Fashion,Levis,941.1,1,2025-06-12,Cancelled
5757,784,105,Lipstick,Beauty & Personal Care,Nivea,2115.29,4,2025-12-18,Delivered
5758,950,92,Face Wash,Beauty & Personal Care,Plum,1047.67,1,2025-09-07,Delivered
5759,536,15,Laptop,Electronics,boAt,67224.36,1,2026-04-20,Returned
5760,1814,64,Induction Cooktop,Home & Kitchen,Milton,10376.25,2,2026-05-07,Delivered
5761,1157,4,Bluetooth Earbuds,Electronics,Xiaomi,79351.2,1,2024-10-10,Delivered
5762,885,89,Business Book,Books,Bloomsbury,664.78,2,2025-04-03,Delivered
5763,489,40,Casual Sneakers,Fashion,Levis,1813.97,1,2025-08-20,Delivered
5764,381,105,Lipstick,Beauty & Personal Care,Nivea,941.77,1,2026-05-04,Delivered
5765,1976,10,LED TV 43-inch,Electronics,Apple,70281.54,1,2026-04-11,Returned
5766,1658,11,LED TV 43-inch,Electronics,boAt,76636.93,1,2025-10-10,Delivered
5767,887,4,Bluetooth Earbuds,Electronics,Xiaomi,66267.54,1,2025-07-23,Cancelled
5768,465,75,Fiction Novel,Books,Bloomsbury,115.7,2,2025-09-12,Delivered
5769,951,37,Formal Shirt,Fashion,Van Heusen,3570.45,2,2026-02-01,Delivered
5770,1325,5,Bluetooth Earbuds,Electronics,boAt,30090.65,2,2024-08-05,Returned
5771,1186,91,Face Wash,Beauty & Personal Care,The Man Company,2447.93,1,2025-06-30,Shipped
5772,628,72,Bedsheet Set,Home & Kitchen,Prestige,561.36,1,2026-03-12,Shipped
5773,239,64,Induction Cooktop,Home & Kitchen,Milton,6749.39,2,2026-03-28,Delivered
5774,1132,30,Women's Kurta,Fashion,Biba,3926.02,3,2026-02-27,Delivered
5775,1641,127,Resistance Band Set,Sports & Fitness,Nivia,3086.35,1,2025-04-24,Shipped
5776,1280,47,Sunglasses,Fashion,Biba,3762.25,1,2025-05-19,Delivered
5777,448,59,Table Lamp,Home & Kitchen,Havells,6484.1,1,2024-12-17,Delivered
5778,1300,11,LED TV 43-inch,Electronics,boAt,29919.66,1,2025-10-17,Delivered
5779,1651,68,Wall Clock,Home & Kitchen,Havells,1050.86,1,2026-06-11,Delivered
5780,1829,60,Table Lamp,Home & Kitchen,Pigeon,2165.49,1,2025-06-23,Delivered
5781,788,22,Neckband Earphones,Electronics,Samsung,57970.89,2,2026-02-11,Delivered
5782,726,23,Neckband Earphones,Electronics,JBL,52803.77,1,2026-02-11,Delivered
5783,1395,61,Water Bottle Set,Home & Kitchen,Philips,5702.94,1,2025-01-21,Delivered
5784,1355,12,LED TV 43-inch,Electronics,JBL,6809.52,4,2024-12-05,Delivered
5785,539,49,Mixer Grinder,Home & Kitchen,Havells,4640.84,1,2025-08-03,Delivered
5786,1649,37,Formal Shirt,Fashion,Van Heusen,2245.06,1,2025-06-15,Delivered
5787,588,44,Handbag,Fashion,Van Heusen,417.31,1,2025-07-03,Delivered
5788,987,59,Table Lamp,Home & Kitchen,Havells,9594.57,1,2026-03-26,Delivered
5789,1975,107,Trimmer,Beauty & Personal Care,Plum,2195.43,1,2025-08-01,Shipped
5790,398,102,Body Lotion,Beauty & Personal Care,Mamaearth,1351.86,1,2024-11-20,Delivered
5791,825,5,Bluetooth Earbuds,Electronics,boAt,2029.44,2,2024-12-15,Delivered
5792,1238,50,Mixer Grinder,Home & Kitchen,Pigeon,827.18,1,2025-07-24,Delivered
5793,971,27,Men's T-Shirt,Fashion,Puma,2200.62,3,2025-08-05,Delivered
5794,1085,68,Wall Clock,Home & Kitchen,Havells,11686.57,1,2026-06-02,Delivered
5795,1539,34,Denim Jeans,Fashion,H&M,1621.12,3,2026-05-13,Cancelled
5796,379,44,Handbag,Fashion,Van Heusen,2330.48,1,2025-09-08,Delivered
5797,774,118,Dumbbell Set 10kg,Sports & Fitness,Decathlon,1678.2,2,2024-02-19,Cancelled
5798,161,50,Mixer Grinder,Home & Kitchen,Pigeon,9040.73,1,2025-01-15,Delivered
5799,1866,52,Non-Stick Pan Set,Home & Kitchen,Bajaj,6880.25,4,2025-03-04,Delivered
5800,14,1,Smartphone,Electronics,Xiaomi,70038.82,1,2025-11-08,Cancelled
5801,471,21,Bluetooth Speaker,Electronics,Apple,36643.22,1,2026-03-28,Delivered
5802,379,51,Mixer Grinder,Home & Kitchen,Philips,7400.02,4,2025-12-24,Delivered
5803,197,122,Badminton Racket,Sports & Fitness,Yonex,4612.03,3,2025-04-24,Delivered
5804,999,27,Men's T-Shirt,Fashion,Puma,2922.85,1,2026-02-11,Returned
5805,1350,94,Sunscreen SPF50,Beauty & Personal Care,Mamaearth,1766.68,1,2025-09-24,Delivered
5806,359,102,Body Lotion,Beauty & Personal Care,Mamaearth,1292.7,1,2024-06-12,Delivered
5807,501,19,Bluetooth Speaker,Electronics,boAt,82316.17,1,2025-08-03,Delivered
5808,827,127,Resistance Band Set,Sports & Fitness,Nivia,2305.44,4,2026-08-16,Delivered
5809,848,65,Induction Cooktop,Home & Kitchen,Prestige,7016.11,1,2026-07-23,Delivered
5810,63,23,Neckband Earphones,Electronics,JBL,38035.44,1,2025-01-01,Delivered
5811,1046,57,Air Fryer,Home & Kitchen,Pigeon,7921.15,1,2026-05-30,Returned
5812,1162,15,Laptop,Electronics,boAt,70115.79,3,2025-01-03,Shipped
5813,1624,25,Men's T-Shirt,Fashion,Allen Solly,1586.31,1,2026-02-11,Delivered
5814,649,108,Trimmer,Beauty & Personal Care,Lakme,1535.64,2,2024-12-29,Delivered
5815,1980,11,LED TV 43-inch,Electronics,boAt,39928.47,1,2026-01-23,Cancelled
5816,849,22,Neckband Earphones,Electronics,Samsung,31185.91,2,2024-06-30,Delivered
5817,1615,41,Casual Sneakers,Fashion,Allen Solly,1385.64,1,2026-01-26,Delivered
5818,1021,17,Power Bank 10000mAh,Electronics,Samsung,61381.18,1,2025-09-06,Delivered
5819,174,39,Formal Shirt,Fashion,Allen Solly,2937.39,4,2026-02-17,Delivered
5820,897,41,Casual Sneakers,Fashion,Allen Solly,473.6,1,2026-03-11,Delivered
5821,263,115,Cricket Bat,Sports & Fitness,Nivia,2290.48,1,2025-02-06,Delivered
5822,1672,109,Perfume,Beauty & Personal Care,The Man Company,1800.19,1,2025-06-23,Delivered
5823,1641,116,Cricket Bat,Sports & Fitness,Adidas,3321.51,1,2024-08-15,Delivered
5824,1996,85,Biography,Books,Scholastic,675.56,2,2026-01-12,Delivered
5825,1166,13,Laptop,Electronics,Sony,38855.6,2,2026-03-11,Delivered
5826,1430,65,Induction Cooktop,Home & Kitchen,Prestige,8465.31,3,2025-12-05,Delivered
5827,1908,64,Induction Cooktop,Home & Kitchen,Milton,6313.25,2,2025-12-14,Delivered
5828,1600,70,Bedsheet Set,Home & Kitchen,Bajaj,4756.71,1,2026-01-08,Delivered
5829,1464,93,Face Wash,Beauty & Personal Care,Dove,1471.72,1,2025-07-28,Delivered
5830,695,19,Bluetooth Speaker,Electronics,boAt,48585.5,1,2026-03-08,Cancelled
5831,1868,75,Fiction Novel,Books,Bloomsbury,379.85,2,2026-02-13,Returned
5832,390,97,Hair Serum,Beauty & Personal Care,Lakme,237.2,1,2026-07-23,Delivered
5833,9,100,Body Lotion,Beauty & Personal Care,The Man Company,1315.85,1,2025-09-26,Delivered
5834,982,86,Biography,Books,HarperCollins,809.53,1,2026-02-19,Delivered
5835,147,28,Women's Kurta,Fashion,Levis,3698.44,4,2026-04-13,Delivered
5836,842,75,Fiction Novel,Books,Bloomsbury,101.3,2,2026-08-11,Delivered
5837,1679,78,Self-Help Book,Books,HarperCollins,291.48,1,2026-07-17,Delivered
5838,896,3,Smartphone,Electronics,boAt,46514.67,1,2025-10-14,Delivered
5839,247,27,Men's T-Shirt,Fashion,Puma,3188.18,1,2026-01-11,Shipped
5840,7,129,Resistance Band Set,Sports & Fitness,Yonex,1606.45,2,2026-07-18,Delivered
5841,482,9,Smartwatch,Electronics,boAt,15647.94,1,2025-07-19,Delivered
5842,596,11,LED TV 43-inch,Electronics,boAt,6682.56,3,2024-10-20,Delivered
5843,747,122,Badminton Racket,Sports & Fitness,Yonex,2247.71,1,2025-04-18,Delivered
5844,1138,3,Smartphone,Electronics,boAt,61944.35,1,2024-05-12,Delivered
5845,1546,101,Body Lotion,Beauty & Personal Care,Lakme,288.4,3,2026-02-07,Pending
5846,981,73,Fiction Novel,Books,Scholastic,203.22,1,2025-02-03,Delivered
5847,59,98,Hair Serum,Beauty & Personal Care,Mamaearth,2094.91,1,2026-01-05,Pending
5848,1381,88,Business Book,Books,Penguin,273.31,1,2026-03-12,Delivered
5849,43,76,Self-Help Book,Books,Bloomsbury,361.68,1,2026-04-20,Delivered
5850,1439,22,Neckband Earphones,Electronics,Samsung,26965.97,1,2026-03-07,Delivered
5851,1800,116,Cricket Bat,Sports & Fitness,Adidas,2430.36,1,2026-02-15,Cancelled
5852,539,99,Hair Serum,Beauty & Personal Care,Plum,1457.0,1,2025-08-01,Pending
5853,856,61,Water Bottle Set,Home & Kitchen,Philips,11355.18,1,2024-05-14,Cancelled
5854,636,112,Yoga Mat,Sports & Fitness,Nivia,4200.02,1,2025-10-12,Delivered
5855,1443,30,Women's Kurta,Fashion,Biba,2714.3,2,2026-01-26,Delivered
5856,75,6,Bluetooth Earbuds,Electronics,Sony,18011.3,4,2025-08-24,Shipped
5857,1079,86,Biography,Books,HarperCollins,193.77,2,2025-06-20,Delivered
5858,1860,62,Water Bottle Set,Home & Kitchen,Pigeon,11297.88,1,2025-09-13,Returned
5859,324,54,Non-Stick Pan Set,Home & Kitchen,Philips,11458.47,1,2025-11-11,Delivered
5860,603,18,Power Bank 10000mAh,Electronics,Sony,62035.46,1,2026-07-23,Delivered
5861,1741,85,Biography,Books,Scholastic,847.26,1,2025-12-17,Delivered
5862,1884,48,Sunglasses,Fashion,Puma,1909.4,1,2024-03-08,Returned
5863,1548,34,Denim Jeans,Fashion,H&M,4710.12,1,2025-09-09,Delivered
5864,1928,115,Cricket Bat,Sports & Fitness,Nivia,6070.92,4,2025-06-01,Delivered
5865,151,28,Women's Kurta,Fashion,Levis,4834.09,1,2026-03-26,Delivered
5866,818,124,Football,Sports & Fitness,Nivia,6688.88,4,2025-07-21,Delivered
5867,1648,52,Non-Stick Pan Set,Home & Kitchen,Bajaj,9727.12,2,2025-09-24,Delivered
5868,1783,123,Badminton Racket,Sports & Fitness,Decathlon,1682.23,1,2025-10-08,Delivered
5869,643,116,Cricket Bat,Sports & Fitness,Adidas,4160.82,1,2025-03-18,Delivered
5870,1716,86,Biography,Books,HarperCollins,336.57,1,2025-10-10,Delivered
5871,1444,72,Bedsheet Set,Home & Kitchen,Prestige,11751.5,1,2025-10-23,Shipped
5872,1083,115,Cricket Bat,Sports & Fitness,Nivia,2944.04,1,2024-08-26,Delivered
5873,1383,125,Football,Sports & Fitness,Cosco,2031.85,1,2025-05-07,Delivered
5874,1037,101,Body Lotion,Beauty & Personal Care,Lakme,1564.93,1,2025-10-10,Delivered
5875,1062,21,Bluetooth Speaker,Electronics,Apple,88830.63,1,2025-06-04,Delivered
5876,491,74,Fiction Novel,Books,HarperCollins,647.91,1,2026-04-08,Cancelled
5877,534,118,Dumbbell Set 10kg,Sports & Fitness,Decathlon,561.41,1,2025-10-18,Delivered
5878,704,123,Badminton Racket,Sports & Fitness,Decathlon,4011.9,1,2025-12-25,Delivered
5879,518,42,Casual Sneakers,Fashion,Biba,2882.15,1,2025-07-02,Delivered
5880,651,63,Water Bottle Set,Home & Kitchen,Cello,8038.63,3,2026-06-18,Delivered
5881,15,44,Handbag,Fashion,Van Heusen,4912.43,3,2025-04-13,Delivered
5882,644,30,Women's Kurta,Fashion,Biba,3476.03,1,2025-05-28,Delivered
5883,763,123,Badminton Racket,Sports & Fitness,Decathlon,3320.55,3,2025-08-25,Delivered
5884,61,56,Air Fryer,Home & Kitchen,Prestige,10933.99,1,2026-05-21,Delivered
5885,661,116,Cricket Bat,Sports & Fitness,Adidas,5894.16,3,2025-05-12,Pending
5886,980,78,Self-Help Book,Books,HarperCollins,794.88,2,2025-12-04,Cancelled
5887,189,123,Badminton Racket,Sports & Fitness,Decathlon,5487.41,1,2026-01-15,Delivered
5888,833,106,Trimmer,Beauty & Personal Care,Mamaearth,313.5,3,2025-09-09,Cancelled
5889,1568,54,Non-Stick Pan Set,Home & Kitchen,Philips,10335.79,1,2025-09-12,Delivered
5890,406,105,Lipstick,Beauty & Personal Care,Nivea,454.09,1,2024-12-24,Delivered
5891,863,65,Induction Cooktop,Home & Kitchen,Prestige,5379.6,1,2025-02-23,Cancelled
5892,1162,8,Smartwatch,Electronics,OnePlus,70172.7,1,2025-07-21,Delivered
5893,1974,64,Induction Cooktop,Home & Kitchen,Milton,10667.35,4,2026-05-19,Delivered
5894,589,120,Dumbbell Set 10kg,Sports & Fitness,Yonex,2784.98,1,2024-12-24,Delivered
5895,65,46,Sunglasses,Fashion,H&M,4359.97,1,2026-06-14,Returned
5896,1880,3,Smartphone,Electronics,boAt,82606.38,2,2026-01-14,Delivered
5897,1686,99,Hair Serum,Beauty & Personal Care,Plum,904.16,1,2024-03-16,Delivered
5898,1075,108,Trimmer,Beauty & Personal Care,Lakme,1555.87,1,2025-06-06,Delivered
5899,347,49,Mixer Grinder,Home & Kitchen,Havells,1389.79,3,2026-03-20,Delivered
5900,616,70,Bedsheet Set,Home & Kitchen,Bajaj,11626.36,1,2023-12-17,Delivered
5901,935,69,Wall Clock,Home & Kitchen,Philips,9112.68,1,2025-03-16,Delivered
5902,855,24,Neckband Earphones,Electronics,Realme,58926.52,1,2026-06-12,Delivered
5903,1879,51,Mixer Grinder,Home & Kitchen,Philips,10504.18,1,2025-12-26,Cancelled
5904,893,80,Competitive Exam Guide,Books,HarperCollins,913.06,1,2026-05-03,Delivered
5905,526,101,Body Lotion,Beauty & Personal Care,Lakme,2412.42,1,2026-05-12,Returned
5906,1470,45,Handbag,Fashion,Allen Solly,4454.9,2,2025-11-20,Shipped
5907,1580,107,Trimmer,Beauty & Personal Care,Plum,810.15,1,2026-02-10,Delivered
5908,629,125,Football,Sports & Fitness,Cosco,6235.66,1,2024-04-26,Delivered
5909,755,55,Air Fryer,Home & Kitchen,Bajaj,3508.31,4,2026-02-20,Delivered
5910,1830,73,Fiction Novel,Books,Scholastic,485.54,1,2026-04-03,Cancelled
5911,1639,72,Bedsheet Set,Home & Kitchen,Prestige,9651.2,1,2024-04-23,Delivered
5912,893,14,Laptop,Electronics,Xiaomi,7589.45,1,2026-03-20,Cancelled
5913,1051,30,Women's Kurta,Fashion,Biba,4494.28,1,2026-07-18,Cancelled
5914,435,68,Wall Clock,Home & Kitchen,Havells,10774.78,1,2025-03-27,Delivered
5915,1677,109,Perfume,Beauty & Personal Care,The Man Company,2043.34,1,2026-06-13,Delivered
5916,1047,64,Induction Cooktop,Home & Kitchen,Milton,10221.68,4,2024-08-02,Delivered
5917,1458,86,Biography,Books,HarperCollins,861.13,1,2025-06-28,Delivered
5918,1587,70,Bedsheet Set,Home & Kitchen,Bajaj,8134.08,1,2024-03-14,Delivered
5919,38,36,Denim Jeans,Fashion,Puma,3447.42,1,2025-10-31,Delivered
5920,1913,69,Wall Clock,Home & Kitchen,Philips,5574.27,1,2025-03-06,Delivered
5921,823,111,Perfume,Beauty & Personal Care,Plum,404.33,1,2025-10-18,Cancelled
5922,715,117,Cricket Bat,Sports & Fitness,Decathlon,1684.97,1,2026-01-20,Delivered
5923,1620,81,Competitive Exam Guide,Books,Penguin,580.63,1,2026-05-29,Delivered
5924,1565,70,Bedsheet Set,Home & Kitchen,Bajaj,11622.48,2,2026-05-13,Delivered
5925,1409,5,Bluetooth Earbuds,Electronics,boAt,6256.38,4,2025-03-10,Delivered
5926,1498,28,Women's Kurta,Fashion,Levis,3001.46,3,2026-01-10,Delivered
5927,968,63,Water Bottle Set,Home & Kitchen,Cello,441.43,2,2025-09-11,Delivered
5928,1192,62,Water Bottle Set,Home & Kitchen,Pigeon,9926.33,1,2025-10-12,Delivered
5929,429,41,Casual Sneakers,Fashion,Allen Solly,4434.68,1,2026-05-09,Returned
5930,1396,95,Sunscreen SPF50,Beauty & Personal Care,The Man Company,1810.12,3,2025-04-17,Delivered
5931,784,78,Self-Help Book,Books,HarperCollins,645.3,1,2026-02-16,Cancelled
5932,1502,57,Air Fryer,Home & Kitchen,Pigeon,10886.34,2,2026-05-21,Delivered
5933,1234,54,Non-Stick Pan Set,Home & Kitchen,Philips,1162.41,1,2026-02-14,Delivered
5934,1989,91,Face Wash,Beauty & Personal Care,The Man Company,1939.37,1,2025-08-28,Delivered
5935,383,4,Bluetooth Earbuds,Electronics,Xiaomi,61352.69,1,2026-01-28,Delivered
5936,1487,63,Water Bottle Set,Home & Kitchen,Cello,7949.99,1,2026-03-16,Delivered
5937,1749,111,Perfume,Beauty & Personal Care,Plum,2061.01,1,2026-01-30,Delivered
5938,1571,75,Fiction Novel,Books,Bloomsbury,462.79,2,2025-11-27,Delivered
5939,37,75,Fiction Novel,Books,Bloomsbury,406.33,1,2026-02-24,Delivered
5940,1391,120,Dumbbell Set 10kg,Sports & Fitness,Yonex,223.1,1,2026-01-06,Delivered
5941,204,115,Cricket Bat,Sports & Fitness,Nivia,2624.43,1,2026-05-04,Delivered
5942,1628,9,Smartwatch,Electronics,boAt,60075.16,1,2025-09-24,Delivered
5943,1358,12,LED TV 43-inch,Electronics,JBL,23284.82,2,2026-04-09,Delivered
5944,97,54,Non-Stick Pan Set,Home & Kitchen,Philips,7656.93,1,2026-04-16,Cancelled
5945,1884,123,Badminton Racket,Sports & Fitness,Decathlon,6969.16,1,2025-08-23,Delivered
5946,306,66,Induction Cooktop,Home & Kitchen,Cello,10763.85,2,2025-02-18,Delivered
5947,979,26,Men's T-Shirt,Fashion,Nike,2997.54,1,2024-12-19,Delivered
5948,1279,1,Smartphone,Electronics,Xiaomi,11573.7,1,2026-01-07,Delivered
5949,1551,47,Sunglasses,Fashion,Biba,3167.99,4,2025-05-15,Delivered
5950,809,65,Induction Cooktop,Home & Kitchen,Prestige,12078.6,3,2025-12-08,Delivered
5951,1308,107,Trimmer,Beauty & Personal Care,Plum,1705.38,1,2026-06-15,Delivered
5952,60,57,Air Fryer,Home & Kitchen,Pigeon,4667.74,1,2025-10-11,Delivered
5953,277,7,Smartwatch,Electronics,Samsung,49297.76,1,2026-07-02,Delivered
5954,1834,50,Mixer Grinder,Home & Kitchen,Pigeon,394.81,1,2026-01-14,Delivered
5955,164,57,Air Fryer,Home & Kitchen,Pigeon,2524.54,1,2026-01-27,Pending
5956,1915,127,Resistance Band Set,Sports & Fitness,Nivia,2206.4,2,2026-06-20,Delivered
5957,774,69,Wall Clock,Home & Kitchen,Philips,2936.64,1,2025-12-16,Delivered
5958,1645,61,Water Bottle Set,Home & Kitchen,Philips,1478.39,1,2025-02-17,Delivered
5959,1744,98,Hair Serum,Beauty & Personal Care,Mamaearth,2115.42,1,2026-07-08,Delivered
5960,237,101,Body Lotion,Beauty & Personal Care,Lakme,293.07,1,2025-04-22,Delivered
5961,1007,43,Handbag,Fashion,Biba,639.28,1,2026-04-10,Delivered
5962,123,7,Smartwatch,Electronics,Samsung,45736.42,1,2025-07-01,Delivered
5963,1934,12,LED TV 43-inch,Electronics,JBL,65595.22,1,2026-02-23,Delivered
5964,1505,70,Bedsheet Set,Home & Kitchen,Bajaj,6177.12,2,2025-05-28,Delivered
5965,678,95,Sunscreen SPF50,Beauty & Personal Care,The Man Company,1217.18,1,2025-08-28,Delivered
5966,1816,58,Table Lamp,Home & Kitchen,Prestige,5329.43,1,2024-12-08,Delivered
5967,1297,72,Bedsheet Set,Home & Kitchen,Prestige,10043.7,3,2025-09-30,Pending
5968,1707,56,Air Fryer,Home & Kitchen,Prestige,9713.13,3,2026-06-08,Delivered
5969,1106,103,Lipstick,Beauty & Personal Care,The Man Company,888.05,1,2025-12-19,Delivered
5970,10,55,Air Fryer,Home & Kitchen,Bajaj,2717.36,2,2025-02-10,Delivered
5971,1254,45,Handbag,Fashion,Allen Solly,421.39,1,2026-02-15,Delivered
5972,49,120,Dumbbell Set 10kg,Sports & Fitness,Yonex,2575.69,1,2024-09-16,Delivered
5973,1664,112,Yoga Mat,Sports & Fitness,Nivia,5672.62,2,2026-08-01,Delivered
5974,870,88,Business Book,Books,Penguin,171.6,1,2026-04-25,Cancelled
5975,1680,52,Non-Stick Pan Set,Home & Kitchen,Bajaj,920.9,2,2026-06-28,Delivered
5976,336,45,Handbag,Fashion,Allen Solly,4913.68,3,2024-06-14,Delivered
5977,1773,14,Laptop,Electronics,Xiaomi,70622.05,2,2024-09-17,Delivered
5978,1912,4,Bluetooth Earbuds,Electronics,Xiaomi,48544.75,1,2026-06-08,Delivered
5979,1804,43,Handbag,Fashion,Biba,3926.33,1,2026-06-07,Delivered
5980,1438,16,Power Bank 10000mAh,Electronics,OnePlus,36283.45,1,2026-03-22,Cancelled
5981,952,33,Running Shoes,Fashion,Roadster,734.95,1,2026-04-20,Delivered
5982,829,1,Smartphone,Electronics,Xiaomi,51167.28,3,2025-08-12,Shipped
5983,1743,117,Cricket Bat,Sports & Fitness,Decathlon,6993.83,3,2025-11-14,Pending
5984,1870,22,Neckband Earphones,Electronics,Samsung,30576.26,3,2025-04-20,Delivered
5985,1696,19,Bluetooth Speaker,Electronics,boAt,1913.55,2,2026-05-07,Shipped
5986,1094,111,Perfume,Beauty & Personal Care,Plum,793.12,4,2025-05-25,Cancelled
5987,207,61,Water Bottle Set,Home & Kitchen,Philips,4710.45,1,2026-06-19,Delivered
5988,1125,50,Mixer Grinder,Home & Kitchen,Pigeon,8355.41,1,2025-09-17,Delivered
5989,354,114,Yoga Mat,Sports & Fitness,Adidas,6491.61,1,2025-03-08,Cancelled
5990,1311,124,Football,Sports & Fitness,Nivia,5715.44,1,2025-12-06,Cancelled
5991,766,99,Hair Serum,Beauty & Personal Care,Plum,228.92,2,2024-09-24,Pending
5992,1333,8,Smartwatch,Electronics,OnePlus,9705.51,1,2025-06-17,Delivered
5993,1260,16,Power Bank 10000mAh,Electronics,OnePlus,61355.57,2,2025-04-08,Cancelled
5994,720,25,Men's T-Shirt,Fashion,Allen Solly,3217.63,3,2025-11-04,Delivered
5995,1293,58,Table Lamp,Home & Kitchen,Prestige,987.92,1,2026-03-13,Shipped
5996,310,108,Trimmer,Beauty & Personal Care,Lakme,325.96,1,2025-03-25,Delivered
5997,1316,89,Business Book,Books,Bloomsbury,717.03,1,2025-10-13,Delivered
5998,1648,75,Fiction Novel,Books,Bloomsbury,181.46,1,2026-01-24,Delivered
5999,1400,5,Bluetooth Earbuds,Electronics,boAt,39548.25,1,2026-04-24,Delivered
6000,179,105,Lipstick,Beauty & Personal Care,Nivea,1083.37,1,2025-03-11,Cancelled
6001,396,15,Laptop,Electronics,boAt,32140.23,1,2025-09-02,Delivered
6002,539,71,Bedsheet Set,Home & Kitchen,Pigeon,10648.85,1,2026-04-27,Delivered
6003,892,128,Resistance Band Set,Sports & Fitness,Decathlon,3210.9,1,2025-08-19,Delivered
6004,1887,125,Football,Sports & Fitness,Cosco,1184.82,3,2025-01-02,Delivered
6005,1442,100,Body Lotion,Beauty & Personal Care,The Man Company,487.98,2,2025-06-05,Delivered
6006,595,105,Lipstick,Beauty & Personal Care,Nivea,821.22,1,2024-12-25,Delivered
6007,412,61,Water Bottle Set,Home & Kitchen,Philips,9548.44,1,2026-01-17,Delivered
6008,1473,45,Handbag,Fashion,Allen Solly,3042.4,1,2026-05-13,Delivered
6009,346,11,LED TV 43-inch,Electronics,boAt,50437.72,1,2025-11-08,Delivered
6010,317,113,Yoga Mat,Sports & Fitness,Decathlon,3441.08,1,2025-04-28,Delivered
6011,1894,25,Men's T-Shirt,Fashion,Allen Solly,912.98,2,2025-12-12,Cancelled
6012,1867,58,Table Lamp,Home & Kitchen,Prestige,3639.9,1,2026-06-02,Delivered
6013,906,65,Induction Cooktop,Home & Kitchen,Prestige,3579.75,4,2026-06-10,Delivered
6014,1465,34,Denim Jeans,Fashion,H&M,1724.75,2,2024-11-24,Delivered
6015,1635,30,Women's Kurta,Fashion,Biba,2236.45,1,2025-03-20,Delivered
6016,148,64,Induction Cooktop,Home & Kitchen,Milton,4986.48,1,2025-07-03,Delivered
6017,609,117,Cricket Bat,Sports & Fitness,Decathlon,397.32,1,2025-03-17,Delivered
6018,1282,113,Yoga Mat,Sports & Fitness,Decathlon,1965.75,1,2024-01-17,Delivered
6019,90,108,Trimmer,Beauty & Personal Care,Lakme,883.15,1,2025-07-20,Delivered
6020,463,64,Induction Cooktop,Home & Kitchen,Milton,1765.53,1,2025-09-01,Delivered
6021,1098,51,Mixer Grinder,Home & Kitchen,Philips,4713.38,1,2026-01-21,Delivered
6022,1879,33,Running Shoes,Fashion,Roadster,4623.78,1,2026-03-19,Delivered
6023,1953,31,Running Shoes,Fashion,Biba,2117.44,1,2026-02-07,Delivered
6024,747,80,Competitive Exam Guide,Books,HarperCollins,196.1,1,2026-02-09,Cancelled
6025,638,68,Wall Clock,Home & Kitchen,Havells,1507.51,1,2025-05-22,Delivered
6026,224,75,Fiction Novel,Books,Bloomsbury,705.22,1,2024-08-11,Delivered
6027,1313,21,Bluetooth Speaker,Electronics,Apple,56937.51,2,2025-11-15,Delivered
6028,1336,81,Competitive Exam Guide,Books,Penguin,566.8,1,2025-09-09,Pending
6029,1455,35,Denim Jeans,Fashion,Van Heusen,2454.82,1,2025-07-16,Returned
6030,1004,83,Children's Story Book,Books,Penguin,445.66,1,2025-12-07,Delivered
6031,1695,2,Smartphone,Electronics,Apple,75108.37,1,2026-02-24,Delivered
6032,556,65,Induction Cooktop,Home & Kitchen,Prestige,427.62,1,2025-07-22,Delivered
6033,59,41,Casual Sneakers,Fashion,Allen Solly,1081.9,1,2026-02-02,Returned
6034,536,100,Body Lotion,Beauty & Personal Care,The Man Company,914.61,2,2026-02-21,Delivered
6035,1423,119,Dumbbell Set 10kg,Sports & Fitness,Adidas,3060.32,1,2025-09-14,Cancelled
6036,1311,116,Cricket Bat,Sports & Fitness,Adidas,6768.97,1,2025-03-09,Shipped
6037,488,99,Hair Serum,Beauty & Personal Care,Plum,901.58,1,2025-09-04,Delivered
6038,28,94,Sunscreen SPF50,Beauty & Personal Care,Mamaearth,1511.09,1,2025-09-07,Returned
6039,1768,4,Bluetooth Earbuds,Electronics,Xiaomi,1416.88,1,2025-08-18,Delivered
6040,1901,40,Casual Sneakers,Fashion,Levis,2865.93,1,2024-11-05,Delivered
6041,982,40,Casual Sneakers,Fashion,Levis,539.25,2,2026-03-11,Delivered
6042,931,17,Power Bank 10000mAh,Electronics,Samsung,81046.31,1,2026-05-20,Delivered
6043,1925,120,Dumbbell Set 10kg,Sports & Fitness,Yonex,2772.54,1,2024-12-01,Delivered
6044,751,18,Power Bank 10000mAh,Electronics,Sony,87817.08,4,2025-08-09,Delivered
6045,6,33,Running Shoes,Fashion,Roadster,2434.41,1,2026-02-27,Delivered
6046,1704,79,Competitive Exam Guide,Books,Scholastic,863.0,3,2026-02-17,Delivered
6047,838,61,Water Bottle Set,Home & Kitchen,Philips,4154.98,1,2025-12-01,Returned
6048,411,125,Football,Sports & Fitness,Cosco,4584.08,1,2025-09-10,Delivered
6049,1248,37,Formal Shirt,Fashion,Van Heusen,3923.87,2,2024-08-05,Shipped
6050,737,90,Business Book,Books,Rupa Publications,508.99,4,2025-04-17,Returned
6051,1331,103,Lipstick,Beauty & Personal Care,The Man Company,1687.77,1,2024-12-04,Cancelled
6052,200,21,Bluetooth Speaker,Electronics,Apple,59903.99,1,2026-03-27,Delivered
6053,1865,94,Sunscreen SPF50,Beauty & Personal Care,Mamaearth,637.7,1,2025-09-07,Delivered
6054,839,15,Laptop,Electronics,boAt,88278.08,2,2024-10-13,Returned
6055,1915,110,Perfume,Beauty & Personal Care,Lakme,1248.84,1,2026-05-27,Delivered
6056,1336,25,Men's T-Shirt,Fashion,Allen Solly,1590.74,2,2025-08-29,Shipped
6057,166,31,Running Shoes,Fashion,Biba,2523.07,1,2026-02-11,Delivered
6058,1604,124,Football,Sports & Fitness,Nivia,2038.06,1,2025-08-11,Cancelled
6059,1181,108,Trimmer,Beauty & Personal Care,Lakme,581.05,3,2026-03-16,Delivered
6060,815,6,Bluetooth Earbuds,Electronics,Sony,88219.54,1,2025-04-02,Delivered
6061,44,6,Bluetooth Earbuds,Electronics,Sony,32508.96,2,2026-02-21,Delivered
6062,1851,54,Non-Stick Pan Set,Home & Kitchen,Philips,12545.38,1,2026-05-23,Pending
6063,915,38,Formal Shirt,Fashion,Levis,3389.7,1,2025-03-11,Delivered
6064,1678,96,Sunscreen SPF50,Beauty & Personal Care,Plum,2201.12,1,2026-04-07,Delivered
6065,1409,109,Perfume,Beauty & Personal Care,The Man Company,2071.19,2,2025-09-02,Delivered
6066,696,29,Women's Kurta,Fashion,Allen Solly,899.25,1,2025-12-06,Returned
6067,560,76,Self-Help Book,Books,Bloomsbury,657.61,4,2025-12-11,Delivered
6068,991,2,Smartphone,Electronics,Apple,12878.44,3,2025-11-26,Delivered
6069,1419,115,Cricket Bat,Sports & Fitness,Nivia,6347.2,1,2025-06-21,Delivered
6070,871,93,Face Wash,Beauty & Personal Care,Dove,2049.72,1,2024-03-31,Delivered
6071,327,123,Badminton Racket,Sports & Fitness,Decathlon,3492.9,1,2026-02-26,Delivered
6072,1839,55,Air Fryer,Home & Kitchen,Bajaj,4498.58,1,2026-05-21,Delivered
6073,61,25,Men's T-Shirt,Fashion,Allen Solly,4334.68,1,2026-05-09,Delivered
6074,1415,64,Induction Cooktop,Home & Kitchen,Milton,3653.69,1,2026-02-22,Delivered
6075,1383,68,Wall Clock,Home & Kitchen,Havells,11588.56,1,2024-12-02,Delivered
6076,322,123,Badminton Racket,Sports & Fitness,Decathlon,6153.3,1,2026-04-30,Delivered
6077,1592,48,Sunglasses,Fashion,Puma,4673.58,2,2026-02-20,Delivered
6078,1962,92,Face Wash,Beauty & Personal Care,Plum,964.56,1,2025-06-24,Delivered
6079,664,93,Face Wash,Beauty & Personal Care,Dove,206.5,3,2026-05-05,Delivered
6080,548,129,Resistance Band Set,Sports & Fitness,Yonex,3442.28,1,2026-06-27,Delivered
6081,1792,122,Badminton Racket,Sports & Fitness,Yonex,957.65,1,2026-06-08,Delivered
6082,704,104,Lipstick,Beauty & Personal Care,Dove,1655.52,1,2025-04-07,Delivered
6083,586,90,Business Book,Books,Rupa Publications,221.61,1,2025-06-20,Delivered
6084,1042,2,Smartphone,Electronics,Apple,26367.7,1,2025-06-28,Delivered
6085,762,99,Hair Serum,Beauty & Personal Care,Plum,647.22,1,2024-05-17,Delivered
6086,1236,28,Women's Kurta,Fashion,Levis,4306.93,1,2026-07-02,Delivered
6087,1328,113,Yoga Mat,Sports & Fitness,Decathlon,6016.44,1,2025-03-22,Delivered
6088,668,42,Casual Sneakers,Fashion,Biba,1136.37,1,2025-09-13,Delivered
6089,392,39,Formal Shirt,Fashion,Allen Solly,1656.41,1,2025-11-26,Delivered
6090,1735,119,Dumbbell Set 10kg,Sports & Fitness,Adidas,5086.84,1,2026-05-26,Delivered
6091,222,97,Hair Serum,Beauty & Personal Care,Lakme,1186.49,2,2025-12-17,Delivered
6092,1676,14,Laptop,Electronics,Xiaomi,74819.1,1,2024-11-03,Pending
6093,1774,85,Biography,Books,Scholastic,642.25,1,2025-10-03,Pending
6094,458,70,Bedsheet Set,Home & Kitchen,Bajaj,6245.69,4,2025-11-29,Delivered
6095,1303,100,Body Lotion,Beauty & Personal Care,The Man Company,1787.52,1,2025-05-20,Delivered
6096,1465,21,Bluetooth Speaker,Electronics,Apple,35672.84,2,2025-08-04,Delivered
6097,1079,118,Dumbbell Set 10kg,Sports & Fitness,Decathlon,2804.08,4,2025-11-18,Delivered
6098,1381,75,Fiction Novel,Books,Bloomsbury,269.15,2,2024-04-11,Delivered
6099,652,115,Cricket Bat,Sports & Fitness,Nivia,5892.15,2,2025-05-28,Delivered
6100,57,17,Power Bank 10000mAh,Electronics,Samsung,12766.49,1,2026-05-18,Delivered
6101,1428,77,Self-Help Book,Books,Scholastic,154.91,3,2026-03-03,Pending
6102,1089,78,Self-Help Book,Books,HarperCollins,932.79,1,2026-01-09,Delivered
6103,1984,109,Perfume,Beauty & Personal Care,The Man Company,1496.08,1,2026-05-07,Returned
6104,193,107,Trimmer,Beauty & Personal Care,Plum,1361.25,1,2025-11-02,Delivered
6105,496,28,Women's Kurta,Fashion,Levis,3971.07,1,2026-05-29,Delivered
6106,1191,28,Women's Kurta,Fashion,Levis,1102.93,1,2026-04-18,Delivered
6107,536,45,Handbag,Fashion,Allen Solly,1247.56,2,2025-09-09,Delivered
6108,115,47,Sunglasses,Fashion,Biba,1657.18,1,2026-05-29,Delivered
6109,1879,99,Hair Serum,Beauty & Personal Care,Plum,2484.47,2,2024-07-04,Delivered
6110,1580,73,Fiction Novel,Books,Scholastic,636.24,1,2026-01-21,Delivered
6111,275,40,Casual Sneakers,Fashion,Levis,1265.01,1,2026-08-10,Delivered
6112,1960,20,Bluetooth Speaker,Electronics,Xiaomi,4765.88,1,2024-02-17,Cancelled
6113,1748,76,Self-Help Book,Books,Bloomsbury,345.41,1,2026-03-24,Delivered
6114,5,97,Hair Serum,Beauty & Personal Care,Lakme,2429.67,1,2024-10-20,Delivered
6115,816,104,Lipstick,Beauty & Personal Care,Dove,1649.05,1,2025-03-21,Delivered
6116,1931,44,Handbag,Fashion,Van Heusen,1853.64,1,2025-10-23,Delivered
6117,1794,59,Table Lamp,Home & Kitchen,Havells,12324.63,2,2025-03-14,Delivered
6118,268,98,Hair Serum,Beauty & Personal Care,Mamaearth,2318.02,1,2025-11-08,Delivered
6119,1525,80,Competitive Exam Guide,Books,HarperCollins,581.39,1,2026-02-02,Delivered
6120,1810,63,Water Bottle Set,Home & Kitchen,Cello,4504.97,1,2026-01-08,Delivered
6121,346,82,Children's Story Book,Books,Rupa Publications,933.84,3,2025-11-18,Cancelled
6122,1837,104,Lipstick,Beauty & Personal Care,Dove,2251.94,4,2025-11-06,Pending
6123,1256,94,Sunscreen SPF50,Beauty & Personal Care,Mamaearth,1690.65,3,2024-03-10,Delivered
6124,746,43,Handbag,Fashion,Biba,1221.71,1,2026-03-03,Delivered
6125,1541,58,Table Lamp,Home & Kitchen,Prestige,3040.41,1,2025-07-21,Delivered
6126,492,17,Power Bank 10000mAh,Electronics,Samsung,47701.78,1,2025-08-06,Delivered
6127,430,113,Yoga Mat,Sports & Fitness,Decathlon,2219.2,2,2025-10-15,Delivered
6128,87,93,Face Wash,Beauty & Personal Care,Dove,1296.58,3,2025-12-13,Cancelled
6129,1723,1,Smartphone,Electronics,Xiaomi,41906.77,4,2026-02-09,Shipped
6130,832,1,Smartphone,Electronics,Xiaomi,52357.05,1,2025-10-26,Delivered
6131,934,95,Sunscreen SPF50,Beauty & Personal Care,The Man Company,210.63,1,2026-03-25,Delivered
6132,683,101,Body Lotion,Beauty & Personal Care,Lakme,964.47,1,2025-05-26,Delivered
6133,1254,10,LED TV 43-inch,Electronics,Apple,58379.9,1,2025-10-29,Shipped
6134,1777,35,Denim Jeans,Fashion,Van Heusen,1068.88,1,2025-10-01,Delivered
6135,517,103,Lipstick,Beauty & Personal Care,The Man Company,710.83,1,2026-04-28,Delivered
6136,77,121,Badminton Racket,Sports & Fitness,Cosco,5898.27,1,2026-02-20,Cancelled
6137,782,88,Business Book,Books,Penguin,631.56,2,2026-01-13,Cancelled
6138,187,38,Formal Shirt,Fashion,Levis,4215.79,4,2026-03-02,Delivered
6139,815,37,Formal Shirt,Fashion,Van Heusen,1315.6,1,2024-07-15,Delivered
6140,1877,31,Running Shoes,Fashion,Biba,1565.97,2,2026-06-06,Delivered
6141,589,77,Self-Help Book,Books,Scholastic,221.73,1,2026-04-26,Delivered
6142,350,6,Bluetooth Earbuds,Electronics,Sony,14059.78,1,2025-02-08,Delivered
6143,115,25,Men's T-Shirt,Fashion,Allen Solly,1195.2,1,2023-12-19,Shipped
6144,351,42,Casual Sneakers,Fashion,Biba,1543.36,1,2025-08-31,Delivered
6145,1201,25,Men's T-Shirt,Fashion,Allen Solly,3655.49,1,2026-02-25,Delivered
6146,332,30,Women's Kurta,Fashion,Biba,3289.22,1,2026-07-17,Delivered
6147,1206,71,Bedsheet Set,Home & Kitchen,Pigeon,5449.71,1,2025-03-16,Delivered
6148,115,117,Cricket Bat,Sports & Fitness,Decathlon,3315.93,3,2026-04-04,Delivered
6149,142,1,Smartphone,Electronics,Xiaomi,50021.98,1,2026-04-08,Delivered
6150,1224,61,Water Bottle Set,Home & Kitchen,Philips,5052.15,1,2024-08-14,Shipped
6151,1864,109,Perfume,Beauty & Personal Care,The Man Company,1253.23,2,2026-03-10,Delivered
6152,1004,51,Mixer Grinder,Home & Kitchen,Philips,5722.85,1,2026-01-05,Delivered
6153,1663,121,Badminton Racket,Sports & Fitness,Cosco,5011.32,2,2026-06-26,Delivered
6154,1488,77,Self-Help Book,Books,Scholastic,273.82,1,2026-01-02,Delivered
6155,886,43,Handbag,Fashion,Biba,1173.54,1,2024-10-20,Delivered
6156,457,22,Neckband Earphones,Electronics,Samsung,18357.88,3,2026-06-01,Delivered
6157,1479,87,Biography,Books,Bloomsbury,640.25,1,2024-09-28,Delivered
6158,1396,75,Fiction Novel,Books,Bloomsbury,926.43,2,2024-01-31,Delivered
6159,1473,72,Bedsheet Set,Home & Kitchen,Prestige,4065.0,1,2025-12-01,Delivered
6160,329,40,Casual Sneakers,Fashion,Levis,1481.71,1,2024-10-25,Delivered
6161,54,57,Air Fryer,Home & Kitchen,Pigeon,7583.85,1,2026-06-07,Returned
6162,1320,107,Trimmer,Beauty & Personal Care,Plum,2284.86,1,2025-10-27,Delivered
6163,388,118,Dumbbell Set 10kg,Sports & Fitness,Decathlon,2091.68,1,2026-07-10,Delivered
6164,701,60,Table Lamp,Home & Kitchen,Pigeon,2891.09,1,2025-09-06,Delivered
6165,1932,21,Bluetooth Speaker,Electronics,Apple,66036.76,2,2025-09-26,Delivered
6166,698,9,Smartwatch,Electronics,boAt,52473.07,2,2024-12-26,Delivered
6167,988,89,Business Book,Books,Bloomsbury,152.28,1,2025-04-15,Delivered
6168,1657,34,Denim Jeans,Fashion,H&M,1356.48,2,2026-04-11,Delivered
6169,29,108,Trimmer,Beauty & Personal Care,Lakme,2202.84,1,2026-06-17,Delivered
6170,1666,77,Self-Help Book,Books,Scholastic,453.43,1,2025-02-23,Delivered
6171,1291,44,Handbag,Fashion,Van Heusen,3791.83,1,2026-01-09,Delivered
6172,1516,98,Hair Serum,Beauty & Personal Care,Mamaearth,2192.18,1,2025-04-19,Delivered
6173,781,36,Denim Jeans,Fashion,Puma,2451.95,3,2025-09-18,Shipped
6174,2,86,Biography,Books,HarperCollins,835.89,1,2026-01-05,Delivered
6175,1643,68,Wall Clock,Home & Kitchen,Havells,11625.96,1,2025-10-30,Delivered
6176,1368,95,Sunscreen SPF50,Beauty & Personal Care,The Man Company,983.45,1,2025-12-01,Delivered
6177,147,105,Lipstick,Beauty & Personal Care,Nivea,1196.39,3,2024-09-01,Delivered
6178,1610,68,Wall Clock,Home & Kitchen,Havells,12357.23,2,2025-11-07,Delivered
6179,619,64,Induction Cooktop,Home & Kitchen,Milton,2803.83,2,2025-07-19,Delivered
6180,592,84,Children's Story Book,Books,Scholastic,782.76,4,2026-03-01,Delivered
6181,881,58,Table Lamp,Home & Kitchen,Prestige,2036.96,1,2025-03-10,Delivered
6182,452,54,Non-Stick Pan Set,Home & Kitchen,Philips,6349.31,1,2025-07-30,Returned
6183,1457,31,Running Shoes,Fashion,Biba,501.15,1,2025-01-19,Delivered
6184,1917,64,Induction Cooktop,Home & Kitchen,Milton,8543.46,1,2025-05-26,Shipped
6185,1510,20,Bluetooth Speaker,Electronics,Xiaomi,67470.66,1,2025-04-18,Pending
6186,335,103,Lipstick,Beauty & Personal Care,The Man Company,796.74,1,2025-12-31,Delivered
6187,950,98,Hair Serum,Beauty & Personal Care,Mamaearth,831.61,1,2024-12-08,Delivered
6188,1918,10,LED TV 43-inch,Electronics,Apple,42426.88,1,2026-03-16,Delivered
6189,1074,18,Power Bank 10000mAh,Electronics,Sony,66197.1,1,2025-08-20,Delivered
6190,1719,3,Smartphone,Electronics,boAt,33974.22,1,2026-06-04,Delivered
6191,264,124,Football,Sports & Fitness,Nivia,2289.25,1,2024-07-09,Delivered
6192,573,18,Power Bank 10000mAh,Electronics,Sony,74534.04,1,2025-01-09,Delivered
6193,127,50,Mixer Grinder,Home & Kitchen,Pigeon,9017.35,2,2025-06-16,Cancelled
6194,1880,73,Fiction Novel,Books,Scholastic,610.6,1,2025-12-28,Delivered
6195,849,68,Wall Clock,Home & Kitchen,Havells,1340.38,1,2025-02-10,Delivered
6196,1375,53,Non-Stick Pan Set,Home & Kitchen,Pigeon,1205.76,2,2026-03-04,Delivered
6197,20,117,Cricket Bat,Sports & Fitness,Decathlon,3936.51,1,2025-06-06,Delivered
6198,1579,92,Face Wash,Beauty & Personal Care,Plum,1670.58,1,2025-06-10,Delivered
6199,467,19,Bluetooth Speaker,Electronics,boAt,30425.11,1,2025-04-01,Delivered
6200,545,118,Dumbbell Set 10kg,Sports & Fitness,Decathlon,3423.08,1,2025-12-21,Delivered
6201,1595,30,Women's Kurta,Fashion,Biba,791.17,1,2025-10-26,Delivered
6202,1858,45,Handbag,Fashion,Allen Solly,4364.59,1,2025-12-15,Delivered
6203,426,50,Mixer Grinder,Home & Kitchen,Pigeon,3605.37,1,2026-01-08,Delivered
6204,1756,3,Smartphone,Electronics,boAt,57155.92,3,2026-01-15,Returned
6205,383,90,Business Book,Books,Rupa Publications,292.91,2,2026-05-11,Delivered
6206,410,20,Bluetooth Speaker,Electronics,Xiaomi,17469.82,1,2025-07-30,Delivered
6207,1503,79,Competitive Exam Guide,Books,Scholastic,387.79,2,2026-06-29,Delivered
6208,1898,112,Yoga Mat,Sports & Fitness,Nivia,5089.63,1,2026-07-24,Delivered
6209,1381,82,Children's Story Book,Books,Rupa Publications,788.18,1,2025-10-03,Delivered
6210,80,4,Bluetooth Earbuds,Electronics,Xiaomi,83108.81,1,2024-06-30,Delivered
6211,1178,26,Men's T-Shirt,Fashion,Nike,4735.42,2,2025-12-16,Delivered
6212,121,30,Women's Kurta,Fashion,Biba,1073.28,2,2026-04-18,Delivered
6213,1929,35,Denim Jeans,Fashion,Van Heusen,3409.3,2,2025-12-13,Delivered
6214,1058,79,Competitive Exam Guide,Books,Scholastic,758.68,1,2025-08-15,Delivered
6215,1852,39,Formal Shirt,Fashion,Allen Solly,4061.45,1,2025-01-10,Delivered
6216,1450,39,Formal Shirt,Fashion,Allen Solly,2203.32,1,2025-09-11,Delivered
6217,498,111,Perfume,Beauty & Personal Care,Plum,1618.58,2,2025-08-23,Cancelled
6218,1832,17,Power Bank 10000mAh,Electronics,Samsung,79181.42,1,2025-01-31,Delivered
6219,1569,35,Denim Jeans,Fashion,Van Heusen,3583.54,1,2024-10-07,Cancelled
6220,388,127,Resistance Band Set,Sports & Fitness,Nivia,3400.07,1,2026-06-23,Delivered
6221,790,18,Power Bank 10000mAh,Electronics,Sony,1831.26,1,2025-12-26,Delivered
6222,276,129,Resistance Band Set,Sports & Fitness,Yonex,4344.82,1,2025-03-24,Delivered
6223,1467,57,Air Fryer,Home & Kitchen,Pigeon,2684.19,2,2025-12-06,Pending
6224,931,47,Sunglasses,Fashion,Biba,3456.62,2,2026-04-24,Delivered
6225,1698,42,Casual Sneakers,Fashion,Biba,374.91,1,2025-12-15,Pending
6226,310,84,Children's Story Book,Books,Scholastic,759.15,1,2025-09-30,Delivered
6227,1726,15,Laptop,Electronics,boAt,79438.96,1,2026-03-19,Returned
6228,1948,29,Women's Kurta,Fashion,Allen Solly,4893.49,2,2025-09-28,Delivered
6229,555,62,Water Bottle Set,Home & Kitchen,Pigeon,8215.01,2,2023-09-26,Delivered
6230,1342,123,Badminton Racket,Sports & Fitness,Decathlon,2858.35,1,2025-11-22,Delivered
6231,43,59,Table Lamp,Home & Kitchen,Havells,11570.82,1,2026-04-28,Cancelled
6232,1220,89,Business Book,Books,Bloomsbury,138.64,1,2025-11-07,Delivered
6233,1011,88,Business Book,Books,Penguin,417.8,1,2025-06-08,Delivered
6234,76,13,Laptop,Electronics,Sony,61345.88,1,2025-03-27,Delivered
6235,853,48,Sunglasses,Fashion,Puma,1994.32,1,2025-10-24,Delivered
6236,1035,90,Business Book,Books,Rupa Publications,984.18,4,2026-02-22,Returned
6237,1901,20,Bluetooth Speaker,Electronics,Xiaomi,52984.45,2,2025-02-15,Delivered
6238,1729,107,Trimmer,Beauty & Personal Care,Plum,303.71,1,2026-03-05,Delivered
6239,369,11,LED TV 43-inch,Electronics,boAt,40066.44,1,2025-10-05,Delivered
6240,1291,80,Competitive Exam Guide,Books,HarperCollins,649.17,1,2025-08-03,Delivered
6241,1069,61,Water Bottle Set,Home & Kitchen,Philips,1956.64,3,2025-02-19,Delivered
6242,572,24,Neckband Earphones,Electronics,Realme,87687.23,2,2025-09-13,Delivered
6243,682,11,LED TV 43-inch,Electronics,boAt,25692.63,2,2025-04-23,Delivered
6244,1784,27,Men's T-Shirt,Fashion,Puma,1861.3,1,2026-08-17,Delivered
6245,1362,46,Sunglasses,Fashion,H&M,3216.73,1,2026-03-10,Delivered
6246,1687,51,Mixer Grinder,Home & Kitchen,Philips,12321.06,1,2025-10-14,Delivered
6247,597,114,Yoga Mat,Sports & Fitness,Adidas,5981.21,3,2025-09-07,Delivered
6248,753,84,Children's Story Book,Books,Scholastic,947.25,3,2026-03-07,Delivered
6249,1355,127,Resistance Band Set,Sports & Fitness,Nivia,2133.29,1,2025-12-08,Delivered
6250,3,44,Handbag,Fashion,Van Heusen,565.59,1,2025-08-13,Delivered
6251,1465,23,Neckband Earphones,Electronics,JBL,77176.22,1,2024-11-15,Delivered
6252,294,129,Resistance Band Set,Sports & Fitness,Yonex,1234.14,1,2026-03-17,Returned
6253,1665,3,Smartphone,Electronics,boAt,54076.31,1,2026-01-18,Delivered
6254,712,91,Face Wash,Beauty & Personal Care,The Man Company,416.36,1,2025-07-23,Delivered
6255,38,67,Wall Clock,Home & Kitchen,Cello,4232.48,3,2025-10-15,Delivered
6256,458,74,Fiction Novel,Books,HarperCollins,769.37,2,2026-01-27,Returned
6257,1470,37,Formal Shirt,Fashion,Van Heusen,887.15,1,2025-12-16,Delivered
6258,1721,34,Denim Jeans,Fashion,H&M,2327.18,1,2026-03-23,Delivered
6259,1328,10,LED TV 43-inch,Electronics,Apple,15907.09,1,2026-02-01,Delivered
6260,369,78,Self-Help Book,Books,HarperCollins,865.28,1,2025-08-16,Delivered
6261,1198,82,Children's Story Book,Books,Rupa Publications,443.75,1,2026-08-02,Delivered
6262,513,56,Air Fryer,Home & Kitchen,Prestige,11084.09,1,2026-03-19,Delivered
6263,563,17,Power Bank 10000mAh,Electronics,Samsung,48274.95,1,2025-04-07,Delivered
6264,1140,78,Self-Help Book,Books,HarperCollins,372.29,1,2025-09-06,Delivered
6265,460,113,Yoga Mat,Sports & Fitness,Decathlon,6346.18,1,2025-11-20,Delivered
6266,76,16,Power Bank 10000mAh,Electronics,OnePlus,46477.46,1,2025-10-20,Delivered
6267,1512,79,Competitive Exam Guide,Books,Scholastic,497.51,2,2025-07-08,Delivered
6268,1465,66,Induction Cooktop,Home & Kitchen,Cello,2540.45,1,2024-11-30,Delivered
6269,585,43,Handbag,Fashion,Biba,3317.72,1,2026-04-28,Cancelled
6270,322,103,Lipstick,Beauty & Personal Care,The Man Company,1851.45,1,2026-04-29,Delivered
6271,1617,41,Casual Sneakers,Fashion,Allen Solly,822.4,2,2026-06-12,Delivered
6272,1506,105,Lipstick,Beauty & Personal Care,Nivea,252.93,1,2025-12-15,Shipped
6273,875,115,Cricket Bat,Sports & Fitness,Nivia,3612.85,1,2026-03-19,Delivered
6274,1506,93,Face Wash,Beauty & Personal Care,Dove,1447.06,2,2025-12-12,Delivered
6275,1676,11,LED TV 43-inch,Electronics,boAt,56812.46,1,2025-03-19,Delivered
6276,690,60,Table Lamp,Home & Kitchen,Pigeon,11485.22,1,2023-12-29,Delivered
6277,1810,65,Induction Cooktop,Home & Kitchen,Prestige,5055.89,3,2026-04-08,Delivered
6278,1548,66,Induction Cooktop,Home & Kitchen,Cello,4000.22,1,2024-10-13,Pending
6279,282,104,Lipstick,Beauty & Personal Care,Dove,2014.09,4,2025-10-10,Delivered
6280,1139,58,Table Lamp,Home & Kitchen,Prestige,11287.79,1,2025-12-15,Shipped
6281,46,27,Men's T-Shirt,Fashion,Puma,3203.45,2,2025-11-24,Delivered
6282,1426,6,Bluetooth Earbuds,Electronics,Sony,7551.68,1,2026-01-29,Delivered
6283,1306,62,Water Bottle Set,Home & Kitchen,Pigeon,12105.27,1,2026-07-21,Delivered
6284,368,39,Formal Shirt,Fashion,Allen Solly,3132.62,1,2025-10-11,Delivered
6285,560,54,Non-Stick Pan Set,Home & Kitchen,Philips,2790.1,1,2026-01-10,Delivered
6286,624,79,Competitive Exam Guide,Books,Scholastic,229.23,1,2025-11-09,Delivered
6287,1874,35,Denim Jeans,Fashion,Van Heusen,514.37,1,2025-02-28,Delivered
6288,1379,15,Laptop,Electronics,boAt,40339.89,1,2025-07-23,Delivered
6289,682,9,Smartwatch,Electronics,boAt,70134.28,1,2025-03-23,Delivered
6290,992,99,Hair Serum,Beauty & Personal Care,Plum,1824.5,1,2026-02-03,Delivered
6291,927,100,Body Lotion,Beauty & Personal Care,The Man Company,308.71,1,2024-11-20,Delivered
6292,576,24,Neckband Earphones,Electronics,Realme,74921.97,2,2024-09-23,Delivered
6293,648,17,Power Bank 10000mAh,Electronics,Samsung,57999.81,1,2026-08-17,Delivered
6294,1630,68,Wall Clock,Home & Kitchen,Havells,8569.43,1,2025-12-03,Delivered
6295,154,42,Casual Sneakers,Fashion,Biba,3567.32,1,2025-06-20,Delivered
6296,971,100,Body Lotion,Beauty & Personal Care,The Man Company,309.54,2,2024-11-14,Delivered
6297,164,23,Neckband Earphones,Electronics,JBL,53914.6,1,2026-01-19,Returned
6298,124,40,Casual Sneakers,Fashion,Levis,1837.8,1,2024-04-23,Cancelled
6299,1854,85,Biography,Books,Scholastic,933.5,1,2026-03-05,Delivered
6300,259,64,Induction Cooktop,Home & Kitchen,Milton,8228.86,4,2025-06-21,Delivered
6301,981,67,Wall Clock,Home & Kitchen,Cello,250.88,1,2025-05-02,Shipped
6302,965,73,Fiction Novel,Books,Scholastic,409.1,3,2026-01-15,Delivered
6303,1350,33,Running Shoes,Fashion,Roadster,2798.0,2,2026-03-21,Delivered
6304,730,111,Perfume,Beauty & Personal Care,Plum,2414.66,1,2026-02-04,Delivered
6305,1368,100,Body Lotion,Beauty & Personal Care,The Man Company,569.05,1,2025-11-18,Delivered
6306,1381,4,Bluetooth Earbuds,Electronics,Xiaomi,21704.35,1,2026-02-19,Delivered
6307,1045,64,Induction Cooktop,Home & Kitchen,Milton,7963.47,1,2026-07-17,Delivered
6308,486,44,Handbag,Fashion,Van Heusen,1150.65,1,2025-07-07,Delivered
6309,898,67,Wall Clock,Home & Kitchen,Cello,6558.67,1,2025-09-28,Delivered
6310,1452,3,Smartphone,Electronics,boAt,6870.15,1,2025-12-08,Delivered
6311,789,43,Handbag,Fashion,Biba,4222.66,1,2026-07-08,Returned
6312,1048,38,Formal Shirt,Fashion,Levis,4369.9,1,2025-08-28,Delivered
6313,1795,60,Table Lamp,Home & Kitchen,Pigeon,3709.6,4,2025-04-08,Delivered
6314,461,120,Dumbbell Set 10kg,Sports & Fitness,Yonex,6309.4,1,2024-01-22,Delivered
6315,554,46,Sunglasses,Fashion,H&M,4073.69,1,2026-03-18,Delivered
6316,1576,2,Smartphone,Electronics,Apple,27696.66,1,2025-01-12,Delivered
6317,1439,12,LED TV 43-inch,Electronics,JBL,48901.24,1,2026-03-11,Delivered
6318,1838,45,Handbag,Fashion,Allen Solly,2590.91,1,2026-02-28,Cancelled
6319,213,117,Cricket Bat,Sports & Fitness,Decathlon,1515.0,2,2026-08-14,Delivered
6320,700,32,Running Shoes,Fashion,H&M,4241.81,1,2026-03-28,Delivered
6321,1002,122,Badminton Racket,Sports & Fitness,Yonex,5943.26,1,2024-11-23,Delivered
6322,1015,6,Bluetooth Earbuds,Electronics,Sony,63122.89,4,2025-04-01,Returned
6323,1166,31,Running Shoes,Fashion,Biba,2168.67,1,2025-12-03,Delivered
6324,247,102,Body Lotion,Beauty & Personal Care,Mamaearth,1599.72,1,2026-01-07,Delivered
6325,1317,123,Badminton Racket,Sports & Fitness,Decathlon,6182.26,1,2025-12-28,Shipped
6326,156,47,Sunglasses,Fashion,Biba,1765.5,1,2025-08-02,Delivered
6327,372,127,Resistance Band Set,Sports & Fitness,Nivia,2951.77,4,2024-08-09,Shipped
6328,868,117,Cricket Bat,Sports & Fitness,Decathlon,896.0,2,2025-06-17,Delivered
6329,549,92,Face Wash,Beauty & Personal Care,Plum,1230.6,1,2025-08-13,Delivered
6330,759,81,Competitive Exam Guide,Books,Penguin,995.93,1,2026-06-01,Delivered
6331,54,75,Fiction Novel,Books,Bloomsbury,781.62,1,2026-05-18,Delivered
6332,515,33,Running Shoes,Fashion,Roadster,4978.45,1,2025-03-29,Returned
6333,1549,89,Business Book,Books,Bloomsbury,887.23,1,2025-12-24,Delivered
6334,371,29,Women's Kurta,Fashion,Allen Solly,4184.27,1,2026-05-12,Delivered
6335,1602,1,Smartphone,Electronics,Xiaomi,41023.46,1,2025-10-10,Delivered
6336,1338,51,Mixer Grinder,Home & Kitchen,Philips,10789.52,1,2025-06-07,Delivered
6337,1737,77,Self-Help Book,Books,Scholastic,380.44,1,2026-07-27,Delivered
6338,1823,83,Children's Story Book,Books,Penguin,987.95,2,2025-12-19,Shipped
6339,502,45,Handbag,Fashion,Allen Solly,4131.15,1,2026-08-17,Delivered
6340,691,104,Lipstick,Beauty & Personal Care,Dove,1209.21,2,2026-05-12,Delivered
6341,599,92,Face Wash,Beauty & Personal Care,Plum,2144.33,2,2025-09-24,Delivered
6342,966,123,Badminton Racket,Sports & Fitness,Decathlon,211.67,1,2025-01-17,Delivered
6343,258,51,Mixer Grinder,Home & Kitchen,Philips,2628.28,1,2025-04-22,Delivered
6344,1890,79,Competitive Exam Guide,Books,Scholastic,432.81,2,2024-11-29,Returned
6345,1609,121,Badminton Racket,Sports & Fitness,Cosco,4388.33,1,2025-05-13,Cancelled
6346,1993,129,Resistance Band Set,Sports & Fitness,Yonex,3147.35,1,2024-12-14,Returned
6347,616,80,Competitive Exam Guide,Books,HarperCollins,746.42,3,2026-06-22,Delivered
6348,240,104,Lipstick,Beauty & Personal Care,Dove,2336.52,1,2024-02-09,Delivered
6349,845,50,Mixer Grinder,Home & Kitchen,Pigeon,7446.85,1,2026-03-10,Delivered
6350,1454,36,Denim Jeans,Fashion,Puma,4376.48,1,2026-07-23,Delivered
6351,1249,20,Bluetooth Speaker,Electronics,Xiaomi,8789.53,2,2026-03-13,Delivered
6352,538,88,Business Book,Books,Penguin,144.12,1,2026-05-20,Delivered
6353,1843,54,Non-Stick Pan Set,Home & Kitchen,Philips,6657.65,1,2025-03-31,Delivered
6354,284,39,Formal Shirt,Fashion,Allen Solly,3698.49,1,2026-07-12,Delivered
6355,1550,11,LED TV 43-inch,Electronics,boAt,10152.01,3,2026-02-17,Cancelled
6356,1947,95,Sunscreen SPF50,Beauty & Personal Care,The Man Company,1609.94,3,2026-01-25,Delivered
6357,873,16,Power Bank 10000mAh,Electronics,OnePlus,65300.29,4,2025-11-20,Delivered
6358,1946,80,Competitive Exam Guide,Books,HarperCollins,753.65,2,2024-12-21,Delivered
6359,1992,70,Bedsheet Set,Home & Kitchen,Bajaj,11343.68,1,2025-03-16,Delivered
6360,1436,31,Running Shoes,Fashion,Biba,4153.51,3,2026-01-18,Delivered
6361,493,92,Face Wash,Beauty & Personal Care,Plum,1308.96,1,2025-07-17,Delivered
6362,1808,89,Business Book,Books,Bloomsbury,338.46,1,2025-12-08,Delivered
6363,1343,34,Denim Jeans,Fashion,H&M,3015.25,2,2025-11-06,Delivered
6364,1507,98,Hair Serum,Beauty & Personal Care,Mamaearth,2128.76,4,2026-06-02,Delivered
6365,1348,18,Power Bank 10000mAh,Electronics,Sony,21755.94,1,2025-05-12,Delivered
6366,853,33,Running Shoes,Fashion,Roadster,383.92,2,2025-03-07,Delivered
6367,1176,53,Non-Stick Pan Set,Home & Kitchen,Pigeon,10272.75,1,2025-02-22,Delivered
6368,56,20,Bluetooth Speaker,Electronics,Xiaomi,38311.66,1,2026-03-29,Delivered
6369,169,56,Air Fryer,Home & Kitchen,Prestige,12871.87,1,2025-03-28,Delivered
6370,598,77,Self-Help Book,Books,Scholastic,426.53,2,2024-11-22,Delivered
6371,547,127,Resistance Band Set,Sports & Fitness,Nivia,1610.5,1,2026-04-01,Returned
6372,848,96,Sunscreen SPF50,Beauty & Personal Care,Plum,610.65,1,2026-07-05,Delivered
6373,1996,92,Face Wash,Beauty & Personal Care,Plum,667.03,2,2026-01-31,Delivered
6374,885,79,Competitive Exam Guide,Books,Scholastic,708.44,4,2026-01-05,Delivered
6375,1759,5,Bluetooth Earbuds,Electronics,boAt,77881.47,1,2025-11-20,Delivered
6376,89,85,Biography,Books,Scholastic,389.43,4,2026-02-21,Delivered
6377,829,54,Non-Stick Pan Set,Home & Kitchen,Philips,2327.04,1,2025-09-17,Cancelled
6378,1828,116,Cricket Bat,Sports & Fitness,Adidas,5344.69,1,2026-01-16,Cancelled
6379,205,53,Non-Stick Pan Set,Home & Kitchen,Pigeon,4961.47,1,2025-01-31,Delivered
6380,481,19,Bluetooth Speaker,Electronics,boAt,62669.19,2,2025-08-09,Delivered
6381,903,93,Face Wash,Beauty & Personal Care,Dove,513.66,4,2025-12-01,Shipped
6382,681,97,Hair Serum,Beauty & Personal Care,Lakme,1396.01,2,2025-11-25,Delivered
6383,388,4,Bluetooth Earbuds,Electronics,Xiaomi,3716.71,2,2026-06-14,Delivered
6384,1088,37,Formal Shirt,Fashion,Van Heusen,1833.84,3,2025-09-29,Delivered
6385,1300,52,Non-Stick Pan Set,Home & Kitchen,Bajaj,8010.42,2,2025-03-14,Delivered
6386,393,55,Air Fryer,Home & Kitchen,Bajaj,6014.49,1,2025-07-15,Delivered
6387,106,105,Lipstick,Beauty & Personal Care,Nivea,1481.15,1,2025-12-08,Delivered
6388,421,117,Cricket Bat,Sports & Fitness,Decathlon,1912.66,1,2025-12-04,Delivered
6389,1647,6,Bluetooth Earbuds,Electronics,Sony,65273.31,1,2024-10-29,Delivered
6390,1893,15,Laptop,Electronics,boAt,67130.25,1,2025-09-03,Delivered
6391,1730,20,Bluetooth Speaker,Electronics,Xiaomi,44887.58,1,2025-12-15,Delivered
6392,566,92,Face Wash,Beauty & Personal Care,Plum,864.39,1,2025-08-10,Delivered
6393,1579,35,Denim Jeans,Fashion,Van Heusen,3504.49,1,2026-05-30,Delivered
6394,213,73,Fiction Novel,Books,Scholastic,709.55,1,2026-08-17,Delivered
6395,510,99,Hair Serum,Beauty & Personal Care,Plum,492.35,2,2025-12-09,Delivered
6396,557,40,Casual Sneakers,Fashion,Levis,3415.86,2,2025-01-22,Delivered
6397,1503,115,Cricket Bat,Sports & Fitness,Nivia,615.47,3,2026-06-14,Delivered
6398,391,32,Running Shoes,Fashion,H&M,1865.64,1,2025-11-15,Delivered
6399,1652,25,Men's T-Shirt,Fashion,Allen Solly,4457.66,1,2025-09-12,Shipped
6400,323,10,LED TV 43-inch,Electronics,Apple,54221.92,2,2025-04-13,Shipped
6401,278,106,Trimmer,Beauty & Personal Care,Mamaearth,2060.42,1,2026-04-27,Delivered
6402,1614,77,Self-Help Book,Books,Scholastic,563.64,3,2025-05-27,Cancelled
6403,124,17,Power Bank 10000mAh,Electronics,Samsung,15489.97,1,2023-09-29,Pending
6404,47,117,Cricket Bat,Sports & Fitness,Decathlon,4140.99,1,2024-08-04,Pending
6405,1282,119,Dumbbell Set 10kg,Sports & Fitness,Adidas,6357.65,1,2026-06-29,Delivered
6406,1326,50,Mixer Grinder,Home & Kitchen,Pigeon,5198.94,1,2026-02-05,Delivered
6407,630,44,Handbag,Fashion,Van Heusen,1122.51,1,2025-02-03,Delivered
6408,541,15,Laptop,Electronics,boAt,28788.35,1,2025-11-16,Delivered
6409,1761,4,Bluetooth Earbuds,Electronics,Xiaomi,31371.32,1,2026-06-05,Delivered
6410,1564,70,Bedsheet Set,Home & Kitchen,Bajaj,2312.09,1,2026-05-03,Delivered
6411,474,115,Cricket Bat,Sports & Fitness,Nivia,3543.49,1,2025-09-18,Delivered
6412,1005,74,Fiction Novel,Books,HarperCollins,957.15,1,2024-10-24,Delivered
6413,1921,21,Bluetooth Speaker,Electronics,Apple,82538.17,3,2025-04-24,Delivered
6414,1854,22,Neckband Earphones,Electronics,Samsung,34081.84,1,2026-03-16,Delivered
6415,1215,95,Sunscreen SPF50,Beauty & Personal Care,The Man Company,542.55,1,2025-04-11,Delivered
6416,651,25,Men's T-Shirt,Fashion,Allen Solly,2573.39,1,2024-08-29,Delivered
6417,542,123,Badminton Racket,Sports & Fitness,Decathlon,6497.05,1,2026-01-23,Delivered
6418,123,6,Bluetooth Earbuds,Electronics,Sony,80286.98,1,2025-11-16,Delivered
6419,940,99,Hair Serum,Beauty & Personal Care,Plum,887.74,1,2026-07-03,Delivered
6420,1473,80,Competitive Exam Guide,Books,HarperCollins,661.61,2,2025-11-15,Delivered
6421,228,63,Water Bottle Set,Home & Kitchen,Cello,1609.29,1,2026-06-30,Delivered
6422,778,59,Table Lamp,Home & Kitchen,Havells,1021.1,1,2024-10-14,Delivered
6423,1741,4,Bluetooth Earbuds,Electronics,Xiaomi,11107.66,1,2024-10-21,Delivered
6424,620,48,Sunglasses,Fashion,Puma,692.15,1,2026-02-24,Delivered
6425,1029,8,Smartwatch,Electronics,OnePlus,86834.53,1,2025-11-25,Delivered
6426,1264,35,Denim Jeans,Fashion,Van Heusen,4489.35,4,2024-08-26,Delivered
6427,1353,79,Competitive Exam Guide,Books,Scholastic,606.03,1,2025-02-19,Shipped
6428,969,116,Cricket Bat,Sports & Fitness,Adidas,4930.65,1,2025-10-15,Delivered
6429,894,79,Competitive Exam Guide,Books,Scholastic,169.07,1,2025-11-07,Delivered
6430,918,75,Fiction Novel,Books,Bloomsbury,655.31,1,2025-12-03,Delivered
6431,916,49,Mixer Grinder,Home & Kitchen,Havells,3025.52,1,2025-12-13,Delivered
6432,83,28,Women's Kurta,Fashion,Levis,3193.99,1,2025-06-19,Delivered
6433,1348,92,Face Wash,Beauty & Personal Care,Plum,1641.24,1,2026-05-12,Delivered
6434,295,124,Football,Sports & Fitness,Nivia,5738.01,4,2026-03-25,Delivered
6435,292,95,Sunscreen SPF50,Beauty & Personal Care,The Man Company,2339.05,2,2025-10-13,Delivered
6436,1470,54,Non-Stick Pan Set,Home & Kitchen,Philips,9989.46,1,2026-04-11,Delivered
6437,435,20,Bluetooth Speaker,Electronics,Xiaomi,39278.16,1,2024-12-04,Returned
6438,1802,79,Competitive Exam Guide,Books,Scholastic,919.09,1,2026-07-14,Delivered
6439,999,85,Biography,Books,Scholastic,906.77,2,2025-12-09,Delivered
6440,1012,33,Running Shoes,Fashion,Roadster,1426.42,1,2026-05-21,Delivered
6441,241,95,Sunscreen SPF50,Beauty & Personal Care,The Man Company,2348.09,1,2025-03-12,Delivered
6442,824,54,Non-Stick Pan Set,Home & Kitchen,Philips,5389.89,1,2025-02-21,Cancelled
6443,695,74,Fiction Novel,Books,HarperCollins,739.13,2,2026-03-12,Returned
6444,914,119,Dumbbell Set 10kg,Sports & Fitness,Adidas,4598.27,1,2024-11-19,Returned
6445,1064,92,Face Wash,Beauty & Personal Care,Plum,1667.42,1,2025-11-21,Delivered
6446,1821,128,Resistance Band Set,Sports & Fitness,Decathlon,3793.6,1,2026-06-10,Delivered
6447,124,125,Football,Sports & Fitness,Cosco,5811.04,2,2024-09-19,Delivered
6448,349,60,Table Lamp,Home & Kitchen,Pigeon,5878.89,2,2025-01-29,Delivered
6449,877,74,Fiction Novel,Books,HarperCollins,377.6,2,2026-05-20,Cancelled
6450,1505,31,Running Shoes,Fashion,Biba,2830.26,1,2025-07-01,Delivered
6451,346,113,Yoga Mat,Sports & Fitness,Decathlon,4582.39,1,2026-01-02,Delivered
6452,591,75,Fiction Novel,Books,Bloomsbury,436.41,1,2025-11-03,Returned
6453,1417,27,Men's T-Shirt,Fashion,Puma,3309.76,2,2026-06-30,Returned
6454,215,84,Children's Story Book,Books,Scholastic,868.47,1,2026-03-21,Delivered
6455,687,91,Face Wash,Beauty & Personal Care,The Man Company,956.27,1,2025-01-30,Delivered
6456,1654,16,Power Bank 10000mAh,Electronics,OnePlus,43274.81,1,2024-11-28,Delivered
6457,633,96,Sunscreen SPF50,Beauty & Personal Care,Plum,941.87,1,2025-10-27,Pending
6458,146,27,Men's T-Shirt,Fashion,Puma,3947.25,1,2025-07-20,Delivered
6459,353,45,Handbag,Fashion,Allen Solly,808.68,1,2026-05-25,Delivered
6460,732,33,Running Shoes,Fashion,Roadster,1513.16,1,2025-05-02,Delivered
6461,1323,42,Casual Sneakers,Fashion,Biba,1833.62,2,2026-04-15,Delivered
6462,592,91,Face Wash,Beauty & Personal Care,The Man Company,1162.01,1,2025-10-29,Delivered
6463,631,70,Bedsheet Set,Home & Kitchen,Bajaj,3003.34,1,2026-04-13,Delivered
6464,277,7,Smartwatch,Electronics,Samsung,17286.41,1,2026-01-26,Delivered
6465,857,104,Lipstick,Beauty & Personal Care,Dove,247.61,1,2025-02-13,Delivered
6466,1463,28,Women's Kurta,Fashion,Levis,3702.65,1,2024-04-23,Delivered
6467,1276,60,Table Lamp,Home & Kitchen,Pigeon,5847.79,1,2026-01-09,Delivered
6468,489,31,Running Shoes,Fashion,Biba,3752.38,1,2026-07-08,Delivered
6469,1275,16,Power Bank 10000mAh,Electronics,OnePlus,34202.91,1,2025-04-08,Delivered
6470,86,100,Body Lotion,Beauty & Personal Care,The Man Company,2288.44,1,2026-04-02,Delivered
6471,688,65,Induction Cooktop,Home & Kitchen,Prestige,3723.76,1,2026-04-15,Delivered
6472,513,68,Wall Clock,Home & Kitchen,Havells,1169.42,3,2025-09-24,Delivered
6473,69,44,Handbag,Fashion,Van Heusen,454.98,1,2026-02-02,Delivered
6474,1530,106,Trimmer,Beauty & Personal Care,Mamaearth,486.89,3,2024-10-27,Delivered
6475,743,120,Dumbbell Set 10kg,Sports & Fitness,Yonex,2341.31,1,2025-08-26,Delivered
6476,1624,105,Lipstick,Beauty & Personal Care,Nivea,213.54,1,2026-02-15,Delivered
6477,166,55,Air Fryer,Home & Kitchen,Bajaj,3697.66,1,2026-05-13,Delivered
6478,1694,56,Air Fryer,Home & Kitchen,Prestige,1252.04,1,2026-01-23,Shipped
6479,937,37,Formal Shirt,Fashion,Van Heusen,2937.38,1,2024-10-04,Shipped
6480,1224,50,Mixer Grinder,Home & Kitchen,Pigeon,9605.87,1,2026-03-17,Delivered
6481,1108,9,Smartwatch,Electronics,boAt,8117.1,2,2025-12-25,Pending
6482,1416,116,Cricket Bat,Sports & Fitness,Adidas,6695.85,3,2025-11-03,Delivered
6483,1057,27,Men's T-Shirt,Fashion,Puma,598.58,1,2024-04-14,Delivered
6484,353,39,Formal Shirt,Fashion,Allen Solly,4740.41,1,2025-12-01,Delivered
6485,1977,120,Dumbbell Set 10kg,Sports & Fitness,Yonex,3556.82,1,2026-04-25,Delivered
6486,1074,102,Body Lotion,Beauty & Personal Care,Mamaearth,1683.52,1,2026-02-06,Delivered
6487,1127,103,Lipstick,Beauty & Personal Care,The Man Company,1438.89,1,2025-11-28,Delivered
6488,225,44,Handbag,Fashion,Van Heusen,2264.17,1,2026-04-23,Delivered
6489,666,34,Denim Jeans,Fashion,H&M,2494.29,1,2025-10-27,Delivered
6490,1170,31,Running Shoes,Fashion,Biba,4472.32,1,2026-07-01,Delivered
6491,1519,9,Smartwatch,Electronics,boAt,28617.8,1,2025-05-05,Delivered
6492,305,110,Perfume,Beauty & Personal Care,Lakme,1704.69,1,2026-05-29,Pending
6493,540,12,LED TV 43-inch,Electronics,JBL,68375.35,1,2025-02-14,Delivered
6494,1776,107,Trimmer,Beauty & Personal Care,Plum,1226.24,2,2026-08-06,Delivered
6495,422,44,Handbag,Fashion,Van Heusen,1416.02,1,2025-03-11,Delivered
6496,1543,69,Wall Clock,Home & Kitchen,Philips,10087.18,4,2025-01-27,Cancelled
6497,20,92,Face Wash,Beauty & Personal Care,Plum,2198.96,1,2025-06-19,Delivered
6498,1867,101,Body Lotion,Beauty & Personal Care,Lakme,1869.31,1,2026-06-14,Delivered
6499,828,19,Bluetooth Speaker,Electronics,boAt,68636.68,1,2025-07-20,Delivered
6500,690,89,Business Book,Books,Bloomsbury,641.5,1,2024-07-23,Delivered
6501,1632,20,Bluetooth Speaker,Electronics,Xiaomi,36962.57,1,2026-06-01,Delivered
6502,299,37,Formal Shirt,Fashion,Van Heusen,4642.05,1,2024-08-16,Delivered
6503,1131,123,Badminton Racket,Sports & Fitness,Decathlon,6772.2,1,2025-06-19,Delivered
6504,767,42,Casual Sneakers,Fashion,Biba,1050.42,1,2025-11-27,Shipped
6505,746,61,Water Bottle Set,Home & Kitchen,Philips,5807.97,1,2026-02-28,Delivered
6506,443,73,Fiction Novel,Books,Scholastic,141.89,1,2025-03-15,Cancelled
6507,399,56,Air Fryer,Home & Kitchen,Prestige,5251.66,1,2025-07-11,Delivered
6508,1300,100,Body Lotion,Beauty & Personal Care,The Man Company,1123.42,1,2025-09-22,Delivered
6509,49,6,Bluetooth Earbuds,Electronics,Sony,43733.6,1,2025-08-29,Delivered
6510,105,37,Formal Shirt,Fashion,Van Heusen,2576.33,1,2024-08-28,Delivered
6511,1418,5,Bluetooth Earbuds,Electronics,boAt,25856.48,2,2026-06-05,Delivered
6512,1148,57,Air Fryer,Home & Kitchen,Pigeon,6019.7,1,2024-04-16,Delivered
6513,229,121,Badminton Racket,Sports & Fitness,Cosco,2162.05,2,2024-11-28,Delivered
6514,1165,37,Formal Shirt,Fashion,Van Heusen,3519.62,4,2025-11-25,Delivered
6515,1275,84,Children's Story Book,Books,Scholastic,333.03,1,2025-04-21,Delivered
6516,1795,64,Induction Cooktop,Home & Kitchen,Milton,9542.91,2,2024-08-09,Shipped
6517,1498,55,Air Fryer,Home & Kitchen,Bajaj,2050.69,1,2025-09-20,Delivered
6518,357,22,Neckband Earphones,Electronics,Samsung,70551.65,1,2026-02-04,Delivered
6519,1029,107,Trimmer,Beauty & Personal Care,Plum,2311.4,1,2025-02-20,Delivered
6520,1638,8,Smartwatch,Electronics,OnePlus,54301.06,1,2026-06-17,Delivered
6521,40,60,Table Lamp,Home & Kitchen,Pigeon,5272.97,1,2025-10-23,Delivered
6522,551,33,Running Shoes,Fashion,Roadster,1171.69,1,2026-02-06,Delivered
6523,799,35,Denim Jeans,Fashion,Van Heusen,3539.67,2,2025-07-23,Delivered
6524,380,27,Men's T-Shirt,Fashion,Puma,4061.18,4,2026-04-01,Delivered
6525,656,25,Men's T-Shirt,Fashion,Allen Solly,2143.05,2,2024-03-30,Delivered
6526,1790,114,Yoga Mat,Sports & Fitness,Adidas,1923.5,1,2024-10-25,Delivered
6527,809,18,Power Bank 10000mAh,Electronics,Sony,38448.8,1,2025-12-10,Delivered
6528,1965,84,Children's Story Book,Books,Scholastic,889.87,1,2026-03-19,Delivered
6529,873,2,Smartphone,Electronics,Apple,85480.35,3,2026-02-13,Cancelled
6530,663,104,Lipstick,Beauty & Personal Care,Dove,1077.52,1,2026-03-02,Shipped
6531,135,24,Neckband Earphones,Electronics,Realme,46472.64,1,2026-06-12,Returned
6532,1349,50,Mixer Grinder,Home & Kitchen,Pigeon,9643.43,1,2024-06-14,Delivered
6533,1101,103,Lipstick,Beauty & Personal Care,The Man Company,923.6,1,2025-01-16,Delivered
6534,842,88,Business Book,Books,Penguin,996.21,2,2026-08-17,Shipped
6535,939,108,Trimmer,Beauty & Personal Care,Lakme,1673.69,1,2026-03-24,Delivered
6536,1924,20,Bluetooth Speaker,Electronics,Xiaomi,84784.83,1,2026-01-09,Pending
6537,845,104,Lipstick,Beauty & Personal Care,Dove,293.39,1,2025-09-28,Delivered
6538,563,89,Business Book,Books,Bloomsbury,716.65,2,2026-06-23,Delivered
6539,1366,69,Wall Clock,Home & Kitchen,Philips,2762.05,1,2023-10-24,Pending
6540,608,108,Trimmer,Beauty & Personal Care,Lakme,514.03,1,2025-12-26,Delivered
6541,962,70,Bedsheet Set,Home & Kitchen,Bajaj,2134.91,1,2026-01-16,Returned
6542,1393,28,Women's Kurta,Fashion,Levis,4106.39,2,2025-02-21,Cancelled
6543,393,24,Neckband Earphones,Electronics,Realme,60398.24,2,2026-06-08,Delivered
6544,58,66,Induction Cooktop,Home & Kitchen,Cello,5906.9,1,2026-04-16,Delivered
6545,65,94,Sunscreen SPF50,Beauty & Personal Care,Mamaearth,1419.06,2,2026-06-10,Delivered
6546,1037,61,Water Bottle Set,Home & Kitchen,Philips,2394.72,1,2025-12-30,Delivered
6547,425,83,Children's Story Book,Books,Penguin,177.82,1,2025-12-30,Delivered
6548,1499,76,Self-Help Book,Books,Bloomsbury,995.6,1,2024-11-12,Delivered
6549,160,17,Power Bank 10000mAh,Electronics,Samsung,80528.16,1,2025-10-11,Shipped
6550,401,67,Wall Clock,Home & Kitchen,Cello,5938.55,1,2026-01-13,Delivered
6551,534,55,Air Fryer,Home & Kitchen,Bajaj,3348.63,1,2026-03-14,Delivered
6552,1843,28,Women's Kurta,Fashion,Levis,2577.39,1,2025-03-22,Delivered
6553,289,38,Formal Shirt,Fashion,Levis,452.25,3,2025-12-02,Delivered
6554,1939,66,Induction Cooktop,Home & Kitchen,Cello,4596.65,1,2025-11-05,Delivered
6555,1904,78,Self-Help Book,Books,HarperCollins,410.91,1,2025-08-09,Delivered
6556,1174,26,Men's T-Shirt,Fashion,Nike,3854.68,1,2026-05-18,Delivered
6557,175,46,Sunglasses,Fashion,H&M,2033.99,1,2025-06-07,Delivered
6558,219,83,Children's Story Book,Books,Penguin,322.93,1,2026-04-19,Delivered
6559,445,112,Yoga Mat,Sports & Fitness,Nivia,953.66,1,2026-04-19,Delivered
6560,596,21,Bluetooth Speaker,Electronics,Apple,39250.99,1,2026-03-04,Delivered
6561,559,116,Cricket Bat,Sports & Fitness,Adidas,4836.28,1,2024-12-25,Delivered
6562,1422,98,Hair Serum,Beauty & Personal Care,Mamaearth,1252.61,1,2026-02-23,Delivered
6563,991,96,Sunscreen SPF50,Beauty & Personal Care,Plum,2412.66,2,2023-10-20,Delivered
6564,929,78,Self-Help Book,Books,HarperCollins,869.64,1,2026-06-07,Delivered
6565,1577,110,Perfume,Beauty & Personal Care,Lakme,1197.82,1,2025-06-25,Delivered
6566,183,44,Handbag,Fashion,Van Heusen,3179.43,1,2025-09-07,Delivered
6567,217,114,Yoga Mat,Sports & Fitness,Adidas,3952.29,3,2025-11-05,Delivered
6568,1523,99,Hair Serum,Beauty & Personal Care,Plum,1771.09,1,2025-12-03,Delivered
6569,1820,30,Women's Kurta,Fashion,Biba,3154.4,1,2026-01-24,Delivered
6570,506,116,Cricket Bat,Sports & Fitness,Adidas,6825.59,1,2026-03-21,Delivered
6571,801,112,Yoga Mat,Sports & Fitness,Nivia,961.92,2,2026-02-26,Delivered
6572,1502,13,Laptop,Electronics,Sony,21020.14,2,2026-05-12,Delivered
6573,776,73,Fiction Novel,Books,Scholastic,410.12,1,2025-07-14,Delivered
6574,118,23,Neckband Earphones,Electronics,JBL,23812.48,1,2025-09-25,Delivered
6575,127,101,Body Lotion,Beauty & Personal Care,Lakme,611.06,1,2025-10-18,Delivered
6576,1044,42,Casual Sneakers,Fashion,Biba,2682.33,1,2025-09-05,Delivered
6577,1927,110,Perfume,Beauty & Personal Care,Lakme,1291.55,1,2024-11-22,Cancelled
6578,633,94,Sunscreen SPF50,Beauty & Personal Care,Mamaearth,1600.34,1,2025-02-19,Delivered
6579,1807,105,Lipstick,Beauty & Personal Care,Nivea,730.0,1,2026-01-22,Shipped
6580,1441,38,Formal Shirt,Fashion,Levis,965.27,2,2026-02-06,Delivered
6581,553,105,Lipstick,Beauty & Personal Care,Nivea,609.95,1,2026-05-02,Delivered
6582,199,30,Women's Kurta,Fashion,Biba,4834.83,1,2024-05-23,Returned
6583,1977,86,Biography,Books,HarperCollins,411.39,1,2026-05-08,Delivered
6584,757,87,Biography,Books,Bloomsbury,551.3,1,2026-06-23,Delivered
6585,1103,16,Power Bank 10000mAh,Electronics,OnePlus,54920.2,2,2025-05-27,Delivered
6586,1067,71,Bedsheet Set,Home & Kitchen,Pigeon,1796.86,1,2026-08-07,Delivered
6587,1575,57,Air Fryer,Home & Kitchen,Pigeon,1334.67,3,2025-10-18,Delivered
6588,540,19,Bluetooth Speaker,Electronics,boAt,32574.1,1,2024-09-22,Returned
6589,1791,119,Dumbbell Set 10kg,Sports & Fitness,Adidas,5928.91,1,2024-04-23,Returned
6590,1127,93,Face Wash,Beauty & Personal Care,Dove,1311.37,1,2026-05-17,Delivered
6591,1594,125,Football,Sports & Fitness,Cosco,4528.01,1,2025-04-22,Shipped
6592,41,65,Induction Cooktop,Home & Kitchen,Prestige,11990.52,1,2024-11-12,Shipped
6593,1639,13,Laptop,Electronics,Sony,86852.55,2,2026-02-13,Delivered
6594,905,126,Football,Sports & Fitness,Yonex,2378.21,1,2025-09-18,Delivered
6595,58,91,Face Wash,Beauty & Personal Care,The Man Company,1950.4,4,2025-08-08,Delivered
6596,1743,125,Football,Sports & Fitness,Cosco,1352.16,2,2025-02-04,Delivered
6597,1947,27,Men's T-Shirt,Fashion,Puma,2002.99,1,2026-02-08,Delivered
6598,1517,13,Laptop,Electronics,Sony,46591.96,1,2024-04-25,Delivered
6599,1204,82,Children's Story Book,Books,Rupa Publications,178.24,1,2024-09-02,Delivered
6600,9,92,Face Wash,Beauty & Personal Care,Plum,254.19,2,2025-09-22,Delivered
6601,904,115,Cricket Bat,Sports & Fitness,Nivia,1399.1,1,2025-01-09,Delivered
6602,759,124,Football,Sports & Fitness,Nivia,3626.32,1,2026-06-02,Delivered
6603,1256,127,Resistance Band Set,Sports & Fitness,Nivia,2544.54,2,2026-05-24,Delivered
6604,772,73,Fiction Novel,Books,Scholastic,354.2,2,2026-04-25,Delivered
6605,432,63,Water Bottle Set,Home & Kitchen,Cello,10153.71,2,2026-02-18,Delivered
6606,1827,107,Trimmer,Beauty & Personal Care,Plum,954.23,1,2025-02-27,Delivered
6607,1461,52,Non-Stick Pan Set,Home & Kitchen,Bajaj,10346.78,1,2025-02-12,Delivered
6608,427,109,Perfume,Beauty & Personal Care,The Man Company,2016.42,1,2024-03-08,Delivered
6609,522,68,Wall Clock,Home & Kitchen,Havells,10506.93,1,2025-11-15,Delivered
6610,1525,75,Fiction Novel,Books,Bloomsbury,933.54,1,2025-09-15,Delivered
6611,992,50,Mixer Grinder,Home & Kitchen,Pigeon,2848.6,2,2026-01-01,Delivered
6612,1916,11,LED TV 43-inch,Electronics,boAt,86173.86,2,2026-01-08,Shipped
6613,930,39,Formal Shirt,Fashion,Allen Solly,4209.24,1,2024-07-18,Returned
6614,327,99,Hair Serum,Beauty & Personal Care,Plum,1724.77,3,2024-06-18,Delivered
6615,1166,18,Power Bank 10000mAh,Electronics,Sony,47904.13,1,2025-06-05,Pending
6616,1364,22,Neckband Earphones,Electronics,Samsung,59797.4,2,2025-08-15,Delivered
6617,1942,61,Water Bottle Set,Home & Kitchen,Philips,11958.66,1,2026-06-10,Returned
6618,1183,2,Smartphone,Electronics,Apple,69514.66,1,2026-04-11,Cancelled
6619,1625,82,Children's Story Book,Books,Rupa Publications,314.79,1,2025-04-10,Delivered
6620,1351,18,Power Bank 10000mAh,Electronics,Sony,54829.59,1,2024-04-28,Delivered
6621,1864,48,Sunglasses,Fashion,Puma,2758.84,1,2026-03-22,Pending
6622,1437,79,Competitive Exam Guide,Books,Scholastic,825.53,1,2025-05-10,Delivered
6623,1439,37,Formal Shirt,Fashion,Van Heusen,569.63,1,2026-03-10,Delivered
6624,1276,3,Smartphone,Electronics,boAt,54961.66,1,2025-12-20,Delivered
6625,392,123,Badminton Racket,Sports & Fitness,Decathlon,1140.39,3,2025-11-08,Delivered
6626,1260,23,Neckband Earphones,Electronics,JBL,2989.63,2,2025-03-28,Delivered
6627,451,48,Sunglasses,Fashion,Puma,2388.83,4,2025-02-05,Delivered
6628,444,76,Self-Help Book,Books,Bloomsbury,585.22,1,2026-05-12,Delivered
6629,615,101,Body Lotion,Beauty & Personal Care,Lakme,1373.67,1,2025-09-22,Delivered
6630,1972,89,Business Book,Books,Bloomsbury,751.1,2,2025-09-09,Delivered
6631,4,29,Women's Kurta,Fashion,Allen Solly,4914.38,1,2025-11-27,Returned
6632,1894,94,Sunscreen SPF50,Beauty & Personal Care,Mamaearth,1743.6,1,2026-02-12,Delivered
6633,1740,37,Formal Shirt,Fashion,Van Heusen,317.39,1,2026-02-19,Delivered
6634,1636,120,Dumbbell Set 10kg,Sports & Fitness,Yonex,293.67,1,2026-04-10,Delivered
6635,211,116,Cricket Bat,Sports & Fitness,Adidas,3301.59,1,2025-12-22,Delivered
6636,706,62,Water Bottle Set,Home & Kitchen,Pigeon,7569.68,1,2026-01-23,Pending
6637,361,71,Bedsheet Set,Home & Kitchen,Pigeon,1598.3,1,2023-11-04,Delivered
6638,269,18,Power Bank 10000mAh,Electronics,Sony,5686.29,1,2025-08-06,Delivered
6639,1224,88,Business Book,Books,Penguin,834.79,1,2025-06-27,Pending
6640,1812,40,Casual Sneakers,Fashion,Levis,2326.2,1,2026-06-03,Delivered
6641,1012,55,Air Fryer,Home & Kitchen,Bajaj,2899.06,1,2026-05-20,Delivered
6642,715,110,Perfume,Beauty & Personal Care,Lakme,1175.73,1,2026-01-27,Delivered
6643,242,74,Fiction Novel,Books,HarperCollins,475.1,1,2026-05-11,Delivered
6644,621,89,Business Book,Books,Bloomsbury,604.55,1,2025-04-17,Shipped
6645,1971,90,Business Book,Books,Rupa Publications,456.99,1,2025-05-15,Shipped
6646,1225,84,Children's Story Book,Books,Scholastic,859.48,1,2026-04-30,Returned
6647,1161,20,Bluetooth Speaker,Electronics,Xiaomi,67761.96,1,2025-09-03,Shipped
6648,1559,51,Mixer Grinder,Home & Kitchen,Philips,9878.91,2,2025-06-16,Returned
6649,1686,107,Trimmer,Beauty & Personal Care,Plum,2346.7,2,2024-10-13,Delivered
6650,878,128,Resistance Band Set,Sports & Fitness,Decathlon,3170.38,1,2026-04-11,Returned
6651,663,125,Football,Sports & Fitness,Cosco,5114.81,1,2025-11-25,Delivered
6652,1765,14,Laptop,Electronics,Xiaomi,36150.01,1,2025-11-06,Delivered
6653,847,87,Biography,Books,Bloomsbury,158.96,1,2026-04-21,Delivered
6654,642,85,Biography,Books,Scholastic,470.55,1,2025-12-21,Delivered
6655,340,128,Resistance Band Set,Sports & Fitness,Decathlon,4396.84,1,2026-03-20,Delivered
6656,97,102,Body Lotion,Beauty & Personal Care,Mamaearth,1106.0,1,2026-04-16,Shipped
6657,799,47,Sunglasses,Fashion,Biba,2670.29,1,2025-06-16,Delivered
6658,856,119,Dumbbell Set 10kg,Sports & Fitness,Adidas,2444.63,2,2024-09-01,Delivered
6659,334,41,Casual Sneakers,Fashion,Allen Solly,1147.42,1,2025-05-30,Delivered
6660,1589,4,Bluetooth Earbuds,Electronics,Xiaomi,16369.59,2,2026-02-13,Delivered
6661,544,98,Hair Serum,Beauty & Personal Care,Mamaearth,2449.8,2,2025-12-09,Delivered
6662,1009,83,Children's Story Book,Books,Penguin,959.7,1,2025-04-29,Returned
6663,1048,121,Badminton Racket,Sports & Fitness,Cosco,4483.31,1,2025-07-05,Delivered
6664,1379,85,Biography,Books,Scholastic,347.22,2,2025-10-05,Delivered
6665,493,81,Competitive Exam Guide,Books,Penguin,300.24,1,2025-12-27,Returned
6666,679,76,Self-Help Book,Books,Bloomsbury,612.43,1,2025-07-31,Delivered
6667,1258,18,Power Bank 10000mAh,Electronics,Sony,39445.54,1,2026-03-01,Shipped
6668,1889,87,Biography,Books,Bloomsbury,227.84,1,2026-01-14,Delivered
6669,1392,2,Smartphone,Electronics,Apple,51762.7,1,2025-07-17,Delivered
6670,1017,118,Dumbbell Set 10kg,Sports & Fitness,Decathlon,1895.11,1,2026-05-05,Delivered
6671,1831,54,Non-Stick Pan Set,Home & Kitchen,Philips,5650.29,1,2026-04-06,Delivered
6672,1471,14,Laptop,Electronics,Xiaomi,28853.19,1,2026-03-15,Delivered
6673,1539,100,Body Lotion,Beauty & Personal Care,The Man Company,1641.51,1,2025-03-12,Delivered
6674,1843,69,Wall Clock,Home & Kitchen,Philips,1034.35,2,2025-11-07,Delivered
6675,1006,54,Non-Stick Pan Set,Home & Kitchen,Philips,3585.99,1,2025-05-09,Delivered
6676,1230,44,Handbag,Fashion,Van Heusen,717.36,2,2025-12-30,Delivered
6677,1385,76,Self-Help Book,Books,Bloomsbury,831.28,2,2025-08-06,Delivered
6678,1285,105,Lipstick,Beauty & Personal Care,Nivea,902.26,1,2026-04-23,Cancelled
6679,1121,84,Children's Story Book,Books,Scholastic,395.06,2,2025-06-19,Delivered
6680,686,31,Running Shoes,Fashion,Biba,3148.22,1,2026-07-11,Delivered
6681,1710,120,Dumbbell Set 10kg,Sports & Fitness,Yonex,6872.4,4,2025-06-23,Returned
6682,1697,8,Smartwatch,Electronics,OnePlus,88834.87,1,2026-04-04,Delivered
6683,1374,71,Bedsheet Set,Home & Kitchen,Pigeon,1686.5,2,2025-06-04,Cancelled
6684,352,53,Non-Stick Pan Set,Home & Kitchen,Pigeon,5092.44,1,2026-03-27,Pending
6685,1608,94,Sunscreen SPF50,Beauty & Personal Care,Mamaearth,1413.52,1,2025-04-14,Delivered
6686,127,34,Denim Jeans,Fashion,H&M,4464.12,1,2025-12-05,Cancelled
6687,227,100,Body Lotion,Beauty & Personal Care,The Man Company,1472.88,1,2026-02-17,Delivered
6688,59,6,Bluetooth Earbuds,Electronics,Sony,76701.08,1,2025-06-13,Delivered
6689,255,58,Table Lamp,Home & Kitchen,Prestige,4764.01,1,2026-06-03,Delivered
6690,1891,67,Wall Clock,Home & Kitchen,Cello,4908.36,1,2025-10-23,Delivered
6691,1196,121,Badminton Racket,Sports & Fitness,Cosco,1596.36,1,2024-08-29,Delivered
6692,399,109,Perfume,Beauty & Personal Care,The Man Company,620.03,1,2025-09-12,Delivered
6693,1049,22,Neckband Earphones,Electronics,Samsung,22451.62,1,2026-03-16,Delivered
6694,1448,1,Smartphone,Electronics,Xiaomi,10878.44,1,2025-08-20,Delivered
6695,1357,23,Neckband Earphones,Electronics,JBL,11501.76,1,2025-12-02,Cancelled
6696,1250,41,Casual Sneakers,Fashion,Allen Solly,1278.78,1,2025-03-15,Delivered
6697,565,114,Yoga Mat,Sports & Fitness,Adidas,283.67,1,2024-05-31,Delivered
6698,202,125,Football,Sports & Fitness,Cosco,5447.78,1,2026-06-24,Delivered
6699,1045,11,LED TV 43-inch,Electronics,boAt,75876.81,2,2026-07-25,Delivered
6700,1941,13,Laptop,Electronics,Sony,74882.91,3,2025-11-14,Delivered
6701,111,76,Self-Help Book,Books,Bloomsbury,691.93,2,2025-02-25,Returned
6702,230,26,Men's T-Shirt,Fashion,Nike,2251.3,1,2025-10-10,Delivered
6703,229,9,Smartwatch,Electronics,boAt,72267.37,4,2026-02-07,Delivered
6704,698,5,Bluetooth Earbuds,Electronics,boAt,2124.48,2,2026-07-09,Delivered
6705,1047,35,Denim Jeans,Fashion,Van Heusen,1591.47,1,2025-02-15,Delivered
6706,255,58,Table Lamp,Home & Kitchen,Prestige,11110.08,2,2026-06-22,Delivered
6707,1009,54,Non-Stick Pan Set,Home & Kitchen,Philips,3531.42,1,2025-11-24,Returned
6708,122,122,Badminton Racket,Sports & Fitness,Yonex,4102.02,1,2026-02-27,Cancelled
6709,187,58,Table Lamp,Home & Kitchen,Prestige,3384.59,1,2025-07-30,Delivered
6710,837,42,Casual Sneakers,Fashion,Biba,519.32,1,2025-08-01,Delivered
6711,320,125,Football,Sports & Fitness,Cosco,4389.63,1,2025-10-16,Pending
6712,828,99,Hair Serum,Beauty & Personal Care,Plum,2388.71,1,2025-05-29,Delivered
6713,337,28,Women's Kurta,Fashion,Levis,4169.2,1,2026-06-13,Delivered
6714,1588,111,Perfume,Beauty & Personal Care,Plum,817.52,1,2025-11-12,Delivered
6715,1674,40,Casual Sneakers,Fashion,Levis,4191.21,1,2024-11-25,Delivered
6716,503,86,Biography,Books,HarperCollins,138.44,2,2026-03-28,Delivered
6717,555,97,Hair Serum,Beauty & Personal Care,Lakme,1422.16,1,2025-01-09,Pending
6718,1681,34,Denim Jeans,Fashion,H&M,4152.3,1,2026-05-17,Cancelled
6719,585,66,Induction Cooktop,Home & Kitchen,Cello,4787.64,1,2025-12-15,Delivered
6720,570,37,Formal Shirt,Fashion,Van Heusen,1952.46,1,2026-03-06,Delivered
6721,1842,74,Fiction Novel,Books,HarperCollins,539.55,2,2026-01-15,Delivered
6722,258,115,Cricket Bat,Sports & Fitness,Nivia,5888.11,1,2025-11-26,Delivered
6723,1202,68,Wall Clock,Home & Kitchen,Havells,10618.69,1,2023-09-29,Returned
6724,617,108,Trimmer,Beauty & Personal Care,Lakme,1779.35,1,2025-01-11,Delivered
6725,140,82,Children's Story Book,Books,Rupa Publications,243.05,1,2026-02-04,Returned
6726,1549,101,Body Lotion,Beauty & Personal Care,Lakme,849.28,1,2026-01-12,Delivered
6727,1148,7,Smartwatch,Electronics,Samsung,23099.2,4,2025-10-14,Delivered
6728,1143,20,Bluetooth Speaker,Electronics,Xiaomi,21992.52,1,2025-02-14,Delivered
6729,895,128,Resistance Band Set,Sports & Fitness,Decathlon,2512.58,1,2025-12-11,Delivered
6730,999,34,Denim Jeans,Fashion,H&M,3816.5,4,2025-12-18,Delivered
6731,742,39,Formal Shirt,Fashion,Allen Solly,1066.18,1,2025-01-04,Pending
6732,1988,1,Smartphone,Electronics,Xiaomi,64717.78,2,2026-01-15,Delivered
6733,564,48,Sunglasses,Fashion,Puma,1652.47,1,2026-01-12,Delivered
6734,1772,38,Formal Shirt,Fashion,Levis,503.76,1,2026-05-30,Delivered
6735,990,123,Badminton Racket,Sports & Fitness,Decathlon,534.22,1,2026-06-24,Returned
6736,484,126,Football,Sports & Fitness,Yonex,6577.44,1,2024-09-25,Shipped
6737,327,1,Smartphone,Electronics,Xiaomi,48162.23,3,2024-06-26,Delivered
6738,1312,92,Face Wash,Beauty & Personal Care,Plum,1752.61,1,2025-07-02,Cancelled
6739,368,58,Table Lamp,Home & Kitchen,Prestige,2277.74,1,2026-06-03,Delivered
6740,1639,95,Sunscreen SPF50,Beauty & Personal Care,The Man Company,2214.7,2,2026-07-01,Delivered
6741,710,24,Neckband Earphones,Electronics,Realme,47876.04,3,2026-01-16,Cancelled
6742,1233,31,Running Shoes,Fashion,Biba,2634.51,3,2026-02-02,Delivered
6743,585,1,Smartphone,Electronics,Xiaomi,37526.06,1,2025-12-17,Delivered
6744,1205,82,Children's Story Book,Books,Rupa Publications,404.46,2,2026-01-05,Delivered
6745,582,117,Cricket Bat,Sports & Fitness,Decathlon,5042.55,2,2025-09-13,Delivered
6746,1281,56,Air Fryer,Home & Kitchen,Prestige,2610.86,1,2024-03-03,Delivered
6747,1696,9,Smartwatch,Electronics,boAt,78037.88,1,2026-05-28,Delivered
6748,1517,118,Dumbbell Set 10kg,Sports & Fitness,Decathlon,1728.81,1,2026-05-30,Delivered
6749,601,128,Resistance Band Set,Sports & Fitness,Decathlon,5400.33,1,2026-02-01,Delivered
6750,1030,8,Smartwatch,Electronics,OnePlus,83112.0,1,2025-11-14,Delivered
6751,1866,94,Sunscreen SPF50,Beauty & Personal Care,Mamaearth,1314.03,2,2026-04-08,Shipped
6752,885,20,Bluetooth Speaker,Electronics,Xiaomi,5245.63,1,2026-04-30,Delivered
6753,1031,46,Sunglasses,Fashion,H&M,2511.57,1,2026-02-25,Delivered
6754,1335,46,Sunglasses,Fashion,H&M,4997.0,1,2025-10-22,Delivered
6755,1288,92,Face Wash,Beauty & Personal Care,Plum,485.86,3,2026-02-14,Delivered
6756,185,119,Dumbbell Set 10kg,Sports & Fitness,Adidas,3551.43,1,2026-04-29,Delivered
6757,831,15,Laptop,Electronics,boAt,83864.07,2,2026-08-17,Delivered
6758,763,6,Bluetooth Earbuds,Electronics,Sony,67826.38,1,2025-01-28,Delivered
6759,240,33,Running Shoes,Fashion,Roadster,1343.68,1,2025-11-18,Delivered
6760,966,7,Smartwatch,Electronics,Samsung,88475.05,1,2025-04-20,Delivered
6761,842,121,Badminton Racket,Sports & Fitness,Cosco,6053.4,1,2026-08-17,Delivered
6762,973,61,Water Bottle Set,Home & Kitchen,Philips,7244.81,2,2026-07-14,Delivered
6763,1309,24,Neckband Earphones,Electronics,Realme,67260.73,1,2026-02-15,Cancelled
6764,750,100,Body Lotion,Beauty & Personal Care,The Man Company,682.15,1,2026-02-25,Delivered
6765,357,20,Bluetooth Speaker,Electronics,Xiaomi,48606.14,1,2025-10-02,Delivered
6766,1748,85,Biography,Books,Scholastic,841.84,1,2026-03-21,Delivered
6767,1068,53,Non-Stick Pan Set,Home & Kitchen,Pigeon,12425.64,2,2026-04-30,Delivered
6768,780,113,Yoga Mat,Sports & Fitness,Decathlon,366.48,1,2024-09-15,Cancelled
6769,1380,45,Handbag,Fashion,Allen Solly,3478.5,1,2025-04-21,Pending
6770,1180,101,Body Lotion,Beauty & Personal Care,Lakme,940.17,2,2024-10-31,Delivered
6771,571,20,Bluetooth Speaker,Electronics,Xiaomi,39377.72,1,2025-11-10,Delivered
6772,1842,14,Laptop,Electronics,Xiaomi,19201.19,1,2025-10-04,Delivered
6773,1532,73,Fiction Novel,Books,Scholastic,241.7,3,2026-04-23,Delivered
6774,524,116,Cricket Bat,Sports & Fitness,Adidas,6094.08,2,2025-06-14,Delivered
6775,839,124,Football,Sports & Fitness,Nivia,2849.92,1,2026-04-12,Delivered
6776,1205,92,Face Wash,Beauty & Personal Care,Plum,2487.34,1,2025-05-09,Delivered
6777,293,44,Handbag,Fashion,Van Heusen,3551.79,1,2025-02-15,Cancelled
6778,534,38,Formal Shirt,Fashion,Levis,2020.24,1,2026-06-04,Delivered
6779,769,124,Football,Sports & Fitness,Nivia,764.12,2,2025-01-24,Shipped
6780,1899,49,Mixer Grinder,Home & Kitchen,Havells,3947.15,2,2025-05-15,Delivered
6781,995,57,Air Fryer,Home & Kitchen,Pigeon,1129.96,1,2026-04-13,Delivered
6782,779,61,Water Bottle Set,Home & Kitchen,Philips,11570.81,1,2026-03-03,Delivered
6783,1899,82,Children's Story Book,Books,Rupa Publications,350.96,1,2024-06-18,Delivered
6784,712,67,Wall Clock,Home & Kitchen,Cello,2973.37,1,2024-01-16,Delivered
6785,1616,107,Trimmer,Beauty & Personal Care,Plum,2117.69,1,2024-11-28,Cancelled
6786,494,95,Sunscreen SPF50,Beauty & Personal Care,The Man Company,2246.17,4,2025-03-26,Delivered
6787,1945,67,Wall Clock,Home & Kitchen,Cello,4337.75,1,2024-12-07,Delivered
6788,1568,124,Football,Sports & Fitness,Nivia,1966.6,1,2025-10-16,Delivered
6789,332,15,Laptop,Electronics,boAt,66023.62,2,2026-07-25,Delivered
6790,1086,84,Children's Story Book,Books,Scholastic,462.23,1,2025-05-22,Pending
6791,1815,84,Children's Story Book,Books,Scholastic,154.56,1,2025-11-22,Shipped
6792,1071,111,Perfume,Beauty & Personal Care,Plum,2281.39,1,2026-03-12,Delivered
6793,651,28,Women's Kurta,Fashion,Levis,1866.69,1,2024-12-16,Returned
6794,1974,67,Wall Clock,Home & Kitchen,Cello,5006.44,1,2025-06-16,Shipped
6795,1234,41,Casual Sneakers,Fashion,Allen Solly,4075.26,1,2026-04-06,Delivered
6796,1463,40,Casual Sneakers,Fashion,Levis,2480.56,1,2025-11-03,Delivered
6797,217,38,Formal Shirt,Fashion,Levis,3721.48,1,2024-09-27,Cancelled
6798,1779,99,Hair Serum,Beauty & Personal Care,Plum,596.75,1,2025-10-15,Delivered
6799,1736,116,Cricket Bat,Sports & Fitness,Adidas,577.0,1,2025-07-21,Delivered
6800,1153,97,Hair Serum,Beauty & Personal Care,Lakme,328.32,1,2025-12-20,Delivered
6801,591,71,Bedsheet Set,Home & Kitchen,Pigeon,10326.48,1,2025-11-02,Shipped
6802,323,74,Fiction Novel,Books,HarperCollins,162.88,1,2025-12-15,Delivered
6803,672,4,Bluetooth Earbuds,Electronics,Xiaomi,35373.37,2,2025-08-22,Delivered
6804,1453,69,Wall Clock,Home & Kitchen,Philips,756.48,4,2025-12-27,Delivered
6805,1705,9,Smartwatch,Electronics,boAt,67736.54,3,2024-10-29,Delivered
6806,1268,68,Wall Clock,Home & Kitchen,Havells,5503.38,1,2025-11-05,Delivered
6807,953,60,Table Lamp,Home & Kitchen,Pigeon,6315.44,4,2025-07-14,Delivered
6808,853,37,Formal Shirt,Fashion,Van Heusen,2401.93,1,2026-02-06,Delivered
6809,848,12,LED TV 43-inch,Electronics,JBL,2246.19,1,2026-07-04,Delivered
6810,1335,121,Badminton Racket,Sports & Fitness,Cosco,2184.98,1,2026-02-14,Delivered
6811,113,34,Denim Jeans,Fashion,H&M,2039.85,1,2025-11-08,Cancelled
6812,781,19,Bluetooth Speaker,Electronics,boAt,49339.73,1,2026-01-04,Delivered
6813,1865,63,Water Bottle Set,Home & Kitchen,Cello,10586.35,1,2025-03-27,Delivered
6814,1699,2,Smartphone,Electronics,Apple,82793.2,2,2024-01-09,Delivered
6815,240,102,Body Lotion,Beauty & Personal Care,Mamaearth,1464.07,1,2024-10-05,Pending
6816,1258,25,Men's T-Shirt,Fashion,Allen Solly,4269.88,1,2024-03-10,Shipped
6817,1705,18,Power Bank 10000mAh,Electronics,Sony,66266.31,1,2024-07-27,Cancelled
6818,1488,2,Smartphone,Electronics,Apple,70633.58,3,2025-09-29,Delivered
6819,1062,17,Power Bank 10000mAh,Electronics,Samsung,4337.22,4,2026-04-05,Delivered
6820,625,109,Perfume,Beauty & Personal Care,The Man Company,688.02,1,2025-11-03,Delivered
6821,311,98,Hair Serum,Beauty & Personal Care,Mamaearth,753.63,1,2025-05-16,Shipped
6822,1209,99,Hair Serum,Beauty & Personal Care,Plum,434.63,1,2026-05-02,Delivered
6823,1840,6,Bluetooth Earbuds,Electronics,Sony,78191.67,1,2026-03-19,Delivered
6824,1749,100,Body Lotion,Beauty & Personal Care,The Man Company,891.94,1,2026-02-06,Delivered
6825,565,41,Casual Sneakers,Fashion,Allen Solly,4533.93,1,2026-04-21,Delivered
6826,1976,84,Children's Story Book,Books,Scholastic,849.45,1,2026-04-14,Delivered
6827,679,89,Business Book,Books,Bloomsbury,654.92,4,2025-12-06,Delivered
6828,1803,65,Induction Cooktop,Home & Kitchen,Prestige,8547.32,1,2025-07-20,Delivered
6829,1977,30,Women's Kurta,Fashion,Biba,3398.48,1,2026-04-26,Delivered
6830,907,32,Running Shoes,Fashion,H&M,4265.16,4,2025-07-29,Delivered
6831,317,24,Neckband Earphones,Electronics,Realme,62365.31,1,2023-12-25,Delivered
6832,30,107,Trimmer,Beauty & Personal Care,Plum,1205.59,2,2025-11-04,Cancelled
6833,947,43,Handbag,Fashion,Biba,1135.07,2,2025-02-01,Delivered
6834,1022,16,Power Bank 10000mAh,Electronics,OnePlus,4714.62,2,2026-04-13,Delivered
6835,886,99,Hair Serum,Beauty & Personal Care,Plum,1129.93,2,2024-12-14,Delivered
6836,895,97,Hair Serum,Beauty & Personal Care,Lakme,223.37,1,2024-10-12,Cancelled
6837,1247,80,Competitive Exam Guide,Books,HarperCollins,858.91,1,2026-03-05,Returned
6838,1306,127,Resistance Band Set,Sports & Fitness,Nivia,1035.46,1,2026-07-17,Cancelled
6839,1220,83,Children's Story Book,Books,Penguin,673.16,2,2025-09-08,Delivered
6840,1863,120,Dumbbell Set 10kg,Sports & Fitness,Yonex,3339.36,3,2025-05-22,Delivered
6841,1670,116,Cricket Bat,Sports & Fitness,Adidas,955.57,1,2026-04-04,Delivered
6842,1029,55,Air Fryer,Home & Kitchen,Bajaj,8353.06,1,2026-01-05,Returned
6843,951,38,Formal Shirt,Fashion,Levis,4704.23,2,2026-01-19,Cancelled
6844,1572,83,Children's Story Book,Books,Penguin,330.35,2,2025-04-28,Delivered
6845,263,79,Competitive Exam Guide,Books,Scholastic,790.63,2,2025-07-31,Delivered
6846,878,71,Bedsheet Set,Home & Kitchen,Pigeon,8506.41,1,2026-02-15,Delivered
6847,1475,26,Men's T-Shirt,Fashion,Nike,4293.01,1,2024-02-01,Delivered
6848,1550,76,Self-Help Book,Books,Bloomsbury,422.19,3,2026-03-06,Delivered
6849,1133,35,Denim Jeans,Fashion,Van Heusen,4906.03,1,2025-05-03,Shipped
6850,1482,100,Body Lotion,Beauty & Personal Care,The Man Company,1129.5,2,2025-08-16,Pending
6851,1586,107,Trimmer,Beauty & Personal Care,Plum,2066.52,2,2026-01-14,Delivered
6852,622,39,Formal Shirt,Fashion,Allen Solly,3422.33,4,2025-10-10,Pending
6853,1723,1,Smartphone,Electronics,Xiaomi,10882.33,1,2026-02-10,Delivered
6854,1309,20,Bluetooth Speaker,Electronics,Xiaomi,81096.52,1,2025-05-14,Delivered
6855,17,23,Neckband Earphones,Electronics,JBL,11074.83,1,2026-02-02,Delivered
6856,1083,98,Hair Serum,Beauty & Personal Care,Mamaearth,2117.66,1,2024-07-14,Delivered
6857,1249,19,Bluetooth Speaker,Electronics,boAt,10892.4,1,2025-03-20,Returned
6858,1884,10,LED TV 43-inch,Electronics,Apple,52254.52,1,2025-05-21,Delivered
6859,1230,94,Sunscreen SPF50,Beauty & Personal Care,Mamaearth,202.3,3,2025-11-01,Cancelled
6860,1241,36,Denim Jeans,Fashion,Puma,866.6,2,2026-01-09,Delivered
6861,1343,24,Neckband Earphones,Electronics,Realme,6340.15,1,2026-05-03,Returned
6862,604,10,LED TV 43-inch,Electronics,Apple,13210.39,1,2024-12-03,Delivered
6863,29,102,Body Lotion,Beauty & Personal Care,Mamaearth,1478.77,1,2026-06-27,Delivered
6864,1288,3,Smartphone,Electronics,boAt,75210.8,1,2024-10-28,Delivered
6865,405,101,Body Lotion,Beauty & Personal Care,Lakme,2052.15,1,2026-04-30,Delivered
6866,1314,64,Induction Cooktop,Home & Kitchen,Milton,1258.3,1,2025-02-11,Delivered
6867,1761,122,Badminton Racket,Sports & Fitness,Yonex,6948.01,1,2026-06-08,Delivered
6868,1976,75,Fiction Novel,Books,Bloomsbury,219.63,1,2026-04-08,Cancelled
6869,1373,66,Induction Cooktop,Home & Kitchen,Cello,9563.34,3,2026-07-17,Delivered
6870,408,17,Power Bank 10000mAh,Electronics,Samsung,37641.26,1,2026-02-03,Delivered
6871,1415,81,Competitive Exam Guide,Books,Penguin,916.45,2,2025-08-28,Delivered
6872,583,67,Wall Clock,Home & Kitchen,Cello,3387.1,2,2025-11-12,Delivered
6873,1797,124,Football,Sports & Fitness,Nivia,5646.67,1,2025-03-24,Delivered
6874,1673,46,Sunglasses,Fashion,H&M,1178.54,2,2025-10-12,Delivered
6875,1418,72,Bedsheet Set,Home & Kitchen,Prestige,2179.07,1,2026-06-02,Delivered
6876,1303,103,Lipstick,Beauty & Personal Care,The Man Company,427.36,2,2025-10-02,Cancelled
6877,913,72,Bedsheet Set,Home & Kitchen,Prestige,4989.0,1,2025-09-25,Cancelled
6878,65,98,Hair Serum,Beauty & Personal Care,Mamaearth,1052.19,1,2026-06-06,Delivered
6879,1218,56,Air Fryer,Home & Kitchen,Prestige,3269.66,1,2026-06-29,Delivered
6880,1904,3,Smartphone,Electronics,boAt,3700.59,1,2025-12-27,Returned
6881,1341,51,Mixer Grinder,Home & Kitchen,Philips,7833.29,2,2025-08-06,Delivered
6882,1310,53,Non-Stick Pan Set,Home & Kitchen,Pigeon,6042.99,2,2025-04-22,Delivered
6883,447,92,Face Wash,Beauty & Personal Care,Plum,520.58,1,2025-08-25,Delivered
6884,1003,32,Running Shoes,Fashion,H&M,1337.15,1,2026-02-09,Cancelled
6885,129,32,Running Shoes,Fashion,H&M,2604.51,1,2025-06-20,Delivered
6886,402,76,Self-Help Book,Books,Bloomsbury,848.08,1,2025-05-26,Delivered
6887,178,80,Competitive Exam Guide,Books,HarperCollins,379.32,1,2025-07-27,Returned
6888,975,18,Power Bank 10000mAh,Electronics,Sony,21402.44,3,2024-05-10,Returned
6889,442,22,Neckband Earphones,Electronics,Samsung,82237.61,3,2025-04-04,Cancelled
6890,571,45,Handbag,Fashion,Allen Solly,1853.74,1,2025-11-27,Returned
6891,437,72,Bedsheet Set,Home & Kitchen,Prestige,2787.62,2,2025-10-14,Returned
6892,882,1,Smartphone,Electronics,Xiaomi,58254.3,1,2025-12-03,Shipped
6893,862,122,Badminton Racket,Sports & Fitness,Yonex,3995.82,1,2025-11-15,Delivered
6894,986,81,Competitive Exam Guide,Books,Penguin,299.01,1,2025-03-19,Cancelled
6895,97,91,Face Wash,Beauty & Personal Care,The Man Company,233.9,1,2026-04-21,Delivered
6896,213,33,Running Shoes,Fashion,Roadster,4984.04,1,2026-08-17,Shipped
6897,1512,85,Biography,Books,Scholastic,607.84,1,2025-05-13,Delivered
6898,585,61,Water Bottle Set,Home & Kitchen,Philips,2868.63,2,2026-02-17,Delivered
6899,656,82,Children's Story Book,Books,Rupa Publications,379.96,1,2025-05-02,Delivered
6900,1727,11,LED TV 43-inch,Electronics,boAt,35870.68,1,2024-08-28,Cancelled
6901,1466,64,Induction Cooktop,Home & Kitchen,Milton,2413.71,1,2026-06-25,Delivered
6902,1127,38,Formal Shirt,Fashion,Levis,3094.06,1,2025-10-28,Cancelled
6903,818,16,Power Bank 10000mAh,Electronics,OnePlus,75416.55,2,2024-06-20,Delivered
6904,1271,113,Yoga Mat,Sports & Fitness,Decathlon,733.03,1,2025-08-11,Delivered
6905,1396,70,Bedsheet Set,Home & Kitchen,Bajaj,4174.99,2,2025-03-11,Delivered
6906,951,87,Biography,Books,Bloomsbury,832.39,2,2025-11-05,Shipped
6907,1512,75,Fiction Novel,Books,Bloomsbury,208.0,3,2025-07-23,Returned
6908,1684,89,Business Book,Books,Bloomsbury,880.04,1,2026-03-28,Delivered
6909,501,45,Handbag,Fashion,Allen Solly,4461.56,1,2024-11-11,Cancelled
6910,1821,51,Mixer Grinder,Home & Kitchen,Philips,755.91,1,2025-06-12,Delivered
6911,1409,98,Hair Serum,Beauty & Personal Care,Mamaearth,1098.08,1,2025-08-04,Pending
6912,383,87,Biography,Books,Bloomsbury,119.91,2,2026-02-21,Delivered
6913,874,92,Face Wash,Beauty & Personal Care,Plum,194.31,3,2025-05-24,Delivered
6914,874,108,Trimmer,Beauty & Personal Care,Lakme,1354.31,1,2025-05-13,Delivered
6915,1736,35,Denim Jeans,Fashion,Van Heusen,2110.81,4,2025-12-30,Delivered
6916,1773,67,Wall Clock,Home & Kitchen,Cello,1066.42,1,2024-09-15,Delivered
6917,1542,51,Mixer Grinder,Home & Kitchen,Philips,7501.26,1,2026-02-26,Delivered
6918,431,100,Body Lotion,Beauty & Personal Care,The Man Company,266.7,1,2025-03-09,Delivered
6919,1352,125,Football,Sports & Fitness,Cosco,917.59,1,2026-07-18,Delivered
6920,1130,38,Formal Shirt,Fashion,Levis,2539.75,1,2025-04-28,Delivered
6921,1180,28,Women's Kurta,Fashion,Levis,4780.87,1,2026-02-09,Returned
6922,264,86,Biography,Books,HarperCollins,101.45,2,2024-06-25,Shipped
6923,954,117,Cricket Bat,Sports & Fitness,Decathlon,3061.69,1,2025-12-31,Delivered
6924,1977,113,Yoga Mat,Sports & Fitness,Decathlon,4847.99,1,2026-05-11,Delivered
6925,843,23,Neckband Earphones,Electronics,JBL,30573.19,1,2024-08-16,Delivered
6926,345,104,Lipstick,Beauty & Personal Care,Dove,2198.91,1,2025-08-07,Delivered
6927,999,52,Non-Stick Pan Set,Home & Kitchen,Bajaj,1239.63,1,2026-05-12,Delivered
6928,1647,75,Fiction Novel,Books,Bloomsbury,611.42,1,2025-07-02,Delivered
6929,1461,126,Football,Sports & Fitness,Yonex,4798.3,1,2026-06-06,Delivered
6930,1642,64,Induction Cooktop,Home & Kitchen,Milton,12392.76,1,2026-03-31,Delivered
6931,191,33,Running Shoes,Fashion,Roadster,1805.29,2,2026-03-11,Delivered
6932,1586,55,Air Fryer,Home & Kitchen,Bajaj,7849.77,1,2025-07-07,Delivered
6933,1572,50,Mixer Grinder,Home & Kitchen,Pigeon,5519.95,1,2025-03-19,Returned
6934,1936,32,Running Shoes,Fashion,H&M,1400.09,1,2024-11-05,Delivered
6935,581,122,Badminton Racket,Sports & Fitness,Yonex,2314.92,1,2025-09-28,Cancelled
6936,1969,84,Children's Story Book,Books,Scholastic,500.27,1,2025-08-04,Delivered
6937,1434,65,Induction Cooktop,Home & Kitchen,Prestige,7119.28,1,2025-03-06,Cancelled
6938,1752,56,Air Fryer,Home & Kitchen,Prestige,8087.58,1,2026-07-15,Delivered
6939,1553,84,Children's Story Book,Books,Scholastic,558.09,3,2025-07-21,Shipped
6940,573,90,Business Book,Books,Rupa Publications,151.28,2,2026-02-17,Delivered
6941,426,98,Hair Serum,Beauty & Personal Care,Mamaearth,1026.53,1,2025-03-01,Delivered
6942,662,110,Perfume,Beauty & Personal Care,Lakme,1769.87,1,2026-04-23,Delivered
6943,546,126,Football,Sports & Fitness,Yonex,730.85,1,2025-12-21,Delivered
6944,1525,64,Induction Cooktop,Home & Kitchen,Milton,3610.18,2,2024-12-22,Delivered
6945,755,35,Denim Jeans,Fashion,Van Heusen,3170.12,2,2026-01-23,Pending
6946,1934,98,Hair Serum,Beauty & Personal Care,Mamaearth,1010.71,2,2025-06-21,Shipped
6947,1584,108,Trimmer,Beauty & Personal Care,Lakme,2071.28,1,2024-03-12,Returned
6948,1827,55,Air Fryer,Home & Kitchen,Bajaj,12730.74,1,2025-10-12,Delivered
6949,931,25,Men's T-Shirt,Fashion,Allen Solly,456.32,2,2026-05-20,Pending
6950,1145,121,Badminton Racket,Sports & Fitness,Cosco,6332.67,2,2025-01-05,Delivered
6951,1065,15,Laptop,Electronics,boAt,81266.95,1,2024-12-31,Shipped
6952,564,63,Water Bottle Set,Home & Kitchen,Cello,4524.48,2,2025-11-16,Delivered
6953,1508,125,Football,Sports & Fitness,Cosco,1546.06,2,2025-11-29,Delivered
6954,1966,55,Air Fryer,Home & Kitchen,Bajaj,1265.62,1,2026-04-15,Delivered
6955,577,93,Face Wash,Beauty & Personal Care,Dove,375.64,3,2026-04-05,Shipped
6956,973,128,Resistance Band Set,Sports & Fitness,Decathlon,5068.79,1,2025-08-06,Delivered
6957,1125,78,Self-Help Book,Books,HarperCollins,413.69,1,2025-08-09,Delivered
6958,1007,92,Face Wash,Beauty & Personal Care,Plum,1242.32,1,2025-10-20,Delivered
6959,599,23,Neckband Earphones,Electronics,JBL,41661.89,4,2026-03-19,Cancelled
6960,854,14,Laptop,Electronics,Xiaomi,83846.11,1,2025-09-24,Returned
6961,363,91,Face Wash,Beauty & Personal Care,The Man Company,375.62,1,2026-02-05,Delivered
6962,1753,53,Non-Stick Pan Set,Home & Kitchen,Pigeon,12339.25,2,2025-12-23,Delivered
6963,1971,109,Perfume,Beauty & Personal Care,The Man Company,1422.7,1,2025-05-15,Delivered
6964,1076,6,Bluetooth Earbuds,Electronics,Sony,21223.71,3,2025-12-07,Shipped
6965,678,13,Laptop,Electronics,Sony,79137.18,3,2025-07-28,Delivered
6966,198,44,Handbag,Fashion,Van Heusen,483.88,1,2025-01-25,Delivered
6967,1729,58,Table Lamp,Home & Kitchen,Prestige,3003.02,1,2026-03-24,Delivered
6968,1230,14,Laptop,Electronics,Xiaomi,22983.78,4,2025-10-25,Delivered
6969,856,19,Bluetooth Speaker,Electronics,boAt,89448.22,1,2026-03-12,Cancelled
6970,1929,43,Handbag,Fashion,Biba,3848.29,1,2025-10-28,Delivered
6971,1583,109,Perfume,Beauty & Personal Care,The Man Company,1424.45,1,2025-03-08,Delivered
6972,1539,106,Trimmer,Beauty & Personal Care,Mamaearth,1302.65,1,2025-09-16,Shipped
6973,1926,86,Biography,Books,HarperCollins,369.02,1,2026-03-09,Delivered
6974,575,31,Running Shoes,Fashion,Biba,1917.91,1,2025-12-22,Delivered
6975,1049,78,Self-Help Book,Books,HarperCollins,601.63,2,2026-03-29,Delivered
6976,1201,93,Face Wash,Beauty & Personal Care,Dove,724.81,3,2025-12-17,Delivered
6977,1869,85,Biography,Books,Scholastic,618.28,1,2024-03-31,Delivered
6978,1595,72,Bedsheet Set,Home & Kitchen,Prestige,1575.02,1,2025-10-19,Delivered
6979,829,47,Sunglasses,Fashion,Biba,4455.93,2,2025-12-19,Delivered
6980,446,39,Formal Shirt,Fashion,Allen Solly,1762.21,1,2025-07-20,Delivered
6981,254,124,Football,Sports & Fitness,Nivia,6122.62,1,2026-04-07,Cancelled
6982,1556,121,Badminton Racket,Sports & Fitness,Cosco,4316.69,3,2025-07-17,Cancelled
6983,1490,37,Formal Shirt,Fashion,Van Heusen,4819.55,1,2026-05-11,Delivered
6984,72,127,Resistance Band Set,Sports & Fitness,Nivia,1122.34,3,2026-02-14,Delivered
6985,274,23,Neckband Earphones,Electronics,JBL,81339.36,2,2025-04-26,Pending
6986,1500,108,Trimmer,Beauty & Personal Care,Lakme,703.47,1,2026-04-29,Delivered
6987,124,71,Bedsheet Set,Home & Kitchen,Pigeon,7730.47,2,2025-11-16,Delivered
6988,860,82,Children's Story Book,Books,Rupa Publications,181.86,1,2026-03-29,Delivered
6989,189,124,Football,Sports & Fitness,Nivia,549.3,1,2025-01-29,Shipped
6990,1089,111,Perfume,Beauty & Personal Care,Plum,1979.34,1,2026-04-05,Cancelled
6991,1891,114,Yoga Mat,Sports & Fitness,Adidas,3677.33,1,2026-03-04,Delivered
6992,198,119,Dumbbell Set 10kg,Sports & Fitness,Adidas,1035.25,1,2025-11-24,Delivered
6993,1982,23,Neckband Earphones,Electronics,JBL,44743.76,2,2024-11-05,Delivered
6994,1364,126,Football,Sports & Fitness,Yonex,4530.15,1,2026-03-12,Delivered
6995,899,109,Perfume,Beauty & Personal Care,The Man Company,1969.94,2,2025-09-22,Delivered
6996,375,75,Fiction Novel,Books,Bloomsbury,953.1,1,2025-06-19,Shipped
6997,450,128,Resistance Band Set,Sports & Fitness,Decathlon,3603.84,2,2025-10-11,Delivered
6998,1604,109,Perfume,Beauty & Personal Care,The Man Company,2259.5,1,2026-05-31,Delivered
6999,1511,107,Trimmer,Beauty & Personal Care,Plum,1424.58,2,2025-10-05,Cancelled
7000,1231,125,Football,Sports & Fitness,Cosco,4938.29,1,2025-11-09,Delivered
7001,366,37,Formal Shirt,Fashion,Van Heusen,1083.27,1,2024-07-10,Shipped
7002,1027,53,Non-Stick Pan Set,Home & Kitchen,Pigeon,6247.08,1,2026-08-17,Pending
7003,1624,74,Fiction Novel,Books,HarperCollins,393.91,2,2026-02-08,Returned
7004,1817,37,Formal Shirt,Fashion,Van Heusen,1524.11,3,2025-05-14,Delivered
7005,37,29,Women's Kurta,Fashion,Allen Solly,1344.75,1,2026-04-12,Delivered
7006,944,20,Bluetooth Speaker,Electronics,Xiaomi,13119.63,1,2026-08-17,Delivered
7007,489,96,Sunscreen SPF50,Beauty & Personal Care,Plum,1866.66,1,2025-12-04,Delivered
7008,1856,114,Yoga Mat,Sports & Fitness,Adidas,1779.42,1,2025-03-06,Delivered
7009,1351,109,Perfume,Beauty & Personal Care,The Man Company,565.69,2,2026-05-21,Delivered
7010,898,39,Formal Shirt,Fashion,Allen Solly,4084.68,4,2025-09-26,Delivered
7011,1970,37,Formal Shirt,Fashion,Van Heusen,1497.82,1,2024-09-20,Cancelled
7012,1082,110,Perfume,Beauty & Personal Care,Lakme,790.16,1,2025-11-25,Delivered
7013,491,100,Body Lotion,Beauty & Personal Care,The Man Company,1588.63,1,2026-05-03,Delivered
7014,1550,58,Table Lamp,Home & Kitchen,Prestige,9886.13,1,2026-01-26,Delivered
7015,1036,115,Cricket Bat,Sports & Fitness,Nivia,5767.77,1,2025-08-30,Delivered
7016,1474,39,Formal Shirt,Fashion,Allen Solly,1922.84,1,2026-02-03,Delivered
7017,1142,112,Yoga Mat,Sports & Fitness,Nivia,6773.0,1,2026-03-17,Pending
7018,714,37,Formal Shirt,Fashion,Van Heusen,1471.53,1,2024-10-19,Cancelled
7019,1301,61,Water Bottle Set,Home & Kitchen,Philips,6368.01,4,2025-10-09,Delivered
7020,1294,30,Women's Kurta,Fashion,Biba,3023.89,1,2025-04-14,Delivered
7021,1058,104,Lipstick,Beauty & Personal Care,Dove,220.63,1,2025-01-08,Delivered
7022,593,90,Business Book,Books,Rupa Publications,150.76,1,2026-07-31,Delivered
7023,1474,112,Yoga Mat,Sports & Fitness,Nivia,1457.68,1,2024-12-16,Delivered
7024,828,114,Yoga Mat,Sports & Fitness,Adidas,5683.46,1,2025-06-17,Delivered
7025,908,59,Table Lamp,Home & Kitchen,Havells,9189.64,1,2025-11-21,Delivered
7026,139,12,LED TV 43-inch,Electronics,JBL,32811.35,1,2026-06-23,Delivered
7027,882,59,Table Lamp,Home & Kitchen,Havells,3018.4,1,2025-12-24,Delivered
7028,575,41,Casual Sneakers,Fashion,Allen Solly,4879.46,1,2024-05-23,Delivered
7029,1453,39,Formal Shirt,Fashion,Allen Solly,1613.38,1,2024-12-19,Delivered
7030,385,28,Women's Kurta,Fashion,Levis,2781.31,1,2025-05-08,Delivered
7031,1258,105,Lipstick,Beauty & Personal Care,Nivea,1921.59,1,2025-08-26,Delivered
7032,617,94,Sunscreen SPF50,Beauty & Personal Care,Mamaearth,2432.6,1,2024-10-31,Delivered
7033,1738,90,Business Book,Books,Rupa Publications,527.22,1,2024-11-15,Delivered
7034,1433,9,Smartwatch,Electronics,boAt,1802.08,1,2025-08-17,Shipped
7035,1448,59,Table Lamp,Home & Kitchen,Havells,6727.56,2,2025-02-19,Delivered
7036,1587,3,Smartphone,Electronics,boAt,3208.86,1,2026-03-18,Delivered
7037,1047,42,Casual Sneakers,Fashion,Biba,3984.4,4,2025-06-08,Delivered
7038,1796,5,Bluetooth Earbuds,Electronics,boAt,83735.05,1,2026-07-03,Delivered
7039,59,120,Dumbbell Set 10kg,Sports & Fitness,Yonex,5282.95,1,2025-03-02,Delivered
7040,768,74,Fiction Novel,Books,HarperCollins,955.18,1,2025-01-26,Pending
7041,1723,101,Body Lotion,Beauty & Personal Care,Lakme,384.78,1,2026-02-11,Delivered
7042,1881,114,Yoga Mat,Sports & Fitness,Adidas,3303.37,1,2025-11-18,Delivered
7043,880,97,Hair Serum,Beauty & Personal Care,Lakme,1865.59,1,2025-02-27,Pending
7044,1914,9,Smartwatch,Electronics,boAt,1733.62,1,2026-02-08,Delivered
7045,1588,122,Badminton Racket,Sports & Fitness,Yonex,5927.12,2,2025-06-04,Pending
7046,1253,112,Yoga Mat,Sports & Fitness,Nivia,4916.8,1,2025-07-10,Delivered
7047,80,28,Women's Kurta,Fashion,Levis,1484.08,1,2026-04-02,Delivered
7048,1330,3,Smartphone,Electronics,boAt,11236.83,1,2025-10-03,Returned
7049,145,10,LED TV 43-inch,Electronics,Apple,45216.95,2,2024-09-17,Delivered
7050,825,21,Bluetooth Speaker,Electronics,Apple,85621.68,1,2025-10-15,Returned
7051,710,57,Air Fryer,Home & Kitchen,Pigeon,11298.47,3,2026-04-25,Delivered
7052,295,66,Induction Cooktop,Home & Kitchen,Cello,4313.94,3,2026-03-14,Delivered
7053,435,78,Self-Help Book,Books,HarperCollins,767.76,1,2024-11-09,Delivered
7054,573,49,Mixer Grinder,Home & Kitchen,Havells,8178.24,2,2026-01-17,Delivered
7055,1344,103,Lipstick,Beauty & Personal Care,The Man Company,1474.42,1,2026-02-03,Shipped
7056,489,82,Children's Story Book,Books,Rupa Publications,489.56,1,2025-09-05,Shipped
7057,987,112,Yoga Mat,Sports & Fitness,Nivia,4263.61,2,2024-10-14,Delivered
7058,884,54,Non-Stick Pan Set,Home & Kitchen,Philips,5491.83,1,2026-02-18,Cancelled
7059,1655,125,Football,Sports & Fitness,Cosco,2179.63,2,2025-08-13,Delivered
7060,232,49,Mixer Grinder,Home & Kitchen,Havells,12763.15,1,2024-07-01,Delivered
7061,1232,38,Formal Shirt,Fashion,Levis,624.47,1,2024-12-12,Delivered
7062,1822,102,Body Lotion,Beauty & Personal Care,Mamaearth,466.15,1,2026-08-04,Shipped
7063,16,48,Sunglasses,Fashion,Puma,2895.73,1,2026-01-25,Delivered
7064,1030,99,Hair Serum,Beauty & Personal Care,Plum,2180.26,1,2025-11-06,Delivered
7065,219,39,Formal Shirt,Fashion,Allen Solly,3366.28,1,2025-09-18,Delivered
7066,1119,108,Trimmer,Beauty & Personal Care,Lakme,914.98,1,2026-07-27,Delivered
7067,1123,70,Bedsheet Set,Home & Kitchen,Bajaj,12505.97,1,2026-06-08,Delivered
7068,1933,110,Perfume,Beauty & Personal Care,Lakme,979.04,1,2026-05-05,Delivered
7069,1579,14,Laptop,Electronics,Xiaomi,62109.11,1,2025-03-24,Delivered
7070,627,87,Biography,Books,Bloomsbury,458.2,1,2026-03-07,Delivered
7071,1610,13,Laptop,Electronics,Sony,75163.6,1,2026-04-23,Delivered
7072,1329,70,Bedsheet Set,Home & Kitchen,Bajaj,8232.37,2,2026-08-05,Delivered
7073,1760,57,Air Fryer,Home & Kitchen,Pigeon,11940.39,1,2026-03-05,Delivered
7074,768,111,Perfume,Beauty & Personal Care,Plum,2114.38,2,2026-03-11,Cancelled
7075,60,6,Bluetooth Earbuds,Electronics,Sony,75229.88,2,2026-06-25,Delivered
7076,1426,125,Football,Sports & Fitness,Cosco,3856.22,1,2026-01-26,Cancelled
7077,976,64,Induction Cooktop,Home & Kitchen,Milton,7690.38,3,2025-09-19,Delivered
7078,546,11,LED TV 43-inch,Electronics,boAt,63679.8,1,2025-11-27,Delivered
7079,1422,100,Body Lotion,Beauty & Personal Care,The Man Company,2047.86,1,2026-01-31,Delivered
7080,283,70,Bedsheet Set,Home & Kitchen,Bajaj,6586.9,3,2025-06-29,Delivered
7081,632,59,Table Lamp,Home & Kitchen,Havells,2395.3,1,2025-04-01,Cancelled
7082,1190,107,Trimmer,Beauty & Personal Care,Plum,1939.5,1,2024-04-21,Delivered
7083,394,28,Women's Kurta,Fashion,Levis,3978.11,3,2026-07-10,Cancelled
7084,16,63,Water Bottle Set,Home & Kitchen,Cello,1495.17,1,2025-10-15,Pending
7085,512,4,Bluetooth Earbuds,Electronics,Xiaomi,19288.83,1,2025-07-24,Cancelled
7086,1512,114,Yoga Mat,Sports & Fitness,Adidas,1996.03,1,2026-03-24,Delivered
7087,656,101,Body Lotion,Beauty & Personal Care,Lakme,1121.74,1,2025-05-19,Delivered
7088,1963,11,LED TV 43-inch,Electronics,boAt,3597.6,2,2026-08-17,Returned
7089,1180,56,Air Fryer,Home & Kitchen,Prestige,7191.07,1,2025-11-13,Cancelled
7090,1772,24,Neckband Earphones,Electronics,Realme,76908.03,1,2026-05-30,Delivered
7091,1410,86,Biography,Books,HarperCollins,507.65,1,2026-01-05,Delivered
7092,1969,71,Bedsheet Set,Home & Kitchen,Pigeon,8144.1,2,2025-07-17,Delivered
7093,578,30,Women's Kurta,Fashion,Biba,1932.5,2,2026-03-22,Delivered
7094,1612,76,Self-Help Book,Books,Bloomsbury,342.99,1,2026-02-28,Returned
7095,1348,65,Induction Cooktop,Home & Kitchen,Prestige,1658.15,1,2025-10-03,Delivered
7096,1712,107,Trimmer,Beauty & Personal Care,Plum,2131.03,3,2025-12-25,Delivered
7097,1099,75,Fiction Novel,Books,Bloomsbury,870.01,1,2025-09-06,Delivered
7098,1592,103,Lipstick,Beauty & Personal Care,The Man Company,665.61,3,2026-03-19,Delivered
7099,888,91,Face Wash,Beauty & Personal Care,The Man Company,1601.97,1,2025-08-17,Delivered
7100,565,34,Denim Jeans,Fashion,H&M,1394.06,2,2025-02-03,Delivered
7101,877,110,Perfume,Beauty & Personal Care,Lakme,2434.35,1,2025-09-23,Delivered
7102,1324,101,Body Lotion,Beauty & Personal Care,Lakme,376.23,1,2025-01-27,Delivered
7103,1059,56,Air Fryer,Home & Kitchen,Prestige,9331.2,1,2024-12-17,Delivered
7104,767,52,Non-Stick Pan Set,Home & Kitchen,Bajaj,1354.46,1,2026-01-09,Delivered
7105,159,51,Mixer Grinder,Home & Kitchen,Philips,4654.23,1,2025-11-25,Delivered
7106,910,42,Casual Sneakers,Fashion,Biba,2579.19,1,2026-04-02,Delivered
7107,629,50,Mixer Grinder,Home & Kitchen,Pigeon,5930.59,2,2025-06-29,Delivered
7108,1271,29,Women's Kurta,Fashion,Allen Solly,2567.15,1,2026-03-28,Delivered
7109,1991,42,Casual Sneakers,Fashion,Biba,4440.3,1,2026-03-15,Delivered
7110,1365,70,Bedsheet Set,Home & Kitchen,Bajaj,8683.48,1,2026-05-11,Delivered
7111,1539,127,Resistance Band Set,Sports & Fitness,Nivia,2269.01,1,2025-03-05,Delivered
7112,561,50,Mixer Grinder,Home & Kitchen,Pigeon,8027.52,1,2026-07-20,Delivered
7113,214,105,Lipstick,Beauty & Personal Care,Nivea,951.64,1,2026-07-12,Delivered
7114,1738,32,Running Shoes,Fashion,H&M,2680.89,1,2024-04-11,Delivered
7115,306,23,Neckband Earphones,Electronics,JBL,45937.65,1,2025-03-18,Delivered
7116,642,33,Running Shoes,Fashion,Roadster,1659.15,1,2025-12-22,Delivered
7117,1963,65,Induction Cooktop,Home & Kitchen,Prestige,326.32,4,2026-08-11,Cancelled
7118,179,13,Laptop,Electronics,Sony,80254.05,1,2025-11-21,Delivered
7119,1243,78,Self-Help Book,Books,HarperCollins,374.34,1,2026-04-11,Delivered
7120,1412,46,Sunglasses,Fashion,H&M,393.33,2,2026-05-24,Delivered
7121,196,28,Women's Kurta,Fashion,Levis,2083.12,3,2025-01-28,Pending
7122,719,59,Table Lamp,Home & Kitchen,Havells,2643.31,1,2026-03-23,Pending
7123,554,23,Neckband Earphones,Electronics,JBL,18782.36,1,2023-11-10,Delivered
7124,141,125,Football,Sports & Fitness,Cosco,955.68,1,2026-07-01,Delivered
7125,1346,89,Business Book,Books,Bloomsbury,190.5,1,2026-05-21,Delivered
7126,1193,92,Face Wash,Beauty & Personal Care,Plum,917.2,2,2026-03-09,Delivered
7127,1757,10,LED TV 43-inch,Electronics,Apple,86046.75,1,2024-11-24,Delivered
7128,874,13,Laptop,Electronics,Sony,48529.77,1,2025-12-25,Delivered
7129,1813,80,Competitive Exam Guide,Books,HarperCollins,575.52,2,2024-12-08,Delivered
7130,401,6,Bluetooth Earbuds,Electronics,Sony,74226.67,1,2025-11-10,Delivered
7131,36,99,Hair Serum,Beauty & Personal Care,Plum,796.36,1,2026-01-29,Delivered
7132,1358,1,Smartphone,Electronics,Xiaomi,24144.07,2,2025-01-11,Delivered
7133,1250,22,Neckband Earphones,Electronics,Samsung,75605.46,1,2025-10-17,Delivered
7134,59,97,Hair Serum,Beauty & Personal Care,Lakme,711.02,4,2024-10-15,Cancelled
7135,936,53,Non-Stick Pan Set,Home & Kitchen,Pigeon,10221.64,1,2024-10-22,Delivered
7136,1756,54,Non-Stick Pan Set,Home & Kitchen,Philips,2112.3,1,2026-01-13,Returned
7137,680,67,Wall Clock,Home & Kitchen,Cello,6169.17,1,2025-09-27,Delivered
7138,289,94,Sunscreen SPF50,Beauty & Personal Care,Mamaearth,760.41,1,2024-09-29,Shipped
7139,1672,54,Non-Stick Pan Set,Home & Kitchen,Philips,12506.64,1,2026-01-14,Returned
7140,1575,95,Sunscreen SPF50,Beauty & Personal Care,The Man Company,375.89,1,2025-02-25,Delivered
7141,1259,76,Self-Help Book,Books,Bloomsbury,229.56,1,2025-09-29,Delivered
7142,127,118,Dumbbell Set 10kg,Sports & Fitness,Decathlon,1262.08,1,2025-12-18,Delivered
7143,644,63,Water Bottle Set,Home & Kitchen,Cello,1708.29,2,2025-01-26,Delivered
7144,1621,23,Neckband Earphones,Electronics,JBL,63346.36,1,2024-12-24,Delivered
7145,1469,41,Casual Sneakers,Fashion,Allen Solly,3580.24,3,2024-10-10,Returned
7146,355,106,Trimmer,Beauty & Personal Care,Mamaearth,447.84,2,2025-11-19,Delivered
7147,376,67,Wall Clock,Home & Kitchen,Cello,2845.48,2,2024-10-03,Delivered
7148,1262,82,Children's Story Book,Books,Rupa Publications,930.42,1,2026-04-05,Returned
7149,1152,84,Children's Story Book,Books,Scholastic,156.42,1,2026-03-09,Returned
7150,660,70,Bedsheet Set,Home & Kitchen,Bajaj,8188.06,1,2024-10-13,Delivered
7151,645,86,Biography,Books,HarperCollins,994.72,1,2026-04-16,Delivered
7152,1005,89,Business Book,Books,Bloomsbury,794.23,1,2025-05-23,Delivered
7153,7,19,Bluetooth Speaker,Electronics,boAt,22687.66,1,2026-06-25,Shipped
7154,1978,92,Face Wash,Beauty & Personal Care,Plum,1996.16,1,2025-08-11,Delivered
7155,537,78,Self-Help Book,Books,HarperCollins,357.52,1,2024-10-16,Cancelled
7156,688,85,Biography,Books,Scholastic,778.07,1,2025-02-09,Delivered
7157,1079,60,Table Lamp,Home & Kitchen,Pigeon,8134.0,3,2025-12-16,Pending
7158,1151,93,Face Wash,Beauty & Personal Care,Dove,503.12,2,2025-12-05,Delivered
7159,1277,88,Business Book,Books,Penguin,719.32,3,2026-08-17,Delivered
7160,1976,126,Football,Sports & Fitness,Yonex,1529.71,4,2026-03-18,Cancelled
7161,861,6,Bluetooth Earbuds,Electronics,Sony,84676.11,1,2026-05-09,Delivered
7162,1176,39,Formal Shirt,Fashion,Allen Solly,4867.98,1,2025-11-02,Delivered
7163,734,107,Trimmer,Beauty & Personal Care,Plum,2243.94,1,2026-05-04,Delivered
7164,1864,55,Air Fryer,Home & Kitchen,Bajaj,10694.47,1,2026-03-25,Returned
7165,1466,87,Biography,Books,Bloomsbury,964.06,1,2026-06-30,Delivered
7166,1666,58,Table Lamp,Home & Kitchen,Prestige,1988.08,1,2025-05-30,Delivered
7167,532,33,Running Shoes,Fashion,Roadster,4695.75,1,2024-06-29,Delivered
7168,273,33,Running Shoes,Fashion,Roadster,833.82,1,2025-05-26,Delivered
7169,973,10,LED TV 43-inch,Electronics,Apple,24586.14,1,2024-07-11,Delivered
7170,1001,113,Yoga Mat,Sports & Fitness,Decathlon,3556.45,1,2025-08-30,Delivered
7171,1700,32,Running Shoes,Fashion,H&M,3301.68,2,2026-05-24,Delivered
7172,366,77,Self-Help Book,Books,Scholastic,266.58,3,2025-06-03,Delivered
7173,806,91,Face Wash,Beauty & Personal Care,The Man Company,2012.78,1,2024-10-30,Delivered
7174,426,100,Body Lotion,Beauty & Personal Care,The Man Company,2081.75,1,2024-11-02,Delivered
7175,72,88,Business Book,Books,Penguin,498.99,1,2026-03-20,Delivered
7176,411,26,Men's T-Shirt,Fashion,Nike,1962.83,1,2025-12-11,Delivered
7177,1981,121,Badminton Racket,Sports & Fitness,Cosco,3170.87,2,2026-07-01,Delivered
7178,14,56,Air Fryer,Home & Kitchen,Prestige,4453.09,1,2026-03-22,Pending
7179,1195,111,Perfume,Beauty & Personal Care,Plum,1344.75,4,2025-07-22,Delivered
7180,765,112,Yoga Mat,Sports & Fitness,Nivia,3568.01,1,2026-01-28,Delivered
7181,1171,56,Air Fryer,Home & Kitchen,Prestige,8764.49,3,2025-10-12,Pending
7182,1324,75,Fiction Novel,Books,Bloomsbury,604.76,2,2025-02-04,Delivered
7183,559,45,Handbag,Fashion,Allen Solly,1401.07,1,2025-05-08,Delivered
7184,1357,75,Fiction Novel,Books,Bloomsbury,180.94,1,2025-12-01,Delivered
7185,1870,102,Body Lotion,Beauty & Personal Care,Mamaearth,2278.18,3,2025-03-16,Shipped
7186,432,43,Handbag,Fashion,Biba,4432.87,1,2025-10-20,Delivered
7187,1669,103,Lipstick,Beauty & Personal Care,The Man Company,1108.74,1,2025-10-03,Delivered
7188,1818,95,Sunscreen SPF50,Beauty & Personal Care,The Man Company,2060.62,2,2026-04-30,Delivered
7189,143,18,Power Bank 10000mAh,Electronics,Sony,6095.05,1,2026-06-06,Delivered
7190,1768,22,Neckband Earphones,Electronics,Samsung,27977.94,1,2026-03-04,Cancelled
7191,424,104,Lipstick,Beauty & Personal Care,Dove,1874.04,1,2026-01-29,Delivered
7192,412,91,Face Wash,Beauty & Personal Care,The Man Company,1180.53,1,2026-01-11,Delivered
7193,420,37,Formal Shirt,Fashion,Van Heusen,2465.46,1,2025-11-27,Delivered
7194,1886,85,Biography,Books,Scholastic,592.2,1,2025-10-26,Delivered
7195,680,77,Self-Help Book,Books,Scholastic,282.43,3,2026-03-15,Delivered
7196,537,86,Biography,Books,HarperCollins,249.36,1,2025-09-16,Delivered
7197,1782,111,Perfume,Beauty & Personal Care,Plum,255.63,1,2026-05-29,Shipped
7198,11,28,Women's Kurta,Fashion,Levis,2891.31,1,2026-01-11,Delivered
7199,1177,30,Women's Kurta,Fashion,Biba,1788.74,2,2026-03-18,Delivered
7200,213,16,Power Bank 10000mAh,Electronics,OnePlus,50604.34,1,2026-08-11,Delivered
7201,496,70,Bedsheet Set,Home & Kitchen,Bajaj,9367.54,4,2026-06-07,Delivered
7202,1862,107,Trimmer,Beauty & Personal Care,Plum,747.45,3,2024-12-02,Delivered
7203,844,35,Denim Jeans,Fashion,Van Heusen,1804.26,1,2025-02-23,Delivered
7204,1178,46,Sunglasses,Fashion,H&M,1640.29,1,2026-01-02,Shipped
7205,815,33,Running Shoes,Fashion,Roadster,1490.47,1,2024-06-03,Delivered
7206,580,71,Bedsheet Set,Home & Kitchen,Pigeon,2011.45,1,2025-12-14,Shipped
7207,1433,103,Lipstick,Beauty & Personal Care,The Man Company,1389.62,1,2025-12-10,Delivered
7208,927,111,Perfume,Beauty & Personal Care,Plum,1331.32,1,2026-02-02,Delivered
7209,1123,27,Men's T-Shirt,Fashion,Puma,1076.68,1,2025-11-07,Pending
7210,787,67,Wall Clock,Home & Kitchen,Cello,11516.45,2,2025-05-08,Delivered
7211,1240,1,Smartphone,Electronics,Xiaomi,15195.63,1,2026-02-08,Cancelled
7212,1203,112,Yoga Mat,Sports & Fitness,Nivia,4782.73,1,2025-12-12,Shipped
7213,1702,20,Bluetooth Speaker,Electronics,Xiaomi,7471.27,1,2026-06-18,Delivered
7214,241,35,Denim Jeans,Fashion,Van Heusen,3451.35,1,2025-06-17,Delivered
7215,1022,1,Smartphone,Electronics,Xiaomi,48198.44,1,2025-10-06,Returned
7216,483,123,Badminton Racket,Sports & Fitness,Decathlon,6462.0,1,2025-07-08,Delivered
7217,754,127,Resistance Band Set,Sports & Fitness,Nivia,1139.83,1,2025-08-03,Delivered
7218,492,2,Smartphone,Electronics,Apple,18612.13,2,2024-12-10,Delivered
7219,784,107,Trimmer,Beauty & Personal Care,Plum,787.28,2,2026-01-04,Shipped
7220,138,61,Water Bottle Set,Home & Kitchen,Philips,1140.84,1,2024-10-31,Delivered
7221,850,75,Fiction Novel,Books,Bloomsbury,987.23,2,2025-10-24,Delivered
7222,324,111,Perfume,Beauty & Personal Care,Plum,613.12,1,2024-08-30,Returned
7223,37,8,Smartwatch,Electronics,OnePlus,89714.32,1,2025-10-03,Delivered
7224,638,31,Running Shoes,Fashion,Biba,1458.79,1,2025-12-04,Delivered
7225,702,98,Hair Serum,Beauty & Personal Care,Mamaearth,1164.44,1,2024-11-06,Delivered
7226,858,51,Mixer Grinder,Home & Kitchen,Philips,4439.93,2,2026-03-23,Delivered
7227,346,35,Denim Jeans,Fashion,Van Heusen,1297.95,3,2025-11-14,Delivered
7228,1702,83,Children's Story Book,Books,Penguin,751.66,2,2026-06-29,Delivered
7229,1562,55,Air Fryer,Home & Kitchen,Bajaj,9327.42,1,2025-10-15,Delivered
7230,1994,81,Competitive Exam Guide,Books,Penguin,593.8,4,2025-06-15,Delivered
7231,362,128,Resistance Band Set,Sports & Fitness,Decathlon,199.84,1,2025-03-02,Delivered
7232,1956,23,Neckband Earphones,Electronics,JBL,13614.07,3,2025-06-12,Shipped
7233,1512,83,Children's Story Book,Books,Penguin,351.8,1,2025-11-02,Delivered
7234,943,3,Smartphone,Electronics,boAt,79608.58,1,2025-08-02,Delivered
7235,220,37,Formal Shirt,Fashion,Van Heusen,2637.01,1,2025-05-16,Delivered
7236,552,27,Men's T-Shirt,Fashion,Puma,4367.59,1,2026-04-09,Delivered
7237,1943,102,Body Lotion,Beauty & Personal Care,Mamaearth,621.37,3,2025-10-11,Shipped
7238,343,40,Casual Sneakers,Fashion,Levis,3731.67,1,2025-07-05,Returned
7239,1940,81,Competitive Exam Guide,Books,Penguin,946.03,1,2026-05-10,Delivered
7240,1044,124,Football,Sports & Fitness,Nivia,4355.17,1,2025-11-07,Delivered
7241,799,48,Sunglasses,Fashion,Puma,2115.08,1,2025-07-16,Delivered
7242,10,23,Neckband Earphones,Electronics,JBL,62429.01,1,2026-03-30,Delivered
7243,1260,35,Denim Jeans,Fashion,Van Heusen,4114.38,2,2026-01-22,Delivered
7244,1313,124,Football,Sports & Fitness,Nivia,1019.26,1,2026-05-14,Delivered
7245,1755,25,Men's T-Shirt,Fashion,Allen Solly,4327.41,1,2026-04-02,Delivered
7246,942,32,Running Shoes,Fashion,H&M,4879.96,2,2026-04-16,Cancelled
7247,1116,84,Children's Story Book,Books,Scholastic,976.22,1,2025-02-04,Delivered
7248,858,41,Casual Sneakers,Fashion,Allen Solly,4861.25,1,2025-09-10,Delivered
7249,828,22,Neckband Earphones,Electronics,Samsung,67995.54,1,2025-06-20,Delivered
7250,144,95,Sunscreen SPF50,Beauty & Personal Care,The Man Company,1594.28,1,2025-11-22,Delivered
7251,1499,116,Cricket Bat,Sports & Fitness,Adidas,3788.23,1,2025-03-25,Delivered
7252,687,12,LED TV 43-inch,Electronics,JBL,38580.56,1,2026-02-04,Delivered
7253,1441,57,Air Fryer,Home & Kitchen,Pigeon,3890.44,2,2026-03-22,Delivered
7254,1715,19,Bluetooth Speaker,Electronics,boAt,7787.96,1,2026-02-15,Delivered
7255,51,36,Denim Jeans,Fashion,Puma,4547.58,2,2026-02-23,Delivered
7256,1966,85,Biography,Books,Scholastic,731.01,2,2025-04-16,Delivered
7257,286,10,LED TV 43-inch,Electronics,Apple,42249.99,1,2026-02-03,Delivered
7258,420,39,Formal Shirt,Fashion,Allen Solly,1345.16,1,2024-12-26,Delivered
7259,736,31,Running Shoes,Fashion,Biba,4798.34,1,2026-04-25,Pending
7260,1194,121,Badminton Racket,Sports & Fitness,Cosco,6450.57,1,2025-07-29,Cancelled
7261,938,113,Yoga Mat,Sports & Fitness,Decathlon,3947.8,1,2025-10-08,Pending
7262,1930,63,Water Bottle Set,Home & Kitchen,Cello,5240.64,1,2026-05-29,Delivered
7263,374,99,Hair Serum,Beauty & Personal Care,Plum,2052.05,2,2024-08-15,Cancelled
7264,674,66,Induction Cooktop,Home & Kitchen,Cello,8999.31,2,2024-07-07,Delivered
7265,942,104,Lipstick,Beauty & Personal Care,Dove,513.78,1,2026-03-17,Delivered
7266,634,77,Self-Help Book,Books,Scholastic,827.54,1,2026-07-25,Delivered
7267,1036,37,Formal Shirt,Fashion,Van Heusen,535.69,2,2025-12-11,Delivered
7268,129,2,Smartphone,Electronics,Apple,46979.6,1,2024-11-20,Delivered
7269,1199,22,Neckband Earphones,Electronics,Samsung,52463.86,1,2024-08-30,Delivered
7270,155,113,Yoga Mat,Sports & Fitness,Decathlon,4216.99,1,2025-12-09,Delivered
7271,1282,1,Smartphone,Electronics,Xiaomi,89881.36,2,2025-03-26,Delivered
7272,1966,73,Fiction Novel,Books,Scholastic,353.58,2,2025-03-27,Delivered
7273,199,43,Handbag,Fashion,Biba,2979.79,3,2026-02-20,Shipped
7274,291,72,Bedsheet Set,Home & Kitchen,Prestige,12698.9,1,2025-12-13,Delivered
7275,229,105,Lipstick,Beauty & Personal Care,Nivea,352.2,1,2026-02-03,Delivered
7276,1401,46,Sunglasses,Fashion,H&M,1582.14,1,2026-05-25,Delivered
7277,1571,30,Women's Kurta,Fashion,Biba,4737.89,1,2025-03-19,Delivered
7278,272,27,Men's T-Shirt,Fashion,Puma,1219.32,1,2024-12-24,Returned
7279,656,76,Self-Help Book,Books,Bloomsbury,167.81,1,2025-07-19,Delivered
7280,326,86,Biography,Books,HarperCollins,639.88,1,2026-08-17,Delivered
7281,738,54,Non-Stick Pan Set,Home & Kitchen,Philips,6960.43,1,2026-04-27,Delivered
7282,645,31,Running Shoes,Fashion,Biba,2232.43,2,2026-04-02,Delivered
7283,889,129,Resistance Band Set,Sports & Fitness,Yonex,2066.95,1,2025-05-25,Cancelled
7284,350,16,Power Bank 10000mAh,Electronics,OnePlus,71472.47,1,2025-11-30,Delivered
7285,365,26,Men's T-Shirt,Fashion,Nike,4716.54,1,2026-07-06,Returned
7286,1756,31,Running Shoes,Fashion,Biba,4242.57,1,2026-01-15,Delivered
7287,1876,14,Laptop,Electronics,Xiaomi,9161.53,1,2026-05-30,Delivered
7288,1569,64,Induction Cooktop,Home & Kitchen,Milton,11596.46,1,2026-01-05,Delivered
7289,814,4,Bluetooth Earbuds,Electronics,Xiaomi,9484.85,1,2025-08-07,Delivered
7290,233,63,Water Bottle Set,Home & Kitchen,Cello,4540.61,1,2026-03-05,Delivered
7291,1015,102,Body Lotion,Beauty & Personal Care,Mamaearth,264.3,1,2026-02-15,Delivered
7292,1195,71,Bedsheet Set,Home & Kitchen,Pigeon,11351.98,1,2025-07-19,Delivered
7293,942,20,Bluetooth Speaker,Electronics,Xiaomi,76954.83,1,2026-05-22,Shipped
7294,471,114,Yoga Mat,Sports & Fitness,Adidas,5279.77,1,2026-04-15,Delivered
7295,1328,66,Induction Cooktop,Home & Kitchen,Cello,6296.59,4,2026-02-15,Pending
7296,1137,43,Handbag,Fashion,Biba,4724.49,1,2024-02-09,Delivered
7297,1428,45,Handbag,Fashion,Allen Solly,1760.91,3,2025-02-18,Delivered
7298,1515,60,Table Lamp,Home & Kitchen,Pigeon,515.59,2,2025-02-21,Delivered
7299,1162,76,Self-Help Book,Books,Bloomsbury,231.02,1,2025-07-05,Delivered
7300,616,5,Bluetooth Earbuds,Electronics,boAt,68656.16,3,2025-09-24,Delivered
7301,860,58,Table Lamp,Home & Kitchen,Prestige,3394.98,1,2026-04-01,Delivered
7302,213,23,Neckband Earphones,Electronics,JBL,18470.22,1,2026-08-02,Delivered
7303,1590,100,Body Lotion,Beauty & Personal Care,The Man Company,314.76,1,2025-05-08,Delivered
7304,218,103,Lipstick,Beauty & Personal Care,The Man Company,1456.44,1,2025-06-11,Delivered
7305,1631,35,Denim Jeans,Fashion,Van Heusen,4039.79,4,2025-12-03,Shipped
7306,1070,80,Competitive Exam Guide,Books,HarperCollins,790.54,3,2025-07-23,Returned
7307,1049,101,Body Lotion,Beauty & Personal Care,Lakme,1569.26,1,2026-03-20,Delivered
7308,1837,95,Sunscreen SPF50,Beauty & Personal Care,The Man Company,1182.84,2,2025-10-23,Delivered
7309,1549,57,Air Fryer,Home & Kitchen,Pigeon,10200.67,1,2025-12-24,Delivered
7310,1977,20,Bluetooth Speaker,Electronics,Xiaomi,37207.41,3,2026-04-19,Shipped
7311,1197,76,Self-Help Book,Books,Bloomsbury,955.92,1,2025-11-25,Delivered
7312,1770,8,Smartwatch,Electronics,OnePlus,6377.2,1,2024-11-03,Cancelled
7313,868,97,Hair Serum,Beauty & Personal Care,Lakme,719.54,1,2026-07-02,Delivered
7314,1118,56,Air Fryer,Home & Kitchen,Prestige,10988.39,1,2026-02-02,Delivered
7315,1474,14,Laptop,Electronics,Xiaomi,72755.39,1,2026-04-20,Delivered
7316,1771,117,Cricket Bat,Sports & Fitness,Decathlon,799.8,3,2026-04-25,Delivered
7317,854,89,Business Book,Books,Bloomsbury,444.69,3,2025-09-27,Delivered
7318,1394,102,Body Lotion,Beauty & Personal Care,Mamaearth,1064.93,1,2025-06-08,Delivered
7319,1584,29,Women's Kurta,Fashion,Allen Solly,4863.35,2,2026-02-01,Delivered
7320,1920,5,Bluetooth Earbuds,Electronics,boAt,62577.77,1,2025-10-16,Delivered
7321,393,109,Perfume,Beauty & Personal Care,The Man Company,1301.75,1,2026-01-16,Delivered
7322,1942,93,Face Wash,Beauty & Personal Care,Dove,1844.38,1,2026-06-11,Delivered
7323,863,61,Water Bottle Set,Home & Kitchen,Philips,2640.04,2,2025-01-06,Delivered
7324,1287,67,Wall Clock,Home & Kitchen,Cello,7076.79,2,2025-08-09,Delivered
7325,1033,49,Mixer Grinder,Home & Kitchen,Havells,9834.95,2,2025-06-10,Delivered
7326,1954,127,Resistance Band Set,Sports & Fitness,Nivia,3872.27,1,2026-08-08,Cancelled
7327,254,17,Power Bank 10000mAh,Electronics,Samsung,64306.45,1,2026-03-20,Delivered
7328,1158,3,Smartphone,Electronics,boAt,51205.96,1,2026-02-20,Delivered
7329,1004,108,Trimmer,Beauty & Personal Care,Lakme,959.03,1,2026-04-28,Delivered
7330,1830,5,Bluetooth Earbuds,Electronics,boAt,10257.39,1,2025-11-12,Returned
7331,887,1,Smartphone,Electronics,Xiaomi,14005.58,1,2025-03-21,Delivered
7332,77,12,LED TV 43-inch,Electronics,JBL,55272.78,1,2025-11-22,Delivered
7333,1879,2,Smartphone,Electronics,Apple,24993.09,1,2025-07-03,Delivered
7334,140,29,Women's Kurta,Fashion,Allen Solly,2725.78,1,2026-01-24,Delivered
7335,1805,49,Mixer Grinder,Home & Kitchen,Havells,5099.01,1,2025-01-19,Returned
7336,850,50,Mixer Grinder,Home & Kitchen,Pigeon,5206.87,1,2025-10-27,Shipped
7337,1814,118,Dumbbell Set 10kg,Sports & Fitness,Decathlon,2363.31,1,2024-05-03,Delivered
7338,1395,77,Self-Help Book,Books,Scholastic,939.03,2,2025-09-18,Delivered
7339,1276,70,Bedsheet Set,Home & Kitchen,Bajaj,9267.28,1,2026-01-06,Delivered
7340,1106,23,Neckband Earphones,Electronics,JBL,60707.07,1,2025-08-31,Delivered
7341,529,114,Yoga Mat,Sports & Fitness,Adidas,5314.26,1,2025-12-08,Delivered
7342,1624,87,Biography,Books,Bloomsbury,937.82,1,2026-02-12,Delivered
7343,544,21,Bluetooth Speaker,Electronics,Apple,49276.8,3,2025-02-16,Returned
7344,1792,99,Hair Serum,Beauty & Personal Care,Plum,1187.47,4,2025-12-22,Delivered
7345,1770,29,Women's Kurta,Fashion,Allen Solly,4623.67,1,2024-05-17,Delivered
7346,898,21,Bluetooth Speaker,Electronics,Apple,27452.49,1,2026-04-19,Delivered
7347,567,80,Competitive Exam Guide,Books,HarperCollins,289.61,4,2026-02-26,Delivered
7348,1118,20,Bluetooth Speaker,Electronics,Xiaomi,84255.31,1,2025-11-17,Delivered
7349,363,112,Yoga Mat,Sports & Fitness,Nivia,4872.83,1,2025-03-03,Delivered
7350,902,48,Sunglasses,Fashion,Puma,1312.61,1,2026-04-24,Delivered
7351,466,3,Smartphone,Electronics,boAt,22376.35,1,2025-01-07,Delivered
7352,813,73,Fiction Novel,Books,Scholastic,822.14,1,2025-11-11,Delivered
7353,1711,11,LED TV 43-inch,Electronics,boAt,77981.76,1,2024-04-26,Delivered
7354,1232,108,Trimmer,Beauty & Personal Care,Lakme,388.05,1,2025-05-06,Delivered
7355,386,121,Badminton Racket,Sports & Fitness,Cosco,4049.67,1,2024-04-14,Delivered
7356,1424,129,Resistance Band Set,Sports & Fitness,Yonex,5946.26,2,2026-03-17,Returned
7357,813,18,Power Bank 10000mAh,Electronics,Sony,42310.14,1,2025-06-21,Delivered
7358,190,90,Business Book,Books,Rupa Publications,462.57,4,2026-08-17,Delivered
7359,1420,15,Laptop,Electronics,boAt,88152.45,2,2025-07-27,Delivered
7360,292,117,Cricket Bat,Sports & Fitness,Decathlon,5354.12,2,2025-10-02,Pending
7361,704,7,Smartwatch,Electronics,Samsung,72528.96,2,2025-04-25,Delivered
7362,151,98,Hair Serum,Beauty & Personal Care,Mamaearth,1746.81,1,2026-04-11,Returned
7363,1490,41,Casual Sneakers,Fashion,Allen Solly,2634.31,1,2025-06-23,Cancelled
7364,1854,6,Bluetooth Earbuds,Electronics,Sony,15406.79,1,2026-03-17,Delivered
7365,367,55,Air Fryer,Home & Kitchen,Bajaj,7445.75,1,2026-02-18,Delivered
7366,60,123,Badminton Racket,Sports & Fitness,Decathlon,5019.27,2,2025-09-30,Delivered
7367,1931,48,Sunglasses,Fashion,Puma,321.61,2,2025-11-18,Delivered
7368,1499,50,Mixer Grinder,Home & Kitchen,Pigeon,10842.8,1,2025-01-31,Delivered
7369,1826,94,Sunscreen SPF50,Beauty & Personal Care,Mamaearth,1137.04,1,2026-04-21,Shipped
7370,1916,84,Children's Story Book,Books,Scholastic,283.06,1,2026-01-08,Delivered
7371,1562,73,Fiction Novel,Books,Scholastic,239.59,1,2025-02-14,Delivered
7372,1041,10,LED TV 43-inch,Electronics,Apple,79964.8,1,2026-06-07,Delivered
7373,1298,112,Yoga Mat,Sports & Fitness,Nivia,5592.56,1,2026-05-01,Delivered
7374,900,77,Self-Help Book,Books,Scholastic,429.02,2,2026-04-07,Delivered
7375,568,62,Water Bottle Set,Home & Kitchen,Pigeon,3632.4,1,2024-08-25,Delivered
7376,1337,93,Face Wash,Beauty & Personal Care,Dove,363.32,1,2025-10-18,Delivered
7377,1068,54,Non-Stick Pan Set,Home & Kitchen,Philips,4408.53,1,2025-07-24,Delivered
7378,1087,18,Power Bank 10000mAh,Electronics,Sony,25216.59,1,2026-02-09,Delivered
7379,994,114,Yoga Mat,Sports & Fitness,Adidas,6596.18,2,2025-06-18,Delivered
7380,1350,5,Bluetooth Earbuds,Electronics,boAt,18038.41,1,2025-12-22,Delivered
7381,1590,46,Sunglasses,Fashion,H&M,2636.34,2,2026-07-28,Shipped
7382,1984,105,Lipstick,Beauty & Personal Care,Nivea,1717.31,1,2024-04-09,Delivered
7383,783,73,Fiction Novel,Books,Scholastic,756.38,1,2025-10-21,Delivered
7384,1406,84,Children's Story Book,Books,Scholastic,522.6,4,2025-12-11,Delivered
7385,296,104,Lipstick,Beauty & Personal Care,Dove,640.72,2,2026-02-18,Delivered
7386,1089,82,Children's Story Book,Books,Rupa Publications,793.71,1,2025-12-22,Delivered
7387,131,60,Table Lamp,Home & Kitchen,Pigeon,9330.73,1,2025-03-07,Delivered
7388,1315,13,Laptop,Electronics,Sony,48221.88,2,2026-03-01,Delivered
7389,1043,28,Women's Kurta,Fashion,Levis,4626.41,1,2025-06-07,Cancelled
7390,1655,27,Men's T-Shirt,Fashion,Puma,2621.48,2,2025-08-11,Delivered
7391,1161,119,Dumbbell Set 10kg,Sports & Fitness,Adidas,450.56,4,2025-09-07,Cancelled
7392,686,43,Handbag,Fashion,Biba,1163.69,1,2025-04-22,Delivered
7393,539,96,Sunscreen SPF50,Beauty & Personal Care,Plum,935.89,1,2026-07-17,Shipped
7394,1232,125,Football,Sports & Fitness,Cosco,4015.4,4,2025-04-15,Shipped
7395,401,30,Women's Kurta,Fashion,Biba,2082.13,1,2026-04-18,Delivered
7396,1672,119,Dumbbell Set 10kg,Sports & Fitness,Adidas,5071.89,1,2024-10-18,Delivered
7397,1025,22,Neckband Earphones,Electronics,Samsung,67406.36,1,2024-07-15,Delivered
7398,1475,66,Induction Cooktop,Home & Kitchen,Cello,5895.25,1,2026-01-16,Cancelled
7399,682,125,Football,Sports & Fitness,Cosco,1875.88,1,2025-04-14,Delivered
7400,1148,18,Power Bank 10000mAh,Electronics,Sony,17589.57,4,2024-10-19,Delivered
7401,136,62,Water Bottle Set,Home & Kitchen,Pigeon,5551.63,1,2025-09-04,Delivered
7402,538,64,Induction Cooktop,Home & Kitchen,Milton,4817.68,1,2025-10-22,Delivered
7403,557,128,Resistance Band Set,Sports & Fitness,Decathlon,1601.94,1,2025-05-09,Cancelled
7404,1828,70,Bedsheet Set,Home & Kitchen,Bajaj,9900.09,1,2025-03-06,Delivered
7405,1845,120,Dumbbell Set 10kg,Sports & Fitness,Yonex,561.66,1,2025-11-07,Shipped
7406,804,71,Bedsheet Set,Home & Kitchen,Pigeon,4682.08,1,2026-03-05,Delivered
7407,60,98,Hair Serum,Beauty & Personal Care,Mamaearth,1087.2,2,2025-10-08,Delivered
7408,958,14,Laptop,Electronics,Xiaomi,73619.82,1,2025-08-17,Cancelled
7409,596,85,Biography,Books,Scholastic,550.83,1,2025-05-21,Delivered
7410,1134,69,Wall Clock,Home & Kitchen,Philips,3664.89,1,2025-07-31,Returned
7411,1987,37,Formal Shirt,Fashion,Van Heusen,3720.0,1,2024-12-26,Cancelled
7412,1408,45,Handbag,Fashion,Allen Solly,2454.1,1,2026-04-25,Delivered
7413,1695,24,Neckband Earphones,Electronics,Realme,61939.72,1,2025-03-10,Delivered
7414,1962,88,Business Book,Books,Penguin,689.24,4,2026-01-09,Delivered
7415,1040,99,Hair Serum,Beauty & Personal Care,Plum,1346.63,1,2025-06-25,Delivered
7416,222,85,Biography,Books,Scholastic,247.65,1,2025-12-18,Delivered
7417,1570,116,Cricket Bat,Sports & Fitness,Adidas,3586.48,1,2025-08-26,Delivered
7418,1538,46,Sunglasses,Fashion,H&M,1043.59,2,2024-03-21,Delivered
7419,496,119,Dumbbell Set 10kg,Sports & Fitness,Adidas,3663.45,1,2026-06-19,Delivered
7420,958,80,Competitive Exam Guide,Books,HarperCollins,478.99,4,2026-05-19,Delivered
7421,1591,54,Non-Stick Pan Set,Home & Kitchen,Philips,2038.18,4,2026-08-17,Delivered
7422,1360,66,Induction Cooktop,Home & Kitchen,Cello,3343.5,2,2026-02-10,Shipped
7423,986,92,Face Wash,Beauty & Personal Care,Plum,1436.76,1,2024-12-20,Delivered
7424,866,72,Bedsheet Set,Home & Kitchen,Prestige,9965.17,1,2026-03-26,Delivered
7425,1118,70,Bedsheet Set,Home & Kitchen,Bajaj,2875.92,3,2024-09-09,Delivered
7426,1801,94,Sunscreen SPF50,Beauty & Personal Care,Mamaearth,2362.84,1,2024-11-24,Delivered
7427,1507,53,Non-Stick Pan Set,Home & Kitchen,Pigeon,516.24,1,2025-10-18,Delivered
7428,262,85,Biography,Books,Scholastic,519.63,1,2026-04-21,Delivered
7429,120,48,Sunglasses,Fashion,Puma,4254.75,1,2025-09-05,Returned
7430,1676,121,Badminton Racket,Sports & Fitness,Cosco,2414.98,1,2025-03-31,Delivered
7431,212,29,Women's Kurta,Fashion,Allen Solly,2056.16,2,2024-12-14,Pending
7432,1640,54,Non-Stick Pan Set,Home & Kitchen,Philips,1742.23,1,2026-03-06,Delivered
7433,793,82,Children's Story Book,Books,Rupa Publications,640.25,2,2026-02-08,Returned
7434,1172,110,Perfume,Beauty & Personal Care,Lakme,1390.55,1,2026-05-10,Delivered
7435,204,4,Bluetooth Earbuds,Electronics,Xiaomi,17958.96,1,2026-02-09,Delivered
7436,1032,35,Denim Jeans,Fashion,Van Heusen,2075.66,1,2025-12-16,Delivered
7437,970,48,Sunglasses,Fashion,Puma,2606.12,1,2025-04-05,Delivered
7438,627,2,Smartphone,Electronics,Apple,16230.02,1,2026-03-29,Delivered
7439,333,8,Smartwatch,Electronics,OnePlus,44383.43,1,2026-04-26,Delivered
7440,1511,79,Competitive Exam Guide,Books,Scholastic,611.2,1,2026-03-29,Delivered
7441,1280,1,Smartphone,Electronics,Xiaomi,65749.83,1,2026-02-19,Delivered
7442,1683,69,Wall Clock,Home & Kitchen,Philips,3062.03,1,2025-05-20,Delivered
7443,708,49,Mixer Grinder,Home & Kitchen,Havells,7658.67,2,2025-05-28,Delivered
7444,1823,121,Badminton Racket,Sports & Fitness,Cosco,235.51,1,2025-12-11,Delivered
7445,1101,46,Sunglasses,Fashion,H&M,899.79,1,2026-03-18,Delivered
7446,1536,61,Water Bottle Set,Home & Kitchen,Philips,7591.23,1,2024-10-02,Pending
7447,101,8,Smartwatch,Electronics,OnePlus,26797.75,1,2025-08-21,Cancelled
7448,239,4,Bluetooth Earbuds,Electronics,Xiaomi,77911.36,1,2026-02-25,Returned
7449,372,120,Dumbbell Set 10kg,Sports & Fitness,Yonex,5805.2,3,2025-01-16,Delivered
7450,205,125,Football,Sports & Fitness,Cosco,1500.89,1,2026-01-19,Delivered
7451,664,104,Lipstick,Beauty & Personal Care,Dove,1359.01,1,2024-04-16,Delivered
7452,947,10,LED TV 43-inch,Electronics,Apple,17105.58,3,2025-12-19,Delivered
7453,870,90,Business Book,Books,Rupa Publications,146.88,1,2026-05-17,Returned
7454,697,52,Non-Stick Pan Set,Home & Kitchen,Bajaj,1863.71,1,2024-03-07,Cancelled
7455,125,90,Business Book,Books,Rupa Publications,238.03,3,2026-04-29,Shipped
7456,1354,110,Perfume,Beauty & Personal Care,Lakme,1578.78,1,2026-06-05,Delivered
7457,1523,77,Self-Help Book,Books,Scholastic,442.43,1,2025-03-05,Delivered
7458,1584,66,Induction Cooktop,Home & Kitchen,Cello,5498.62,2,2025-10-30,Delivered
7459,340,3,Smartphone,Electronics,boAt,2346.3,3,2026-03-17,Cancelled
7460,1714,55,Air Fryer,Home & Kitchen,Bajaj,9939.53,4,2025-12-07,Delivered
7461,917,126,Football,Sports & Fitness,Yonex,5174.31,1,2025-08-08,Delivered
7462,1040,49,Mixer Grinder,Home & Kitchen,Havells,12474.11,1,2026-02-12,Cancelled
7463,1929,58,Table Lamp,Home & Kitchen,Prestige,3094.84,1,2025-11-16,Delivered
7464,337,54,Non-Stick Pan Set,Home & Kitchen,Philips,9437.65,1,2026-06-13,Delivered
7465,702,121,Badminton Racket,Sports & Fitness,Cosco,3556.92,1,2025-01-28,Delivered
7466,864,112,Yoga Mat,Sports & Fitness,Nivia,732.85,1,2026-08-01,Delivered
7467,39,23,Neckband Earphones,Electronics,JBL,76837.64,1,2026-08-17,Returned
7468,334,69,Wall Clock,Home & Kitchen,Philips,6618.62,2,2025-11-04,Delivered
7469,1282,78,Self-Help Book,Books,HarperCollins,556.38,1,2026-05-18,Delivered
7470,263,100,Body Lotion,Beauty & Personal Care,The Man Company,2413.9,3,2025-05-12,Delivered
7471,656,89,Business Book,Books,Bloomsbury,669.02,1,2026-06-04,Delivered
7472,39,128,Resistance Band Set,Sports & Fitness,Decathlon,5450.8,1,2026-08-17,Delivered
7473,1413,58,Table Lamp,Home & Kitchen,Prestige,9625.33,1,2024-11-24,Shipped
7474,1006,72,Bedsheet Set,Home & Kitchen,Prestige,3750.35,1,2025-05-16,Shipped
7475,655,51,Mixer Grinder,Home & Kitchen,Philips,8294.42,1,2026-08-17,Delivered
7476,1465,77,Self-Help Book,Books,Scholastic,866.35,1,2026-07-01,Delivered
7477,1262,104,Lipstick,Beauty & Personal Care,Dove,1887.66,4,2026-04-15,Delivered
7478,135,115,Cricket Bat,Sports & Fitness,Nivia,1896.31,2,2026-02-08,Delivered
7479,78,109,Perfume,Beauty & Personal Care,The Man Company,998.18,1,2024-05-04,Delivered
7480,1618,125,Football,Sports & Fitness,Cosco,762.85,1,2026-04-01,Delivered
7481,1285,40,Casual Sneakers,Fashion,Levis,4427.52,1,2024-03-01,Delivered
7482,959,1,Smartphone,Electronics,Xiaomi,39536.32,1,2025-03-04,Delivered
7483,889,100,Body Lotion,Beauty & Personal Care,The Man Company,174.11,4,2025-10-18,Delivered
7484,1770,22,Neckband Earphones,Electronics,Samsung,73930.46,2,2026-02-28,Delivered
7485,1183,5,Bluetooth Earbuds,Electronics,boAt,88839.74,1,2026-03-15,Delivered
7486,450,61,Water Bottle Set,Home & Kitchen,Philips,534.1,1,2025-04-15,Delivered
7487,406,51,Mixer Grinder,Home & Kitchen,Philips,1688.27,1,2025-12-04,Returned
7488,1935,105,Lipstick,Beauty & Personal Care,Nivea,2471.96,1,2024-08-21,Delivered
7489,246,82,Children's Story Book,Books,Rupa Publications,681.11,1,2025-11-14,Delivered
7490,1847,98,Hair Serum,Beauty & Personal Care,Mamaearth,2349.28,1,2026-03-19,Delivered
7491,59,40,Casual Sneakers,Fashion,Levis,1889.16,1,2025-05-29,Delivered
7492,112,90,Business Book,Books,Rupa Publications,580.23,1,2024-11-24,Delivered
7493,1592,104,Lipstick,Beauty & Personal Care,Dove,1621.02,3,2025-07-02,Delivered
7494,594,11,LED TV 43-inch,Electronics,boAt,46019.59,1,2025-10-18,Delivered
7495,1142,62,Water Bottle Set,Home & Kitchen,Pigeon,11995.6,3,2026-04-15,Cancelled
7496,1850,42,Casual Sneakers,Fashion,Biba,4697.18,2,2024-10-26,Cancelled
7497,907,54,Non-Stick Pan Set,Home & Kitchen,Philips,3928.09,1,2025-08-04,Cancelled
7498,1283,36,Denim Jeans,Fashion,Puma,4715.8,1,2026-02-11,Shipped
7499,183,122,Badminton Racket,Sports & Fitness,Yonex,783.98,4,2025-05-05,Delivered
7500,193,73,Fiction Novel,Books,Scholastic,138.11,1,2025-06-12,Shipped
7501,1786,17,Power Bank 10000mAh,Electronics,Samsung,45230.04,1,2024-12-01,Delivered
7502,536,17,Power Bank 10000mAh,Electronics,Samsung,45574.75,1,2025-09-07,Delivered
7503,1623,4,Bluetooth Earbuds,Electronics,Xiaomi,78980.62,1,2024-08-06,Delivered
7504,1708,44,Handbag,Fashion,Van Heusen,3689.75,1,2026-02-27,Delivered
7505,38,21,Bluetooth Speaker,Electronics,Apple,9152.82,2,2025-10-03,Delivered
7506,1613,42,Casual Sneakers,Fashion,Biba,811.03,1,2026-01-20,Delivered
7507,1488,39,Formal Shirt,Fashion,Allen Solly,2489.53,1,2026-03-22,Delivered
7508,592,108,Trimmer,Beauty & Personal Care,Lakme,2382.85,1,2025-05-29,Delivered
7509,1498,80,Competitive Exam Guide,Books,HarperCollins,482.65,1,2026-04-18,Delivered
7510,1852,51,Mixer Grinder,Home & Kitchen,Philips,2880.07,1,2025-12-02,Delivered
7511,1557,125,Football,Sports & Fitness,Cosco,6209.94,3,2025-06-19,Delivered
7512,1210,119,Dumbbell Set 10kg,Sports & Fitness,Adidas,5245.49,1,2024-07-08,Delivered
7513,1429,4,Bluetooth Earbuds,Electronics,Xiaomi,78020.08,2,2025-11-23,Delivered
7514,1070,97,Hair Serum,Beauty & Personal Care,Lakme,965.73,1,2026-03-27,Delivered
7515,1301,97,Hair Serum,Beauty & Personal Care,Lakme,1426.11,1,2026-02-07,Delivered
7516,843,31,Running Shoes,Fashion,Biba,2108.66,2,2025-11-29,Cancelled
7517,1787,118,Dumbbell Set 10kg,Sports & Fitness,Decathlon,6110.19,1,2026-02-01,Delivered
7518,1029,109,Perfume,Beauty & Personal Care,The Man Company,1784.67,1,2026-02-12,Delivered
7519,1854,109,Perfume,Beauty & Personal Care,The Man Company,1021.22,1,2026-01-31,Delivered
7520,1953,119,Dumbbell Set 10kg,Sports & Fitness,Adidas,3534.01,1,2025-03-10,Delivered
7521,1623,5,Bluetooth Earbuds,Electronics,boAt,4298.95,1,2026-02-09,Delivered
7522,1670,50,Mixer Grinder,Home & Kitchen,Pigeon,8608.61,1,2026-02-14,Delivered
7523,1716,62,Water Bottle Set,Home & Kitchen,Pigeon,3806.83,2,2026-04-05,Delivered
7524,1898,112,Yoga Mat,Sports & Fitness,Nivia,3590.55,1,2026-07-13,Cancelled
7525,920,95,Sunscreen SPF50,Beauty & Personal Care,The Man Company,763.57,1,2025-01-07,Delivered
7526,1547,21,Bluetooth Speaker,Electronics,Apple,87595.13,4,2025-04-13,Shipped
7527,278,1,Smartphone,Electronics,Xiaomi,57725.43,1,2026-01-10,Delivered
7528,1148,4,Bluetooth Earbuds,Electronics,Xiaomi,88494.76,4,2025-09-27,Delivered
7529,1931,89,Business Book,Books,Bloomsbury,399.3,2,2025-10-19,Cancelled
7530,816,56,Air Fryer,Home & Kitchen,Prestige,952.29,1,2025-10-19,Delivered
7531,1668,113,Yoga Mat,Sports & Fitness,Decathlon,4268.49,1,2025-11-29,Delivered
7532,1424,3,Smartphone,Electronics,boAt,38033.92,1,2025-12-30,Delivered
7533,171,73,Fiction Novel,Books,Scholastic,301.36,1,2025-04-02,Delivered
7534,1153,80,Competitive Exam Guide,Books,HarperCollins,902.62,1,2026-02-20,Delivered
7535,1990,102,Body Lotion,Beauty & Personal Care,Mamaearth,1295.78,1,2026-03-29,Delivered
7536,1580,81,Competitive Exam Guide,Books,Penguin,844.85,1,2026-02-06,Delivered
7537,866,13,Laptop,Electronics,Sony,87316.07,1,2025-04-25,Delivered
7538,290,101,Body Lotion,Beauty & Personal Care,Lakme,2414.28,1,2025-10-27,Delivered
7539,1243,127,Resistance Band Set,Sports & Fitness,Nivia,585.28,3,2025-04-30,Delivered
7540,1736,102,Body Lotion,Beauty & Personal Care,Mamaearth,1145.04,1,2024-07-03,Delivered
7541,1270,31,Running Shoes,Fashion,Biba,2483.41,1,2024-10-13,Cancelled
7542,1466,41,Casual Sneakers,Fashion,Allen Solly,3666.19,1,2026-07-07,Cancelled
7543,1864,6,Bluetooth Earbuds,Electronics,Sony,14165.56,1,2026-03-19,Delivered
7544,1138,102,Body Lotion,Beauty & Personal Care,Mamaearth,225.04,1,2025-09-26,Shipped
7545,789,24,Neckband Earphones,Electronics,Realme,43051.41,1,2026-07-10,Shipped
7546,989,66,Induction Cooktop,Home & Kitchen,Cello,11867.94,1,2026-04-04,Cancelled
7547,708,84,Children's Story Book,Books,Scholastic,176.3,4,2025-04-17,Shipped
7548,1761,94,Sunscreen SPF50,Beauty & Personal Care,Mamaearth,1528.46,1,2026-05-22,Pending
7549,618,23,Neckband Earphones,Electronics,JBL,31924.56,1,2026-01-05,Delivered
7550,1414,60,Table Lamp,Home & Kitchen,Pigeon,6783.77,2,2024-12-26,Delivered
7551,682,76,Self-Help Book,Books,Bloomsbury,334.72,1,2024-11-15,Returned
7552,650,1,Smartphone,Electronics,Xiaomi,6534.67,1,2026-03-04,Delivered
7553,474,6,Bluetooth Earbuds,Electronics,Sony,72789.3,1,2025-09-22,Delivered
7554,1729,123,Badminton Racket,Sports & Fitness,Decathlon,3500.03,1,2026-03-23,Cancelled
7555,426,80,Competitive Exam Guide,Books,HarperCollins,816.08,1,2025-01-17,Shipped
7556,565,111,Perfume,Beauty & Personal Care,Plum,794.56,1,2025-09-02,Delivered
7557,648,7,Smartwatch,Electronics,Samsung,51709.06,1,2026-08-17,Delivered
7558,720,20,Bluetooth Speaker,Electronics,Xiaomi,75144.49,1,2025-12-30,Shipped
7559,776,40,Casual Sneakers,Fashion,Levis,3123.93,1,2026-05-03,Delivered
7560,746,53,Non-Stick Pan Set,Home & Kitchen,Pigeon,2094.97,1,2025-04-15,Delivered
7561,613,27,Men's T-Shirt,Fashion,Puma,4367.43,1,2025-10-19,Shipped
7562,1852,61,Water Bottle Set,Home & Kitchen,Philips,12565.15,1,2026-01-24,Delivered
7563,53,26,Men's T-Shirt,Fashion,Nike,3005.54,1,2025-12-29,Delivered
7564,100,25,Men's T-Shirt,Fashion,Allen Solly,4969.95,2,2026-04-26,Delivered
7565,1385,39,Formal Shirt,Fashion,Allen Solly,3395.43,2,2025-12-30,Cancelled
7566,261,57,Air Fryer,Home & Kitchen,Pigeon,1958.72,1,2025-03-08,Delivered
7567,1530,29,Women's Kurta,Fashion,Allen Solly,4916.07,2,2026-01-28,Delivered
7568,1451,28,Women's Kurta,Fashion,Levis,956.99,2,2025-02-14,Shipped
7569,434,110,Perfume,Beauty & Personal Care,Lakme,555.99,1,2025-10-02,Delivered
7570,1050,44,Handbag,Fashion,Van Heusen,1559.79,1,2026-08-01,Delivered
7571,183,103,Lipstick,Beauty & Personal Care,The Man Company,436.51,2,2025-07-26,Delivered
7572,1007,22,Neckband Earphones,Electronics,Samsung,9262.91,1,2025-10-20,Shipped
7573,1776,84,Children's Story Book,Books,Scholastic,607.5,1,2026-07-25,Delivered
7574,423,64,Induction Cooktop,Home & Kitchen,Milton,4739.86,1,2026-06-02,Delivered
7575,1758,36,Denim Jeans,Fashion,Puma,3675.28,4,2025-07-02,Delivered
7576,1298,70,Bedsheet Set,Home & Kitchen,Bajaj,9412.99,4,2024-01-13,Delivered
7577,1177,69,Wall Clock,Home & Kitchen,Philips,10364.51,1,2025-01-06,Delivered
7578,1706,43,Handbag,Fashion,Biba,2798.74,1,2025-06-08,Delivered
7579,1099,75,Fiction Novel,Books,Bloomsbury,355.89,1,2025-11-08,Cancelled
7580,199,97,Hair Serum,Beauty & Personal Care,Lakme,454.9,1,2025-05-17,Delivered
7581,884,73,Fiction Novel,Books,Scholastic,678.47,1,2026-03-07,Pending
7582,1352,60,Table Lamp,Home & Kitchen,Pigeon,2053.26,2,2026-08-01,Delivered
7583,285,65,Induction Cooktop,Home & Kitchen,Prestige,2272.65,1,2026-05-22,Delivered
7584,1784,101,Body Lotion,Beauty & Personal Care,Lakme,1353.25,1,2026-08-11,Delivered
7585,214,125,Football,Sports & Fitness,Cosco,6600.51,1,2026-07-05,Delivered
7586,1252,120,Dumbbell Set 10kg,Sports & Fitness,Yonex,2123.62,1,2024-12-15,Delivered
7587,440,20,Bluetooth Speaker,Electronics,Xiaomi,1110.89,1,2025-01-26,Delivered
7588,1500,83,Children's Story Book,Books,Penguin,263.26,1,2025-06-30,Delivered
7589,506,69,Wall Clock,Home & Kitchen,Philips,4060.05,1,2025-10-28,Delivered
7590,476,96,Sunscreen SPF50,Beauty & Personal Care,Plum,427.95,3,2025-01-30,Delivered
7591,1883,116,Cricket Bat,Sports & Fitness,Adidas,3482.19,3,2024-06-17,Delivered
7592,280,31,Running Shoes,Fashion,Biba,3795.28,1,2025-12-19,Delivered
7593,877,1,Smartphone,Electronics,Xiaomi,10034.0,1,2025-09-22,Delivered
7594,54,115,Cricket Bat,Sports & Fitness,Nivia,3215.1,1,2026-06-02,Delivered
7595,585,43,Handbag,Fashion,Biba,1623.23,1,2025-12-12,Shipped
7596,880,45,Handbag,Fashion,Allen Solly,4649.55,2,2024-07-27,Delivered
7597,1390,109,Perfume,Beauty & Personal Care,The Man Company,1440.43,2,2025-07-27,Returned
7598,1147,45,Handbag,Fashion,Allen Solly,399.25,1,2026-03-08,Delivered
7599,9,47,Sunglasses,Fashion,Biba,1102.92,1,2025-10-03,Cancelled
7600,730,30,Women's Kurta,Fashion,Biba,317.39,2,2024-10-15,Delivered
7601,1572,89,Business Book,Books,Bloomsbury,709.86,1,2025-04-05,Delivered
7602,102,126,Football,Sports & Fitness,Yonex,6083.18,1,2025-12-27,Delivered
7603,1965,81,Competitive Exam Guide,Books,Penguin,177.22,1,2026-03-06,Delivered
7604,344,35,Denim Jeans,Fashion,Van Heusen,4265.52,2,2025-01-08,Delivered
7605,1618,64,Induction Cooktop,Home & Kitchen,Milton,4494.22,1,2026-03-30,Cancelled
7606,1367,44,Handbag,Fashion,Van Heusen,2325.69,1,2025-06-06,Delivered
7607,350,2,Smartphone,Electronics,Apple,77125.53,1,2025-02-20,Delivered
7608,26,27,Men's T-Shirt,Fashion,Puma,2605.38,2,2024-12-16,Delivered
7609,778,38,Formal Shirt,Fashion,Levis,1679.33,1,2025-08-29,Delivered
7610,1152,42,Casual Sneakers,Fashion,Biba,4789.43,1,2026-03-16,Delivered
7611,1938,48,Sunglasses,Fashion,Puma,958.36,2,2025-04-12,Delivered
7612,785,6,Bluetooth Earbuds,Electronics,Sony,86763.05,1,2026-05-26,Delivered
7613,1980,72,Bedsheet Set,Home & Kitchen,Prestige,11957.67,1,2025-12-03,Delivered
7614,765,16,Power Bank 10000mAh,Electronics,OnePlus,21735.13,1,2026-07-11,Shipped
7615,1476,121,Badminton Racket,Sports & Fitness,Cosco,1054.66,1,2025-07-23,Delivered
7616,1358,28,Women's Kurta,Fashion,Levis,985.16,1,2026-01-23,Delivered
7617,572,53,Non-Stick Pan Set,Home & Kitchen,Pigeon,3679.68,1,2025-08-15,Delivered
7618,1156,114,Yoga Mat,Sports & Fitness,Adidas,3877.66,1,2026-06-08,Delivered
7619,153,48,Sunglasses,Fashion,Puma,4103.43,2,2025-03-24,Delivered
7620,1562,83,Children's Story Book,Books,Penguin,821.88,1,2026-04-02,Delivered
7621,900,128,Resistance Band Set,Sports & Fitness,Decathlon,549.97,1,2026-04-15,Delivered
7622,1664,13,Laptop,Electronics,Sony,21509.47,1,2026-08-02,Delivered
7623,457,39,Formal Shirt,Fashion,Allen Solly,836.7,3,2026-05-28,Delivered
7624,545,87,Biography,Books,Bloomsbury,776.97,1,2023-12-01,Delivered
7625,1971,112,Yoga Mat,Sports & Fitness,Nivia,3058.16,2,2025-12-22,Delivered
7626,1349,57,Air Fryer,Home & Kitchen,Pigeon,7159.12,1,2025-11-08,Delivered
7627,703,30,Women's Kurta,Fashion,Biba,827.4,3,2026-07-23,Delivered
7628,1025,87,Biography,Books,Bloomsbury,649.64,1,2025-10-21,Returned
7629,1278,99,Hair Serum,Beauty & Personal Care,Plum,913.32,1,2025-05-09,Delivered
7630,421,100,Body Lotion,Beauty & Personal Care,The Man Company,1143.16,1,2024-12-16,Delivered
7631,181,116,Cricket Bat,Sports & Fitness,Adidas,6327.65,1,2024-11-30,Delivered
7632,2,15,Laptop,Electronics,boAt,80239.04,2,2025-12-09,Delivered
7633,840,43,Handbag,Fashion,Biba,1150.49,2,2025-01-01,Delivered
7634,788,68,Wall Clock,Home & Kitchen,Havells,12556.92,1,2025-04-03,Delivered
7635,165,129,Resistance Band Set,Sports & Fitness,Yonex,1018.48,1,2025-11-18,Delivered
7636,1360,84,Children's Story Book,Books,Scholastic,157.55,1,2025-03-19,Delivered
7637,584,11,LED TV 43-inch,Electronics,boAt,80410.5,3,2026-06-28,Delivered
7638,1234,53,Non-Stick Pan Set,Home & Kitchen,Pigeon,613.9,4,2026-02-22,Delivered
7639,102,18,Power Bank 10000mAh,Electronics,Sony,3783.57,1,2025-08-17,Delivered
7640,821,56,Air Fryer,Home & Kitchen,Prestige,2648.64,4,2026-04-25,Returned
7641,176,44,Handbag,Fashion,Van Heusen,2128.98,1,2025-05-15,Delivered
7642,1875,13,Laptop,Electronics,Sony,40667.42,1,2026-08-10,Delivered
7643,1177,111,Perfume,Beauty & Personal Care,Plum,802.51,1,2025-09-15,Delivered
7644,917,27,Men's T-Shirt,Fashion,Puma,2374.58,1,2025-08-25,Delivered
7645,1648,84,Children's Story Book,Books,Scholastic,643.78,2,2026-02-08,Delivered
7646,784,128,Resistance Band Set,Sports & Fitness,Decathlon,2166.26,1,2026-01-02,Delivered
7647,1460,49,Mixer Grinder,Home & Kitchen,Havells,1333.95,1,2026-02-04,Cancelled
7648,891,86,Biography,Books,HarperCollins,329.48,1,2025-05-05,Delivered
7649,1882,28,Women's Kurta,Fashion,Levis,4026.33,2,2025-07-03,Delivered
7650,1123,32,Running Shoes,Fashion,H&M,332.96,1,2025-08-10,Cancelled
7651,1519,97,Hair Serum,Beauty & Personal Care,Lakme,2483.15,2,2025-09-09,Delivered
7652,361,119,Dumbbell Set 10kg,Sports & Fitness,Adidas,469.75,2,2024-04-18,Delivered
7653,1286,31,Running Shoes,Fashion,Biba,2480.91,1,2026-01-23,Delivered
7654,1472,86,Biography,Books,HarperCollins,924.97,1,2024-10-10,Delivered
7655,1517,30,Women's Kurta,Fashion,Biba,1076.45,1,2025-12-19,Delivered
7656,1808,8,Smartwatch,Electronics,OnePlus,40925.13,1,2025-11-12,Delivered
7657,260,112,Yoga Mat,Sports & Fitness,Nivia,5524.69,2,2025-11-26,Delivered
7658,521,36,Denim Jeans,Fashion,Puma,4080.04,1,2026-03-16,Delivered
7659,843,24,Neckband Earphones,Electronics,Realme,17178.4,1,2025-03-06,Returned
7660,1117,91,Face Wash,Beauty & Personal Care,The Man Company,355.15,1,2025-08-07,Delivered
7661,1749,5,Bluetooth Earbuds,Electronics,boAt,87350.44,1,2026-04-06,Cancelled
7662,1442,6,Bluetooth Earbuds,Electronics,Sony,30656.87,3,2025-01-17,Delivered
7663,1754,44,Handbag,Fashion,Van Heusen,3350.08,3,2025-09-18,Delivered
7664,225,64,Induction Cooktop,Home & Kitchen,Milton,7282.62,2,2025-06-02,Delivered
7665,1590,56,Air Fryer,Home & Kitchen,Prestige,10374.49,4,2026-05-14,Cancelled
7666,1379,104,Lipstick,Beauty & Personal Care,Dove,1066.38,1,2025-07-29,Delivered
7667,311,77,Self-Help Book,Books,Scholastic,262.56,4,2026-03-03,Delivered
7668,1716,83,Children's Story Book,Books,Penguin,531.73,1,2026-06-13,Delivered
7669,1887,17,Power Bank 10000mAh,Electronics,Samsung,9939.11,1,2026-04-06,Delivered
7670,120,113,Yoga Mat,Sports & Fitness,Decathlon,3943.51,1,2026-02-03,Delivered
7671,1384,108,Trimmer,Beauty & Personal Care,Lakme,1876.08,1,2026-02-04,Delivered
7672,285,118,Dumbbell Set 10kg,Sports & Fitness,Decathlon,1013.38,2,2026-07-09,Delivered
7673,423,59,Table Lamp,Home & Kitchen,Havells,4815.09,3,2026-06-10,Delivered
7674,945,115,Cricket Bat,Sports & Fitness,Nivia,1378.12,1,2026-07-26,Delivered
7675,138,53,Non-Stick Pan Set,Home & Kitchen,Pigeon,1870.46,4,2026-02-26,Delivered
7676,688,67,Wall Clock,Home & Kitchen,Cello,12205.38,2,2025-11-12,Shipped
7677,1807,33,Running Shoes,Fashion,Roadster,1304.01,1,2024-03-17,Cancelled
7678,1319,15,Laptop,Electronics,boAt,5395.65,1,2025-10-25,Shipped
7679,457,103,Lipstick,Beauty & Personal Care,The Man Company,1255.96,1,2026-06-04,Cancelled
7680,193,96,Sunscreen SPF50,Beauty & Personal Care,Plum,666.19,1,2025-08-31,Delivered
7681,827,57,Air Fryer,Home & Kitchen,Pigeon,4376.76,1,2026-08-16,Shipped
7682,1922,118,Dumbbell Set 10kg,Sports & Fitness,Decathlon,2507.5,1,2026-03-04,Delivered
7683,530,61,Water Bottle Set,Home & Kitchen,Philips,3280.35,1,2025-08-30,Delivered
7684,706,107,Trimmer,Beauty & Personal Care,Plum,744.52,3,2024-12-05,Delivered
7685,130,54,Non-Stick Pan Set,Home & Kitchen,Philips,9411.87,1,2026-01-27,Delivered
7686,197,12,LED TV 43-inch,Electronics,JBL,42397.55,1,2025-06-12,Delivered
7687,172,86,Biography,Books,HarperCollins,401.6,1,2026-08-17,Cancelled
7688,1379,95,Sunscreen SPF50,Beauty & Personal Care,The Man Company,385.01,1,2025-07-05,Delivered
7689,1972,50,Mixer Grinder,Home & Kitchen,Pigeon,3951.17,2,2026-03-27,Delivered
7690,1178,78,Self-Help Book,Books,HarperCollins,338.54,1,2025-12-17,Delivered
7691,749,112,Yoga Mat,Sports & Fitness,Nivia,5209.73,3,2026-03-24,Delivered
7692,772,52,Non-Stick Pan Set,Home & Kitchen,Bajaj,5488.95,2,2024-09-12,Delivered
7693,252,59,Table Lamp,Home & Kitchen,Havells,4138.65,1,2026-03-24,Pending
7694,1418,114,Yoga Mat,Sports & Fitness,Adidas,2516.34,1,2026-05-30,Returned
7695,1268,45,Handbag,Fashion,Allen Solly,1277.5,1,2025-12-22,Shipped
7696,379,34,Denim Jeans,Fashion,H&M,1384.57,3,2025-09-01,Delivered
7697,789,50,Mixer Grinder,Home & Kitchen,Pigeon,9632.51,2,2026-06-17,Delivered
7698,1877,116,Cricket Bat,Sports & Fitness,Adidas,4461.8,1,2024-06-05,Delivered
7699,141,42,Casual Sneakers,Fashion,Biba,2376.07,2,2026-07-31,Cancelled
7700,1994,55,Air Fryer,Home & Kitchen,Bajaj,9498.3,1,2025-10-17,Delivered
7701,1292,30,Women's Kurta,Fashion,Biba,3719.17,1,2025-08-06,Shipped
7702,1710,63,Water Bottle Set,Home & Kitchen,Cello,1207.29,1,2025-12-05,Delivered
7703,235,68,Wall Clock,Home & Kitchen,Havells,5251.6,1,2026-02-01,Delivered
7704,1328,80,Competitive Exam Guide,Books,HarperCollins,625.86,2,2026-04-21,Returned
7705,1096,89,Business Book,Books,Bloomsbury,179.05,1,2026-02-11,Cancelled
7706,734,47,Sunglasses,Fashion,Biba,935.65,2,2026-05-15,Delivered
7707,472,47,Sunglasses,Fashion,Biba,3766.76,1,2026-02-20,Delivered
7708,440,69,Wall Clock,Home & Kitchen,Philips,6991.26,1,2024-10-20,Shipped
7709,1008,112,Yoga Mat,Sports & Fitness,Nivia,2625.9,1,2026-03-24,Delivered
7710,639,43,Handbag,Fashion,Biba,2903.41,1,2024-12-07,Delivered
7711,1562,76,Self-Help Book,Books,Bloomsbury,407.25,1,2024-05-15,Delivered
7712,1192,17,Power Bank 10000mAh,Electronics,Samsung,85461.76,1,2025-12-11,Delivered
7713,544,120,Dumbbell Set 10kg,Sports & Fitness,Yonex,3899.09,3,2025-11-26,Delivered
7714,297,69,Wall Clock,Home & Kitchen,Philips,8906.6,1,2024-09-28,Cancelled
7715,571,78,Self-Help Book,Books,HarperCollins,581.28,1,2025-11-28,Cancelled
7716,810,80,Competitive Exam Guide,Books,HarperCollins,370.09,1,2026-01-24,Delivered
7717,363,95,Sunscreen SPF50,Beauty & Personal Care,The Man Company,1238.15,1,2024-07-29,Delivered
7718,526,15,Laptop,Electronics,boAt,43583.69,1,2026-05-20,Cancelled
7719,175,34,Denim Jeans,Fashion,H&M,2370.17,2,2025-04-25,Delivered
7720,237,34,Denim Jeans,Fashion,H&M,1293.34,1,2026-05-06,Delivered
7721,752,38,Formal Shirt,Fashion,Levis,4511.71,2,2026-01-02,Delivered
7722,1713,45,Handbag,Fashion,Allen Solly,4241.66,1,2024-11-19,Delivered
7723,960,56,Air Fryer,Home & Kitchen,Prestige,1017.49,1,2025-08-20,Delivered
7724,1151,55,Air Fryer,Home & Kitchen,Bajaj,3504.42,1,2025-01-02,Delivered
7725,1464,55,Air Fryer,Home & Kitchen,Bajaj,7429.36,2,2025-07-16,Delivered
7726,1351,49,Mixer Grinder,Home & Kitchen,Havells,7248.82,1,2026-01-27,Shipped
7727,1156,54,Non-Stick Pan Set,Home & Kitchen,Philips,11511.76,2,2026-06-02,Delivered
7728,484,78,Self-Help Book,Books,HarperCollins,578.0,3,2025-10-22,Delivered
7729,744,31,Running Shoes,Fashion,Biba,1923.88,1,2026-02-01,Delivered
7730,273,129,Resistance Band Set,Sports & Fitness,Yonex,2467.95,2,2025-07-02,Delivered
7731,330,101,Body Lotion,Beauty & Personal Care,Lakme,2325.03,1,2024-05-13,Returned
7732,363,32,Running Shoes,Fashion,H&M,4803.37,1,2025-03-01,Returned
7733,839,90,Business Book,Books,Rupa Publications,173.96,2,2026-03-16,Delivered
7734,1234,9,Smartwatch,Electronics,boAt,7015.31,1,2026-02-11,Delivered
7735,500,83,Children's Story Book,Books,Penguin,390.89,1,2025-08-31,Delivered
7736,257,19,Bluetooth Speaker,Electronics,boAt,81750.36,4,2026-07-26,Cancelled
7737,1326,77,Self-Help Book,Books,Scholastic,602.86,1,2026-05-24,Delivered
7738,110,63,Water Bottle Set,Home & Kitchen,Cello,961.9,1,2026-08-17,Delivered
7739,480,39,Formal Shirt,Fashion,Allen Solly,3371.5,1,2025-06-11,Delivered
7740,338,80,Competitive Exam Guide,Books,HarperCollins,888.27,2,2025-12-19,Delivered
7741,1876,12,LED TV 43-inch,Electronics,JBL,73952.83,3,2026-05-14,Delivered
7742,1784,41,Casual Sneakers,Fashion,Allen Solly,2896.67,1,2026-08-17,Delivered
7743,593,5,Bluetooth Earbuds,Electronics,boAt,60226.99,1,2026-07-31,Pending
7744,985,76,Self-Help Book,Books,Bloomsbury,621.3,1,2026-04-26,Delivered
7745,1699,5,Bluetooth Earbuds,Electronics,boAt,65979.46,1,2025-10-06,Delivered
7746,681,14,Laptop,Electronics,Xiaomi,11339.32,1,2026-04-16,Delivered
7747,407,100,Body Lotion,Beauty & Personal Care,The Man Company,1158.41,1,2026-05-31,Delivered
7748,974,112,Yoga Mat,Sports & Fitness,Nivia,2228.41,1,2025-10-30,Delivered
7749,549,47,Sunglasses,Fashion,Biba,860.75,1,2025-08-11,Delivered
7750,1643,127,Resistance Band Set,Sports & Fitness,Nivia,1426.69,3,2025-09-11,Delivered
7751,656,42,Casual Sneakers,Fashion,Biba,772.88,2,2026-06-19,Shipped
7752,1510,84,Children's Story Book,Books,Scholastic,890.3,1,2025-11-07,Delivered
7753,794,73,Fiction Novel,Books,Scholastic,817.61,1,2026-02-19,Shipped
7754,1672,101,Body Lotion,Beauty & Personal Care,Lakme,275.39,1,2024-11-20,Pending
7755,1030,52,Non-Stick Pan Set,Home & Kitchen,Bajaj,12499.88,1,2025-11-14,Cancelled
7756,1693,105,Lipstick,Beauty & Personal Care,Nivea,2208.75,1,2025-08-23,Delivered
7757,201,88,Business Book,Books,Penguin,945.54,3,2024-02-11,Delivered
7758,1086,80,Competitive Exam Guide,Books,HarperCollins,759.83,1,2025-06-06,Delivered
7759,433,27,Men's T-Shirt,Fashion,Puma,4757.23,2,2026-07-27,Delivered
7760,886,60,Table Lamp,Home & Kitchen,Pigeon,8569.76,1,2026-02-22,Delivered
7761,1018,36,Denim Jeans,Fashion,Puma,4510.65,1,2026-04-13,Pending
7762,1816,90,Business Book,Books,Rupa Publications,146.65,1,2026-02-16,Delivered
7763,1611,114,Yoga Mat,Sports & Fitness,Adidas,4075.85,4,2024-12-02,Delivered
7764,907,22,Neckband Earphones,Electronics,Samsung,5004.76,1,2025-07-12,Delivered
7765,206,7,Smartwatch,Electronics,Samsung,66910.44,2,2026-05-03,Delivered
7766,1689,115,Cricket Bat,Sports & Fitness,Nivia,3753.45,1,2025-02-16,Delivered
7767,1573,27,Men's T-Shirt,Fashion,Puma,1522.3,1,2025-02-27,Returned
7768,1859,119,Dumbbell Set 10kg,Sports & Fitness,Adidas,3517.14,1,2026-01-27,Delivered
7769,1610,103,Lipstick,Beauty & Personal Care,The Man Company,1582.21,2,2025-04-26,Delivered
7770,235,52,Non-Stick Pan Set,Home & Kitchen,Bajaj,6064.33,2,2026-04-30,Delivered
7771,130,73,Fiction Novel,Books,Scholastic,705.87,1,2026-02-06,Delivered
7772,827,3,Smartphone,Electronics,boAt,70437.21,1,2026-08-07,Shipped
7773,635,26,Men's T-Shirt,Fashion,Nike,1731.41,3,2026-03-16,Delivered
7774,1660,129,Resistance Band Set,Sports & Fitness,Yonex,2252.46,1,2025-09-22,Shipped
7775,779,117,Cricket Bat,Sports & Fitness,Decathlon,2090.51,1,2025-07-24,Delivered
7776,911,97,Hair Serum,Beauty & Personal Care,Lakme,1942.8,1,2026-07-13,Delivered
7777,859,114,Yoga Mat,Sports & Fitness,Adidas,888.04,1,2024-11-17,Delivered
7778,1338,30,Women's Kurta,Fashion,Biba,742.64,1,2026-06-23,Delivered
7779,1204,36,Denim Jeans,Fashion,Puma,1759.34,3,2026-02-11,Delivered
7780,1070,126,Football,Sports & Fitness,Yonex,3922.94,1,2025-07-27,Delivered
7781,559,53,Non-Stick Pan Set,Home & Kitchen,Pigeon,2458.42,1,2025-12-28,Delivered
7782,168,52,Non-Stick Pan Set,Home & Kitchen,Bajaj,9092.74,2,2025-03-03,Delivered
7783,1584,20,Bluetooth Speaker,Electronics,Xiaomi,5546.79,1,2024-05-05,Delivered
7784,1652,79,Competitive Exam Guide,Books,Scholastic,519.67,2,2025-09-23,Delivered
7785,642,112,Yoga Mat,Sports & Fitness,Nivia,855.03,1,2025-12-01,Cancelled
7786,1815,129,Resistance Band Set,Sports & Fitness,Yonex,583.16,2,2024-08-14,Delivered
7787,660,40,Casual Sneakers,Fashion,Levis,1533.45,2,2026-02-07,Delivered
7788,1043,128,Resistance Band Set,Sports & Fitness,Decathlon,492.76,1,2026-06-02,Delivered
7789,1611,69,Wall Clock,Home & Kitchen,Philips,9585.24,1,2025-04-16,Delivered
7790,676,80,Competitive Exam Guide,Books,HarperCollins,710.05,1,2025-01-27,Delivered
7791,1280,82,Children's Story Book,Books,Rupa Publications,840.5,1,2026-03-21,Delivered
7792,894,34,Denim Jeans,Fashion,H&M,4631.68,1,2025-10-11,Delivered
7793,357,39,Formal Shirt,Fashion,Allen Solly,917.25,2,2025-09-19,Delivered
7794,238,113,Yoga Mat,Sports & Fitness,Decathlon,6838.19,1,2025-12-21,Delivered
7795,1418,78,Self-Help Book,Books,HarperCollins,778.42,1,2026-06-05,Delivered
7796,901,12,LED TV 43-inch,Electronics,JBL,49764.26,1,2026-05-10,Delivered
7797,1410,83,Children's Story Book,Books,Penguin,449.44,2,2025-08-03,Delivered
7798,1959,78,Self-Help Book,Books,HarperCollins,349.65,3,2024-08-26,Delivered
7799,1060,34,Denim Jeans,Fashion,H&M,3396.4,1,2024-11-11,Returned
7800,1860,76,Self-Help Book,Books,Bloomsbury,196.91,2,2025-01-28,Returned
7801,1655,15,Laptop,Electronics,boAt,24345.49,1,2026-06-10,Delivered
7802,481,43,Handbag,Fashion,Biba,2182.75,1,2026-04-01,Cancelled
7803,884,34,Denim Jeans,Fashion,H&M,1469.9,1,2024-08-06,Delivered
7804,1399,45,Handbag,Fashion,Allen Solly,3091.15,1,2025-02-27,Delivered
7805,987,36,Denim Jeans,Fashion,Puma,3240.57,1,2025-12-27,Delivered
7806,415,39,Formal Shirt,Fashion,Allen Solly,1149.62,1,2024-10-19,Delivered
7807,1122,6,Bluetooth Earbuds,Electronics,Sony,19067.0,3,2026-08-17,Cancelled
7808,1678,45,Handbag,Fashion,Allen Solly,3668.4,1,2024-11-29,Delivered
7809,295,67,Wall Clock,Home & Kitchen,Cello,2010.88,1,2024-12-08,Delivered
7810,803,55,Air Fryer,Home & Kitchen,Bajaj,7340.5,3,2026-03-05,Delivered
7811,521,70,Bedsheet Set,Home & Kitchen,Bajaj,7158.78,1,2026-01-12,Pending
7812,337,50,Mixer Grinder,Home & Kitchen,Pigeon,1867.03,1,2026-07-09,Delivered
7813,871,102,Body Lotion,Beauty & Personal Care,Mamaearth,429.73,1,2026-01-10,Delivered
7814,93,25,Men's T-Shirt,Fashion,Allen Solly,3899.6,1,2025-08-06,Delivered
7815,1876,59,Table Lamp,Home & Kitchen,Havells,5936.68,2,2026-05-07,Delivered
7816,1936,46,Sunglasses,Fashion,H&M,678.23,1,2025-11-27,Delivered
7817,1691,115,Cricket Bat,Sports & Fitness,Nivia,1091.34,1,2025-02-22,Delivered
7818,1789,127,Resistance Band Set,Sports & Fitness,Nivia,5653.55,2,2025-05-05,Delivered
7819,359,116,Cricket Bat,Sports & Fitness,Adidas,1563.35,1,2025-11-13,Delivered
7820,1761,14,Laptop,Electronics,Xiaomi,47598.55,2,2026-06-01,Delivered
7821,551,38,Formal Shirt,Fashion,Levis,3749.83,2,2026-03-03,Returned
7822,107,2,Smartphone,Electronics,Apple,74900.13,2,2025-05-17,Delivered
7823,1309,125,Football,Sports & Fitness,Cosco,1852.52,1,2026-05-14,Delivered
7824,990,92,Face Wash,Beauty & Personal Care,Plum,1515.66,1,2026-06-28,Delivered
7825,192,82,Children's Story Book,Books,Rupa Publications,520.03,1,2026-03-13,Delivered
7826,456,128,Resistance Band Set,Sports & Fitness,Decathlon,5406.88,1,2025-08-01,Delivered
7827,506,75,Fiction Novel,Books,Bloomsbury,802.2,1,2025-08-24,Delivered
7828,1498,118,Dumbbell Set 10kg,Sports & Fitness,Decathlon,2781.75,1,2025-02-10,Delivered
7829,949,31,Running Shoes,Fashion,Biba,1019.93,1,2026-05-04,Delivered
7830,1241,40,Casual Sneakers,Fashion,Levis,1614.36,1,2025-10-28,Delivered
7831,1257,68,Wall Clock,Home & Kitchen,Havells,8626.02,2,2025-04-24,Delivered
7832,238,63,Water Bottle Set,Home & Kitchen,Cello,11697.95,1,2026-03-16,Delivered
7833,975,6,Bluetooth Earbuds,Electronics,Sony,6475.86,1,2026-03-06,Delivered
7834,682,117,Cricket Bat,Sports & Fitness,Decathlon,3324.44,1,2025-12-05,Delivered
7835,230,117,Cricket Bat,Sports & Fitness,Decathlon,5064.21,2,2025-07-23,Delivered
7836,1239,11,LED TV 43-inch,Electronics,boAt,70864.7,1,2026-01-30,Delivered
7837,817,14,Laptop,Electronics,Xiaomi,21764.76,2,2025-10-09,Pending
7838,1539,35,Denim Jeans,Fashion,Van Heusen,1328.82,1,2025-09-21,Delivered
7839,1884,55,Air Fryer,Home & Kitchen,Bajaj,3109.54,1,2023-11-24,Delivered
7840,1650,82,Children's Story Book,Books,Rupa Publications,735.17,2,2026-06-09,Delivered
7841,1657,50,Mixer Grinder,Home & Kitchen,Pigeon,947.35,2,2025-05-11,Delivered
7842,1754,49,Mixer Grinder,Home & Kitchen,Havells,9830.65,1,2026-05-01,Delivered
7843,1888,57,Air Fryer,Home & Kitchen,Pigeon,1642.99,3,2025-01-02,Delivered
7844,1631,70,Bedsheet Set,Home & Kitchen,Bajaj,7272.09,1,2025-12-05,Returned
7845,1861,28,Women's Kurta,Fashion,Levis,3923.43,1,2025-12-28,Delivered
7846,1158,119,Dumbbell Set 10kg,Sports & Fitness,Adidas,1751.27,1,2026-03-04,Delivered
7847,273,124,Football,Sports & Fitness,Nivia,3770.24,1,2026-03-19,Delivered
7848,1069,102,Body Lotion,Beauty & Personal Care,Mamaearth,644.06,1,2025-03-16,Delivered
7849,860,110,Perfume,Beauty & Personal Care,Lakme,2100.64,1,2026-03-17,Shipped
7850,1860,57,Air Fryer,Home & Kitchen,Pigeon,7170.25,2,2024-03-06,Delivered
7851,1871,66,Induction Cooktop,Home & Kitchen,Cello,7201.91,1,2025-09-18,Delivered
7852,778,105,Lipstick,Beauty & Personal Care,Nivea,2138.83,2,2025-12-08,Delivered
7853,562,31,Running Shoes,Fashion,Biba,2863.83,1,2025-09-28,Delivered
7854,539,113,Yoga Mat,Sports & Fitness,Decathlon,5490.76,1,2025-11-20,Delivered
7855,941,27,Men's T-Shirt,Fashion,Puma,4960.88,2,2025-01-24,Delivered
7856,278,45,Handbag,Fashion,Allen Solly,4314.1,1,2026-01-13,Delivered
7857,1499,47,Sunglasses,Fashion,Biba,2577.54,3,2025-07-13,Delivered
7858,235,44,Handbag,Fashion,Van Heusen,2588.62,3,2026-02-06,Pending
7859,1825,62,Water Bottle Set,Home & Kitchen,Pigeon,1129.27,1,2025-11-19,Delivered
7860,589,99,Hair Serum,Beauty & Personal Care,Plum,2400.66,1,2025-01-02,Delivered
7861,947,94,Sunscreen SPF50,Beauty & Personal Care,Mamaearth,2016.37,1,2025-06-16,Delivered
7862,955,71,Bedsheet Set,Home & Kitchen,Pigeon,5443.25,1,2024-07-16,Delivered
7863,617,85,Biography,Books,Scholastic,673.58,1,2026-05-16,Returned
7864,1540,60,Table Lamp,Home & Kitchen,Pigeon,3558.43,1,2025-01-14,Shipped
7865,1601,126,Football,Sports & Fitness,Yonex,837.17,1,2025-10-24,Delivered
7866,821,33,Running Shoes,Fashion,Roadster,2954.09,2,2026-05-12,Delivered
7867,396,84,Children's Story Book,Books,Scholastic,316.29,2,2025-08-04,Delivered
7868,1884,17,Power Bank 10000mAh,Electronics,Samsung,8415.89,1,2026-07-04,Delivered
7869,1741,61,Water Bottle Set,Home & Kitchen,Philips,12650.92,1,2025-12-11,Cancelled
7870,1704,105,Lipstick,Beauty & Personal Care,Nivea,626.9,1,2026-06-18,Delivered
7871,1106,13,Laptop,Electronics,Sony,19332.66,1,2025-07-20,Delivered
7872,1502,51,Mixer Grinder,Home & Kitchen,Philips,3192.76,1,2026-05-23,Delivered
7873,1993,75,Fiction Novel,Books,Bloomsbury,885.28,1,2026-03-19,Delivered
7874,1488,73,Fiction Novel,Books,Scholastic,919.96,3,2026-06-02,Delivered
7875,1872,45,Handbag,Fashion,Allen Solly,1662.78,2,2025-10-26,Cancelled
7876,1493,20,Bluetooth Speaker,Electronics,Xiaomi,41438.81,1,2025-11-30,Shipped
7877,1143,67,Wall Clock,Home & Kitchen,Cello,1851.26,1,2025-05-06,Delivered
7878,248,110,Perfume,Beauty & Personal Care,Lakme,1580.8,1,2024-12-01,Delivered
7879,928,34,Denim Jeans,Fashion,H&M,1789.6,2,2025-04-27,Returned
7880,1720,8,Smartwatch,Electronics,OnePlus,49377.79,1,2026-05-16,Delivered
7881,1155,46,Sunglasses,Fashion,H&M,2650.42,1,2024-05-19,Shipped
7882,1931,56,Air Fryer,Home & Kitchen,Prestige,4278.87,3,2025-10-10,Delivered
7883,1138,112,Yoga Mat,Sports & Fitness,Nivia,3451.14,1,2024-07-19,Shipped
7884,797,84,Children's Story Book,Books,Scholastic,779.35,2,2025-02-17,Delivered
7885,394,34,Denim Jeans,Fashion,H&M,4044.85,2,2025-03-07,Returned
7886,596,47,Sunglasses,Fashion,Biba,4047.46,1,2024-12-13,Shipped
7887,521,26,Men's T-Shirt,Fashion,Nike,4373.75,1,2024-06-28,Delivered
7888,120,48,Sunglasses,Fashion,Puma,517.87,4,2025-08-17,Delivered
7889,1025,31,Running Shoes,Fashion,Biba,1020.36,1,2026-01-15,Delivered
7890,1349,120,Dumbbell Set 10kg,Sports & Fitness,Yonex,3687.89,1,2025-06-01,Pending
7891,1004,69,Wall Clock,Home & Kitchen,Philips,889.09,1,2025-07-14,Returned
7892,974,55,Air Fryer,Home & Kitchen,Bajaj,6456.45,3,2025-04-06,Delivered
7893,1937,29,Women's Kurta,Fashion,Allen Solly,1723.45,1,2026-05-28,Delivered
7894,1508,26,Men's T-Shirt,Fashion,Nike,2915.08,2,2025-07-13,Delivered
7895,315,70,Bedsheet Set,Home & Kitchen,Bajaj,12895.61,2,2024-10-13,Delivered
7896,1617,24,Neckband Earphones,Electronics,Realme,81668.1,1,2025-08-09,Delivered
7897,826,89,Business Book,Books,Bloomsbury,669.44,3,2025-08-28,Cancelled
7898,1422,26,Men's T-Shirt,Fashion,Nike,519.94,1,2025-04-28,Returned
7899,1124,122,Badminton Racket,Sports & Fitness,Yonex,1318.22,2,2025-06-26,Returned
7900,968,83,Children's Story Book,Books,Penguin,141.58,3,2026-01-28,Delivered
7901,509,31,Running Shoes,Fashion,Biba,3410.82,3,2026-04-01,Delivered
7902,973,69,Wall Clock,Home & Kitchen,Philips,11472.19,1,2024-10-05,Delivered
7903,750,4,Bluetooth Earbuds,Electronics,Xiaomi,22855.77,1,2026-04-26,Delivered
7904,1118,65,Induction Cooktop,Home & Kitchen,Prestige,10214.54,1,2024-08-18,Delivered
7905,487,114,Yoga Mat,Sports & Fitness,Adidas,4734.38,1,2025-10-19,Delivered
7906,1966,21,Bluetooth Speaker,Electronics,Apple,37113.45,1,2025-06-20,Delivered
7907,371,77,Self-Help Book,Books,Scholastic,110.72,1,2025-12-29,Cancelled
7908,1965,120,Dumbbell Set 10kg,Sports & Fitness,Yonex,5096.72,1,2026-03-07,Shipped
7909,229,71,Bedsheet Set,Home & Kitchen,Pigeon,7042.31,1,2025-07-31,Delivered
7910,1300,92,Face Wash,Beauty & Personal Care,Plum,862.71,1,2025-11-19,Delivered
7911,1219,93,Face Wash,Beauty & Personal Care,Dove,1047.48,1,2024-05-28,Cancelled
7912,1531,77,Self-Help Book,Books,Scholastic,162.85,1,2025-08-16,Delivered
7913,1655,84,Children's Story Book,Books,Scholastic,740.81,1,2025-07-24,Delivered
7914,1716,92,Face Wash,Beauty & Personal Care,Plum,2270.22,1,2025-10-03,Delivered
7915,615,104,Lipstick,Beauty & Personal Care,Dove,594.05,1,2026-03-21,Shipped
7916,1506,65,Induction Cooktop,Home & Kitchen,Prestige,5242.72,1,2025-12-16,Delivered
7917,1937,59,Table Lamp,Home & Kitchen,Havells,4549.35,1,2026-05-20,Delivered
7918,1242,42,Casual Sneakers,Fashion,Biba,2282.82,2,2024-12-14,Returned
7919,69,68,Wall Clock,Home & Kitchen,Havells,4413.19,1,2025-08-29,Delivered
7920,1548,115,Cricket Bat,Sports & Fitness,Nivia,4837.76,4,2026-03-25,Delivered
7921,368,13,Laptop,Electronics,Sony,47858.08,2,2025-06-03,Delivered
7922,738,82,Children's Story Book,Books,Rupa Publications,274.07,1,2026-07-24,Delivered
7923,977,21,Bluetooth Speaker,Electronics,Apple,38785.26,1,2026-07-15,Delivered
7924,1278,20,Bluetooth Speaker,Electronics,Xiaomi,10155.0,1,2025-05-20,Delivered
7925,1040,74,Fiction Novel,Books,HarperCollins,678.54,2,2025-09-06,Delivered
7926,371,116,Cricket Bat,Sports & Fitness,Adidas,6958.99,2,2026-01-03,Delivered
7927,945,119,Dumbbell Set 10kg,Sports & Fitness,Adidas,357.77,1,2025-06-28,Delivered
7928,1628,49,Mixer Grinder,Home & Kitchen,Havells,4227.79,2,2025-05-25,Returned
7929,581,60,Table Lamp,Home & Kitchen,Pigeon,12091.65,2,2026-01-09,Delivered
7930,632,19,Bluetooth Speaker,Electronics,boAt,65560.26,1,2025-04-10,Delivered
7931,969,22,Neckband Earphones,Electronics,Samsung,83790.27,1,2025-06-27,Shipped
7932,785,21,Bluetooth Speaker,Electronics,Apple,48951.99,2,2026-02-02,Delivered
7933,1655,7,Smartwatch,Electronics,Samsung,4820.81,1,2025-09-29,Delivered
7934,1673,72,Bedsheet Set,Home & Kitchen,Prestige,12135.73,3,2024-07-04,Delivered
7935,1998,80,Competitive Exam Guide,Books,HarperCollins,606.71,1,2026-06-11,Delivered
7936,993,54,Non-Stick Pan Set,Home & Kitchen,Philips,6818.31,1,2026-05-23,Cancelled
7937,465,68,Wall Clock,Home & Kitchen,Havells,7662.41,1,2025-11-11,Delivered
7938,585,43,Handbag,Fashion,Biba,2656.99,3,2025-12-26,Delivered
7939,1527,101,Body Lotion,Beauty & Personal Care,Lakme,1158.65,1,2025-02-20,Delivered
7940,1251,23,Neckband Earphones,Electronics,JBL,3917.85,1,2025-06-23,Delivered
7941,1100,1,Smartphone,Electronics,Xiaomi,4300.13,1,2026-04-28,Delivered
7942,857,24,Neckband Earphones,Electronics,Realme,42410.29,1,2025-05-16,Delivered
7943,1690,66,Induction Cooktop,Home & Kitchen,Cello,4181.62,1,2025-05-21,Delivered
7944,1829,127,Resistance Band Set,Sports & Fitness,Nivia,4923.52,2,2025-04-07,Delivered
7945,303,76,Self-Help Book,Books,Bloomsbury,939.44,1,2026-03-13,Delivered
7946,175,30,Women's Kurta,Fashion,Biba,1998.3,1,2025-04-23,Delivered
7947,672,41,Casual Sneakers,Fashion,Allen Solly,4887.17,1,2026-06-29,Delivered
7948,1771,101,Body Lotion,Beauty & Personal Care,Lakme,2282.91,1,2025-05-13,Delivered
7949,1242,49,Mixer Grinder,Home & Kitchen,Havells,2959.66,1,2026-01-09,Cancelled
7950,100,122,Badminton Racket,Sports & Fitness,Yonex,6201.42,1,2026-01-16,Delivered
7951,1546,76,Self-Help Book,Books,Bloomsbury,376.66,1,2026-04-17,Delivered
7952,1146,68,Wall Clock,Home & Kitchen,Havells,7574.02,1,2026-04-11,Delivered
7953,934,52,Non-Stick Pan Set,Home & Kitchen,Bajaj,1462.32,1,2025-10-03,Delivered
7954,237,58,Table Lamp,Home & Kitchen,Prestige,3726.06,1,2026-03-09,Delivered
7955,1715,19,Bluetooth Speaker,Electronics,boAt,57746.48,2,2025-07-24,Shipped
7956,454,27,Men's T-Shirt,Fashion,Puma,1700.4,1,2025-06-26,Delivered
7957,1509,99,Hair Serum,Beauty & Personal Care,Plum,1390.4,1,2025-05-23,Delivered
7958,1949,117,Cricket Bat,Sports & Fitness,Decathlon,4781.99,2,2025-03-08,Shipped
7959,268,9,Smartwatch,Electronics,boAt,15014.13,1,2025-11-13,Delivered
7960,1923,106,Trimmer,Beauty & Personal Care,Mamaearth,655.3,1,2026-03-01,Shipped
7961,1343,5,Bluetooth Earbuds,Electronics,boAt,6866.87,1,2025-11-18,Delivered
7962,1644,68,Wall Clock,Home & Kitchen,Havells,12035.2,1,2026-01-24,Delivered
7963,265,87,Biography,Books,Bloomsbury,618.02,1,2025-03-12,Delivered
7964,1585,94,Sunscreen SPF50,Beauty & Personal Care,Mamaearth,787.21,2,2025-09-19,Delivered
7965,1622,75,Fiction Novel,Books,Bloomsbury,972.59,1,2026-05-27,Delivered
7966,1163,38,Formal Shirt,Fashion,Levis,3920.83,1,2025-10-01,Delivered
7967,1311,122,Badminton Racket,Sports & Fitness,Yonex,210.18,1,2026-01-14,Delivered
7968,1528,6,Bluetooth Earbuds,Electronics,Sony,76410.12,3,2025-10-30,Delivered
7969,1959,2,Smartphone,Electronics,Apple,3822.07,1,2026-04-17,Delivered
7970,966,21,Bluetooth Speaker,Electronics,Apple,4406.44,1,2025-04-08,Delivered
7971,884,45,Handbag,Fashion,Allen Solly,1930.14,3,2025-03-04,Delivered
7972,1928,99,Hair Serum,Beauty & Personal Care,Plum,2058.98,1,2025-12-12,Delivered
7973,1952,83,Children's Story Book,Books,Penguin,825.13,1,2026-01-05,Delivered
7974,182,98,Hair Serum,Beauty & Personal Care,Mamaearth,1319.01,1,2026-02-02,Delivered
7975,444,106,Trimmer,Beauty & Personal Care,Mamaearth,1921.04,2,2026-01-22,Delivered
7976,19,127,Resistance Band Set,Sports & Fitness,Nivia,1162.69,1,2026-05-03,Delivered
7977,1973,49,Mixer Grinder,Home & Kitchen,Havells,12323.11,1,2026-01-23,Delivered
7978,1816,86,Biography,Books,HarperCollins,173.36,2,2025-11-14,Delivered
7979,112,124,Football,Sports & Fitness,Nivia,356.79,1,2025-02-24,Delivered
7980,15,115,Cricket Bat,Sports & Fitness,Nivia,2856.01,1,2025-12-01,Delivered
7981,349,55,Air Fryer,Home & Kitchen,Bajaj,7212.6,1,2025-04-15,Delivered
7982,443,40,Casual Sneakers,Fashion,Levis,3573.75,1,2025-09-10,Cancelled
7983,1774,15,Laptop,Electronics,boAt,38764.98,2,2024-08-11,Delivered
7984,432,36,Denim Jeans,Fashion,Puma,4507.29,1,2025-11-11,Delivered
7985,533,106,Trimmer,Beauty & Personal Care,Mamaearth,752.04,1,2026-04-01,Shipped
7986,1944,15,Laptop,Electronics,boAt,71619.48,4,2024-02-07,Delivered
7987,1842,81,Competitive Exam Guide,Books,Penguin,724.62,1,2026-04-01,Delivered
7988,216,31,Running Shoes,Fashion,Biba,3552.07,1,2026-03-02,Delivered
7989,444,12,LED TV 43-inch,Electronics,JBL,52883.93,1,2026-01-08,Delivered
7990,1833,66,Induction Cooktop,Home & Kitchen,Cello,772.07,1,2026-02-07,Delivered
7991,41,124,Football,Sports & Fitness,Nivia,6163.6,1,2024-04-09,Delivered
7992,1079,84,Children's Story Book,Books,Scholastic,568.28,1,2025-05-10,Delivered
7993,380,113,Yoga Mat,Sports & Fitness,Decathlon,2852.01,1,2026-03-05,Delivered
7994,1420,76,Self-Help Book,Books,Bloomsbury,379.55,1,2025-08-18,Delivered
7995,1012,54,Non-Stick Pan Set,Home & Kitchen,Philips,2115.96,1,2026-05-09,Delivered
7996,1690,72,Bedsheet Set,Home & Kitchen,Prestige,2003.62,1,2025-06-18,Cancelled
7997,185,15,Laptop,Electronics,boAt,55488.71,3,2025-06-05,Delivered
7998,1043,71,Bedsheet Set,Home & Kitchen,Pigeon,8014.79,1,2026-02-01,Delivered
7999,372,57,Air Fryer,Home & Kitchen,Pigeon,8721.97,1,2026-01-06,Delivered
8000,1276,65,Induction Cooktop,Home & Kitchen,Prestige,895.72,1,2025-12-15,Delivered
8001,1457,97,Hair Serum,Beauty & Personal Care,Lakme,493.39,1,2026-05-29,Delivered
8002,1005,90,Business Book,Books,Rupa Publications,282.67,2,2025-03-26,Delivered
8003,610,111,Perfume,Beauty & Personal Care,Plum,660.58,2,2026-07-16,Delivered
8004,890,92,Face Wash,Beauty & Personal Care,Plum,1345.81,1,2025-06-20,Cancelled
8005,730,100,Body Lotion,Beauty & Personal Care,The Man Company,2161.63,3,2025-02-20,Delivered
8006,139,126,Football,Sports & Fitness,Yonex,1688.83,1,2025-04-01,Delivered
8007,1007,83,Children's Story Book,Books,Penguin,998.52,3,2026-01-09,Shipped
8008,1371,80,Competitive Exam Guide,Books,HarperCollins,672.79,1,2026-01-21,Delivered
8009,1750,105,Lipstick,Beauty & Personal Care,Nivea,1399.51,1,2025-12-15,Delivered
8010,943,82,Children's Story Book,Books,Rupa Publications,455.25,1,2025-03-04,Delivered
8011,1941,94,Sunscreen SPF50,Beauty & Personal Care,Mamaearth,2036.61,1,2026-01-20,Shipped
8012,1652,32,Running Shoes,Fashion,H&M,2942.29,1,2025-10-04,Delivered
8013,1788,27,Men's T-Shirt,Fashion,Puma,705.05,1,2025-05-01,Delivered
8014,132,129,Resistance Band Set,Sports & Fitness,Yonex,3179.98,1,2025-07-22,Delivered
8015,17,48,Sunglasses,Fashion,Puma,4445.39,1,2026-02-19,Delivered
8016,730,44,Handbag,Fashion,Van Heusen,3345.26,1,2026-01-12,Delivered
8017,100,18,Power Bank 10000mAh,Electronics,Sony,70201.01,1,2025-07-04,Delivered
8018,987,3,Smartphone,Electronics,boAt,31421.06,1,2025-05-30,Delivered
8019,1750,33,Running Shoes,Fashion,Roadster,3750.87,2,2025-12-16,Delivered
8020,1814,115,Cricket Bat,Sports & Fitness,Nivia,767.22,2,2025-02-18,Delivered
8021,1365,128,Resistance Band Set,Sports & Fitness,Decathlon,5001.67,1,2024-12-31,Cancelled
8022,971,33,Running Shoes,Fashion,Roadster,1897.43,1,2026-01-26,Delivered
8023,287,62,Water Bottle Set,Home & Kitchen,Pigeon,10598.59,2,2025-10-17,Delivered
8024,613,16,Power Bank 10000mAh,Electronics,OnePlus,29755.91,2,2025-08-06,Shipped
8025,419,21,Bluetooth Speaker,Electronics,Apple,40301.99,2,2026-07-15,Delivered
8026,118,72,Bedsheet Set,Home & Kitchen,Prestige,10964.51,1,2025-11-06,Delivered
8027,137,99,Hair Serum,Beauty & Personal Care,Plum,1939.52,2,2026-06-27,Returned
8028,1336,127,Resistance Band Set,Sports & Fitness,Nivia,3833.86,2,2025-09-01,Delivered
8029,1398,76,Self-Help Book,Books,Bloomsbury,424.46,1,2025-09-10,Delivered
8030,456,39,Formal Shirt,Fashion,Allen Solly,1986.36,3,2026-06-07,Delivered
8031,1907,50,Mixer Grinder,Home & Kitchen,Pigeon,3511.85,1,2026-01-17,Delivered
8032,1734,88,Business Book,Books,Penguin,349.47,1,2026-02-06,Returned
8033,844,124,Football,Sports & Fitness,Nivia,944.07,1,2025-01-07,Delivered
8034,1417,70,Bedsheet Set,Home & Kitchen,Bajaj,2695.35,1,2026-06-17,Delivered
8035,181,86,Biography,Books,HarperCollins,913.18,3,2025-02-16,Delivered
8036,577,3,Smartphone,Electronics,boAt,70259.21,2,2025-09-06,Cancelled
8037,1677,65,Induction Cooktop,Home & Kitchen,Prestige,9548.99,1,2026-06-11,Pending
8038,568,78,Self-Help Book,Books,HarperCollins,147.76,1,2025-03-18,Delivered
8039,991,2,Smartphone,Electronics,Apple,12361.83,1,2026-06-17,Delivered
8040,1552,125,Football,Sports & Fitness,Cosco,1059.17,1,2025-06-12,Delivered
8041,1539,73,Fiction Novel,Books,Scholastic,327.99,1,2025-12-25,Returned
8042,252,10,LED TV 43-inch,Electronics,Apple,36977.06,1,2026-04-10,Delivered
8043,134,2,Smartphone,Electronics,Apple,76684.41,4,2025-12-28,Delivered
8044,852,71,Bedsheet Set,Home & Kitchen,Pigeon,4013.46,2,2024-11-20,Delivered
8045,40,66,Induction Cooktop,Home & Kitchen,Cello,2379.25,1,2025-11-29,Delivered
8046,709,48,Sunglasses,Fashion,Puma,4111.91,1,2026-07-26,Delivered
8047,432,117,Cricket Bat,Sports & Fitness,Decathlon,1052.78,1,2025-12-02,Delivered
8048,1066,50,Mixer Grinder,Home & Kitchen,Pigeon,2363.82,3,2025-10-19,Cancelled
8049,1779,87,Biography,Books,Bloomsbury,122.64,3,2026-01-26,Delivered
8050,1914,102,Body Lotion,Beauty & Personal Care,Mamaearth,1652.29,1,2026-01-29,Delivered
8051,522,29,Women's Kurta,Fashion,Allen Solly,1331.71,1,2025-07-25,Delivered
8052,1082,126,Football,Sports & Fitness,Yonex,5151.29,1,2026-03-24,Delivered
8053,169,42,Casual Sneakers,Fashion,Biba,4899.75,3,2026-03-05,Delivered
8054,626,39,Formal Shirt,Fashion,Allen Solly,1308.54,4,2023-12-06,Delivered
8055,1904,49,Mixer Grinder,Home & Kitchen,Havells,3131.69,2,2026-08-10,Delivered
8056,432,54,Non-Stick Pan Set,Home & Kitchen,Philips,4825.13,1,2025-10-25,Delivered
8057,199,106,Trimmer,Beauty & Personal Care,Mamaearth,712.73,1,2025-03-05,Delivered
8058,1159,49,Mixer Grinder,Home & Kitchen,Havells,5439.5,1,2025-02-01,Delivered
8059,1276,19,Bluetooth Speaker,Electronics,boAt,54832.41,1,2026-04-19,Delivered
8060,658,30,Women's Kurta,Fashion,Biba,4245.22,2,2026-03-06,Returned
8061,602,83,Children's Story Book,Books,Penguin,321.87,1,2026-02-06,Delivered
8062,1019,81,Competitive Exam Guide,Books,Penguin,622.39,2,2024-10-30,Delivered
8063,429,101,Body Lotion,Beauty & Personal Care,Lakme,404.65,3,2026-04-05,Delivered
8064,500,48,Sunglasses,Fashion,Puma,4025.86,2,2026-02-13,Delivered
8065,200,29,Women's Kurta,Fashion,Allen Solly,2080.87,1,2025-03-27,Delivered
8066,952,92,Face Wash,Beauty & Personal Care,Plum,1740.8,1,2026-03-18,Delivered
8067,145,67,Wall Clock,Home & Kitchen,Cello,11518.0,3,2026-04-22,Delivered
8068,1317,127,Resistance Band Set,Sports & Fitness,Nivia,2896.84,1,2025-01-23,Delivered
8069,869,71,Bedsheet Set,Home & Kitchen,Pigeon,12694.48,3,2025-08-16,Delivered
8070,1646,52,Non-Stick Pan Set,Home & Kitchen,Bajaj,6796.13,1,2024-12-24,Delivered
8071,337,57,Air Fryer,Home & Kitchen,Pigeon,4099.22,1,2026-06-15,Delivered
8072,678,40,Casual Sneakers,Fashion,Levis,1026.85,3,2025-08-12,Delivered
8073,108,125,Football,Sports & Fitness,Cosco,2926.58,1,2026-01-01,Delivered
8074,837,94,Sunscreen SPF50,Beauty & Personal Care,Mamaearth,1723.49,1,2026-06-18,Delivered
8075,1157,56,Air Fryer,Home & Kitchen,Prestige,3183.33,3,2026-04-15,Delivered
8076,640,99,Hair Serum,Beauty & Personal Care,Plum,1515.41,2,2026-07-07,Delivered
8077,1203,43,Handbag,Fashion,Biba,4283.24,1,2024-09-10,Delivered
8078,1220,55,Air Fryer,Home & Kitchen,Bajaj,9856.65,1,2025-09-15,Delivered
8079,1256,58,Table Lamp,Home & Kitchen,Prestige,1320.57,2,2024-03-24,Delivered
8080,1410,108,Trimmer,Beauty & Personal Care,Lakme,1201.05,1,2025-11-14,Cancelled
8081,1595,112,Yoga Mat,Sports & Fitness,Nivia,5868.5,3,2026-02-16,Delivered
8082,7,23,Neckband Earphones,Electronics,JBL,87828.27,1,2026-07-08,Delivered
8083,1715,37,Formal Shirt,Fashion,Van Heusen,2150.28,1,2025-05-10,Shipped
8084,1371,120,Dumbbell Set 10kg,Sports & Fitness,Yonex,4867.34,2,2025-11-13,Delivered
8085,1475,119,Dumbbell Set 10kg,Sports & Fitness,Adidas,2022.3,2,2025-09-18,Delivered
8086,557,17,Power Bank 10000mAh,Electronics,Samsung,52799.49,2,2024-05-23,Delivered
8087,613,82,Children's Story Book,Books,Rupa Publications,689.97,1,2025-12-20,Delivered
8088,986,100,Body Lotion,Beauty & Personal Care,The Man Company,336.76,1,2025-02-09,Returned
8089,636,92,Face Wash,Beauty & Personal Care,Plum,341.41,1,2024-02-03,Delivered
8090,1393,129,Resistance Band Set,Sports & Fitness,Yonex,4045.83,2,2025-03-18,Delivered
8091,943,13,Laptop,Electronics,Sony,67100.4,1,2024-02-16,Delivered
8092,459,30,Women's Kurta,Fashion,Biba,473.07,1,2026-04-10,Returned
8093,1903,103,Lipstick,Beauty & Personal Care,The Man Company,234.78,2,2024-10-18,Returned
8094,1973,92,Face Wash,Beauty & Personal Care,Plum,758.95,1,2024-09-12,Delivered
8095,1633,118,Dumbbell Set 10kg,Sports & Fitness,Decathlon,6326.44,1,2026-05-19,Returned
8096,206,19,Bluetooth Speaker,Electronics,boAt,1501.9,1,2026-02-21,Delivered
8097,109,34,Denim Jeans,Fashion,H&M,3764.4,1,2025-12-29,Delivered
8098,1227,83,Children's Story Book,Books,Penguin,349.83,1,2026-03-19,Cancelled
8099,555,41,Casual Sneakers,Fashion,Allen Solly,1343.41,1,2024-09-10,Cancelled
8100,574,129,Resistance Band Set,Sports & Fitness,Yonex,6390.95,1,2026-02-10,Delivered
8101,162,108,Trimmer,Beauty & Personal Care,Lakme,813.06,2,2026-07-08,Delivered
8102,1910,21,Bluetooth Speaker,Electronics,Apple,14055.49,1,2026-07-20,Delivered
8103,718,53,Non-Stick Pan Set,Home & Kitchen,Pigeon,9903.36,1,2026-02-28,Delivered
8104,950,36,Denim Jeans,Fashion,Puma,2138.38,2,2024-12-04,Cancelled
8105,782,63,Water Bottle Set,Home & Kitchen,Cello,11036.88,4,2024-06-13,Cancelled
8106,1094,83,Children's Story Book,Books,Penguin,521.36,3,2025-07-12,Delivered
8107,1716,72,Bedsheet Set,Home & Kitchen,Prestige,6592.08,1,2025-10-21,Delivered
8108,1010,14,Laptop,Electronics,Xiaomi,51528.57,1,2026-05-28,Delivered
8109,769,72,Bedsheet Set,Home & Kitchen,Prestige,6808.37,4,2025-09-20,Cancelled
8110,1783,91,Face Wash,Beauty & Personal Care,The Man Company,1100.58,1,2026-03-30,Delivered
8111,866,106,Trimmer,Beauty & Personal Care,Mamaearth,1217.12,2,2025-08-02,Delivered
8112,682,36,Denim Jeans,Fashion,Puma,1741.49,1,2024-12-14,Delivered
8113,442,11,LED TV 43-inch,Electronics,boAt,21043.4,1,2025-10-16,Delivered
8114,1254,54,Non-Stick Pan Set,Home & Kitchen,Philips,1854.07,2,2025-09-18,Delivered
8115,1110,102,Body Lotion,Beauty & Personal Care,Mamaearth,2462.19,1,2026-04-23,Delivered
8116,1801,74,Fiction Novel,Books,HarperCollins,984.84,2,2025-11-03,Cancelled
8117,1516,101,Body Lotion,Beauty & Personal Care,Lakme,1406.39,1,2024-10-29,Delivered
8118,1382,21,Bluetooth Speaker,Electronics,Apple,42482.78,1,2024-12-01,Delivered
8119,1803,117,Cricket Bat,Sports & Fitness,Decathlon,2136.31,1,2025-08-31,Delivered
8120,301,106,Trimmer,Beauty & Personal Care,Mamaearth,942.94,1,2024-11-29,Delivered
8121,799,54,Non-Stick Pan Set,Home & Kitchen,Philips,5231.01,4,2025-06-06,Delivered
8122,1547,37,Formal Shirt,Fashion,Van Heusen,4041.52,2,2024-10-15,Returned
8123,432,73,Fiction Novel,Books,Scholastic,970.26,1,2026-03-11,Delivered
8124,1008,48,Sunglasses,Fashion,Puma,4546.51,1,2026-04-10,Delivered
8125,1153,56,Air Fryer,Home & Kitchen,Prestige,6603.44,1,2026-05-03,Delivered
8126,358,86,Biography,Books,HarperCollins,793.88,2,2024-12-15,Delivered
8127,1909,127,Resistance Band Set,Sports & Fitness,Nivia,4481.65,2,2026-01-04,Delivered
8128,15,34,Denim Jeans,Fashion,H&M,3070.38,1,2025-04-15,Delivered
8129,317,18,Power Bank 10000mAh,Electronics,Sony,21704.99,1,2026-03-27,Delivered
8130,658,69,Wall Clock,Home & Kitchen,Philips,9345.73,1,2026-03-25,Returned
8131,102,121,Badminton Racket,Sports & Fitness,Cosco,4999.14,1,2026-04-21,Delivered
8132,1984,58,Table Lamp,Home & Kitchen,Prestige,7949.79,1,2024-05-30,Delivered
8133,843,80,Competitive Exam Guide,Books,HarperCollins,659.89,1,2025-09-24,Delivered
8134,887,23,Neckband Earphones,Electronics,JBL,22080.86,1,2025-09-11,Delivered
8135,1404,64,Induction Cooktop,Home & Kitchen,Milton,7415.56,2,2024-11-30,Shipped
8136,1536,51,Mixer Grinder,Home & Kitchen,Philips,12288.9,1,2025-06-29,Delivered
8137,1930,106,Trimmer,Beauty & Personal Care,Mamaearth,328.88,1,2026-06-08,Delivered
8138,1848,82,Children's Story Book,Books,Rupa Publications,581.34,1,2026-04-15,Delivered
8139,24,74,Fiction Novel,Books,HarperCollins,694.32,1,2025-05-15,Shipped
8140,1625,43,Handbag,Fashion,Biba,4673.53,1,2025-09-23,Delivered
8141,1523,88,Business Book,Books,Penguin,741.45,1,2025-08-03,Delivered
8142,1320,11,LED TV 43-inch,Electronics,boAt,6530.27,2,2025-11-08,Pending
8143,1146,20,Bluetooth Speaker,Electronics,Xiaomi,82733.98,1,2025-10-07,Delivered
8144,1490,128,Resistance Band Set,Sports & Fitness,Decathlon,2238.99,2,2026-02-04,Delivered
8145,1641,80,Competitive Exam Guide,Books,HarperCollins,339.72,1,2024-04-01,Shipped
8146,417,69,Wall Clock,Home & Kitchen,Philips,3441.24,1,2025-02-26,Delivered
8147,284,77,Self-Help Book,Books,Scholastic,181.9,1,2026-07-30,Delivered
8148,539,12,LED TV 43-inch,Electronics,JBL,14651.41,1,2025-08-16,Delivered
8149,1312,15,Laptop,Electronics,boAt,54585.84,1,2024-10-30,Shipped
8150,1224,3,Smartphone,Electronics,boAt,26859.5,1,2026-03-14,Delivered
8151,1576,45,Handbag,Fashion,Allen Solly,4663.9,1,2025-09-23,Delivered
8152,186,40,Casual Sneakers,Fashion,Levis,4919.52,1,2026-04-17,Delivered
8153,660,100,Body Lotion,Beauty & Personal Care,The Man Company,626.87,1,2025-10-12,Delivered
8154,323,76,Self-Help Book,Books,Bloomsbury,352.45,1,2025-06-04,Delivered
8155,1625,111,Perfume,Beauty & Personal Care,Plum,2108.72,3,2026-01-27,Delivered
8156,180,110,Perfume,Beauty & Personal Care,Lakme,1638.3,1,2025-12-03,Delivered
8157,1961,6,Bluetooth Earbuds,Electronics,Sony,27682.71,2,2025-05-30,Delivered
8158,1625,23,Neckband Earphones,Electronics,JBL,5976.69,1,2025-12-15,Shipped
8159,633,8,Smartwatch,Electronics,OnePlus,47816.98,3,2025-03-03,Delivered
8160,1214,55,Air Fryer,Home & Kitchen,Bajaj,852.52,1,2025-10-30,Delivered
8161,847,84,Children's Story Book,Books,Scholastic,905.49,1,2025-09-09,Delivered
8162,1627,7,Smartwatch,Electronics,Samsung,88682.49,1,2026-02-23,Returned
8163,1929,94,Sunscreen SPF50,Beauty & Personal Care,Mamaearth,793.61,1,2024-01-22,Delivered
8164,89,86,Biography,Books,HarperCollins,691.36,1,2026-03-05,Delivered
8165,30,33,Running Shoes,Fashion,Roadster,4093.29,2,2026-04-14,Delivered
8166,1720,113,Yoga Mat,Sports & Fitness,Decathlon,3999.56,2,2024-08-01,Delivered
8167,260,43,Handbag,Fashion,Biba,4396.31,1,2025-11-17,Delivered
8168,237,50,Mixer Grinder,Home & Kitchen,Pigeon,4349.4,1,2025-05-12,Returned
8169,1400,16,Power Bank 10000mAh,Electronics,OnePlus,20048.78,2,2026-04-20,Delivered
8170,291,55,Air Fryer,Home & Kitchen,Bajaj,4299.14,1,2024-12-22,Delivered
8171,1759,112,Yoga Mat,Sports & Fitness,Nivia,1381.68,1,2026-03-11,Delivered
8172,1662,122,Badminton Racket,Sports & Fitness,Yonex,6301.15,3,2026-03-19,Shipped
8173,1792,52,Non-Stick Pan Set,Home & Kitchen,Bajaj,2382.73,4,2026-02-14,Returned
8174,541,26,Men's T-Shirt,Fashion,Nike,1763.54,1,2024-06-24,Delivered
8175,1657,29,Women's Kurta,Fashion,Allen Solly,3660.33,1,2025-12-17,Delivered
8176,310,89,Business Book,Books,Bloomsbury,696.89,1,2026-02-28,Delivered
8177,862,60,Table Lamp,Home & Kitchen,Pigeon,2746.15,1,2025-10-24,Delivered
8178,33,12,LED TV 43-inch,Electronics,JBL,60239.63,2,2024-11-29,Delivered
8179,1122,31,Running Shoes,Fashion,Biba,1992.51,1,2026-08-17,Delivered
8180,703,111,Perfume,Beauty & Personal Care,Plum,443.76,1,2026-07-23,Shipped
8181,1097,71,Bedsheet Set,Home & Kitchen,Pigeon,8055.23,4,2025-11-17,Delivered
8182,1570,114,Yoga Mat,Sports & Fitness,Adidas,6555.49,1,2025-08-05,Delivered
8183,1668,53,Non-Stick Pan Set,Home & Kitchen,Pigeon,9138.09,1,2026-07-04,Returned
8184,723,88,Business Book,Books,Penguin,879.82,1,2026-05-05,Delivered
8185,281,5,Bluetooth Earbuds,Electronics,boAt,34178.75,1,2023-11-24,Delivered
8186,1016,40,Casual Sneakers,Fashion,Levis,2413.58,1,2026-05-17,Delivered
8187,378,72,Bedsheet Set,Home & Kitchen,Prestige,5300.6,1,2026-05-19,Delivered
8188,758,26,Men's T-Shirt,Fashion,Nike,1497.55,1,2026-03-22,Delivered
8189,235,117,Cricket Bat,Sports & Fitness,Decathlon,4208.34,1,2026-01-12,Delivered
8190,38,114,Yoga Mat,Sports & Fitness,Adidas,5558.85,2,2025-10-29,Delivered
8191,1293,8,Smartwatch,Electronics,OnePlus,50894.63,2,2026-04-01,Delivered
8192,225,113,Yoga Mat,Sports & Fitness,Decathlon,5673.98,1,2026-03-08,Delivered
8193,1157,45,Handbag,Fashion,Allen Solly,747.06,1,2025-06-09,Delivered
8194,494,119,Dumbbell Set 10kg,Sports & Fitness,Adidas,6072.21,1,2026-03-05,Delivered
8195,671,97,Hair Serum,Beauty & Personal Care,Lakme,384.12,1,2025-02-03,Delivered
8196,524,13,Laptop,Electronics,Sony,3734.24,1,2026-08-04,Delivered
8197,1719,22,Neckband Earphones,Electronics,Samsung,48346.34,1,2026-05-27,Delivered
8198,379,69,Wall Clock,Home & Kitchen,Philips,411.97,1,2025-09-11,Delivered
8199,762,125,Football,Sports & Fitness,Cosco,6881.31,1,2026-06-19,Delivered
8200,280,89,Business Book,Books,Bloomsbury,171.96,1,2026-04-15,Delivered
8201,1450,112,Yoga Mat,Sports & Fitness,Nivia,2312.39,1,2026-02-24,Delivered
8202,286,77,Self-Help Book,Books,Scholastic,164.38,2,2026-03-17,Shipped
8203,1453,74,Fiction Novel,Books,HarperCollins,541.09,1,2025-01-31,Shipped
8204,994,107,Trimmer,Beauty & Personal Care,Plum,1587.49,2,2025-11-04,Delivered
8205,408,39,Formal Shirt,Fashion,Allen Solly,325.91,1,2026-02-24,Delivered
8206,1997,120,Dumbbell Set 10kg,Sports & Fitness,Yonex,236.91,1,2026-02-06,Delivered
8207,1467,60,Table Lamp,Home & Kitchen,Pigeon,390.63,1,2025-06-08,Delivered
8208,1138,37,Formal Shirt,Fashion,Van Heusen,3544.99,1,2024-07-19,Delivered
8209,452,53,Non-Stick Pan Set,Home & Kitchen,Pigeon,1669.27,1,2025-08-13,Shipped
8210,293,59,Table Lamp,Home & Kitchen,Havells,12748.02,1,2025-10-13,Delivered
8211,1408,57,Air Fryer,Home & Kitchen,Pigeon,7991.1,1,2026-02-03,Delivered
8212,26,96,Sunscreen SPF50,Beauty & Personal Care,Plum,2438.69,1,2025-07-25,Cancelled
8213,345,56,Air Fryer,Home & Kitchen,Prestige,3466.46,1,2024-06-01,Delivered
8214,590,86,Biography,Books,HarperCollins,290.95,3,2025-11-18,Shipped
8215,1299,87,Biography,Books,Bloomsbury,902.24,1,2026-04-07,Delivered
8216,1834,38,Formal Shirt,Fashion,Levis,2781.73,1,2024-12-12,Delivered
8217,808,118,Dumbbell Set 10kg,Sports & Fitness,Decathlon,4639.01,1,2025-11-07,Delivered
8218,1056,8,Smartwatch,Electronics,OnePlus,44558.95,2,2025-08-25,Cancelled
8219,1863,79,Competitive Exam Guide,Books,Scholastic,441.76,1,2025-07-20,Delivered
8220,1094,107,Trimmer,Beauty & Personal Care,Plum,653.56,3,2025-02-25,Delivered
8221,1589,114,Yoga Mat,Sports & Fitness,Adidas,1404.05,1,2026-02-21,Returned
8222,409,40,Casual Sneakers,Fashion,Levis,3833.86,1,2025-08-18,Delivered
8223,536,36,Denim Jeans,Fashion,Puma,2540.5,1,2025-09-15,Delivered
8224,778,83,Children's Story Book,Books,Penguin,654.38,1,2025-04-07,Delivered
8225,104,64,Induction Cooktop,Home & Kitchen,Milton,1787.75,1,2024-10-01,Delivered
8226,1327,7,Smartwatch,Electronics,Samsung,73742.9,2,2025-06-22,Cancelled
8227,519,46,Sunglasses,Fashion,H&M,2525.59,1,2025-05-31,Delivered
8228,546,12,LED TV 43-inch,Electronics,JBL,53096.18,1,2026-04-07,Delivered
8229,187,17,Power Bank 10000mAh,Electronics,Samsung,65200.39,2,2025-08-24,Delivered
8230,1556,19,Bluetooth Speaker,Electronics,boAt,65225.31,4,2024-10-01,Delivered
8231,444,49,Mixer Grinder,Home & Kitchen,Havells,10402.42,1,2026-01-11,Delivered
8232,1767,89,Business Book,Books,Bloomsbury,778.44,2,2026-02-10,Delivered
8233,596,31,Running Shoes,Fashion,Biba,4535.45,1,2025-10-27,Returned
8234,724,29,Women's Kurta,Fashion,Allen Solly,4973.4,1,2026-04-29,Delivered
8235,516,49,Mixer Grinder,Home & Kitchen,Havells,8141.59,1,2026-02-05,Delivered
8236,1091,27,Men's T-Shirt,Fashion,Puma,3301.6,1,2025-10-29,Delivered
8237,1552,47,Sunglasses,Fashion,Biba,3906.34,1,2026-03-02,Delivered
8238,927,106,Trimmer,Beauty & Personal Care,Mamaearth,969.09,3,2025-01-28,Delivered
8239,1238,5,Bluetooth Earbuds,Electronics,boAt,44314.49,2,2025-07-18,Pending
8240,973,60,Table Lamp,Home & Kitchen,Pigeon,5546.32,2,2026-02-23,Delivered
8241,1548,127,Resistance Band Set,Sports & Fitness,Nivia,962.26,1,2026-05-12,Delivered
8242,109,15,Laptop,Electronics,boAt,55011.09,1,2025-12-28,Delivered
8243,43,101,Body Lotion,Beauty & Personal Care,Lakme,658.84,1,2026-05-09,Delivered
8244,827,128,Resistance Band Set,Sports & Fitness,Decathlon,2112.2,1,2026-08-10,Delivered
8245,410,126,Football,Sports & Fitness,Yonex,1748.37,3,2025-05-13,Delivered
8246,33,77,Self-Help Book,Books,Scholastic,140.56,3,2025-08-14,Delivered
8247,935,1,Smartphone,Electronics,Xiaomi,55895.08,2,2026-02-08,Delivered
8248,417,101,Body Lotion,Beauty & Personal Care,Lakme,806.13,2,2025-01-19,Delivered
8249,403,87,Biography,Books,Bloomsbury,880.06,1,2026-07-30,Delivered
8250,665,107,Trimmer,Beauty & Personal Care,Plum,462.8,1,2026-02-22,Cancelled
8251,1956,41,Casual Sneakers,Fashion,Allen Solly,4669.07,2,2025-08-18,Delivered
8252,428,24,Neckband Earphones,Electronics,Realme,37583.55,1,2025-06-10,Delivered
8253,292,118,Dumbbell Set 10kg,Sports & Fitness,Decathlon,4613.8,3,2025-10-14,Pending
8254,1208,18,Power Bank 10000mAh,Electronics,Sony,27422.92,1,2025-01-29,Delivered
8255,50,88,Business Book,Books,Penguin,302.02,1,2026-01-18,Shipped
8256,1498,117,Cricket Bat,Sports & Fitness,Decathlon,4266.79,1,2026-01-28,Delivered
8257,817,70,Bedsheet Set,Home & Kitchen,Bajaj,3368.77,1,2025-10-20,Returned
8258,1543,10,LED TV 43-inch,Electronics,Apple,4243.41,1,2025-05-17,Delivered
8259,1943,56,Air Fryer,Home & Kitchen,Prestige,8403.22,2,2025-06-16,Delivered
8260,1793,126,Football,Sports & Fitness,Yonex,5331.5,1,2024-12-17,Delivered
8261,858,20,Bluetooth Speaker,Electronics,Xiaomi,10472.28,3,2025-09-10,Delivered
8262,1544,99,Hair Serum,Beauty & Personal Care,Plum,482.64,1,2024-07-07,Returned
8263,1078,57,Air Fryer,Home & Kitchen,Pigeon,4435.57,1,2025-07-15,Shipped
8264,724,119,Dumbbell Set 10kg,Sports & Fitness,Adidas,1641.96,1,2026-05-10,Returned
8265,1072,10,LED TV 43-inch,Electronics,Apple,56122.35,1,2025-07-24,Delivered
8266,936,42,Casual Sneakers,Fashion,Biba,3050.45,2,2026-01-12,Delivered
8267,1913,26,Men's T-Shirt,Fashion,Nike,2122.43,1,2026-03-04,Delivered
8268,1498,11,LED TV 43-inch,Electronics,boAt,49379.53,1,2025-12-10,Returned
8269,1167,99,Hair Serum,Beauty & Personal Care,Plum,694.96,2,2026-05-09,Delivered
8270,1525,110,Perfume,Beauty & Personal Care,Lakme,691.07,1,2025-07-24,Delivered
8271,763,62,Water Bottle Set,Home & Kitchen,Pigeon,5387.6,1,2024-08-12,Cancelled
8272,740,66,Induction Cooktop,Home & Kitchen,Cello,364.38,1,2025-04-20,Delivered
8273,401,60,Table Lamp,Home & Kitchen,Pigeon,10204.56,1,2026-05-17,Delivered
8274,941,39,Formal Shirt,Fashion,Allen Solly,4030.02,1,2025-03-08,Delivered
8275,1830,4,Bluetooth Earbuds,Electronics,Xiaomi,88687.54,1,2025-11-03,Delivered
8276,1190,103,Lipstick,Beauty & Personal Care,The Man Company,439.51,1,2025-11-12,Delivered
8277,1447,67,Wall Clock,Home & Kitchen,Cello,760.71,1,2026-04-15,Delivered
8278,269,7,Smartwatch,Electronics,Samsung,13710.91,3,2026-03-29,Delivered
8279,617,100,Body Lotion,Beauty & Personal Care,The Man Company,1166.84,4,2025-02-15,Delivered
8280,190,93,Face Wash,Beauty & Personal Care,Dove,1468.58,1,2026-08-17,Pending
8281,1740,14,Laptop,Electronics,Xiaomi,27443.66,1,2026-02-15,Cancelled
8282,412,45,Handbag,Fashion,Allen Solly,1228.26,4,2026-01-19,Delivered
8283,543,31,Running Shoes,Fashion,Biba,1179.04,1,2024-11-27,Delivered
8284,933,66,Induction Cooktop,Home & Kitchen,Cello,7593.12,1,2025-05-21,Delivered
8285,1806,114,Yoga Mat,Sports & Fitness,Adidas,1624.86,1,2025-02-17,Delivered
8286,537,117,Cricket Bat,Sports & Fitness,Decathlon,374.66,2,2026-05-15,Delivered
8287,960,35,Denim Jeans,Fashion,Van Heusen,2335.7,2,2025-08-17,Delivered
8288,671,106,Trimmer,Beauty & Personal Care,Mamaearth,1228.38,1,2026-02-09,Delivered
8289,966,20,Bluetooth Speaker,Electronics,Xiaomi,63387.0,1,2025-02-02,Delivered
8290,476,30,Women's Kurta,Fashion,Biba,3711.89,1,2026-03-22,Shipped
8291,1880,121,Badminton Racket,Sports & Fitness,Cosco,2930.72,3,2026-01-12,Delivered
8292,367,7,Smartwatch,Electronics,Samsung,58632.04,1,2024-09-24,Delivered
8293,631,56,Air Fryer,Home & Kitchen,Prestige,6772.23,1,2026-01-21,Delivered
8294,371,80,Competitive Exam Guide,Books,HarperCollins,190.29,4,2026-01-02,Pending
8295,1341,48,Sunglasses,Fashion,Puma,3275.85,1,2025-12-11,Delivered
8296,1832,93,Face Wash,Beauty & Personal Care,Dove,754.89,2,2024-01-17,Cancelled
8297,1182,49,Mixer Grinder,Home & Kitchen,Havells,7506.17,1,2025-11-06,Delivered
8298,327,81,Competitive Exam Guide,Books,Penguin,186.78,2,2025-03-18,Delivered
8299,1468,57,Air Fryer,Home & Kitchen,Pigeon,5627.14,2,2025-10-16,Shipped
8300,54,46,Sunglasses,Fashion,H&M,2214.77,1,2026-06-01,Delivered
8301,988,126,Football,Sports & Fitness,Yonex,1236.74,4,2025-04-23,Delivered
8302,393,26,Men's T-Shirt,Fashion,Nike,1646.75,1,2025-12-16,Delivered
8303,208,46,Sunglasses,Fashion,H&M,2696.94,3,2025-09-20,Shipped
8304,1183,11,LED TV 43-inch,Electronics,boAt,54293.47,1,2026-03-27,Pending
8305,849,30,Women's Kurta,Fashion,Biba,2893.41,1,2025-10-06,Cancelled
8306,968,67,Wall Clock,Home & Kitchen,Cello,4116.08,1,2024-05-13,Delivered
8307,215,65,Induction Cooktop,Home & Kitchen,Prestige,5653.75,3,2026-03-19,Delivered
8308,1967,120,Dumbbell Set 10kg,Sports & Fitness,Yonex,3699.28,1,2025-08-31,Delivered
8309,1227,118,Dumbbell Set 10kg,Sports & Fitness,Decathlon,5611.87,1,2026-04-02,Cancelled
8310,689,128,Resistance Band Set,Sports & Fitness,Decathlon,2462.59,2,2024-10-31,Delivered
8311,1705,55,Air Fryer,Home & Kitchen,Bajaj,9558.89,1,2025-10-22,Delivered
8312,1715,14,Laptop,Electronics,Xiaomi,21304.86,2,2025-09-22,Delivered
8313,1560,60,Table Lamp,Home & Kitchen,Pigeon,12272.49,1,2026-06-16,Delivered
8314,1853,50,Mixer Grinder,Home & Kitchen,Pigeon,2352.58,3,2025-02-07,Delivered
8315,856,80,Competitive Exam Guide,Books,HarperCollins,671.1,1,2025-12-26,Delivered
8316,541,53,Non-Stick Pan Set,Home & Kitchen,Pigeon,10628.26,3,2026-01-17,Delivered
8317,1986,100,Body Lotion,Beauty & Personal Care,The Man Company,1005.04,1,2026-02-08,Delivered
8318,1422,67,Wall Clock,Home & Kitchen,Cello,7412.1,1,2025-04-06,Delivered
8319,612,24,Neckband Earphones,Electronics,Realme,6472.44,1,2026-03-10,Delivered
8320,813,125,Football,Sports & Fitness,Cosco,1691.31,2,2025-07-08,Delivered
8321,1287,86,Biography,Books,HarperCollins,893.33,1,2025-01-03,Shipped
8322,1771,58,Table Lamp,Home & Kitchen,Prestige,2156.85,2,2024-08-05,Delivered
8323,1957,122,Badminton Racket,Sports & Fitness,Yonex,5709.08,2,2024-09-16,Pending
8324,948,84,Children's Story Book,Books,Scholastic,671.99,1,2026-01-04,Delivered
8325,1575,99,Hair Serum,Beauty & Personal Care,Plum,1372.67,1,2025-03-21,Returned
8326,320,70,Bedsheet Set,Home & Kitchen,Bajaj,960.09,1,2025-07-23,Returned
8327,1659,59,Table Lamp,Home & Kitchen,Havells,12860.62,1,2025-11-23,Delivered
8328,1454,27,Men's T-Shirt,Fashion,Puma,4077.63,2,2026-08-11,Shipped
8329,1866,34,Denim Jeans,Fashion,H&M,917.02,1,2026-07-12,Delivered
8330,311,58,Table Lamp,Home & Kitchen,Prestige,2886.69,1,2025-05-22,Delivered
8331,660,11,LED TV 43-inch,Electronics,boAt,20117.8,4,2026-01-29,Delivered
8332,33,77,Self-Help Book,Books,Scholastic,273.47,1,2025-07-28,Delivered
8333,385,86,Biography,Books,HarperCollins,210.14,1,2026-01-20,Cancelled
8334,1260,38,Formal Shirt,Fashion,Levis,2822.76,1,2025-06-18,Delivered
8335,1023,62,Water Bottle Set,Home & Kitchen,Pigeon,1772.17,3,2025-10-23,Delivered
8336,1935,109,Perfume,Beauty & Personal Care,The Man Company,610.09,2,2024-09-17,Delivered
8337,1898,93,Face Wash,Beauty & Personal Care,Dove,1838.35,4,2026-07-21,Delivered
8338,273,15,Laptop,Electronics,boAt,89304.61,3,2025-08-21,Delivered
8339,1831,41,Casual Sneakers,Fashion,Allen Solly,4448.37,1,2026-04-09,Delivered
8340,1223,21,Bluetooth Speaker,Electronics,Apple,36274.83,1,2026-02-25,Delivered
8341,801,87,Biography,Books,Bloomsbury,651.04,2,2025-07-11,Delivered
8342,149,34,Denim Jeans,Fashion,H&M,3154.62,1,2025-11-27,Delivered
8343,1065,44,Handbag,Fashion,Van Heusen,4299.27,1,2024-12-17,Delivered
8344,1284,103,Lipstick,Beauty & Personal Care,The Man Company,899.89,2,2026-05-13,Delivered
8345,728,129,Resistance Band Set,Sports & Fitness,Yonex,2399.04,1,2024-03-13,Delivered
8346,688,12,LED TV 43-inch,Electronics,JBL,35318.34,1,2025-10-08,Delivered
8347,1607,74,Fiction Novel,Books,HarperCollins,658.41,2,2025-09-03,Returned
8348,624,1,Smartphone,Electronics,Xiaomi,36087.13,1,2026-01-18,Delivered
8349,1549,94,Sunscreen SPF50,Beauty & Personal Care,Mamaearth,1549.9,1,2026-04-27,Delivered
8350,272,5,Bluetooth Earbuds,Electronics,boAt,17508.48,1,2024-11-11,Delivered
8351,953,14,Laptop,Electronics,Xiaomi,48355.43,3,2025-07-30,Returned
8352,676,42,Casual Sneakers,Fashion,Biba,4856.7,1,2024-12-13,Delivered
8353,794,120,Dumbbell Set 10kg,Sports & Fitness,Yonex,3250.96,1,2026-02-04,Delivered
8354,1185,60,Table Lamp,Home & Kitchen,Pigeon,7143.51,1,2024-08-24,Delivered
8355,1919,115,Cricket Bat,Sports & Fitness,Nivia,4196.99,1,2026-02-27,Delivered
8356,766,64,Induction Cooktop,Home & Kitchen,Milton,2032.75,1,2024-12-03,Delivered
8357,1043,5,Bluetooth Earbuds,Electronics,boAt,27900.62,1,2026-01-26,Delivered
8358,564,33,Running Shoes,Fashion,Roadster,3456.13,1,2025-10-27,Delivered
8359,1563,84,Children's Story Book,Books,Scholastic,369.97,1,2026-02-25,Delivered
8360,1054,38,Formal Shirt,Fashion,Levis,3482.17,2,2026-06-19,Delivered
8361,38,19,Bluetooth Speaker,Electronics,boAt,35486.47,1,2025-11-26,Returned
8362,1014,124,Football,Sports & Fitness,Nivia,3494.3,1,2025-01-02,Delivered
8363,475,86,Biography,Books,HarperCollins,945.07,2,2025-04-18,Delivered
8364,1616,115,Cricket Bat,Sports & Fitness,Nivia,1493.03,1,2025-05-12,Delivered
8365,82,46,Sunglasses,Fashion,H&M,4720.64,2,2024-12-27,Delivered
8366,622,27,Men's T-Shirt,Fashion,Puma,1042.56,1,2026-04-22,Delivered
8367,870,53,Non-Stick Pan Set,Home & Kitchen,Pigeon,11724.32,2,2026-05-27,Delivered
8368,143,9,Smartwatch,Electronics,boAt,8361.98,1,2026-06-12,Delivered
8369,170,112,Yoga Mat,Sports & Fitness,Nivia,3844.77,1,2026-04-13,Delivered
8370,708,103,Lipstick,Beauty & Personal Care,The Man Company,2252.99,4,2025-05-03,Cancelled
8371,1581,98,Hair Serum,Beauty & Personal Care,Mamaearth,717.88,2,2025-11-21,Delivered
8372,1165,25,Men's T-Shirt,Fashion,Allen Solly,2209.3,2,2025-12-13,Delivered
8373,1811,1,Smartphone,Electronics,Xiaomi,62150.44,1,2025-09-26,Pending
8374,69,98,Hair Serum,Beauty & Personal Care,Mamaearth,414.61,1,2025-01-03,Returned
8375,117,42,Casual Sneakers,Fashion,Biba,2537.96,2,2026-01-27,Returned
8376,266,100,Body Lotion,Beauty & Personal Care,The Man Company,1233.67,2,2025-01-19,Delivered
8377,1985,100,Body Lotion,Beauty & Personal Care,The Man Company,807.44,1,2025-12-03,Delivered
8378,1659,61,Water Bottle Set,Home & Kitchen,Philips,2051.31,1,2025-11-25,Delivered
8379,842,79,Competitive Exam Guide,Books,Scholastic,976.04,1,2026-08-17,Delivered
8380,1005,39,Formal Shirt,Fashion,Allen Solly,1469.89,1,2024-11-25,Returned
8381,1212,43,Handbag,Fashion,Biba,3139.93,1,2025-12-17,Delivered
8382,284,101,Body Lotion,Beauty & Personal Care,Lakme,318.01,1,2026-07-06,Delivered
8383,592,92,Face Wash,Beauty & Personal Care,Plum,1079.99,2,2025-05-20,Delivered
8384,918,95,Sunscreen SPF50,Beauty & Personal Care,The Man Company,212.43,1,2025-01-05,Delivered
8385,1265,43,Handbag,Fashion,Biba,2096.07,3,2026-05-20,Returned
8386,1509,52,Non-Stick Pan Set,Home & Kitchen,Bajaj,3774.69,1,2025-09-26,Delivered
8387,1383,40,Casual Sneakers,Fashion,Levis,3893.82,1,2026-01-09,Delivered
8388,656,44,Handbag,Fashion,Van Heusen,690.84,1,2026-03-13,Delivered
8389,98,77,Self-Help Book,Books,Scholastic,151.47,1,2025-02-20,Delivered
8390,300,107,Trimmer,Beauty & Personal Care,Plum,889.49,1,2025-12-05,Delivered
8391,810,104,Lipstick,Beauty & Personal Care,Dove,846.7,1,2024-04-09,Delivered
8392,899,119,Dumbbell Set 10kg,Sports & Fitness,Adidas,6317.45,3,2024-09-24,Pending
8393,21,92,Face Wash,Beauty & Personal Care,Plum,1971.15,1,2026-05-25,Cancelled
8394,1264,54,Non-Stick Pan Set,Home & Kitchen,Philips,6142.12,1,2025-12-11,Delivered
8395,1479,58,Table Lamp,Home & Kitchen,Prestige,6534.31,2,2025-10-09,Shipped
8396,380,46,Sunglasses,Fashion,H&M,4503.46,1,2025-02-25,Delivered
8397,1603,46,Sunglasses,Fashion,H&M,4277.82,1,2025-12-04,Delivered
8398,1578,28,Women's Kurta,Fashion,Levis,927.04,2,2026-04-18,Delivered
8399,1998,119,Dumbbell Set 10kg,Sports & Fitness,Adidas,3247.4,1,2026-05-30,Cancelled
8400,1350,19,Bluetooth Speaker,Electronics,boAt,52787.29,1,2026-07-06,Delivered
8401,1448,46,Sunglasses,Fashion,H&M,4279.38,1,2025-09-05,Shipped
8402,1482,10,LED TV 43-inch,Electronics,Apple,50664.26,1,2025-09-03,Pending
8403,294,101,Body Lotion,Beauty & Personal Care,Lakme,1331.78,1,2026-04-02,Delivered
8404,776,71,Bedsheet Set,Home & Kitchen,Pigeon,6115.85,3,2026-03-06,Delivered
8405,1876,108,Trimmer,Beauty & Personal Care,Lakme,2246.54,1,2026-05-06,Delivered
8406,689,91,Face Wash,Beauty & Personal Care,The Man Company,2009.1,1,2025-01-16,Delivered
8407,1027,77,Self-Help Book,Books,Scholastic,517.11,1,2026-08-17,Delivered
8408,1938,36,Denim Jeans,Fashion,Puma,4620.05,3,2025-09-25,Delivered
8409,491,126,Football,Sports & Fitness,Yonex,6946.6,1,2026-04-11,Delivered
8410,1380,54,Non-Stick Pan Set,Home & Kitchen,Philips,10607.32,1,2025-09-11,Delivered
8411,793,52,Non-Stick Pan Set,Home & Kitchen,Bajaj,4427.98,2,2025-12-03,Delivered
8412,1907,5,Bluetooth Earbuds,Electronics,boAt,28577.32,1,2026-01-20,Delivered
8413,852,91,Face Wash,Beauty & Personal Care,The Man Company,2120.48,3,2024-12-01,Delivered
8414,1674,87,Biography,Books,Bloomsbury,863.77,1,2026-03-10,Cancelled
8415,1616,6,Bluetooth Earbuds,Electronics,Sony,66153.59,1,2024-12-07,Delivered
8416,26,12,LED TV 43-inch,Electronics,JBL,52415.77,1,2025-04-25,Delivered
8417,433,129,Resistance Band Set,Sports & Fitness,Yonex,778.51,4,2026-08-13,Delivered
8418,505,96,Sunscreen SPF50,Beauty & Personal Care,Plum,2091.36,1,2026-01-11,Delivered
8419,844,100,Body Lotion,Beauty & Personal Care,The Man Company,1094.59,1,2025-08-30,Delivered
8420,1676,47,Sunglasses,Fashion,Biba,2764.91,2,2025-08-27,Delivered
8421,1037,90,Business Book,Books,Rupa Publications,898.73,2,2025-10-11,Delivered
8422,1747,124,Football,Sports & Fitness,Nivia,3952.12,3,2025-03-22,Shipped
8423,1888,67,Wall Clock,Home & Kitchen,Cello,8864.82,1,2025-04-19,Delivered
8424,787,18,Power Bank 10000mAh,Electronics,Sony,28980.06,1,2026-02-07,Delivered
8425,774,79,Competitive Exam Guide,Books,Scholastic,355.42,1,2025-05-07,Delivered
8426,578,60,Table Lamp,Home & Kitchen,Pigeon,4003.23,1,2024-12-12,Shipped
8427,954,69,Wall Clock,Home & Kitchen,Philips,10605.47,2,2025-10-16,Delivered
8428,1983,28,Women's Kurta,Fashion,Levis,3906.0,3,2026-03-14,Delivered
8429,1322,1,Smartphone,Electronics,Xiaomi,53984.88,1,2025-01-31,Delivered
8430,758,127,Resistance Band Set,Sports & Fitness,Nivia,5974.4,1,2025-06-16,Delivered
8431,1500,121,Badminton Racket,Sports & Fitness,Cosco,6540.69,1,2026-06-06,Shipped
8432,781,73,Fiction Novel,Books,Scholastic,773.1,1,2026-03-07,Delivered
8433,599,8,Smartwatch,Electronics,OnePlus,14128.41,1,2026-04-19,Delivered
8434,1434,128,Resistance Band Set,Sports & Fitness,Decathlon,1574.73,1,2024-08-20,Delivered
8435,1258,79,Competitive Exam Guide,Books,Scholastic,454.74,1,2025-06-07,Cancelled
8436,313,75,Fiction Novel,Books,Bloomsbury,886.28,1,2024-07-10,Delivered
8437,1192,69,Wall Clock,Home & Kitchen,Philips,2739.46,1,2026-04-12,Delivered
8438,1694,6,Bluetooth Earbuds,Electronics,Sony,60370.34,3,2026-01-21,Delivered
8439,1691,120,Dumbbell Set 10kg,Sports & Fitness,Yonex,6256.67,1,2025-02-23,Delivered
8440,1509,117,Cricket Bat,Sports & Fitness,Decathlon,1538.64,2,2026-02-12,Delivered
8441,869,121,Badminton Racket,Sports & Fitness,Cosco,4572.63,1,2025-12-19,Delivered
8442,870,6,Bluetooth Earbuds,Electronics,Sony,11959.48,2,2026-05-11,Delivered
8443,331,104,Lipstick,Beauty & Personal Care,Dove,655.69,3,2026-01-27,Delivered
8444,1294,73,Fiction Novel,Books,Scholastic,799.74,1,2026-01-23,Pending
8445,1684,119,Dumbbell Set 10kg,Sports & Fitness,Adidas,4821.55,1,2026-03-14,Delivered
8446,837,128,Resistance Band Set,Sports & Fitness,Decathlon,942.7,2,2025-02-16,Delivered
8447,1915,69,Wall Clock,Home & Kitchen,Philips,745.75,1,2026-06-01,Pending
8448,1177,113,Yoga Mat,Sports & Fitness,Decathlon,5450.07,2,2026-04-08,Delivered
8449,1646,108,Trimmer,Beauty & Personal Care,Lakme,2382.95,2,2025-07-21,Delivered
8450,573,13,Laptop,Electronics,Sony,14389.93,1,2024-04-17,Delivered
8451,785,47,Sunglasses,Fashion,Biba,2335.52,1,2026-02-13,Shipped
8452,1892,117,Cricket Bat,Sports & Fitness,Decathlon,5558.5,1,2025-07-17,Cancelled
8453,490,46,Sunglasses,Fashion,H&M,2081.62,1,2024-11-27,Delivered
8454,134,45,Handbag,Fashion,Allen Solly,1730.53,1,2025-11-04,Delivered
8455,147,12,LED TV 43-inch,Electronics,JBL,4784.76,1,2026-01-10,Delivered
8456,920,31,Running Shoes,Fashion,Biba,4957.56,4,2025-01-14,Delivered
8457,1308,120,Dumbbell Set 10kg,Sports & Fitness,Yonex,5678.2,1,2026-06-25,Delivered
8458,1693,55,Air Fryer,Home & Kitchen,Bajaj,12387.48,2,2026-05-11,Delivered
8459,524,75,Fiction Novel,Books,Bloomsbury,169.73,2,2025-11-30,Delivered
8460,56,28,Women's Kurta,Fashion,Levis,1949.62,1,2025-07-22,Delivered
8461,1389,43,Handbag,Fashion,Biba,2877.65,3,2025-06-26,Delivered
8462,534,103,Lipstick,Beauty & Personal Care,The Man Company,1403.82,2,2025-10-28,Delivered
8463,308,33,Running Shoes,Fashion,Roadster,4367.87,4,2024-09-13,Delivered
8464,789,123,Badminton Racket,Sports & Fitness,Decathlon,4596.62,1,2026-06-22,Delivered
8465,558,15,Laptop,Electronics,boAt,8200.19,1,2024-08-22,Delivered
8466,1884,37,Formal Shirt,Fashion,Van Heusen,304.99,1,2025-02-06,Delivered
8467,1126,45,Handbag,Fashion,Allen Solly,617.08,1,2025-07-07,Delivered
8468,1484,121,Badminton Racket,Sports & Fitness,Cosco,4564.73,1,2026-04-14,Delivered
8469,1470,31,Running Shoes,Fashion,Biba,4056.29,1,2026-03-30,Delivered
8470,166,124,Football,Sports & Fitness,Nivia,938.09,1,2026-05-19,Delivered
8471,1427,58,Table Lamp,Home & Kitchen,Prestige,12741.72,1,2025-03-30,Delivered
8472,1248,25,Men's T-Shirt,Fashion,Allen Solly,2208.95,1,2025-08-28,Delivered
8473,1401,109,Perfume,Beauty & Personal Care,The Man Company,2025.53,2,2025-06-14,Delivered
8474,1966,10,LED TV 43-inch,Electronics,Apple,49250.05,2,2025-04-16,Delivered
8475,286,6,Bluetooth Earbuds,Electronics,Sony,64050.72,1,2026-02-26,Returned
8476,1898,67,Wall Clock,Home & Kitchen,Cello,6431.04,1,2026-07-15,Delivered
8477,1121,102,Body Lotion,Beauty & Personal Care,Mamaearth,163.82,1,2024-11-06,Delivered
8478,298,78,Self-Help Book,Books,HarperCollins,112.95,2,2025-06-24,Delivered
8479,1755,80,Competitive Exam Guide,Books,HarperCollins,379.49,2,2026-03-20,Delivered
8480,957,97,Hair Serum,Beauty & Personal Care,Lakme,1157.72,1,2026-02-18,Cancelled
8481,1230,57,Air Fryer,Home & Kitchen,Pigeon,2419.64,4,2025-10-14,Delivered
8482,370,30,Women's Kurta,Fashion,Biba,4608.82,3,2026-01-08,Delivered
8483,1659,50,Mixer Grinder,Home & Kitchen,Pigeon,1965.34,1,2025-11-21,Delivered
8484,1649,2,Smartphone,Electronics,Apple,87643.49,1,2025-08-02,Delivered
8485,975,85,Biography,Books,Scholastic,691.9,2,2025-11-26,Delivered
8486,1731,16,Power Bank 10000mAh,Electronics,OnePlus,54559.79,1,2025-12-12,Delivered
8487,180,121,Badminton Racket,Sports & Fitness,Cosco,5894.85,1,2025-08-04,Delivered
8488,1930,34,Denim Jeans,Fashion,H&M,3963.11,1,2026-06-01,Shipped
8489,749,90,Business Book,Books,Rupa Publications,243.07,1,2025-09-28,Delivered
8490,1127,90,Business Book,Books,Rupa Publications,881.09,1,2025-11-04,Delivered
8491,563,100,Body Lotion,Beauty & Personal Care,The Man Company,2320.08,2,2024-07-13,Delivered
8492,1968,32,Running Shoes,Fashion,H&M,555.67,3,2026-08-13,Delivered
8493,1649,48,Sunglasses,Fashion,Puma,1049.17,1,2026-03-23,Delivered
8494,1793,68,Wall Clock,Home & Kitchen,Havells,598.06,2,2025-01-24,Delivered
8495,1853,89,Business Book,Books,Bloomsbury,615.28,1,2026-04-08,Delivered
8496,108,126,Football,Sports & Fitness,Yonex,5822.22,2,2026-03-20,Delivered
8497,1107,49,Mixer Grinder,Home & Kitchen,Havells,9794.89,1,2025-05-06,Delivered
8498,1803,31,Running Shoes,Fashion,Biba,1683.75,1,2025-08-03,Delivered
8499,235,72,Bedsheet Set,Home & Kitchen,Prestige,4712.14,2,2026-01-16,Delivered
8500,158,15,Laptop,Electronics,boAt,47822.66,1,2025-08-08,Delivered
8501,1655,1,Smartphone,Electronics,Xiaomi,47743.2,3,2026-05-19,Delivered
8502,459,79,Competitive Exam Guide,Books,Scholastic,497.11,1,2026-05-25,Pending
8503,318,92,Face Wash,Beauty & Personal Care,Plum,1240.05,2,2026-04-09,Delivered
8504,1165,48,Sunglasses,Fashion,Puma,1783.87,1,2026-01-17,Delivered
8505,1617,41,Casual Sneakers,Fashion,Allen Solly,3125.37,1,2026-03-25,Delivered
8506,1528,19,Bluetooth Speaker,Electronics,boAt,80785.53,3,2025-09-21,Delivered
8507,897,59,Table Lamp,Home & Kitchen,Havells,6370.56,1,2026-02-13,Delivered
8508,147,24,Neckband Earphones,Electronics,Realme,35251.25,1,2025-05-03,Delivered
8509,1019,75,Fiction Novel,Books,Bloomsbury,170.33,2,2024-08-10,Delivered
8510,200,4,Bluetooth Earbuds,Electronics,Xiaomi,49823.2,2,2024-03-12,Delivered
8511,1608,23,Neckband Earphones,Electronics,JBL,27901.28,1,2026-05-28,Delivered
8512,1183,66,Induction Cooktop,Home & Kitchen,Cello,11000.57,2,2026-04-07,Cancelled
8513,508,18,Power Bank 10000mAh,Electronics,Sony,63845.84,1,2026-07-04,Delivered
8514,110,21,Bluetooth Speaker,Electronics,Apple,21347.26,1,2026-08-02,Delivered
8515,1064,46,Sunglasses,Fashion,H&M,2785.92,3,2025-07-11,Delivered
8516,1873,11,LED TV 43-inch,Electronics,boAt,27795.3,2,2026-05-07,Delivered
8517,1374,6,Bluetooth Earbuds,Electronics,Sony,66948.28,1,2025-05-16,Delivered
8518,992,118,Dumbbell Set 10kg,Sports & Fitness,Decathlon,4392.03,1,2026-02-13,Delivered
8519,1795,9,Smartwatch,Electronics,boAt,54882.83,1,2025-06-29,Cancelled
8520,306,17,Power Bank 10000mAh,Electronics,Samsung,17588.71,1,2025-04-25,Returned
8521,1943,118,Dumbbell Set 10kg,Sports & Fitness,Decathlon,4463.25,1,2025-05-28,Delivered
8522,1320,32,Running Shoes,Fashion,H&M,4036.21,1,2025-11-10,Delivered
8523,350,53,Non-Stick Pan Set,Home & Kitchen,Pigeon,3566.52,1,2025-11-21,Delivered
8524,1140,93,Face Wash,Beauty & Personal Care,Dove,2012.23,3,2025-11-10,Delivered
8525,1076,27,Men's T-Shirt,Fashion,Puma,2384.51,4,2025-12-27,Returned
8526,1361,84,Children's Story Book,Books,Scholastic,318.05,1,2025-06-27,Cancelled
8527,1610,111,Perfume,Beauty & Personal Care,Plum,824.43,2,2026-01-28,Delivered
8528,1146,35,Denim Jeans,Fashion,Van Heusen,4173.64,1,2026-01-05,Delivered
8529,1016,85,Biography,Books,Scholastic,311.56,1,2026-06-08,Pending
8530,243,112,Yoga Mat,Sports & Fitness,Nivia,3849.97,1,2026-01-04,Delivered
8531,966,29,Women's Kurta,Fashion,Allen Solly,353.32,3,2025-08-17,Shipped
8532,1625,30,Women's Kurta,Fashion,Biba,4879.16,1,2025-06-07,Returned
8533,984,108,Trimmer,Beauty & Personal Care,Lakme,1513.51,4,2026-02-11,Delivered
8534,1147,89,Business Book,Books,Bloomsbury,709.09,1,2025-12-04,Delivered
8535,236,5,Bluetooth Earbuds,Electronics,boAt,44818.84,1,2025-12-17,Returned
8536,699,97,Hair Serum,Beauty & Personal Care,Lakme,827.2,1,2024-07-26,Delivered
8537,1536,109,Perfume,Beauty & Personal Care,The Man Company,302.22,2,2024-05-27,Delivered
8538,235,76,Self-Help Book,Books,Bloomsbury,246.55,1,2026-01-19,Delivered
8539,838,119,Dumbbell Set 10kg,Sports & Fitness,Adidas,1010.55,1,2026-03-01,Delivered
8540,1871,76,Self-Help Book,Books,Bloomsbury,841.52,1,2026-06-05,Delivered
8541,1188,123,Badminton Racket,Sports & Fitness,Decathlon,2597.36,1,2025-10-15,Delivered
8542,1147,70,Bedsheet Set,Home & Kitchen,Bajaj,12536.05,1,2025-09-28,Delivered
8543,1840,93,Face Wash,Beauty & Personal Care,Dove,2300.92,4,2025-12-23,Delivered
8544,391,105,Lipstick,Beauty & Personal Care,Nivea,1894.62,1,2024-12-09,Delivered
8545,274,107,Trimmer,Beauty & Personal Care,Plum,1481.35,1,2025-04-24,Delivered
8546,1264,50,Mixer Grinder,Home & Kitchen,Pigeon,8624.97,1,2025-07-28,Cancelled
8547,987,14,Laptop,Electronics,Xiaomi,28274.25,3,2026-02-03,Pending
8548,1754,70,Bedsheet Set,Home & Kitchen,Bajaj,2055.89,2,2024-08-02,Delivered
8549,1484,107,Trimmer,Beauty & Personal Care,Plum,811.37,1,2026-04-08,Delivered
8550,1618,67,Wall Clock,Home & Kitchen,Cello,484.81,1,2026-03-19,Delivered
8551,886,103,Lipstick,Beauty & Personal Care,The Man Company,853.49,1,2026-05-01,Delivered
8552,1728,107,Trimmer,Beauty & Personal Care,Plum,1072.69,3,2025-02-26,Delivered
8553,615,56,Air Fryer,Home & Kitchen,Prestige,2308.48,1,2024-09-10,Delivered
8554,12,8,Smartwatch,Electronics,OnePlus,7350.01,1,2026-08-17,Cancelled
8555,1003,49,Mixer Grinder,Home & Kitchen,Havells,7487.42,2,2024-10-12,Delivered
8556,1885,8,Smartwatch,Electronics,OnePlus,73077.91,4,2025-04-20,Delivered
8557,700,43,Handbag,Fashion,Biba,3427.3,1,2025-06-22,Delivered
8558,836,110,Perfume,Beauty & Personal Care,Lakme,313.19,1,2026-06-10,Returned
8559,1931,111,Perfume,Beauty & Personal Care,Plum,1740.45,4,2026-02-21,Delivered
8560,1214,9,Smartwatch,Electronics,boAt,70551.75,1,2025-03-21,Shipped
8561,1049,76,Self-Help Book,Books,Bloomsbury,678.67,3,2026-03-09,Delivered
8562,74,78,Self-Help Book,Books,HarperCollins,627.47,2,2025-09-19,Delivered
8563,459,81,Competitive Exam Guide,Books,Penguin,418.17,2,2024-10-21,Shipped
8564,1683,109,Perfume,Beauty & Personal Care,The Man Company,1106.93,2,2026-05-20,Delivered
8565,1955,48,Sunglasses,Fashion,Puma,1347.41,1,2026-02-13,Returned
8566,1614,35,Denim Jeans,Fashion,Van Heusen,4997.75,1,2025-03-25,Returned
8567,358,18,Power Bank 10000mAh,Electronics,Sony,22909.63,2,2026-05-21,Delivered
8568,42,22,Neckband Earphones,Electronics,Samsung,55249.59,1,2024-09-17,Delivered
8569,180,108,Trimmer,Beauty & Personal Care,Lakme,1718.19,2,2025-08-03,Delivered
8570,499,56,Air Fryer,Home & Kitchen,Prestige,697.87,1,2026-06-13,Delivered
8571,1870,116,Cricket Bat,Sports & Fitness,Adidas,2946.04,1,2025-12-14,Delivered
8572,545,99,Hair Serum,Beauty & Personal Care,Plum,2025.83,2,2024-11-08,Delivered
8573,319,67,Wall Clock,Home & Kitchen,Cello,5386.08,1,2025-10-14,Returned
8574,977,3,Smartphone,Electronics,boAt,4530.67,2,2025-02-06,Delivered
8575,203,39,Formal Shirt,Fashion,Allen Solly,1406.17,4,2026-06-01,Delivered
8576,507,12,LED TV 43-inch,Electronics,JBL,88373.78,3,2026-01-05,Delivered
8577,1654,23,Neckband Earphones,Electronics,JBL,53692.28,1,2025-10-26,Delivered
8578,184,89,Business Book,Books,Bloomsbury,219.78,1,2024-08-23,Delivered
8579,210,75,Fiction Novel,Books,Bloomsbury,186.95,1,2025-08-25,Delivered
8580,856,116,Cricket Bat,Sports & Fitness,Adidas,501.11,1,2025-11-09,Delivered
8581,1414,122,Badminton Racket,Sports & Fitness,Yonex,1525.92,3,2025-01-10,Delivered
8582,167,62,Water Bottle Set,Home & Kitchen,Pigeon,11214.56,1,2025-05-15,Delivered
8583,1517,40,Casual Sneakers,Fashion,Levis,3499.88,3,2024-09-30,Delivered
8584,1563,100,Body Lotion,Beauty & Personal Care,The Man Company,232.61,1,2026-04-22,Delivered
8585,1858,1,Smartphone,Electronics,Xiaomi,52137.92,3,2026-04-06,Delivered
8586,316,58,Table Lamp,Home & Kitchen,Prestige,5011.41,1,2026-03-12,Delivered
8587,198,95,Sunscreen SPF50,Beauty & Personal Care,The Man Company,1611.11,3,2025-08-31,Delivered
8588,637,103,Lipstick,Beauty & Personal Care,The Man Company,936.61,1,2026-05-17,Delivered
8589,1154,70,Bedsheet Set,Home & Kitchen,Bajaj,7867.52,1,2025-04-21,Delivered
8590,1436,120,Dumbbell Set 10kg,Sports & Fitness,Yonex,6710.33,1,2026-04-08,Delivered
8591,1798,42,Casual Sneakers,Fashion,Biba,1454.81,1,2026-01-15,Pending
8592,1546,46,Sunglasses,Fashion,H&M,3177.14,3,2026-02-01,Delivered
8593,184,124,Football,Sports & Fitness,Nivia,3126.08,1,2025-04-12,Cancelled
8594,350,38,Formal Shirt,Fashion,Levis,3802.64,1,2024-01-18,Delivered
8595,87,66,Induction Cooktop,Home & Kitchen,Cello,2468.24,1,2025-12-09,Shipped
8596,609,22,Neckband Earphones,Electronics,Samsung,60849.8,1,2026-05-29,Delivered
8597,933,122,Badminton Racket,Sports & Fitness,Yonex,1633.84,1,2025-12-25,Delivered
8598,1967,11,LED TV 43-inch,Electronics,boAt,64800.9,1,2025-08-20,Delivered
8599,204,18,Power Bank 10000mAh,Electronics,Sony,45500.45,1,2026-01-25,Delivered
8600,1053,93,Face Wash,Beauty & Personal Care,Dove,639.83,2,2026-04-11,Delivered
8601,1860,83,Children's Story Book,Books,Penguin,579.16,2,2026-04-26,Cancelled
8602,663,88,Business Book,Books,Penguin,206.93,1,2025-10-30,Shipped
8603,509,14,Laptop,Electronics,Xiaomi,26571.67,1,2025-06-02,Delivered
8604,588,76,Self-Help Book,Books,Bloomsbury,601.56,1,2024-12-19,Delivered
8605,1744,31,Running Shoes,Fashion,Biba,4662.82,1,2025-01-16,Delivered
8606,743,13,Laptop,Electronics,Sony,51444.75,1,2026-01-06,Delivered
8607,509,85,Biography,Books,Scholastic,728.58,1,2026-01-26,Delivered
8608,669,5,Bluetooth Earbuds,Electronics,boAt,48001.95,1,2026-05-20,Delivered
8609,1174,86,Biography,Books,HarperCollins,343.4,1,2025-11-02,Delivered
8610,1447,100,Body Lotion,Beauty & Personal Care,The Man Company,957.36,1,2026-04-07,Cancelled
8611,1886,129,Resistance Band Set,Sports & Fitness,Yonex,6227.79,1,2025-02-04,Delivered
8612,1762,81,Competitive Exam Guide,Books,Penguin,147.78,1,2026-07-21,Delivered
8613,567,8,Smartwatch,Electronics,OnePlus,17056.34,1,2025-02-27,Delivered
8614,1005,32,Running Shoes,Fashion,H&M,4584.36,1,2025-11-25,Shipped
8615,696,52,Non-Stick Pan Set,Home & Kitchen,Bajaj,5703.64,1,2024-01-08,Delivered
8616,613,27,Men's T-Shirt,Fashion,Puma,878.15,1,2025-07-15,Delivered
8617,1169,74,Fiction Novel,Books,HarperCollins,449.06,1,2025-08-14,Delivered
8618,628,6,Bluetooth Earbuds,Electronics,Sony,56123.42,1,2026-02-24,Delivered
8619,1894,32,Running Shoes,Fashion,H&M,2250.71,2,2025-12-15,Delivered
8620,662,49,Mixer Grinder,Home & Kitchen,Havells,11083.65,1,2026-05-04,Delivered
8621,690,50,Mixer Grinder,Home & Kitchen,Pigeon,5556.46,1,2025-10-31,Delivered
8622,166,55,Air Fryer,Home & Kitchen,Bajaj,1190.22,1,2025-10-08,Delivered
8623,96,31,Running Shoes,Fashion,Biba,3504.19,4,2025-09-07,Delivered
8624,1002,7,Smartwatch,Electronics,Samsung,80025.57,3,2025-07-10,Delivered
8625,1603,25,Men's T-Shirt,Fashion,Allen Solly,4335.67,1,2026-05-20,Delivered
8626,1892,3,Smartphone,Electronics,boAt,62666.62,1,2025-06-27,Delivered
8627,881,77,Self-Help Book,Books,Scholastic,936.85,2,2025-08-07,Shipped
8628,888,55,Air Fryer,Home & Kitchen,Bajaj,3119.75,1,2025-08-17,Delivered
8629,1005,76,Self-Help Book,Books,Bloomsbury,644.73,1,2024-08-29,Cancelled
8630,552,52,Non-Stick Pan Set,Home & Kitchen,Bajaj,12945.12,1,2026-04-10,Delivered
8631,1274,68,Wall Clock,Home & Kitchen,Havells,6349.29,1,2025-08-12,Returned
8632,509,55,Air Fryer,Home & Kitchen,Bajaj,11180.36,1,2025-10-02,Delivered
8633,1060,87,Biography,Books,Bloomsbury,792.55,1,2023-12-08,Delivered
8634,577,40,Casual Sneakers,Fashion,Levis,4366.05,1,2025-09-18,Delivered
8635,461,3,Smartphone,Electronics,boAt,10758.32,2,2024-02-22,Delivered
8636,1345,103,Lipstick,Beauty & Personal Care,The Man Company,291.27,1,2025-08-25,Delivered
8637,727,94,Sunscreen SPF50,Beauty & Personal Care,Mamaearth,980.71,1,2025-07-12,Delivered
8638,189,120,Dumbbell Set 10kg,Sports & Fitness,Yonex,5967.54,3,2026-02-20,Shipped
8639,188,99,Hair Serum,Beauty & Personal Care,Plum,2008.64,1,2025-02-21,Delivered
8640,844,1,Smartphone,Electronics,Xiaomi,74588.4,1,2025-07-27,Delivered
8641,178,14,Laptop,Electronics,Xiaomi,57144.83,1,2025-07-10,Returned
8642,1830,27,Men's T-Shirt,Fashion,Puma,1252.62,1,2025-01-28,Delivered
8643,530,92,Face Wash,Beauty & Personal Care,Plum,2367.32,1,2026-03-02,Delivered
8644,1007,55,Air Fryer,Home & Kitchen,Bajaj,1399.38,1,2025-03-27,Delivered
8645,144,60,Table Lamp,Home & Kitchen,Pigeon,5881.82,4,2025-08-12,Delivered
8646,789,128,Resistance Band Set,Sports & Fitness,Decathlon,1544.79,1,2026-06-17,Cancelled
8647,1120,19,Bluetooth Speaker,Electronics,boAt,55893.2,1,2025-09-06,Cancelled
8648,1543,44,Handbag,Fashion,Van Heusen,1477.54,1,2024-11-30,Cancelled
8649,1646,97,Hair Serum,Beauty & Personal Care,Lakme,2010.02,1,2025-01-04,Delivered
8650,1803,95,Sunscreen SPF50,Beauty & Personal Care,The Man Company,2443.65,1,2025-08-06,Delivered
8651,611,129,Resistance Band Set,Sports & Fitness,Yonex,2311.36,1,2025-03-03,Delivered
8652,1993,125,Football,Sports & Fitness,Cosco,1922.81,3,2025-12-30,Delivered
8653,160,66,Induction Cooktop,Home & Kitchen,Cello,949.83,2,2026-06-20,Delivered
8654,1762,23,Neckband Earphones,Electronics,JBL,18870.05,1,2026-08-06,Delivered
8655,1292,129,Resistance Band Set,Sports & Fitness,Yonex,4472.87,3,2025-08-14,Delivered
8656,155,99,Hair Serum,Beauty & Personal Care,Plum,2200.64,1,2025-10-28,Delivered
8657,260,79,Competitive Exam Guide,Books,Scholastic,176.95,1,2025-12-01,Shipped
8658,705,62,Water Bottle Set,Home & Kitchen,Pigeon,11385.94,1,2025-08-07,Returned
8659,1236,12,LED TV 43-inch,Electronics,JBL,20582.96,3,2026-06-27,Delivered
8660,562,93,Face Wash,Beauty & Personal Care,Dove,1910.21,1,2026-02-28,Delivered
8661,914,60,Table Lamp,Home & Kitchen,Pigeon,3789.57,3,2025-10-25,Shipped
8662,799,76,Self-Help Book,Books,Bloomsbury,443.65,1,2026-03-22,Delivered
8663,1744,32,Running Shoes,Fashion,H&M,1471.19,1,2025-03-26,Delivered
8664,1593,43,Handbag,Fashion,Biba,3679.62,4,2025-04-24,Delivered
8665,192,91,Face Wash,Beauty & Personal Care,The Man Company,2352.52,1,2026-03-08,Delivered
8666,872,106,Trimmer,Beauty & Personal Care,Mamaearth,1051.88,1,2026-02-04,Delivered
8667,355,96,Sunscreen SPF50,Beauty & Personal Care,Plum,386.63,1,2025-11-25,Delivered
8668,1455,68,Wall Clock,Home & Kitchen,Havells,7585.05,2,2025-07-23,Delivered
8669,40,121,Badminton Racket,Sports & Fitness,Cosco,2933.47,1,2024-11-20,Delivered
8670,1707,55,Air Fryer,Home & Kitchen,Bajaj,10839.71,1,2026-02-17,Delivered
8671,985,26,Men's T-Shirt,Fashion,Nike,1673.92,1,2026-05-02,Shipped
8672,899,71,Bedsheet Set,Home & Kitchen,Pigeon,9283.48,1,2025-04-12,Pending
8673,1554,32,Running Shoes,Fashion,H&M,4993.4,1,2025-11-17,Shipped
8674,1552,2,Smartphone,Electronics,Apple,6791.74,1,2025-11-03,Pending
8675,1723,95,Sunscreen SPF50,Beauty & Personal Care,The Man Company,1203.48,1,2026-02-05,Cancelled
8676,1509,108,Trimmer,Beauty & Personal Care,Lakme,1067.83,4,2025-09-13,Returned
8677,724,24,Neckband Earphones,Electronics,Realme,71328.08,1,2026-05-06,Delivered
8678,514,56,Air Fryer,Home & Kitchen,Prestige,5784.7,3,2025-12-05,Delivered
8679,191,124,Football,Sports & Fitness,Nivia,6394.99,1,2025-02-24,Shipped
8680,1671,73,Fiction Novel,Books,Scholastic,396.57,3,2025-11-24,Delivered
8681,1447,99,Hair Serum,Beauty & Personal Care,Plum,811.82,1,2026-04-04,Cancelled
8682,1121,86,Biography,Books,HarperCollins,340.28,1,2025-11-16,Delivered
8683,1488,4,Bluetooth Earbuds,Electronics,Xiaomi,60094.64,1,2024-12-08,Delivered
8684,39,120,Dumbbell Set 10kg,Sports & Fitness,Yonex,5373.34,1,2026-08-17,Delivered
8685,1257,119,Dumbbell Set 10kg,Sports & Fitness,Adidas,4218.05,2,2025-10-01,Delivered
8686,1513,58,Table Lamp,Home & Kitchen,Prestige,1532.96,1,2026-07-17,Delivered
8687,2000,118,Dumbbell Set 10kg,Sports & Fitness,Decathlon,3730.39,1,2026-03-03,Delivered
8688,535,31,Running Shoes,Fashion,Biba,2283.68,1,2025-12-05,Delivered
8689,657,13,Laptop,Electronics,Sony,61054.74,1,2025-06-12,Delivered
8690,1009,85,Biography,Books,Scholastic,205.42,1,2026-02-12,Delivered
8691,413,95,Sunscreen SPF50,Beauty & Personal Care,The Man Company,491.99,1,2026-05-29,Delivered
8692,613,17,Power Bank 10000mAh,Electronics,Samsung,78392.88,1,2026-02-10,Shipped
8693,1912,95,Sunscreen SPF50,Beauty & Personal Care,The Man Company,2358.4,1,2026-02-20,Cancelled
8694,1142,24,Neckband Earphones,Electronics,Realme,7977.72,1,2025-08-04,Delivered
8695,1004,126,Football,Sports & Fitness,Yonex,1557.01,1,2026-06-24,Delivered
8696,1587,65,Induction Cooktop,Home & Kitchen,Prestige,8087.86,1,2025-03-10,Delivered
8697,767,26,Men's T-Shirt,Fashion,Nike,3569.39,1,2025-06-30,Delivered
8698,50,25,Men's T-Shirt,Fashion,Allen Solly,4941.37,4,2024-08-29,Delivered
8699,589,99,Hair Serum,Beauty & Personal Care,Plum,1465.43,1,2026-05-28,Delivered
8700,784,119,Dumbbell Set 10kg,Sports & Fitness,Adidas,845.61,1,2025-12-21,Returned
8701,1299,91,Face Wash,Beauty & Personal Care,The Man Company,1239.36,1,2025-10-15,Delivered
8702,599,38,Formal Shirt,Fashion,Levis,1090.28,1,2025-04-03,Delivered
8703,128,114,Yoga Mat,Sports & Fitness,Adidas,5697.16,1,2024-10-11,Delivered
8704,388,30,Women's Kurta,Fashion,Biba,4539.35,2,2026-06-27,Delivered
8705,1689,102,Body Lotion,Beauty & Personal Care,Mamaearth,2203.85,2,2024-09-28,Delivered
8706,866,42,Casual Sneakers,Fashion,Biba,1006.92,2,2024-09-03,Delivered
8707,1457,114,Yoga Mat,Sports & Fitness,Adidas,3094.68,1,2025-04-11,Delivered
8708,1158,52,Non-Stick Pan Set,Home & Kitchen,Bajaj,2559.93,1,2026-01-08,Delivered
8709,279,11,LED TV 43-inch,Electronics,boAt,39377.15,1,2026-02-04,Pending
8710,1804,94,Sunscreen SPF50,Beauty & Personal Care,Mamaearth,2353.56,1,2026-06-04,Shipped
8711,493,62,Water Bottle Set,Home & Kitchen,Pigeon,6275.2,1,2025-06-29,Pending
8712,1692,16,Power Bank 10000mAh,Electronics,OnePlus,85376.81,2,2025-12-02,Delivered
8713,9,36,Denim Jeans,Fashion,Puma,2948.24,1,2025-12-20,Returned
8714,1891,72,Bedsheet Set,Home & Kitchen,Prestige,12274.16,1,2026-03-27,Delivered
8715,1196,115,Cricket Bat,Sports & Fitness,Nivia,5095.86,2,2025-02-19,Shipped
8716,1919,55,Air Fryer,Home & Kitchen,Bajaj,6011.75,1,2025-04-13,Cancelled
8717,60,115,Cricket Bat,Sports & Fitness,Nivia,1192.9,1,2025-10-17,Delivered
8718,1920,44,Handbag,Fashion,Van Heusen,4947.68,1,2025-11-04,Delivered
8719,1772,113,Yoga Mat,Sports & Fitness,Decathlon,3436.42,2,2026-05-01,Delivered
8720,345,77,Self-Help Book,Books,Scholastic,716.51,4,2026-03-31,Delivered
8721,179,33,Running Shoes,Fashion,Roadster,3215.98,1,2024-03-16,Delivered
8722,45,104,Lipstick,Beauty & Personal Care,Dove,1257.61,2,2026-04-01,Cancelled
8723,73,88,Business Book,Books,Penguin,839.66,1,2026-06-20,Delivered
8724,1018,56,Air Fryer,Home & Kitchen,Prestige,1624.22,2,2024-12-23,Returned
8725,1934,61,Water Bottle Set,Home & Kitchen,Philips,10147.85,1,2025-09-01,Shipped
8726,215,56,Air Fryer,Home & Kitchen,Prestige,11485.31,3,2026-03-23,Delivered
8727,630,34,Denim Jeans,Fashion,H&M,4643.95,1,2025-04-01,Delivered
8728,1227,102,Body Lotion,Beauty & Personal Care,Mamaearth,1367.34,4,2026-04-04,Delivered
8729,1966,77,Self-Help Book,Books,Scholastic,473.67,1,2025-07-26,Delivered
8730,320,44,Handbag,Fashion,Van Heusen,4016.22,1,2024-10-07,Pending
8731,339,3,Smartphone,Electronics,boAt,27806.02,1,2026-02-15,Delivered
8732,1909,125,Football,Sports & Fitness,Cosco,2189.39,1,2025-12-07,Cancelled
8733,1115,77,Self-Help Book,Books,Scholastic,922.12,4,2025-08-31,Delivered
8734,1626,39,Formal Shirt,Fashion,Allen Solly,1567.48,1,2024-06-06,Delivered
8735,1369,41,Casual Sneakers,Fashion,Allen Solly,4061.2,1,2026-02-21,Cancelled
8736,235,27,Men's T-Shirt,Fashion,Puma,774.78,1,2026-02-24,Delivered
8737,366,6,Bluetooth Earbuds,Electronics,Sony,52933.76,2,2026-01-02,Delivered
8738,1870,105,Lipstick,Beauty & Personal Care,Nivea,1873.44,1,2025-12-21,Delivered
8739,961,5,Bluetooth Earbuds,Electronics,boAt,14756.43,1,2024-10-19,Delivered
8740,639,34,Denim Jeans,Fashion,H&M,1620.81,1,2024-11-27,Delivered
8741,1530,77,Self-Help Book,Books,Scholastic,102.8,1,2026-04-06,Delivered
8742,1088,74,Fiction Novel,Books,HarperCollins,232.26,1,2025-12-10,Delivered
8743,253,126,Football,Sports & Fitness,Yonex,1374.63,1,2025-12-14,Pending
8744,938,36,Denim Jeans,Fashion,Puma,4076.76,1,2026-04-09,Delivered
8745,1765,10,LED TV 43-inch,Electronics,Apple,39521.85,1,2025-10-26,Delivered
8746,292,73,Fiction Novel,Books,Scholastic,936.99,2,2025-10-05,Delivered
8747,1182,112,Yoga Mat,Sports & Fitness,Nivia,4821.31,1,2025-11-25,Delivered
8748,1747,66,Induction Cooktop,Home & Kitchen,Cello,2092.53,1,2025-10-25,Delivered
8749,950,20,Bluetooth Speaker,Electronics,Xiaomi,77819.12,4,2025-11-12,Delivered
8750,1683,34,Denim Jeans,Fashion,H&M,4180.66,1,2025-03-03,Delivered
8751,1061,75,Fiction Novel,Books,Bloomsbury,254.65,1,2026-02-12,Delivered
8752,1490,77,Self-Help Book,Books,Scholastic,539.52,1,2025-01-18,Returned
8753,1363,35,Denim Jeans,Fashion,Van Heusen,901.55,1,2025-11-19,Delivered
8754,1636,108,Trimmer,Beauty & Personal Care,Lakme,1851.13,1,2026-03-22,Cancelled
8755,574,93,Face Wash,Beauty & Personal Care,Dove,2081.72,1,2026-03-05,Delivered
8756,1305,94,Sunscreen SPF50,Beauty & Personal Care,Mamaearth,1156.97,1,2025-02-02,Delivered
8757,1237,129,Resistance Band Set,Sports & Fitness,Yonex,484.8,1,2025-07-17,Delivered
8758,92,91,Face Wash,Beauty & Personal Care,The Man Company,2343.95,1,2026-02-28,Delivered
8759,1255,70,Bedsheet Set,Home & Kitchen,Bajaj,7868.63,1,2026-03-18,Delivered
8760,730,97,Hair Serum,Beauty & Personal Care,Lakme,1699.81,1,2025-05-31,Delivered
8761,904,24,Neckband Earphones,Electronics,Realme,20399.87,2,2026-02-08,Delivered
8762,1878,72,Bedsheet Set,Home & Kitchen,Prestige,11845.64,1,2025-09-27,Delivered
8763,291,109,Perfume,Beauty & Personal Care,The Man Company,2484.19,1,2024-09-25,Delivered
8764,1438,73,Fiction Novel,Books,Scholastic,748.31,1,2024-08-23,Delivered
8765,246,25,Men's T-Shirt,Fashion,Allen Solly,361.03,1,2025-02-26,Delivered
8766,646,11,LED TV 43-inch,Electronics,boAt,75427.4,1,2026-05-08,Delivered
8767,1566,50,Mixer Grinder,Home & Kitchen,Pigeon,5635.47,1,2025-10-19,Delivered
8768,1191,22,Neckband Earphones,Electronics,Samsung,48693.15,1,2024-04-14,Delivered
8769,419,9,Smartwatch,Electronics,boAt,4042.88,1,2025-10-20,Delivered
8770,1568,5,Bluetooth Earbuds,Electronics,boAt,49227.81,1,2025-01-08,Delivered
8771,1847,55,Air Fryer,Home & Kitchen,Bajaj,12985.61,1,2026-03-12,Shipped
8772,230,71,Bedsheet Set,Home & Kitchen,Pigeon,725.42,2,2025-07-23,Delivered
8773,611,39,Formal Shirt,Fashion,Allen Solly,3534.6,1,2025-03-22,Delivered
8774,682,1,Smartphone,Electronics,Xiaomi,84918.77,4,2025-09-28,Delivered
8775,1623,25,Men's T-Shirt,Fashion,Allen Solly,1990.42,3,2026-01-12,Delivered
8776,1258,95,Sunscreen SPF50,Beauty & Personal Care,The Man Company,1489.71,1,2026-03-02,Delivered
8777,1245,29,Women's Kurta,Fashion,Allen Solly,2335.86,1,2025-12-06,Returned
8778,444,31,Running Shoes,Fashion,Biba,2864.65,1,2025-12-29,Delivered
8779,1,12,LED TV 43-inch,Electronics,JBL,60614.66,1,2025-10-02,Delivered
8780,1101,19,Bluetooth Speaker,Electronics,boAt,78975.16,1,2024-11-10,Cancelled
8781,1452,121,Badminton Racket,Sports & Fitness,Cosco,4139.9,2,2025-10-22,Delivered
8782,693,31,Running Shoes,Fashion,Biba,4410.11,1,2025-07-14,Shipped
8783,603,128,Resistance Band Set,Sports & Fitness,Decathlon,6661.32,1,2026-07-06,Delivered
8784,481,45,Handbag,Fashion,Allen Solly,872.94,1,2025-07-15,Cancelled
8785,1813,11,LED TV 43-inch,Electronics,boAt,77941.73,1,2025-01-10,Delivered
8786,1227,58,Table Lamp,Home & Kitchen,Prestige,1371.09,1,2026-03-27,Delivered
8787,416,20,Bluetooth Speaker,Electronics,Xiaomi,87345.97,3,2026-02-07,Delivered
8788,406,98,Hair Serum,Beauty & Personal Care,Mamaearth,1041.0,1,2025-01-08,Cancelled
8789,228,97,Hair Serum,Beauty & Personal Care,Lakme,2435.32,1,2026-05-24,Delivered
8790,566,67,Wall Clock,Home & Kitchen,Cello,433.45,1,2026-05-18,Delivered
8791,1940,29,Women's Kurta,Fashion,Allen Solly,3568.09,1,2025-08-22,Delivered
8792,1133,73,Fiction Novel,Books,Scholastic,331.01,1,2025-05-14,Delivered
8793,410,16,Power Bank 10000mAh,Electronics,OnePlus,3282.73,1,2025-06-06,Delivered
8794,414,49,Mixer Grinder,Home & Kitchen,Havells,4959.76,1,2026-03-05,Delivered
8795,1951,71,Bedsheet Set,Home & Kitchen,Pigeon,1052.38,1,2025-06-08,Delivered
8796,61,90,Business Book,Books,Rupa Publications,446.87,1,2026-05-17,Delivered
8797,672,62,Water Bottle Set,Home & Kitchen,Pigeon,6703.88,1,2025-01-14,Pending
8798,1859,97,Hair Serum,Beauty & Personal Care,Lakme,356.32,1,2026-03-10,Pending
8799,698,125,Football,Sports & Fitness,Cosco,4345.49,3,2026-01-18,Delivered
8800,1663,16,Power Bank 10000mAh,Electronics,OnePlus,43725.35,1,2026-07-01,Delivered
8801,1399,81,Competitive Exam Guide,Books,Penguin,446.73,2,2025-11-22,Delivered
8802,828,26,Men's T-Shirt,Fashion,Nike,4588.96,1,2025-06-18,Delivered
8803,829,102,Body Lotion,Beauty & Personal Care,Mamaearth,729.55,1,2026-01-07,Delivered
8804,631,21,Bluetooth Speaker,Electronics,Apple,16996.2,1,2025-12-10,Cancelled
8805,735,49,Mixer Grinder,Home & Kitchen,Havells,11667.36,1,2025-10-12,Delivered
8806,1841,44,Handbag,Fashion,Van Heusen,2704.19,2,2025-06-21,Delivered
8807,1628,31,Running Shoes,Fashion,Biba,3910.73,3,2025-08-23,Delivered
8808,1280,98,Hair Serum,Beauty & Personal Care,Mamaearth,181.29,1,2026-01-13,Delivered
8809,952,119,Dumbbell Set 10kg,Sports & Fitness,Adidas,6416.7,1,2026-03-08,Delivered
8810,422,128,Resistance Band Set,Sports & Fitness,Decathlon,3752.13,3,2024-12-23,Delivered
8811,1207,69,Wall Clock,Home & Kitchen,Philips,11278.38,1,2026-02-02,Delivered
8812,1824,12,LED TV 43-inch,Electronics,JBL,37008.69,1,2025-03-15,Delivered
8813,1213,58,Table Lamp,Home & Kitchen,Prestige,8745.75,2,2024-12-31,Cancelled
8814,798,38,Formal Shirt,Fashion,Levis,4398.22,1,2026-04-04,Delivered
8815,472,36,Denim Jeans,Fashion,Puma,3049.78,1,2025-10-20,Delivered
8816,1029,121,Badminton Racket,Sports & Fitness,Cosco,2093.55,2,2025-12-01,Cancelled
8817,860,4,Bluetooth Earbuds,Electronics,Xiaomi,77506.39,1,2026-03-31,Delivered
8818,1719,99,Hair Serum,Beauty & Personal Care,Plum,996.4,1,2026-05-13,Delivered
8819,1223,30,Women's Kurta,Fashion,Biba,4151.75,1,2026-03-21,Delivered
8820,604,73,Fiction Novel,Books,Scholastic,566.72,4,2025-03-12,Delivered
8821,1015,89,Business Book,Books,Bloomsbury,642.86,3,2025-04-15,Delivered
8822,1535,29,Women's Kurta,Fashion,Allen Solly,4193.2,1,2025-09-29,Delivered
8823,1392,25,Men's T-Shirt,Fashion,Allen Solly,860.01,1,2025-07-18,Delivered
8824,636,30,Women's Kurta,Fashion,Biba,4046.54,1,2024-03-14,Delivered
8825,1140,23,Neckband Earphones,Electronics,JBL,61797.91,2,2025-09-10,Delivered
8826,1330,35,Denim Jeans,Fashion,Van Heusen,3507.7,1,2025-07-20,Delivered
8827,1875,114,Yoga Mat,Sports & Fitness,Adidas,6814.61,1,2026-08-17,Delivered
8828,60,24,Neckband Earphones,Electronics,Realme,87890.33,3,2025-10-03,Returned
8829,1245,30,Women's Kurta,Fashion,Biba,1056.54,1,2025-09-14,Delivered
8830,978,79,Competitive Exam Guide,Books,Scholastic,828.72,3,2026-04-06,Shipped
8831,1537,59,Table Lamp,Home & Kitchen,Havells,5241.09,1,2025-12-24,Delivered
8832,1605,7,Smartwatch,Electronics,Samsung,27832.16,1,2026-01-23,Delivered
8833,1769,32,Running Shoes,Fashion,H&M,3381.78,1,2025-06-27,Delivered
8834,1610,29,Women's Kurta,Fashion,Allen Solly,3742.8,1,2025-08-07,Shipped
8835,449,95,Sunscreen SPF50,Beauty & Personal Care,The Man Company,1357.8,2,2026-06-15,Pending
8836,1899,114,Yoga Mat,Sports & Fitness,Adidas,6907.25,1,2025-10-18,Delivered
8837,1275,111,Perfume,Beauty & Personal Care,Plum,1638.88,2,2026-02-02,Delivered
8838,542,93,Face Wash,Beauty & Personal Care,Dove,1339.1,1,2024-02-11,Delivered
8839,1568,17,Power Bank 10000mAh,Electronics,Samsung,71275.16,1,2025-04-17,Delivered
8840,1051,81,Competitive Exam Guide,Books,Penguin,796.94,1,2026-07-26,Cancelled
8841,1230,124,Football,Sports & Fitness,Nivia,5548.62,1,2025-10-26,Delivered
8842,1625,91,Face Wash,Beauty & Personal Care,The Man Company,1465.71,1,2025-09-05,Delivered
8843,584,10,LED TV 43-inch,Electronics,Apple,29468.04,2,2026-07-12,Delivered
8844,1854,46,Sunglasses,Fashion,H&M,4247.6,2,2025-06-26,Delivered
8845,381,103,Lipstick,Beauty & Personal Care,The Man Company,1201.64,1,2025-10-07,Delivered
8846,1772,8,Smartwatch,Electronics,OnePlus,76069.05,1,2026-05-15,Delivered
8847,423,20,Bluetooth Speaker,Electronics,Xiaomi,40085.76,1,2026-06-11,Returned
8848,725,92,Face Wash,Beauty & Personal Care,Plum,2205.95,1,2026-05-31,Delivered
8849,272,96,Sunscreen SPF50,Beauty & Personal Care,Plum,1674.46,1,2025-10-04,Returned
8850,259,90,Business Book,Books,Rupa Publications,720.65,1,2024-05-11,Cancelled
8851,553,97,Hair Serum,Beauty & Personal Care,Lakme,631.08,1,2026-05-03,Delivered
8852,485,55,Air Fryer,Home & Kitchen,Bajaj,5525.19,1,2025-11-04,Returned
8853,876,33,Running Shoes,Fashion,Roadster,2113.1,1,2026-02-06,Cancelled
8854,1395,129,Resistance Band Set,Sports & Fitness,Yonex,1952.34,4,2025-06-29,Delivered
8855,1981,105,Lipstick,Beauty & Personal Care,Nivea,929.2,1,2026-01-16,Delivered
8856,1054,32,Running Shoes,Fashion,H&M,2395.75,1,2026-07-01,Returned
8857,119,76,Self-Help Book,Books,Bloomsbury,179.89,2,2024-11-14,Returned
8858,1930,116,Cricket Bat,Sports & Fitness,Adidas,389.76,1,2026-05-29,Delivered
8859,177,69,Wall Clock,Home & Kitchen,Philips,8810.96,1,2025-09-30,Delivered
8860,694,6,Bluetooth Earbuds,Electronics,Sony,54660.12,1,2026-08-17,Delivered
8861,1354,13,Laptop,Electronics,Sony,72323.78,1,2026-07-24,Delivered
8862,148,83,Children's Story Book,Books,Penguin,304.87,1,2025-11-02,Delivered
8863,199,85,Biography,Books,Scholastic,662.35,1,2025-03-14,Returned
8864,1290,113,Yoga Mat,Sports & Fitness,Decathlon,4007.96,1,2026-07-29,Delivered
8865,233,17,Power Bank 10000mAh,Electronics,Samsung,11014.32,3,2025-04-15,Returned
8866,1996,59,Table Lamp,Home & Kitchen,Havells,7829.04,1,2025-11-09,Delivered
8867,889,83,Children's Story Book,Books,Penguin,670.99,2,2025-10-31,Delivered
8868,1647,53,Non-Stick Pan Set,Home & Kitchen,Pigeon,3600.91,2,2024-08-11,Delivered
8869,1669,109,Perfume,Beauty & Personal Care,The Man Company,217.51,2,2025-09-04,Delivered
8870,154,56,Air Fryer,Home & Kitchen,Prestige,6474.03,3,2026-04-07,Delivered
8871,1655,16,Power Bank 10000mAh,Electronics,OnePlus,35055.57,1,2025-08-07,Delivered
8872,704,16,Power Bank 10000mAh,Electronics,OnePlus,64267.9,1,2025-12-19,Delivered
8873,181,46,Sunglasses,Fashion,H&M,2891.85,1,2025-08-28,Cancelled
8874,1527,72,Bedsheet Set,Home & Kitchen,Prestige,767.96,1,2025-01-31,Delivered
8875,1869,50,Mixer Grinder,Home & Kitchen,Pigeon,4345.29,1,2025-08-11,Delivered
8876,300,111,Perfume,Beauty & Personal Care,Plum,405.47,3,2026-03-13,Delivered
8877,318,21,Bluetooth Speaker,Electronics,Apple,6750.57,3,2025-03-26,Delivered
8878,1800,27,Men's T-Shirt,Fashion,Puma,949.15,2,2025-09-05,Delivered
8879,1789,95,Sunscreen SPF50,Beauty & Personal Care,The Man Company,1416.89,1,2026-02-18,Shipped
8880,358,53,Non-Stick Pan Set,Home & Kitchen,Pigeon,11080.66,2,2025-07-11,Shipped
8881,840,83,Children's Story Book,Books,Penguin,466.09,2,2026-01-29,Delivered
8882,1858,69,Wall Clock,Home & Kitchen,Philips,4393.3,1,2026-07-13,Delivered
8883,561,56,Air Fryer,Home & Kitchen,Prestige,11445.53,1,2026-08-05,Delivered
8884,1364,85,Biography,Books,Scholastic,607.68,1,2025-09-30,Delivered
8885,1218,66,Induction Cooktop,Home & Kitchen,Cello,10687.63,4,2026-07-01,Delivered
8886,1245,56,Air Fryer,Home & Kitchen,Prestige,312.1,1,2025-01-08,Delivered
8887,674,129,Resistance Band Set,Sports & Fitness,Yonex,1982.18,1,2025-06-28,Delivered
8888,1506,60,Table Lamp,Home & Kitchen,Pigeon,992.98,2,2026-02-08,Delivered
8889,1800,80,Competitive Exam Guide,Books,HarperCollins,689.06,2,2026-07-21,Shipped
8890,65,39,Formal Shirt,Fashion,Allen Solly,2912.95,1,2026-06-13,Delivered
8891,157,114,Yoga Mat,Sports & Fitness,Adidas,2977.4,1,2025-08-05,Delivered
8892,1046,25,Men's T-Shirt,Fashion,Allen Solly,3565.84,2,2026-06-13,Delivered
8893,113,73,Fiction Novel,Books,Scholastic,512.14,1,2025-11-03,Delivered
8894,568,65,Induction Cooktop,Home & Kitchen,Prestige,3503.65,2,2025-12-08,Delivered
8895,1727,90,Business Book,Books,Rupa Publications,464.35,1,2025-11-23,Pending
8896,1865,85,Biography,Books,Scholastic,167.27,3,2025-12-06,Delivered
8897,559,34,Denim Jeans,Fashion,H&M,2188.45,3,2025-04-16,Delivered
8898,1917,105,Lipstick,Beauty & Personal Care,Nivea,951.37,1,2024-08-19,Cancelled
8899,354,3,Smartphone,Electronics,boAt,76619.63,1,2025-11-27,Pending
8900,1111,121,Badminton Racket,Sports & Fitness,Cosco,4565.64,1,2026-01-07,Cancelled
8901,632,114,Yoga Mat,Sports & Fitness,Adidas,1324.83,1,2025-04-08,Delivered
8902,1930,49,Mixer Grinder,Home & Kitchen,Havells,1245.83,2,2026-06-18,Delivered
8903,728,19,Bluetooth Speaker,Electronics,boAt,65222.21,2,2025-02-08,Delivered
8904,294,19,Bluetooth Speaker,Electronics,boAt,53504.23,4,2026-04-13,Delivered
8905,486,116,Cricket Bat,Sports & Fitness,Adidas,1879.08,1,2025-07-13,Cancelled
8906,1676,50,Mixer Grinder,Home & Kitchen,Pigeon,10226.5,4,2026-02-24,Delivered
8907,1870,54,Non-Stick Pan Set,Home & Kitchen,Philips,4459.03,1,2025-09-24,Delivered
8908,711,76,Self-Help Book,Books,Bloomsbury,616.14,1,2025-11-19,Delivered
8909,543,111,Perfume,Beauty & Personal Care,Plum,2195.77,1,2026-04-21,Delivered
8910,939,21,Bluetooth Speaker,Electronics,Apple,10084.8,4,2026-01-21,Delivered
8911,1550,13,Laptop,Electronics,Sony,39978.51,2,2026-04-28,Delivered
8912,66,94,Sunscreen SPF50,Beauty & Personal Care,Mamaearth,2245.26,1,2025-03-14,Delivered
8913,1401,12,LED TV 43-inch,Electronics,JBL,23255.28,1,2025-07-04,Delivered
8914,1862,105,Lipstick,Beauty & Personal Care,Nivea,1273.5,1,2025-07-08,Cancelled
8915,1819,98,Hair Serum,Beauty & Personal Care,Mamaearth,219.74,2,2026-06-30,Delivered
8916,16,121,Badminton Racket,Sports & Fitness,Cosco,1659.03,2,2024-10-13,Delivered
8917,261,8,Smartwatch,Electronics,OnePlus,32979.77,1,2024-11-21,Delivered
8918,826,112,Yoga Mat,Sports & Fitness,Nivia,1422.21,1,2026-03-06,Returned
8919,1070,47,Sunglasses,Fashion,Biba,2543.64,1,2025-10-27,Delivered
8920,1781,68,Wall Clock,Home & Kitchen,Havells,2418.19,1,2026-04-17,Delivered
8921,597,1,Smartphone,Electronics,Xiaomi,57038.16,1,2025-02-11,Shipped
8922,826,85,Biography,Books,Scholastic,942.68,4,2026-07-26,Delivered
8923,1789,19,Bluetooth Speaker,Electronics,boAt,56414.53,1,2025-04-23,Cancelled
8924,470,9,Smartwatch,Electronics,boAt,82966.46,1,2024-10-28,Delivered
8925,1240,54,Non-Stick Pan Set,Home & Kitchen,Philips,4069.53,1,2025-03-15,Delivered
8926,853,90,Business Book,Books,Rupa Publications,772.26,1,2025-01-05,Delivered
8927,529,80,Competitive Exam Guide,Books,HarperCollins,715.49,2,2025-12-27,Delivered
8928,1841,56,Air Fryer,Home & Kitchen,Prestige,1418.62,2,2024-06-25,Delivered
8929,1539,74,Fiction Novel,Books,HarperCollins,857.99,1,2025-05-06,Delivered
8930,453,5,Bluetooth Earbuds,Electronics,boAt,23746.31,2,2024-12-01,Delivered
8931,1634,34,Denim Jeans,Fashion,H&M,3817.17,1,2024-08-08,Cancelled
8932,1379,129,Resistance Band Set,Sports & Fitness,Yonex,376.82,2,2025-07-12,Delivered
8933,858,2,Smartphone,Electronics,Apple,67935.07,2,2025-10-03,Delivered
8934,199,14,Laptop,Electronics,Xiaomi,45470.46,1,2025-10-25,Delivered
8935,1660,39,Formal Shirt,Fashion,Allen Solly,4768.45,1,2024-08-30,Delivered
8936,1970,114,Yoga Mat,Sports & Fitness,Adidas,6123.52,1,2026-01-11,Delivered
8937,1226,101,Body Lotion,Beauty & Personal Care,Lakme,2336.17,1,2025-06-04,Delivered
8938,1823,112,Yoga Mat,Sports & Fitness,Nivia,6820.77,1,2026-03-11,Delivered
8939,74,83,Children's Story Book,Books,Penguin,781.98,1,2025-09-27,Delivered
8940,1413,18,Power Bank 10000mAh,Electronics,Sony,39750.47,1,2025-05-08,Cancelled
8941,346,37,Formal Shirt,Fashion,Van Heusen,2372.37,2,2026-05-23,Shipped
8942,656,24,Neckband Earphones,Electronics,Realme,43893.22,1,2024-08-31,Delivered
8943,1364,62,Water Bottle Set,Home & Kitchen,Pigeon,11189.63,2,2025-09-27,Cancelled
8944,288,18,Power Bank 10000mAh,Electronics,Sony,69641.52,1,2026-03-24,Delivered
8945,646,119,Dumbbell Set 10kg,Sports & Fitness,Adidas,730.96,1,2026-05-05,Delivered
8946,1135,105,Lipstick,Beauty & Personal Care,Nivea,639.66,1,2026-07-24,Delivered
8947,38,78,Self-Help Book,Books,HarperCollins,711.23,4,2026-03-01,Returned
8948,1800,101,Body Lotion,Beauty & Personal Care,Lakme,1481.71,1,2025-09-13,Delivered
8949,1531,62,Water Bottle Set,Home & Kitchen,Pigeon,346.49,1,2025-11-04,Shipped
8950,1917,98,Hair Serum,Beauty & Personal Care,Mamaearth,537.43,1,2025-08-27,Delivered
8951,878,17,Power Bank 10000mAh,Electronics,Samsung,3914.31,4,2026-02-05,Shipped
8952,1440,18,Power Bank 10000mAh,Electronics,Sony,71531.44,1,2024-10-02,Delivered
8953,1466,111,Perfume,Beauty & Personal Care,Plum,910.94,4,2026-07-04,Pending
8954,1585,92,Face Wash,Beauty & Personal Care,Plum,189.73,1,2024-07-21,Delivered
8955,983,15,Laptop,Electronics,boAt,86493.68,2,2025-09-10,Delivered
8956,1461,20,Bluetooth Speaker,Electronics,Xiaomi,16569.88,1,2024-11-14,Delivered
8957,1353,100,Body Lotion,Beauty & Personal Care,The Man Company,2205.27,4,2025-11-14,Shipped
8958,1975,21,Bluetooth Speaker,Electronics,Apple,12433.56,1,2025-10-09,Cancelled
8959,328,62,Water Bottle Set,Home & Kitchen,Pigeon,10326.7,1,2025-06-28,Delivered
8960,36,10,LED TV 43-inch,Electronics,Apple,71845.03,1,2025-06-13,Cancelled
8961,1637,114,Yoga Mat,Sports & Fitness,Adidas,4293.12,4,2025-08-04,Delivered
8962,945,119,Dumbbell Set 10kg,Sports & Fitness,Adidas,2697.99,3,2025-07-06,Delivered
8963,1909,76,Self-Help Book,Books,Bloomsbury,678.1,1,2025-10-27,Delivered
8964,631,123,Badminton Racket,Sports & Fitness,Decathlon,1058.46,2,2025-12-08,Delivered
8965,559,50,Mixer Grinder,Home & Kitchen,Pigeon,6563.82,1,2026-01-04,Delivered
8966,164,6,Bluetooth Earbuds,Electronics,Sony,84165.94,1,2026-01-18,Returned
8967,522,93,Face Wash,Beauty & Personal Care,Dove,515.1,3,2025-12-28,Cancelled
8968,664,66,Induction Cooktop,Home & Kitchen,Cello,10566.8,1,2025-02-11,Delivered
8969,1776,24,Neckband Earphones,Electronics,Realme,80428.76,2,2026-07-26,Delivered
8970,303,81,Competitive Exam Guide,Books,Penguin,574.12,1,2025-04-06,Delivered
8971,433,55,Air Fryer,Home & Kitchen,Bajaj,386.58,1,2026-08-12,Cancelled
8972,1288,28,Women's Kurta,Fashion,Levis,665.14,1,2026-04-05,Delivered
8973,1009,53,Non-Stick Pan Set,Home & Kitchen,Pigeon,9129.56,2,2024-08-28,Delivered
8974,1469,14,Laptop,Electronics,Xiaomi,46436.44,2,2025-12-02,Delivered
8975,433,46,Sunglasses,Fashion,H&M,3777.2,1,2026-07-25,Cancelled
8976,157,8,Smartwatch,Electronics,OnePlus,85055.25,1,2024-09-18,Delivered
8977,101,55,Air Fryer,Home & Kitchen,Bajaj,11533.72,1,2025-08-05,Delivered
8978,1686,22,Neckband Earphones,Electronics,Samsung,57019.51,1,2024-04-27,Shipped
8979,1663,6,Bluetooth Earbuds,Electronics,Sony,15224.64,2,2026-07-08,Cancelled
8980,1045,105,Lipstick,Beauty & Personal Care,Nivea,1693.28,1,2026-07-17,Delivered
8981,243,61,Water Bottle Set,Home & Kitchen,Philips,2849.08,1,2025-12-13,Pending
8982,1654,108,Trimmer,Beauty & Personal Care,Lakme,570.21,1,2026-07-19,Returned
8983,757,3,Smartphone,Electronics,boAt,33119.89,1,2026-06-27,Pending
8984,926,112,Yoga Mat,Sports & Fitness,Nivia,3600.67,1,2025-07-21,Delivered
8985,1166,73,Fiction Novel,Books,Scholastic,475.85,1,2025-06-06,Shipped
8986,1344,98,Hair Serum,Beauty & Personal Care,Mamaearth,787.71,1,2026-02-07,Delivered
8987,1939,48,Sunglasses,Fashion,Puma,3525.04,1,2026-01-25,Returned
8988,1182,96,Sunscreen SPF50,Beauty & Personal Care,Plum,749.77,1,2025-11-19,Cancelled
8989,314,68,Wall Clock,Home & Kitchen,Havells,7317.9,1,2026-04-23,Delivered
8990,950,54,Non-Stick Pan Set,Home & Kitchen,Philips,10765.7,1,2025-05-06,Delivered
8991,1545,101,Body Lotion,Beauty & Personal Care,Lakme,988.15,1,2024-07-13,Delivered
8992,1075,28,Women's Kurta,Fashion,Levis,1582.82,2,2025-12-21,Cancelled
8993,1104,88,Business Book,Books,Penguin,965.87,1,2026-03-05,Delivered
8994,1161,49,Mixer Grinder,Home & Kitchen,Havells,8560.96,1,2026-02-15,Delivered
8995,447,114,Yoga Mat,Sports & Fitness,Adidas,594.8,1,2025-08-20,Delivered
8996,971,97,Hair Serum,Beauty & Personal Care,Lakme,1107.76,1,2025-04-13,Delivered
8997,627,96,Sunscreen SPF50,Beauty & Personal Care,Plum,1369.65,1,2026-03-18,Delivered
8998,1075,90,Business Book,Books,Rupa Publications,522.53,1,2025-12-05,Delivered
8999,239,4,Bluetooth Earbuds,Electronics,Xiaomi,84544.51,1,2024-06-24,Delivered
9000,1312,107,Trimmer,Beauty & Personal Care,Plum,176.03,3,2025-03-27,Delivered
9001,1750,93,Face Wash,Beauty & Personal Care,Dove,202.79,1,2025-12-04,Delivered
9002,891,70,Bedsheet Set,Home & Kitchen,Bajaj,7058.54,2,2024-01-01,Delivered
9003,1348,102,Body Lotion,Beauty & Personal Care,Mamaearth,1840.77,1,2025-12-11,Delivered
9004,583,81,Competitive Exam Guide,Books,Penguin,496.07,1,2025-03-13,Delivered
9005,1335,112,Yoga Mat,Sports & Fitness,Nivia,4268.17,1,2024-11-26,Delivered
9006,1867,122,Badminton Racket,Sports & Fitness,Yonex,6612.04,3,2026-06-11,Delivered
9007,97,9,Smartwatch,Electronics,boAt,42290.83,1,2026-04-18,Delivered
9008,1946,50,Mixer Grinder,Home & Kitchen,Pigeon,4041.41,1,2025-01-04,Delivered
9009,935,87,Biography,Books,Bloomsbury,402.52,1,2024-04-07,Delivered
9010,1377,53,Non-Stick Pan Set,Home & Kitchen,Pigeon,2731.27,4,2026-02-17,Delivered
9011,1770,59,Table Lamp,Home & Kitchen,Havells,9764.8,4,2026-03-27,Delivered
9012,275,74,Fiction Novel,Books,HarperCollins,659.16,1,2026-08-17,Delivered
9013,1027,61,Water Bottle Set,Home & Kitchen,Philips,9747.64,1,2026-08-16,Delivered
9014,1832,13,Laptop,Electronics,Sony,11712.46,2,2024-08-07,Cancelled
9015,1981,98,Hair Serum,Beauty & Personal Care,Mamaearth,636.8,1,2026-03-17,Shipped
9016,95,87,Biography,Books,Bloomsbury,521.72,1,2025-06-21,Delivered
9017,858,96,Sunscreen SPF50,Beauty & Personal Care,Plum,2120.76,1,2025-09-06,Delivered
9018,180,101,Body Lotion,Beauty & Personal Care,Lakme,2204.85,1,2025-07-20,Delivered
9019,465,12,LED TV 43-inch,Electronics,JBL,7897.49,1,2026-01-04,Delivered
9020,1158,113,Yoga Mat,Sports & Fitness,Decathlon,5115.06,1,2026-01-19,Shipped
9021,1683,33,Running Shoes,Fashion,Roadster,2475.9,1,2025-08-02,Shipped
9022,1621,27,Men's T-Shirt,Fashion,Puma,3939.61,2,2026-01-07,Delivered
9023,1077,36,Denim Jeans,Fashion,Puma,2493.36,1,2026-08-17,Delivered
9024,1629,111,Perfume,Beauty & Personal Care,Plum,696.58,1,2025-10-05,Delivered
9025,1635,103,Lipstick,Beauty & Personal Care,The Man Company,1645.46,2,2025-12-04,Delivered
9026,574,60,Table Lamp,Home & Kitchen,Pigeon,10931.09,1,2025-07-11,Delivered
9027,638,115,Cricket Bat,Sports & Fitness,Nivia,1457.36,1,2026-02-24,Delivered
9028,933,52,Non-Stick Pan Set,Home & Kitchen,Bajaj,1829.07,1,2025-10-04,Cancelled
9029,1106,19,Bluetooth Speaker,Electronics,boAt,12220.9,1,2024-01-26,Delivered
9030,212,28,Women's Kurta,Fashion,Levis,1857.3,1,2025-11-29,Cancelled
9031,328,113,Yoga Mat,Sports & Fitness,Decathlon,1866.22,1,2026-02-22,Delivered
9032,1360,6,Bluetooth Earbuds,Electronics,Sony,24980.96,1,2025-12-10,Cancelled
9033,689,106,Trimmer,Beauty & Personal Care,Mamaearth,345.91,1,2026-04-16,Delivered
9034,499,9,Smartwatch,Electronics,boAt,36343.73,1,2025-04-20,Delivered
9035,926,87,Biography,Books,Bloomsbury,947.23,2,2025-03-11,Delivered
9036,77,73,Fiction Novel,Books,Scholastic,233.95,2,2026-03-01,Pending
9037,1603,125,Football,Sports & Fitness,Cosco,4215.38,1,2025-11-30,Delivered
9038,835,18,Power Bank 10000mAh,Electronics,Sony,61356.22,1,2025-12-15,Delivered
9039,1351,114,Yoga Mat,Sports & Fitness,Adidas,4090.67,2,2026-06-06,Delivered
9040,384,50,Mixer Grinder,Home & Kitchen,Pigeon,5203.8,2,2025-07-26,Returned
9041,1442,127,Resistance Band Set,Sports & Fitness,Nivia,4153.69,1,2026-03-06,Delivered
9042,1162,47,Sunglasses,Fashion,Biba,4120.86,1,2025-07-22,Returned
9043,1181,61,Water Bottle Set,Home & Kitchen,Philips,12317.67,1,2025-08-08,Delivered
9044,1802,49,Mixer Grinder,Home & Kitchen,Havells,5397.64,1,2026-08-02,Delivered
9045,1523,86,Biography,Books,HarperCollins,810.21,1,2024-10-31,Shipped
9046,776,102,Body Lotion,Beauty & Personal Care,Mamaearth,1281.23,2,2025-01-13,Shipped
9047,843,50,Mixer Grinder,Home & Kitchen,Pigeon,9522.99,2,2025-12-04,Delivered
9048,1320,85,Biography,Books,Scholastic,119.22,1,2026-04-15,Delivered
9049,1509,74,Fiction Novel,Books,HarperCollins,549.77,1,2025-08-16,Cancelled
9050,24,96,Sunscreen SPF50,Beauty & Personal Care,Plum,1507.59,1,2026-01-09,Delivered
9051,16,39,Formal Shirt,Fashion,Allen Solly,1353.97,2,2024-10-05,Delivered
9052,928,25,Men's T-Shirt,Fashion,Allen Solly,4851.78,2,2026-03-14,Returned
9053,583,129,Resistance Band Set,Sports & Fitness,Yonex,4683.13,1,2024-11-02,Delivered
9054,1865,46,Sunglasses,Fashion,H&M,3401.01,1,2025-12-21,Delivered
9055,1775,9,Smartwatch,Electronics,boAt,70593.74,2,2025-02-16,Delivered
9056,1577,126,Football,Sports & Fitness,Yonex,1714.62,1,2025-06-01,Delivered
9057,1285,28,Women's Kurta,Fashion,Levis,1125.28,1,2025-07-06,Delivered
9058,176,82,Children's Story Book,Books,Rupa Publications,816.1,1,2026-02-19,Delivered
9059,98,2,Smartphone,Electronics,Apple,16615.67,1,2025-03-19,Delivered
9060,1336,22,Neckband Earphones,Electronics,Samsung,21922.39,2,2025-08-20,Returned
9061,951,5,Bluetooth Earbuds,Electronics,boAt,6112.36,1,2025-08-24,Delivered
9062,1408,60,Table Lamp,Home & Kitchen,Pigeon,7393.66,2,2025-10-13,Delivered
9063,81,49,Mixer Grinder,Home & Kitchen,Havells,2483.6,4,2026-01-31,Delivered
9064,78,35,Denim Jeans,Fashion,Van Heusen,3391.94,2,2025-12-02,Delivered
9065,1396,32,Running Shoes,Fashion,H&M,1332.71,1,2026-01-29,Cancelled
9066,1,125,Football,Sports & Fitness,Cosco,571.21,1,2025-09-25,Delivered
9067,522,98,Hair Serum,Beauty & Personal Care,Mamaearth,793.22,1,2023-09-29,Cancelled
9068,1984,35,Denim Jeans,Fashion,Van Heusen,1152.81,1,2026-03-28,Delivered
9069,1459,96,Sunscreen SPF50,Beauty & Personal Care,Plum,294.07,1,2026-03-16,Delivered
9070,399,41,Casual Sneakers,Fashion,Allen Solly,3688.77,2,2026-03-21,Delivered
9071,1166,35,Denim Jeans,Fashion,Van Heusen,4652.84,1,2025-09-22,Shipped
9072,1715,31,Running Shoes,Fashion,Biba,1629.67,1,2025-08-05,Delivered
9073,75,69,Wall Clock,Home & Kitchen,Philips,10213.88,2,2025-08-18,Delivered
9074,1737,22,Neckband Earphones,Electronics,Samsung,54293.47,2,2026-07-22,Delivered
9075,1398,1,Smartphone,Electronics,Xiaomi,30112.34,1,2025-08-14,Delivered
9076,1357,23,Neckband Earphones,Electronics,JBL,72017.68,3,2026-01-31,Returned
9077,1303,78,Self-Help Book,Books,HarperCollins,717.91,1,2025-05-08,Returned
9078,960,23,Neckband Earphones,Electronics,JBL,44106.72,1,2026-05-08,Delivered
9079,1218,27,Men's T-Shirt,Fashion,Puma,806.72,1,2026-06-27,Shipped
9080,1499,115,Cricket Bat,Sports & Fitness,Nivia,6995.54,1,2024-09-03,Delivered
9081,1933,78,Self-Help Book,Books,HarperCollins,705.84,3,2026-04-22,Delivered
9082,281,105,Lipstick,Beauty & Personal Care,Nivea,765.56,1,2026-02-14,Shipped
9083,1327,7,Smartwatch,Electronics,Samsung,55760.03,1,2025-10-24,Delivered
9084,1014,95,Sunscreen SPF50,Beauty & Personal Care,The Man Company,489.96,1,2024-12-29,Delivered
9085,419,34,Denim Jeans,Fashion,H&M,2053.28,1,2025-10-14,Delivered
9086,106,81,Competitive Exam Guide,Books,Penguin,439.86,1,2026-01-04,Delivered
9087,1268,109,Perfume,Beauty & Personal Care,The Man Company,1193.99,2,2025-12-19,Returned
9088,292,80,Competitive Exam Guide,Books,HarperCollins,822.51,2,2025-10-16,Delivered
9089,45,116,Cricket Bat,Sports & Fitness,Adidas,1087.08,2,2025-04-04,Delivered
9090,1531,117,Cricket Bat,Sports & Fitness,Decathlon,5678.63,1,2024-09-30,Delivered
9091,812,121,Badminton Racket,Sports & Fitness,Cosco,6754.94,2,2025-09-08,Cancelled
9092,1177,16,Power Bank 10000mAh,Electronics,OnePlus,64277.62,3,2024-10-22,Delivered
9093,1423,89,Business Book,Books,Bloomsbury,359.02,1,2024-08-30,Delivered
9094,1537,100,Body Lotion,Beauty & Personal Care,The Man Company,1995.23,1,2025-05-28,Delivered
9095,1405,111,Perfume,Beauty & Personal Care,Plum,1907.91,1,2025-02-11,Delivered
9096,1108,30,Women's Kurta,Fashion,Biba,3226.68,1,2025-01-15,Delivered
9097,681,48,Sunglasses,Fashion,Puma,3619.44,1,2026-02-21,Delivered
9098,971,88,Business Book,Books,Penguin,696.37,1,2026-06-12,Delivered
9099,945,124,Football,Sports & Fitness,Nivia,1188.97,1,2025-11-25,Delivered
9100,1052,63,Water Bottle Set,Home & Kitchen,Cello,3089.91,3,2024-11-09,Delivered
9101,394,54,Non-Stick Pan Set,Home & Kitchen,Philips,515.69,1,2025-08-31,Delivered
9102,930,51,Mixer Grinder,Home & Kitchen,Philips,2918.33,1,2025-08-04,Delivered
9103,1863,13,Laptop,Electronics,Sony,45700.64,1,2026-01-18,Delivered
9104,744,3,Smartphone,Electronics,boAt,88409.07,1,2026-01-26,Delivered
9105,1101,112,Yoga Mat,Sports & Fitness,Nivia,2622.91,1,2026-02-10,Delivered
9106,1196,66,Induction Cooktop,Home & Kitchen,Cello,9159.86,2,2026-02-14,Delivered
9107,1932,76,Self-Help Book,Books,Bloomsbury,776.11,4,2025-03-23,Delivered
9108,617,36,Denim Jeans,Fashion,Puma,3847.19,1,2026-03-15,Delivered
9109,656,23,Neckband Earphones,Electronics,JBL,17084.88,1,2025-04-18,Delivered
9110,201,73,Fiction Novel,Books,Scholastic,935.17,1,2026-02-09,Returned
9111,1863,61,Water Bottle Set,Home & Kitchen,Philips,2042.28,1,2024-08-17,Delivered
9112,1026,76,Self-Help Book,Books,Bloomsbury,238.76,3,2026-03-29,Returned
9113,1824,106,Trimmer,Beauty & Personal Care,Mamaearth,1891.34,1,2025-10-07,Delivered
9114,1758,88,Business Book,Books,Penguin,119.92,4,2025-03-11,Returned
9115,1992,98,Hair Serum,Beauty & Personal Care,Mamaearth,1817.88,1,2025-06-18,Delivered
9116,1119,17,Power Bank 10000mAh,Electronics,Samsung,1993.83,2,2026-07-16,Delivered
9117,1714,42,Casual Sneakers,Fashion,Biba,1933.38,1,2025-09-13,Delivered
9118,1864,73,Fiction Novel,Books,Scholastic,442.03,1,2026-03-23,Delivered
9119,172,97,Hair Serum,Beauty & Personal Care,Lakme,1016.6,3,2026-08-17,Delivered
9120,457,57,Air Fryer,Home & Kitchen,Pigeon,254.84,3,2026-05-22,Delivered
9121,1391,52,Non-Stick Pan Set,Home & Kitchen,Bajaj,4325.76,2,2026-02-12,Delivered
9122,714,76,Self-Help Book,Books,Bloomsbury,110.43,1,2025-05-14,Delivered
9123,1715,85,Biography,Books,Scholastic,745.41,1,2026-06-23,Cancelled
9124,542,114,Yoga Mat,Sports & Fitness,Adidas,6982.26,1,2026-04-28,Shipped
9125,299,50,Mixer Grinder,Home & Kitchen,Pigeon,9453.23,2,2025-12-03,Delivered
9126,305,122,Badminton Racket,Sports & Fitness,Yonex,6115.8,1,2025-04-21,Delivered
9127,805,109,Perfume,Beauty & Personal Care,The Man Company,2311.79,1,2024-08-04,Delivered
9128,1539,119,Dumbbell Set 10kg,Sports & Fitness,Adidas,2932.58,1,2025-03-06,Delivered
9129,785,101,Body Lotion,Beauty & Personal Care,Lakme,418.22,1,2026-02-06,Delivered
9130,1169,118,Dumbbell Set 10kg,Sports & Fitness,Decathlon,4080.41,1,2026-02-19,Delivered
9131,1986,105,Lipstick,Beauty & Personal Care,Nivea,2332.59,1,2026-02-15,Delivered
9132,867,45,Handbag,Fashion,Allen Solly,2664.25,1,2025-10-08,Delivered
9133,381,53,Non-Stick Pan Set,Home & Kitchen,Pigeon,12989.28,1,2025-12-17,Delivered
9134,917,18,Power Bank 10000mAh,Electronics,Sony,45376.32,1,2025-10-27,Delivered
9135,850,15,Laptop,Electronics,boAt,11125.9,3,2026-01-01,Shipped
9136,1932,99,Hair Serum,Beauty & Personal Care,Plum,1964.39,1,2025-06-05,Delivered
9137,1529,10,LED TV 43-inch,Electronics,Apple,19076.76,3,2026-07-29,Cancelled
9138,1598,110,Perfume,Beauty & Personal Care,Lakme,1729.3,2,2026-06-07,Delivered
9139,1886,15,Laptop,Electronics,boAt,56786.46,1,2025-03-01,Delivered
9140,639,127,Resistance Band Set,Sports & Fitness,Nivia,2758.51,4,2025-05-02,Delivered
9141,760,101,Body Lotion,Beauty & Personal Care,Lakme,867.82,2,2026-03-08,Delivered
9142,1745,52,Non-Stick Pan Set,Home & Kitchen,Bajaj,8679.67,3,2025-08-17,Delivered
9143,1598,37,Formal Shirt,Fashion,Van Heusen,2645.83,3,2025-10-22,Shipped
9144,291,58,Table Lamp,Home & Kitchen,Prestige,5477.8,2,2024-06-10,Delivered
9145,892,60,Table Lamp,Home & Kitchen,Pigeon,12998.97,1,2025-05-31,Shipped
9146,1590,126,Football,Sports & Fitness,Yonex,6340.79,1,2026-02-28,Delivered
9147,335,50,Mixer Grinder,Home & Kitchen,Pigeon,5521.31,2,2026-04-24,Delivered
9148,1931,111,Perfume,Beauty & Personal Care,Plum,1115.42,1,2025-10-20,Delivered
9149,1960,31,Running Shoes,Fashion,Biba,2257.37,1,2025-07-09,Delivered
9150,809,33,Running Shoes,Fashion,Roadster,4142.13,1,2025-12-10,Shipped
9151,1445,87,Biography,Books,Bloomsbury,753.3,1,2025-01-08,Delivered
9152,1218,117,Cricket Bat,Sports & Fitness,Decathlon,3126.28,1,2026-06-25,Returned
9153,866,19,Bluetooth Speaker,Electronics,boAt,3099.83,1,2024-08-18,Shipped
9154,1881,19,Bluetooth Speaker,Electronics,boAt,86766.06,1,2025-11-05,Delivered
9155,1559,57,Air Fryer,Home & Kitchen,Pigeon,8307.04,2,2025-06-15,Delivered
9156,1566,3,Smartphone,Electronics,boAt,31143.29,2,2025-08-05,Delivered
9157,1710,85,Biography,Books,Scholastic,176.99,1,2025-11-20,Delivered
9158,790,104,Lipstick,Beauty & Personal Care,Dove,1769.84,1,2025-12-28,Delivered
9159,1947,23,Neckband Earphones,Electronics,JBL,6464.74,2,2025-11-04,Delivered
9160,1112,113,Yoga Mat,Sports & Fitness,Decathlon,6147.0,1,2026-02-23,Delivered
9161,1419,8,Smartwatch,Electronics,OnePlus,84043.62,1,2025-11-12,Delivered
9162,549,20,Bluetooth Speaker,Electronics,Xiaomi,36123.5,1,2024-07-18,Pending
9163,201,1,Smartphone,Electronics,Xiaomi,36244.61,1,2024-11-12,Delivered
9164,397,23,Neckband Earphones,Electronics,JBL,56943.78,2,2026-02-17,Cancelled
9165,27,6,Bluetooth Earbuds,Electronics,Sony,46735.96,3,2025-07-15,Delivered
9166,1337,68,Wall Clock,Home & Kitchen,Havells,12941.34,1,2025-07-15,Delivered
9167,1458,65,Induction Cooktop,Home & Kitchen,Prestige,10219.8,2,2025-07-20,Delivered
9168,1564,118,Dumbbell Set 10kg,Sports & Fitness,Decathlon,652.2,1,2026-04-26,Delivered
9169,1553,59,Table Lamp,Home & Kitchen,Havells,4562.65,1,2025-07-29,Returned
9170,539,87,Biography,Books,Bloomsbury,807.7,1,2025-12-01,Delivered
9171,1594,88,Business Book,Books,Penguin,872.59,1,2025-10-19,Cancelled
9172,1336,83,Children's Story Book,Books,Penguin,218.01,1,2025-08-18,Delivered
9173,723,44,Handbag,Fashion,Van Heusen,4199.99,1,2026-04-25,Delivered
9174,870,13,Laptop,Electronics,Sony,32796.35,1,2026-04-27,Shipped
9175,843,113,Yoga Mat,Sports & Fitness,Decathlon,4396.65,1,2024-11-05,Returned
9176,1994,51,Mixer Grinder,Home & Kitchen,Philips,9864.88,1,2025-07-02,Returned
9177,1710,64,Induction Cooktop,Home & Kitchen,Milton,5278.5,2,2025-04-07,Delivered
9178,82,16,Power Bank 10000mAh,Electronics,OnePlus,71563.88,1,2025-12-28,Delivered
9179,1445,53,Non-Stick Pan Set,Home & Kitchen,Pigeon,1772.25,2,2024-12-26,Delivered
9180,363,83,Children's Story Book,Books,Penguin,463.61,1,2024-11-12,Delivered
9181,1669,95,Sunscreen SPF50,Beauty & Personal Care,The Man Company,2401.81,1,2024-11-04,Cancelled
9182,34,83,Children's Story Book,Books,Penguin,537.66,1,2026-03-28,Cancelled
9183,449,1,Smartphone,Electronics,Xiaomi,34685.47,1,2026-05-07,Delivered
9184,1570,115,Cricket Bat,Sports & Fitness,Nivia,424.96,4,2025-08-19,Delivered
9185,635,60,Table Lamp,Home & Kitchen,Pigeon,11604.82,1,2026-03-06,Delivered
9186,816,15,Laptop,Electronics,boAt,43403.24,1,2025-11-01,Shipped
9187,1183,112,Yoga Mat,Sports & Fitness,Nivia,3360.11,1,2026-03-30,Delivered
9188,662,58,Table Lamp,Home & Kitchen,Prestige,3790.39,3,2026-06-24,Shipped
9189,1885,29,Women's Kurta,Fashion,Allen Solly,4718.08,1,2025-04-20,Delivered
9190,1719,100,Body Lotion,Beauty & Personal Care,The Man Company,193.39,1,2026-05-07,Delivered
9191,1537,21,Bluetooth Speaker,Electronics,Apple,76084.19,1,2025-12-07,Delivered
9192,369,59,Table Lamp,Home & Kitchen,Havells,11602.26,1,2024-10-30,Delivered
9193,580,11,LED TV 43-inch,Electronics,boAt,49188.83,1,2025-06-18,Pending
9194,405,54,Non-Stick Pan Set,Home & Kitchen,Philips,9487.12,1,2025-03-30,Delivered
9195,820,88,Business Book,Books,Penguin,756.34,2,2024-12-16,Delivered
9196,598,85,Biography,Books,Scholastic,831.36,3,2026-03-30,Delivered
9197,1351,58,Table Lamp,Home & Kitchen,Prestige,7704.21,1,2025-06-10,Delivered
9198,640,97,Hair Serum,Beauty & Personal Care,Lakme,1313.57,1,2026-07-02,Delivered
9199,398,68,Wall Clock,Home & Kitchen,Havells,5179.64,3,2026-06-07,Pending
9200,878,103,Lipstick,Beauty & Personal Care,The Man Company,1396.77,1,2026-04-28,Delivered
9201,54,121,Badminton Racket,Sports & Fitness,Cosco,298.42,3,2026-05-18,Shipped
9202,1629,111,Perfume,Beauty & Personal Care,Plum,2144.15,1,2025-07-27,Delivered
9203,700,43,Handbag,Fashion,Biba,2047.48,1,2025-01-15,Delivered
9204,1843,87,Biography,Books,Bloomsbury,801.69,1,2025-12-30,Delivered
9205,753,123,Badminton Racket,Sports & Fitness,Decathlon,4474.01,1,2025-12-06,Delivered
9206,546,12,LED TV 43-inch,Electronics,JBL,31871.1,1,2025-12-10,Cancelled
9207,1725,68,Wall Clock,Home & Kitchen,Havells,9746.78,1,2026-02-06,Delivered
9208,1797,109,Perfume,Beauty & Personal Care,The Man Company,2081.78,3,2024-07-31,Delivered
9209,1466,57,Air Fryer,Home & Kitchen,Pigeon,12995.85,1,2026-07-07,Delivered
9210,1209,93,Face Wash,Beauty & Personal Care,Dove,1950.19,1,2025-09-06,Delivered
9211,868,8,Smartwatch,Electronics,OnePlus,77666.36,2,2026-01-27,Delivered
9212,82,62,Water Bottle Set,Home & Kitchen,Pigeon,7928.08,1,2025-10-01,Pending
9213,598,77,Self-Help Book,Books,Scholastic,667.73,1,2025-12-31,Delivered
9214,1565,94,Sunscreen SPF50,Beauty & Personal Care,Mamaearth,659.18,3,2026-05-05,Delivered
9215,909,21,Bluetooth Speaker,Electronics,Apple,84273.64,1,2026-01-31,Delivered
9216,84,114,Yoga Mat,Sports & Fitness,Adidas,4632.08,2,2025-11-30,Delivered
9217,706,80,Competitive Exam Guide,Books,HarperCollins,324.34,2,2025-10-27,Delivered
9218,760,68,Wall Clock,Home & Kitchen,Havells,7648.32,1,2025-08-10,Delivered
9219,918,45,Handbag,Fashion,Allen Solly,753.56,1,2025-01-12,Delivered
9220,1587,89,Business Book,Books,Bloomsbury,568.13,1,2025-12-16,Delivered
9221,819,66,Induction Cooktop,Home & Kitchen,Cello,10485.58,1,2026-02-10,Shipped
9222,1732,83,Children's Story Book,Books,Penguin,758.89,1,2024-06-02,Delivered
9223,1022,116,Cricket Bat,Sports & Fitness,Adidas,5386.94,4,2026-04-05,Delivered
9224,1468,84,Children's Story Book,Books,Scholastic,460.04,1,2024-07-29,Delivered
9225,1853,109,Perfume,Beauty & Personal Care,The Man Company,661.57,3,2025-01-25,Delivered
9226,1573,127,Resistance Band Set,Sports & Fitness,Nivia,3890.27,1,2025-03-28,Cancelled
9227,687,99,Hair Serum,Beauty & Personal Care,Plum,1133.85,1,2025-07-17,Delivered
9228,1718,57,Air Fryer,Home & Kitchen,Pigeon,11990.75,2,2026-01-24,Delivered
9229,1386,71,Bedsheet Set,Home & Kitchen,Pigeon,4348.65,1,2025-12-19,Delivered
9230,563,77,Self-Help Book,Books,Scholastic,908.06,1,2025-07-18,Delivered
9231,1390,106,Trimmer,Beauty & Personal Care,Mamaearth,1353.84,1,2025-08-05,Delivered
9232,859,15,Laptop,Electronics,boAt,46384.35,3,2026-05-06,Delivered
9233,57,3,Smartphone,Electronics,boAt,87729.72,1,2026-05-25,Delivered
9234,1044,63,Water Bottle Set,Home & Kitchen,Cello,2191.32,1,2025-09-09,Shipped
9235,264,126,Football,Sports & Fitness,Yonex,6475.58,4,2025-01-25,Delivered
9236,1471,35,Denim Jeans,Fashion,Van Heusen,1915.49,1,2026-03-01,Delivered
9237,1720,115,Cricket Bat,Sports & Fitness,Nivia,6600.21,1,2026-01-04,Delivered
9238,550,114,Yoga Mat,Sports & Fitness,Adidas,3201.59,2,2025-11-20,Delivered
9239,239,51,Mixer Grinder,Home & Kitchen,Philips,6925.04,1,2025-12-02,Delivered
9240,1333,119,Dumbbell Set 10kg,Sports & Fitness,Adidas,3676.82,1,2025-12-30,Cancelled
9241,192,17,Power Bank 10000mAh,Electronics,Samsung,51286.43,1,2026-03-02,Delivered
9242,575,69,Wall Clock,Home & Kitchen,Philips,716.46,1,2026-01-21,Delivered
9243,1682,58,Table Lamp,Home & Kitchen,Prestige,4493.22,1,2024-03-19,Delivered
9244,1529,73,Fiction Novel,Books,Scholastic,669.75,1,2025-09-15,Delivered
9245,125,81,Competitive Exam Guide,Books,Penguin,796.47,1,2026-03-06,Delivered
9246,3,93,Face Wash,Beauty & Personal Care,Dove,1626.05,3,2025-02-20,Delivered
9247,1015,120,Dumbbell Set 10kg,Sports & Fitness,Yonex,4753.18,1,2025-05-07,Delivered
9248,1537,105,Lipstick,Beauty & Personal Care,Nivea,1466.28,1,2025-08-15,Shipped
9249,1322,34,Denim Jeans,Fashion,H&M,3459.5,2,2025-02-05,Pending
9250,1630,52,Non-Stick Pan Set,Home & Kitchen,Bajaj,6476.42,1,2025-06-09,Delivered
9251,810,14,Laptop,Electronics,Xiaomi,47223.15,1,2025-11-14,Delivered
9252,587,16,Power Bank 10000mAh,Electronics,OnePlus,69298.56,1,2025-09-12,Delivered
9253,288,60,Table Lamp,Home & Kitchen,Pigeon,4794.83,1,2026-02-03,Delivered
9254,262,110,Perfume,Beauty & Personal Care,Lakme,2069.24,1,2025-12-31,Delivered
9255,1088,42,Casual Sneakers,Fashion,Biba,2947.93,1,2026-02-20,Cancelled
9256,26,81,Competitive Exam Guide,Books,Penguin,232.38,3,2026-01-30,Delivered
9257,73,97,Hair Serum,Beauty & Personal Care,Lakme,519.9,1,2026-05-29,Pending
9258,764,33,Running Shoes,Fashion,Roadster,4395.22,1,2024-10-30,Delivered
9259,595,107,Trimmer,Beauty & Personal Care,Plum,2028.98,2,2024-12-01,Shipped
9260,1482,10,LED TV 43-inch,Electronics,Apple,38605.73,3,2026-07-08,Delivered
9261,1879,108,Trimmer,Beauty & Personal Care,Lakme,1988.0,1,2025-05-28,Delivered
9262,1990,13,Laptop,Electronics,Sony,6785.38,1,2024-03-25,Returned
9263,1998,94,Sunscreen SPF50,Beauty & Personal Care,Mamaearth,1285.41,4,2026-06-02,Delivered
9264,1040,34,Denim Jeans,Fashion,H&M,4920.69,2,2026-03-23,Delivered
9265,523,118,Dumbbell Set 10kg,Sports & Fitness,Decathlon,831.46,1,2025-12-02,Delivered
9266,147,90,Business Book,Books,Rupa Publications,867.35,1,2026-03-01,Delivered
9267,219,121,Badminton Racket,Sports & Fitness,Cosco,5924.15,1,2025-12-02,Delivered
9268,999,23,Neckband Earphones,Electronics,JBL,32859.47,1,2026-02-06,Delivered
9269,1292,36,Denim Jeans,Fashion,Puma,1407.49,1,2026-04-06,Delivered
9270,117,18,Power Bank 10000mAh,Electronics,Sony,52095.15,1,2026-01-22,Delivered
9271,824,46,Sunglasses,Fashion,H&M,3878.38,1,2026-06-29,Delivered
9272,39,18,Power Bank 10000mAh,Electronics,Sony,71163.49,2,2026-08-17,Delivered
9273,1343,111,Perfume,Beauty & Personal Care,Plum,1361.39,2,2025-03-18,Delivered
9274,113,2,Smartphone,Electronics,Apple,80076.53,3,2025-11-16,Pending
9275,1794,109,Perfume,Beauty & Personal Care,The Man Company,2138.82,1,2025-03-02,Delivered
9276,1619,76,Self-Help Book,Books,Bloomsbury,255.01,1,2026-03-11,Shipped
9277,398,109,Perfume,Beauty & Personal Care,The Man Company,472.99,1,2025-06-21,Delivered
9278,1838,24,Neckband Earphones,Electronics,Realme,87462.76,1,2025-02-02,Delivered
9279,759,41,Casual Sneakers,Fashion,Allen Solly,4990.45,1,2026-06-23,Delivered
9280,333,100,Body Lotion,Beauty & Personal Care,The Man Company,463.96,4,2026-04-01,Pending
9281,476,27,Men's T-Shirt,Fashion,Puma,1480.92,1,2025-02-10,Delivered
9282,470,129,Resistance Band Set,Sports & Fitness,Yonex,2878.12,1,2024-02-11,Delivered
9283,167,52,Non-Stick Pan Set,Home & Kitchen,Bajaj,1774.89,1,2025-09-05,Delivered
9284,676,18,Power Bank 10000mAh,Electronics,Sony,17912.79,1,2024-11-01,Delivered
9285,1380,128,Resistance Band Set,Sports & Fitness,Decathlon,6376.73,2,2025-06-08,Delivered
9286,1882,37,Formal Shirt,Fashion,Van Heusen,1694.97,1,2025-08-16,Returned
9287,1245,29,Women's Kurta,Fashion,Allen Solly,3700.75,1,2025-08-15,Delivered
9288,1007,34,Denim Jeans,Fashion,H&M,2901.08,1,2024-09-09,Delivered
9289,1268,118,Dumbbell Set 10kg,Sports & Fitness,Decathlon,2372.54,1,2025-11-11,Delivered
9290,1086,96,Sunscreen SPF50,Beauty & Personal Care,Plum,2317.46,1,2025-07-11,Delivered
9291,1633,77,Self-Help Book,Books,Scholastic,536.66,1,2026-04-23,Delivered
9292,231,11,LED TV 43-inch,Electronics,boAt,73269.78,1,2026-08-17,Cancelled
9293,1485,31,Running Shoes,Fashion,Biba,1602.88,1,2026-04-23,Delivered
9294,1772,118,Dumbbell Set 10kg,Sports & Fitness,Decathlon,3695.64,1,2026-05-27,Delivered
9295,1515,98,Hair Serum,Beauty & Personal Care,Mamaearth,2299.77,1,2024-11-15,Cancelled
9296,1950,88,Business Book,Books,Penguin,547.3,1,2025-12-22,Delivered
9297,758,55,Air Fryer,Home & Kitchen,Bajaj,6047.02,1,2024-12-13,Delivered
9298,1863,89,Business Book,Books,Bloomsbury,280.01,1,2025-12-02,Delivered
9299,1167,31,Running Shoes,Fashion,Biba,1067.1,1,2026-05-13,Returned
9300,645,75,Fiction Novel,Books,Bloomsbury,683.29,1,2026-05-01,Delivered
9301,1224,12,LED TV 43-inch,Electronics,JBL,6162.68,1,2024-09-26,Delivered
9302,709,96,Sunscreen SPF50,Beauty & Personal Care,Plum,702.97,1,2025-12-20,Shipped
9303,276,5,Bluetooth Earbuds,Electronics,boAt,46112.9,1,2025-10-08,Delivered
9304,1607,121,Badminton Racket,Sports & Fitness,Cosco,349.08,1,2025-12-13,Delivered
9305,157,127,Resistance Band Set,Sports & Fitness,Nivia,2031.71,1,2024-11-16,Cancelled
9306,1141,110,Perfume,Beauty & Personal Care,Lakme,2115.08,3,2026-02-11,Delivered
9307,259,18,Power Bank 10000mAh,Electronics,Sony,1359.58,2,2025-01-16,Delivered
9308,1229,29,Women's Kurta,Fashion,Allen Solly,2864.11,1,2025-11-06,Delivered
9309,1591,7,Smartwatch,Electronics,Samsung,30020.47,2,2026-08-12,Pending
9310,672,86,Biography,Books,HarperCollins,625.88,1,2026-01-27,Delivered
9311,125,108,Trimmer,Beauty & Personal Care,Lakme,1637.79,4,2026-02-21,Delivered
9312,22,5,Bluetooth Earbuds,Electronics,boAt,59385.07,1,2026-04-07,Pending
9313,1228,27,Men's T-Shirt,Fashion,Puma,4873.63,1,2024-09-18,Delivered
9314,903,25,Men's T-Shirt,Fashion,Allen Solly,2466.76,4,2025-09-10,Delivered
9315,1143,80,Competitive Exam Guide,Books,HarperCollins,525.1,1,2025-10-17,Delivered
9316,154,31,Running Shoes,Fashion,Biba,2002.94,2,2026-01-27,Delivered
9317,1532,55,Air Fryer,Home & Kitchen,Bajaj,9753.77,1,2025-02-28,Delivered
9318,268,99,Hair Serum,Beauty & Personal Care,Plum,2133.01,2,2025-11-08,Shipped
9319,84,27,Men's T-Shirt,Fashion,Puma,4294.65,1,2025-11-12,Delivered
9320,1608,126,Football,Sports & Fitness,Yonex,5165.01,1,2024-08-25,Delivered
9321,1381,118,Dumbbell Set 10kg,Sports & Fitness,Decathlon,5795.23,1,2026-08-01,Delivered
9322,107,88,Business Book,Books,Penguin,723.28,1,2025-12-01,Delivered
9323,1125,25,Men's T-Shirt,Fashion,Allen Solly,2082.86,2,2025-05-22,Delivered
9324,1523,2,Smartphone,Electronics,Apple,4100.71,2,2026-02-05,Delivered
9325,330,105,Lipstick,Beauty & Personal Care,Nivea,835.92,1,2024-09-29,Delivered
9326,877,129,Resistance Band Set,Sports & Fitness,Yonex,1833.7,2,2025-09-30,Delivered
9327,626,8,Smartwatch,Electronics,OnePlus,16995.13,1,2025-12-17,Delivered
9328,1892,52,Non-Stick Pan Set,Home & Kitchen,Bajaj,9452.41,1,2025-05-15,Delivered
9329,893,40,Casual Sneakers,Fashion,Levis,4215.53,2,2026-03-18,Delivered
9330,153,42,Casual Sneakers,Fashion,Biba,1096.87,1,2025-04-02,Delivered
9331,1078,114,Yoga Mat,Sports & Fitness,Adidas,3345.63,1,2024-06-06,Delivered
9332,378,51,Mixer Grinder,Home & Kitchen,Philips,5657.81,4,2025-07-29,Delivered
9333,262,57,Air Fryer,Home & Kitchen,Pigeon,2142.4,1,2025-12-26,Delivered
9334,84,28,Women's Kurta,Fashion,Levis,4475.27,3,2025-11-06,Delivered
9335,34,16,Power Bank 10000mAh,Electronics,OnePlus,84143.95,1,2025-07-17,Delivered
9336,179,51,Mixer Grinder,Home & Kitchen,Philips,9765.36,2,2024-08-23,Cancelled
9337,851,25,Men's T-Shirt,Fashion,Allen Solly,581.85,1,2025-04-23,Cancelled
9338,559,13,Laptop,Electronics,Sony,65505.96,2,2025-03-21,Delivered
9339,1882,18,Power Bank 10000mAh,Electronics,Sony,55011.97,2,2025-09-22,Delivered
9340,1034,96,Sunscreen SPF50,Beauty & Personal Care,Plum,1624.28,1,2026-01-24,Delivered
9341,1715,83,Children's Story Book,Books,Penguin,119.92,2,2026-03-21,Delivered
9342,1693,88,Business Book,Books,Penguin,152.64,1,2024-09-26,Pending
9343,1855,85,Biography,Books,Scholastic,152.97,1,2025-08-03,Delivered
9344,1643,15,Laptop,Electronics,boAt,53340.15,1,2025-08-30,Delivered
9345,1263,73,Fiction Novel,Books,Scholastic,643.63,1,2025-09-30,Shipped
9346,1992,24,Neckband Earphones,Electronics,Realme,3610.14,1,2024-07-13,Delivered
9347,524,129,Resistance Band Set,Sports & Fitness,Yonex,5594.58,1,2025-05-02,Delivered
9348,1540,11,LED TV 43-inch,Electronics,boAt,51288.09,1,2025-05-24,Cancelled
9349,606,62,Water Bottle Set,Home & Kitchen,Pigeon,4575.21,1,2025-08-28,Cancelled
9350,958,59,Table Lamp,Home & Kitchen,Havells,12495.84,2,2025-03-24,Delivered
9351,1777,15,Laptop,Electronics,boAt,32372.48,2,2025-07-11,Delivered
9352,1928,79,Competitive Exam Guide,Books,Scholastic,527.83,1,2025-12-28,Delivered
9353,1667,18,Power Bank 10000mAh,Electronics,Sony,80518.98,1,2025-09-22,Delivered
9354,864,97,Hair Serum,Beauty & Personal Care,Lakme,2334.62,1,2025-08-06,Delivered
9355,1292,95,Sunscreen SPF50,Beauty & Personal Care,The Man Company,1388.51,1,2026-05-01,Delivered
9356,206,116,Cricket Bat,Sports & Fitness,Adidas,3430.08,1,2026-03-03,Delivered
9357,1728,121,Badminton Racket,Sports & Fitness,Cosco,3097.33,3,2025-06-25,Returned
9358,1866,15,Laptop,Electronics,boAt,76699.48,2,2025-07-03,Delivered
9359,70,9,Smartwatch,Electronics,boAt,23088.95,1,2026-04-07,Shipped
9360,1503,100,Body Lotion,Beauty & Personal Care,The Man Company,1391.99,2,2026-06-26,Delivered
9361,1276,120,Dumbbell Set 10kg,Sports & Fitness,Yonex,3846.26,1,2026-02-22,Delivered
9362,1768,99,Hair Serum,Beauty & Personal Care,Plum,2240.4,3,2025-11-09,Delivered
9363,2,82,Children's Story Book,Books,Rupa Publications,319.84,2,2025-07-09,Delivered
9364,125,26,Men's T-Shirt,Fashion,Nike,1514.04,3,2026-02-20,Delivered
9365,1210,106,Trimmer,Beauty & Personal Care,Mamaearth,1900.44,1,2025-01-15,Delivered
9366,849,89,Business Book,Books,Bloomsbury,185.2,4,2026-01-20,Delivered
9367,1464,60,Table Lamp,Home & Kitchen,Pigeon,2653.8,3,2026-02-19,Returned
9368,1321,21,Bluetooth Speaker,Electronics,Apple,29240.23,1,2025-02-24,Delivered
9369,1518,41,Casual Sneakers,Fashion,Allen Solly,2471.11,1,2026-03-02,Delivered
9370,183,106,Trimmer,Beauty & Personal Care,Mamaearth,424.84,2,2025-03-26,Delivered
9371,166,30,Women's Kurta,Fashion,Biba,1438.76,4,2024-11-16,Shipped
9372,1379,129,Resistance Band Set,Sports & Fitness,Yonex,3224.19,2,2025-10-24,Delivered
9373,1349,119,Dumbbell Set 10kg,Sports & Fitness,Adidas,4727.38,1,2025-10-11,Cancelled
9374,340,15,Laptop,Electronics,boAt,52022.86,3,2026-03-15,Delivered
9375,967,82,Children's Story Book,Books,Rupa Publications,597.8,1,2024-08-30,Cancelled
9376,1242,107,Trimmer,Beauty & Personal Care,Plum,2367.89,1,2025-11-03,Delivered
9377,1578,99,Hair Serum,Beauty & Personal Care,Plum,1715.63,1,2025-01-24,Returned
9378,1773,7,Smartwatch,Electronics,Samsung,84309.5,3,2024-09-09,Cancelled
9379,1518,117,Cricket Bat,Sports & Fitness,Decathlon,1542.75,1,2025-09-02,Delivered
9380,906,68,Wall Clock,Home & Kitchen,Havells,11514.34,1,2025-11-14,Delivered
9381,550,106,Trimmer,Beauty & Personal Care,Mamaearth,2423.68,2,2026-02-18,Delivered
9382,918,49,Mixer Grinder,Home & Kitchen,Havells,12299.99,1,2026-08-02,Delivered
9383,470,4,Bluetooth Earbuds,Electronics,Xiaomi,30114.08,1,2024-02-14,Cancelled
9384,1557,42,Casual Sneakers,Fashion,Biba,1848.64,2,2024-04-12,Delivered
9385,876,67,Wall Clock,Home & Kitchen,Cello,6983.98,2,2026-02-05,Delivered
9386,350,64,Induction Cooktop,Home & Kitchen,Milton,10197.19,4,2024-11-15,Delivered
9387,1495,126,Football,Sports & Fitness,Yonex,1016.77,1,2025-10-29,Delivered
9388,107,122,Badminton Racket,Sports & Fitness,Yonex,872.81,4,2024-12-01,Delivered
9389,64,57,Air Fryer,Home & Kitchen,Pigeon,11610.44,1,2025-04-18,Delivered
9390,1693,9,Smartwatch,Electronics,boAt,13684.71,4,2024-04-29,Returned
9391,1865,37,Formal Shirt,Fashion,Van Heusen,2200.28,2,2025-03-09,Delivered
9392,1351,109,Perfume,Beauty & Personal Care,The Man Company,1759.34,1,2026-04-20,Delivered
9393,1009,119,Dumbbell Set 10kg,Sports & Fitness,Adidas,906.06,2,2025-03-04,Delivered
9394,1229,115,Cricket Bat,Sports & Fitness,Nivia,1155.67,1,2026-01-28,Delivered
9395,1740,109,Perfume,Beauty & Personal Care,The Man Company,954.4,2,2026-02-07,Delivered
9396,1470,67,Wall Clock,Home & Kitchen,Cello,7764.36,1,2025-12-04,Returned
9397,432,28,Women's Kurta,Fashion,Levis,816.45,2,2025-10-25,Pending
9398,1143,51,Mixer Grinder,Home & Kitchen,Philips,1247.71,1,2025-02-15,Cancelled
9399,146,16,Power Bank 10000mAh,Electronics,OnePlus,53518.07,1,2026-04-09,Delivered
9400,871,124,Football,Sports & Fitness,Nivia,6896.34,1,2025-12-20,Pending
9401,176,62,Water Bottle Set,Home & Kitchen,Pigeon,10493.15,2,2025-08-18,Pending
9402,863,116,Cricket Bat,Sports & Fitness,Adidas,725.12,3,2025-01-28,Delivered
9403,114,89,Business Book,Books,Bloomsbury,585.76,1,2026-03-30,Delivered
9404,1645,41,Casual Sneakers,Fashion,Allen Solly,4228.19,3,2025-11-21,Delivered
9405,120,51,Mixer Grinder,Home & Kitchen,Philips,3687.9,1,2026-01-27,Delivered
9406,563,86,Biography,Books,HarperCollins,718.02,2,2024-04-23,Delivered
9407,1967,117,Cricket Bat,Sports & Fitness,Decathlon,3276.28,1,2025-08-30,Cancelled
9408,774,64,Induction Cooktop,Home & Kitchen,Milton,4245.45,1,2025-12-26,Cancelled
9409,1697,109,Perfume,Beauty & Personal Care,The Man Company,1936.72,1,2026-03-25,Delivered
9410,958,53,Non-Stick Pan Set,Home & Kitchen,Pigeon,7306.7,1,2026-05-25,Delivered
9411,594,1,Smartphone,Electronics,Xiaomi,10213.7,1,2024-12-17,Delivered
9412,1219,118,Dumbbell Set 10kg,Sports & Fitness,Decathlon,4606.55,1,2025-09-27,Delivered
9413,912,57,Air Fryer,Home & Kitchen,Pigeon,4205.24,1,2026-02-18,Delivered
9414,1395,25,Men's T-Shirt,Fashion,Allen Solly,1341.6,1,2025-05-02,Delivered
9415,1890,67,Wall Clock,Home & Kitchen,Cello,4884.62,1,2025-06-07,Delivered
9416,644,28,Women's Kurta,Fashion,Levis,2860.44,1,2026-01-10,Delivered
9417,276,30,Women's Kurta,Fashion,Biba,3550.65,1,2025-04-06,Delivered
9418,867,112,Yoga Mat,Sports & Fitness,Nivia,2628.91,1,2026-03-01,Delivered
9419,67,22,Neckband Earphones,Electronics,Samsung,58291.66,1,2025-02-04,Delivered
9420,1195,50,Mixer Grinder,Home & Kitchen,Pigeon,5658.9,1,2026-05-06,Delivered
9421,151,42,Casual Sneakers,Fashion,Biba,1706.17,1,2026-03-17,Returned
9422,886,78,Self-Help Book,Books,HarperCollins,166.3,1,2025-11-02,Cancelled
9423,1824,35,Denim Jeans,Fashion,Van Heusen,868.67,1,2026-01-03,Shipped
9424,134,22,Neckband Earphones,Electronics,Samsung,22880.85,4,2025-12-06,Delivered
9425,496,13,Laptop,Electronics,Sony,15857.8,2,2026-06-19,Delivered
9426,925,46,Sunglasses,Fashion,H&M,1138.93,1,2025-07-24,Cancelled
9427,173,20,Bluetooth Speaker,Electronics,Xiaomi,20009.03,1,2026-01-19,Cancelled
9428,1458,106,Trimmer,Beauty & Personal Care,Mamaearth,1369.48,2,2025-02-28,Delivered
9429,1246,127,Resistance Band Set,Sports & Fitness,Nivia,4010.63,1,2026-04-17,Delivered
9430,607,75,Fiction Novel,Books,Bloomsbury,397.57,1,2025-10-04,Shipped
9431,1860,94,Sunscreen SPF50,Beauty & Personal Care,Mamaearth,786.54,2,2025-03-19,Delivered
9432,519,117,Cricket Bat,Sports & Fitness,Decathlon,4870.1,1,2025-07-13,Delivered
9433,1498,24,Neckband Earphones,Electronics,Realme,43450.54,1,2024-10-11,Delivered
9434,1200,74,Fiction Novel,Books,HarperCollins,343.52,1,2025-10-01,Shipped
9435,386,55,Air Fryer,Home & Kitchen,Bajaj,12235.29,1,2025-09-26,Delivered
9436,1850,43,Handbag,Fashion,Biba,3048.15,1,2023-12-01,Delivered
9437,660,70,Bedsheet Set,Home & Kitchen,Bajaj,12887.28,1,2026-05-04,Delivered
9438,102,23,Neckband Earphones,Electronics,JBL,34950.89,1,2025-01-22,Delivered
9439,1622,70,Bedsheet Set,Home & Kitchen,Bajaj,2046.97,1,2025-09-11,Delivered
9440,1308,124,Football,Sports & Fitness,Nivia,6779.08,1,2026-06-25,Shipped
9441,1163,26,Men's T-Shirt,Fashion,Nike,2888.62,2,2025-09-28,Delivered
9442,1175,77,Self-Help Book,Books,Scholastic,946.24,1,2025-02-03,Delivered
9443,1465,47,Sunglasses,Fashion,Biba,1594.6,2,2025-03-01,Delivered
9444,1816,18,Power Bank 10000mAh,Electronics,Sony,78169.46,1,2026-01-20,Cancelled
9445,1486,116,Cricket Bat,Sports & Fitness,Adidas,509.49,1,2025-01-22,Delivered
9446,866,68,Wall Clock,Home & Kitchen,Havells,6501.73,1,2025-10-08,Delivered
9447,1416,128,Resistance Band Set,Sports & Fitness,Decathlon,5976.27,3,2025-05-14,Delivered
9448,145,10,LED TV 43-inch,Electronics,Apple,50841.26,1,2025-09-12,Delivered
9449,509,88,Business Book,Books,Penguin,352.72,1,2025-02-26,Delivered
9450,670,6,Bluetooth Earbuds,Electronics,Sony,68171.91,1,2026-07-05,Pending
9451,1681,3,Smartphone,Electronics,boAt,7236.59,1,2026-06-08,Delivered
9452,1213,84,Children's Story Book,Books,Scholastic,503.9,1,2025-11-18,Delivered
9453,1961,125,Football,Sports & Fitness,Cosco,361.52,2,2025-07-11,Delivered
9454,491,127,Resistance Band Set,Sports & Fitness,Nivia,4261.83,1,2026-05-05,Delivered
9455,1722,32,Running Shoes,Fashion,H&M,4568.23,2,2025-09-28,Delivered
9456,254,126,Football,Sports & Fitness,Yonex,2089.22,1,2026-03-22,Delivered
9457,1604,58,Table Lamp,Home & Kitchen,Prestige,9859.38,1,2025-07-28,Delivered
9458,1489,55,Air Fryer,Home & Kitchen,Bajaj,2380.51,1,2025-10-27,Delivered
9459,85,55,Air Fryer,Home & Kitchen,Bajaj,4322.12,1,2026-05-21,Delivered
9460,572,38,Formal Shirt,Fashion,Levis,1641.91,1,2025-01-26,Returned
9461,323,74,Fiction Novel,Books,HarperCollins,937.99,1,2026-04-06,Returned
9462,1315,79,Competitive Exam Guide,Books,Scholastic,770.96,1,2024-12-29,Delivered
9463,1584,56,Air Fryer,Home & Kitchen,Prestige,2546.86,1,2026-03-26,Delivered
9464,769,91,Face Wash,Beauty & Personal Care,The Man Company,1389.03,1,2025-01-26,Delivered
9465,1858,57,Air Fryer,Home & Kitchen,Pigeon,571.94,2,2024-10-03,Delivered
9466,1792,22,Neckband Earphones,Electronics,Samsung,64873.9,1,2025-12-06,Pending
9467,294,37,Formal Shirt,Fashion,Van Heusen,1614.86,2,2026-04-15,Delivered
9468,896,92,Face Wash,Beauty & Personal Care,Plum,2053.81,1,2026-06-19,Delivered
9469,1051,39,Formal Shirt,Fashion,Allen Solly,445.4,1,2026-07-03,Delivered
9470,1574,10,LED TV 43-inch,Electronics,Apple,73733.03,2,2026-02-28,Delivered
9471,1252,114,Yoga Mat,Sports & Fitness,Adidas,3183.03,1,2024-12-14,Delivered
9472,1924,70,Bedsheet Set,Home & Kitchen,Bajaj,10067.62,1,2025-04-05,Delivered
9473,1502,119,Dumbbell Set 10kg,Sports & Fitness,Adidas,6464.63,1,2026-05-29,Delivered
9474,386,60,Table Lamp,Home & Kitchen,Pigeon,2852.52,2,2024-09-28,Delivered
9475,416,91,Face Wash,Beauty & Personal Care,The Man Company,1023.0,1,2025-07-20,Delivered
9476,1740,57,Air Fryer,Home & Kitchen,Pigeon,6529.43,1,2026-02-18,Delivered
9477,1217,20,Bluetooth Speaker,Electronics,Xiaomi,10353.05,3,2026-01-12,Delivered
9478,442,108,Trimmer,Beauty & Personal Care,Lakme,741.84,3,2024-07-22,Delivered
9479,1261,91,Face Wash,Beauty & Personal Care,The Man Company,2121.27,1,2025-04-29,Delivered
9480,1682,24,Neckband Earphones,Electronics,Realme,33062.12,1,2026-03-15,Delivered
9481,457,58,Table Lamp,Home & Kitchen,Prestige,3210.88,1,2026-06-03,Delivered
9482,1339,87,Biography,Books,Bloomsbury,114.4,1,2026-02-04,Delivered
9483,625,15,Laptop,Electronics,boAt,63863.14,1,2025-11-02,Delivered
9484,160,113,Yoga Mat,Sports & Fitness,Decathlon,1508.42,1,2026-04-01,Delivered
9485,1356,33,Running Shoes,Fashion,Roadster,920.8,1,2025-10-30,Shipped
9486,468,45,Handbag,Fashion,Allen Solly,4294.05,1,2026-05-28,Delivered
9487,81,102,Body Lotion,Beauty & Personal Care,Mamaearth,1415.52,1,2026-05-25,Returned
9488,1140,106,Trimmer,Beauty & Personal Care,Mamaearth,1138.82,1,2025-12-06,Delivered
9489,1280,106,Trimmer,Beauty & Personal Care,Mamaearth,2044.69,1,2025-10-22,Delivered
9490,1644,116,Cricket Bat,Sports & Fitness,Adidas,2325.66,1,2026-02-10,Shipped
9491,1180,85,Biography,Books,Scholastic,615.74,4,2024-11-09,Delivered
9492,37,79,Competitive Exam Guide,Books,Scholastic,622.67,1,2025-01-10,Returned
9493,656,63,Water Bottle Set,Home & Kitchen,Cello,2115.45,1,2023-12-15,Delivered
9494,1266,75,Fiction Novel,Books,Bloomsbury,862.34,2,2025-12-20,Delivered
9495,1408,15,Laptop,Electronics,boAt,62954.89,1,2025-11-15,Delivered
9496,1922,102,Body Lotion,Beauty & Personal Care,Mamaearth,2115.69,2,2026-03-03,Delivered
9497,486,101,Body Lotion,Beauty & Personal Care,Lakme,2295.83,4,2025-10-08,Delivered
9498,201,97,Hair Serum,Beauty & Personal Care,Lakme,1042.38,3,2025-11-15,Delivered
9499,152,99,Hair Serum,Beauty & Personal Care,Plum,838.56,2,2025-03-27,Delivered
9500,517,86,Biography,Books,HarperCollins,643.56,1,2026-05-22,Delivered
9501,1592,121,Badminton Racket,Sports & Fitness,Cosco,4016.89,1,2025-04-26,Delivered
9502,1080,117,Cricket Bat,Sports & Fitness,Decathlon,220.13,1,2024-10-16,Delivered
9503,1522,79,Competitive Exam Guide,Books,Scholastic,871.95,1,2026-06-06,Shipped
9504,166,69,Wall Clock,Home & Kitchen,Philips,8149.3,1,2024-11-12,Returned
9505,1693,55,Air Fryer,Home & Kitchen,Bajaj,7416.81,1,2024-05-06,Delivered
9506,454,42,Casual Sneakers,Fashion,Biba,3227.84,1,2024-07-02,Returned
9507,1508,38,Formal Shirt,Fashion,Levis,1418.49,1,2025-07-11,Delivered
9508,1565,126,Football,Sports & Fitness,Yonex,1207.31,4,2026-05-26,Delivered
9509,1293,44,Handbag,Fashion,Van Heusen,621.29,2,2026-05-12,Cancelled
9510,194,93,Face Wash,Beauty & Personal Care,Dove,1928.07,1,2024-03-04,Delivered
9511,97,126,Football,Sports & Fitness,Yonex,5692.35,1,2026-04-26,Delivered
9512,54,40,Casual Sneakers,Fashion,Levis,3587.3,1,2026-06-02,Delivered
9513,1949,104,Lipstick,Beauty & Personal Care,Dove,2132.06,1,2025-06-30,Cancelled
9514,211,13,Laptop,Electronics,Sony,54625.35,1,2026-06-06,Delivered
9515,1223,72,Bedsheet Set,Home & Kitchen,Prestige,2029.03,3,2026-03-16,Delivered
9516,1523,43,Handbag,Fashion,Biba,2521.36,1,2026-02-10,Returned
9517,1589,89,Business Book,Books,Bloomsbury,110.67,3,2025-12-05,Cancelled
9518,402,33,Running Shoes,Fashion,Roadster,4885.89,1,2024-12-11,Shipped
9519,81,80,Competitive Exam Guide,Books,HarperCollins,835.1,3,2026-01-21,Delivered
9520,171,74,Fiction Novel,Books,HarperCollins,771.31,2,2025-07-28,Delivered
9521,851,102,Body Lotion,Beauty & Personal Care,Mamaearth,341.03,2,2025-04-21,Delivered
9522,1527,99,Hair Serum,Beauty & Personal Care,Plum,674.21,1,2026-01-27,Delivered
9523,953,81,Competitive Exam Guide,Books,Penguin,531.94,1,2025-01-20,Delivered
9524,826,31,Running Shoes,Fashion,Biba,2385.41,1,2024-11-20,Cancelled
9525,1614,27,Men's T-Shirt,Fashion,Puma,326.74,1,2025-08-09,Cancelled
9526,1138,45,Handbag,Fashion,Allen Solly,4948.53,1,2025-08-14,Pending
9527,1388,87,Biography,Books,Bloomsbury,575.8,1,2026-06-27,Delivered
9528,1769,59,Table Lamp,Home & Kitchen,Havells,10758.72,3,2024-11-17,Delivered
9529,856,5,Bluetooth Earbuds,Electronics,boAt,11646.82,1,2025-02-22,Shipped
9530,290,2,Smartphone,Electronics,Apple,33203.44,2,2024-11-02,Cancelled
9531,1547,108,Trimmer,Beauty & Personal Care,Lakme,178.52,2,2025-06-15,Delivered
9532,1307,125,Football,Sports & Fitness,Cosco,1953.96,1,2025-01-03,Delivered
9533,1109,52,Non-Stick Pan Set,Home & Kitchen,Bajaj,9149.49,1,2025-12-14,Delivered
9534,206,67,Wall Clock,Home & Kitchen,Cello,5218.74,3,2026-03-05,Delivered
9535,1951,101,Body Lotion,Beauty & Personal Care,Lakme,1711.51,2,2024-09-11,Delivered
9536,1522,27,Men's T-Shirt,Fashion,Puma,2392.41,3,2026-05-24,Delivered
9537,1462,38,Formal Shirt,Fashion,Levis,1616.55,3,2026-04-29,Cancelled
9538,770,84,Children's Story Book,Books,Scholastic,805.94,1,2026-04-19,Delivered
9539,619,41,Casual Sneakers,Fashion,Allen Solly,4621.04,1,2026-01-28,Delivered
9540,1308,47,Sunglasses,Fashion,Biba,2884.65,1,2026-06-03,Cancelled
9541,932,106,Trimmer,Beauty & Personal Care,Mamaearth,1593.12,2,2025-12-08,Pending
9542,1116,75,Fiction Novel,Books,Bloomsbury,822.07,1,2024-10-22,Delivered
9543,604,44,Handbag,Fashion,Van Heusen,490.93,1,2026-02-12,Delivered
9544,792,93,Face Wash,Beauty & Personal Care,Dove,2324.71,2,2025-08-08,Pending
9545,1518,20,Bluetooth Speaker,Electronics,Xiaomi,21719.26,1,2025-11-23,Delivered
9546,1797,74,Fiction Novel,Books,HarperCollins,476.58,1,2026-01-09,Shipped
9547,642,127,Resistance Band Set,Sports & Fitness,Nivia,4525.41,4,2025-12-14,Cancelled
9548,1691,97,Hair Serum,Beauty & Personal Care,Lakme,2017.86,1,2025-07-13,Delivered
9549,1818,13,Laptop,Electronics,Sony,13735.03,2,2025-02-20,Delivered
9550,550,125,Football,Sports & Fitness,Cosco,3351.71,2,2025-05-03,Delivered
9551,1305,23,Neckband Earphones,Electronics,JBL,75739.93,3,2024-06-18,Delivered
9552,1030,87,Biography,Books,Bloomsbury,432.45,1,2025-10-28,Cancelled
9553,1708,32,Running Shoes,Fashion,H&M,2917.67,1,2024-09-25,Delivered
9554,1221,73,Fiction Novel,Books,Scholastic,347.13,1,2025-08-24,Delivered
9555,922,98,Hair Serum,Beauty & Personal Care,Mamaearth,785.67,4,2026-03-30,Delivered
9556,1254,9,Smartwatch,Electronics,boAt,60138.15,4,2026-02-03,Delivered
9557,661,22,Neckband Earphones,Electronics,Samsung,12603.11,1,2025-04-16,Returned
9558,513,51,Mixer Grinder,Home & Kitchen,Philips,6400.58,1,2026-04-14,Cancelled
9559,133,31,Running Shoes,Fashion,Biba,2006.61,1,2026-01-28,Delivered
9560,1930,127,Resistance Band Set,Sports & Fitness,Nivia,5622.94,2,2026-06-09,Delivered
9561,1085,89,Business Book,Books,Bloomsbury,149.41,1,2025-03-29,Delivered
9562,698,103,Lipstick,Beauty & Personal Care,The Man Company,713.46,1,2025-10-24,Returned
9563,240,83,Children's Story Book,Books,Penguin,847.21,3,2024-10-26,Shipped
9564,1986,55,Air Fryer,Home & Kitchen,Bajaj,5733.63,4,2026-05-06,Delivered
9565,424,106,Trimmer,Beauty & Personal Care,Mamaearth,280.86,1,2025-07-26,Delivered
9566,1021,64,Induction Cooktop,Home & Kitchen,Milton,6239.24,3,2024-02-13,Delivered
9567,1100,112,Yoga Mat,Sports & Fitness,Nivia,5873.47,1,2024-09-27,Delivered
9568,920,4,Bluetooth Earbuds,Electronics,Xiaomi,24754.45,1,2025-12-18,Delivered
9569,91,61,Water Bottle Set,Home & Kitchen,Philips,9676.84,1,2025-03-25,Delivered
9570,386,69,Wall Clock,Home & Kitchen,Philips,8067.66,1,2026-06-16,Delivered
9571,797,12,LED TV 43-inch,Electronics,JBL,17455.79,1,2025-02-14,Delivered
9572,1150,107,Trimmer,Beauty & Personal Care,Plum,1690.56,1,2026-03-23,Delivered
9573,1882,78,Self-Help Book,Books,HarperCollins,892.01,1,2025-03-22,Shipped
9574,1473,12,LED TV 43-inch,Electronics,JBL,47302.66,3,2025-12-04,Delivered
9575,787,60,Table Lamp,Home & Kitchen,Pigeon,3635.97,1,2024-03-04,Delivered
9576,1549,107,Trimmer,Beauty & Personal Care,Plum,1478.51,1,2025-12-24,Shipped
9577,1774,97,Hair Serum,Beauty & Personal Care,Lakme,620.72,1,2024-11-08,Cancelled
9578,1094,57,Air Fryer,Home & Kitchen,Pigeon,2657.01,2,2025-01-29,Delivered
9579,569,96,Sunscreen SPF50,Beauty & Personal Care,Plum,1990.57,1,2025-01-20,Delivered
9580,1994,25,Men's T-Shirt,Fashion,Allen Solly,4015.12,2,2025-01-26,Delivered
9581,840,84,Children's Story Book,Books,Scholastic,977.73,1,2025-09-05,Delivered
9582,956,5,Bluetooth Earbuds,Electronics,boAt,57003.43,1,2025-02-21,Delivered
9583,1170,8,Smartwatch,Electronics,OnePlus,38582.69,1,2026-07-17,Pending
9584,204,16,Power Bank 10000mAh,Electronics,OnePlus,35846.9,1,2026-01-27,Delivered
9585,1479,38,Formal Shirt,Fashion,Levis,1547.05,1,2024-10-01,Returned
9586,897,14,Laptop,Electronics,Xiaomi,89228.23,1,2026-02-26,Delivered
9587,1671,5,Bluetooth Earbuds,Electronics,boAt,69952.74,1,2025-03-18,Delivered
9588,232,116,Cricket Bat,Sports & Fitness,Adidas,4418.48,3,2025-11-26,Delivered
9589,864,114,Yoga Mat,Sports & Fitness,Adidas,246.61,1,2025-08-06,Delivered
9590,1358,88,Business Book,Books,Penguin,457.52,1,2025-01-02,Delivered
9591,276,89,Business Book,Books,Bloomsbury,156.82,2,2025-04-10,Delivered
9592,1623,35,Denim Jeans,Fashion,Van Heusen,2657.94,1,2026-02-06,Delivered
9593,1858,71,Bedsheet Set,Home & Kitchen,Pigeon,2531.83,1,2024-10-14,Delivered
9594,1970,128,Resistance Band Set,Sports & Fitness,Decathlon,2150.64,1,2025-11-16,Delivered
9595,1815,109,Perfume,Beauty & Personal Care,The Man Company,2406.18,1,2024-08-04,Delivered
9596,1589,71,Bedsheet Set,Home & Kitchen,Pigeon,3647.86,1,2025-08-28,Returned
9597,1405,10,LED TV 43-inch,Electronics,Apple,73823.79,2,2025-09-04,Delivered
9598,1910,36,Denim Jeans,Fashion,Puma,3168.02,1,2026-08-14,Delivered
9599,217,11,LED TV 43-inch,Electronics,boAt,88037.2,1,2024-10-02,Delivered
9600,1494,51,Mixer Grinder,Home & Kitchen,Philips,12443.61,1,2025-11-18,Delivered
9601,345,54,Non-Stick Pan Set,Home & Kitchen,Philips,1406.87,1,2025-04-26,Delivered
9602,1199,8,Smartwatch,Electronics,OnePlus,42378.88,1,2025-01-08,Delivered
9603,1278,33,Running Shoes,Fashion,Roadster,808.83,1,2025-05-15,Delivered
9604,1956,35,Denim Jeans,Fashion,Van Heusen,1079.78,1,2025-03-30,Delivered
9605,135,58,Table Lamp,Home & Kitchen,Prestige,1260.29,1,2026-01-19,Pending
9606,990,116,Cricket Bat,Sports & Fitness,Adidas,4482.39,2,2026-06-16,Delivered
9607,1785,59,Table Lamp,Home & Kitchen,Havells,1245.54,2,2025-10-23,Shipped
9608,36,81,Competitive Exam Guide,Books,Penguin,842.1,1,2025-06-02,Returned
9609,635,43,Handbag,Fashion,Biba,4550.41,1,2026-03-18,Cancelled
9610,157,54,Non-Stick Pan Set,Home & Kitchen,Philips,7079.76,1,2026-04-26,Shipped
9611,554,1,Smartphone,Electronics,Xiaomi,39886.9,1,2024-11-12,Delivered
9612,1973,116,Cricket Bat,Sports & Fitness,Adidas,3017.99,1,2026-07-08,Delivered
9613,10,43,Handbag,Fashion,Biba,544.15,2,2026-03-21,Delivered
9614,1798,108,Trimmer,Beauty & Personal Care,Lakme,1646.0,1,2025-07-21,Delivered
9615,404,38,Formal Shirt,Fashion,Levis,4123.71,1,2025-07-15,Delivered
9616,354,6,Bluetooth Earbuds,Electronics,Sony,8631.25,1,2026-03-01,Cancelled
9617,1920,62,Water Bottle Set,Home & Kitchen,Pigeon,12523.99,3,2026-03-23,Delivered
9618,1177,94,Sunscreen SPF50,Beauty & Personal Care,Mamaearth,1619.87,1,2025-07-05,Delivered
9619,1006,5,Bluetooth Earbuds,Electronics,boAt,39230.8,3,2025-05-09,Delivered
9620,115,109,Perfume,Beauty & Personal Care,The Man Company,998.92,1,2025-11-17,Delivered
9621,1836,13,Laptop,Electronics,Sony,71984.62,1,2026-04-24,Returned
9622,170,35,Denim Jeans,Fashion,Van Heusen,4062.79,1,2026-01-11,Delivered
9623,1251,85,Biography,Books,Scholastic,332.17,1,2026-03-08,Delivered
9624,1285,110,Perfume,Beauty & Personal Care,Lakme,369.87,1,2025-10-26,Delivered
9625,1060,72,Bedsheet Set,Home & Kitchen,Prestige,10155.46,3,2024-07-18,Delivered
9626,237,47,Sunglasses,Fashion,Biba,2961.95,1,2025-08-05,Shipped
9627,1801,71,Bedsheet Set,Home & Kitchen,Pigeon,7978.78,1,2025-02-15,Delivered
9628,846,120,Dumbbell Set 10kg,Sports & Fitness,Yonex,2925.92,1,2026-02-04,Cancelled
9629,1590,96,Sunscreen SPF50,Beauty & Personal Care,Plum,1237.92,2,2024-08-07,Delivered
9630,42,41,Casual Sneakers,Fashion,Allen Solly,580.42,2,2026-03-03,Delivered
9631,908,112,Yoga Mat,Sports & Fitness,Nivia,2930.23,1,2025-09-05,Returned
9632,970,87,Biography,Books,Bloomsbury,985.68,1,2026-03-30,Delivered
9633,88,18,Power Bank 10000mAh,Electronics,Sony,59060.01,1,2024-10-31,Cancelled
9634,148,128,Resistance Band Set,Sports & Fitness,Decathlon,6840.9,3,2025-07-05,Delivered
9635,1316,59,Table Lamp,Home & Kitchen,Havells,8519.58,1,2026-05-02,Delivered
9636,706,8,Smartwatch,Electronics,OnePlus,36328.69,1,2026-02-26,Delivered
9637,449,31,Running Shoes,Fashion,Biba,3578.88,1,2026-05-18,Shipped
9638,63,28,Women's Kurta,Fashion,Levis,1119.91,2,2025-10-11,Delivered
9639,1490,111,Perfume,Beauty & Personal Care,Plum,369.82,1,2026-02-14,Delivered
9640,390,7,Smartwatch,Electronics,Samsung,41348.46,2,2026-07-24,Delivered
9641,1831,15,Laptop,Electronics,boAt,84403.4,1,2026-04-04,Delivered
9642,1377,122,Badminton Racket,Sports & Fitness,Yonex,4332.01,1,2025-09-24,Shipped
9643,463,78,Self-Help Book,Books,HarperCollins,389.0,1,2025-08-15,Delivered
9644,801,30,Women's Kurta,Fashion,Biba,3212.44,1,2025-09-02,Cancelled
9645,1826,13,Laptop,Electronics,Sony,1606.37,2,2026-02-14,Delivered
9646,403,89,Business Book,Books,Bloomsbury,529.56,2,2026-08-07,Delivered
9647,143,4,Bluetooth Earbuds,Electronics,Xiaomi,84693.7,2,2026-06-23,Delivered
9648,1794,55,Air Fryer,Home & Kitchen,Bajaj,10078.19,1,2025-08-29,Delivered
9649,596,78,Self-Help Book,Books,HarperCollins,455.87,3,2025-12-05,Cancelled
9650,1972,90,Business Book,Books,Rupa Publications,902.13,1,2025-04-17,Returned
9651,1913,106,Trimmer,Beauty & Personal Care,Mamaearth,2184.46,3,2024-08-23,Delivered
9652,909,47,Sunglasses,Fashion,Biba,2528.67,1,2025-03-01,Delivered
9653,1072,17,Power Bank 10000mAh,Electronics,Samsung,16491.74,1,2025-10-04,Delivered
9654,201,89,Business Book,Books,Bloomsbury,281.47,1,2025-11-26,Delivered
9655,513,65,Induction Cooktop,Home & Kitchen,Prestige,372.97,1,2025-01-28,Delivered
9656,684,107,Trimmer,Beauty & Personal Care,Plum,1385.92,2,2025-11-06,Shipped
9657,1672,41,Casual Sneakers,Fashion,Allen Solly,1994.28,1,2024-10-08,Delivered
9658,1786,39,Formal Shirt,Fashion,Allen Solly,1588.6,2,2025-08-21,Delivered
9659,67,19,Bluetooth Speaker,Electronics,boAt,12962.19,3,2026-06-12,Delivered
9660,578,113,Yoga Mat,Sports & Fitness,Decathlon,914.23,2,2024-11-04,Delivered
9661,75,64,Induction Cooktop,Home & Kitchen,Milton,7536.69,1,2025-08-19,Delivered
9662,1378,16,Power Bank 10000mAh,Electronics,OnePlus,79017.18,1,2026-05-14,Delivered
9663,1694,67,Wall Clock,Home & Kitchen,Cello,8203.38,3,2026-02-06,Delivered
9664,1899,36,Denim Jeans,Fashion,Puma,1688.99,1,2025-08-07,Delivered
9665,13,110,Perfume,Beauty & Personal Care,Lakme,2232.31,2,2025-10-01,Delivered
9666,1399,76,Self-Help Book,Books,Bloomsbury,659.62,1,2026-02-07,Delivered
9667,1768,77,Self-Help Book,Books,Scholastic,748.35,1,2025-10-13,Delivered
9668,949,121,Badminton Racket,Sports & Fitness,Cosco,2055.04,3,2025-05-28,Delivered
9669,428,119,Dumbbell Set 10kg,Sports & Fitness,Adidas,1197.92,3,2026-04-14,Delivered
9670,995,45,Handbag,Fashion,Allen Solly,643.47,1,2026-03-01,Delivered
9671,280,8,Smartwatch,Electronics,OnePlus,64499.64,1,2025-07-19,Delivered
9672,1333,101,Body Lotion,Beauty & Personal Care,Lakme,831.88,1,2025-06-29,Shipped
9673,617,114,Yoga Mat,Sports & Fitness,Adidas,6542.47,1,2025-04-19,Pending
9674,1051,50,Mixer Grinder,Home & Kitchen,Pigeon,1487.47,1,2026-07-10,Delivered
9675,591,47,Sunglasses,Fashion,Biba,1772.47,1,2025-12-26,Delivered
9676,836,75,Fiction Novel,Books,Bloomsbury,380.07,1,2026-07-07,Delivered
9677,1862,96,Sunscreen SPF50,Beauty & Personal Care,Plum,2339.61,1,2025-08-26,Delivered
9678,381,61,Water Bottle Set,Home & Kitchen,Philips,12718.94,2,2024-12-02,Delivered
9679,71,111,Perfume,Beauty & Personal Care,Plum,157.99,1,2025-12-14,Delivered
9680,1399,114,Yoga Mat,Sports & Fitness,Adidas,6827.84,1,2026-04-21,Delivered
9681,1666,12,LED TV 43-inch,Electronics,JBL,68415.62,1,2026-01-23,Delivered
9682,1273,27,Men's T-Shirt,Fashion,Puma,3971.05,1,2025-10-10,Delivered
9683,46,21,Bluetooth Speaker,Electronics,Apple,29225.54,1,2025-11-18,Delivered
9684,926,19,Bluetooth Speaker,Electronics,boAt,32816.95,3,2025-12-07,Delivered
9685,1439,53,Non-Stick Pan Set,Home & Kitchen,Pigeon,12599.41,1,2026-03-11,Returned
9686,1694,78,Self-Help Book,Books,HarperCollins,150.0,2,2026-01-15,Delivered
9687,512,44,Handbag,Fashion,Van Heusen,1210.63,1,2026-01-22,Delivered
9688,196,117,Cricket Bat,Sports & Fitness,Decathlon,4027.37,3,2025-11-03,Delivered
9689,214,7,Smartwatch,Electronics,Samsung,43155.82,4,2026-07-07,Delivered
9690,1635,104,Lipstick,Beauty & Personal Care,Dove,1224.28,1,2026-01-10,Delivered
9691,1958,113,Yoga Mat,Sports & Fitness,Decathlon,3764.07,1,2026-05-25,Delivered
9692,1003,17,Power Bank 10000mAh,Electronics,Samsung,39472.64,1,2024-07-26,Delivered
9693,1413,127,Resistance Band Set,Sports & Fitness,Nivia,478.11,1,2025-04-17,Shipped
9694,1866,36,Denim Jeans,Fashion,Puma,2423.57,1,2025-03-25,Shipped
9695,175,32,Running Shoes,Fashion,H&M,3931.97,2,2026-02-12,Returned
9696,1962,104,Lipstick,Beauty & Personal Care,Dove,1922.3,1,2024-04-22,Delivered
9697,879,65,Induction Cooktop,Home & Kitchen,Prestige,12535.43,1,2025-07-13,Delivered
9698,531,125,Football,Sports & Fitness,Cosco,3732.23,2,2024-09-04,Cancelled
9699,1025,3,Smartphone,Electronics,boAt,29703.91,1,2026-03-02,Shipped
9700,1332,105,Lipstick,Beauty & Personal Care,Nivea,397.79,2,2025-12-22,Delivered
9701,976,121,Badminton Racket,Sports & Fitness,Cosco,284.9,1,2026-03-20,Delivered
9702,1744,129,Resistance Band Set,Sports & Fitness,Yonex,3301.37,1,2026-06-09,Delivered
9703,752,33,Running Shoes,Fashion,Roadster,3867.98,3,2025-08-19,Shipped
9704,1137,38,Formal Shirt,Fashion,Levis,3529.78,1,2026-02-04,Delivered
9705,1471,20,Bluetooth Speaker,Electronics,Xiaomi,53501.83,3,2026-06-24,Delivered
9706,439,108,Trimmer,Beauty & Personal Care,Lakme,2278.21,1,2025-06-01,Delivered
9707,139,35,Denim Jeans,Fashion,Van Heusen,3622.23,1,2024-10-15,Pending
9708,1204,35,Denim Jeans,Fashion,Van Heusen,2778.05,1,2025-12-28,Delivered
9709,774,90,Business Book,Books,Rupa Publications,271.0,1,2025-11-13,Delivered
9710,436,110,Perfume,Beauty & Personal Care,Lakme,1830.05,1,2026-06-12,Delivered
9711,1642,79,Competitive Exam Guide,Books,Scholastic,994.84,1,2026-04-05,Delivered
9712,1580,8,Smartwatch,Electronics,OnePlus,8557.39,3,2026-01-24,Cancelled
9713,697,125,Football,Sports & Fitness,Cosco,4789.73,1,2025-11-14,Delivered
9714,77,118,Dumbbell Set 10kg,Sports & Fitness,Decathlon,691.34,2,2026-07-28,Delivered
9715,291,125,Football,Sports & Fitness,Cosco,2924.87,1,2026-01-18,Delivered
9716,1766,112,Yoga Mat,Sports & Fitness,Nivia,390.42,1,2025-12-07,Delivered
9717,1987,21,Bluetooth Speaker,Electronics,Apple,63979.81,1,2024-07-28,Delivered
9718,1595,127,Resistance Band Set,Sports & Fitness,Nivia,1175.03,1,2025-10-18,Delivered
9719,1490,106,Trimmer,Beauty & Personal Care,Mamaearth,164.04,1,2025-04-09,Delivered
9720,534,4,Bluetooth Earbuds,Electronics,Xiaomi,36679.93,1,2026-02-03,Returned
9721,1284,94,Sunscreen SPF50,Beauty & Personal Care,Mamaearth,1762.53,4,2026-05-17,Delivered
9722,1716,38,Formal Shirt,Fashion,Levis,2319.85,4,2024-11-30,Delivered
9723,45,76,Self-Help Book,Books,Bloomsbury,287.6,3,2025-03-24,Delivered
9724,21,124,Football,Sports & Fitness,Nivia,4007.65,3,2026-06-08,Shipped
9725,1888,15,Laptop,Electronics,boAt,34296.86,1,2024-10-21,Delivered
9726,926,67,Wall Clock,Home & Kitchen,Cello,9388.76,1,2026-02-13,Cancelled
9727,112,55,Air Fryer,Home & Kitchen,Bajaj,9835.53,1,2026-02-04,Cancelled
9728,89,79,Competitive Exam Guide,Books,Scholastic,136.34,1,2026-02-25,Delivered
9729,626,99,Hair Serum,Beauty & Personal Care,Plum,1312.65,1,2024-07-10,Delivered
9730,1486,127,Resistance Band Set,Sports & Fitness,Nivia,4971.5,2,2024-01-15,Delivered
9731,1748,95,Sunscreen SPF50,Beauty & Personal Care,The Man Company,2472.95,1,2026-04-12,Delivered
9732,1991,79,Competitive Exam Guide,Books,Scholastic,619.2,1,2025-05-28,Returned
9733,1173,31,Running Shoes,Fashion,Biba,2978.49,1,2026-08-04,Cancelled
9734,1467,73,Fiction Novel,Books,Scholastic,788.72,1,2026-03-29,Delivered
9735,663,20,Bluetooth Speaker,Electronics,Xiaomi,64340.1,2,2024-05-27,Delivered
9736,1312,36,Denim Jeans,Fashion,Puma,1012.39,1,2024-10-15,Pending
9737,1862,127,Resistance Band Set,Sports & Fitness,Nivia,6158.9,1,2025-12-16,Delivered
9738,276,72,Bedsheet Set,Home & Kitchen,Prestige,11729.54,2,2025-04-19,Delivered
9739,950,17,Power Bank 10000mAh,Electronics,Samsung,76542.89,1,2026-01-29,Delivered
9740,1101,100,Body Lotion,Beauty & Personal Care,The Man Company,996.34,2,2025-10-14,Shipped
9741,783,39,Formal Shirt,Fashion,Allen Solly,3386.71,4,2025-10-12,Shipped
9742,1418,57,Air Fryer,Home & Kitchen,Pigeon,10681.12,1,2026-05-28,Delivered
9743,743,44,Handbag,Fashion,Van Heusen,4561.36,2,2025-07-29,Delivered
9744,995,69,Wall Clock,Home & Kitchen,Philips,4179.94,1,2025-02-24,Delivered
9745,793,17,Power Bank 10000mAh,Electronics,Samsung,21089.21,1,2025-09-14,Delivered
9746,1106,105,Lipstick,Beauty & Personal Care,Nivea,479.28,2,2024-04-04,Delivered
9747,1464,84,Children's Story Book,Books,Scholastic,669.93,1,2024-12-15,Delivered
9748,65,22,Neckband Earphones,Electronics,Samsung,53925.35,2,2026-06-21,Shipped
9749,131,86,Biography,Books,HarperCollins,305.25,1,2025-03-30,Delivered
9750,1474,31,Running Shoes,Fashion,Biba,1072.42,1,2026-06-20,Delivered
9751,365,109,Perfume,Beauty & Personal Care,The Man Company,1468.85,1,2026-06-17,Delivered
9752,1554,12,LED TV 43-inch,Electronics,JBL,75959.33,2,2026-04-16,Delivered
9753,312,85,Biography,Books,Scholastic,814.81,1,2025-08-11,Cancelled
9754,1465,8,Smartwatch,Electronics,OnePlus,8815.11,1,2024-11-04,Cancelled
9755,1798,86,Biography,Books,HarperCollins,431.51,2,2025-03-27,Delivered
9756,950,115,Cricket Bat,Sports & Fitness,Nivia,4759.22,1,2026-06-22,Delivered
9757,1830,92,Face Wash,Beauty & Personal Care,Plum,469.53,1,2024-04-02,Delivered
9758,595,6,Bluetooth Earbuds,Electronics,Sony,72712.19,2,2025-12-28,Delivered
9759,1398,83,Children's Story Book,Books,Penguin,239.6,1,2025-08-31,Delivered
9760,224,129,Resistance Band Set,Sports & Fitness,Yonex,6717.63,2,2026-06-03,Delivered
9761,788,52,Non-Stick Pan Set,Home & Kitchen,Bajaj,6448.8,2,2025-02-09,Delivered
9762,217,20,Bluetooth Speaker,Electronics,Xiaomi,27821.48,1,2024-10-03,Delivered
9763,469,9,Smartwatch,Electronics,boAt,16429.05,1,2025-05-29,Delivered
9764,1116,115,Cricket Bat,Sports & Fitness,Nivia,2437.87,2,2025-03-31,Delivered
9765,844,126,Football,Sports & Fitness,Yonex,457.6,1,2025-04-02,Delivered
9766,1073,73,Fiction Novel,Books,Scholastic,874.94,1,2025-12-09,Cancelled
9767,300,9,Smartwatch,Electronics,boAt,64183.83,3,2025-10-21,Delivered
9768,191,106,Trimmer,Beauty & Personal Care,Mamaearth,567.31,1,2025-06-06,Delivered
9769,669,112,Yoga Mat,Sports & Fitness,Nivia,820.88,1,2026-04-21,Delivered
9770,210,2,Smartphone,Electronics,Apple,18959.91,1,2024-10-03,Delivered
9771,1172,32,Running Shoes,Fashion,H&M,4050.89,4,2025-11-30,Delivered
9772,1902,99,Hair Serum,Beauty & Personal Care,Plum,234.51,1,2026-02-21,Delivered
9773,1729,24,Neckband Earphones,Electronics,Realme,33073.06,2,2026-03-13,Delivered
9774,284,49,Mixer Grinder,Home & Kitchen,Havells,7583.01,1,2026-07-16,Delivered
9775,1831,17,Power Bank 10000mAh,Electronics,Samsung,66510.48,2,2026-04-21,Delivered
9776,1629,2,Smartphone,Electronics,Apple,52495.34,1,2025-04-26,Delivered
9777,1892,81,Competitive Exam Guide,Books,Penguin,635.85,2,2026-03-01,Delivered
9778,771,33,Running Shoes,Fashion,Roadster,2130.83,2,2024-08-15,Delivered
9779,1688,88,Business Book,Books,Penguin,758.88,1,2024-08-20,Delivered
9780,1747,120,Dumbbell Set 10kg,Sports & Fitness,Yonex,5723.85,1,2025-03-16,Delivered
9781,1944,106,Trimmer,Beauty & Personal Care,Mamaearth,1286.52,1,2024-09-26,Delivered
9782,1527,115,Cricket Bat,Sports & Fitness,Nivia,5175.3,1,2025-06-01,Delivered
9783,116,17,Power Bank 10000mAh,Electronics,Samsung,1483.76,1,2026-07-01,Returned
9784,1258,127,Resistance Band Set,Sports & Fitness,Nivia,1362.51,1,2025-12-29,Pending
9785,694,115,Cricket Bat,Sports & Fitness,Nivia,443.07,1,2026-08-01,Delivered
9786,580,24,Neckband Earphones,Electronics,Realme,39965.47,3,2026-02-01,Delivered
9787,109,88,Business Book,Books,Penguin,834.02,4,2025-12-28,Delivered
9788,1808,57,Air Fryer,Home & Kitchen,Pigeon,12538.52,1,2025-11-29,Delivered
9789,1214,63,Water Bottle Set,Home & Kitchen,Cello,8228.16,1,2026-06-13,Delivered
9790,880,87,Biography,Books,Bloomsbury,286.76,1,2024-11-19,Returned
9791,1924,53,Non-Stick Pan Set,Home & Kitchen,Pigeon,5040.77,1,2024-11-29,Delivered
9792,1896,21,Bluetooth Speaker,Electronics,Apple,87434.39,2,2025-03-15,Delivered
9793,858,103,Lipstick,Beauty & Personal Care,The Man Company,980.31,1,2025-09-08,Shipped
9794,608,7,Smartwatch,Electronics,Samsung,31596.45,1,2025-12-06,Delivered
9795,1168,26,Men's T-Shirt,Fashion,Nike,1595.91,1,2025-06-06,Returned
9796,1143,87,Biography,Books,Bloomsbury,464.75,4,2025-02-04,Cancelled
9797,1878,10,LED TV 43-inch,Electronics,Apple,6369.5,2,2025-10-23,Delivered
9798,1397,19,Bluetooth Speaker,Electronics,boAt,8947.85,1,2025-11-16,Delivered
9799,1441,126,Football,Sports & Fitness,Yonex,1845.51,2,2024-11-01,Cancelled
9800,1938,17,Power Bank 10000mAh,Electronics,Samsung,10093.07,1,2024-09-20,Delivered
9801,1623,41,Casual Sneakers,Fashion,Allen Solly,4149.67,2,2026-03-10,Returned
9802,860,127,Resistance Band Set,Sports & Fitness,Nivia,467.17,1,2026-03-27,Delivered
9803,760,60,Table Lamp,Home & Kitchen,Pigeon,1443.79,2,2025-04-17,Delivered
9804,1165,110,Perfume,Beauty & Personal Care,Lakme,606.06,1,2025-12-14,Delivered
9805,462,121,Badminton Racket,Sports & Fitness,Cosco,6101.36,1,2025-07-24,Delivered
9806,641,126,Football,Sports & Fitness,Yonex,444.15,1,2025-10-01,Pending
9807,280,94,Sunscreen SPF50,Beauty & Personal Care,Mamaearth,308.62,1,2025-07-12,Delivered
9808,317,21,Bluetooth Speaker,Electronics,Apple,27550.7,1,2024-04-27,Delivered
9809,1891,85,Biography,Books,Scholastic,855.87,1,2024-05-26,Delivered
9810,1464,88,Business Book,Books,Penguin,328.39,1,2025-01-24,Delivered
9811,758,35,Denim Jeans,Fashion,Van Heusen,2646.04,3,2025-09-16,Delivered
9812,1291,78,Self-Help Book,Books,HarperCollins,346.34,1,2023-11-23,Delivered
9813,1061,125,Football,Sports & Fitness,Cosco,3655.08,1,2025-05-04,Delivered
9814,1033,83,Children's Story Book,Books,Penguin,272.2,1,2026-03-27,Delivered
9815,1172,112,Yoga Mat,Sports & Fitness,Nivia,3149.5,1,2026-01-01,Delivered
9816,25,8,Smartwatch,Electronics,OnePlus,66630.1,1,2026-04-02,Returned
9817,1505,115,Cricket Bat,Sports & Fitness,Nivia,483.92,1,2025-06-04,Delivered
9818,753,68,Wall Clock,Home & Kitchen,Havells,8489.39,3,2025-12-05,Pending
9819,1972,67,Wall Clock,Home & Kitchen,Cello,10390.94,1,2026-01-11,Delivered
9820,1408,24,Neckband Earphones,Electronics,Realme,87714.9,1,2026-06-17,Delivered
9821,1460,77,Self-Help Book,Books,Scholastic,623.8,1,2026-02-20,Delivered
9822,339,92,Face Wash,Beauty & Personal Care,Plum,2201.56,2,2025-11-01,Delivered
9823,1184,78,Self-Help Book,Books,HarperCollins,532.2,1,2026-04-03,Shipped
9824,1198,49,Mixer Grinder,Home & Kitchen,Havells,2177.47,1,2026-08-17,Delivered
9825,974,47,Sunglasses,Fashion,Biba,1040.01,1,2025-11-05,Delivered
9826,779,66,Induction Cooktop,Home & Kitchen,Cello,3325.63,1,2025-02-09,Delivered
9827,1866,104,Lipstick,Beauty & Personal Care,Dove,464.74,1,2025-03-21,Delivered
9828,1031,91,Face Wash,Beauty & Personal Care,The Man Company,971.03,1,2026-05-14,Pending
9829,1208,16,Power Bank 10000mAh,Electronics,OnePlus,20399.05,1,2024-10-20,Delivered
9830,1911,90,Business Book,Books,Rupa Publications,806.05,4,2025-01-05,Delivered
9831,1443,27,Men's T-Shirt,Fashion,Puma,880.27,2,2025-10-12,Cancelled
9832,457,54,Non-Stick Pan Set,Home & Kitchen,Philips,2096.34,2,2026-06-03,Delivered
9833,382,110,Perfume,Beauty & Personal Care,Lakme,386.82,3,2024-07-08,Delivered
9834,1968,108,Trimmer,Beauty & Personal Care,Lakme,476.57,3,2026-08-17,Delivered
9835,1177,26,Men's T-Shirt,Fashion,Nike,3304.01,1,2025-06-29,Delivered
9836,1232,64,Induction Cooktop,Home & Kitchen,Milton,3034.73,1,2025-08-12,Delivered
9837,1909,129,Resistance Band Set,Sports & Fitness,Yonex,848.42,4,2026-02-09,Returned
9838,581,123,Badminton Racket,Sports & Fitness,Decathlon,712.57,1,2026-02-06,Delivered
9839,598,63,Water Bottle Set,Home & Kitchen,Cello,11372.98,2,2024-05-19,Returned
9840,118,98,Hair Serum,Beauty & Personal Care,Mamaearth,1110.38,1,2025-08-29,Shipped
9841,159,54,Non-Stick Pan Set,Home & Kitchen,Philips,8181.25,3,2025-03-05,Delivered
9842,300,62,Water Bottle Set,Home & Kitchen,Pigeon,10074.08,3,2026-03-20,Pending
9843,789,90,Business Book,Books,Rupa Publications,339.76,1,2026-06-24,Delivered
9844,737,37,Formal Shirt,Fashion,Van Heusen,370.04,1,2025-12-06,Delivered
9845,742,55,Air Fryer,Home & Kitchen,Bajaj,2165.0,1,2024-04-02,Delivered
9846,379,15,Laptop,Electronics,boAt,78297.72,3,2025-11-15,Delivered
9847,1242,54,Non-Stick Pan Set,Home & Kitchen,Philips,12005.87,1,2024-12-05,Delivered
9848,830,35,Denim Jeans,Fashion,Van Heusen,1897.24,1,2025-06-16,Delivered
9849,278,4,Bluetooth Earbuds,Electronics,Xiaomi,76912.5,1,2026-01-21,Delivered
9850,1919,42,Casual Sneakers,Fashion,Biba,911.56,1,2026-04-10,Delivered
9851,1050,58,Table Lamp,Home & Kitchen,Prestige,11496.28,1,2026-07-22,Returned
9852,1035,124,Football,Sports & Fitness,Nivia,1594.68,1,2025-07-10,Delivered
9853,1107,123,Badminton Racket,Sports & Fitness,Decathlon,6931.78,1,2025-05-13,Delivered
9854,25,124,Football,Sports & Fitness,Nivia,6246.67,2,2025-11-24,Delivered
9855,1674,122,Badminton Racket,Sports & Fitness,Yonex,5790.68,1,2025-05-20,Delivered
9856,838,65,Induction Cooktop,Home & Kitchen,Prestige,8974.36,2,2025-11-17,Cancelled
9857,181,87,Biography,Books,Bloomsbury,533.82,1,2024-10-26,Delivered
9858,1311,119,Dumbbell Set 10kg,Sports & Fitness,Adidas,6558.71,3,2025-10-18,Delivered
9859,100,97,Hair Serum,Beauty & Personal Care,Lakme,479.81,1,2025-06-13,Delivered
9860,640,122,Badminton Racket,Sports & Fitness,Yonex,5602.43,1,2026-06-20,Delivered
9861,694,71,Bedsheet Set,Home & Kitchen,Pigeon,1797.06,1,2026-08-09,Delivered
9862,1552,16,Power Bank 10000mAh,Electronics,OnePlus,53081.9,1,2025-12-22,Delivered
9863,1226,75,Fiction Novel,Books,Bloomsbury,751.13,2,2025-05-09,Delivered
9864,1703,91,Face Wash,Beauty & Personal Care,The Man Company,2406.48,2,2026-03-17,Cancelled
9865,472,17,Power Bank 10000mAh,Electronics,Samsung,56675.45,2,2025-10-08,Shipped
9866,659,83,Children's Story Book,Books,Penguin,124.36,1,2024-08-27,Returned
9867,105,120,Dumbbell Set 10kg,Sports & Fitness,Yonex,6472.16,4,2025-08-31,Delivered
9868,839,121,Badminton Racket,Sports & Fitness,Cosco,6747.95,1,2024-09-25,Shipped
9869,1969,35,Denim Jeans,Fashion,Van Heusen,4450.76,1,2026-03-13,Delivered
9870,1792,54,Non-Stick Pan Set,Home & Kitchen,Philips,8273.73,1,2026-04-18,Delivered
9871,1776,89,Business Book,Books,Bloomsbury,571.29,2,2026-08-03,Delivered
9872,556,99,Hair Serum,Beauty & Personal Care,Plum,202.01,1,2025-03-19,Delivered
9873,1067,36,Denim Jeans,Fashion,Puma,3757.07,1,2026-07-28,Delivered
9874,899,82,Children's Story Book,Books,Rupa Publications,104.78,3,2025-12-28,Delivered
9875,1210,119,Dumbbell Set 10kg,Sports & Fitness,Adidas,6841.27,1,2025-02-14,Cancelled
9876,1059,100,Body Lotion,Beauty & Personal Care,The Man Company,1731.77,1,2023-12-09,Delivered
9877,1733,22,Neckband Earphones,Electronics,Samsung,53018.23,3,2026-06-08,Delivered
9878,1157,52,Non-Stick Pan Set,Home & Kitchen,Bajaj,10176.52,1,2025-05-22,Delivered
9879,1655,100,Body Lotion,Beauty & Personal Care,The Man Company,1887.86,1,2025-09-03,Delivered
9880,797,16,Power Bank 10000mAh,Electronics,OnePlus,80932.6,2,2026-02-26,Delivered
9881,1552,116,Cricket Bat,Sports & Fitness,Adidas,3305.88,1,2024-06-29,Delivered
9882,965,82,Children's Story Book,Books,Rupa Publications,958.18,3,2025-06-05,Delivered
9883,268,17,Power Bank 10000mAh,Electronics,Samsung,37310.07,1,2025-11-20,Delivered
9884,1280,31,Running Shoes,Fashion,Biba,2751.36,2,2025-06-06,Delivered
9885,1735,61,Water Bottle Set,Home & Kitchen,Philips,11759.01,1,2024-08-12,Returned
9886,485,46,Sunglasses,Fashion,H&M,3029.05,1,2025-08-10,Delivered
9887,1887,79,Competitive Exam Guide,Books,Scholastic,676.6,2,2026-02-17,Delivered
9888,1198,92,Face Wash,Beauty & Personal Care,Plum,2436.75,1,2026-08-03,Delivered
9889,671,9,Smartwatch,Electronics,boAt,57424.4,1,2025-04-20,Delivered
9890,347,94,Sunscreen SPF50,Beauty & Personal Care,Mamaearth,2284.4,1,2025-11-02,Returned
9891,1748,34,Denim Jeans,Fashion,H&M,4182.83,1,2026-04-04,Delivered
9892,1488,53,Non-Stick Pan Set,Home & Kitchen,Pigeon,937.76,1,2024-08-20,Delivered
9893,1284,105,Lipstick,Beauty & Personal Care,Nivea,1997.98,1,2026-05-25,Delivered
9894,1597,26,Men's T-Shirt,Fashion,Nike,987.58,3,2025-12-27,Delivered
9895,1001,32,Running Shoes,Fashion,H&M,4268.47,1,2025-10-14,Delivered
9896,1693,108,Trimmer,Beauty & Personal Care,Lakme,2450.29,2,2024-07-28,Delivered
9897,1461,48,Sunglasses,Fashion,Puma,3489.93,1,2025-10-15,Delivered
9898,1830,23,Neckband Earphones,Electronics,JBL,26837.11,1,2025-11-24,Delivered
9899,194,13,Laptop,Electronics,Sony,89403.35,2,2025-04-05,Cancelled
9900,114,106,Trimmer,Beauty & Personal Care,Mamaearth,318.44,3,2024-09-24,Delivered
9901,208,64,Induction Cooktop,Home & Kitchen,Milton,3377.68,1,2025-09-17,Shipped
9902,526,53,Non-Stick Pan Set,Home & Kitchen,Pigeon,8782.71,1,2026-05-02,Delivered
9903,1023,100,Body Lotion,Beauty & Personal Care,The Man Company,566.58,1,2025-08-12,Delivered
9904,328,93,Face Wash,Beauty & Personal Care,Dove,1679.88,1,2025-07-13,Cancelled
9905,979,18,Power Bank 10000mAh,Electronics,Sony,62263.02,3,2025-06-05,Delivered
9906,1772,36,Denim Jeans,Fashion,Puma,600.58,1,2026-05-22,Returned
9907,773,32,Running Shoes,Fashion,H&M,4304.56,2,2025-11-09,Pending
9908,1532,73,Fiction Novel,Books,Scholastic,388.45,3,2026-07-12,Delivered
9909,51,66,Induction Cooktop,Home & Kitchen,Cello,9894.62,1,2025-11-29,Cancelled
9910,520,97,Hair Serum,Beauty & Personal Care,Lakme,376.54,1,2025-04-13,Cancelled
9911,682,119,Dumbbell Set 10kg,Sports & Fitness,Adidas,215.61,1,2024-12-31,Delivered
9912,1370,61,Water Bottle Set,Home & Kitchen,Philips,10499.42,1,2025-07-10,Delivered
9913,1542,63,Water Bottle Set,Home & Kitchen,Cello,9324.41,4,2025-12-30,Delivered
9914,51,95,Sunscreen SPF50,Beauty & Personal Care,The Man Company,627.68,1,2025-10-06,Delivered
9915,1420,128,Resistance Band Set,Sports & Fitness,Decathlon,607.06,1,2026-01-22,Delivered
9916,1026,24,Neckband Earphones,Electronics,Realme,61307.89,1,2025-08-24,Delivered
9917,1557,35,Denim Jeans,Fashion,Van Heusen,1540.24,1,2026-04-23,Delivered
9918,3,121,Badminton Racket,Sports & Fitness,Cosco,1036.84,1,2026-03-19,Delivered
9919,188,7,Smartwatch,Electronics,Samsung,28336.38,3,2026-03-19,Cancelled
9920,213,17,Power Bank 10000mAh,Electronics,Samsung,59722.63,1,2026-08-05,Delivered
9921,1374,2,Smartphone,Electronics,Apple,38719.24,1,2025-12-08,Delivered
9922,281,100,Body Lotion,Beauty & Personal Care,The Man Company,1257.31,3,2025-12-24,Returned
9923,1217,7,Smartwatch,Electronics,Samsung,18082.11,1,2025-12-31,Delivered
9924,893,56,Air Fryer,Home & Kitchen,Prestige,9116.62,1,2026-03-22,Delivered
9925,744,8,Smartwatch,Electronics,OnePlus,49129.88,1,2026-02-03,Pending
9926,999,28,Women's Kurta,Fashion,Levis,1801.91,1,2025-12-04,Delivered
9927,1415,61,Water Bottle Set,Home & Kitchen,Philips,2194.47,2,2025-04-27,Delivered
9928,1203,28,Women's Kurta,Fashion,Levis,4105.94,3,2025-05-06,Delivered
9929,1885,108,Trimmer,Beauty & Personal Care,Lakme,153.58,1,2025-08-23,Delivered
9930,1322,100,Body Lotion,Beauty & Personal Care,The Man Company,624.18,1,2025-10-27,Delivered
9931,883,73,Fiction Novel,Books,Scholastic,560.17,1,2024-09-20,Delivered
9932,1865,18,Power Bank 10000mAh,Electronics,Sony,40982.96,1,2025-04-03,Delivered
9933,139,114,Yoga Mat,Sports & Fitness,Adidas,1820.36,1,2025-11-14,Delivered
9934,584,88,Business Book,Books,Penguin,693.02,1,2026-06-19,Shipped
9935,1773,103,Lipstick,Beauty & Personal Care,The Man Company,1952.04,2,2025-09-28,Delivered
9936,124,100,Body Lotion,Beauty & Personal Care,The Man Company,1486.06,2,2024-10-30,Cancelled
9937,210,95,Sunscreen SPF50,Beauty & Personal Care,The Man Company,1663.3,1,2026-05-09,Delivered
9938,496,59,Table Lamp,Home & Kitchen,Havells,1306.35,1,2026-06-01,Shipped
9939,1396,115,Cricket Bat,Sports & Fitness,Nivia,4961.85,1,2025-09-03,Delivered
9940,1956,112,Yoga Mat,Sports & Fitness,Nivia,5010.13,1,2026-01-12,Delivered
9941,1218,85,Biography,Books,Scholastic,743.08,2,2026-06-06,Shipped
9942,1822,127,Resistance Band Set,Sports & Fitness,Nivia,468.05,4,2025-11-18,Delivered
9943,754,41,Casual Sneakers,Fashion,Allen Solly,462.5,2,2025-08-15,Delivered
9944,658,107,Trimmer,Beauty & Personal Care,Plum,1977.54,2,2025-12-06,Delivered
9945,1221,111,Perfume,Beauty & Personal Care,Plum,791.48,1,2024-04-03,Delivered
9946,1939,46,Sunglasses,Fashion,H&M,448.47,1,2024-12-30,Delivered
9947,926,42,Casual Sneakers,Fashion,Biba,4410.07,1,2025-12-07,Shipped
9948,517,18,Power Bank 10000mAh,Electronics,Sony,33824.29,1,2026-05-25,Shipped
9949,221,15,Laptop,Electronics,boAt,72598.83,1,2025-10-07,Delivered
9950,366,105,Lipstick,Beauty & Personal Care,Nivea,1666.11,2,2024-07-17,Delivered
9951,257,72,Bedsheet Set,Home & Kitchen,Prestige,6040.68,1,2026-08-17,Delivered
9952,1956,110,Perfume,Beauty & Personal Care,Lakme,1254.86,1,2026-01-15,Delivered
9953,885,40,Casual Sneakers,Fashion,Levis,4501.91,1,2025-04-17,Delivered
9954,712,94,Sunscreen SPF50,Beauty & Personal Care,Mamaearth,930.43,1,2025-11-23,Shipped
9955,1910,32,Running Shoes,Fashion,H&M,820.17,2,2026-08-12,Cancelled
9956,75,108,Trimmer,Beauty & Personal Care,Lakme,2122.43,1,2026-03-17,Delivered
9957,500,65,Induction Cooktop,Home & Kitchen,Prestige,509.2,2,2024-03-26,Delivered
9958,1285,53,Non-Stick Pan Set,Home & Kitchen,Pigeon,7016.79,1,2026-03-26,Delivered
9959,1758,93,Face Wash,Beauty & Personal Care,Dove,1573.09,1,2025-02-14,Delivered
9960,1339,74,Fiction Novel,Books,HarperCollins,249.5,1,2026-02-13,Delivered
9961,1848,64,Induction Cooktop,Home & Kitchen,Milton,9024.63,1,2026-06-30,Delivered
9962,1524,10,LED TV 43-inch,Electronics,Apple,36169.47,1,2025-07-10,Shipped
9963,1412,32,Running Shoes,Fashion,H&M,2862.87,1,2026-02-08,Delivered
9964,498,88,Business Book,Books,Penguin,791.29,1,2025-08-30,Delivered
9965,1928,20,Bluetooth Speaker,Electronics,Xiaomi,12719.78,1,2026-01-21,Delivered
9966,447,68,Wall Clock,Home & Kitchen,Havells,9864.92,2,2026-01-12,Delivered
9967,1086,2,Smartphone,Electronics,Apple,23247.2,1,2025-07-05,Shipped
9968,190,30,Women's Kurta,Fashion,Biba,2869.88,1,2026-08-17,Delivered
9969,1516,27,Men's T-Shirt,Fashion,Puma,2963.84,1,2024-11-01,Delivered
9970,1975,64,Induction Cooktop,Home & Kitchen,Milton,4133.9,1,2025-08-16,Delivered
9971,1760,63,Water Bottle Set,Home & Kitchen,Cello,12282.73,1,2026-02-25,Delivered
9972,481,51,Mixer Grinder,Home & Kitchen,Philips,2927.0,1,2024-12-27,Delivered
9973,1370,84,Children's Story Book,Books,Scholastic,769.84,1,2025-11-13,Cancelled
9974,1126,87,Biography,Books,Bloomsbury,610.64,1,2024-09-26,Delivered
9975,1060,83,Children's Story Book,Books,Penguin,949.29,1,2025-08-25,Delivered
9976,841,104,Lipstick,Beauty & Personal Care,Dove,856.38,2,2025-07-22,Returned
9977,948,107,Trimmer,Beauty & Personal Care,Plum,712.21,1,2025-12-29,Delivered
9978,1649,16,Power Bank 10000mAh,Electronics,OnePlus,26999.59,1,2025-08-17,Shipped
9979,92,28,Women's Kurta,Fashion,Levis,3136.78,1,2026-06-02,Returned
9980,554,55,Air Fryer,Home & Kitchen,Bajaj,2742.98,1,2025-06-19,Delivered
9981,1234,5,Bluetooth Earbuds,Electronics,boAt,83735.88,2,2026-02-12,Cancelled
9982,233,3,Smartphone,Electronics,boAt,18569.01,1,2024-12-27,Returned
9983,1877,28,Women's Kurta,Fashion,Levis,3054.44,1,2025-01-23,Delivered
9984,1158,85,Biography,Books,Scholastic,508.69,3,2026-01-22,Delivered
9985,444,14,Laptop,Electronics,Xiaomi,66065.63,1,2026-01-13,Delivered
9986,468,43,Handbag,Fashion,Biba,4155.29,1,2026-05-15,Delivered
9987,996,19,Bluetooth Speaker,Electronics,boAt,89943.49,1,2025-08-14,Delivered
9988,275,110,Perfume,Beauty & Personal Care,Lakme,1597.14,3,2026-08-16,Delivered
9989,830,8,Smartwatch,Electronics,OnePlus,79352.63,1,2025-06-12,Cancelled
9990,164,83,Children's Story Book,Books,Penguin,984.69,1,2026-01-29,Delivered
9991,182,88,Business Book,Books,Penguin,766.78,3,2026-04-21,Delivered
9992,718,100,Body Lotion,Beauty & Personal Care,The Man Company,1480.4,1,2026-02-14,Delivered
9993,1282,90,Business Book,Books,Rupa Publications,278.67,2,2024-03-02,Delivered
9994,455,74,Fiction Novel,Books,HarperCollins,612.05,3,2026-01-18,Delivered
9995,1655,11,LED TV 43-inch,Electronics,boAt,62096.15,1,2026-05-10,Delivered
9996,1486,60,Table Lamp,Home & Kitchen,Pigeon,3695.11,1,2025-10-22,Delivered
9997,460,7,Smartwatch,Electronics,Samsung,75542.31,4,2025-09-30,Delivered
9998,932,83,Children's Story Book,Books,Penguin,860.03,2,2026-02-22,Delivered
9999,270,21,Bluetooth Speaker,Electronics,Apple,40111.08,1,2025-03-07,Delivered
10000,1463,124,Football,Sports & Fitness,Nivia,868.3,1,2026-04-05,Delivered
10001,481,42,Casual Sneakers,Fashion,Biba,3732.32,3,2025-07-18,Delivered
10002,1561,109,Perfume,Beauty & Personal Care,The Man Company,411.37,4,2026-05-07,Delivered
10003,1152,49,Mixer Grinder,Home & Kitchen,Havells,4574.04,1,2026-03-29,Delivered
10004,195,40,Casual Sneakers,Fashion,Levis,1700.01,4,2026-03-05,Delivered
10005,644,55,Air Fryer,Home & Kitchen,Bajaj,4921.03,1,2025-06-27,Delivered
10006,1915,87,Biography,Books,Bloomsbury,525.1,2,2026-05-31,Delivered
10007,1970,6,Bluetooth Earbuds,Electronics,Sony,6192.46,1,2025-01-15,Delivered
10008,1239,57,Air Fryer,Home & Kitchen,Pigeon,1304.54,1,2025-09-03,Delivered
10009,1456,22,Neckband Earphones,Electronics,Samsung,10629.51,1,2026-05-22,Delivered
10010,719,11,LED TV 43-inch,Electronics,boAt,37000.06,2,2025-03-29,Delivered
10011,368,2,Smartphone,Electronics,Apple,3074.4,1,2025-11-11,Delivered
10012,711,49,Mixer Grinder,Home & Kitchen,Havells,2244.05,1,2025-11-09,Cancelled
10013,1315,38,Formal Shirt,Fashion,Levis,4461.55,1,2025-02-10,Cancelled
10014,536,76,Self-Help Book,Books,Bloomsbury,549.96,1,2025-09-17,Pending
10015,412,76,Self-Help Book,Books,Bloomsbury,401.59,1,2026-01-05,Delivered
10016,1480,6,Bluetooth Earbuds,Electronics,Sony,47886.46,3,2024-04-06,Delivered
10017,1393,114,Yoga Mat,Sports & Fitness,Adidas,2395.69,1,2026-02-18,Delivered
10018,328,71,Bedsheet Set,Home & Kitchen,Pigeon,8680.94,1,2025-07-05,Delivered
10019,258,35,Denim Jeans,Fashion,Van Heusen,425.73,1,2025-09-30,Delivered
10020,1882,92,Face Wash,Beauty & Personal Care,Plum,1307.41,1,2025-08-14,Shipped
10021,1818,109,Perfume,Beauty & Personal Care,The Man Company,468.62,1,2025-07-09,Delivered
10022,937,127,Resistance Band Set,Sports & Fitness,Nivia,4388.06,1,2025-09-23,Delivered
10023,1168,5,Bluetooth Earbuds,Electronics,boAt,44719.71,1,2025-01-05,Delivered
10024,19,16,Power Bank 10000mAh,Electronics,OnePlus,9301.22,1,2026-05-06,Delivered
10025,1734,20,Bluetooth Speaker,Electronics,Xiaomi,89643.2,3,2026-01-30,Cancelled
10026,1730,32,Running Shoes,Fashion,H&M,1980.11,1,2026-01-09,Delivered
10027,1488,107,Trimmer,Beauty & Personal Care,Plum,1465.21,1,2024-08-09,Delivered
10028,431,32,Running Shoes,Fashion,H&M,3598.57,1,2025-09-15,Delivered
10029,630,87,Biography,Books,Bloomsbury,964.68,1,2025-06-19,Returned
10030,592,129,Resistance Band Set,Sports & Fitness,Yonex,2478.94,1,2026-04-01,Cancelled
10031,333,53,Non-Stick Pan Set,Home & Kitchen,Pigeon,594.12,2,2025-04-03,Delivered
10032,35,34,Denim Jeans,Fashion,H&M,3053.95,1,2025-09-11,Delivered
10033,584,128,Resistance Band Set,Sports & Fitness,Decathlon,1776.2,1,2026-06-17,Delivered
10034,344,101,Body Lotion,Beauty & Personal Care,Lakme,690.97,4,2025-01-13,Returned
10035,1239,125,Football,Sports & Fitness,Cosco,3059.6,1,2026-03-23,Delivered
10036,263,25,Men's T-Shirt,Fashion,Allen Solly,1910.84,1,2026-02-18,Delivered
10037,430,92,Face Wash,Beauty & Personal Care,Plum,2400.37,2,2025-12-11,Delivered
10038,488,59,Table Lamp,Home & Kitchen,Havells,4868.7,1,2026-01-30,Delivered
10039,1905,49,Mixer Grinder,Home & Kitchen,Havells,10351.81,2,2025-01-05,Pending
10040,966,71,Bedsheet Set,Home & Kitchen,Pigeon,11363.23,1,2025-11-02,Delivered
10041,1165,1,Smartphone,Electronics,Xiaomi,17369.23,2,2025-12-14,Delivered
10042,381,61,Water Bottle Set,Home & Kitchen,Philips,8896.92,1,2024-09-01,Delivered
10043,1347,36,Denim Jeans,Fashion,Puma,2767.9,4,2024-12-13,Delivered
10044,971,47,Sunglasses,Fashion,Biba,4977.6,2,2026-02-03,Delivered
10045,1301,16,Power Bank 10000mAh,Electronics,OnePlus,38572.45,2,2025-04-07,Delivered
10046,1714,28,Women's Kurta,Fashion,Levis,4429.78,2,2025-08-17,Delivered
10047,1195,127,Resistance Band Set,Sports & Fitness,Nivia,3421.76,1,2026-04-11,Delivered
10048,1831,101,Body Lotion,Beauty & Personal Care,Lakme,599.48,1,2026-04-16,Delivered
10049,1893,38,Formal Shirt,Fashion,Levis,845.71,1,2025-09-02,Delivered
10050,1789,121,Badminton Racket,Sports & Fitness,Cosco,1290.07,1,2026-03-08,Delivered
10051,1928,69,Wall Clock,Home & Kitchen,Philips,9227.41,1,2024-01-04,Delivered
10052,900,76,Self-Help Book,Books,Bloomsbury,958.59,1,2026-05-30,Delivered
10053,1861,112,Yoga Mat,Sports & Fitness,Nivia,4296.9,1,2024-04-05,Pending
10054,1071,27,Men's T-Shirt,Fashion,Puma,4573.12,1,2024-06-13,Delivered
10055,269,82,Children's Story Book,Books,Rupa Publications,673.27,1,2025-12-17,Delivered
10056,50,29,Women's Kurta,Fashion,Allen Solly,4608.17,1,2025-01-04,Delivered
10057,1733,41,Casual Sneakers,Fashion,Allen Solly,2938.02,1,2025-05-06,Delivered
10058,804,33,Running Shoes,Fashion,Roadster,2605.54,1,2026-03-23,Delivered
10059,1131,19,Bluetooth Speaker,Electronics,boAt,60578.89,3,2025-10-04,Delivered
10060,1983,6,Bluetooth Earbuds,Electronics,Sony,72634.04,1,2025-06-23,Delivered
10061,155,126,Football,Sports & Fitness,Yonex,1203.34,1,2025-06-04,Delivered
10062,62,22,Neckband Earphones,Electronics,Samsung,49162.92,3,2024-05-20,Delivered
10063,768,67,Wall Clock,Home & Kitchen,Cello,3901.55,1,2026-01-12,Delivered
10064,452,22,Neckband Earphones,Electronics,Samsung,62816.32,1,2026-04-02,Delivered
10065,549,6,Bluetooth Earbuds,Electronics,Sony,71813.49,2,2025-07-19,Delivered
10066,500,95,Sunscreen SPF50,Beauty & Personal Care,The Man Company,625.76,3,2024-09-01,Delivered
10067,300,85,Biography,Books,Scholastic,782.7,1,2025-11-05,Shipped
10068,1634,119,Dumbbell Set 10kg,Sports & Fitness,Adidas,1331.93,3,2025-12-01,Cancelled
10069,1236,94,Sunscreen SPF50,Beauty & Personal Care,Mamaearth,2028.08,2,2026-07-10,Delivered
10070,1441,112,Yoga Mat,Sports & Fitness,Nivia,1164.77,1,2025-11-09,Delivered
10071,799,126,Football,Sports & Fitness,Yonex,2116.27,1,2025-06-02,Delivered
10072,599,52,Non-Stick Pan Set,Home & Kitchen,Bajaj,10432.21,1,2025-09-28,Delivered
10073,1198,57,Air Fryer,Home & Kitchen,Pigeon,11425.5,1,2026-08-13,Delivered
10074,431,5,Bluetooth Earbuds,Electronics,boAt,76347.49,4,2025-01-17,Delivered
10075,1774,100,Body Lotion,Beauty & Personal Care,The Man Company,174.56,1,2026-05-19,Delivered
10076,1005,44,Handbag,Fashion,Van Heusen,2889.91,4,2026-01-28,Delivered
10077,1547,7,Smartwatch,Electronics,Samsung,71225.29,1,2025-06-12,Delivered
10078,1411,118,Dumbbell Set 10kg,Sports & Fitness,Decathlon,5856.35,1,2026-01-05,Delivered
10079,1051,83,Children's Story Book,Books,Penguin,860.81,1,2026-07-07,Delivered
10080,275,67,Wall Clock,Home & Kitchen,Cello,11549.44,1,2026-08-11,Cancelled
10081,95,115,Cricket Bat,Sports & Fitness,Nivia,2881.83,4,2024-09-13,Delivered
10082,1962,117,Cricket Bat,Sports & Fitness,Decathlon,2572.57,1,2025-05-12,Delivered
10083,468,70,Bedsheet Set,Home & Kitchen,Bajaj,6159.18,2,2026-01-17,Cancelled
10084,779,60,Table Lamp,Home & Kitchen,Pigeon,5307.37,1,2026-01-06,Delivered
10085,1379,110,Perfume,Beauty & Personal Care,Lakme,430.27,4,2025-07-18,Delivered
10086,535,127,Resistance Band Set,Sports & Fitness,Nivia,3578.98,1,2026-05-22,Cancelled
10087,1315,65,Induction Cooktop,Home & Kitchen,Prestige,976.02,1,2026-06-03,Shipped
10088,63,43,Handbag,Fashion,Biba,1939.09,1,2025-05-13,Shipped
10089,1921,32,Running Shoes,Fashion,H&M,707.2,1,2025-11-18,Delivered
10090,1988,46,Sunglasses,Fashion,H&M,3196.03,1,2026-02-03,Delivered
10091,255,37,Formal Shirt,Fashion,Van Heusen,1513.5,1,2026-06-10,Delivered
10092,546,57,Air Fryer,Home & Kitchen,Pigeon,11739.68,1,2025-12-08,Delivered
10093,1614,39,Formal Shirt,Fashion,Allen Solly,3237.86,1,2025-12-27,Delivered
10094,1355,99,Hair Serum,Beauty & Personal Care,Plum,623.12,1,2026-05-17,Delivered
10095,1872,9,Smartwatch,Electronics,boAt,18012.85,2,2025-10-17,Delivered
10096,1994,21,Bluetooth Speaker,Electronics,Apple,27538.44,1,2026-03-03,Delivered
10097,1846,7,Smartwatch,Electronics,Samsung,35126.52,3,2024-05-04,Delivered
10098,856,45,Handbag,Fashion,Allen Solly,3479.74,1,2025-08-31,Delivered
10099,1948,119,Dumbbell Set 10kg,Sports & Fitness,Adidas,3025.43,1,2025-03-01,Delivered
10100,1504,123,Badminton Racket,Sports & Fitness,Decathlon,5423.0,1,2026-08-07,Delivered
10101,7,16,Power Bank 10000mAh,Electronics,OnePlus,32596.47,1,2026-06-23,Delivered
10102,43,109,Perfume,Beauty & Personal Care,The Man Company,1849.26,1,2026-04-30,Delivered
10103,1614,100,Body Lotion,Beauty & Personal Care,The Man Company,1936.11,1,2025-03-22,Delivered
10104,499,117,Cricket Bat,Sports & Fitness,Decathlon,1742.9,1,2025-08-12,Cancelled
10105,1685,78,Self-Help Book,Books,HarperCollins,493.14,1,2025-10-26,Delivered
10106,82,118,Dumbbell Set 10kg,Sports & Fitness,Decathlon,1495.26,1,2025-07-09,Delivered
10107,839,70,Bedsheet Set,Home & Kitchen,Bajaj,11771.8,1,2025-01-16,Delivered
10108,1562,4,Bluetooth Earbuds,Electronics,Xiaomi,16444.0,2,2025-04-22,Delivered
10109,1248,51,Mixer Grinder,Home & Kitchen,Philips,4470.13,3,2026-03-03,Delivered
10110,2,117,Cricket Bat,Sports & Fitness,Decathlon,6911.35,1,2026-05-18,Delivered
10111,1530,15,Laptop,Electronics,boAt,1734.16,1,2025-05-17,Delivered
10112,942,26,Men's T-Shirt,Fashion,Nike,4971.62,2,2026-04-16,Delivered
10113,1151,50,Mixer Grinder,Home & Kitchen,Pigeon,3745.99,3,2025-07-01,Returned
10114,803,108,Trimmer,Beauty & Personal Care,Lakme,322.67,1,2024-11-06,Delivered
10115,110,88,Business Book,Books,Penguin,776.22,1,2026-08-01,Delivered
10116,1612,6,Bluetooth Earbuds,Electronics,Sony,4838.76,2,2025-06-24,Delivered
10117,77,105,Lipstick,Beauty & Personal Care,Nivea,601.87,1,2025-08-06,Delivered
10118,591,99,Hair Serum,Beauty & Personal Care,Plum,478.68,1,2025-11-19,Cancelled
10119,1659,113,Yoga Mat,Sports & Fitness,Decathlon,2113.75,1,2025-11-28,Delivered
10120,1015,64,Induction Cooktop,Home & Kitchen,Milton,2391.14,2,2025-09-24,Delivered
10121,406,124,Football,Sports & Fitness,Nivia,3023.21,1,2025-09-18,Returned
10122,403,49,Mixer Grinder,Home & Kitchen,Havells,4420.97,1,2026-07-18,Delivered
10123,1246,103,Lipstick,Beauty & Personal Care,The Man Company,700.66,1,2026-04-27,Delivered
10124,368,98,Hair Serum,Beauty & Personal Care,Mamaearth,1603.05,1,2025-07-04,Delivered
10125,1050,99,Hair Serum,Beauty & Personal Care,Plum,2232.65,1,2026-07-30,Delivered
10126,1410,93,Face Wash,Beauty & Personal Care,Dove,1049.09,1,2025-10-05,Delivered
10127,1931,105,Lipstick,Beauty & Personal Care,Nivea,1174.7,1,2025-10-21,Shipped
10128,1750,78,Self-Help Book,Books,HarperCollins,572.14,1,2026-04-02,Cancelled
10129,1534,7,Smartwatch,Electronics,Samsung,11946.52,1,2025-10-01,Delivered
10130,191,36,Denim Jeans,Fashion,Puma,3407.78,2,2025-08-04,Shipped
10131,254,38,Formal Shirt,Fashion,Levis,4111.36,1,2026-03-25,Delivered
10132,660,83,Children's Story Book,Books,Penguin,671.3,2,2025-09-23,Delivered
10133,1425,89,Business Book,Books,Bloomsbury,219.66,2,2025-08-23,Delivered
10134,917,47,Sunglasses,Fashion,Biba,2375.89,4,2025-09-05,Delivered
10135,1455,10,LED TV 43-inch,Electronics,Apple,36296.05,1,2025-12-06,Delivered
10136,1268,121,Badminton Racket,Sports & Fitness,Cosco,5161.1,1,2025-11-10,Returned
10137,1991,16,Power Bank 10000mAh,Electronics,OnePlus,55125.54,1,2024-06-28,Delivered
10138,124,61,Water Bottle Set,Home & Kitchen,Philips,9489.61,1,2026-01-29,Delivered
10139,884,62,Water Bottle Set,Home & Kitchen,Pigeon,5346.17,1,2025-07-24,Delivered
10140,1950,21,Bluetooth Speaker,Electronics,Apple,67806.25,4,2026-05-27,Delivered
10141,245,44,Handbag,Fashion,Van Heusen,405.15,2,2024-05-09,Returned
10142,347,101,Body Lotion,Beauty & Personal Care,Lakme,717.87,1,2024-10-16,Delivered
10143,1387,58,Table Lamp,Home & Kitchen,Prestige,12975.37,1,2025-10-24,Delivered
10144,497,72,Bedsheet Set,Home & Kitchen,Prestige,11815.19,1,2024-12-07,Delivered
10145,1104,82,Children's Story Book,Books,Rupa Publications,360.57,1,2025-05-13,Delivered
10146,286,110,Perfume,Beauty & Personal Care,Lakme,475.85,1,2026-02-24,Delivered
10147,1787,97,Hair Serum,Beauty & Personal Care,Lakme,2074.77,1,2026-02-07,Returned
10148,919,99,Hair Serum,Beauty & Personal Care,Plum,1143.36,1,2026-08-12,Shipped
10149,1279,7,Smartwatch,Electronics,Samsung,1628.18,2,2024-07-22,Delivered
10150,113,105,Lipstick,Beauty & Personal Care,Nivea,199.16,2,2025-11-28,Pending
10151,1598,19,Bluetooth Speaker,Electronics,boAt,26294.24,1,2025-11-30,Delivered
10152,1769,29,Women's Kurta,Fashion,Allen Solly,1051.11,1,2025-01-02,Delivered
10153,187,66,Induction Cooktop,Home & Kitchen,Cello,4626.16,1,2025-09-03,Delivered
10154,1842,114,Yoga Mat,Sports & Fitness,Adidas,2587.67,1,2025-09-26,Cancelled
10155,1800,88,Business Book,Books,Penguin,603.75,1,2025-09-09,Delivered
10156,1969,98,Hair Serum,Beauty & Personal Care,Mamaearth,1222.97,1,2026-01-31,Delivered
10157,1776,116,Cricket Bat,Sports & Fitness,Adidas,5758.04,2,2026-07-25,Shipped
10158,1187,61,Water Bottle Set,Home & Kitchen,Philips,1582.71,1,2023-12-23,Delivered
10159,598,3,Smartphone,Electronics,boAt,63461.82,1,2026-04-14,Returned
10160,454,86,Biography,Books,HarperCollins,603.45,2,2025-09-23,Shipped
10161,1418,109,Perfume,Beauty & Personal Care,The Man Company,996.92,2,2026-05-31,Delivered
10162,358,19,Bluetooth Speaker,Electronics,boAt,45871.16,1,2026-08-09,Delivered
10163,455,86,Biography,Books,HarperCollins,639.67,2,2026-01-01,Delivered
10164,1745,15,Laptop,Electronics,boAt,35359.65,3,2025-11-24,Shipped
10165,1179,52,Non-Stick Pan Set,Home & Kitchen,Bajaj,3870.17,1,2025-10-02,Delivered
10166,1286,99,Hair Serum,Beauty & Personal Care,Plum,963.94,1,2026-02-05,Delivered
10167,1865,80,Competitive Exam Guide,Books,HarperCollins,523.75,4,2025-07-26,Delivered
10168,434,112,Yoga Mat,Sports & Fitness,Nivia,3867.17,3,2025-10-03,Delivered
10169,306,87,Biography,Books,Bloomsbury,928.25,1,2025-07-18,Delivered
10170,798,125,Football,Sports & Fitness,Cosco,5010.08,4,2026-04-04,Delivered
10171,1493,33,Running Shoes,Fashion,Roadster,779.4,3,2025-02-20,Delivered
10172,1551,53,Non-Stick Pan Set,Home & Kitchen,Pigeon,1634.35,3,2025-08-07,Delivered
10173,277,52,Non-Stick Pan Set,Home & Kitchen,Bajaj,9437.12,1,2026-03-25,Delivered
10174,1522,78,Self-Help Book,Books,HarperCollins,219.41,1,2026-06-12,Delivered
10175,842,117,Cricket Bat,Sports & Fitness,Decathlon,1723.6,1,2026-08-06,Cancelled
10176,812,100,Body Lotion,Beauty & Personal Care,The Man Company,977.49,1,2025-06-25,Returned
10177,1739,2,Smartphone,Electronics,Apple,34180.74,1,2026-01-12,Shipped
10178,1637,31,Running Shoes,Fashion,Biba,341.29,1,2024-11-04,Delivered
10179,891,6,Bluetooth Earbuds,Electronics,Sony,74462.04,1,2026-05-04,Delivered
10180,48,88,Business Book,Books,Penguin,101.94,1,2024-10-12,Cancelled
10181,1528,102,Body Lotion,Beauty & Personal Care,Mamaearth,786.93,1,2025-07-09,Delivered
10182,856,90,Business Book,Books,Rupa Publications,819.3,2,2026-04-06,Delivered
10183,502,86,Biography,Books,HarperCollins,851.66,1,2026-08-11,Cancelled
10184,1498,127,Resistance Band Set,Sports & Fitness,Nivia,1966.34,1,2024-09-21,Delivered
10185,580,84,Children's Story Book,Books,Scholastic,585.75,1,2024-09-10,Returned
10186,1450,126,Football,Sports & Fitness,Yonex,5327.2,1,2025-10-08,Delivered
10187,1177,109,Perfume,Beauty & Personal Care,The Man Company,1749.98,1,2025-08-23,Delivered
10188,1524,102,Body Lotion,Beauty & Personal Care,Mamaearth,218.54,1,2024-07-17,Delivered
10189,1356,67,Wall Clock,Home & Kitchen,Cello,8804.52,3,2025-09-07,Delivered
10190,1697,78,Self-Help Book,Books,HarperCollins,193.6,2,2026-05-21,Delivered
10191,882,92,Face Wash,Beauty & Personal Care,Plum,462.87,1,2026-01-16,Returned
10192,1029,42,Casual Sneakers,Fashion,Biba,4342.88,1,2025-02-12,Delivered
10193,1357,10,LED TV 43-inch,Electronics,Apple,59931.65,1,2026-03-18,Delivered
10194,24,8,Smartwatch,Electronics,OnePlus,26656.47,1,2025-11-10,Delivered
10195,1121,45,Handbag,Fashion,Allen Solly,4459.34,1,2024-11-13,Delivered
10196,1346,114,Yoga Mat,Sports & Fitness,Adidas,6190.52,1,2025-06-17,Delivered
10197,76,19,Bluetooth Speaker,Electronics,boAt,34973.95,1,2026-01-10,Delivered
10198,1925,23,Neckband Earphones,Electronics,JBL,39560.36,1,2024-12-03,Delivered
10199,825,122,Badminton Racket,Sports & Fitness,Yonex,2025.07,3,2025-10-15,Delivered
10200,485,59,Table Lamp,Home & Kitchen,Havells,11978.27,1,2026-03-21,Cancelled
10201,589,80,Competitive Exam Guide,Books,HarperCollins,458.78,1,2025-02-24,Delivered
10202,1553,78,Self-Help Book,Books,HarperCollins,633.51,1,2026-05-22,Delivered
10203,1673,22,Neckband Earphones,Electronics,Samsung,40144.25,1,2024-06-20,Delivered
10204,525,19,Bluetooth Speaker,Electronics,boAt,33214.6,1,2026-05-06,Pending
10205,528,19,Bluetooth Speaker,Electronics,boAt,62114.69,1,2025-03-23,Shipped
10206,1110,56,Air Fryer,Home & Kitchen,Prestige,1193.63,2,2026-03-23,Delivered
10207,1717,29,Women's Kurta,Fashion,Allen Solly,3587.55,2,2025-11-30,Cancelled
10208,618,27,Men's T-Shirt,Fashion,Puma,4597.57,1,2026-02-20,Delivered
10209,120,33,Running Shoes,Fashion,Roadster,2328.65,1,2026-04-22,Delivered
10210,1398,19,Bluetooth Speaker,Electronics,boAt,38345.5,3,2026-03-20,Pending
10211,1815,109,Perfume,Beauty & Personal Care,The Man Company,825.67,4,2026-04-19,Delivered
10212,1129,74,Fiction Novel,Books,HarperCollins,959.6,1,2026-01-16,Delivered
10213,276,44,Handbag,Fashion,Van Heusen,4965.62,2,2025-08-02,Delivered
10214,536,20,Bluetooth Speaker,Electronics,Xiaomi,10624.07,1,2026-02-01,Shipped
10215,1654,122,Badminton Racket,Sports & Fitness,Yonex,1302.55,1,2026-01-15,Delivered
10216,1629,83,Children's Story Book,Books,Penguin,544.77,1,2024-09-17,Delivered
10217,223,57,Air Fryer,Home & Kitchen,Pigeon,2877.01,1,2026-01-09,Delivered
10218,1581,94,Sunscreen SPF50,Beauty & Personal Care,Mamaearth,1999.6,1,2025-10-12,Pending
10219,1123,129,Resistance Band Set,Sports & Fitness,Yonex,3522.19,1,2025-08-23,Delivered
10220,1527,89,Business Book,Books,Bloomsbury,488.14,3,2025-06-16,Delivered
10221,1541,47,Sunglasses,Fashion,Biba,1755.74,2,2025-07-23,Delivered
10222,66,85,Biography,Books,Scholastic,520.94,1,2025-07-11,Delivered
10223,1296,24,Neckband Earphones,Electronics,Realme,29677.2,1,2024-05-15,Delivered
10224,1022,39,Formal Shirt,Fashion,Allen Solly,787.49,1,2025-11-12,Cancelled
10225,888,71,Bedsheet Set,Home & Kitchen,Pigeon,12170.83,1,2025-08-07,Shipped
10226,1614,80,Competitive Exam Guide,Books,HarperCollins,418.1,1,2025-07-30,Delivered
10227,1203,128,Resistance Band Set,Sports & Fitness,Decathlon,2324.31,1,2025-09-27,Delivered
10228,1213,52,Non-Stick Pan Set,Home & Kitchen,Bajaj,9398.06,1,2026-03-10,Returned
10229,430,111,Perfume,Beauty & Personal Care,Plum,2492.5,4,2025-10-18,Delivered
10230,557,94,Sunscreen SPF50,Beauty & Personal Care,Mamaearth,2389.08,2,2025-07-26,Delivered
10231,939,20,Bluetooth Speaker,Electronics,Xiaomi,52123.15,3,2025-12-05,Delivered
10232,1276,101,Body Lotion,Beauty & Personal Care,Lakme,333.58,1,2026-01-01,Delivered
10233,1757,80,Competitive Exam Guide,Books,HarperCollins,174.81,1,2025-06-28,Delivered
10234,1836,98,Hair Serum,Beauty & Personal Care,Mamaearth,741.29,1,2024-09-01,Cancelled
10235,506,35,Denim Jeans,Fashion,Van Heusen,4902.73,1,2026-05-28,Delivered
10236,948,125,Football,Sports & Fitness,Cosco,1494.26,1,2026-01-19,Delivered
10237,932,111,Perfume,Beauty & Personal Care,Plum,804.7,2,2025-11-15,Returned
10238,454,112,Yoga Mat,Sports & Fitness,Nivia,826.38,1,2024-08-14,Delivered
10239,1662,57,Air Fryer,Home & Kitchen,Pigeon,8399.38,1,2026-03-26,Delivered
10240,334,26,Men's T-Shirt,Fashion,Nike,2730.16,1,2025-06-02,Delivered
10241,541,14,Laptop,Electronics,Xiaomi,5761.18,2,2026-03-10,Shipped
10242,1725,125,Football,Sports & Fitness,Cosco,6741.75,2,2026-01-11,Delivered
10243,288,107,Trimmer,Beauty & Personal Care,Plum,1683.19,1,2026-02-11,Delivered
10244,837,60,Table Lamp,Home & Kitchen,Pigeon,11976.67,2,2025-11-07,Delivered
10245,1186,38,Formal Shirt,Fashion,Levis,3835.31,2,2025-06-26,Delivered
10246,1897,46,Sunglasses,Fashion,H&M,4649.26,2,2025-11-15,Delivered
10247,252,104,Lipstick,Beauty & Personal Care,Dove,1920.19,1,2026-04-10,Delivered
10248,1957,12,LED TV 43-inch,Electronics,JBL,40045.83,2,2026-07-17,Delivered
10249,1910,19,Bluetooth Speaker,Electronics,boAt,86527.81,3,2026-07-31,Delivered
10250,1040,72,Bedsheet Set,Home & Kitchen,Prestige,3001.92,2,2025-06-19,Delivered
10251,946,29,Women's Kurta,Fashion,Allen Solly,3853.53,2,2025-07-20,Delivered
10252,1796,44,Handbag,Fashion,Van Heusen,3484.61,1,2026-02-16,Pending
10253,1570,121,Badminton Racket,Sports & Fitness,Cosco,1287.3,1,2025-08-13,Delivered
10254,1601,7,Smartwatch,Electronics,Samsung,62665.48,1,2024-05-30,Delivered
10255,679,95,Sunscreen SPF50,Beauty & Personal Care,The Man Company,652.79,1,2025-09-01,Delivered
10256,98,68,Wall Clock,Home & Kitchen,Havells,7260.23,1,2025-04-25,Returned
10257,693,10,LED TV 43-inch,Electronics,Apple,43877.65,1,2025-06-26,Shipped
10258,369,76,Self-Help Book,Books,Bloomsbury,409.41,2,2025-08-26,Delivered
10259,1176,36,Denim Jeans,Fashion,Puma,4259.08,1,2024-12-19,Delivered
10260,983,10,LED TV 43-inch,Electronics,Apple,49737.04,1,2025-10-04,Cancelled
10261,1118,69,Wall Clock,Home & Kitchen,Philips,964.46,1,2024-07-31,Delivered
10262,984,64,Induction Cooktop,Home & Kitchen,Milton,2939.84,1,2026-02-22,Delivered
10263,732,73,Fiction Novel,Books,Scholastic,406.05,1,2025-08-10,Delivered
10264,840,25,Men's T-Shirt,Fashion,Allen Solly,1283.58,1,2025-07-22,Returned
10265,1538,27,Men's T-Shirt,Fashion,Puma,4375.08,2,2024-12-16,Delivered
10266,1658,102,Body Lotion,Beauty & Personal Care,Mamaearth,1727.06,1,2025-12-17,Delivered
10267,1518,64,Induction Cooktop,Home & Kitchen,Milton,11572.87,1,2026-03-10,Delivered
10268,1062,43,Handbag,Fashion,Biba,4553.69,1,2025-08-11,Delivered
10269,818,121,Badminton Racket,Sports & Fitness,Cosco,3593.16,1,2026-04-28,Delivered
10270,1667,81,Competitive Exam Guide,Books,Penguin,916.1,1,2025-08-21,Delivered
10271,1304,111,Perfume,Beauty & Personal Care,Plum,1416.03,1,2024-08-29,Delivered
10272,531,60,Table Lamp,Home & Kitchen,Pigeon,5185.85,1,2026-03-16,Delivered
10273,180,89,Business Book,Books,Bloomsbury,831.36,1,2026-03-26,Delivered
10274,525,24,Neckband Earphones,Electronics,Realme,66259.26,1,2026-05-24,Delivered
10275,1338,115,Cricket Bat,Sports & Fitness,Nivia,1486.1,1,2025-10-30,Delivered
10276,248,66,Induction Cooktop,Home & Kitchen,Cello,10634.85,3,2026-02-25,Delivered
10277,1887,82,Children's Story Book,Books,Rupa Publications,710.32,1,2025-12-27,Delivered
10278,1927,15,Laptop,Electronics,boAt,75771.5,1,2026-05-21,Delivered
10279,189,43,Handbag,Fashion,Biba,776.09,2,2025-03-14,Delivered
10280,27,106,Trimmer,Beauty & Personal Care,Mamaearth,313.12,1,2025-09-17,Delivered
10281,127,77,Self-Help Book,Books,Scholastic,767.96,1,2026-05-16,Delivered
10282,972,4,Bluetooth Earbuds,Electronics,Xiaomi,69671.46,1,2026-01-27,Delivered
10283,965,49,Mixer Grinder,Home & Kitchen,Havells,6875.09,1,2024-09-05,Delivered
10284,1132,108,Trimmer,Beauty & Personal Care,Lakme,605.54,1,2026-03-03,Cancelled
10285,591,93,Face Wash,Beauty & Personal Care,Dove,680.71,1,2026-01-04,Delivered
10286,1038,67,Wall Clock,Home & Kitchen,Cello,8227.67,2,2025-05-17,Delivered
10287,1593,41,Casual Sneakers,Fashion,Allen Solly,752.35,2,2025-04-18,Delivered
10288,1735,34,Denim Jeans,Fashion,H&M,4663.84,1,2025-09-15,Delivered
10289,1387,106,Trimmer,Beauty & Personal Care,Mamaearth,1278.51,1,2025-02-04,Delivered
10290,153,49,Mixer Grinder,Home & Kitchen,Havells,2038.13,1,2025-11-13,Delivered
10291,910,99,Hair Serum,Beauty & Personal Care,Plum,1197.4,1,2025-05-12,Delivered
10292,1926,77,Self-Help Book,Books,Scholastic,516.79,1,2024-12-29,Delivered
10293,1866,94,Sunscreen SPF50,Beauty & Personal Care,Mamaearth,598.0,1,2025-05-05,Delivered
10294,1968,14,Laptop,Electronics,Xiaomi,49860.13,1,2026-08-12,Delivered
10295,735,8,Smartwatch,Electronics,OnePlus,69203.33,1,2025-12-09,Delivered
10296,1406,32,Running Shoes,Fashion,H&M,2801.93,1,2025-07-13,Delivered
10297,1607,19,Bluetooth Speaker,Electronics,boAt,72704.21,2,2025-08-11,Delivered
10298,491,74,Fiction Novel,Books,HarperCollins,744.19,1,2026-04-08,Delivered
10299,778,10,LED TV 43-inch,Electronics,Apple,78874.53,1,2024-10-15,Delivered
10300,113,117,Cricket Bat,Sports & Fitness,Decathlon,2484.43,2,2025-11-26,Delivered
10301,1666,3,Smartphone,Electronics,boAt,37614.55,1,2024-05-17,Cancelled
10302,1743,52,Non-Stick Pan Set,Home & Kitchen,Bajaj,393.29,1,2025-08-01,Delivered
10303,1413,111,Perfume,Beauty & Personal Care,Plum,1329.42,3,2025-11-20,Delivered
10304,1729,62,Water Bottle Set,Home & Kitchen,Pigeon,12071.15,1,2026-04-17,Delivered
10305,1201,82,Children's Story Book,Books,Rupa Publications,405.62,1,2025-09-19,Delivered
10306,892,120,Dumbbell Set 10kg,Sports & Fitness,Yonex,1183.1,1,2025-05-16,Delivered
10307,1346,66,Induction Cooktop,Home & Kitchen,Cello,8843.44,2,2025-12-24,Returned
10308,779,61,Water Bottle Set,Home & Kitchen,Philips,6743.01,1,2024-10-24,Cancelled
10309,1001,75,Fiction Novel,Books,Bloomsbury,465.47,1,2024-12-22,Delivered
10310,991,105,Lipstick,Beauty & Personal Care,Nivea,2219.4,1,2024-06-11,Delivered
10311,539,14,Laptop,Electronics,Xiaomi,23596.83,1,2026-04-18,Delivered
10312,179,57,Air Fryer,Home & Kitchen,Pigeon,5721.47,1,2024-09-13,Delivered
10313,1063,43,Handbag,Fashion,Biba,3150.73,1,2024-02-06,Delivered
10314,1608,19,Bluetooth Speaker,Electronics,boAt,19752.7,1,2026-05-06,Delivered
10315,1694,112,Yoga Mat,Sports & Fitness,Nivia,3531.21,1,2026-02-01,Delivered
10316,865,18,Power Bank 10000mAh,Electronics,Sony,56432.72,1,2025-06-14,Delivered
10317,795,7,Smartwatch,Electronics,Samsung,22414.63,1,2026-07-06,Delivered
10318,355,22,Neckband Earphones,Electronics,Samsung,27283.65,3,2025-12-07,Delivered
10319,1955,82,Children's Story Book,Books,Rupa Publications,835.87,1,2025-06-19,Delivered
10320,1128,50,Mixer Grinder,Home & Kitchen,Pigeon,2960.23,1,2026-04-22,Pending
10321,1986,76,Self-Help Book,Books,Bloomsbury,485.48,2,2026-01-21,Delivered
10322,230,48,Sunglasses,Fashion,Puma,4422.9,1,2025-07-12,Delivered
10323,1706,17,Power Bank 10000mAh,Electronics,Samsung,21909.64,1,2024-10-06,Returned
10324,920,95,Sunscreen SPF50,Beauty & Personal Care,The Man Company,1204.26,1,2025-01-20,Delivered
10325,1887,78,Self-Help Book,Books,HarperCollins,115.04,1,2025-12-24,Shipped
10326,1018,71,Bedsheet Set,Home & Kitchen,Pigeon,9287.31,3,2025-03-20,Delivered
10327,756,116,Cricket Bat,Sports & Fitness,Adidas,4303.37,2,2025-10-03,Delivered
10328,1811,22,Neckband Earphones,Electronics,Samsung,86825.94,1,2026-02-06,Delivered
10329,949,81,Competitive Exam Guide,Books,Penguin,534.69,1,2025-04-10,Delivered
10330,504,19,Bluetooth Speaker,Electronics,boAt,54377.02,1,2025-07-13,Returned
10331,63,117,Cricket Bat,Sports & Fitness,Decathlon,6383.42,1,2026-07-09,Delivered
10332,1652,120,Dumbbell Set 10kg,Sports & Fitness,Yonex,535.69,2,2026-06-05,Pending
10333,810,84,Children's Story Book,Books,Scholastic,245.76,1,2024-05-07,Shipped
10334,877,71,Bedsheet Set,Home & Kitchen,Pigeon,4450.18,2,2025-09-24,Delivered
10335,531,77,Self-Help Book,Books,Scholastic,245.02,1,2025-03-05,Delivered
10336,274,113,Yoga Mat,Sports & Fitness,Decathlon,2550.45,1,2025-05-06,Delivered
10337,1286,35,Denim Jeans,Fashion,Van Heusen,3404.98,1,2025-11-29,Returned
10338,1061,43,Handbag,Fashion,Biba,1233.7,1,2025-04-30,Pending
10339,1630,98,Hair Serum,Beauty & Personal Care,Mamaearth,1403.24,4,2025-06-02,Delivered
10340,778,31,Running Shoes,Fashion,Biba,4319.12,1,2025-05-30,Delivered
10341,1078,103,Lipstick,Beauty & Personal Care,The Man Company,980.55,1,2026-04-30,Pending
10342,60,95,Sunscreen SPF50,Beauty & Personal Care,The Man Company,1447.37,2,2025-10-04,Delivered
10343,115,14,Laptop,Electronics,Xiaomi,37906.25,1,2025-11-23,Delivered
10344,1739,124,Football,Sports & Fitness,Nivia,3463.36,2,2025-11-29,Delivered
10345,385,5,Bluetooth Earbuds,Electronics,boAt,4380.45,2,2026-05-28,Delivered
10346,1755,7,Smartwatch,Electronics,Samsung,81469.16,1,2026-03-15,Delivered
10347,1248,60,Table Lamp,Home & Kitchen,Pigeon,6548.05,1,2025-10-09,Shipped
10348,500,30,Women's Kurta,Fashion,Biba,362.08,1,2025-06-03,Delivered
10349,1023,116,Cricket Bat,Sports & Fitness,Adidas,1347.43,2,2025-11-16,Delivered
10350,1661,2,Smartphone,Electronics,Apple,62179.5,2,2025-05-03,Returned
10351,885,11,LED TV 43-inch,Electronics,boAt,3582.37,2,2025-04-12,Delivered
10352,669,9,Smartwatch,Electronics,boAt,2618.22,1,2026-04-08,Delivered
10353,1795,16,Power Bank 10000mAh,Electronics,OnePlus,81056.42,1,2024-05-29,Delivered
10354,720,94,Sunscreen SPF50,Beauty & Personal Care,Mamaearth,182.37,3,2026-05-03,Delivered
10355,924,4,Bluetooth Earbuds,Electronics,Xiaomi,81751.54,1,2026-05-07,Delivered
10356,384,68,Wall Clock,Home & Kitchen,Havells,2091.73,1,2025-09-30,Delivered
10357,543,52,Non-Stick Pan Set,Home & Kitchen,Bajaj,8488.78,1,2026-03-22,Delivered
10358,1585,22,Neckband Earphones,Electronics,Samsung,83098.58,1,2024-11-22,Delivered
10359,15,52,Non-Stick Pan Set,Home & Kitchen,Bajaj,3387.41,1,2025-04-12,Delivered
10360,150,126,Football,Sports & Fitness,Yonex,6276.11,2,2026-02-08,Delivered
10361,523,124,Football,Sports & Fitness,Nivia,6644.2,1,2026-02-18,Delivered
10362,1341,4,Bluetooth Earbuds,Electronics,Xiaomi,54772.29,2,2026-03-16,Delivered
10363,1718,114,Yoga Mat,Sports & Fitness,Adidas,6382.88,2,2024-12-29,Delivered
10364,1492,125,Football,Sports & Fitness,Cosco,3049.61,1,2026-02-25,Delivered
10365,696,51,Mixer Grinder,Home & Kitchen,Philips,3949.66,1,2024-11-17,Delivered
10366,719,118,Dumbbell Set 10kg,Sports & Fitness,Decathlon,3682.91,1,2025-11-26,Delivered
10367,143,12,LED TV 43-inch,Electronics,JBL,18568.15,2,2026-06-17,Delivered
10368,172,124,Football,Sports & Fitness,Nivia,4996.48,1,2026-08-14,Delivered
10369,641,96,Sunscreen SPF50,Beauty & Personal Care,Plum,378.17,3,2025-09-08,Cancelled
10370,810,123,Badminton Racket,Sports & Fitness,Decathlon,3982.36,3,2024-12-20,Delivered
10371,1777,116,Cricket Bat,Sports & Fitness,Adidas,4450.23,1,2025-04-09,Cancelled
10372,345,62,Water Bottle Set,Home & Kitchen,Pigeon,412.53,1,2025-04-06,Delivered
10373,1653,1,Smartphone,Electronics,Xiaomi,15857.63,2,2026-04-05,Delivered
10374,263,34,Denim Jeans,Fashion,H&M,4731.13,1,2025-05-18,Delivered
10375,951,78,Self-Help Book,Books,HarperCollins,769.52,1,2024-12-24,Delivered
10376,677,18,Power Bank 10000mAh,Electronics,Sony,1128.05,1,2025-01-20,Delivered
10377,1292,68,Wall Clock,Home & Kitchen,Havells,12792.79,1,2026-03-04,Cancelled
10378,846,120,Dumbbell Set 10kg,Sports & Fitness,Yonex,6005.13,1,2025-04-07,Shipped
10379,1294,91,Face Wash,Beauty & Personal Care,The Man Company,1573.96,1,2025-04-30,Delivered
10380,188,114,Yoga Mat,Sports & Fitness,Adidas,634.56,2,2026-01-13,Delivered
10381,330,38,Formal Shirt,Fashion,Levis,3987.21,1,2026-03-30,Delivered
10382,342,75,Fiction Novel,Books,Bloomsbury,761.78,1,2024-07-13,Delivered
10383,498,59,Table Lamp,Home & Kitchen,Havells,10005.06,3,2026-03-21,Delivered
10384,593,85,Biography,Books,Scholastic,436.84,1,2026-07-07,Delivered
10385,1222,1,Smartphone,Electronics,Xiaomi,52654.39,2,2024-11-09,Delivered
10386,375,116,Cricket Bat,Sports & Fitness,Adidas,2616.73,1,2024-05-05,Cancelled
10387,353,101,Body Lotion,Beauty & Personal Care,Lakme,1544.9,1,2025-03-15,Pending
10388,15,42,Casual Sneakers,Fashion,Biba,1346.21,1,2025-06-13,Delivered
10389,496,78,Self-Help Book,Books,HarperCollins,306.91,2,2026-06-01,Delivered
10390,467,108,Trimmer,Beauty & Personal Care,Lakme,459.41,1,2026-06-10,Delivered
10391,72,126,Football,Sports & Fitness,Yonex,2796.28,1,2025-12-30,Delivered
10392,382,118,Dumbbell Set 10kg,Sports & Fitness,Decathlon,4665.75,1,2025-03-15,Returned
10393,995,67,Wall Clock,Home & Kitchen,Cello,7253.1,1,2026-06-10,Shipped
10394,194,3,Smartphone,Electronics,boAt,21403.98,1,2025-01-27,Delivered
10395,1262,17,Power Bank 10000mAh,Electronics,Samsung,71732.76,1,2026-05-09,Cancelled
10396,60,121,Badminton Racket,Sports & Fitness,Cosco,4951.29,1,2025-10-11,Shipped
10397,754,52,Non-Stick Pan Set,Home & Kitchen,Bajaj,9436.73,1,2025-08-25,Delivered
10398,1201,48,Sunglasses,Fashion,Puma,2816.73,1,2025-10-12,Cancelled
10399,1430,94,Sunscreen SPF50,Beauty & Personal Care,Mamaearth,1116.24,1,2025-12-12,Delivered
10400,1350,86,Biography,Books,HarperCollins,232.72,1,2025-09-01,Delivered
10401,1689,24,Neckband Earphones,Electronics,Realme,36847.41,3,2025-02-08,Returned
10402,1434,24,Neckband Earphones,Electronics,Realme,77610.96,1,2025-04-13,Delivered
10403,831,123,Badminton Racket,Sports & Fitness,Decathlon,5825.52,1,2026-08-17,Cancelled
10404,1908,119,Dumbbell Set 10kg,Sports & Fitness,Adidas,300.48,1,2024-08-02,Delivered
10405,1488,72,Bedsheet Set,Home & Kitchen,Prestige,2348.4,1,2025-11-19,Returned
10406,1266,35,Denim Jeans,Fashion,Van Heusen,3747.55,1,2025-01-18,Delivered
10407,1422,18,Power Bank 10000mAh,Electronics,Sony,21091.52,1,2025-04-12,Delivered
10408,1458,38,Formal Shirt,Fashion,Levis,970.27,1,2026-06-05,Delivered
10409,377,86,Biography,Books,HarperCollins,426.41,1,2026-05-20,Delivered
10410,1346,59,Table Lamp,Home & Kitchen,Havells,4558.64,1,2025-06-25,Delivered
10411,983,76,Self-Help Book,Books,Bloomsbury,508.83,1,2025-09-12,Delivered
10412,88,68,Wall Clock,Home & Kitchen,Havells,12032.94,3,2026-03-28,Delivered
10413,922,58,Table Lamp,Home & Kitchen,Prestige,5367.46,1,2024-12-06,Delivered
10414,1934,1,Smartphone,Electronics,Xiaomi,38462.71,1,2025-02-11,Delivered
10415,1247,41,Casual Sneakers,Fashion,Allen Solly,2111.41,1,2026-01-02,Delivered
10416,1878,6,Bluetooth Earbuds,Electronics,Sony,65537.62,3,2025-10-31,Delivered
10417,221,76,Self-Help Book,Books,Bloomsbury,556.81,3,2025-10-22,Delivered
10418,399,92,Face Wash,Beauty & Personal Care,Plum,1731.08,1,2024-09-04,Delivered
10419,1652,5,Bluetooth Earbuds,Electronics,boAt,6325.81,1,2025-10-25,Shipped
10420,1985,77,Self-Help Book,Books,Scholastic,585.95,1,2024-10-15,Delivered
10421,1923,68,Wall Clock,Home & Kitchen,Havells,1188.71,1,2026-02-22,Delivered
10422,1468,37,Formal Shirt,Fashion,Van Heusen,3112.16,4,2024-10-12,Delivered
10423,1569,64,Induction Cooktop,Home & Kitchen,Milton,10277.78,1,2025-10-20,Delivered
10424,971,81,Competitive Exam Guide,Books,Penguin,839.87,1,2025-12-16,Delivered
10425,882,37,Formal Shirt,Fashion,Van Heusen,1294.86,3,2025-12-26,Delivered
10426,990,117,Cricket Bat,Sports & Fitness,Decathlon,3000.22,1,2026-06-21,Delivered
10427,1821,58,Table Lamp,Home & Kitchen,Prestige,5985.12,1,2025-09-08,Delivered
10428,1085,114,Yoga Mat,Sports & Fitness,Adidas,6494.12,3,2025-04-05,Returned
10429,1578,124,Football,Sports & Fitness,Nivia,4927.05,1,2025-08-15,Delivered
10430,233,114,Yoga Mat,Sports & Fitness,Adidas,321.96,1,2025-08-21,Delivered
10431,1290,67,Wall Clock,Home & Kitchen,Cello,12370.52,1,2026-08-08,Delivered
10432,1587,55,Air Fryer,Home & Kitchen,Bajaj,2341.16,1,2025-06-19,Delivered
10433,480,87,Biography,Books,Bloomsbury,959.3,2,2025-05-30,Delivered
10434,632,101,Body Lotion,Beauty & Personal Care,Lakme,462.47,1,2025-04-02,Delivered
10435,361,40,Casual Sneakers,Fashion,Levis,4761.32,2,2026-05-11,Delivered
10436,1289,83,Children's Story Book,Books,Penguin,737.98,1,2026-07-17,Delivered
10437,571,37,Formal Shirt,Fashion,Van Heusen,1613.59,1,2025-11-10,Delivered
10438,1486,19,Bluetooth Speaker,Electronics,boAt,26271.18,1,2024-08-13,Delivered
10439,168,38,Formal Shirt,Fashion,Levis,1909.48,2,2026-02-12,Shipped
10440,701,31,Running Shoes,Fashion,Biba,1478.86,1,2025-12-30,Delivered
10441,304,15,Laptop,Electronics,boAt,47826.09,2,2025-04-01,Shipped
10442,1238,33,Running Shoes,Fashion,Roadster,4895.0,1,2026-04-04,Delivered
10443,515,20,Bluetooth Speaker,Electronics,Xiaomi,32895.12,1,2025-12-05,Pending
10444,1600,36,Denim Jeans,Fashion,Puma,3673.77,1,2026-01-30,Delivered
10445,581,91,Face Wash,Beauty & Personal Care,The Man Company,2103.37,4,2025-09-13,Pending
10446,907,3,Smartphone,Electronics,boAt,40588.91,1,2024-04-21,Delivered
10447,564,102,Body Lotion,Beauty & Personal Care,Mamaearth,833.93,1,2025-11-08,Pending
10448,219,12,LED TV 43-inch,Electronics,JBL,21721.33,2,2025-07-26,Delivered
10449,374,18,Power Bank 10000mAh,Electronics,Sony,89057.11,3,2024-12-10,Delivered
10450,1980,39,Formal Shirt,Fashion,Allen Solly,3884.72,2,2025-12-17,Shipped
10451,216,10,LED TV 43-inch,Electronics,Apple,33369.12,1,2025-06-30,Returned
10452,806,25,Men's T-Shirt,Fashion,Allen Solly,1047.62,1,2024-01-12,Delivered
10453,349,74,Fiction Novel,Books,HarperCollins,915.18,1,2026-02-28,Delivered
10454,1317,70,Bedsheet Set,Home & Kitchen,Bajaj,2751.76,1,2026-04-04,Delivered
10455,190,126,Football,Sports & Fitness,Yonex,1033.27,4,2026-08-17,Cancelled
10456,1477,103,Lipstick,Beauty & Personal Care,The Man Company,1782.52,1,2024-10-22,Delivered
10457,866,103,Lipstick,Beauty & Personal Care,The Man Company,789.8,1,2025-09-08,Delivered
10458,693,73,Fiction Novel,Books,Scholastic,782.44,1,2025-11-06,Delivered
10459,1569,41,Casual Sneakers,Fashion,Allen Solly,2732.74,1,2026-01-06,Pending
10460,1550,125,Football,Sports & Fitness,Cosco,5775.75,1,2025-10-28,Delivered
10461,1646,121,Badminton Racket,Sports & Fitness,Cosco,6757.55,2,2025-01-20,Delivered
10462,1424,106,Trimmer,Beauty & Personal Care,Mamaearth,697.52,2,2025-12-27,Delivered
10463,241,31,Running Shoes,Fashion,Biba,732.21,1,2024-12-16,Shipped
10464,1527,74,Fiction Novel,Books,HarperCollins,387.02,1,2025-02-14,Returned
10465,1617,6,Bluetooth Earbuds,Electronics,Sony,25695.86,1,2026-04-24,Delivered
10466,184,11,LED TV 43-inch,Electronics,boAt,66039.71,1,2023-12-30,Delivered
10467,1248,19,Bluetooth Speaker,Electronics,boAt,87572.45,1,2024-07-25,Delivered
10468,1262,14,Laptop,Electronics,Xiaomi,70414.81,1,2026-03-30,Cancelled
10469,1224,8,Smartwatch,Electronics,OnePlus,63414.21,1,2024-11-21,Delivered
10470,1728,23,Neckband Earphones,Electronics,JBL,26755.33,1,2025-12-18,Delivered
10471,315,12,LED TV 43-inch,Electronics,JBL,31505.01,1,2025-05-10,Delivered
10472,712,72,Bedsheet Set,Home & Kitchen,Prestige,737.24,1,2026-07-02,Returned
10473,691,79,Competitive Exam Guide,Books,Scholastic,337.98,1,2024-07-12,Delivered
10474,1561,34,Denim Jeans,Fashion,H&M,1784.16,1,2025-11-22,Delivered
10475,1589,88,Business Book,Books,Penguin,229.17,1,2025-11-15,Delivered
10476,1097,99,Hair Serum,Beauty & Personal Care,Plum,1944.92,1,2026-01-17,Delivered
10477,1050,54,Non-Stick Pan Set,Home & Kitchen,Philips,7061.26,1,2026-07-12,Delivered
10478,813,1,Smartphone,Electronics,Xiaomi,28905.77,1,2024-11-28,Delivered
10479,1571,119,Dumbbell Set 10kg,Sports & Fitness,Adidas,5517.3,1,2025-04-07,Delivered
10480,539,120,Dumbbell Set 10kg,Sports & Fitness,Yonex,966.07,1,2025-08-10,Delivered
10481,986,62,Water Bottle Set,Home & Kitchen,Pigeon,12926.36,1,2026-05-04,Delivered
10482,219,14,Laptop,Electronics,Xiaomi,4914.61,1,2025-04-24,Delivered
10483,1477,36,Denim Jeans,Fashion,Puma,848.93,1,2025-08-18,Delivered
10484,47,72,Bedsheet Set,Home & Kitchen,Prestige,6150.1,1,2025-09-20,Delivered
10485,1314,66,Induction Cooktop,Home & Kitchen,Cello,11776.28,1,2025-02-14,Delivered
10486,864,4,Bluetooth Earbuds,Electronics,Xiaomi,55496.54,1,2025-10-29,Returned
10487,1065,38,Formal Shirt,Fashion,Levis,3511.31,1,2025-12-25,Delivered
10488,340,55,Air Fryer,Home & Kitchen,Bajaj,6092.81,1,2026-03-19,Delivered
10489,279,10,LED TV 43-inch,Electronics,Apple,30520.17,1,2025-07-06,Delivered
10490,58,114,Yoga Mat,Sports & Fitness,Adidas,1230.13,1,2025-11-09,Delivered
10491,1773,113,Yoga Mat,Sports & Fitness,Decathlon,3573.85,1,2026-01-20,Delivered
10492,1819,121,Badminton Racket,Sports & Fitness,Cosco,1034.21,2,2026-07-17,Delivered
10493,521,129,Resistance Band Set,Sports & Fitness,Yonex,1633.17,1,2026-02-15,Delivered
10494,81,55,Air Fryer,Home & Kitchen,Bajaj,1907.27,1,2026-01-26,Delivered
10495,1108,91,Face Wash,Beauty & Personal Care,The Man Company,1181.43,1,2026-07-19,Delivered
10496,1560,103,Lipstick,Beauty & Personal Care,The Man Company,1242.56,2,2026-06-17,Delivered
10497,1535,127,Resistance Band Set,Sports & Fitness,Nivia,6441.13,1,2025-03-14,Delivered
10498,158,77,Self-Help Book,Books,Scholastic,682.3,1,2026-02-12,Returned
10499,1108,53,Non-Stick Pan Set,Home & Kitchen,Pigeon,1143.0,4,2024-03-02,Delivered
10500,1541,54,Non-Stick Pan Set,Home & Kitchen,Philips,4977.45,1,2025-07-21,Delivered
10501,658,76,Self-Help Book,Books,Bloomsbury,806.51,1,2025-11-10,Delivered
10502,565,17,Power Bank 10000mAh,Electronics,Samsung,89812.16,1,2026-04-15,Delivered
10503,448,116,Cricket Bat,Sports & Fitness,Adidas,2850.9,1,2026-03-24,Delivered
10504,1998,92,Face Wash,Beauty & Personal Care,Plum,1271.82,1,2026-06-15,Shipped
10505,1978,91,Face Wash,Beauty & Personal Care,The Man Company,1785.16,2,2025-12-09,Delivered
10506,750,105,Lipstick,Beauty & Personal Care,Nivea,1936.1,1,2026-02-19,Delivered
10507,876,48,Sunglasses,Fashion,Puma,1840.9,3,2026-03-01,Delivered
10508,1518,2,Smartphone,Electronics,Apple,6950.07,3,2026-02-07,Shipped
10509,1629,21,Bluetooth Speaker,Electronics,Apple,63850.2,1,2025-03-04,Delivered
10510,1465,79,Competitive Exam Guide,Books,Scholastic,899.78,1,2024-11-26,Delivered
10511,1694,47,Sunglasses,Fashion,Biba,1779.25,1,2026-02-03,Delivered
10512,1927,104,Lipstick,Beauty & Personal Care,Dove,1931.88,1,2024-09-19,Delivered
10513,1457,129,Resistance Band Set,Sports & Fitness,Yonex,1290.1,4,2024-12-05,Delivered
10514,1104,89,Business Book,Books,Bloomsbury,221.06,1,2025-05-02,Delivered
10515,937,9,Smartwatch,Electronics,boAt,7613.0,1,2024-12-07,Cancelled
10516,722,6,Bluetooth Earbuds,Electronics,Sony,58443.16,1,2026-05-15,Cancelled
10517,174,37,Formal Shirt,Fashion,Van Heusen,997.14,2,2026-03-03,Cancelled
10518,38,84,Children's Story Book,Books,Scholastic,552.88,1,2025-10-13,Returned
10519,1694,54,Non-Stick Pan Set,Home & Kitchen,Philips,7822.51,1,2026-01-28,Delivered
10520,345,103,Lipstick,Beauty & Personal Care,The Man Company,166.59,1,2025-11-02,Delivered
10521,1360,96,Sunscreen SPF50,Beauty & Personal Care,Plum,2011.2,1,2025-05-11,Delivered
10522,1555,61,Water Bottle Set,Home & Kitchen,Philips,10991.67,1,2025-11-25,Cancelled
10523,1677,82,Children's Story Book,Books,Rupa Publications,465.52,2,2026-06-06,Delivered
10524,332,16,Power Bank 10000mAh,Electronics,OnePlus,22856.63,2,2026-07-20,Delivered
10525,1683,53,Non-Stick Pan Set,Home & Kitchen,Pigeon,6295.3,1,2026-01-28,Returned
10526,99,47,Sunglasses,Fashion,Biba,2516.13,1,2024-09-06,Delivered
10527,580,24,Neckband Earphones,Electronics,Realme,11763.38,1,2025-12-19,Delivered
10528,1094,5,Bluetooth Earbuds,Electronics,boAt,32676.09,1,2025-09-24,Delivered
10529,582,6,Bluetooth Earbuds,Electronics,Sony,6243.57,4,2025-02-10,Delivered
10530,659,117,Cricket Bat,Sports & Fitness,Decathlon,3670.46,1,2026-04-25,Delivered
10531,2000,55,Air Fryer,Home & Kitchen,Bajaj,532.36,1,2024-07-16,Cancelled
10532,1959,63,Water Bottle Set,Home & Kitchen,Cello,12118.85,1,2024-12-15,Delivered
10533,1601,60,Table Lamp,Home & Kitchen,Pigeon,2811.69,1,2025-04-18,Delivered
10534,1,25,Men's T-Shirt,Fashion,Allen Solly,2261.42,4,2026-02-07,Cancelled
10535,1403,93,Face Wash,Beauty & Personal Care,Dove,1710.12,2,2025-07-02,Delivered
10536,65,59,Table Lamp,Home & Kitchen,Havells,2773.35,1,2026-06-15,Delivered
10537,724,19,Bluetooth Speaker,Electronics,boAt,2684.69,2,2026-04-25,Delivered
10538,1952,74,Fiction Novel,Books,HarperCollins,459.63,1,2026-01-05,Returned
10539,1155,53,Non-Stick Pan Set,Home & Kitchen,Pigeon,2459.88,2,2026-02-10,Returned
10540,46,101,Body Lotion,Beauty & Personal Care,Lakme,2344.31,1,2026-01-31,Delivered
10541,649,21,Bluetooth Speaker,Electronics,Apple,54290.18,1,2026-03-11,Delivered
10542,1894,81,Competitive Exam Guide,Books,Penguin,117.79,4,2025-12-10,Delivered
10543,1436,103,Lipstick,Beauty & Personal Care,The Man Company,580.1,1,2025-09-10,Cancelled
10544,91,116,Cricket Bat,Sports & Fitness,Adidas,5734.27,1,2024-05-21,Delivered
10545,1405,10,LED TV 43-inch,Electronics,Apple,88031.5,3,2025-02-03,Delivered
10546,1153,57,Air Fryer,Home & Kitchen,Pigeon,5460.82,1,2026-01-28,Delivered
10547,575,119,Dumbbell Set 10kg,Sports & Fitness,Adidas,6812.54,2,2025-07-20,Delivered
10548,888,127,Resistance Band Set,Sports & Fitness,Nivia,4392.56,3,2025-08-09,Delivered
10549,422,64,Induction Cooktop,Home & Kitchen,Milton,12594.47,2,2025-09-22,Delivered
10550,1733,129,Resistance Band Set,Sports & Fitness,Yonex,6064.86,1,2025-03-15,Cancelled
10551,1056,115,Cricket Bat,Sports & Fitness,Nivia,5575.13,1,2025-12-13,Shipped
10552,1400,69,Wall Clock,Home & Kitchen,Philips,4632.89,1,2026-04-11,Shipped
10553,169,4,Bluetooth Earbuds,Electronics,Xiaomi,22534.07,1,2024-11-27,Delivered
10554,577,83,Children's Story Book,Books,Penguin,301.27,1,2025-10-11,Delivered
10555,1789,117,Cricket Bat,Sports & Fitness,Decathlon,4524.61,1,2025-05-19,Delivered
10556,1241,30,Women's Kurta,Fashion,Biba,4327.11,1,2025-12-17,Delivered
10557,722,72,Bedsheet Set,Home & Kitchen,Prestige,11952.37,1,2026-05-19,Delivered
10558,1184,34,Denim Jeans,Fashion,H&M,3764.99,1,2025-11-22,Delivered
10559,1921,102,Body Lotion,Beauty & Personal Care,Mamaearth,288.71,1,2025-10-29,Delivered
10560,1763,49,Mixer Grinder,Home & Kitchen,Havells,2672.86,4,2026-04-01,Delivered
10561,1615,38,Formal Shirt,Fashion,Levis,534.95,1,2026-05-13,Delivered
10562,1635,55,Air Fryer,Home & Kitchen,Bajaj,10266.82,4,2024-12-14,Delivered
10563,1617,29,Women's Kurta,Fashion,Allen Solly,1269.95,1,2024-09-26,Delivered
10564,1686,82,Children's Story Book,Books,Rupa Publications,878.23,2,2026-02-16,Returned
10565,297,22,Neckband Earphones,Electronics,Samsung,87895.67,1,2025-04-28,Delivered
10566,244,2,Smartphone,Electronics,Apple,68979.39,2,2025-10-06,Delivered
10567,263,82,Children's Story Book,Books,Rupa Publications,158.24,1,2025-04-24,Delivered
10568,1290,45,Handbag,Fashion,Allen Solly,3161.11,1,2026-08-06,Cancelled
10569,835,128,Resistance Band Set,Sports & Fitness,Decathlon,5391.81,1,2025-02-11,Delivered
10570,598,45,Handbag,Fashion,Allen Solly,638.6,1,2025-03-26,Delivered
10571,1837,29,Women's Kurta,Fashion,Allen Solly,2176.24,3,2025-11-12,Delivered
10572,731,91,Face Wash,Beauty & Personal Care,The Man Company,2070.35,2,2026-01-13,Delivered
10573,1358,4,Bluetooth Earbuds,Electronics,Xiaomi,23177.79,1,2025-09-16,Delivered
10574,891,128,Resistance Band Set,Sports & Fitness,Decathlon,3776.63,2,2025-03-12,Delivered
10575,616,129,Resistance Band Set,Sports & Fitness,Yonex,3755.27,2,2024-04-12,Delivered
10576,1901,28,Women's Kurta,Fashion,Levis,4370.37,2,2026-03-18,Delivered
10577,118,113,Yoga Mat,Sports & Fitness,Decathlon,2031.05,2,2026-03-02,Delivered
10578,1659,24,Neckband Earphones,Electronics,Realme,49895.01,1,2025-12-03,Delivered
10579,389,111,Perfume,Beauty & Personal Care,Plum,2264.89,1,2024-12-25,Cancelled
10580,381,106,Trimmer,Beauty & Personal Care,Mamaearth,608.18,1,2024-09-25,Shipped
10581,1282,72,Bedsheet Set,Home & Kitchen,Prestige,4089.4,2,2025-01-09,Returned
10582,60,79,Competitive Exam Guide,Books,Scholastic,509.84,4,2025-10-03,Delivered
10583,200,96,Sunscreen SPF50,Beauty & Personal Care,Plum,1614.22,1,2026-02-04,Delivered
10584,1006,31,Running Shoes,Fashion,Biba,4352.5,1,2026-05-08,Shipped
10585,1025,76,Self-Help Book,Books,Bloomsbury,229.53,1,2024-08-03,Delivered
10586,394,121,Badminton Racket,Sports & Fitness,Cosco,5253.65,2,2026-07-04,Delivered
10587,218,62,Water Bottle Set,Home & Kitchen,Pigeon,2504.16,1,2025-05-24,Delivered
10588,1554,9,Smartwatch,Electronics,boAt,24355.82,1,2025-11-17,Delivered
10589,1472,57,Air Fryer,Home & Kitchen,Pigeon,6764.72,1,2025-09-19,Returned
10590,145,78,Self-Help Book,Books,HarperCollins,468.43,1,2025-12-03,Delivered
10591,1466,69,Wall Clock,Home & Kitchen,Philips,7865.35,1,2026-07-02,Delivered
10592,477,50,Mixer Grinder,Home & Kitchen,Pigeon,11546.45,2,2026-07-30,Returned
10593,729,38,Formal Shirt,Fashion,Levis,3735.66,1,2025-12-07,Delivered
10594,182,106,Trimmer,Beauty & Personal Care,Mamaearth,1299.61,4,2026-01-29,Delivered
10595,1912,110,Perfume,Beauty & Personal Care,Lakme,992.4,1,2026-02-26,Delivered
10596,54,97,Hair Serum,Beauty & Personal Care,Lakme,2176.0,1,2026-06-03,Delivered
10597,1619,113,Yoga Mat,Sports & Fitness,Decathlon,5713.99,2,2025-11-21,Delivered
10598,815,73,Fiction Novel,Books,Scholastic,105.88,1,2024-11-23,Delivered
10599,733,103,Lipstick,Beauty & Personal Care,The Man Company,1610.37,1,2025-11-16,Shipped
10600,384,19,Bluetooth Speaker,Electronics,boAt,63431.87,1,2025-10-13,Delivered
10601,1039,2,Smartphone,Electronics,Apple,55083.05,1,2026-03-20,Shipped
10602,174,8,Smartwatch,Electronics,OnePlus,7945.95,2,2026-03-09,Delivered
10603,1715,30,Women's Kurta,Fashion,Biba,2444.79,1,2025-07-22,Delivered
10604,675,113,Yoga Mat,Sports & Fitness,Decathlon,5752.67,1,2026-05-18,Delivered
10605,1457,73,Fiction Novel,Books,Scholastic,993.2,1,2025-06-25,Delivered
10606,1717,116,Cricket Bat,Sports & Fitness,Adidas,2143.57,3,2025-04-28,Cancelled
10607,1805,86,Biography,Books,HarperCollins,994.1,2,2025-07-17,Delivered
10608,601,20,Bluetooth Speaker,Electronics,Xiaomi,20036.01,3,2026-05-04,Cancelled
10609,239,4,Bluetooth Earbuds,Electronics,Xiaomi,70688.84,4,2025-08-04,Delivered
10610,750,71,Bedsheet Set,Home & Kitchen,Pigeon,4289.01,3,2026-02-06,Delivered
10611,800,115,Cricket Bat,Sports & Fitness,Nivia,934.08,2,2025-01-16,Delivered
10612,1285,22,Neckband Earphones,Electronics,Samsung,18427.79,1,2026-04-25,Delivered
10613,1485,80,Competitive Exam Guide,Books,HarperCollins,148.84,2,2026-04-20,Delivered
10614,515,55,Air Fryer,Home & Kitchen,Bajaj,1105.94,1,2025-03-11,Delivered
10615,1082,109,Perfume,Beauty & Personal Care,The Man Company,898.88,1,2026-02-13,Delivered
10616,924,34,Denim Jeans,Fashion,H&M,2204.31,1,2024-10-25,Delivered
10617,1849,9,Smartwatch,Electronics,boAt,54234.76,1,2025-11-11,Delivered
10618,1399,22,Neckband Earphones,Electronics,Samsung,61379.64,1,2025-10-12,Delivered
10619,902,111,Perfume,Beauty & Personal Care,Plum,381.28,1,2025-12-21,Delivered
10620,711,23,Neckband Earphones,Electronics,JBL,81965.12,1,2025-12-08,Returned
10621,1420,41,Casual Sneakers,Fashion,Allen Solly,1420.24,1,2025-07-30,Delivered
10622,180,56,Air Fryer,Home & Kitchen,Prestige,2433.35,1,2026-05-09,Delivered
10623,410,8,Smartwatch,Electronics,OnePlus,56372.56,2,2025-06-05,Delivered
10624,1766,69,Wall Clock,Home & Kitchen,Philips,10789.31,1,2025-08-25,Delivered
10625,824,113,Yoga Mat,Sports & Fitness,Decathlon,6698.68,1,2024-09-04,Cancelled
10626,1495,49,Mixer Grinder,Home & Kitchen,Havells,1727.58,2,2025-11-04,Returned
10627,644,111,Perfume,Beauty & Personal Care,Plum,832.02,2,2025-01-21,Delivered
10628,1342,100,Body Lotion,Beauty & Personal Care,The Man Company,1441.37,1,2026-03-11,Delivered
10629,135,91,Face Wash,Beauty & Personal Care,The Man Company,1761.55,2,2026-02-12,Delivered
10630,1230,73,Fiction Novel,Books,Scholastic,243.67,1,2025-11-03,Cancelled
10631,109,31,Running Shoes,Fashion,Biba,2142.94,1,2026-01-04,Delivered
10632,222,26,Men's T-Shirt,Fashion,Nike,2601.56,1,2026-04-04,Delivered
10633,1834,121,Badminton Racket,Sports & Fitness,Cosco,1764.17,1,2025-07-28,Delivered
10634,278,119,Dumbbell Set 10kg,Sports & Fitness,Adidas,5150.84,1,2026-01-25,Delivered
10635,496,15,Laptop,Electronics,boAt,56856.16,1,2026-06-07,Delivered
10636,256,81,Competitive Exam Guide,Books,Penguin,562.01,1,2025-06-04,Delivered
10637,1855,29,Women's Kurta,Fashion,Allen Solly,3033.57,1,2025-06-25,Delivered
10638,1004,66,Induction Cooktop,Home & Kitchen,Cello,1094.33,1,2026-03-16,Pending
10639,105,87,Biography,Books,Bloomsbury,885.51,4,2025-05-21,Cancelled
10640,1562,74,Fiction Novel,Books,HarperCollins,806.68,2,2025-08-17,Delivered
10641,279,15,Laptop,Electronics,boAt,81206.03,2,2025-02-08,Delivered
10642,1047,91,Face Wash,Beauty & Personal Care,The Man Company,671.04,1,2025-05-20,Pending
10643,1532,45,Handbag,Fashion,Allen Solly,2258.31,3,2025-02-22,Delivered
10644,852,114,Yoga Mat,Sports & Fitness,Adidas,6595.81,1,2025-06-03,Delivered
10645,756,70,Bedsheet Set,Home & Kitchen,Bajaj,1419.79,1,2025-10-01,Delivered
10646,436,23,Neckband Earphones,Electronics,JBL,7814.07,1,2026-04-11,Delivered
10647,224,95,Sunscreen SPF50,Beauty & Personal Care,The Man Company,205.13,4,2025-09-06,Delivered
10648,668,88,Business Book,Books,Penguin,474.05,1,2026-05-28,Delivered
10649,993,95,Sunscreen SPF50,Beauty & Personal Care,The Man Company,1682.98,1,2026-05-10,Pending
10650,1534,47,Sunglasses,Fashion,Biba,2340.23,1,2026-03-24,Delivered
10651,1673,53,Non-Stick Pan Set,Home & Kitchen,Pigeon,4833.45,1,2025-02-24,Returned
10652,1308,5,Bluetooth Earbuds,Electronics,boAt,30404.7,1,2026-07-02,Cancelled
10653,808,46,Sunglasses,Fashion,H&M,1838.22,3,2025-11-06,Delivered
10654,1038,66,Induction Cooktop,Home & Kitchen,Cello,381.84,1,2025-05-09,Shipped
10655,1490,67,Wall Clock,Home & Kitchen,Cello,2224.7,1,2025-08-01,Delivered
10656,639,44,Handbag,Fashion,Van Heusen,621.36,2,2025-07-08,Shipped
10657,968,50,Mixer Grinder,Home & Kitchen,Pigeon,3323.17,2,2025-04-26,Pending
10658,51,29,Women's Kurta,Fashion,Allen Solly,4365.94,1,2025-06-01,Cancelled
10659,891,89,Business Book,Books,Bloomsbury,939.84,1,2025-09-06,Delivered
10660,962,3,Smartphone,Electronics,boAt,15854.25,2,2026-01-24,Delivered
10661,1721,62,Water Bottle Set,Home & Kitchen,Pigeon,4316.69,1,2025-04-13,Delivered
10662,766,61,Water Bottle Set,Home & Kitchen,Philips,10471.43,1,2025-10-06,Delivered
10663,1057,16,Power Bank 10000mAh,Electronics,OnePlus,40973.43,1,2025-02-27,Delivered
10664,1532,32,Running Shoes,Fashion,H&M,1787.99,1,2026-06-04,Delivered
10665,1622,14,Laptop,Electronics,Xiaomi,71636.16,1,2025-10-13,Delivered
10666,1867,2,Smartphone,Electronics,Apple,26693.18,1,2026-06-17,Delivered
10667,1969,101,Body Lotion,Beauty & Personal Care,Lakme,1028.56,3,2025-09-08,Delivered
10668,410,87,Biography,Books,Bloomsbury,528.18,1,2025-06-02,Delivered
10669,1604,50,Mixer Grinder,Home & Kitchen,Pigeon,6723.31,2,2025-12-17,Delivered
10670,1262,70,Bedsheet Set,Home & Kitchen,Bajaj,9698.7,1,2026-03-16,Delivered
10671,1259,40,Casual Sneakers,Fashion,Levis,2701.28,1,2026-05-03,Delivered
10672,2000,19,Bluetooth Speaker,Electronics,boAt,27290.9,4,2025-06-30,Shipped
10673,1401,66,Induction Cooktop,Home & Kitchen,Cello,918.86,1,2025-06-19,Delivered
10674,1955,111,Perfume,Beauty & Personal Care,Plum,407.3,4,2025-07-12,Delivered
10675,922,39,Formal Shirt,Fashion,Allen Solly,1570.83,1,2026-01-06,Shipped
10676,800,43,Handbag,Fashion,Biba,3347.69,1,2025-02-13,Shipped
10677,228,44,Handbag,Fashion,Van Heusen,3934.81,2,2026-04-11,Delivered
10678,517,82,Children's Story Book,Books,Rupa Publications,219.25,2,2026-05-27,Shipped
10679,1333,94,Sunscreen SPF50,Beauty & Personal Care,Mamaearth,1503.88,1,2025-07-02,Delivered
10680,386,28,Women's Kurta,Fashion,Levis,3826.72,2,2024-12-31,Shipped
10681,1373,38,Formal Shirt,Fashion,Levis,2356.7,1,2025-08-25,Delivered
10682,93,7,Smartwatch,Electronics,Samsung,79921.99,1,2025-05-22,Delivered
10683,1636,51,Mixer Grinder,Home & Kitchen,Philips,6209.27,1,2026-03-26,Delivered
10684,484,105,Lipstick,Beauty & Personal Care,Nivea,1875.31,3,2025-04-30,Returned
10685,1312,56,Air Fryer,Home & Kitchen,Prestige,5450.71,1,2026-04-05,Delivered
10686,1461,15,Laptop,Electronics,boAt,31558.43,2,2025-12-08,Delivered
10687,1207,43,Handbag,Fashion,Biba,2158.12,1,2024-03-06,Shipped
10688,1100,71,Bedsheet Set,Home & Kitchen,Pigeon,392.93,2,2026-01-27,Delivered
10689,120,64,Induction Cooktop,Home & Kitchen,Milton,10586.0,1,2025-08-31,Delivered
10690,1850,13,Laptop,Electronics,Sony,2171.56,1,2025-01-31,Delivered
10691,521,121,Badminton Racket,Sports & Fitness,Cosco,5563.21,1,2024-06-27,Delivered
10692,783,39,Formal Shirt,Fashion,Allen Solly,1770.45,1,2025-10-25,Delivered
10693,506,129,Resistance Band Set,Sports & Fitness,Yonex,2790.17,1,2025-01-06,Delivered
10694,124,46,Sunglasses,Fashion,H&M,4769.65,1,2023-10-27,Delivered
10695,563,52,Non-Stick Pan Set,Home & Kitchen,Bajaj,1126.94,2,2025-05-09,Returned
10696,766,87,Biography,Books,Bloomsbury,607.99,1,2025-12-02,Delivered
10697,970,56,Air Fryer,Home & Kitchen,Prestige,3203.72,3,2025-01-17,Delivered
10698,1728,62,Water Bottle Set,Home & Kitchen,Pigeon,3915.18,3,2024-09-15,Delivered
10699,964,88,Business Book,Books,Penguin,267.24,2,2025-12-09,Cancelled
10700,1050,59,Table Lamp,Home & Kitchen,Havells,12230.34,1,2026-07-14,Delivered
10701,213,98,Hair Serum,Beauty & Personal Care,Mamaearth,1443.46,1,2026-08-08,Delivered
10702,992,23,Neckband Earphones,Electronics,JBL,34365.25,1,2025-05-10,Delivered
10703,1073,118,Dumbbell Set 10kg,Sports & Fitness,Decathlon,1230.24,2,2024-09-06,Delivered
10704,358,124,Football,Sports & Fitness,Nivia,2272.41,1,2026-02-05,Delivered
10705,428,14,Laptop,Electronics,Xiaomi,57614.67,2,2025-01-06,Delivered
10706,221,2,Smartphone,Electronics,Apple,47767.03,1,2025-10-24,Delivered
10707,1586,64,Induction Cooktop,Home & Kitchen,Milton,8029.47,1,2025-07-14,Delivered
10708,113,67,Wall Clock,Home & Kitchen,Cello,7601.62,2,2025-12-12,Delivered
10709,1986,125,Football,Sports & Fitness,Cosco,3280.33,3,2026-01-21,Returned
10710,275,19,Bluetooth Speaker,Electronics,boAt,10890.63,1,2026-08-17,Delivered
10711,696,108,Trimmer,Beauty & Personal Care,Lakme,1809.18,1,2026-06-18,Delivered
10712,382,67,Wall Clock,Home & Kitchen,Cello,287.3,1,2024-05-03,Delivered
10713,1146,83,Children's Story Book,Books,Penguin,781.13,1,2024-09-27,Shipped
10714,293,105,Lipstick,Beauty & Personal Care,Nivea,1297.01,1,2025-01-13,Delivered
10715,1266,77,Self-Help Book,Books,Scholastic,318.67,1,2025-02-09,Returned
10716,144,120,Dumbbell Set 10kg,Sports & Fitness,Yonex,5080.19,2,2025-07-30,Delivered
10717,103,106,Trimmer,Beauty & Personal Care,Mamaearth,1789.08,4,2026-03-21,Delivered
10718,761,21,Bluetooth Speaker,Electronics,Apple,80066.99,1,2026-06-14,Delivered
10719,382,96,Sunscreen SPF50,Beauty & Personal Care,Plum,633.22,1,2024-12-16,Delivered
10720,1040,32,Running Shoes,Fashion,H&M,2221.0,1,2025-06-26,Pending
10721,1225,107,Trimmer,Beauty & Personal Care,Plum,2441.72,2,2026-03-22,Delivered
10722,135,86,Biography,Books,HarperCollins,375.97,4,2026-02-07,Delivered
10723,1674,64,Induction Cooktop,Home & Kitchen,Milton,3048.65,2,2024-08-14,Returned
10724,1365,104,Lipstick,Beauty & Personal Care,Dove,263.86,1,2024-06-29,Delivered
10725,345,127,Resistance Band Set,Sports & Fitness,Nivia,2284.05,1,2025-02-21,Shipped
10726,1934,34,Denim Jeans,Fashion,H&M,4777.6,1,2026-05-11,Delivered
10727,1509,14,Laptop,Electronics,Xiaomi,19409.28,1,2025-04-21,Cancelled
10728,1191,118,Dumbbell Set 10kg,Sports & Fitness,Decathlon,6095.68,1,2025-06-26,Delivered
10729,34,75,Fiction Novel,Books,Bloomsbury,189.11,1,2025-09-10,Delivered
10730,1831,58,Table Lamp,Home & Kitchen,Prestige,8101.2,3,2026-04-19,Delivered
10731,451,85,Biography,Books,Scholastic,828.08,1,2025-09-18,Delivered
10732,422,42,Casual Sneakers,Fashion,Biba,869.28,1,2026-04-01,Shipped
10733,198,67,Wall Clock,Home & Kitchen,Cello,12130.61,1,2025-02-04,Delivered
10734,1810,59,Table Lamp,Home & Kitchen,Havells,3357.83,1,2025-08-24,Delivered
10735,1404,74,Fiction Novel,Books,HarperCollins,616.33,1,2026-05-15,Delivered
10736,1380,35,Denim Jeans,Fashion,Van Heusen,3797.26,1,2025-12-04,Delivered
10737,1647,72,Bedsheet Set,Home & Kitchen,Prestige,1517.08,1,2024-07-19,Cancelled
10738,1139,27,Men's T-Shirt,Fashion,Puma,4407.55,1,2026-04-17,Delivered
10739,1610,19,Bluetooth Speaker,Electronics,boAt,37529.16,2,2026-03-22,Delivered
10740,53,120,Dumbbell Set 10kg,Sports & Fitness,Yonex,5323.46,1,2025-06-10,Delivered
10741,227,6,Bluetooth Earbuds,Electronics,Sony,39755.97,1,2025-08-20,Delivered
10742,1874,21,Bluetooth Speaker,Electronics,Apple,10415.51,1,2025-08-03,Delivered
10743,1247,29,Women's Kurta,Fashion,Allen Solly,1096.16,1,2026-04-06,Cancelled
10744,520,17,Power Bank 10000mAh,Electronics,Samsung,47908.86,2,2026-04-28,Delivered
10745,1852,108,Trimmer,Beauty & Personal Care,Lakme,1868.06,4,2025-05-30,Delivered
10746,1684,95,Sunscreen SPF50,Beauty & Personal Care,The Man Company,2365.1,2,2026-06-09,Returned
10747,791,19,Bluetooth Speaker,Electronics,boAt,58552.22,1,2026-08-02,Delivered
10748,457,57,Air Fryer,Home & Kitchen,Pigeon,11003.34,1,2026-05-28,Delivered
10749,275,40,Casual Sneakers,Fashion,Levis,3960.12,1,2026-08-17,Delivered
10750,1741,71,Bedsheet Set,Home & Kitchen,Pigeon,11611.21,1,2025-05-18,Shipped
10751,1583,43,Handbag,Fashion,Biba,3731.65,2,2026-02-25,Delivered
10752,1217,60,Table Lamp,Home & Kitchen,Pigeon,7538.9,1,2026-01-15,Returned
10753,341,114,Yoga Mat,Sports & Fitness,Adidas,6027.86,3,2025-06-20,Delivered
10754,974,65,Induction Cooktop,Home & Kitchen,Prestige,11437.53,1,2025-12-10,Delivered
10755,1538,4,Bluetooth Earbuds,Electronics,Xiaomi,79740.16,1,2026-04-06,Shipped
10756,1687,74,Fiction Novel,Books,HarperCollins,107.29,2,2026-06-22,Returned
10757,1522,98,Hair Serum,Beauty & Personal Care,Mamaearth,1721.8,1,2026-06-20,Delivered
10758,133,124,Football,Sports & Fitness,Nivia,5254.71,3,2025-07-25,Delivered
10759,450,34,Denim Jeans,Fashion,H&M,1253.93,1,2025-04-01,Delivered
10760,892,67,Wall Clock,Home & Kitchen,Cello,7728.24,1,2025-05-14,Delivered
10761,1682,1,Smartphone,Electronics,Xiaomi,20310.79,1,2025-04-21,Delivered
10762,26,43,Handbag,Fashion,Biba,948.23,1,2024-12-21,Delivered
10763,634,77,Self-Help Book,Books,Scholastic,431.55,1,2026-07-06,Delivered
10764,1626,12,LED TV 43-inch,Electronics,JBL,34593.65,1,2026-03-01,Delivered
10765,1909,70,Bedsheet Set,Home & Kitchen,Bajaj,489.99,1,2026-01-07,Delivered
10766,1933,105,Lipstick,Beauty & Personal Care,Nivea,2148.01,1,2025-02-21,Delivered
10767,995,39,Formal Shirt,Fashion,Allen Solly,3562.8,4,2025-11-16,Delivered
10768,281,52,Non-Stick Pan Set,Home & Kitchen,Bajaj,12233.55,1,2025-08-18,Pending
10769,260,69,Wall Clock,Home & Kitchen,Philips,10526.17,1,2026-04-12,Delivered
10770,1794,44,Handbag,Fashion,Van Heusen,4142.59,1,2025-03-02,Delivered
10771,1116,125,Football,Sports & Fitness,Cosco,6781.45,1,2024-01-07,Delivered
10772,108,85,Biography,Books,Scholastic,489.06,4,2025-12-23,Delivered
10773,991,13,Laptop,Electronics,Sony,20798.63,3,2025-07-12,Delivered
10774,528,97,Hair Serum,Beauty & Personal Care,Lakme,863.05,1,2026-04-07,Delivered
10775,1711,104,Lipstick,Beauty & Personal Care,Dove,1517.53,2,2026-05-08,Delivered
10776,1630,111,Perfume,Beauty & Personal Care,Plum,1473.84,1,2025-05-28,Delivered
10777,1666,76,Self-Help Book,Books,Bloomsbury,549.02,3,2025-09-25,Delivered
10778,1982,93,Face Wash,Beauty & Personal Care,Dove,1262.19,1,2026-03-27,Returned
10779,409,81,Competitive Exam Guide,Books,Penguin,213.0,4,2025-12-24,Delivered
10780,738,118,Dumbbell Set 10kg,Sports & Fitness,Decathlon,4235.39,1,2025-12-02,Delivered
10781,654,7,Smartwatch,Electronics,Samsung,3978.56,2,2025-08-21,Delivered
10782,941,46,Sunglasses,Fashion,H&M,1526.26,1,2025-04-14,Delivered
10783,1390,69,Wall Clock,Home & Kitchen,Philips,6764.41,1,2025-09-17,Delivered
10784,1644,58,Table Lamp,Home & Kitchen,Prestige,2392.03,4,2026-02-12,Delivered
10785,1318,114,Yoga Mat,Sports & Fitness,Adidas,6640.45,2,2026-01-14,Returned
10786,1464,61,Water Bottle Set,Home & Kitchen,Philips,10413.92,1,2024-08-18,Cancelled
10787,765,27,Men's T-Shirt,Fashion,Puma,3996.91,2,2026-01-25,Delivered
10788,470,38,Formal Shirt,Fashion,Levis,1164.96,2,2024-09-22,Delivered
10789,76,92,Face Wash,Beauty & Personal Care,Plum,821.45,1,2024-11-19,Shipped
10790,1453,53,Non-Stick Pan Set,Home & Kitchen,Pigeon,2379.41,3,2025-08-22,Delivered
10791,1691,35,Denim Jeans,Fashion,Van Heusen,1580.06,1,2025-10-27,Delivered
10792,1340,10,LED TV 43-inch,Electronics,Apple,64941.48,1,2026-03-13,Delivered
10793,1577,124,Football,Sports & Fitness,Nivia,1175.96,1,2025-03-21,Delivered
10794,48,54,Non-Stick Pan Set,Home & Kitchen,Philips,8678.97,1,2024-10-23,Delivered
10795,597,114,Yoga Mat,Sports & Fitness,Adidas,739.64,1,2025-07-17,Delivered
10796,1321,13,Laptop,Electronics,Sony,56350.01,1,2025-09-30,Delivered
10797,82,55,Air Fryer,Home & Kitchen,Bajaj,10785.23,1,2024-07-20,Delivered
10798,1907,30,Women's Kurta,Fashion,Biba,2352.82,1,2026-02-07,Returned
10799,979,62,Water Bottle Set,Home & Kitchen,Pigeon,3568.06,1,2026-02-04,Delivered
10800,1560,115,Cricket Bat,Sports & Fitness,Nivia,4630.34,2,2026-07-07,Delivered
10801,1961,22,Neckband Earphones,Electronics,Samsung,34141.49,1,2026-03-04,Delivered
10802,822,88,Business Book,Books,Penguin,646.36,1,2026-05-09,Delivered
10803,240,122,Badminton Racket,Sports & Fitness,Yonex,2974.81,4,2025-04-18,Delivered
10804,182,7,Smartwatch,Electronics,Samsung,49739.31,1,2026-01-22,Delivered
10805,1630,50,Mixer Grinder,Home & Kitchen,Pigeon,2078.32,1,2025-05-13,Delivered
10806,676,93,Face Wash,Beauty & Personal Care,Dove,609.42,1,2025-10-01,Delivered
10807,1810,84,Children's Story Book,Books,Scholastic,833.52,1,2026-06-22,Delivered
10808,1452,76,Self-Help Book,Books,Bloomsbury,863.9,1,2026-01-09,Delivered
10809,292,126,Football,Sports & Fitness,Yonex,5699.75,1,2026-03-04,Delivered
10810,1644,23,Neckband Earphones,Electronics,JBL,4607.58,2,2026-02-16,Delivered
10811,205,22,Neckband Earphones,Electronics,Samsung,63527.74,1,2026-01-04,Delivered
10812,279,41,Casual Sneakers,Fashion,Allen Solly,1472.86,2,2024-09-26,Delivered
10813,1410,67,Wall Clock,Home & Kitchen,Cello,4311.54,2,2025-07-27,Delivered
10814,687,36,Denim Jeans,Fashion,Puma,2132.93,2,2025-05-16,Returned
10815,1749,102,Body Lotion,Beauty & Personal Care,Mamaearth,667.15,1,2026-02-07,Delivered
10816,1196,48,Sunglasses,Fashion,Puma,1087.13,3,2026-04-10,Shipped
10817,1304,72,Bedsheet Set,Home & Kitchen,Prestige,9047.95,1,2025-07-22,Delivered
10818,1172,13,Laptop,Electronics,Sony,54076.8,1,2025-06-07,Delivered
10819,1630,49,Mixer Grinder,Home & Kitchen,Havells,7650.54,1,2025-07-01,Delivered
10820,196,8,Smartwatch,Electronics,OnePlus,66934.56,1,2025-04-08,Returned
10821,1919,20,Bluetooth Speaker,Electronics,Xiaomi,37570.81,2,2026-05-30,Delivered
10822,1416,93,Face Wash,Beauty & Personal Care,Dove,1866.82,1,2026-03-10,Delivered
10823,1923,40,Casual Sneakers,Fashion,Levis,590.25,1,2025-09-23,Delivered
10824,1340,39,Formal Shirt,Fashion,Allen Solly,3356.39,1,2026-02-25,Delivered
10825,1443,44,Handbag,Fashion,Van Heusen,3666.94,1,2025-06-12,Shipped
10826,109,107,Trimmer,Beauty & Personal Care,Plum,767.12,1,2025-12-25,Delivered
10827,1949,115,Cricket Bat,Sports & Fitness,Nivia,4673.59,2,2025-10-24,Delivered
10828,1854,48,Sunglasses,Fashion,Puma,1558.93,2,2026-03-07,Delivered
10829,1410,44,Handbag,Fashion,Van Heusen,4760.69,3,2025-08-14,Delivered
10830,1573,106,Trimmer,Beauty & Personal Care,Mamaearth,1345.03,1,2025-08-20,Delivered
10831,773,50,Mixer Grinder,Home & Kitchen,Pigeon,10853.04,1,2025-09-17,Delivered
10832,825,44,Handbag,Fashion,Van Heusen,3774.31,1,2025-02-01,Delivered
10833,1520,24,Neckband Earphones,Electronics,Realme,80843.81,3,2025-09-12,Delivered
10834,745,41,Casual Sneakers,Fashion,Allen Solly,2063.74,2,2024-06-02,Delivered
10835,1217,47,Sunglasses,Fashion,Biba,4255.89,1,2026-01-04,Delivered
10836,380,112,Yoga Mat,Sports & Fitness,Nivia,4385.9,1,2024-07-20,Delivered
10837,40,34,Denim Jeans,Fashion,H&M,3053.81,1,2024-10-04,Delivered
10838,1731,47,Sunglasses,Fashion,Biba,1591.76,1,2025-12-28,Pending
10839,21,54,Non-Stick Pan Set,Home & Kitchen,Philips,4228.27,3,2026-01-07,Returned
10840,856,125,Football,Sports & Fitness,Cosco,975.31,3,2024-05-29,Delivered
10841,1727,97,Hair Serum,Beauty & Personal Care,Lakme,848.51,1,2025-10-22,Cancelled
10842,557,39,Formal Shirt,Fashion,Allen Solly,502.6,1,2026-02-19,Cancelled
10843,1642,127,Resistance Band Set,Sports & Fitness,Nivia,5251.93,1,2026-03-21,Delivered
10844,1216,64,Induction Cooktop,Home & Kitchen,Milton,423.71,1,2025-11-30,Cancelled
10845,266,78,Self-Help Book,Books,HarperCollins,205.08,1,2025-05-07,Delivered
10846,1665,121,Badminton Racket,Sports & Fitness,Cosco,5709.94,1,2024-11-08,Shipped
10847,711,42,Casual Sneakers,Fashion,Biba,4553.79,1,2026-01-09,Delivered
10848,285,57,Air Fryer,Home & Kitchen,Pigeon,2461.51,1,2025-12-23,Delivered
10849,1598,76,Self-Help Book,Books,Bloomsbury,670.28,3,2026-03-26,Delivered
10850,1176,63,Water Bottle Set,Home & Kitchen,Cello,3627.62,1,2024-11-09,Delivered
10851,497,38,Formal Shirt,Fashion,Levis,1804.69,2,2026-03-04,Delivered
10852,566,7,Smartwatch,Electronics,Samsung,13306.1,1,2025-02-27,Delivered
10853,279,109,Perfume,Beauty & Personal Care,The Man Company,2162.85,2,2024-09-13,Delivered
10854,370,27,Men's T-Shirt,Fashion,Puma,4937.36,3,2026-02-03,Cancelled
10855,1026,100,Body Lotion,Beauty & Personal Care,The Man Company,755.27,1,2026-01-10,Delivered
10856,761,17,Power Bank 10000mAh,Electronics,Samsung,13182.38,1,2026-01-31,Delivered
10857,1439,8,Smartwatch,Electronics,OnePlus,29606.76,4,2026-02-22,Cancelled
10858,18,8,Smartwatch,Electronics,OnePlus,70871.72,1,2025-12-18,Delivered
10859,1714,122,Badminton Racket,Sports & Fitness,Yonex,1780.78,2,2025-05-31,Delivered
10860,1099,61,Water Bottle Set,Home & Kitchen,Philips,11220.36,1,2025-06-25,Delivered
10861,720,66,Induction Cooktop,Home & Kitchen,Cello,8372.76,1,2025-10-04,Shipped
10862,646,63,Water Bottle Set,Home & Kitchen,Cello,12965.06,2,2026-07-20,Shipped
10863,1321,64,Induction Cooktop,Home & Kitchen,Milton,12810.86,1,2025-01-18,Delivered
10864,1788,75,Fiction Novel,Books,Bloomsbury,876.53,1,2024-01-03,Delivered
10865,1269,69,Wall Clock,Home & Kitchen,Philips,6611.31,1,2025-10-17,Shipped
10866,970,2,Smartphone,Electronics,Apple,74604.44,1,2026-06-10,Delivered
10867,634,105,Lipstick,Beauty & Personal Care,Nivea,2053.85,2,2026-07-18,Delivered
10868,772,44,Handbag,Fashion,Van Heusen,2170.83,3,2025-08-11,Delivered
10869,648,14,Laptop,Electronics,Xiaomi,66804.24,1,2026-08-17,Delivered
10870,863,58,Table Lamp,Home & Kitchen,Prestige,10438.77,2,2025-02-05,Delivered
10871,25,83,Children's Story Book,Books,Penguin,402.13,1,2026-01-29,Delivered
10872,213,23,Neckband Earphones,Electronics,JBL,75453.61,1,2026-08-17,Delivered
10873,1979,20,Bluetooth Speaker,Electronics,Xiaomi,87556.77,1,2025-08-27,Delivered
10874,256,44,Handbag,Fashion,Van Heusen,1029.49,1,2024-12-08,Delivered
10875,548,22,Neckband Earphones,Electronics,Samsung,57522.7,4,2025-12-16,Delivered
10876,1182,78,Self-Help Book,Books,HarperCollins,753.51,2,2025-11-05,Delivered
10877,209,82,Children's Story Book,Books,Rupa Publications,552.63,2,2025-06-01,Delivered
10878,1532,9,Smartwatch,Electronics,boAt,57254.18,1,2025-08-20,Delivered
10879,679,126,Football,Sports & Fitness,Yonex,5516.92,1,2025-04-11,Delivered
10880,559,107,Trimmer,Beauty & Personal Care,Plum,1023.09,1,2025-04-11,Delivered
10881,856,81,Competitive Exam Guide,Books,Penguin,940.49,2,2025-09-09,Delivered
10882,1022,13,Laptop,Electronics,Sony,33850.48,1,2024-08-19,Delivered
10883,45,36,Denim Jeans,Fashion,Puma,2310.05,1,2024-01-15,Delivered
10884,975,127,Resistance Band Set,Sports & Fitness,Nivia,3143.31,1,2025-07-01,Delivered
10885,272,120,Dumbbell Set 10kg,Sports & Fitness,Yonex,2931.04,1,2025-09-23,Delivered
10886,1706,114,Yoga Mat,Sports & Fitness,Adidas,4434.17,1,2025-04-15,Delivered
10887,1393,49,Mixer Grinder,Home & Kitchen,Havells,11105.76,4,2025-11-29,Delivered
10888,189,92,Face Wash,Beauty & Personal Care,Plum,625.65,1,2024-12-06,Pending
10889,1682,102,Body Lotion,Beauty & Personal Care,Mamaearth,541.19,3,2024-12-10,Delivered
10890,1099,52,Non-Stick Pan Set,Home & Kitchen,Bajaj,11511.42,2,2025-07-14,Delivered
10891,957,64,Induction Cooktop,Home & Kitchen,Milton,12818.21,1,2025-03-28,Delivered
10892,726,56,Air Fryer,Home & Kitchen,Prestige,1240.76,2,2026-05-29,Delivered
10893,1518,6,Bluetooth Earbuds,Electronics,Sony,42882.58,4,2025-09-24,Returned
10894,1172,122,Badminton Racket,Sports & Fitness,Yonex,4728.62,4,2026-04-13,Delivered
10895,614,14,Laptop,Electronics,Xiaomi,40401.69,1,2025-10-31,Delivered
10896,1260,22,Neckband Earphones,Electronics,Samsung,10007.84,3,2024-11-24,Returned
10897,614,47,Sunglasses,Fashion,Biba,3338.9,1,2026-02-18,Delivered
10898,1175,40,Casual Sneakers,Fashion,Levis,3683.06,1,2025-05-16,Shipped
10899,1732,79,Competitive Exam Guide,Books,Scholastic,103.85,1,2025-01-18,Delivered
10900,459,4,Bluetooth Earbuds,Electronics,Xiaomi,11864.94,3,2025-07-13,Delivered
10901,662,12,LED TV 43-inch,Electronics,JBL,25562.92,1,2026-04-27,Returned
10902,1369,34,Denim Jeans,Fashion,H&M,1390.18,2,2026-03-18,Delivered
10903,961,93,Face Wash,Beauty & Personal Care,Dove,1298.12,2,2025-12-13,Delivered
10904,889,106,Trimmer,Beauty & Personal Care,Mamaearth,965.74,2,2025-01-06,Delivered
10905,1188,16,Power Bank 10000mAh,Electronics,OnePlus,56093.02,1,2025-11-11,Delivered
10906,1413,65,Induction Cooktop,Home & Kitchen,Prestige,11456.15,1,2025-06-16,Delivered
10907,1000,101,Body Lotion,Beauty & Personal Care,Lakme,428.63,3,2026-03-24,Delivered
10908,212,111,Perfume,Beauty & Personal Care,Plum,182.37,1,2025-11-13,Delivered
10909,1943,59,Table Lamp,Home & Kitchen,Havells,11253.99,2,2025-06-17,Delivered
10910,4,121,Badminton Racket,Sports & Fitness,Cosco,426.22,3,2025-04-08,Delivered
10911,885,68,Wall Clock,Home & Kitchen,Havells,9922.25,1,2025-04-27,Delivered
10912,1342,118,Dumbbell Set 10kg,Sports & Fitness,Decathlon,4528.34,1,2026-02-10,Delivered
10913,983,40,Casual Sneakers,Fashion,Levis,3778.91,4,2025-09-25,Delivered
10914,504,16,Power Bank 10000mAh,Electronics,OnePlus,55129.75,1,2024-11-11,Cancelled
10915,1077,15,Laptop,Electronics,boAt,48982.11,1,2026-08-17,Delivered
10916,1579,28,Women's Kurta,Fashion,Levis,4432.34,1,2025-03-18,Delivered
10917,51,109,Perfume,Beauty & Personal Care,The Man Company,1635.55,2,2026-04-25,Delivered
10918,1401,99,Hair Serum,Beauty & Personal Care,Plum,322.0,1,2026-01-09,Delivered
10919,528,8,Smartwatch,Electronics,OnePlus,34967.4,2,2024-08-16,Delivered
10920,1096,34,Denim Jeans,Fashion,H&M,4470.18,3,2025-06-30,Cancelled
10921,1537,90,Business Book,Books,Rupa Publications,977.12,2,2025-09-11,Delivered
10922,1629,40,Casual Sneakers,Fashion,Levis,401.29,1,2025-03-08,Delivered
10923,1733,60,Table Lamp,Home & Kitchen,Pigeon,354.46,3,2025-08-17,Delivered
10924,955,101,Body Lotion,Beauty & Personal Care,Lakme,2095.37,2,2026-01-23,Delivered
10925,1464,118,Dumbbell Set 10kg,Sports & Fitness,Decathlon,1228.48,1,2025-02-18,Delivered
10926,1805,78,Self-Help Book,Books,HarperCollins,194.66,1,2025-02-09,Delivered
10927,144,20,Bluetooth Speaker,Electronics,Xiaomi,19300.89,4,2026-02-21,Cancelled
10928,1373,112,Yoga Mat,Sports & Fitness,Nivia,1877.13,1,2025-05-17,Delivered
10929,753,83,Children's Story Book,Books,Penguin,897.09,2,2025-12-06,Delivered
10930,838,60,Table Lamp,Home & Kitchen,Pigeon,9263.21,3,2025-11-27,Delivered
10931,1797,125,Football,Sports & Fitness,Cosco,1640.09,1,2025-05-09,Delivered
10932,223,123,Badminton Racket,Sports & Fitness,Decathlon,2865.06,1,2025-12-13,Cancelled
10933,411,78,Self-Help Book,Books,HarperCollins,747.38,1,2025-06-13,Delivered
10934,1377,93,Face Wash,Beauty & Personal Care,Dove,430.85,1,2024-10-24,Cancelled
10935,1042,47,Sunglasses,Fashion,Biba,3049.78,1,2025-06-17,Delivered
10936,191,15,Laptop,Electronics,boAt,16019.97,1,2024-10-01,Shipped
10937,1394,27,Men's T-Shirt,Fashion,Puma,3127.94,1,2024-07-06,Delivered
10938,1163,64,Induction Cooktop,Home & Kitchen,Milton,4141.02,2,2026-05-13,Delivered
10939,868,116,Cricket Bat,Sports & Fitness,Adidas,4662.69,2,2025-11-25,Cancelled
10940,1853,119,Dumbbell Set 10kg,Sports & Fitness,Adidas,1395.82,2,2025-08-23,Delivered
10941,389,15,Laptop,Electronics,boAt,61112.63,1,2025-01-13,Cancelled
10942,1290,12,LED TV 43-inch,Electronics,JBL,16091.21,1,2026-07-30,Delivered
10943,1569,54,Non-Stick Pan Set,Home & Kitchen,Philips,8069.18,2,2025-09-30,Delivered
10944,595,84,Children's Story Book,Books,Scholastic,540.33,1,2024-10-19,Delivered
10945,454,34,Denim Jeans,Fashion,H&M,789.16,1,2023-11-23,Delivered
10946,1902,62,Water Bottle Set,Home & Kitchen,Pigeon,2397.87,1,2026-02-07,Returned
10947,141,99,Hair Serum,Beauty & Personal Care,Plum,2244.13,1,2026-07-07,Delivered
10948,280,45,Handbag,Fashion,Allen Solly,1459.48,1,2025-08-05,Delivered
10949,1790,106,Trimmer,Beauty & Personal Care,Mamaearth,379.7,1,2025-02-09,Delivered
10950,283,39,Formal Shirt,Fashion,Allen Solly,1460.76,1,2025-09-28,Shipped
10951,1972,66,Induction Cooktop,Home & Kitchen,Cello,3978.66,1,2024-07-05,Cancelled
10952,1229,52,Non-Stick Pan Set,Home & Kitchen,Bajaj,4531.91,1,2025-11-18,Delivered
10953,203,15,Laptop,Electronics,boAt,10291.43,2,2026-06-02,Delivered
10954,119,111,Perfume,Beauty & Personal Care,Plum,2474.86,1,2026-05-25,Delivered
10955,811,7,Smartwatch,Electronics,Samsung,5415.38,1,2025-04-16,Delivered
10956,621,77,Self-Help Book,Books,Scholastic,785.51,1,2026-01-25,Delivered
10957,517,6,Bluetooth Earbuds,Electronics,Sony,29142.62,1,2026-04-29,Delivered
10958,1671,26,Men's T-Shirt,Fashion,Nike,2681.76,2,2024-08-06,Returned
10959,1705,126,Football,Sports & Fitness,Yonex,4960.58,1,2025-10-01,Cancelled
10960,1252,11,LED TV 43-inch,Electronics,boAt,40159.73,1,2024-12-29,Delivered
10961,1375,83,Children's Story Book,Books,Penguin,647.64,4,2025-10-15,Delivered
10962,1390,39,Formal Shirt,Fashion,Allen Solly,852.51,2,2025-10-18,Delivered
10963,1711,110,Perfume,Beauty & Personal Care,Lakme,2024.08,3,2026-08-01,Delivered
10964,1089,67,Wall Clock,Home & Kitchen,Cello,6509.22,2,2026-03-16,Delivered
10965,839,22,Neckband Earphones,Electronics,Samsung,65140.28,1,2025-01-27,Delivered
10966,107,106,Trimmer,Beauty & Personal Care,Mamaearth,199.6,1,2024-05-03,Delivered
10967,71,4,Bluetooth Earbuds,Electronics,Xiaomi,86105.87,1,2026-03-25,Delivered
10968,141,66,Induction Cooktop,Home & Kitchen,Cello,525.3,1,2026-07-04,Delivered
10969,474,119,Dumbbell Set 10kg,Sports & Fitness,Adidas,338.63,1,2025-09-29,Delivered
10970,392,105,Lipstick,Beauty & Personal Care,Nivea,2007.07,1,2025-11-06,Delivered
10971,1988,115,Cricket Bat,Sports & Fitness,Nivia,1969.92,1,2025-07-06,Delivered
10972,1122,63,Water Bottle Set,Home & Kitchen,Cello,12264.66,1,2026-08-17,Delivered
10973,1408,4,Bluetooth Earbuds,Electronics,Xiaomi,7485.38,1,2025-10-16,Delivered
10974,908,17,Power Bank 10000mAh,Electronics,Samsung,53425.89,1,2024-04-23,Delivered
10975,245,20,Bluetooth Speaker,Electronics,Xiaomi,23332.43,2,2024-07-06,Delivered
10976,394,117,Cricket Bat,Sports & Fitness,Decathlon,2369.57,1,2025-02-06,Delivered
10977,1855,28,Women's Kurta,Fashion,Levis,3897.74,1,2025-12-06,Delivered
10978,5,47,Sunglasses,Fashion,Biba,2367.34,1,2026-04-21,Delivered
10979,849,71,Bedsheet Set,Home & Kitchen,Pigeon,717.29,1,2024-05-20,Shipped
10980,1348,22,Neckband Earphones,Electronics,Samsung,1246.96,1,2025-04-19,Delivered
10981,1146,63,Water Bottle Set,Home & Kitchen,Cello,2688.85,1,2024-09-09,Delivered
10982,1176,122,Badminton Racket,Sports & Fitness,Yonex,2306.43,1,2024-10-29,Delivered
10983,742,129,Resistance Band Set,Sports & Fitness,Yonex,855.85,1,2026-06-08,Delivered
10984,977,24,Neckband Earphones,Electronics,Realme,84514.95,1,2026-01-23,Delivered
10985,1364,88,Business Book,Books,Penguin,321.47,2,2026-06-15,Delivered
10986,298,16,Power Bank 10000mAh,Electronics,OnePlus,35599.79,1,2026-06-24,Returned
10987,1372,67,Wall Clock,Home & Kitchen,Cello,6904.69,1,2025-09-01,Delivered
10988,1733,127,Resistance Band Set,Sports & Fitness,Nivia,905.3,1,2026-05-15,Delivered
10989,1523,44,Handbag,Fashion,Van Heusen,1839.39,1,2025-08-11,Cancelled
10990,571,24,Neckband Earphones,Electronics,Realme,77663.21,1,2025-11-18,Delivered
10991,1419,47,Sunglasses,Fashion,Biba,2826.84,2,2025-09-01,Delivered
10992,194,80,Competitive Exam Guide,Books,HarperCollins,891.32,1,2025-01-12,Delivered
10993,656,73,Fiction Novel,Books,Scholastic,920.94,1,2026-04-19,Delivered
10994,657,92,Face Wash,Beauty & Personal Care,Plum,1686.22,3,2025-09-30,Delivered
10995,1868,56,Air Fryer,Home & Kitchen,Prestige,9680.25,1,2026-02-08,Delivered
10996,956,29,Women's Kurta,Fashion,Allen Solly,4139.07,1,2025-08-10,Returned
10997,1718,70,Bedsheet Set,Home & Kitchen,Bajaj,9569.02,1,2025-09-03,Delivered
10998,1515,119,Dumbbell Set 10kg,Sports & Fitness,Adidas,1291.47,3,2024-07-16,Pending
10999,824,96,Sunscreen SPF50,Beauty & Personal Care,Plum,383.66,3,2025-09-27,Delivered
11000,1051,56,Air Fryer,Home & Kitchen,Prestige,3929.37,1,2026-07-06,Delivered
11001,1821,74,Fiction Novel,Books,HarperCollins,163.26,1,2026-01-29,Delivered
11002,1822,25,Men's T-Shirt,Fashion,Allen Solly,2387.61,1,2025-11-25,Delivered
11003,1626,10,LED TV 43-inch,Electronics,Apple,11541.52,1,2025-07-23,Delivered
11004,668,3,Smartphone,Electronics,boAt,1269.47,1,2024-06-14,Delivered
11005,857,25,Men's T-Shirt,Fashion,Allen Solly,1120.62,1,2026-02-05,Delivered
11006,1175,39,Formal Shirt,Fashion,Allen Solly,3512.62,2,2025-02-12,Delivered
11007,794,29,Women's Kurta,Fashion,Allen Solly,2018.26,1,2024-12-25,Delivered
11008,1930,52,Non-Stick Pan Set,Home & Kitchen,Bajaj,6207.84,2,2026-05-28,Delivered
11009,928,8,Smartwatch,Electronics,OnePlus,57971.83,3,2026-04-14,Delivered
11010,714,3,Smartphone,Electronics,boAt,70458.51,2,2024-09-19,Delivered
11011,641,6,Bluetooth Earbuds,Electronics,Sony,10196.79,1,2025-10-28,Delivered
11012,1691,30,Women's Kurta,Fashion,Biba,3613.74,2,2024-08-25,Delivered
11013,574,91,Face Wash,Beauty & Personal Care,The Man Company,1760.44,3,2024-09-12,Shipped
11014,285,22,Neckband Earphones,Electronics,Samsung,67974.94,1,2025-02-20,Delivered
11015,1130,1,Smartphone,Electronics,Xiaomi,63305.81,1,2025-08-28,Delivered
11016,101,96,Sunscreen SPF50,Beauty & Personal Care,Plum,1561.73,2,2025-05-07,Delivered
11017,811,70,Bedsheet Set,Home & Kitchen,Bajaj,11305.08,1,2026-02-23,Delivered
11018,618,34,Denim Jeans,Fashion,H&M,4485.43,3,2025-11-24,Cancelled
11019,804,40,Casual Sneakers,Fashion,Levis,4092.86,1,2026-02-10,Delivered
11020,1008,124,Football,Sports & Fitness,Nivia,1909.21,1,2026-04-09,Delivered
11021,285,68,Wall Clock,Home & Kitchen,Havells,8673.17,1,2025-02-17,Delivered
11022,818,31,Running Shoes,Fashion,Biba,2077.21,1,2026-03-29,Delivered
11023,592,84,Children's Story Book,Books,Scholastic,710.2,1,2025-05-28,Delivered
11024,150,90,Business Book,Books,Rupa Publications,146.08,2,2026-03-05,Delivered
11025,1768,29,Women's Kurta,Fashion,Allen Solly,3282.22,4,2025-03-24,Cancelled
11026,1996,86,Biography,Books,HarperCollins,299.31,1,2025-09-08,Delivered
11027,953,89,Business Book,Books,Bloomsbury,679.15,1,2026-01-24,Shipped
11028,1396,104,Lipstick,Beauty & Personal Care,Dove,721.9,1,2026-04-27,Delivered
11029,1475,51,Mixer Grinder,Home & Kitchen,Philips,4311.89,3,2024-11-21,Shipped
11030,723,33,Running Shoes,Fashion,Roadster,4542.17,1,2026-04-14,Delivered
11031,1333,99,Hair Serum,Beauty & Personal Care,Plum,484.13,2,2025-12-16,Delivered
11032,754,7,Smartwatch,Electronics,Samsung,31103.64,1,2025-08-30,Delivered
11033,1422,50,Mixer Grinder,Home & Kitchen,Pigeon,2114.09,4,2025-09-21,Delivered
11034,947,103,Lipstick,Beauty & Personal Care,The Man Company,1029.63,1,2026-01-18,Pending
11035,1088,105,Lipstick,Beauty & Personal Care,Nivea,1556.83,1,2024-09-08,Delivered
11036,1307,113,Yoga Mat,Sports & Fitness,Decathlon,6855.13,1,2025-05-11,Delivered
11037,454,30,Women's Kurta,Fashion,Biba,400.07,1,2025-08-05,Delivered
11038,1466,60,Table Lamp,Home & Kitchen,Pigeon,10930.26,1,2026-06-17,Delivered
11039,87,64,Induction Cooktop,Home & Kitchen,Milton,1069.17,1,2025-12-31,Delivered
11040,1140,41,Casual Sneakers,Fashion,Allen Solly,1788.17,1,2026-04-06,Delivered
11041,39,97,Hair Serum,Beauty & Personal Care,Lakme,984.61,2,2026-08-17,Delivered
11042,600,100,Body Lotion,Beauty & Personal Care,The Man Company,262.48,1,2026-02-25,Delivered
11043,476,24,Neckband Earphones,Electronics,Realme,8811.48,1,2025-07-13,Delivered
11044,1206,113,Yoga Mat,Sports & Fitness,Decathlon,1211.39,1,2025-03-12,Delivered
11045,1025,127,Resistance Band Set,Sports & Fitness,Nivia,5331.98,1,2025-04-23,Delivered
11046,1139,1,Smartphone,Electronics,Xiaomi,47385.22,1,2026-04-27,Cancelled
11047,1074,33,Running Shoes,Fashion,Roadster,2363.07,1,2025-09-07,Cancelled
11048,14,123,Badminton Racket,Sports & Fitness,Decathlon,3147.8,1,2025-04-28,Delivered
11049,1858,112,Yoga Mat,Sports & Fitness,Nivia,3399.22,1,2025-10-08,Cancelled
11050,630,119,Dumbbell Set 10kg,Sports & Fitness,Adidas,3608.26,2,2024-07-08,Delivered
11051,89,126,Football,Sports & Fitness,Yonex,3674.75,1,2026-03-01,Delivered
11052,1168,113,Yoga Mat,Sports & Fitness,Decathlon,4898.68,1,2025-08-18,Delivered
11053,1241,32,Running Shoes,Fashion,H&M,3236.74,1,2025-04-12,Delivered
11054,349,98,Hair Serum,Beauty & Personal Care,Mamaearth,1236.51,1,2025-05-20,Delivered
11055,1160,110,Perfume,Beauty & Personal Care,Lakme,2009.1,1,2026-06-20,Returned
11056,1856,111,Perfume,Beauty & Personal Care,Plum,2292.61,1,2024-05-02,Delivered
11057,134,89,Business Book,Books,Bloomsbury,304.93,1,2025-10-11,Delivered
11058,1724,93,Face Wash,Beauty & Personal Care,Dove,2495.76,1,2024-12-20,Delivered
11059,1048,98,Hair Serum,Beauty & Personal Care,Mamaearth,1949.27,1,2025-12-22,Delivered
11060,1665,129,Resistance Band Set,Sports & Fitness,Yonex,4018.88,1,2024-12-14,Delivered
11061,213,94,Sunscreen SPF50,Beauty & Personal Care,Mamaearth,2369.62,1,2026-08-05,Delivered
11062,1278,85,Biography,Books,Scholastic,698.88,1,2025-07-06,Shipped
11063,972,116,Cricket Bat,Sports & Fitness,Adidas,4659.05,2,2025-06-09,Delivered
11064,1753,12,LED TV 43-inch,Electronics,JBL,55505.84,1,2026-02-14,Delivered
11065,222,64,Induction Cooktop,Home & Kitchen,Milton,8595.72,2,2026-05-21,Shipped
11066,472,121,Badminton Racket,Sports & Fitness,Cosco,1966.47,1,2025-01-26,Delivered
11067,1823,77,Self-Help Book,Books,Scholastic,374.24,1,2025-12-09,Cancelled
11068,1295,110,Perfume,Beauty & Personal Care,Lakme,234.32,1,2025-11-24,Delivered
11069,1596,79,Competitive Exam Guide,Books,Scholastic,313.63,1,2025-11-12,Cancelled
11070,1078,83,Children's Story Book,Books,Penguin,747.26,1,2025-05-16,Delivered
11071,970,50,Mixer Grinder,Home & Kitchen,Pigeon,3972.12,1,2025-10-09,Delivered
11072,1135,64,Induction Cooktop,Home & Kitchen,Milton,7169.26,1,2026-08-04,Delivered
11073,973,121,Badminton Racket,Sports & Fitness,Cosco,394.66,2,2023-12-24,Delivered
11074,106,23,Neckband Earphones,Electronics,JBL,25742.96,1,2026-01-17,Delivered
11075,794,111,Perfume,Beauty & Personal Care,Plum,1778.02,2,2025-10-28,Delivered
11076,1903,21,Bluetooth Speaker,Electronics,Apple,43062.09,1,2025-12-16,Delivered
11077,1708,103,Lipstick,Beauty & Personal Care,The Man Company,1323.55,2,2026-05-02,Delivered
11078,1019,44,Handbag,Fashion,Van Heusen,299.74,1,2026-02-04,Delivered
11079,77,10,LED TV 43-inch,Electronics,Apple,6388.05,1,2026-03-24,Delivered
11080,9,48,Sunglasses,Fashion,Puma,591.38,1,2025-12-02,Delivered
11081,17,123,Badminton Racket,Sports & Fitness,Decathlon,6202.8,2,2026-01-31,Delivered
11082,1193,42,Casual Sneakers,Fashion,Biba,1455.01,3,2024-07-02,Delivered
11083,1732,72,Bedsheet Set,Home & Kitchen,Prestige,4700.98,1,2025-05-27,Delivered
11084,1281,9,Smartwatch,Electronics,boAt,63544.42,1,2025-01-18,Delivered
11085,302,37,Formal Shirt,Fashion,Van Heusen,890.16,1,2025-11-05,Shipped
11086,1280,84,Children's Story Book,Books,Scholastic,803.89,1,2025-11-04,Cancelled
11087,1847,64,Induction Cooktop,Home & Kitchen,Milton,4630.48,1,2026-04-01,Delivered
11088,1902,52,Non-Stick Pan Set,Home & Kitchen,Bajaj,9028.89,1,2026-02-25,Delivered
11089,702,123,Badminton Racket,Sports & Fitness,Decathlon,2280.02,1,2025-06-27,Delivered
11090,1812,74,Fiction Novel,Books,HarperCollins,729.06,2,2025-11-08,Delivered
11091,1392,69,Wall Clock,Home & Kitchen,Philips,6367.07,1,2025-11-11,Delivered
11092,1325,58,Table Lamp,Home & Kitchen,Prestige,5620.15,2,2025-09-19,Delivered
11093,660,44,Handbag,Fashion,Van Heusen,3456.95,1,2025-04-27,Delivered
11094,1570,67,Wall Clock,Home & Kitchen,Cello,8778.67,3,2025-08-22,Delivered
11095,61,76,Self-Help Book,Books,Bloomsbury,400.77,1,2026-05-23,Delivered
11096,1382,125,Football,Sports & Fitness,Cosco,6852.58,1,2024-09-20,Delivered
11097,1200,27,Men's T-Shirt,Fashion,Puma,3291.72,1,2026-05-10,Delivered
11098,160,54,Non-Stick Pan Set,Home & Kitchen,Philips,8036.34,1,2025-08-20,Delivered
11099,861,23,Neckband Earphones,Electronics,JBL,59728.8,1,2025-06-17,Delivered
11100,758,77,Self-Help Book,Books,Scholastic,950.32,1,2026-02-18,Delivered
11101,1540,61,Water Bottle Set,Home & Kitchen,Philips,5983.85,1,2025-01-13,Delivered
11102,1705,92,Face Wash,Beauty & Personal Care,Plum,1614.57,1,2025-12-14,Returned
11103,1335,71,Bedsheet Set,Home & Kitchen,Pigeon,295.47,4,2025-11-14,Delivered
11104,1192,40,Casual Sneakers,Fashion,Levis,3375.5,1,2025-10-30,Cancelled
11105,1321,79,Competitive Exam Guide,Books,Scholastic,870.66,1,2025-03-22,Pending
11106,1412,49,Mixer Grinder,Home & Kitchen,Havells,12871.83,1,2025-12-24,Delivered
11107,1424,36,Denim Jeans,Fashion,Puma,3387.51,1,2025-12-20,Pending
11108,1866,50,Mixer Grinder,Home & Kitchen,Pigeon,7397.61,1,2025-08-01,Delivered
11109,619,21,Bluetooth Speaker,Electronics,Apple,89084.96,1,2026-02-15,Delivered
11110,1224,107,Trimmer,Beauty & Personal Care,Plum,825.36,1,2025-09-01,Delivered
11111,1215,125,Football,Sports & Fitness,Cosco,281.79,1,2025-10-20,Delivered
11112,741,44,Handbag,Fashion,Van Heusen,1031.3,1,2026-06-10,Delivered
11113,1158,129,Resistance Band Set,Sports & Fitness,Yonex,6852.92,1,2025-12-29,Returned
11114,994,79,Competitive Exam Guide,Books,Scholastic,910.58,4,2026-07-02,Delivered
11115,1019,41,Casual Sneakers,Fashion,Allen Solly,2370.92,1,2025-08-20,Delivered
11116,927,12,LED TV 43-inch,Electronics,JBL,42345.44,1,2025-04-27,Delivered
11117,1716,60,Table Lamp,Home & Kitchen,Pigeon,1638.37,1,2025-04-10,Cancelled
11118,1191,57,Air Fryer,Home & Kitchen,Pigeon,2841.75,1,2026-02-22,Delivered
11119,1381,92,Face Wash,Beauty & Personal Care,Plum,1334.15,1,2024-11-29,Delivered
11120,509,39,Formal Shirt,Fashion,Allen Solly,2767.08,2,2025-11-11,Delivered
11121,1832,19,Bluetooth Speaker,Electronics,boAt,10233.83,1,2025-11-06,Cancelled
11122,998,118,Dumbbell Set 10kg,Sports & Fitness,Decathlon,1718.23,1,2025-04-15,Delivered
11123,1118,94,Sunscreen SPF50,Beauty & Personal Care,Mamaearth,262.79,1,2025-08-18,Delivered
11124,253,119,Dumbbell Set 10kg,Sports & Fitness,Adidas,5745.92,4,2025-06-24,Delivered
11125,1532,5,Bluetooth Earbuds,Electronics,boAt,59102.54,1,2025-03-20,Delivered
11126,1843,35,Denim Jeans,Fashion,Van Heusen,4329.43,1,2025-03-23,Pending
11127,950,101,Body Lotion,Beauty & Personal Care,Lakme,670.37,1,2025-10-30,Delivered
11128,1722,62,Water Bottle Set,Home & Kitchen,Pigeon,5656.99,2,2025-09-04,Delivered
11129,1379,78,Self-Help Book,Books,HarperCollins,746.89,1,2025-07-05,Delivered
11130,1502,19,Bluetooth Speaker,Electronics,boAt,27175.59,1,2026-05-29,Delivered
11131,1790,43,Handbag,Fashion,Biba,4244.4,1,2026-05-29,Delivered
11132,1167,127,Resistance Band Set,Sports & Fitness,Nivia,5505.11,1,2026-04-27,Delivered
11133,269,63,Water Bottle Set,Home & Kitchen,Cello,5384.4,1,2025-11-30,Delivered
11134,1739,70,Bedsheet Set,Home & Kitchen,Bajaj,10205.22,1,2025-08-27,Delivered
11135,1249,50,Mixer Grinder,Home & Kitchen,Pigeon,2769.72,1,2025-03-17,Delivered
11136,1742,8,Smartwatch,Electronics,OnePlus,42153.53,1,2025-09-02,Delivered
11137,445,94,Sunscreen SPF50,Beauty & Personal Care,Mamaearth,1052.78,1,2025-03-24,Cancelled
11138,262,68,Wall Clock,Home & Kitchen,Havells,12433.71,1,2025-12-31,Pending
11139,594,14,Laptop,Electronics,Xiaomi,86909.23,1,2024-08-24,Delivered
11140,114,2,Smartphone,Electronics,Apple,32287.47,1,2026-02-14,Delivered
11141,1748,73,Fiction Novel,Books,Scholastic,412.09,1,2026-05-15,Cancelled
11142,1661,4,Bluetooth Earbuds,Electronics,Xiaomi,55041.08,3,2024-12-16,Delivered
11143,1866,45,Handbag,Fashion,Allen Solly,1910.98,3,2026-01-24,Delivered
11144,1324,121,Badminton Racket,Sports & Fitness,Cosco,2725.25,1,2025-01-09,Delivered
11145,1072,35,Denim Jeans,Fashion,Van Heusen,4459.3,1,2026-04-24,Delivered
11146,925,18,Power Bank 10000mAh,Electronics,Sony,77779.97,1,2025-07-05,Delivered
11147,443,44,Handbag,Fashion,Van Heusen,1278.32,3,2025-10-09,Delivered
11148,1034,72,Bedsheet Set,Home & Kitchen,Prestige,12747.28,1,2026-01-25,Delivered
11149,195,42,Casual Sneakers,Fashion,Biba,987.35,1,2026-04-26,Delivered
11150,6,116,Cricket Bat,Sports & Fitness,Adidas,5726.29,1,2026-05-29,Delivered
11151,916,104,Lipstick,Beauty & Personal Care,Dove,832.02,1,2026-04-25,Delivered
11152,8,10,LED TV 43-inch,Electronics,Apple,44839.75,1,2026-04-13,Shipped
11153,760,40,Casual Sneakers,Fashion,Levis,3683.48,3,2025-11-24,Delivered
11154,1121,129,Resistance Band Set,Sports & Fitness,Yonex,2349.79,1,2025-10-21,Delivered
11155,1506,1,Smartphone,Electronics,Xiaomi,31766.54,1,2025-12-26,Pending
11156,1798,97,Hair Serum,Beauty & Personal Care,Lakme,2294.1,1,2025-03-05,Delivered
11157,1979,72,Bedsheet Set,Home & Kitchen,Prestige,5290.48,2,2025-08-09,Delivered
11158,1467,93,Face Wash,Beauty & Personal Care,Dove,1209.77,1,2025-05-16,Delivered
11159,476,87,Biography,Books,Bloomsbury,348.14,1,2025-01-07,Delivered
11160,19,94,Sunscreen SPF50,Beauty & Personal Care,Mamaearth,1892.71,4,2026-05-10,Delivered
11161,628,68,Wall Clock,Home & Kitchen,Havells,5990.86,2,2026-03-19,Delivered
11162,1529,76,Self-Help Book,Books,Bloomsbury,479.78,3,2026-04-02,Delivered
11163,525,77,Self-Help Book,Books,Scholastic,687.87,4,2026-05-07,Delivered
11164,1151,40,Casual Sneakers,Fashion,Levis,2278.94,1,2024-12-13,Delivered
11165,1517,75,Fiction Novel,Books,Bloomsbury,796.32,1,2025-12-10,Delivered
11166,1217,116,Cricket Bat,Sports & Fitness,Adidas,4750.11,1,2026-01-10,Delivered
11167,706,117,Cricket Bat,Sports & Fitness,Decathlon,2882.32,1,2024-11-16,Delivered
11168,1808,111,Perfume,Beauty & Personal Care,Plum,2435.26,4,2025-12-05,Delivered
11169,1062,109,Perfume,Beauty & Personal Care,The Man Company,1146.86,4,2026-04-01,Cancelled
11170,1793,89,Business Book,Books,Bloomsbury,318.35,4,2026-04-26,Delivered
11171,157,91,Face Wash,Beauty & Personal Care,The Man Company,2074.43,3,2025-09-04,Delivered
11172,219,41,Casual Sneakers,Fashion,Allen Solly,677.29,1,2025-11-13,Delivered
11173,338,92,Face Wash,Beauty & Personal Care,Plum,959.41,1,2025-10-30,Delivered
11174,1592,63,Water Bottle Set,Home & Kitchen,Cello,11644.79,1,2025-11-20,Delivered
11175,101,2,Smartphone,Electronics,Apple,23985.49,1,2025-08-04,Delivered
11176,354,33,Running Shoes,Fashion,Roadster,4286.24,1,2025-12-27,Delivered
11177,85,23,Neckband Earphones,Electronics,JBL,33414.31,3,2026-05-14,Cancelled
11178,483,31,Running Shoes,Fashion,Biba,4878.71,2,2026-05-05,Delivered
11179,1858,69,Wall Clock,Home & Kitchen,Philips,7193.45,1,2026-04-17,Delivered
11180,1325,58,Table Lamp,Home & Kitchen,Prestige,10875.43,1,2026-03-23,Returned
11181,513,74,Fiction Novel,Books,HarperCollins,540.99,1,2025-02-11,Pending
11182,566,111,Perfume,Beauty & Personal Care,Plum,353.6,1,2025-09-03,Delivered
11183,234,44,Handbag,Fashion,Van Heusen,4619.91,3,2025-02-20,Delivered
11184,210,52,Non-Stick Pan Set,Home & Kitchen,Bajaj,9672.84,1,2025-06-29,Delivered
11185,202,18,Power Bank 10000mAh,Electronics,Sony,17738.93,2,2026-07-06,Returned
11186,15,49,Mixer Grinder,Home & Kitchen,Havells,1176.76,1,2026-04-09,Delivered
11187,1809,124,Football,Sports & Fitness,Nivia,1733.7,2,2026-04-01,Delivered
11188,1267,32,Running Shoes,Fashion,H&M,4440.42,1,2025-10-18,Delivered
11189,233,74,Fiction Novel,Books,HarperCollins,152.17,2,2025-06-08,Cancelled
11190,1991,88,Business Book,Books,Penguin,275.29,1,2024-10-16,Delivered
11191,1254,36,Denim Jeans,Fashion,Puma,2809.27,2,2026-01-08,Delivered
11192,1716,50,Mixer Grinder,Home & Kitchen,Pigeon,6559.6,1,2025-10-05,Delivered
11193,1672,101,Body Lotion,Beauty & Personal Care,Lakme,1844.08,1,2025-06-08,Cancelled
11194,412,81,Competitive Exam Guide,Books,Penguin,114.68,1,2026-03-05,Shipped
11195,1544,44,Handbag,Fashion,Van Heusen,2635.81,2,2025-11-23,Delivered
11196,1790,104,Lipstick,Beauty & Personal Care,Dove,977.28,2,2025-01-29,Delivered
11197,1519,12,LED TV 43-inch,Electronics,JBL,32916.14,1,2025-10-26,Delivered
11198,389,128,Resistance Band Set,Sports & Fitness,Decathlon,5745.58,1,2025-11-29,Delivered
11199,665,15,Laptop,Electronics,boAt,11414.96,1,2026-02-15,Cancelled
11200,23,99,Hair Serum,Beauty & Personal Care,Plum,1479.28,1,2025-07-24,Delivered
11201,1867,125,Football,Sports & Fitness,Cosco,5088.79,2,2026-06-08,Delivered
11202,230,104,Lipstick,Beauty & Personal Care,Dove,2263.52,3,2026-07-05,Delivered
11203,166,67,Wall Clock,Home & Kitchen,Cello,4745.2,2,2025-02-04,Delivered
11204,1456,68,Wall Clock,Home & Kitchen,Havells,8338.52,4,2026-02-08,Returned
11205,1160,66,Induction Cooktop,Home & Kitchen,Cello,10743.75,1,2026-06-24,Delivered
11206,1393,27,Men's T-Shirt,Fashion,Puma,1990.39,1,2025-03-17,Delivered
11207,678,39,Formal Shirt,Fashion,Allen Solly,4078.64,3,2026-03-29,Delivered
11208,378,112,Yoga Mat,Sports & Fitness,Nivia,3650.61,1,2025-07-16,Delivered
11209,547,82,Children's Story Book,Books,Rupa Publications,938.78,1,2025-02-01,Delivered
11210,121,102,Body Lotion,Beauty & Personal Care,Mamaearth,1305.71,2,2026-03-30,Delivered
11211,817,69,Wall Clock,Home & Kitchen,Philips,642.69,4,2026-06-16,Delivered
11212,1933,14,Laptop,Electronics,Xiaomi,3557.36,1,2026-02-21,Delivered
11213,474,46,Sunglasses,Fashion,H&M,4275.7,1,2025-09-12,Cancelled
11214,1461,128,Resistance Band Set,Sports & Fitness,Decathlon,1272.21,1,2026-05-15,Delivered
11215,1853,93,Face Wash,Beauty & Personal Care,Dove,1212.36,1,2026-03-01,Delivered
11216,984,104,Lipstick,Beauty & Personal Care,Dove,682.11,1,2026-02-27,Delivered
11217,1343,57,Air Fryer,Home & Kitchen,Pigeon,5255.08,2,2025-10-04,Delivered
11218,576,105,Lipstick,Beauty & Personal Care,Nivea,1407.92,1,2024-12-23,Delivered
11219,1342,54,Non-Stick Pan Set,Home & Kitchen,Philips,5498.47,1,2024-10-28,Delivered
11220,222,54,Non-Stick Pan Set,Home & Kitchen,Philips,379.78,1,2025-07-14,Delivered
11221,754,21,Bluetooth Speaker,Electronics,Apple,29486.89,1,2025-08-09,Delivered
11222,1928,79,Competitive Exam Guide,Books,Scholastic,568.0,1,2025-12-01,Delivered
11223,650,54,Non-Stick Pan Set,Home & Kitchen,Philips,11920.18,1,2026-04-08,Pending
11224,200,63,Water Bottle Set,Home & Kitchen,Cello,8804.44,1,2026-07-30,Delivered
11225,1857,84,Children's Story Book,Books,Scholastic,734.71,1,2026-03-05,Delivered
11226,317,2,Smartphone,Electronics,Apple,48465.96,1,2026-05-05,Delivered
11227,205,97,Hair Serum,Beauty & Personal Care,Lakme,1800.44,1,2026-03-08,Delivered
11228,592,23,Neckband Earphones,Electronics,JBL,87542.23,2,2025-07-11,Delivered
11229,1689,76,Self-Help Book,Books,Bloomsbury,567.6,1,2024-10-25,Delivered
11230,388,95,Sunscreen SPF50,Beauty & Personal Care,The Man Company,1273.49,1,2026-06-15,Delivered
11231,1114,105,Lipstick,Beauty & Personal Care,Nivea,1259.2,1,2026-01-07,Delivered
11232,1320,3,Smartphone,Electronics,boAt,15569.91,2,2025-10-26,Returned
11233,862,12,LED TV 43-inch,Electronics,JBL,71397.53,1,2025-10-17,Delivered
11234,1475,54,Non-Stick Pan Set,Home & Kitchen,Philips,7427.07,2,2026-02-20,Delivered
11235,833,6,Bluetooth Earbuds,Electronics,Sony,52297.35,1,2025-08-31,Shipped
11236,138,54,Non-Stick Pan Set,Home & Kitchen,Philips,9427.83,3,2026-02-26,Delivered
11237,906,97,Hair Serum,Beauty & Personal Care,Lakme,1290.04,2,2025-04-01,Delivered
11238,1399,34,Denim Jeans,Fashion,H&M,3559.6,1,2025-08-23,Delivered
11239,1012,57,Air Fryer,Home & Kitchen,Pigeon,530.49,1,2026-05-29,Delivered
11240,1378,72,Bedsheet Set,Home & Kitchen,Prestige,12497.21,4,2026-05-27,Delivered
11241,203,56,Air Fryer,Home & Kitchen,Prestige,4743.94,1,2026-05-26,Delivered
11242,1392,17,Power Bank 10000mAh,Electronics,Samsung,72621.81,1,2026-03-13,Delivered
11243,1453,71,Bedsheet Set,Home & Kitchen,Pigeon,9704.82,1,2025-07-19,Delivered
11244,1800,95,Sunscreen SPF50,Beauty & Personal Care,The Man Company,1412.56,1,2025-09-18,Delivered
11245,216,20,Bluetooth Speaker,Electronics,Xiaomi,42166.33,1,2025-04-14,Delivered
11246,1632,34,Denim Jeans,Fashion,H&M,897.05,4,2026-03-09,Delivered
11247,860,71,Bedsheet Set,Home & Kitchen,Pigeon,3291.87,1,2026-03-22,Delivered
11248,1575,64,Induction Cooktop,Home & Kitchen,Milton,4811.03,1,2025-04-24,Shipped
11249,1322,16,Power Bank 10000mAh,Electronics,OnePlus,78726.56,4,2026-06-04,Delivered
11250,86,103,Lipstick,Beauty & Personal Care,The Man Company,1014.68,1,2026-03-27,Delivered
11251,539,41,Casual Sneakers,Fashion,Allen Solly,1440.28,1,2025-08-31,Pending
11252,882,73,Fiction Novel,Books,Scholastic,493.38,1,2025-12-12,Cancelled
11253,597,86,Biography,Books,HarperCollins,817.9,1,2025-10-28,Delivered
11254,40,13,Laptop,Electronics,Sony,63501.6,2,2025-01-19,Delivered
11255,276,104,Lipstick,Beauty & Personal Care,Dove,969.9,1,2025-06-23,Delivered
11256,505,93,Face Wash,Beauty & Personal Care,Dove,2209.33,1,2026-01-07,Delivered
11257,1363,52,Non-Stick Pan Set,Home & Kitchen,Bajaj,10822.48,2,2026-01-26,Delivered
11258,849,34,Denim Jeans,Fashion,H&M,4138.75,1,2026-04-05,Delivered
11259,252,87,Biography,Books,Bloomsbury,721.7,3,2026-04-15,Delivered
11260,1984,64,Induction Cooktop,Home & Kitchen,Milton,7876.31,2,2025-01-08,Delivered
11261,502,112,Yoga Mat,Sports & Fitness,Nivia,999.08,1,2026-07-20,Cancelled
11262,1465,120,Dumbbell Set 10kg,Sports & Fitness,Yonex,4587.63,1,2026-03-02,Delivered
11263,1035,13,Laptop,Electronics,Sony,84351.41,1,2026-03-01,Delivered
11264,1644,99,Hair Serum,Beauty & Personal Care,Plum,1687.3,4,2026-02-04,Shipped
11265,547,15,Laptop,Electronics,boAt,30218.35,3,2025-11-08,Delivered
11266,1566,68,Wall Clock,Home & Kitchen,Havells,1881.77,1,2025-11-25,Delivered
11267,72,114,Yoga Mat,Sports & Fitness,Adidas,6168.02,3,2026-05-01,Delivered
11268,606,119,Dumbbell Set 10kg,Sports & Fitness,Adidas,1004.84,1,2024-10-16,Delivered
11269,394,88,Business Book,Books,Penguin,891.64,1,2025-06-16,Delivered
11270,1992,113,Yoga Mat,Sports & Fitness,Decathlon,5273.67,1,2025-05-31,Cancelled
11271,846,60,Table Lamp,Home & Kitchen,Pigeon,11005.9,1,2025-01-29,Delivered
11272,1837,3,Smartphone,Electronics,boAt,79543.97,1,2026-04-20,Pending
11273,1413,4,Bluetooth Earbuds,Electronics,Xiaomi,6112.26,1,2026-06-04,Delivered
11274,1082,44,Handbag,Fashion,Van Heusen,2921.25,2,2025-09-08,Delivered
11275,343,64,Induction Cooktop,Home & Kitchen,Milton,3255.41,1,2026-01-09,Returned
11276,1996,1,Smartphone,Electronics,Xiaomi,16116.26,1,2026-01-21,Delivered
11277,276,36,Denim Jeans,Fashion,Puma,998.22,1,2025-03-23,Shipped
11278,1911,1,Smartphone,Electronics,Xiaomi,66937.32,1,2024-10-29,Delivered
11279,998,108,Trimmer,Beauty & Personal Care,Lakme,724.09,1,2026-04-24,Delivered
11280,1992,14,Laptop,Electronics,Xiaomi,81239.53,1,2024-12-04,Cancelled
11281,349,83,Children's Story Book,Books,Penguin,245.71,1,2025-08-30,Delivered
11282,798,70,Bedsheet Set,Home & Kitchen,Bajaj,1445.39,3,2026-03-17,Delivered
11283,830,69,Wall Clock,Home & Kitchen,Philips,10450.3,1,2025-06-14,Delivered
11284,1513,112,Yoga Mat,Sports & Fitness,Nivia,4341.1,1,2026-07-29,Shipped
11285,1213,45,Handbag,Fashion,Allen Solly,2477.94,1,2023-12-21,Delivered
11286,45,69,Wall Clock,Home & Kitchen,Philips,11692.23,1,2026-02-21,Shipped
11287,382,44,Handbag,Fashion,Van Heusen,3935.63,2,2024-05-18,Delivered
11288,1273,43,Handbag,Fashion,Biba,4154.2,1,2025-09-09,Delivered
11289,1505,55,Air Fryer,Home & Kitchen,Bajaj,7601.85,1,2026-04-02,Returned
11290,594,114,Yoga Mat,Sports & Fitness,Adidas,2011.53,1,2025-03-07,Delivered
11291,1111,10,LED TV 43-inch,Electronics,Apple,82321.82,2,2025-08-30,Delivered
11292,853,37,Formal Shirt,Fashion,Van Heusen,3345.77,1,2025-02-13,Shipped
11293,1959,59,Table Lamp,Home & Kitchen,Havells,1749.3,4,2025-10-22,Delivered
11294,1559,46,Sunglasses,Fashion,H&M,4864.93,1,2026-01-18,Delivered
11295,1925,78,Self-Help Book,Books,HarperCollins,402.42,1,2025-03-07,Delivered
11296,1520,31,Running Shoes,Fashion,Biba,1320.16,3,2025-03-18,Delivered
11297,781,19,Bluetooth Speaker,Electronics,boAt,37981.2,2,2026-05-02,Delivered
11298,66,18,Power Bank 10000mAh,Electronics,Sony,54079.42,1,2026-05-05,Delivered
11299,394,68,Wall Clock,Home & Kitchen,Havells,8091.74,1,2026-06-08,Delivered
11300,516,72,Bedsheet Set,Home & Kitchen,Prestige,2105.28,4,2026-02-05,Delivered
11301,847,52,Non-Stick Pan Set,Home & Kitchen,Bajaj,6857.99,2,2025-11-28,Delivered
11302,26,97,Hair Serum,Beauty & Personal Care,Lakme,1850.76,1,2025-11-05,Delivered
11303,1123,99,Hair Serum,Beauty & Personal Care,Plum,685.97,2,2026-01-19,Cancelled
11304,693,7,Smartwatch,Electronics,Samsung,73194.62,3,2025-06-19,Cancelled
11305,18,112,Yoga Mat,Sports & Fitness,Nivia,5434.94,1,2025-12-13,Delivered
11306,858,27,Men's T-Shirt,Fashion,Puma,1037.59,2,2025-09-27,Returned
11307,1729,41,Casual Sneakers,Fashion,Allen Solly,2568.75,1,2026-02-27,Delivered
11308,477,16,Power Bank 10000mAh,Electronics,OnePlus,5643.55,1,2026-07-28,Delivered
11309,25,29,Women's Kurta,Fashion,Allen Solly,586.03,1,2026-02-28,Delivered
11310,356,44,Handbag,Fashion,Van Heusen,827.08,3,2026-02-16,Delivered
11311,1746,124,Football,Sports & Fitness,Nivia,3678.49,1,2026-05-23,Returned
11312,216,42,Casual Sneakers,Fashion,Biba,2298.65,1,2025-07-06,Delivered
11313,161,101,Body Lotion,Beauty & Personal Care,Lakme,563.03,1,2026-03-18,Delivered
11314,728,94,Sunscreen SPF50,Beauty & Personal Care,Mamaearth,1014.5,1,2026-04-20,Delivered
11315,1169,23,Neckband Earphones,Electronics,JBL,29104.19,1,2025-07-15,Pending
11316,359,14,Laptop,Electronics,Xiaomi,32871.49,1,2026-04-19,Shipped
11317,1452,121,Badminton Racket,Sports & Fitness,Cosco,624.93,1,2025-08-14,Delivered
11318,988,66,Induction Cooktop,Home & Kitchen,Cello,10326.47,1,2025-03-18,Delivered
11319,1729,101,Body Lotion,Beauty & Personal Care,Lakme,1100.68,1,2026-03-08,Delivered
11320,525,48,Sunglasses,Fashion,Puma,4512.8,2,2026-05-01,Delivered
11321,219,58,Table Lamp,Home & Kitchen,Prestige,10220.73,1,2026-01-05,Delivered
11322,139,16,Power Bank 10000mAh,Electronics,OnePlus,54631.2,2,2025-06-12,Delivered
11323,941,66,Induction Cooktop,Home & Kitchen,Cello,9417.8,1,2025-11-08,Delivered
11324,1944,56,Air Fryer,Home & Kitchen,Prestige,12051.47,1,2026-05-23,Delivered
11325,28,45,Handbag,Fashion,Allen Solly,1261.79,2,2025-04-23,Delivered
11326,154,32,Running Shoes,Fashion,H&M,3824.67,3,2025-04-10,Delivered
11327,363,29,Women's Kurta,Fashion,Allen Solly,2001.8,1,2025-11-30,Delivered
11328,1785,3,Smartphone,Electronics,boAt,29861.68,1,2025-02-04,Returned
11329,1467,28,Women's Kurta,Fashion,Levis,3674.61,1,2025-10-30,Delivered
11330,1013,124,Football,Sports & Fitness,Nivia,2829.91,1,2024-09-10,Cancelled
11331,1069,109,Perfume,Beauty & Personal Care,The Man Company,448.42,1,2026-01-12,Delivered
11332,1656,101,Body Lotion,Beauty & Personal Care,Lakme,484.02,1,2025-12-12,Delivered
11333,243,51,Mixer Grinder,Home & Kitchen,Philips,9204.75,1,2025-12-19,Delivered
11334,312,79,Competitive Exam Guide,Books,Scholastic,338.71,3,2025-10-02,Delivered
11335,1492,99,Hair Serum,Beauty & Personal Care,Plum,704.51,1,2025-03-10,Delivered
11336,909,101,Body Lotion,Beauty & Personal Care,Lakme,1972.02,4,2024-01-09,Delivered
11337,1868,108,Trimmer,Beauty & Personal Care,Lakme,371.67,1,2026-02-16,Shipped
11338,1589,121,Badminton Racket,Sports & Fitness,Cosco,3046.51,1,2025-02-19,Delivered
11339,1010,99,Hair Serum,Beauty & Personal Care,Plum,1757.17,1,2025-10-08,Delivered
11340,1925,60,Table Lamp,Home & Kitchen,Pigeon,2773.55,2,2025-02-12,Delivered
11341,1132,88,Business Book,Books,Penguin,836.98,2,2026-03-20,Delivered
11342,1632,79,Competitive Exam Guide,Books,Scholastic,612.47,1,2026-02-25,Delivered
11343,342,83,Children's Story Book,Books,Penguin,892.47,1,2025-04-09,Delivered
11344,232,57,Air Fryer,Home & Kitchen,Pigeon,7951.3,1,2026-01-28,Delivered
11345,1492,55,Air Fryer,Home & Kitchen,Bajaj,4788.95,1,2024-11-04,Delivered
11346,1037,124,Football,Sports & Fitness,Nivia,6842.73,1,2025-03-22,Delivered
11347,1577,17,Power Bank 10000mAh,Electronics,Samsung,54894.19,1,2026-02-11,Shipped
11348,841,115,Cricket Bat,Sports & Fitness,Nivia,5461.55,3,2025-01-12,Delivered
11349,745,110,Perfume,Beauty & Personal Care,Lakme,1677.11,1,2025-06-26,Delivered
11350,1054,101,Body Lotion,Beauty & Personal Care,Lakme,156.26,1,2026-07-12,Delivered
11351,1895,103,Lipstick,Beauty & Personal Care,The Man Company,2258.7,1,2025-12-27,Delivered
11352,1103,125,Football,Sports & Fitness,Cosco,2224.3,1,2025-05-06,Delivered
11353,624,104,Lipstick,Beauty & Personal Care,Dove,425.68,4,2025-11-01,Delivered
11354,1946,85,Biography,Books,Scholastic,136.38,1,2026-01-28,Delivered
11355,190,5,Bluetooth Earbuds,Electronics,boAt,77739.83,1,2026-08-17,Delivered
11356,238,24,Neckband Earphones,Electronics,Realme,6206.82,1,2025-11-30,Delivered
11357,1972,64,Induction Cooktop,Home & Kitchen,Milton,8240.1,1,2026-06-13,Delivered
11358,181,80,Competitive Exam Guide,Books,HarperCollins,674.29,3,2026-04-11,Shipped
11359,934,51,Mixer Grinder,Home & Kitchen,Philips,5588.47,1,2025-09-07,Delivered
11360,1942,39,Formal Shirt,Fashion,Allen Solly,2910.29,2,2026-06-12,Delivered
11361,1142,70,Bedsheet Set,Home & Kitchen,Bajaj,9329.12,1,2025-08-12,Delivered
11362,1978,101,Body Lotion,Beauty & Personal Care,Lakme,1493.43,2,2026-01-01,Shipped
11363,1331,28,Women's Kurta,Fashion,Levis,1851.72,2,2026-07-08,Delivered
11364,971,16,Power Bank 10000mAh,Electronics,OnePlus,55014.84,1,2025-12-04,Cancelled
11365,214,101,Body Lotion,Beauty & Personal Care,Lakme,751.32,2,2026-07-29,Delivered
11366,781,4,Bluetooth Earbuds,Electronics,Xiaomi,88725.87,2,2024-09-29,Delivered
11367,631,44,Handbag,Fashion,Van Heusen,4373.52,1,2025-12-31,Delivered
11368,416,97,Hair Serum,Beauty & Personal Care,Lakme,1354.23,3,2025-03-03,Delivered
11369,1868,59,Table Lamp,Home & Kitchen,Havells,1099.35,1,2026-02-24,Delivered
11370,1412,127,Resistance Band Set,Sports & Fitness,Nivia,2972.01,1,2025-08-06,Cancelled
11371,562,39,Formal Shirt,Fashion,Allen Solly,827.08,1,2024-11-18,Delivered
11372,1567,37,Formal Shirt,Fashion,Van Heusen,3239.36,1,2026-01-17,Pending
11373,631,106,Trimmer,Beauty & Personal Care,Mamaearth,1873.38,1,2025-12-31,Delivered
11374,1546,6,Bluetooth Earbuds,Electronics,Sony,15026.04,2,2026-02-03,Delivered
11375,280,40,Casual Sneakers,Fashion,Levis,2681.36,2,2025-07-15,Delivered
11376,209,9,Smartwatch,Electronics,boAt,30718.04,1,2024-09-01,Delivered
11377,176,67,Wall Clock,Home & Kitchen,Cello,8852.21,3,2024-10-26,Delivered
11378,405,37,Formal Shirt,Fashion,Van Heusen,1798.53,1,2025-05-14,Pending
11379,368,32,Running Shoes,Fashion,H&M,2421.29,1,2025-12-07,Delivered
11380,108,83,Children's Story Book,Books,Penguin,843.76,3,2026-03-22,Delivered
11381,400,97,Hair Serum,Beauty & Personal Care,Lakme,1831.95,1,2025-02-01,Delivered
11382,854,72,Bedsheet Set,Home & Kitchen,Prestige,7265.82,1,2025-09-19,Delivered
11383,839,102,Body Lotion,Beauty & Personal Care,Mamaearth,1763.51,1,2025-04-24,Delivered
11384,1484,64,Induction Cooktop,Home & Kitchen,Milton,6728.85,1,2026-03-30,Delivered
11385,851,116,Cricket Bat,Sports & Fitness,Adidas,2813.3,1,2026-02-08,Delivered
11386,1140,71,Bedsheet Set,Home & Kitchen,Pigeon,11031.53,1,2025-09-10,Cancelled
11387,1423,24,Neckband Earphones,Electronics,Realme,28267.62,1,2025-01-04,Delivered
11388,24,50,Mixer Grinder,Home & Kitchen,Pigeon,7942.58,1,2025-04-03,Cancelled
11389,596,29,Women's Kurta,Fashion,Allen Solly,3856.33,4,2025-09-17,Delivered
11390,183,66,Induction Cooktop,Home & Kitchen,Cello,2125.8,3,2025-03-25,Cancelled
11391,1315,102,Body Lotion,Beauty & Personal Care,Mamaearth,2090.0,3,2024-09-28,Delivered
11392,1302,108,Trimmer,Beauty & Personal Care,Lakme,483.9,1,2025-11-03,Delivered
11393,977,2,Smartphone,Electronics,Apple,32485.85,1,2025-02-11,Delivered
11394,1051,53,Non-Stick Pan Set,Home & Kitchen,Pigeon,1620.25,1,2026-07-12,Delivered
11395,840,56,Air Fryer,Home & Kitchen,Prestige,981.37,1,2025-10-04,Shipped
11396,1924,45,Handbag,Fashion,Allen Solly,521.04,2,2026-06-16,Delivered
11397,1952,129,Resistance Band Set,Sports & Fitness,Yonex,705.09,1,2025-11-06,Delivered
11398,1058,1,Smartphone,Electronics,Xiaomi,80441.43,1,2025-12-15,Delivered
11399,831,91,Face Wash,Beauty & Personal Care,The Man Company,356.63,2,2026-08-17,Delivered
11400,1690,78,Self-Help Book,Books,HarperCollins,371.1,1,2025-06-01,Delivered
11401,46,10,LED TV 43-inch,Electronics,Apple,38439.51,1,2026-02-16,Delivered
11402,1739,38,Formal Shirt,Fashion,Levis,2930.2,1,2024-07-04,Delivered
11403,1361,6,Bluetooth Earbuds,Electronics,Sony,58814.61,2,2026-03-21,Delivered
11404,152,112,Yoga Mat,Sports & Fitness,Nivia,5639.92,2,2024-11-06,Delivered
11405,1154,67,Wall Clock,Home & Kitchen,Cello,9371.65,2,2025-02-15,Delivered
11406,246,87,Biography,Books,Bloomsbury,335.28,1,2025-01-29,Delivered
11407,372,8,Smartwatch,Electronics,OnePlus,27049.27,1,2025-06-27,Delivered
11408,367,110,Perfume,Beauty & Personal Care,Lakme,516.41,2,2024-10-06,Delivered
11409,609,5,Bluetooth Earbuds,Electronics,boAt,43711.71,1,2026-01-14,Delivered
11410,876,94,Sunscreen SPF50,Beauty & Personal Care,Mamaearth,1616.36,1,2026-02-13,Delivered
11411,549,23,Neckband Earphones,Electronics,JBL,58122.6,1,2026-02-03,Delivered
11412,116,93,Face Wash,Beauty & Personal Care,Dove,1608.16,1,2026-07-12,Pending
11413,1799,74,Fiction Novel,Books,HarperCollins,154.55,2,2025-03-09,Delivered
11414,1942,30,Women's Kurta,Fashion,Biba,3952.0,2,2026-06-16,Delivered
11415,1725,54,Non-Stick Pan Set,Home & Kitchen,Philips,12851.73,1,2025-09-24,Delivered
11416,1726,83,Children's Story Book,Books,Penguin,616.89,2,2024-12-24,Delivered
11417,1268,97,Hair Serum,Beauty & Personal Care,Lakme,2407.73,2,2025-11-01,Delivered
11418,138,13,Laptop,Electronics,Sony,4559.25,1,2025-11-25,Delivered
11419,1820,42,Casual Sneakers,Fashion,Biba,3907.32,1,2025-07-14,Shipped
11420,1281,70,Bedsheet Set,Home & Kitchen,Bajaj,8442.69,1,2025-04-10,Delivered
11421,420,101,Body Lotion,Beauty & Personal Care,Lakme,224.55,1,2025-01-30,Delivered
11422,1547,81,Competitive Exam Guide,Books,Penguin,360.25,2,2025-12-29,Delivered
11423,1306,102,Body Lotion,Beauty & Personal Care,Mamaearth,1331.58,1,2026-07-03,Delivered
11424,1594,14,Laptop,Electronics,Xiaomi,70459.28,1,2025-07-24,Cancelled
11425,1291,93,Face Wash,Beauty & Personal Care,Dove,1503.47,1,2024-10-30,Delivered
11426,147,24,Neckband Earphones,Electronics,Realme,23095.04,1,2025-09-23,Delivered
11427,1000,76,Self-Help Book,Books,Bloomsbury,449.31,1,2026-03-26,Delivered
11428,1666,122,Badminton Racket,Sports & Fitness,Yonex,4136.44,1,2025-01-11,Delivered
11429,1799,36,Denim Jeans,Fashion,Puma,2138.4,1,2025-08-07,Delivered
11430,1366,96,Sunscreen SPF50,Beauty & Personal Care,Plum,2391.95,1,2024-12-31,Delivered
11431,1759,15,Laptop,Electronics,boAt,57172.84,1,2026-02-17,Delivered
11432,677,35,Denim Jeans,Fashion,Van Heusen,4445.93,1,2025-01-01,Shipped
11433,494,108,Trimmer,Beauty & Personal Care,Lakme,1906.37,1,2026-02-16,Delivered
11434,1216,66,Induction Cooktop,Home & Kitchen,Cello,560.74,1,2026-03-23,Returned
11435,1974,12,LED TV 43-inch,Electronics,JBL,13239.65,1,2025-12-27,Delivered
11436,1037,56,Air Fryer,Home & Kitchen,Prestige,2954.76,1,2025-07-22,Delivered
11437,48,87,Biography,Books,Bloomsbury,556.42,1,2024-12-08,Delivered
11438,246,95,Sunscreen SPF50,Beauty & Personal Care,The Man Company,385.32,1,2026-02-26,Delivered
11439,1084,105,Lipstick,Beauty & Personal Care,Nivea,1790.97,1,2026-01-13,Delivered
11440,1098,119,Dumbbell Set 10kg,Sports & Fitness,Adidas,1160.19,1,2024-05-29,Shipped
11441,986,33,Running Shoes,Fashion,Roadster,1597.2,4,2025-06-09,Delivered
11442,156,35,Denim Jeans,Fashion,Van Heusen,4273.75,1,2025-03-21,Delivered
11443,966,76,Self-Help Book,Books,Bloomsbury,613.4,1,2025-02-04,Returned
11444,1290,31,Running Shoes,Fashion,Biba,3651.39,1,2026-08-17,Delivered
11445,1746,109,Perfume,Beauty & Personal Care,The Man Company,575.83,3,2024-10-11,Pending
11446,1633,59,Table Lamp,Home & Kitchen,Havells,9881.04,2,2026-02-12,Delivered
11447,922,107,Trimmer,Beauty & Personal Care,Plum,1013.26,4,2025-01-05,Delivered
11448,1627,46,Sunglasses,Fashion,H&M,3037.3,2,2024-09-30,Shipped
11449,1006,50,Mixer Grinder,Home & Kitchen,Pigeon,4668.6,1,2025-05-02,Delivered
11450,973,123,Badminton Racket,Sports & Fitness,Decathlon,4272.75,1,2025-05-08,Delivered
11451,974,63,Water Bottle Set,Home & Kitchen,Cello,11572.1,2,2025-10-04,Delivered
11452,254,92,Face Wash,Beauty & Personal Care,Plum,588.78,1,2026-04-23,Delivered
11453,771,63,Water Bottle Set,Home & Kitchen,Cello,12188.79,1,2025-12-08,Delivered
11454,215,110,Perfume,Beauty & Personal Care,Lakme,2204.93,1,2026-03-15,Delivered
11455,1393,32,Running Shoes,Fashion,H&M,3177.11,1,2025-02-18,Delivered
11456,366,78,Self-Help Book,Books,HarperCollins,279.88,1,2025-09-24,Shipped
11457,299,114,Yoga Mat,Sports & Fitness,Adidas,1957.58,1,2026-01-18,Delivered
11458,1233,89,Business Book,Books,Bloomsbury,445.39,1,2026-01-29,Delivered
11459,162,108,Trimmer,Beauty & Personal Care,Lakme,1628.91,1,2026-07-06,Delivered
11460,73,100,Body Lotion,Beauty & Personal Care,The Man Company,1223.94,1,2026-06-15,Returned
11461,1824,3,Smartphone,Electronics,boAt,39047.01,2,2025-08-15,Shipped
11462,1587,33,Running Shoes,Fashion,Roadster,4955.86,1,2026-02-24,Delivered
11463,1307,21,Bluetooth Speaker,Electronics,Apple,61915.72,4,2025-12-25,Delivered
11464,1928,87,Biography,Books,Bloomsbury,971.3,1,2026-06-29,Delivered
11465,729,25,Men's T-Shirt,Fashion,Allen Solly,1193.7,1,2026-03-30,Delivered
11466,1036,7,Smartwatch,Electronics,Samsung,2895.9,1,2025-09-15,Cancelled
11467,1601,116,Cricket Bat,Sports & Fitness,Adidas,5874.18,1,2025-07-10,Delivered
11468,598,95,Sunscreen SPF50,Beauty & Personal Care,The Man Company,297.51,1,2025-04-10,Delivered
11469,1678,63,Water Bottle Set,Home & Kitchen,Cello,2523.4,1,2025-08-03,Delivered
11470,1391,30,Women's Kurta,Fashion,Biba,489.53,1,2026-01-28,Delivered
11471,1258,20,Bluetooth Speaker,Electronics,Xiaomi,11117.24,2,2025-09-01,Delivered
11472,1145,3,Smartphone,Electronics,boAt,65389.15,1,2024-12-29,Delivered
11473,1794,28,Women's Kurta,Fashion,Levis,3663.18,1,2025-11-11,Delivered
11474,1975,61,Water Bottle Set,Home & Kitchen,Philips,7284.01,1,2025-07-29,Delivered
11475,1606,87,Biography,Books,Bloomsbury,833.15,1,2026-06-19,Returned
11476,1876,52,Non-Stick Pan Set,Home & Kitchen,Bajaj,2758.9,1,2026-07-13,Shipped
11477,1720,16,Power Bank 10000mAh,Electronics,OnePlus,79257.85,1,2025-09-26,Delivered
11478,417,35,Denim Jeans,Fashion,Van Heusen,3731.22,1,2024-08-02,Delivered
11479,859,106,Trimmer,Beauty & Personal Care,Mamaearth,1408.15,1,2025-09-27,Delivered
11480,1013,104,Lipstick,Beauty & Personal Care,Dove,274.33,1,2025-06-03,Delivered
11481,299,123,Badminton Racket,Sports & Fitness,Decathlon,4809.55,1,2026-03-29,Delivered
11482,761,103,Lipstick,Beauty & Personal Care,The Man Company,1601.37,1,2026-01-10,Delivered
11483,1654,15,Laptop,Electronics,boAt,64021.87,1,2026-04-23,Delivered
11484,1581,116,Cricket Bat,Sports & Fitness,Adidas,4395.79,1,2025-10-07,Delivered
11485,1492,11,LED TV 43-inch,Electronics,boAt,21955.98,1,2026-04-13,Delivered
11486,441,11,LED TV 43-inch,Electronics,boAt,3810.78,2,2026-08-01,Returned
11487,672,72,Bedsheet Set,Home & Kitchen,Prestige,8899.8,2,2024-04-21,Delivered
11488,2000,127,Resistance Band Set,Sports & Fitness,Nivia,1514.37,1,2025-06-01,Delivered
11489,884,39,Formal Shirt,Fashion,Allen Solly,1469.58,1,2025-06-23,Shipped
11490,247,75,Fiction Novel,Books,Bloomsbury,931.81,2,2026-01-17,Delivered
11491,727,64,Induction Cooktop,Home & Kitchen,Milton,638.74,1,2025-11-16,Cancelled
11492,458,20,Bluetooth Speaker,Electronics,Xiaomi,34310.83,4,2024-01-15,Delivered
11493,170,6,Bluetooth Earbuds,Electronics,Sony,12798.15,1,2026-01-07,Delivered
11494,1681,113,Yoga Mat,Sports & Fitness,Decathlon,5612.31,1,2026-05-27,Delivered
11495,888,82,Children's Story Book,Books,Rupa Publications,577.38,1,2025-08-17,Delivered
11496,793,42,Casual Sneakers,Fashion,Biba,4842.48,1,2024-07-20,Delivered
11497,734,38,Formal Shirt,Fashion,Levis,1662.43,1,2026-05-15,Returned
11498,293,2,Smartphone,Electronics,Apple,77294.07,1,2025-08-17,Delivered
11499,1956,55,Air Fryer,Home & Kitchen,Bajaj,5156.32,1,2026-05-02,Delivered
11500,1467,87,Biography,Books,Bloomsbury,818.45,1,2025-05-23,Delivered
11501,1358,88,Business Book,Books,Penguin,947.44,3,2025-12-25,Cancelled
11502,362,101,Body Lotion,Beauty & Personal Care,Lakme,1357.23,1,2025-03-25,Delivered
11503,1286,11,LED TV 43-inch,Electronics,boAt,35753.99,2,2025-11-26,Delivered
11504,1718,37,Formal Shirt,Fashion,Van Heusen,4041.7,1,2026-05-10,Delivered
11505,1126,89,Business Book,Books,Bloomsbury,373.62,1,2024-09-07,Shipped
11506,1509,46,Sunglasses,Fashion,H&M,3189.98,1,2026-03-03,Delivered
11507,1900,29,Women's Kurta,Fashion,Allen Solly,3250.19,1,2025-02-05,Shipped
11508,1317,16,Power Bank 10000mAh,Electronics,OnePlus,6184.78,1,2025-09-03,Delivered
11509,1558,110,Perfume,Beauty & Personal Care,Lakme,229.26,1,2026-05-29,Delivered
11510,1755,44,Handbag,Fashion,Van Heusen,979.55,1,2026-03-16,Delivered
11511,1105,79,Competitive Exam Guide,Books,Scholastic,806.51,1,2026-06-21,Delivered
11512,1073,80,Competitive Exam Guide,Books,HarperCollins,562.46,3,2025-07-02,Delivered
11513,1844,105,Lipstick,Beauty & Personal Care,Nivea,1489.39,1,2026-01-30,Delivered
11514,342,12,LED TV 43-inch,Electronics,JBL,50979.01,1,2025-03-24,Delivered
11515,1502,24,Neckband Earphones,Electronics,Realme,20000.97,1,2026-05-25,Delivered
11516,1691,21,Bluetooth Speaker,Electronics,Apple,29050.84,1,2024-09-16,Delivered
11517,768,32,Running Shoes,Fashion,H&M,585.23,1,2024-08-18,Cancelled
11518,703,42,Casual Sneakers,Fashion,Biba,2199.42,1,2026-07-14,Delivered
11519,1700,125,Football,Sports & Fitness,Cosco,5258.01,1,2025-05-20,Delivered
11520,1667,74,Fiction Novel,Books,HarperCollins,614.06,1,2025-09-11,Delivered
11521,712,60,Table Lamp,Home & Kitchen,Pigeon,10638.79,2,2024-04-25,Delivered
11522,1025,79,Competitive Exam Guide,Books,Scholastic,869.5,2,2024-07-30,Delivered
11523,931,66,Induction Cooktop,Home & Kitchen,Cello,9212.76,1,2026-05-18,Delivered
11524,759,120,Dumbbell Set 10kg,Sports & Fitness,Yonex,1052.83,2,2026-06-14,Delivered
11525,718,38,Formal Shirt,Fashion,Levis,1616.57,1,2026-02-16,Delivered
11526,1317,84,Children's Story Book,Books,Scholastic,373.92,2,2026-03-14,Delivered
11527,348,50,Mixer Grinder,Home & Kitchen,Pigeon,3938.72,1,2026-04-02,Delivered
11528,327,76,Self-Help Book,Books,Bloomsbury,597.33,1,2025-04-19,Cancelled
11529,1467,82,Children's Story Book,Books,Rupa Publications,507.87,1,2025-10-10,Delivered
11530,1523,86,Biography,Books,HarperCollins,693.53,1,2025-04-26,Delivered
11531,1609,119,Dumbbell Set 10kg,Sports & Fitness,Adidas,6602.2,1,2024-12-03,Delivered
11532,936,41,Casual Sneakers,Fashion,Allen Solly,2845.32,1,2026-01-22,Delivered
11533,281,84,Children's Story Book,Books,Scholastic,660.46,1,2026-03-22,Delivered
11534,109,57,Air Fryer,Home & Kitchen,Pigeon,10427.24,1,2025-12-17,Shipped
11535,1694,5,Bluetooth Earbuds,Electronics,boAt,10247.02,1,2026-02-12,Delivered
11536,226,63,Water Bottle Set,Home & Kitchen,Cello,2017.31,3,2026-02-03,Delivered
11537,1103,77,Self-Help Book,Books,Scholastic,631.8,1,2025-09-05,Delivered
11538,989,71,Bedsheet Set,Home & Kitchen,Pigeon,9622.14,1,2024-11-11,Delivered
11539,491,23,Neckband Earphones,Electronics,JBL,17111.26,3,2026-05-02,Delivered
11540,30,103,Lipstick,Beauty & Personal Care,The Man Company,225.23,1,2025-11-02,Delivered
11541,549,106,Trimmer,Beauty & Personal Care,Mamaearth,2003.2,2,2026-01-13,Delivered
11542,522,98,Hair Serum,Beauty & Personal Care,Mamaearth,1918.22,1,2025-01-10,Delivered
11543,136,4,Bluetooth Earbuds,Electronics,Xiaomi,37393.8,1,2025-12-18,Delivered
11544,92,54,Non-Stick Pan Set,Home & Kitchen,Philips,8322.69,1,2026-05-15,Delivered
11545,1587,23,Neckband Earphones,Electronics,JBL,77994.3,1,2026-03-28,Shipped
11546,945,6,Bluetooth Earbuds,Electronics,Sony,61141.64,1,2025-06-21,Shipped
11547,536,103,Lipstick,Beauty & Personal Care,The Man Company,686.8,1,2026-01-13,Delivered
11548,289,10,LED TV 43-inch,Electronics,Apple,89713.39,3,2025-08-12,Delivered
11549,1512,125,Football,Sports & Fitness,Cosco,4084.45,1,2025-10-26,Shipped
11550,694,57,Air Fryer,Home & Kitchen,Pigeon,4406.36,1,2026-08-17,Shipped
11551,1961,111,Perfume,Beauty & Personal Care,Plum,720.51,1,2025-01-22,Delivered
11552,1855,92,Face Wash,Beauty & Personal Care,Plum,238.75,1,2026-02-28,Delivered
11553,1159,41,Casual Sneakers,Fashion,Allen Solly,781.25,1,2026-02-28,Delivered
11554,1398,84,Children's Story Book,Books,Scholastic,926.41,2,2026-04-12,Shipped
11555,991,74,Fiction Novel,Books,HarperCollins,789.72,3,2025-12-17,Delivered
11556,1565,115,Cricket Bat,Sports & Fitness,Nivia,4374.41,2,2026-06-04,Delivered
11557,113,60,Table Lamp,Home & Kitchen,Pigeon,12138.21,2,2025-11-22,Returned
11558,482,27,Men's T-Shirt,Fashion,Puma,3945.67,2,2025-07-18,Delivered
11559,1720,118,Dumbbell Set 10kg,Sports & Fitness,Decathlon,355.62,1,2024-08-23,Delivered
11560,1206,119,Dumbbell Set 10kg,Sports & Fitness,Adidas,674.92,1,2025-03-13,Delivered
11561,126,7,Smartwatch,Electronics,Samsung,39676.13,3,2024-10-24,Delivered
11562,1697,86,Biography,Books,HarperCollins,290.53,4,2026-04-16,Delivered
11563,1023,102,Body Lotion,Beauty & Personal Care,Mamaearth,2196.91,1,2024-02-02,Pending
11564,380,32,Running Shoes,Fashion,H&M,4281.74,1,2025-03-14,Delivered
11565,986,41,Casual Sneakers,Fashion,Allen Solly,2169.08,1,2024-12-26,Delivered
11566,1798,19,Bluetooth Speaker,Electronics,boAt,6185.13,1,2025-11-04,Delivered
11567,1216,105,Lipstick,Beauty & Personal Care,Nivea,2063.19,1,2025-02-11,Cancelled
11568,1634,129,Resistance Band Set,Sports & Fitness,Yonex,6733.07,1,2024-12-17,Delivered
11569,650,97,Hair Serum,Beauty & Personal Care,Lakme,1803.55,1,2025-05-29,Delivered
11570,1931,77,Self-Help Book,Books,Scholastic,929.14,1,2025-10-26,Delivered
11571,1364,98,Hair Serum,Beauty & Personal Care,Mamaearth,1549.99,1,2026-01-07,Shipped
11572,425,82,Children's Story Book,Books,Rupa Publications,229.12,1,2025-02-09,Delivered
11573,1727,106,Trimmer,Beauty & Personal Care,Mamaearth,1704.01,1,2026-06-17,Delivered
11574,1938,106,Trimmer,Beauty & Personal Care,Mamaearth,1362.33,1,2026-04-04,Delivered
11575,21,120,Dumbbell Set 10kg,Sports & Fitness,Yonex,3990.96,1,2024-03-31,Shipped
11576,820,4,Bluetooth Earbuds,Electronics,Xiaomi,24123.04,2,2026-02-17,Delivered
11577,1773,109,Perfume,Beauty & Personal Care,The Man Company,785.53,1,2025-12-14,Shipped
11578,1975,124,Football,Sports & Fitness,Nivia,488.97,1,2026-03-20,Delivered
11579,6,26,Men's T-Shirt,Fashion,Nike,640.48,1,2025-08-18,Delivered
11580,1767,57,Air Fryer,Home & Kitchen,Pigeon,405.52,1,2026-02-02,Delivered
11581,627,47,Sunglasses,Fashion,Biba,3825.12,4,2026-03-06,Delivered
11582,1401,75,Fiction Novel,Books,Bloomsbury,927.29,3,2026-02-27,Delivered
11583,1928,12,LED TV 43-inch,Electronics,JBL,14272.56,2,2024-11-07,Pending
11584,403,64,Induction Cooktop,Home & Kitchen,Milton,8530.45,1,2026-07-31,Delivered
11585,924,51,Mixer Grinder,Home & Kitchen,Philips,9999.88,1,2024-06-01,Returned
11586,996,120,Dumbbell Set 10kg,Sports & Fitness,Yonex,3952.97,1,2024-09-24,Delivered
11587,799,81,Competitive Exam Guide,Books,Penguin,985.59,2,2026-04-11,Delivered
11588,476,22,Neckband Earphones,Electronics,Samsung,29526.99,3,2026-02-18,Pending
11589,779,111,Perfume,Beauty & Personal Care,Plum,294.54,2,2024-11-04,Delivered
11590,546,70,Bedsheet Set,Home & Kitchen,Bajaj,2917.26,2,2025-11-27,Delivered
11591,1678,57,Air Fryer,Home & Kitchen,Pigeon,3595.58,1,2026-02-15,Delivered
11592,699,85,Biography,Books,Scholastic,851.91,1,2024-07-12,Cancelled
11593,51,60,Table Lamp,Home & Kitchen,Pigeon,2135.62,1,2025-03-04,Delivered
11594,488,112,Yoga Mat,Sports & Fitness,Nivia,6699.09,1,2025-05-21,Delivered
11595,121,40,Casual Sneakers,Fashion,Levis,4148.46,1,2026-04-25,Delivered
11596,690,128,Resistance Band Set,Sports & Fitness,Decathlon,3965.89,1,2025-10-23,Delivered
11597,1885,86,Biography,Books,HarperCollins,660.97,2,2025-04-15,Cancelled
11598,471,82,Children's Story Book,Books,Rupa Publications,203.6,1,2026-03-31,Delivered
11599,1426,99,Hair Serum,Beauty & Personal Care,Plum,961.79,1,2026-02-11,Delivered
11600,1056,44,Handbag,Fashion,Van Heusen,1073.77,1,2025-02-09,Delivered
11601,777,59,Table Lamp,Home & Kitchen,Havells,10660.94,2,2026-01-15,Delivered
11602,1260,13,Laptop,Electronics,Sony,30368.06,4,2025-05-06,Delivered
11603,620,37,Formal Shirt,Fashion,Van Heusen,4472.27,1,2025-09-02,Cancelled
11604,956,20,Bluetooth Speaker,Electronics,Xiaomi,66554.4,2,2025-11-28,Delivered
11605,187,103,Lipstick,Beauty & Personal Care,The Man Company,1504.51,2,2025-04-09,Delivered
11606,1707,120,Dumbbell Set 10kg,Sports & Fitness,Yonex,6209.51,1,2025-08-10,Cancelled
11607,1220,120,Dumbbell Set 10kg,Sports & Fitness,Yonex,3828.4,3,2025-10-14,Delivered
11608,804,93,Face Wash,Beauty & Personal Care,Dove,746.3,2,2026-02-22,Delivered
11609,1347,110,Perfume,Beauty & Personal Care,Lakme,396.58,1,2026-05-14,Delivered
11610,165,106,Trimmer,Beauty & Personal Care,Mamaearth,886.3,1,2026-06-18,Delivered
11611,863,101,Body Lotion,Beauty & Personal Care,Lakme,1566.16,1,2025-01-20,Delivered
11612,913,85,Biography,Books,Scholastic,632.76,2,2025-09-21,Delivered
11613,554,26,Men's T-Shirt,Fashion,Nike,3676.36,1,2024-10-14,Returned
11614,1233,83,Children's Story Book,Books,Penguin,833.41,2,2026-02-03,Delivered
11615,76,65,Induction Cooktop,Home & Kitchen,Prestige,2526.98,3,2024-11-20,Delivered
11616,477,39,Formal Shirt,Fashion,Allen Solly,1831.37,2,2026-08-17,Delivered
11617,488,68,Wall Clock,Home & Kitchen,Havells,8498.74,1,2024-06-17,Delivered
11618,657,9,Smartwatch,Electronics,boAt,69673.23,1,2024-12-04,Delivered
11619,605,124,Football,Sports & Fitness,Nivia,3165.38,1,2025-09-18,Delivered
11620,451,83,Children's Story Book,Books,Penguin,159.73,3,2025-04-01,Pending
11621,846,27,Men's T-Shirt,Fashion,Puma,2523.5,1,2026-02-19,Delivered
11622,176,29,Women's Kurta,Fashion,Allen Solly,3164.12,1,2024-09-03,Delivered
11623,1616,125,Football,Sports & Fitness,Cosco,3859.28,1,2025-02-24,Delivered
11624,433,89,Business Book,Books,Bloomsbury,967.6,1,2026-07-25,Cancelled
11625,923,18,Power Bank 10000mAh,Electronics,Sony,22379.16,1,2026-01-20,Delivered
11626,10,40,Casual Sneakers,Fashion,Levis,4583.4,3,2025-12-08,Delivered
11627,890,117,Cricket Bat,Sports & Fitness,Decathlon,6664.4,1,2025-06-18,Delivered
11628,353,89,Business Book,Books,Bloomsbury,800.16,2,2025-08-24,Delivered
11629,140,70,Bedsheet Set,Home & Kitchen,Bajaj,7211.2,2,2025-06-26,Delivered
11630,454,30,Women's Kurta,Fashion,Biba,730.54,1,2025-12-12,Delivered
11631,504,9,Smartwatch,Electronics,boAt,33655.11,1,2025-04-16,Delivered
11632,1610,99,Hair Serum,Beauty & Personal Care,Plum,205.55,1,2025-04-27,Delivered
11633,427,3,Smartphone,Electronics,boAt,5199.07,1,2026-04-12,Delivered
11634,21,18,Power Bank 10000mAh,Electronics,Sony,30600.82,1,2026-02-07,Delivered
11635,668,111,Perfume,Beauty & Personal Care,Plum,1801.01,3,2024-07-05,Delivered
11636,313,46,Sunglasses,Fashion,H&M,4366.02,1,2025-10-09,Delivered
11637,501,82,Children's Story Book,Books,Rupa Publications,875.5,1,2025-08-06,Delivered
11638,1146,68,Wall Clock,Home & Kitchen,Havells,2210.42,1,2025-01-18,Delivered
11639,1073,71,Bedsheet Set,Home & Kitchen,Pigeon,12723.44,2,2025-01-25,Delivered
11640,1586,48,Sunglasses,Fashion,Puma,1745.3,4,2025-07-22,Delivered
11641,1794,48,Sunglasses,Fashion,Puma,2404.3,2,2025-09-27,Cancelled
11642,1849,42,Casual Sneakers,Fashion,Biba,4180.65,1,2025-11-20,Delivered
11643,69,41,Casual Sneakers,Fashion,Allen Solly,3420.3,1,2025-08-07,Returned
11644,74,88,Business Book,Books,Penguin,788.38,1,2025-09-22,Cancelled
11645,1246,35,Denim Jeans,Fashion,Van Heusen,4971.7,1,2026-05-12,Delivered
11646,1995,82,Children's Story Book,Books,Rupa Publications,891.24,1,2025-07-23,Returned
11647,933,49,Mixer Grinder,Home & Kitchen,Havells,5844.37,1,2024-12-20,Delivered
11648,283,120,Dumbbell Set 10kg,Sports & Fitness,Yonex,4681.29,1,2026-01-31,Delivered
11649,993,85,Biography,Books,Scholastic,965.2,2,2026-05-21,Pending
11650,482,7,Smartwatch,Electronics,Samsung,33622.19,1,2025-07-23,Shipped
11651,73,35,Denim Jeans,Fashion,Van Heusen,3554.0,1,2026-06-25,Delivered
11652,22,56,Air Fryer,Home & Kitchen,Prestige,5302.76,1,2026-04-16,Delivered
11653,1578,13,Laptop,Electronics,Sony,57702.7,1,2024-04-30,Delivered
11654,1680,95,Sunscreen SPF50,Beauty & Personal Care,The Man Company,1674.14,2,2026-04-06,Delivered
11655,930,112,Yoga Mat,Sports & Fitness,Nivia,4058.75,3,2026-04-14,Delivered
11656,585,49,Mixer Grinder,Home & Kitchen,Havells,2523.59,1,2026-07-10,Delivered
11657,394,44,Handbag,Fashion,Van Heusen,4190.6,3,2025-06-21,Delivered
11658,1378,33,Running Shoes,Fashion,Roadster,3976.54,1,2026-05-18,Delivered
11659,20,4,Bluetooth Earbuds,Electronics,Xiaomi,25186.24,1,2025-11-03,Delivered
11660,806,48,Sunglasses,Fashion,Puma,4154.9,1,2026-02-13,Delivered
11661,1641,35,Denim Jeans,Fashion,Van Heusen,2650.22,1,2025-10-10,Delivered
11662,566,51,Mixer Grinder,Home & Kitchen,Philips,3594.4,1,2026-01-21,Delivered
11663,544,68,Wall Clock,Home & Kitchen,Havells,3906.07,3,2026-03-13,Delivered
11664,786,38,Formal Shirt,Fashion,Levis,3297.61,2,2026-04-11,Delivered
11665,753,74,Fiction Novel,Books,HarperCollins,601.99,2,2025-11-28,Shipped
11666,716,95,Sunscreen SPF50,Beauty & Personal Care,The Man Company,1548.11,1,2026-07-17,Delivered
11667,1837,65,Induction Cooktop,Home & Kitchen,Prestige,12418.04,4,2025-10-27,Shipped
11668,7,113,Yoga Mat,Sports & Fitness,Decathlon,833.23,1,2026-07-15,Delivered
11669,1573,29,Women's Kurta,Fashion,Allen Solly,2152.05,1,2025-10-13,Delivered
11670,377,71,Bedsheet Set,Home & Kitchen,Pigeon,10905.42,2,2026-04-09,Delivered
11671,1190,103,Lipstick,Beauty & Personal Care,The Man Company,2222.6,1,2025-03-12,Delivered
11672,684,3,Smartphone,Electronics,boAt,17215.42,1,2025-11-06,Delivered
11673,290,81,Competitive Exam Guide,Books,Penguin,170.56,3,2025-02-01,Delivered
11674,1192,37,Formal Shirt,Fashion,Van Heusen,2462.62,1,2025-11-07,Delivered
11675,1713,124,Football,Sports & Fitness,Nivia,5675.13,2,2025-03-22,Delivered
11676,1280,74,Fiction Novel,Books,HarperCollins,718.51,1,2025-05-31,Delivered
11677,568,82,Children's Story Book,Books,Rupa Publications,299.6,3,2025-09-25,Delivered
11678,1798,70,Bedsheet Set,Home & Kitchen,Bajaj,8137.62,1,2026-02-12,Delivered
11679,630,32,Running Shoes,Fashion,H&M,1901.73,1,2025-01-24,Delivered
11680,1497,18,Power Bank 10000mAh,Electronics,Sony,66832.13,2,2025-10-05,Delivered
11681,1152,97,Hair Serum,Beauty & Personal Care,Lakme,1359.0,1,2026-04-04,Delivered
11682,721,29,Women's Kurta,Fashion,Allen Solly,1756.3,1,2023-10-30,Delivered
11683,865,31,Running Shoes,Fashion,Biba,4110.76,1,2025-10-11,Delivered
11684,1930,110,Perfume,Beauty & Personal Care,Lakme,2351.73,4,2026-06-02,Delivered
11685,1360,40,Casual Sneakers,Fashion,Levis,2070.35,1,2024-05-22,Delivered
11686,330,4,Bluetooth Earbuds,Electronics,Xiaomi,66226.26,1,2025-01-08,Pending
11687,636,128,Resistance Band Set,Sports & Fitness,Decathlon,2028.49,1,2024-08-17,Pending
11688,606,44,Handbag,Fashion,Van Heusen,1071.05,2,2025-06-30,Delivered
11689,159,48,Sunglasses,Fashion,Puma,4223.22,1,2025-03-07,Delivered
11690,1515,81,Competitive Exam Guide,Books,Penguin,822.02,2,2025-07-23,Shipped
11691,1722,35,Denim Jeans,Fashion,Van Heusen,461.23,1,2026-04-17,Delivered
11692,118,107,Trimmer,Beauty & Personal Care,Plum,2164.18,2,2025-02-09,Delivered
11693,1279,123,Badminton Racket,Sports & Fitness,Decathlon,4897.18,1,2025-10-07,Delivered
11694,1038,93,Face Wash,Beauty & Personal Care,Dove,1344.57,3,2025-05-27,Delivered
11695,1972,83,Children's Story Book,Books,Penguin,522.15,1,2024-06-18,Returned
11696,966,51,Mixer Grinder,Home & Kitchen,Philips,9626.71,4,2025-04-14,Cancelled
11697,1383,28,Women's Kurta,Fashion,Levis,3220.77,1,2026-06-27,Delivered
11698,1724,92,Face Wash,Beauty & Personal Care,Plum,2309.55,1,2025-01-04,Delivered
11699,1714,50,Mixer Grinder,Home & Kitchen,Pigeon,4849.91,1,2025-08-24,Delivered
11700,405,36,Denim Jeans,Fashion,Puma,3487.23,1,2024-08-23,Delivered
11701,1767,37,Formal Shirt,Fashion,Van Heusen,3828.68,1,2026-01-31,Delivered
11702,191,59,Table Lamp,Home & Kitchen,Havells,9819.11,1,2025-07-19,Delivered
11703,316,64,Induction Cooktop,Home & Kitchen,Milton,9342.34,1,2026-03-01,Delivered
11704,1694,94,Sunscreen SPF50,Beauty & Personal Care,Mamaearth,229.03,1,2026-01-31,Delivered
11705,1435,45,Handbag,Fashion,Allen Solly,1369.7,2,2025-02-22,Delivered
11706,567,7,Smartwatch,Electronics,Samsung,33934.81,2,2025-02-26,Delivered
11707,108,111,Perfume,Beauty & Personal Care,Plum,452.53,1,2026-02-19,Delivered
11708,313,27,Men's T-Shirt,Fashion,Puma,4489.64,1,2023-10-11,Delivered
11709,741,106,Trimmer,Beauty & Personal Care,Mamaearth,1766.69,1,2026-06-22,Delivered
11710,1,81,Competitive Exam Guide,Books,Penguin,138.94,1,2025-09-20,Delivered
11711,255,129,Resistance Band Set,Sports & Fitness,Yonex,2410.16,1,2026-06-15,Delivered
11712,287,35,Denim Jeans,Fashion,Van Heusen,2600.19,1,2025-11-03,Delivered
11713,245,33,Running Shoes,Fashion,Roadster,3905.96,1,2024-08-14,Returned
11714,1903,47,Sunglasses,Fashion,Biba,2418.89,1,2024-07-25,Delivered
11715,433,30,Women's Kurta,Fashion,Biba,351.08,1,2026-08-08,Shipped
11716,1195,38,Formal Shirt,Fashion,Levis,1907.31,1,2026-02-24,Returned
11717,1528,94,Sunscreen SPF50,Beauty & Personal Care,Mamaearth,1720.76,4,2025-12-31,Shipped
11718,1579,55,Air Fryer,Home & Kitchen,Bajaj,3784.26,1,2025-11-17,Delivered
11719,1711,77,Self-Help Book,Books,Scholastic,497.35,1,2025-02-05,Shipped
11720,1272,19,Bluetooth Speaker,Electronics,boAt,8228.12,1,2024-09-17,Delivered
11721,163,67,Wall Clock,Home & Kitchen,Cello,5211.62,1,2025-10-02,Delivered
11722,378,21,Bluetooth Speaker,Electronics,Apple,46550.89,1,2025-07-20,Shipped
11723,1032,118,Dumbbell Set 10kg,Sports & Fitness,Decathlon,2797.58,1,2026-02-17,Delivered
11724,759,82,Children's Story Book,Books,Rupa Publications,176.63,1,2026-06-04,Delivered
11725,873,83,Children's Story Book,Books,Penguin,365.74,1,2025-11-17,Delivered
11726,355,89,Business Book,Books,Bloomsbury,987.93,2,2025-12-14,Delivered
11727,1097,52,Non-Stick Pan Set,Home & Kitchen,Bajaj,1781.3,1,2024-11-07,Delivered
11728,1471,46,Sunglasses,Fashion,H&M,3382.83,2,2026-03-02,Delivered
11729,390,84,Children's Story Book,Books,Scholastic,397.87,1,2026-06-26,Delivered
11730,1937,24,Neckband Earphones,Electronics,Realme,81597.88,2,2026-06-10,Delivered
11731,320,85,Biography,Books,Scholastic,574.77,1,2026-07-15,Delivered
11732,1530,4,Bluetooth Earbuds,Electronics,Xiaomi,58368.83,1,2025-07-14,Delivered
11733,1684,112,Yoga Mat,Sports & Fitness,Nivia,855.78,2,2026-03-06,Delivered
11734,957,50,Mixer Grinder,Home & Kitchen,Pigeon,4160.81,3,2025-05-29,Delivered
11735,1814,38,Formal Shirt,Fashion,Levis,3160.15,1,2025-08-27,Delivered
11736,426,25,Men's T-Shirt,Fashion,Allen Solly,4668.7,1,2025-12-07,Delivered
11737,1867,102,Body Lotion,Beauty & Personal Care,Mamaearth,1353.75,1,2026-06-05,Delivered
11738,829,41,Casual Sneakers,Fashion,Allen Solly,661.89,1,2025-03-12,Shipped
11739,1790,5,Bluetooth Earbuds,Electronics,boAt,1802.72,1,2025-12-21,Returned
11740,656,55,Air Fryer,Home & Kitchen,Bajaj,7957.67,2,2026-06-08,Delivered
11741,639,32,Running Shoes,Fashion,H&M,2068.88,1,2026-02-06,Delivered
11742,1531,48,Sunglasses,Fashion,Puma,4079.76,1,2024-06-02,Delivered
11743,1632,49,Mixer Grinder,Home & Kitchen,Havells,3766.1,1,2026-03-24,Delivered
11744,1372,4,Bluetooth Earbuds,Electronics,Xiaomi,12465.56,2,2024-08-19,Delivered
11745,1909,56,Air Fryer,Home & Kitchen,Prestige,968.87,1,2025-03-26,Delivered
11746,1047,38,Formal Shirt,Fashion,Levis,4197.76,1,2025-01-25,Delivered
11747,392,70,Bedsheet Set,Home & Kitchen,Bajaj,12780.06,1,2026-01-27,Delivered
11748,241,124,Football,Sports & Fitness,Nivia,1170.16,1,2025-08-09,Pending
11749,1241,22,Neckband Earphones,Electronics,Samsung,42286.89,1,2024-11-03,Delivered
11750,885,30,Women's Kurta,Fashion,Biba,834.66,1,2026-06-25,Delivered
11751,1246,93,Face Wash,Beauty & Personal Care,Dove,2264.12,3,2026-05-03,Delivered
11752,1505,16,Power Bank 10000mAh,Electronics,OnePlus,85445.05,1,2026-04-26,Shipped
11753,1012,32,Running Shoes,Fashion,H&M,3820.3,1,2026-05-15,Delivered
11754,228,8,Smartwatch,Electronics,OnePlus,58564.14,1,2026-04-18,Delivered
11755,1176,14,Laptop,Electronics,Xiaomi,65007.59,1,2024-11-30,Shipped
11756,948,72,Bedsheet Set,Home & Kitchen,Prestige,1486.03,1,2026-06-01,Shipped
11757,1139,64,Induction Cooktop,Home & Kitchen,Milton,6300.77,3,2025-06-08,Delivered
11758,1752,40,Casual Sneakers,Fashion,Levis,1798.14,1,2025-03-24,Delivered
11759,1303,127,Resistance Band Set,Sports & Fitness,Nivia,3347.72,1,2025-05-09,Delivered
11760,1921,118,Dumbbell Set 10kg,Sports & Fitness,Decathlon,4733.81,1,2026-02-21,Returned
11761,1008,117,Cricket Bat,Sports & Fitness,Decathlon,3656.28,1,2026-03-28,Delivered
11762,19,53,Non-Stick Pan Set,Home & Kitchen,Pigeon,1253.03,1,2026-05-15,Delivered
11763,1783,60,Table Lamp,Home & Kitchen,Pigeon,5794.11,1,2025-09-17,Delivered
11764,771,54,Non-Stick Pan Set,Home & Kitchen,Philips,12503.84,2,2025-07-24,Delivered
11765,405,88,Business Book,Books,Penguin,401.95,1,2024-08-13,Delivered
11766,1850,60,Table Lamp,Home & Kitchen,Pigeon,12207.69,1,2026-06-13,Delivered
11767,1357,9,Smartwatch,Electronics,boAt,32651.18,1,2025-11-30,Delivered
11768,687,124,Football,Sports & Fitness,Nivia,5549.53,1,2024-06-03,Shipped
11769,102,29,Women's Kurta,Fashion,Allen Solly,2921.6,1,2025-12-29,Delivered
11770,1059,86,Biography,Books,HarperCollins,142.71,3,2025-10-07,Delivered
11771,1121,26,Men's T-Shirt,Fashion,Nike,775.53,4,2026-02-25,Delivered
11772,65,102,Body Lotion,Beauty & Personal Care,Mamaearth,217.36,1,2026-05-23,Delivered
11773,1961,19,Bluetooth Speaker,Electronics,boAt,89144.01,1,2025-05-17,Cancelled
11774,923,129,Resistance Band Set,Sports & Fitness,Yonex,609.15,1,2024-08-18,Delivered
11775,588,110,Perfume,Beauty & Personal Care,Lakme,1572.15,1,2026-02-26,Delivered
11776,232,21,Bluetooth Speaker,Electronics,Apple,52320.33,1,2024-06-11,Delivered
11777,1701,16,Power Bank 10000mAh,Electronics,OnePlus,24936.44,2,2026-07-30,Delivered
11778,1012,21,Bluetooth Speaker,Electronics,Apple,79330.36,3,2026-06-25,Delivered
11779,442,41,Casual Sneakers,Fashion,Allen Solly,581.51,1,2025-03-19,Delivered
11780,1367,14,Laptop,Electronics,Xiaomi,71267.15,2,2026-02-01,Delivered
11781,1161,9,Smartwatch,Electronics,boAt,30073.27,2,2025-09-21,Delivered
11782,1892,57,Air Fryer,Home & Kitchen,Pigeon,295.65,1,2026-04-07,Delivered
11783,1798,8,Smartwatch,Electronics,OnePlus,71159.61,3,2025-06-09,Delivered
11784,151,63,Water Bottle Set,Home & Kitchen,Cello,12297.9,1,2026-03-25,Delivered
11785,1967,43,Handbag,Fashion,Biba,3797.68,1,2025-09-11,Delivered
11786,1901,90,Business Book,Books,Rupa Publications,434.28,1,2026-01-18,Delivered
11787,1302,80,Competitive Exam Guide,Books,HarperCollins,264.18,1,2025-10-29,Delivered
11788,1057,103,Lipstick,Beauty & Personal Care,The Man Company,417.99,1,2025-03-23,Cancelled
11789,661,87,Biography,Books,Bloomsbury,327.88,1,2025-11-11,Delivered
11790,1267,62,Water Bottle Set,Home & Kitchen,Pigeon,8520.12,1,2026-06-05,Delivered
11791,1989,121,Badminton Racket,Sports & Fitness,Cosco,6542.37,1,2024-10-16,Delivered
11792,266,21,Bluetooth Speaker,Electronics,Apple,6688.54,1,2026-04-13,Cancelled
11793,920,33,Running Shoes,Fashion,Roadster,4809.2,1,2025-01-17,Delivered
11794,1833,22,Neckband Earphones,Electronics,Samsung,25691.97,3,2025-07-21,Pending
11795,429,24,Neckband Earphones,Electronics,Realme,85193.53,2,2026-06-03,Delivered
11796,728,10,LED TV 43-inch,Electronics,Apple,76002.52,1,2025-06-23,Cancelled
11797,1774,114,Yoga Mat,Sports & Fitness,Adidas,5869.62,1,2024-05-05,Delivered
11798,1347,32,Running Shoes,Fashion,H&M,3452.76,1,2026-04-19,Delivered
11799,563,37,Formal Shirt,Fashion,Van Heusen,3685.56,1,2023-11-15,Delivered
11800,54,69,Wall Clock,Home & Kitchen,Philips,1288.88,3,2026-05-22,Cancelled
11801,603,120,Dumbbell Set 10kg,Sports & Fitness,Yonex,4316.75,1,2026-07-12,Delivered
11802,286,59,Table Lamp,Home & Kitchen,Havells,9319.7,4,2026-02-22,Delivered
11803,731,47,Sunglasses,Fashion,Biba,698.45,1,2025-05-29,Delivered
11804,170,80,Competitive Exam Guide,Books,HarperCollins,111.21,1,2026-03-31,Delivered
11805,1886,33,Running Shoes,Fashion,Roadster,3807.87,1,2025-11-20,Shipped
11806,311,104,Lipstick,Beauty & Personal Care,Dove,439.71,2,2025-10-16,Delivered
11807,1205,72,Bedsheet Set,Home & Kitchen,Prestige,7585.78,1,2025-05-11,Delivered
11808,633,116,Cricket Bat,Sports & Fitness,Adidas,4453.41,2,2025-05-13,Delivered
11809,968,85,Biography,Books,Scholastic,753.96,2,2026-03-02,Pending
11810,1022,5,Bluetooth Earbuds,Electronics,boAt,24512.19,1,2025-03-26,Cancelled
11811,564,119,Dumbbell Set 10kg,Sports & Fitness,Adidas,745.6,1,2025-10-30,Delivered
11812,395,29,Women's Kurta,Fashion,Allen Solly,2587.62,4,2026-08-17,Cancelled
11813,215,105,Lipstick,Beauty & Personal Care,Nivea,1226.36,1,2026-06-14,Cancelled
11814,299,47,Sunglasses,Fashion,Biba,2459.39,1,2024-08-02,Cancelled
11815,931,128,Resistance Band Set,Sports & Fitness,Decathlon,2356.39,1,2026-05-02,Delivered
11816,1635,21,Bluetooth Speaker,Electronics,Apple,87622.72,1,2025-09-12,Pending
11817,945,87,Biography,Books,Bloomsbury,762.71,1,2026-03-28,Shipped
11818,1898,95,Sunscreen SPF50,Beauty & Personal Care,The Man Company,798.83,1,2026-07-22,Delivered
11819,879,67,Wall Clock,Home & Kitchen,Cello,9881.31,1,2024-08-01,Delivered
11820,564,44,Handbag,Fashion,Van Heusen,579.88,1,2025-11-10,Delivered
11821,257,84,Children's Story Book,Books,Scholastic,865.1,2,2026-07-29,Delivered
11822,307,40,Casual Sneakers,Fashion,Levis,3640.39,1,2025-12-29,Delivered
11823,1421,128,Resistance Band Set,Sports & Fitness,Decathlon,1684.93,1,2026-05-12,Shipped
11824,1301,100,Body Lotion,Beauty & Personal Care,The Man Company,270.5,1,2025-09-30,Delivered
11825,498,73,Fiction Novel,Books,Scholastic,543.83,1,2026-03-16,Delivered
11826,1972,78,Self-Help Book,Books,HarperCollins,333.22,1,2025-10-11,Delivered
11827,1576,26,Men's T-Shirt,Fashion,Nike,3099.47,1,2026-03-24,Delivered
11828,749,117,Cricket Bat,Sports & Fitness,Decathlon,4223.66,1,2024-05-17,Delivered
11829,711,129,Resistance Band Set,Sports & Fitness,Yonex,4178.52,1,2026-01-13,Delivered
11830,111,99,Hair Serum,Beauty & Personal Care,Plum,445.69,1,2025-04-25,Delivered
11831,905,42,Casual Sneakers,Fashion,Biba,4375.08,1,2026-02-14,Delivered
11832,1439,84,Children's Story Book,Books,Scholastic,612.01,1,2026-03-07,Delivered
11833,283,18,Power Bank 10000mAh,Electronics,Sony,30103.83,1,2026-02-12,Delivered
11834,1102,98,Hair Serum,Beauty & Personal Care,Mamaearth,1835.03,1,2025-10-15,Delivered
11835,577,121,Badminton Racket,Sports & Fitness,Cosco,4866.26,1,2024-11-27,Delivered
11836,1895,72,Bedsheet Set,Home & Kitchen,Prestige,5313.99,1,2024-11-23,Delivered
11837,1727,93,Face Wash,Beauty & Personal Care,Dove,1750.77,1,2026-04-10,Shipped
11838,1505,35,Denim Jeans,Fashion,Van Heusen,4101.3,1,2025-06-14,Delivered
11839,1805,42,Casual Sneakers,Fashion,Biba,316.81,1,2024-01-12,Delivered
11840,1478,17,Power Bank 10000mAh,Electronics,Samsung,56082.92,1,2026-06-16,Delivered
11841,923,4,Bluetooth Earbuds,Electronics,Xiaomi,36332.24,1,2026-01-01,Delivered
11842,1045,6,Bluetooth Earbuds,Electronics,Sony,77968.0,2,2026-07-21,Delivered
11843,251,8,Smartwatch,Electronics,OnePlus,79185.6,1,2025-01-18,Delivered
11844,1094,50,Mixer Grinder,Home & Kitchen,Pigeon,6917.9,1,2025-01-23,Delivered
11845,1847,75,Fiction Novel,Books,Bloomsbury,650.99,1,2026-04-06,Delivered
11846,1742,48,Sunglasses,Fashion,Puma,2532.71,1,2026-05-18,Delivered
11847,1635,57,Air Fryer,Home & Kitchen,Pigeon,2156.71,1,2026-02-10,Cancelled
11848,1495,36,Denim Jeans,Fashion,Puma,1788.74,1,2025-11-18,Cancelled
11849,1671,47,Sunglasses,Fashion,Biba,2206.21,1,2025-07-10,Shipped
11850,1392,126,Football,Sports & Fitness,Yonex,5190.51,1,2025-07-29,Delivered
11851,206,24,Neckband Earphones,Electronics,Realme,68991.96,1,2026-05-06,Shipped
11852,244,86,Biography,Books,HarperCollins,610.92,3,2025-10-09,Returned
11853,775,80,Competitive Exam Guide,Books,HarperCollins,722.59,1,2024-11-30,Pending
11854,1672,11,LED TV 43-inch,Electronics,boAt,29859.03,1,2025-10-16,Delivered
11855,1609,70,Bedsheet Set,Home & Kitchen,Bajaj,7425.56,1,2026-01-24,Delivered
11856,689,17,Power Bank 10000mAh,Electronics,Samsung,64172.67,1,2025-12-11,Delivered
11857,14,119,Dumbbell Set 10kg,Sports & Fitness,Adidas,5735.93,1,2025-09-05,Delivered
11858,36,79,Competitive Exam Guide,Books,Scholastic,503.66,1,2025-06-20,Delivered
11859,260,98,Hair Serum,Beauty & Personal Care,Mamaearth,1149.26,1,2026-03-16,Delivered
11860,1405,19,Bluetooth Speaker,Electronics,boAt,58735.4,1,2026-03-09,Delivered
11861,9,127,Resistance Band Set,Sports & Fitness,Nivia,5219.55,2,2025-09-08,Delivered
11862,380,85,Biography,Books,Scholastic,843.03,1,2026-01-08,Delivered
11863,1015,76,Self-Help Book,Books,Bloomsbury,607.82,2,2025-04-06,Delivered
11864,635,40,Casual Sneakers,Fashion,Levis,2804.35,1,2026-03-26,Delivered
11865,851,117,Cricket Bat,Sports & Fitness,Decathlon,1825.26,1,2026-02-01,Shipped
11866,1072,70,Bedsheet Set,Home & Kitchen,Bajaj,11682.68,1,2025-08-19,Delivered
11867,1743,99,Hair Serum,Beauty & Personal Care,Plum,1762.35,1,2025-03-26,Returned
11868,1288,77,Self-Help Book,Books,Scholastic,143.25,1,2026-04-30,Delivered
11869,1372,34,Denim Jeans,Fashion,H&M,2375.37,2,2025-06-26,Returned
11870,78,128,Resistance Band Set,Sports & Fitness,Decathlon,5708.69,1,2025-04-29,Delivered
11871,69,75,Fiction Novel,Books,Bloomsbury,614.25,1,2025-01-08,Delivered
11872,988,5,Bluetooth Earbuds,Electronics,boAt,73064.79,1,2025-12-10,Shipped
11873,1315,66,Induction Cooktop,Home & Kitchen,Cello,11582.49,2,2025-08-23,Delivered
11874,22,10,LED TV 43-inch,Electronics,Apple,70273.33,1,2026-04-05,Delivered
11875,1373,110,Perfume,Beauty & Personal Care,Lakme,1898.05,2,2025-05-19,Delivered
11876,572,89,Business Book,Books,Bloomsbury,336.25,1,2026-01-28,Delivered
11877,435,3,Smartphone,Electronics,boAt,37958.06,2,2026-03-11,Delivered
11878,395,35,Denim Jeans,Fashion,Van Heusen,3047.79,1,2026-08-17,Delivered
11879,449,85,Biography,Books,Scholastic,215.88,2,2026-04-27,Delivered
11880,1781,116,Cricket Bat,Sports & Fitness,Adidas,4457.58,3,2026-04-15,Delivered
11881,1669,29,Women's Kurta,Fashion,Allen Solly,2929.9,1,2025-01-20,Delivered
11882,1639,4,Bluetooth Earbuds,Electronics,Xiaomi,83178.05,1,2025-11-15,Delivered
11883,376,79,Competitive Exam Guide,Books,Scholastic,534.38,1,2025-04-23,Delivered
11884,69,78,Self-Help Book,Books,HarperCollins,404.53,1,2026-01-13,Delivered
11885,9,71,Bedsheet Set,Home & Kitchen,Pigeon,2690.54,1,2025-09-29,Shipped
11886,506,112,Yoga Mat,Sports & Fitness,Nivia,6070.42,1,2025-11-02,Delivered
11887,1763,86,Biography,Books,HarperCollins,377.64,1,2025-11-22,Cancelled
11888,1188,58,Table Lamp,Home & Kitchen,Prestige,9815.17,2,2025-10-02,Delivered
11889,1688,93,Face Wash,Beauty & Personal Care,Dove,1278.95,1,2024-03-21,Delivered
11890,39,40,Casual Sneakers,Fashion,Levis,3396.09,1,2026-08-09,Delivered
11891,327,35,Denim Jeans,Fashion,Van Heusen,3701.68,1,2025-07-26,Delivered
11892,853,50,Mixer Grinder,Home & Kitchen,Pigeon,11409.56,3,2025-09-13,Delivered
11893,165,31,Running Shoes,Fashion,Biba,2903.0,1,2025-07-06,Delivered
11894,508,31,Running Shoes,Fashion,Biba,2384.79,1,2026-05-28,Delivered
11895,419,10,LED TV 43-inch,Electronics,Apple,2694.35,2,2024-08-09,Delivered
11896,1246,2,Smartphone,Electronics,Apple,47354.39,1,2026-04-22,Delivered
11897,1272,56,Air Fryer,Home & Kitchen,Prestige,2843.01,1,2025-04-09,Delivered
11898,940,52,Non-Stick Pan Set,Home & Kitchen,Bajaj,5260.4,1,2026-03-27,Shipped
11899,124,47,Sunglasses,Fashion,Biba,2122.03,1,2026-05-11,Cancelled
11900,360,70,Bedsheet Set,Home & Kitchen,Bajaj,12988.47,2,2026-01-04,Delivered
11901,804,15,Laptop,Electronics,boAt,14049.84,1,2026-02-16,Cancelled
11902,1154,75,Fiction Novel,Books,Bloomsbury,272.97,1,2025-08-01,Delivered
11903,213,18,Power Bank 10000mAh,Electronics,Sony,50294.25,1,2026-08-06,Returned
11904,1440,62,Water Bottle Set,Home & Kitchen,Pigeon,674.05,4,2025-07-18,Delivered
11905,340,5,Bluetooth Earbuds,Electronics,boAt,23880.73,2,2026-05-04,Delivered
11906,1717,26,Men's T-Shirt,Fashion,Nike,2874.04,1,2026-02-13,Delivered
11907,146,36,Denim Jeans,Fashion,Puma,1851.11,4,2024-12-08,Cancelled
11908,1202,61,Water Bottle Set,Home & Kitchen,Philips,2515.22,3,2025-09-08,Cancelled
11909,1439,94,Sunscreen SPF50,Beauty & Personal Care,Mamaearth,2467.68,1,2026-02-27,Returned
11910,1973,109,Perfume,Beauty & Personal Care,The Man Company,2227.62,1,2025-10-27,Delivered
11911,1137,2,Smartphone,Electronics,Apple,25419.14,2,2026-03-06,Delivered
11912,200,108,Trimmer,Beauty & Personal Care,Lakme,1808.04,1,2025-04-17,Delivered
11913,1250,22,Neckband Earphones,Electronics,Samsung,48547.87,2,2024-08-23,Delivered
11914,277,101,Body Lotion,Beauty & Personal Care,Lakme,737.68,1,2026-05-30,Delivered
11915,97,13,Laptop,Electronics,Sony,45351.07,2,2026-04-24,Delivered
11916,45,61,Water Bottle Set,Home & Kitchen,Philips,8137.15,3,2025-09-23,Delivered
11917,1079,2,Smartphone,Electronics,Apple,13116.49,2,2024-09-05,Delivered
11918,308,79,Competitive Exam Guide,Books,Scholastic,887.51,1,2024-11-06,Delivered
11919,224,33,Running Shoes,Fashion,Roadster,4440.96,1,2025-09-15,Delivered
11920,186,24,Neckband Earphones,Electronics,Realme,46727.45,1,2026-04-13,Delivered
11921,1217,128,Resistance Band Set,Sports & Fitness,Decathlon,1730.34,1,2026-07-14,Delivered
11922,1812,30,Women's Kurta,Fashion,Biba,4202.24,1,2025-12-03,Shipped
11923,930,53,Non-Stick Pan Set,Home & Kitchen,Pigeon,6017.44,2,2024-02-29,Delivered
11924,542,96,Sunscreen SPF50,Beauty & Personal Care,Plum,1262.64,2,2026-01-23,Pending
11925,833,112,Yoga Mat,Sports & Fitness,Nivia,4803.39,1,2025-11-17,Delivered
11926,1440,26,Men's T-Shirt,Fashion,Nike,3648.12,3,2024-11-20,Delivered
11927,1617,46,Sunglasses,Fashion,H&M,3735.89,1,2024-11-21,Delivered
11928,1596,10,LED TV 43-inch,Electronics,Apple,74276.87,1,2025-11-18,Delivered
11929,1875,30,Women's Kurta,Fashion,Biba,1995.29,1,2026-08-17,Delivered
11930,788,84,Children's Story Book,Books,Scholastic,486.33,1,2025-08-23,Delivered
11931,130,126,Football,Sports & Fitness,Yonex,5473.98,1,2026-02-10,Delivered
11932,1269,93,Face Wash,Beauty & Personal Care,Dove,174.11,1,2025-10-15,Delivered
11933,1513,51,Mixer Grinder,Home & Kitchen,Philips,996.19,1,2026-07-27,Delivered
11934,1536,38,Formal Shirt,Fashion,Levis,908.64,3,2025-10-03,Delivered
11935,1189,69,Wall Clock,Home & Kitchen,Philips,4212.01,1,2026-01-24,Delivered
11936,514,55,Air Fryer,Home & Kitchen,Bajaj,1439.61,1,2026-06-09,Delivered
11937,592,11,LED TV 43-inch,Electronics,boAt,56482.45,1,2025-10-07,Delivered
11938,1814,44,Handbag,Fashion,Van Heusen,4416.59,2,2025-07-27,Delivered
11939,1035,14,Laptop,Electronics,Xiaomi,83417.66,1,2025-06-29,Cancelled
11940,1444,38,Formal Shirt,Fashion,Levis,4512.99,1,2026-02-09,Delivered
11941,1696,95,Sunscreen SPF50,Beauty & Personal Care,The Man Company,2047.7,2,2026-05-21,Shipped
11942,286,104,Lipstick,Beauty & Personal Care,Dove,1614.52,1,2026-02-13,Delivered
11943,1199,123,Badminton Racket,Sports & Fitness,Decathlon,1251.91,1,2024-11-02,Delivered
11944,1225,77,Self-Help Book,Books,Scholastic,176.36,1,2025-06-02,Delivered
11945,1124,95,Sunscreen SPF50,Beauty & Personal Care,The Man Company,2274.74,3,2025-03-12,Shipped
11946,753,72,Bedsheet Set,Home & Kitchen,Prestige,4665.26,1,2025-11-26,Delivered
11947,1693,94,Sunscreen SPF50,Beauty & Personal Care,Mamaearth,546.72,1,2026-03-22,Returned
11948,158,21,Bluetooth Speaker,Electronics,Apple,5973.08,2,2026-04-17,Delivered
11949,1469,72,Bedsheet Set,Home & Kitchen,Prestige,2604.59,3,2025-07-04,Delivered
11950,1616,63,Water Bottle Set,Home & Kitchen,Cello,2110.38,1,2025-01-28,Delivered
11951,337,55,Air Fryer,Home & Kitchen,Bajaj,5041.24,1,2026-07-02,Delivered
11952,662,105,Lipstick,Beauty & Personal Care,Nivea,2425.55,1,2026-04-15,Delivered
11953,251,50,Mixer Grinder,Home & Kitchen,Pigeon,7591.72,1,2025-10-21,Cancelled
11954,535,102,Body Lotion,Beauty & Personal Care,Mamaearth,1692.83,2,2024-04-29,Delivered
11955,1985,68,Wall Clock,Home & Kitchen,Havells,7667.6,1,2024-10-13,Delivered
11956,267,98,Hair Serum,Beauty & Personal Care,Mamaearth,1033.38,1,2025-04-20,Delivered
11957,844,122,Badminton Racket,Sports & Fitness,Yonex,386.33,1,2026-01-19,Returned
11958,1849,107,Trimmer,Beauty & Personal Care,Plum,1793.32,1,2025-12-12,Shipped
11959,445,56,Air Fryer,Home & Kitchen,Prestige,2864.12,1,2025-09-06,Delivered
11960,1787,41,Casual Sneakers,Fashion,Allen Solly,3274.05,1,2026-06-07,Delivered
11961,181,56,Air Fryer,Home & Kitchen,Prestige,2107.69,1,2024-11-29,Delivered
11962,1002,49,Mixer Grinder,Home & Kitchen,Havells,10221.85,1,2026-04-20,Delivered
11963,367,77,Self-Help Book,Books,Scholastic,243.66,1,2025-07-18,Delivered
11964,77,29,Women's Kurta,Fashion,Allen Solly,4607.14,1,2025-05-18,Cancelled
11965,159,73,Fiction Novel,Books,Scholastic,990.01,4,2025-05-20,Delivered
11966,1926,41,Casual Sneakers,Fashion,Allen Solly,1501.91,1,2025-05-23,Delivered
11967,1297,67,Wall Clock,Home & Kitchen,Cello,10914.51,2,2024-05-31,Delivered
11968,964,29,Women's Kurta,Fashion,Allen Solly,2060.62,2,2025-12-21,Delivered
11969,198,119,Dumbbell Set 10kg,Sports & Fitness,Adidas,2742.33,1,2026-06-30,Delivered
11970,1527,98,Hair Serum,Beauty & Personal Care,Mamaearth,349.34,4,2025-08-16,Delivered
11971,1003,62,Water Bottle Set,Home & Kitchen,Pigeon,9642.58,2,2024-12-29,Delivered
11972,1000,54,Non-Stick Pan Set,Home & Kitchen,Philips,11803.75,1,2026-04-10,Delivered
11973,724,119,Dumbbell Set 10kg,Sports & Fitness,Adidas,1249.58,1,2026-04-24,Pending
11974,1492,95,Sunscreen SPF50,Beauty & Personal Care,The Man Company,886.95,1,2025-06-05,Delivered
11975,1203,49,Mixer Grinder,Home & Kitchen,Havells,2819.07,4,2026-01-10,Delivered
11976,656,32,Running Shoes,Fashion,H&M,4373.8,2,2024-07-13,Cancelled
11977,52,58,Table Lamp,Home & Kitchen,Prestige,1560.11,2,2026-01-09,Delivered
11978,288,88,Business Book,Books,Penguin,130.15,1,2026-04-11,Delivered
11979,1833,10,LED TV 43-inch,Electronics,Apple,45375.04,1,2025-03-18,Delivered
11980,178,41,Casual Sneakers,Fashion,Allen Solly,4344.32,2,2025-07-19,Delivered
11981,1570,99,Hair Serum,Beauty & Personal Care,Plum,576.31,2,2025-09-04,Shipped
11982,1927,121,Badminton Racket,Sports & Fitness,Cosco,6489.06,1,2024-03-02,Delivered
11983,358,21,Bluetooth Speaker,Electronics,Apple,9178.62,1,2025-10-15,Delivered
11984,1096,46,Sunglasses,Fashion,H&M,4825.2,2,2026-03-24,Delivered
11985,1469,95,Sunscreen SPF50,Beauty & Personal Care,The Man Company,1669.79,1,2025-02-24,Delivered
11986,573,99,Hair Serum,Beauty & Personal Care,Plum,982.42,1,2026-01-14,Delivered
11987,1094,46,Sunglasses,Fashion,H&M,3457.53,1,2026-01-06,Delivered
11988,371,82,Children's Story Book,Books,Rupa Publications,816.77,3,2026-01-13,Delivered
11989,386,111,Perfume,Beauty & Personal Care,Plum,2012.7,2,2025-10-24,Delivered
11990,1475,54,Non-Stick Pan Set,Home & Kitchen,Philips,4663.2,2,2026-02-23,Delivered
11991,931,89,Business Book,Books,Bloomsbury,164.07,2,2026-05-19,Delivered
11992,362,90,Business Book,Books,Rupa Publications,840.6,1,2025-12-21,Delivered
11993,1802,37,Formal Shirt,Fashion,Van Heusen,4488.64,1,2026-07-21,Delivered
11994,1759,70,Bedsheet Set,Home & Kitchen,Bajaj,11202.14,1,2025-10-22,Delivered
11995,1705,23,Neckband Earphones,Electronics,JBL,88040.2,1,2025-11-06,Delivered
11996,455,11,LED TV 43-inch,Electronics,boAt,57134.98,1,2026-01-08,Delivered
11997,1020,72,Bedsheet Set,Home & Kitchen,Prestige,3918.06,1,2026-05-25,Delivered
11998,1760,49,Mixer Grinder,Home & Kitchen,Havells,669.22,3,2026-02-13,Cancelled
11999,333,39,Formal Shirt,Fashion,Allen Solly,2881.0,1,2026-03-30,Delivered
12000,81,14,Laptop,Electronics,Xiaomi,38202.75,1,2026-02-06,Delivered
