payment_id,order_id,payment_mode,payment_status,amount_paid,transaction_date,discount_applied,coupon_code
1,1,EMI,Pending,4433.12,2025-06-21 00:00:00,492.57,SAVE15
2,2,UPI,Success,8118.1,2026-05-17 05:00:00,902.01,SAVE15
3,3,Net Banking,Success,695.58,2024-10-28 02:00:00,173.9,FEST20
4,4,UPI,Success,1361.5,2024-11-28 01:00:00,240.26,
5,5,UPI,Success,1961.35,2025-11-04 01:00:00,217.93,FEST20
6,6,UPI,Success,2535.97,2026-05-05 04:00:00,281.78,WELCOME10
7,7,UPI,Success,7954.44,2025-12-07 04:00:00,1403.73,
8,8,Credit Card,Refunded,1975.7,2025-10-10 02:00:00,103.98,SAVE15
9,9,UPI,Success,1237.44,2024-01-26 01:00:00,0.0,
10,10,UPI,Success,675.16,2025-05-22 02:00:00,0.0,SAVE15
11,11,UPI,Pending,2990.4,2024-09-06 00:00:00,747.6,
12,12,UPI,Success,3182.28,2025-04-29 02:00:00,795.57,FEST20
13,13,Debit Card,Success,678.94,2025-02-26 04:00:00,169.74,SAVE15
14,14,UPI,Success,4287.24,2025-09-05 02:00:00,225.64,NEWUSER
15,15,UPI,Success,1015.7,2026-04-07 05:00:00,253.93,
16,16,UPI,Success,775.64,2025-12-17 02:00:00,193.91,
17,17,Cash on Delivery,Success,1449.3,2025-12-24 03:00:00,362.33,
18,18,UPI,Success,13120.39,2025-06-30 02:00:00,690.55,NEWUSER
19,19,Credit Card,Success,8280.28,2026-05-16 04:00:00,0.0,
20,20,Credit Card,Success,48800.34,2026-01-20 03:00:00,8611.82,
21,21,Credit Card,Success,53688.9,2026-02-13 03:00:00,13422.22,
22,22,Cash on Delivery,Success,4437.08,2024-05-11 00:00:00,783.01,NEWUSER
23,23,UPI,Success,2204.72,2025-08-11 04:00:00,0.0,
24,24,Debit Card,Success,2880.14,2023-11-11 04:00:00,720.04,
25,25,UPI,Success,219906.88,2025-11-15 00:00:00,0.0,
26,26,Credit Card,Success,2353.99,2026-01-16 05:00:00,123.89,
27,27,Debit Card,Success,1182.1,2026-05-16 02:00:00,131.34,
28,28,UPI,Success,18450.97,2026-04-14 05:00:00,3256.05,WELCOME10
29,29,UPI,Success,286.69,2025-02-19 00:00:00,50.59,WELCOME10
30,30,UPI,Success,2665.32,2024-11-30 04:00:00,140.28,FEST20
31,31,EMI,Success,11909.12,2024-02-23 03:00:00,626.8,
32,32,EMI,Success,349.14,2025-10-17 03:00:00,18.38,WELCOME10
33,33,EMI,Success,135.86,2024-10-25 03:00:00,33.97,FEST20
34,34,Cash on Delivery,Success,6688.14,2025-08-10 01:00:00,0.0,
35,35,Debit Card,Success,5312.85,2025-11-12 05:00:00,937.56,WELCOME10
36,36,Credit Card,Refunded,1634.86,2024-10-21 01:00:00,0.0,SAVE15
37,37,Credit Card,Success,643.98,2026-07-28 02:00:00,71.55,WELCOME10
38,38,Net Banking,Success,4306.74,2025-05-05 03:00:00,0.0,
39,39,Cash on Delivery,Success,26899.8,2025-11-18 02:00:00,0.0,
40,40,UPI,Success,3286.75,2025-09-04 02:00:00,365.19,
41,41,Cash on Delivery,Not Applicable,1167.47,2025-12-24 00:00:00,206.02,
42,42,UPI,Success,233.45,2024-09-18 04:00:00,58.36,NEWUSER
43,43,Net Banking,Success,35586.99,2025-05-10 01:00:00,3954.11,
44,44,Net Banking,Success,3540.15,2025-07-04 00:00:00,186.32,
45,45,UPI,Success,8744.71,2026-03-13 00:00:00,0.0,WELCOME10
46,46,UPI,Success,3701.31,2026-02-11 04:00:00,653.17,FEST20
47,47,Cash on Delivery,Success,1517.15,2025-10-29 01:00:00,267.73,
48,48,Net Banking,Success,171.45,2026-04-25 01:00:00,19.05,
49,49,UPI,Success,2479.08,2025-05-22 01:00:00,437.48,
50,50,EMI,Success,1578.99,2025-11-19 05:00:00,83.11,NEWUSER
51,51,UPI,Success,1750.51,2026-05-07 00:00:00,437.63,WELCOME10
52,52,UPI,Success,289.78,2025-07-16 05:00:00,0.0,
53,53,UPI,Success,2537.78,2026-05-30 01:00:00,133.57,SAVE15
54,54,UPI,Success,3711.4,2025-11-29 03:00:00,0.0,
55,55,UPI,Success,708.89,2025-11-02 02:00:00,0.0,NEWUSER
56,56,Debit Card,Success,3095.03,2026-03-27 02:00:00,162.9,
57,57,UPI,Success,2573.39,2026-04-13 00:00:00,135.44,
58,58,Debit Card,Success,333.3,2025-09-02 02:00:00,37.03,SAVE15
59,59,Debit Card,Success,10981.45,2025-12-21 00:00:00,1220.16,
60,60,UPI,Success,768.76,2026-03-21 00:00:00,135.66,
61,61,UPI,Success,7315.75,2025-06-14 01:00:00,1828.94,NEWUSER
62,62,UPI,Success,9132.0,2024-10-02 04:00:00,0.0,SAVE15
63,63,Cash on Delivery,Success,9208.46,2026-06-27 04:00:00,484.66,
64,64,UPI,Success,2002.94,2025-08-27 05:00:00,353.46,FEST20
65,65,Credit Card,Success,2887.29,2025-05-17 01:00:00,0.0,
66,66,Cash on Delivery,Success,5799.94,2025-12-07 01:00:00,1449.98,
67,67,UPI,Success,5831.14,2024-12-03 01:00:00,1457.78,FEST20
68,68,Cash on Delivery,Success,4726.62,2025-02-12 01:00:00,0.0,
69,69,UPI,Success,12865.59,2026-01-31 00:00:00,0.0,FEST20
70,70,Credit Card,Success,2735.16,2025-04-03 03:00:00,0.0,
71,71,Credit Card,Success,2147.09,2025-12-22 03:00:00,113.0,
72,72,Debit Card,Success,2657.24,2026-02-14 03:00:00,0.0,FEST20
73,73,Credit Card,Success,2956.18,2023-12-21 00:00:00,739.05,
74,74,UPI,Success,9064.23,2026-03-16 02:00:00,1599.57,WELCOME10
75,75,Debit Card,Success,514.76,2025-10-26 02:00:00,0.0,
76,76,UPI,Refunded,45038.74,2025-06-23 03:00:00,0.0,
77,77,Cash on Delivery,Success,6613.81,2024-10-29 00:00:00,0.0,SAVE15
78,78,Cash on Delivery,Success,4141.25,2024-09-27 05:00:00,0.0,SAVE15
79,79,UPI,Success,20419.49,2026-03-24 01:00:00,5104.87,NEWUSER
80,80,Cash on Delivery,Success,43690.22,2024-08-25 02:00:00,10922.56,
81,81,UPI,Success,20142.99,2024-05-21 01:00:00,5035.75,
82,82,UPI,Refunded,57184.9,2025-10-25 03:00:00,14296.22,SAVE15
83,83,Cash on Delivery,Success,779.8,2025-12-30 00:00:00,86.65,
84,84,Debit Card,Success,4882.54,2025-09-13 02:00:00,861.62,WELCOME10
85,85,Credit Card,Refunded,6599.55,2024-04-11 03:00:00,1649.89,
86,86,Cash on Delivery,Success,5406.5,2025-08-31 01:00:00,0.0,NEWUSER
87,87,UPI,Success,5694.98,2024-12-07 03:00:00,0.0,
88,88,UPI,Success,2996.93,2026-04-20 05:00:00,528.87,FEST20
89,89,Debit Card,Success,4174.58,2026-03-14 03:00:00,463.84,SAVE15
90,90,Cash on Delivery,Success,6956.4,2025-03-22 01:00:00,0.0,SAVE15
91,91,UPI,Success,1256.07,2024-09-12 02:00:00,139.56,
92,92,Cash on Delivery,Success,661.28,2026-03-31 00:00:00,0.0,
93,93,UPI,Success,4682.54,2026-04-16 00:00:00,0.0,WELCOME10
94,94,EMI,Success,3954.58,2026-01-30 01:00:00,0.0,FEST20
95,95,Credit Card,Success,5738.62,2025-12-22 01:00:00,0.0,
96,96,Cash on Delivery,Success,25173.06,2025-01-31 04:00:00,4442.3,SAVE15
97,97,Credit Card,Refunded,3931.41,2026-04-24 02:00:00,982.85,WELCOME10
98,98,UPI,Success,5134.61,2024-08-26 02:00:00,0.0,
99,99,Credit Card,Success,5153.0,2025-08-23 04:00:00,0.0,
100,100,Net Banking,Success,7370.75,2026-01-23 03:00:00,1842.69,NEWUSER
101,101,Debit Card,Success,18119.13,2025-01-31 00:00:00,2013.24,WELCOME10
102,102,UPI,Success,1684.08,2026-08-02 03:00:00,0.0,NEWUSER
103,103,Net Banking,Success,1437.74,2026-04-27 05:00:00,0.0,FEST20
104,104,UPI,Success,1762.11,2024-07-27 02:00:00,310.96,FEST20
105,105,Credit Card,Success,38998.74,2024-04-29 03:00:00,4333.19,NEWUSER
106,106,Credit Card,Refunded,22657.09,2025-04-18 00:00:00,0.0,
107,107,Cash on Delivery,Success,2506.89,2024-09-10 05:00:00,0.0,FEST20
108,108,UPI,Success,1847.01,2025-02-19 05:00:00,0.0,SAVE15
109,109,Cash on Delivery,Success,581.0,2025-02-08 03:00:00,0.0,SAVE15
110,110,Credit Card,Success,36157.05,2025-08-02 02:00:00,0.0,NEWUSER
111,111,Credit Card,Success,11968.17,2026-05-19 03:00:00,0.0,FEST20
112,112,UPI,Success,12656.31,2026-04-27 04:00:00,0.0,SAVE15
113,113,Net Banking,Success,18292.9,2026-08-03 04:00:00,2032.55,
114,114,UPI,Success,58908.84,2025-10-11 01:00:00,14727.21,NEWUSER
115,115,UPI,Success,1072.68,2025-05-21 00:00:00,0.0,
116,116,UPI,Refunded,598.23,2025-01-22 03:00:00,66.47,WELCOME10
117,117,Cash on Delivery,Success,515.1,2025-07-24 00:00:00,90.9,SAVE15
118,118,Debit Card,Success,20013.21,2026-07-04 01:00:00,2223.69,
119,119,Credit Card,Success,433.19,2026-03-18 04:00:00,76.44,NEWUSER
120,120,Cash on Delivery,Success,769.5,2026-06-18 05:00:00,192.37,FEST20
121,121,Cash on Delivery,Success,3601.49,2025-12-24 00:00:00,0.0,SAVE15
122,122,UPI,Success,4836.47,2025-08-03 04:00:00,853.49,SAVE15
123,123,UPI,Success,25343.77,2025-10-26 03:00:00,1333.88,
124,124,Debit Card,Success,21897.75,2025-10-24 04:00:00,1152.51,WELCOME10
125,125,Credit Card,Success,6306.75,2025-12-20 03:00:00,1112.95,SAVE15
126,126,UPI,Success,5539.39,2026-01-18 02:00:00,0.0,WELCOME10
127,127,UPI,Success,152470.54,2026-05-05 01:00:00,8024.76,
128,128,Credit Card,Pending,77628.6,2026-07-24 01:00:00,8625.4,
129,129,Cash on Delivery,Success,3705.66,2026-02-08 01:00:00,195.03,FEST20
130,130,UPI,Success,38506.67,2026-01-26 04:00:00,6795.3,SAVE15
131,131,Cash on Delivery,Success,7599.52,2024-09-26 00:00:00,0.0,FEST20
132,132,Net Banking,Success,10964.3,2026-02-12 04:00:00,2741.08,SAVE15
133,133,Credit Card,Success,936.46,2025-08-27 00:00:00,0.0,NEWUSER
134,134,Cash on Delivery,Success,2133.8,2026-01-26 02:00:00,237.09,FEST20
135,135,Credit Card,Success,1137.27,2025-04-25 04:00:00,200.69,WELCOME10
136,136,Net Banking,Refunded,66900.0,2025-09-01 03:00:00,0.0,WELCOME10
137,137,Debit Card,Success,393.52,2026-01-27 05:00:00,43.72,
138,138,UPI,Success,30328.06,2026-05-23 01:00:00,1596.21,FEST20
139,139,Cash on Delivery,Success,14347.47,2025-07-05 01:00:00,2531.91,WELCOME10
140,140,EMI,Success,4563.13,2026-01-18 05:00:00,805.26,
141,141,Debit Card,Success,829.96,2025-07-21 00:00:00,146.46,
142,142,UPI,Success,3465.1,2025-07-09 00:00:00,866.28,
143,143,Cash on Delivery,Success,8017.84,2024-11-17 00:00:00,0.0,
144,144,UPI,Success,665.67,2026-03-15 01:00:00,117.47,
145,145,Debit Card,Success,841.13,2025-02-14 03:00:00,44.27,SAVE15
146,146,UPI,Success,2596.0,2025-11-20 01:00:00,0.0,FEST20
147,147,Credit Card,Success,210.02,2026-03-01 04:00:00,37.06,
148,148,Debit Card,Success,3869.82,2025-08-25 05:00:00,967.45,
149,149,Cash on Delivery,Success,121996.87,2025-05-08 02:00:00,30499.22,
150,150,Cash on Delivery,Success,7282.16,2025-11-19 04:00:00,0.0,
151,151,Cash on Delivery,Success,335.31,2026-06-13 01:00:00,0.0,FEST20
152,152,UPI,Success,3418.26,2026-03-13 05:00:00,603.22,NEWUSER
153,153,Cash on Delivery,Success,2952.16,2024-02-05 05:00:00,328.02,SAVE15
154,154,Cash on Delivery,Success,3035.6,2025-08-21 02:00:00,535.7,NEWUSER
155,155,UPI,Success,12638.74,2025-04-04 02:00:00,0.0,
156,156,UPI,Success,1101.76,2025-08-25 04:00:00,0.0,
157,157,UPI,Success,1113.41,2026-08-03 00:00:00,0.0,
158,158,Debit Card,Success,190.99,2026-06-09 04:00:00,10.05,
159,159,Net Banking,Refunded,2279.99,2025-09-06 00:00:00,570.0,
160,160,Cash on Delivery,Success,2192.64,2025-11-27 05:00:00,0.0,
161,161,UPI,Success,684.28,2026-07-19 01:00:00,36.02,
162,162,Debit Card,Refunded,2785.08,2026-08-17 02:00:00,491.49,SAVE15
163,163,Cash on Delivery,Success,2627.1,2025-11-20 05:00:00,463.61,SAVE15
164,164,UPI,Success,3699.07,2026-03-09 01:00:00,194.69,
165,165,UPI,Success,150.18,2026-02-17 02:00:00,16.69,
166,166,Net Banking,Success,11879.68,2025-09-27 05:00:00,625.25,FEST20
167,167,UPI,Refunded,180.63,2025-07-29 05:00:00,45.16,
168,168,Cash on Delivery,Success,1141.65,2026-02-15 03:00:00,60.09,FEST20
169,169,Debit Card,Success,8106.42,2026-06-04 01:00:00,0.0,
170,170,Credit Card,Success,4478.43,2025-09-23 02:00:00,235.71,
171,171,UPI,Refunded,1883.83,2026-04-07 02:00:00,470.96,WELCOME10
172,172,UPI,Success,2023.61,2024-07-29 03:00:00,106.51,FEST20
173,173,Credit Card,Success,1294.19,2025-05-07 02:00:00,143.8,SAVE15
174,174,UPI,Pending,50340.14,2025-10-03 01:00:00,5593.35,
175,175,Cash on Delivery,Success,4182.89,2025-05-02 04:00:00,738.16,WELCOME10
176,176,UPI,Success,4034.76,2024-12-23 01:00:00,0.0,
177,177,Debit Card,Success,1959.42,2026-02-09 00:00:00,0.0,
178,178,UPI,Success,2215.03,2026-05-25 05:00:00,246.11,
179,179,UPI,Success,735.05,2025-02-04 03:00:00,0.0,FEST20
180,180,Credit Card,Success,2476.53,2024-11-19 00:00:00,130.34,FEST20
181,181,UPI,Success,1030.85,2026-03-07 03:00:00,0.0,
182,182,UPI,Success,81403.52,2025-11-27 05:00:00,0.0,NEWUSER
183,183,Credit Card,Success,454.34,2025-07-21 00:00:00,80.18,FEST20
184,184,Cash on Delivery,Success,10856.65,2025-08-15 04:00:00,1206.29,
185,185,Credit Card,Success,1118.29,2025-08-13 04:00:00,197.35,
186,186,Cash on Delivery,Success,157713.02,2026-05-10 00:00:00,39428.26,SAVE15
187,187,Credit Card,Success,31889.96,2024-11-10 00:00:00,0.0,SAVE15
188,188,Net Banking,Success,3316.55,2026-02-10 02:00:00,368.51,
189,189,EMI,Refunded,11887.22,2025-12-15 05:00:00,625.64,
190,190,Debit Card,Success,11168.52,2025-03-03 03:00:00,1240.95,FEST20
191,191,EMI,Success,10651.63,2025-10-05 02:00:00,0.0,
192,192,UPI,Success,873.64,2024-11-10 00:00:00,154.17,WELCOME10
193,193,UPI,Refunded,6571.84,2026-03-28 04:00:00,1159.74,WELCOME10
194,194,Debit Card,Refunded,1085.02,2026-05-14 00:00:00,0.0,FEST20
195,195,Credit Card,Success,652.95,2026-01-31 02:00:00,72.55,SAVE15
196,196,Credit Card,Success,309.85,2026-01-25 02:00:00,34.43,NEWUSER
197,197,UPI,Success,907.87,2025-07-06 03:00:00,0.0,
198,198,Debit Card,Success,5283.92,2026-02-03 04:00:00,587.1,WELCOME10
199,199,UPI,Success,41596.16,2026-03-11 03:00:00,10399.04,NEWUSER
200,200,Debit Card,Success,4695.94,2025-05-21 05:00:00,828.7,
201,201,UPI,Success,2305.74,2025-06-02 02:00:00,121.35,
202,202,UPI,Success,230.1,2025-09-22 04:00:00,0.0,FEST20
203,203,UPI,Success,781.02,2026-04-12 01:00:00,86.78,
204,204,Credit Card,Success,30894.18,2026-04-17 03:00:00,0.0,WELCOME10
205,205,Cash on Delivery,Success,588.56,2026-02-07 05:00:00,103.86,
206,206,UPI,Success,3708.36,2026-01-22 02:00:00,654.42,WELCOME10
207,207,UPI,Success,12145.16,2026-05-13 02:00:00,639.22,
208,208,UPI,Success,52696.44,2024-03-24 00:00:00,0.0,NEWUSER
209,209,Net Banking,Success,50873.75,2026-04-03 02:00:00,2677.57,NEWUSER
210,210,Debit Card,Success,143006.79,2025-08-26 01:00:00,25236.49,FEST20
211,211,Debit Card,Success,72491.67,2024-03-13 01:00:00,12792.65,
212,212,EMI,Success,24723.85,2026-03-11 00:00:00,2747.09,FEST20
213,213,Cash on Delivery,Success,9211.82,2024-08-10 03:00:00,2302.96,
214,214,Credit Card,Success,2751.29,2025-10-31 05:00:00,0.0,FEST20
215,215,UPI,Success,714.94,2026-06-12 03:00:00,79.44,
216,216,UPI,Success,2923.02,2025-07-31 04:00:00,0.0,
217,217,UPI,Success,6001.5,2026-03-08 02:00:00,1500.38,
218,218,Net Banking,Success,561.08,2024-11-28 02:00:00,29.53,FEST20
219,219,UPI,Success,744.27,2026-01-14 03:00:00,39.17,FEST20
220,220,UPI,Success,3906.08,2026-03-04 04:00:00,689.31,WELCOME10
221,221,Net Banking,Success,8155.42,2026-01-08 03:00:00,2038.85,FEST20
222,222,Debit Card,Success,1982.52,2026-07-09 04:00:00,0.0,NEWUSER
223,223,EMI,Success,1242.21,2025-07-02 02:00:00,310.55,NEWUSER
224,224,Debit Card,Success,29172.48,2025-01-18 04:00:00,3241.39,WELCOME10
225,225,UPI,Success,38158.25,2025-08-06 03:00:00,2008.33,SAVE15
226,226,Cash on Delivery,Success,483.79,2025-12-28 05:00:00,120.95,NEWUSER
227,227,UPI,Success,3166.77,2025-08-21 04:00:00,558.84,
228,228,Debit Card,Success,4637.66,2026-05-23 01:00:00,515.29,SAVE15
229,229,UPI,Success,2509.14,2025-02-11 05:00:00,627.29,
230,230,Cash on Delivery,Success,16331.12,2025-05-11 03:00:00,2881.96,
231,231,Net Banking,Success,4447.25,2024-10-07 03:00:00,234.07,NEWUSER
232,232,Credit Card,Success,5416.13,2026-06-14 04:00:00,955.79,
233,233,Debit Card,Success,2419.47,2026-04-09 05:00:00,0.0,NEWUSER
234,234,Cash on Delivery,Success,4339.39,2026-04-04 03:00:00,482.15,WELCOME10
235,235,UPI,Success,28849.82,2026-04-23 01:00:00,3205.54,
236,236,Debit Card,Success,44356.01,2026-06-03 01:00:00,0.0,
237,237,Net Banking,Success,850.82,2023-12-28 04:00:00,0.0,
238,238,Debit Card,Success,3461.26,2026-01-22 00:00:00,0.0,
239,239,EMI,Success,8272.09,2025-06-02 02:00:00,435.37,
240,240,UPI,Success,1622.23,2026-05-26 01:00:00,180.25,
241,241,Cash on Delivery,Success,1489.32,2026-04-02 00:00:00,78.39,NEWUSER
242,242,UPI,Success,8655.93,2026-06-15 01:00:00,0.0,WELCOME10
243,243,UPI,Success,1987.28,2025-09-22 02:00:00,0.0,WELCOME10
244,244,UPI,Success,9673.26,2025-04-29 02:00:00,0.0,
245,245,UPI,Success,1391.35,2026-04-13 04:00:00,154.6,WELCOME10
246,246,Cash on Delivery,Success,3354.3,2025-09-30 00:00:00,838.57,
247,247,Debit Card,Success,2336.26,2026-02-24 04:00:00,0.0,
248,248,Cash on Delivery,Success,4855.51,2025-04-03 00:00:00,0.0,WELCOME10
249,249,Credit Card,Success,561.36,2025-11-27 01:00:00,99.06,SAVE15
250,250,Credit Card,Refunded,37154.83,2025-10-29 01:00:00,4128.32,FEST20
251,251,Cash on Delivery,Success,37224.61,2025-06-24 02:00:00,1959.19,WELCOME10
252,252,UPI,Success,805.74,2024-08-25 01:00:00,0.0,WELCOME10
253,253,UPI,Success,3308.34,2024-12-09 04:00:00,827.08,
254,254,Cash on Delivery,Not Applicable,38705.81,2025-11-05 02:00:00,4300.65,FEST20
255,255,Credit Card,Success,2421.23,2025-05-05 00:00:00,0.0,NEWUSER
256,256,Debit Card,Success,2949.37,2025-10-05 04:00:00,0.0,
257,257,Credit Card,Success,3264.92,2024-08-27 03:00:00,171.84,FEST20
258,258,Net Banking,Success,3715.12,2025-10-27 04:00:00,195.53,NEWUSER
259,259,Debit Card,Success,4673.15,2024-06-25 00:00:00,245.96,
260,260,Credit Card,Success,2599.67,2025-11-19 04:00:00,458.77,FEST20
261,261,UPI,Success,338.97,2025-01-09 04:00:00,17.84,NEWUSER
262,262,Cash on Delivery,Success,448.1,2024-12-26 01:00:00,0.0,NEWUSER
263,263,Net Banking,Success,355.96,2026-02-28 05:00:00,88.99,SAVE15
264,264,UPI,Success,5314.99,2026-03-19 01:00:00,590.56,
265,265,Cash on Delivery,Success,3537.8,2024-11-18 00:00:00,624.32,SAVE15
266,266,UPI,Success,63379.28,2024-08-20 03:00:00,0.0,FEST20
267,267,Debit Card,Success,11660.92,2025-07-28 03:00:00,0.0,
268,268,Cash on Delivery,Success,72660.02,2025-03-02 00:00:00,0.0,
269,269,UPI,Success,2605.06,2023-12-22 00:00:00,137.11,
270,270,UPI,Success,7282.42,2026-02-24 03:00:00,1285.13,
271,271,Debit Card,Refunded,9333.8,2026-06-22 03:00:00,1647.14,WELCOME10
272,272,Credit Card,Success,2331.06,2025-06-16 05:00:00,0.0,FEST20
273,273,Cash on Delivery,Success,2703.12,2026-05-25 01:00:00,0.0,
274,274,Cash on Delivery,Success,3845.38,2026-02-23 03:00:00,961.35,FEST20
275,275,UPI,Success,3967.41,2025-10-15 03:00:00,991.85,FEST20
276,276,Net Banking,Success,174.9,2025-09-24 04:00:00,0.0,SAVE15
277,277,Cash on Delivery,Success,1246.7,2025-11-13 03:00:00,220.0,
278,278,Credit Card,Success,7078.63,2026-03-24 02:00:00,1249.17,WELCOME10
279,279,UPI,Success,9393.26,2026-03-11 02:00:00,0.0,
280,280,Debit Card,Success,3124.43,2024-10-12 03:00:00,781.11,WELCOME10
281,281,UPI,Success,3214.4,2026-03-10 04:00:00,0.0,WELCOME10
282,282,UPI,Success,2345.45,2024-09-18 01:00:00,413.9,WELCOME10
283,283,Credit Card,Success,1709.22,2025-12-14 04:00:00,189.91,NEWUSER
284,284,Cash on Delivery,Success,261.62,2025-09-27 02:00:00,46.17,NEWUSER
285,285,Net Banking,Success,6551.79,2025-04-02 00:00:00,0.0,
286,286,UPI,Success,4779.78,2026-02-10 04:00:00,0.0,SAVE15
287,287,Net Banking,Success,1969.09,2026-01-11 05:00:00,347.49,NEWUSER
288,288,Credit Card,Success,32146.67,2026-03-03 00:00:00,8036.67,SAVE15
289,289,UPI,Success,3224.71,2026-05-13 04:00:00,358.3,FEST20
290,290,Debit Card,Success,3121.48,2025-09-08 00:00:00,346.83,
291,291,UPI,Success,9746.27,2026-01-03 02:00:00,1719.93,
292,292,UPI,Success,2385.72,2024-07-23 01:00:00,125.56,
293,293,UPI,Success,28071.4,2026-01-22 02:00:00,3119.05,
294,294,Net Banking,Refunded,1491.93,2025-11-03 04:00:00,0.0,NEWUSER
295,295,Credit Card,Success,3863.17,2025-04-07 03:00:00,203.33,SAVE15
296,296,Net Banking,Success,3976.22,2024-09-03 05:00:00,0.0,SAVE15
297,297,Debit Card,Success,214.72,2025-09-18 02:00:00,23.86,SAVE15
298,298,Debit Card,Success,555.64,2026-04-14 00:00:00,61.74,WELCOME10
299,299,Credit Card,Success,30043.55,2025-08-24 01:00:00,3338.17,FEST20
300,300,Cash on Delivery,Success,9114.09,2025-10-19 00:00:00,0.0,
301,301,Credit Card,Success,382.62,2024-02-07 04:00:00,95.65,
302,302,Cash on Delivery,Success,791.15,2024-08-28 01:00:00,139.61,SAVE15
303,303,Cash on Delivery,Success,25318.74,2025-07-26 05:00:00,6329.69,
304,304,Credit Card,Success,71969.09,2025-10-15 02:00:00,7996.57,
305,305,Credit Card,Success,3285.64,2025-08-06 05:00:00,365.07,
306,306,Cash on Delivery,Success,417.92,2026-01-26 02:00:00,104.48,
307,307,Cash on Delivery,Success,2802.5,2026-03-27 01:00:00,700.62,NEWUSER
308,308,Cash on Delivery,Success,1783.29,2025-05-06 04:00:00,0.0,SAVE15
309,309,UPI,Success,18062.36,2024-07-25 00:00:00,0.0,
310,310,Debit Card,Success,20941.59,2026-03-05 03:00:00,1102.19,NEWUSER
311,311,EMI,Success,89190.74,2026-01-06 02:00:00,0.0,FEST20
312,312,UPI,Success,2006.18,2024-07-02 01:00:00,354.03,SAVE15
313,313,UPI,Success,204.95,2026-02-12 02:00:00,10.79,
314,314,EMI,Success,11602.56,2024-05-23 02:00:00,610.66,
315,315,UPI,Success,4723.33,2025-04-11 04:00:00,1180.83,SAVE15
316,316,Cash on Delivery,Success,6269.63,2025-05-12 04:00:00,696.63,
317,317,Cash on Delivery,Success,1818.76,2024-07-08 00:00:00,0.0,
318,318,Credit Card,Success,3402.96,2024-05-26 02:00:00,850.74,FEST20
319,319,Cash on Delivery,Success,397.44,2025-05-08 03:00:00,70.14,NEWUSER
320,320,Cash on Delivery,Success,40771.39,2025-07-24 04:00:00,4530.16,
321,321,Credit Card,Success,12252.06,2025-02-20 05:00:00,0.0,FEST20
322,322,Net Banking,Success,475.98,2026-08-17 05:00:00,25.05,
323,323,Cash on Delivery,Success,254.36,2025-08-23 04:00:00,0.0,
324,324,UPI,Refunded,2509.46,2026-03-28 02:00:00,278.83,SAVE15
325,325,Cash on Delivery,Success,752.21,2026-07-20 01:00:00,0.0,
326,326,Credit Card,Success,72818.79,2025-12-26 05:00:00,0.0,FEST20
327,327,Credit Card,Success,6162.16,2026-08-11 02:00:00,0.0,FEST20
328,328,Debit Card,Success,12646.34,2024-11-17 02:00:00,3161.59,
329,329,UPI,Success,1272.62,2025-02-02 05:00:00,66.98,NEWUSER
330,330,UPI,Refunded,4131.52,2026-01-03 05:00:00,729.09,NEWUSER
331,331,UPI,Success,11887.13,2026-01-20 00:00:00,0.0,NEWUSER
332,332,Debit Card,Success,3010.98,2026-03-04 03:00:00,334.55,FEST20
333,333,UPI,Success,4367.03,2025-04-13 00:00:00,1091.76,FEST20
334,334,Debit Card,Success,956.96,2025-10-14 00:00:00,0.0,NEWUSER
335,335,Debit Card,Success,1064.11,2025-01-28 00:00:00,0.0,NEWUSER
336,336,UPI,Success,1537.37,2025-11-12 05:00:00,170.82,SAVE15
337,337,Cash on Delivery,Success,232.49,2025-06-17 01:00:00,41.03,NEWUSER
338,338,Net Banking,Refunded,727.22,2026-07-09 02:00:00,181.8,
339,339,Net Banking,Success,4472.65,2025-12-20 00:00:00,235.4,NEWUSER
340,340,Debit Card,Success,1040.96,2024-07-15 05:00:00,183.7,
341,341,Debit Card,Refunded,182.22,2025-11-03 01:00:00,45.55,FEST20
342,342,EMI,Success,4016.35,2026-06-11 05:00:00,1004.09,WELCOME10
343,343,UPI,Success,2247.07,2025-04-21 04:00:00,561.77,WELCOME10
344,344,Net Banking,Success,1117.44,2024-11-23 02:00:00,0.0,FEST20
345,345,UPI,Success,5079.21,2025-12-17 00:00:00,0.0,NEWUSER
346,346,Cash on Delivery,Success,245102.85,2025-05-01 00:00:00,12900.15,SAVE15
347,347,UPI,Success,1203.23,2026-01-15 05:00:00,212.34,SAVE15
348,348,Debit Card,Success,2118.77,2024-12-19 05:00:00,235.42,
349,349,Cash on Delivery,Success,657.01,2025-03-07 03:00:00,34.58,SAVE15
350,350,UPI,Success,849.51,2025-08-17 04:00:00,149.91,
351,351,UPI,Success,3667.32,2025-04-16 02:00:00,647.17,
352,352,Credit Card,Success,8118.98,2026-04-15 02:00:00,2029.74,
353,353,Cash on Delivery,Success,325.13,2025-10-11 00:00:00,81.28,NEWUSER
354,354,UPI,Success,7651.5,2026-06-23 03:00:00,1350.26,SAVE15
355,355,Cash on Delivery,Success,693.37,2025-06-27 02:00:00,173.34,
356,356,Debit Card,Success,893.07,2025-07-09 03:00:00,0.0,
357,357,UPI,Success,2583.07,2024-12-22 01:00:00,135.95,
358,358,UPI,Success,7927.77,2025-06-15 02:00:00,1399.02,WELCOME10
359,359,UPI,Success,4971.43,2025-03-25 02:00:00,0.0,
360,360,UPI,Success,3262.92,2026-05-14 01:00:00,0.0,WELCOME10
361,361,Cash on Delivery,Success,5993.89,2025-07-14 01:00:00,1498.47,SAVE15
362,362,EMI,Success,14380.27,2026-05-02 01:00:00,0.0,WELCOME10
363,363,Cash on Delivery,Success,902.03,2025-11-08 00:00:00,0.0,
364,364,Credit Card,Success,1182.04,2026-05-09 01:00:00,208.6,WELCOME10
365,365,UPI,Success,819.35,2026-04-02 03:00:00,0.0,WELCOME10
366,366,UPI,Success,4590.69,2024-09-02 02:00:00,1147.67,
367,367,UPI,Success,770.57,2025-01-15 01:00:00,85.62,NEWUSER
368,368,Net Banking,Success,23141.29,2024-10-05 04:00:00,2571.25,FEST20
369,369,Credit Card,Success,2415.2,2025-01-31 02:00:00,127.12,
370,370,Debit Card,Success,667.96,2026-05-13 00:00:00,0.0,
371,371,Cash on Delivery,Not Applicable,1869.41,2025-02-03 04:00:00,0.0,
372,372,Credit Card,Success,2148.93,2026-04-17 03:00:00,238.77,
373,373,Credit Card,Success,9577.33,2024-08-24 01:00:00,0.0,FEST20
374,374,Credit Card,Success,29977.72,2026-06-20 02:00:00,0.0,
375,375,Debit Card,Success,51077.14,2025-12-30 02:00:00,12769.29,
376,376,Cash on Delivery,Not Applicable,270.36,2025-08-20 00:00:00,0.0,NEWUSER
377,377,Credit Card,Success,21597.77,2026-01-30 03:00:00,1136.73,WELCOME10
378,378,UPI,Success,6242.97,2025-11-23 01:00:00,0.0,NEWUSER
379,379,Debit Card,Success,8342.35,2025-02-04 03:00:00,0.0,
380,380,UPI,Success,39540.24,2026-01-07 01:00:00,0.0,WELCOME10
381,381,UPI,Success,8069.57,2025-07-26 02:00:00,0.0,
382,382,UPI,Success,7965.14,2026-02-05 02:00:00,885.02,NEWUSER
383,383,Debit Card,Success,1476.23,2026-03-15 03:00:00,77.7,FEST20
384,384,Credit Card,Success,405.14,2026-05-22 03:00:00,71.49,FEST20
385,385,UPI,Success,6701.95,2024-07-25 02:00:00,0.0,WELCOME10
386,386,UPI,Success,11823.64,2025-12-12 02:00:00,0.0,WELCOME10
387,387,UPI,Refunded,19150.46,2025-10-18 04:00:00,1007.92,FEST20
388,388,Debit Card,Refunded,7526.84,2026-02-21 04:00:00,1328.27,FEST20
389,389,Credit Card,Success,44519.22,2025-05-16 01:00:00,4946.58,NEWUSER
390,390,UPI,Success,1070.53,2026-06-01 02:00:00,267.63,
391,391,UPI,Success,215.29,2025-10-24 04:00:00,0.0,
392,392,UPI,Success,70413.67,2026-02-07 04:00:00,0.0,
393,393,EMI,Success,47062.49,2025-09-06 01:00:00,0.0,
394,394,Debit Card,Success,3356.56,2026-05-02 04:00:00,592.33,NEWUSER
395,395,Cash on Delivery,Success,10399.05,2025-04-26 03:00:00,1835.13,
396,396,Cash on Delivery,Success,2323.98,2025-08-19 05:00:00,580.99,WELCOME10
397,397,Net Banking,Refunded,1087.47,2025-04-30 00:00:00,271.87,
398,398,Debit Card,Success,7875.48,2025-11-11 04:00:00,414.5,NEWUSER
399,399,Cash on Delivery,Success,333.81,2024-09-23 05:00:00,58.91,
400,400,Credit Card,Success,605.57,2024-09-13 01:00:00,0.0,NEWUSER
401,401,UPI,Success,27751.13,2025-06-05 00:00:00,0.0,SAVE15
402,402,Cash on Delivery,Success,750.07,2026-02-02 04:00:00,83.34,FEST20
403,403,Net Banking,Success,915.9,2025-01-31 01:00:00,0.0,
404,404,UPI,Success,3815.87,2026-07-12 02:00:00,953.97,SAVE15
405,405,UPI,Success,36242.5,2024-12-07 01:00:00,0.0,
406,406,UPI,Success,216.97,2024-12-18 04:00:00,11.42,WELCOME10
407,407,Net Banking,Success,3810.76,2025-01-03 04:00:00,423.42,
408,408,Debit Card,Success,900.36,2025-07-12 00:00:00,100.04,SAVE15
409,409,Debit Card,Success,423.54,2025-03-26 00:00:00,47.06,
410,410,Cash on Delivery,Success,19751.46,2025-02-03 05:00:00,0.0,SAVE15
411,411,EMI,Success,7399.13,2026-05-23 02:00:00,1305.73,
412,412,Debit Card,Success,74675.48,2026-01-02 00:00:00,8297.27,SAVE15
413,413,Cash on Delivery,Success,2742.71,2026-01-12 02:00:00,0.0,NEWUSER
414,414,UPI,Success,79785.85,2026-06-06 04:00:00,0.0,
415,415,Credit Card,Success,1087.6,2025-07-22 05:00:00,0.0,
416,416,Cash on Delivery,Success,6910.62,2026-07-21 01:00:00,0.0,SAVE15
417,417,Cash on Delivery,Success,28309.18,2025-12-31 00:00:00,3145.46,
418,418,EMI,Success,1549.64,2025-01-04 05:00:00,81.56,
419,419,Credit Card,Success,5250.8,2026-04-24 04:00:00,276.36,SAVE15
420,420,Cash on Delivery,Success,2357.75,2024-10-17 00:00:00,261.97,SAVE15
421,421,EMI,Success,2685.02,2024-11-10 01:00:00,141.32,FEST20
422,422,UPI,Success,28853.45,2025-10-04 01:00:00,3205.94,SAVE15
423,423,UPI,Success,7499.8,2023-12-15 01:00:00,0.0,
424,424,Cash on Delivery,Success,1616.58,2025-12-26 03:00:00,0.0,
425,425,UPI,Success,48296.17,2025-12-01 01:00:00,5366.24,FEST20
426,426,UPI,Success,805.06,2025-01-16 00:00:00,89.45,FEST20
427,427,UPI,Success,25147.8,2026-02-14 00:00:00,0.0,NEWUSER
428,428,UPI,Success,280.39,2025-07-12 02:00:00,31.16,
429,429,Debit Card,Success,778.14,2026-02-07 01:00:00,194.53,WELCOME10
430,430,UPI,Success,24732.6,2026-04-02 00:00:00,1301.72,NEWUSER
431,431,Cash on Delivery,Success,4830.34,2025-03-16 00:00:00,536.71,
432,432,Net Banking,Success,5225.88,2025-05-05 03:00:00,0.0,
433,433,UPI,Refunded,35425.04,2026-03-24 04:00:00,1864.48,
434,434,Cash on Delivery,Not Applicable,3208.24,2024-09-01 05:00:00,802.06,SAVE15
435,435,UPI,Success,4401.57,2024-08-01 03:00:00,231.66,
436,436,UPI,Success,679.18,2025-07-06 03:00:00,75.46,SAVE15
437,437,Debit Card,Success,3085.14,2026-05-04 04:00:00,0.0,FEST20
438,438,UPI,Success,320.59,2025-06-18 02:00:00,0.0,WELCOME10
439,439,UPI,Success,5819.07,2026-04-15 00:00:00,646.56,WELCOME10
440,440,UPI,Success,252.21,2025-11-03 03:00:00,0.0,NEWUSER
441,441,UPI,Success,221716.12,2024-04-14 00:00:00,11669.27,
442,442,Debit Card,Success,4768.7,2025-11-06 01:00:00,529.86,SAVE15
443,443,UPI,Success,3073.18,2026-07-31 00:00:00,542.33,WELCOME10
444,444,Debit Card,Success,449.94,2026-01-24 03:00:00,112.49,SAVE15
445,445,UPI,Success,12787.39,2026-03-09 01:00:00,0.0,
446,446,Cash on Delivery,Success,770.92,2025-09-23 02:00:00,136.04,WELCOME10
447,447,Debit Card,Refunded,71991.29,2026-05-08 01:00:00,12704.34,
448,448,UPI,Success,9691.52,2024-04-23 00:00:00,1076.84,
449,449,Net Banking,Success,8007.75,2026-08-09 02:00:00,0.0,NEWUSER
450,450,Cash on Delivery,Success,22843.9,2026-01-06 00:00:00,5710.98,
451,451,Debit Card,Success,46172.77,2025-09-16 01:00:00,5130.31,
452,452,Debit Card,Success,1791.26,2026-03-27 00:00:00,0.0,FEST20
453,453,UPI,Success,7544.53,2026-01-30 05:00:00,838.28,
454,454,EMI,Success,15645.54,2025-03-21 01:00:00,3911.38,
455,455,Debit Card,Success,1610.13,2025-12-12 00:00:00,0.0,FEST20
456,456,Cash on Delivery,Success,2256.46,2024-10-28 01:00:00,250.72,
457,457,Cash on Delivery,Success,1508.94,2024-06-19 04:00:00,0.0,WELCOME10
458,458,Cash on Delivery,Success,896.12,2026-02-22 02:00:00,47.16,FEST20
459,459,Debit Card,Refunded,4604.53,2025-09-17 00:00:00,511.61,WELCOME10
460,460,Debit Card,Success,6714.93,2025-03-30 05:00:00,1184.99,FEST20
461,461,Debit Card,Success,2880.16,2026-01-21 05:00:00,151.59,NEWUSER
462,462,Debit Card,Success,2025.99,2025-11-13 04:00:00,506.5,FEST20
463,463,Debit Card,Success,29554.59,2025-04-29 00:00:00,0.0,
464,464,Cash on Delivery,Success,1266.42,2023-11-14 05:00:00,0.0,SAVE15
465,465,UPI,Success,196.38,2026-04-13 01:00:00,49.09,SAVE15
466,466,Credit Card,Success,4135.59,2026-04-09 03:00:00,1033.9,NEWUSER
467,467,EMI,Success,3850.54,2025-08-15 02:00:00,962.64,WELCOME10
468,468,Credit Card,Success,4327.5,2024-12-18 03:00:00,227.76,FEST20
469,469,Credit Card,Success,13207.07,2026-04-28 01:00:00,695.11,
470,470,Debit Card,Success,864.02,2025-10-28 04:00:00,45.47,NEWUSER
471,471,EMI,Success,4066.0,2025-07-11 03:00:00,0.0,SAVE15
472,472,Cash on Delivery,Success,11506.67,2025-11-14 05:00:00,0.0,
473,473,UPI,Success,771.52,2026-03-09 05:00:00,40.61,WELCOME10
474,474,Credit Card,Success,43378.09,2026-01-22 05:00:00,0.0,WELCOME10
475,475,Cash on Delivery,Not Applicable,9510.1,2025-05-12 04:00:00,2377.52,NEWUSER
476,476,Cash on Delivery,Success,1802.51,2026-05-01 04:00:00,318.09,FEST20
477,477,Net Banking,Success,1338.9,2026-01-21 02:00:00,334.72,FEST20
478,478,UPI,Success,861.57,2025-08-24 00:00:00,215.39,WELCOME10
479,479,EMI,Success,3712.48,2026-03-26 04:00:00,195.39,NEWUSER
480,480,EMI,Success,2183.37,2024-03-28 04:00:00,114.91,
481,481,Cash on Delivery,Success,466.32,2024-03-16 00:00:00,24.54,WELCOME10
482,482,Credit Card,Success,1562.3,2026-01-23 00:00:00,173.59,
483,483,UPI,Success,1953.56,2025-06-03 01:00:00,217.06,SAVE15
484,484,Debit Card,Refunded,2874.34,2025-09-30 04:00:00,507.24,SAVE15
485,485,Credit Card,Success,1673.71,2025-03-09 00:00:00,88.09,
486,486,UPI,Success,27822.54,2025-05-18 04:00:00,0.0,FEST20
487,487,UPI,Success,6864.74,2026-02-09 05:00:00,361.3,FEST20
488,488,Net Banking,Success,15963.32,2026-03-10 00:00:00,0.0,FEST20
489,489,Cash on Delivery,Success,13502.86,2026-03-17 05:00:00,710.68,
490,490,UPI,Success,3156.24,2025-06-18 04:00:00,0.0,NEWUSER
491,491,UPI,Success,64090.08,2026-05-01 01:00:00,16022.52,
492,492,Debit Card,Success,49212.17,2026-01-26 03:00:00,0.0,
493,493,Cash on Delivery,Success,570.67,2025-06-22 03:00:00,100.71,
494,494,Cash on Delivery,Success,696.61,2025-08-22 01:00:00,36.66,
495,495,Cash on Delivery,Pending,2504.38,2024-09-04 00:00:00,626.1,
496,496,Cash on Delivery,Success,427.82,2025-10-18 05:00:00,47.54,
497,497,Debit Card,Success,8375.96,2026-06-13 01:00:00,0.0,SAVE15
498,498,Debit Card,Success,431.35,2025-10-31 01:00:00,47.93,SAVE15
499,499,Debit Card,Success,64129.37,2025-12-22 03:00:00,11316.95,SAVE15
500,500,UPI,Refunded,653.02,2025-09-18 02:00:00,0.0,WELCOME10
501,501,Credit Card,Success,1421.52,2026-02-05 03:00:00,74.82,NEWUSER
502,502,UPI,Success,1600.21,2026-01-06 01:00:00,0.0,
503,503,UPI,Refunded,297.73,2026-03-09 04:00:00,15.67,FEST20
504,504,EMI,Success,15381.86,2025-06-07 02:00:00,1709.1,
505,505,Credit Card,Success,297.95,2024-12-08 00:00:00,0.0,SAVE15
506,506,Credit Card,Success,1476.65,2026-02-20 05:00:00,164.07,
507,507,Cash on Delivery,Success,344.71,2025-09-09 04:00:00,60.83,NEWUSER
508,508,Net Banking,Success,1386.63,2026-03-08 03:00:00,244.7,FEST20
509,509,Cash on Delivery,Success,57118.46,2025-05-19 03:00:00,0.0,WELCOME10
510,510,Credit Card,Success,1640.61,2026-01-06 01:00:00,86.35,
511,511,Credit Card,Success,3071.4,2024-04-01 01:00:00,161.65,
512,512,UPI,Success,6235.95,2026-01-22 04:00:00,692.88,NEWUSER
513,513,Credit Card,Success,603.85,2025-10-12 01:00:00,150.96,
514,514,UPI,Pending,15613.24,2025-02-10 00:00:00,0.0,FEST20
515,515,UPI,Success,5022.71,2025-11-16 02:00:00,558.08,NEWUSER
516,516,Debit Card,Success,495.96,2026-02-06 01:00:00,55.11,WELCOME10
517,517,UPI,Success,6437.19,2025-07-27 03:00:00,0.0,FEST20
518,518,Cash on Delivery,Success,43481.5,2025-04-28 03:00:00,4831.28,
519,519,EMI,Success,2100.76,2025-11-29 02:00:00,0.0,
520,520,UPI,Pending,1915.0,2024-12-15 05:00:00,100.79,
521,521,Credit Card,Success,2370.9,2025-09-18 04:00:00,0.0,NEWUSER
522,522,Credit Card,Success,85703.67,2025-10-24 05:00:00,0.0,FEST20
523,523,Credit Card,Success,9981.4,2026-03-31 02:00:00,1109.04,NEWUSER
524,524,Cash on Delivery,Success,17743.21,2024-12-23 04:00:00,1971.47,WELCOME10
525,525,UPI,Success,7232.76,2026-02-01 04:00:00,380.67,NEWUSER
526,526,UPI,Success,4627.62,2026-07-04 03:00:00,243.56,NEWUSER
527,527,UPI,Success,2754.73,2026-02-26 01:00:00,144.99,FEST20
528,528,Debit Card,Success,8746.4,2025-09-25 02:00:00,0.0,WELCOME10
529,529,UPI,Success,10360.62,2026-01-27 01:00:00,1151.18,
530,530,EMI,Success,71847.14,2025-11-06 02:00:00,7983.02,
531,531,Credit Card,Success,63102.61,2026-07-05 05:00:00,3321.19,FEST20
532,532,Debit Card,Success,1493.46,2025-06-17 02:00:00,78.6,
533,533,Credit Card,Success,3138.51,2026-01-10 00:00:00,553.86,NEWUSER
534,534,UPI,Success,1627.58,2026-04-13 03:00:00,0.0,SAVE15
535,535,Credit Card,Success,9568.84,2025-07-01 03:00:00,1063.2,NEWUSER
536,536,Credit Card,Success,4460.42,2025-06-20 05:00:00,495.6,NEWUSER
537,537,UPI,Success,330.34,2026-06-26 05:00:00,36.71,SAVE15
538,538,UPI,Success,2966.91,2026-05-26 05:00:00,0.0,SAVE15
539,539,Credit Card,Success,790.14,2025-07-24 02:00:00,197.53,FEST20
540,540,UPI,Success,6916.67,2024-12-11 04:00:00,768.52,WELCOME10
541,541,Credit Card,Success,3428.7,2025-12-22 04:00:00,380.97,
542,542,Cash on Delivery,Success,2336.21,2024-09-18 01:00:00,0.0,WELCOME10
543,543,UPI,Success,4174.89,2025-11-07 01:00:00,0.0,WELCOME10
544,544,UPI,Success,256.31,2025-08-06 02:00:00,28.48,
545,545,EMI,Success,4554.67,2026-01-30 02:00:00,239.72,FEST20
546,546,UPI,Success,8246.33,2023-12-06 04:00:00,1455.24,
547,547,Cash on Delivery,Not Applicable,100057.76,2026-01-20 01:00:00,0.0,
548,548,EMI,Success,40638.65,2026-03-18 01:00:00,0.0,NEWUSER
549,549,Net Banking,Success,6320.66,2026-01-01 04:00:00,0.0,FEST20
550,550,Cash on Delivery,Not Applicable,1413.83,2025-01-18 03:00:00,0.0,
551,551,UPI,Success,2479.52,2026-04-08 04:00:00,275.5,NEWUSER
552,552,Cash on Delivery,Not Applicable,3020.44,2026-01-14 05:00:00,335.6,FEST20
553,553,UPI,Success,16488.16,2026-01-31 05:00:00,1832.02,WELCOME10
554,554,UPI,Success,6695.66,2024-08-29 01:00:00,1181.59,SAVE15
555,555,Cash on Delivery,Success,3682.91,2026-03-11 02:00:00,0.0,
556,556,UPI,Success,5904.29,2026-02-09 01:00:00,1041.93,WELCOME10
557,557,Cash on Delivery,Success,1659.25,2025-07-26 04:00:00,184.36,NEWUSER
558,558,Debit Card,Success,4598.56,2025-02-20 00:00:00,0.0,FEST20
559,559,Net Banking,Success,2072.5,2025-06-17 05:00:00,518.13,NEWUSER
560,560,Credit Card,Success,54904.04,2025-11-30 03:00:00,13726.01,
561,561,Cash on Delivery,Success,1027.56,2025-06-19 03:00:00,181.34,WELCOME10
562,562,Cash on Delivery,Success,749.34,2025-08-01 03:00:00,39.44,FEST20
563,563,UPI,Success,1547.59,2025-10-13 05:00:00,273.11,SAVE15
564,564,UPI,Success,1555.25,2026-04-07 01:00:00,274.45,FEST20
565,565,UPI,Success,2848.71,2026-01-30 04:00:00,316.52,
566,566,Net Banking,Refunded,2955.09,2025-02-23 04:00:00,521.49,NEWUSER
567,567,UPI,Success,2945.44,2025-06-24 03:00:00,0.0,NEWUSER
568,568,Credit Card,Pending,1665.98,2025-05-20 05:00:00,294.0,
569,569,UPI,Success,5817.54,2025-01-27 02:00:00,0.0,
570,570,UPI,Success,777.21,2026-01-19 03:00:00,137.15,NEWUSER
571,571,Debit Card,Success,1369.47,2026-08-03 00:00:00,241.67,SAVE15
572,572,Credit Card,Refunded,18016.86,2026-05-06 00:00:00,2001.87,WELCOME10
573,573,UPI,Success,6832.62,2025-12-02 00:00:00,759.18,
574,574,Credit Card,Success,347.44,2024-07-03 00:00:00,0.0,
575,575,Net Banking,Success,59496.92,2026-05-08 02:00:00,0.0,
576,576,Cash on Delivery,Success,554.11,2026-03-19 04:00:00,61.57,
577,577,UPI,Success,14693.2,2025-09-19 01:00:00,0.0,WELCOME10
578,578,Net Banking,Success,78467.7,2026-01-20 00:00:00,0.0,
579,579,Cash on Delivery,Success,4224.37,2026-03-07 01:00:00,1056.09,SAVE15
580,580,Credit Card,Success,945.51,2025-07-02 01:00:00,166.85,
581,581,Cash on Delivery,Success,10648.86,2026-01-06 04:00:00,2662.22,WELCOME10
582,582,EMI,Success,67485.92,2025-07-21 00:00:00,7498.44,
583,583,EMI,Success,155541.8,2026-01-19 03:00:00,17282.42,FEST20
584,584,Credit Card,Success,1071.9,2025-07-25 05:00:00,267.98,FEST20
585,585,UPI,Refunded,5036.9,2025-09-10 04:00:00,559.66,
586,586,Credit Card,Success,17388.84,2025-09-20 02:00:00,0.0,SAVE15
587,587,Net Banking,Success,15776.52,2025-11-29 03:00:00,2784.09,
588,588,Cash on Delivery,Success,17004.3,2025-11-08 01:00:00,0.0,
589,589,EMI,Success,1791.26,2026-01-07 00:00:00,447.82,SAVE15
590,590,Credit Card,Success,1326.49,2026-02-21 00:00:00,234.09,WELCOME10
591,591,Credit Card,Success,578.13,2025-12-12 05:00:00,0.0,SAVE15
592,592,UPI,Success,4496.24,2025-09-20 03:00:00,0.0,FEST20
593,593,Credit Card,Success,4182.14,2026-01-21 00:00:00,0.0,FEST20
594,594,Debit Card,Success,8086.48,2026-03-02 03:00:00,425.6,
595,595,Credit Card,Pending,2538.62,2026-04-25 04:00:00,282.07,FEST20
596,596,Credit Card,Success,9591.58,2026-05-01 04:00:00,504.82,WELCOME10
597,597,EMI,Success,375.75,2025-06-16 01:00:00,41.75,FEST20
598,598,UPI,Success,2863.01,2025-05-01 04:00:00,318.11,FEST20
599,599,Credit Card,Success,69804.44,2026-02-13 03:00:00,17451.11,FEST20
600,600,UPI,Success,1694.39,2024-11-29 00:00:00,89.18,NEWUSER
601,601,Cash on Delivery,Not Applicable,2391.24,2026-07-19 01:00:00,0.0,WELCOME10
602,602,Debit Card,Success,4266.02,2025-07-15 01:00:00,474.0,
603,603,UPI,Refunded,5898.0,2025-07-01 04:00:00,0.0,
604,604,UPI,Success,610.84,2026-05-10 02:00:00,0.0,NEWUSER
605,605,UPI,Success,1104.41,2025-05-08 05:00:00,122.71,
606,606,Net Banking,Success,4281.85,2025-03-13 04:00:00,0.0,NEWUSER
607,607,EMI,Refunded,4306.05,2024-09-18 02:00:00,1076.51,SAVE15
608,608,UPI,Success,390.18,2026-01-02 01:00:00,43.35,FEST20
609,609,EMI,Success,6057.98,2024-10-12 02:00:00,1514.5,
610,610,UPI,Success,439.91,2026-04-22 04:00:00,0.0,
611,611,Net Banking,Success,6951.64,2026-04-10 00:00:00,1226.76,
612,612,Cash on Delivery,Success,56403.12,2026-03-28 04:00:00,9953.49,FEST20
613,613,Cash on Delivery,Success,833.93,2025-04-28 03:00:00,208.48,FEST20
614,614,EMI,Pending,10826.02,2025-06-01 05:00:00,0.0,
615,615,Debit Card,Success,946.02,2026-04-03 03:00:00,166.94,
616,616,Cash on Delivery,Success,1601.0,2025-07-14 05:00:00,282.53,
617,617,UPI,Success,5089.22,2025-11-20 05:00:00,0.0,SAVE15
618,618,Credit Card,Success,3880.37,2024-08-09 00:00:00,204.23,WELCOME10
619,619,Cash on Delivery,Success,812.4,2024-06-23 01:00:00,0.0,
620,620,Debit Card,Success,1342.18,2025-12-02 04:00:00,236.86,
621,621,EMI,Success,7950.11,2025-08-12 04:00:00,1987.53,SAVE15
622,622,EMI,Success,121526.8,2024-12-21 04:00:00,13502.98,WELCOME10
623,623,Credit Card,Refunded,329.68,2024-11-08 04:00:00,36.63,FEST20
624,624,Debit Card,Success,109.54,2024-09-26 02:00:00,0.0,
625,625,Cash on Delivery,Success,1211.44,2025-10-26 02:00:00,0.0,SAVE15
626,626,Debit Card,Success,6884.9,2025-06-17 01:00:00,1721.22,WELCOME10
627,627,Net Banking,Success,784.03,2024-10-26 01:00:00,41.26,
628,628,Net Banking,Refunded,746.64,2026-05-13 03:00:00,39.3,
629,629,EMI,Refunded,2974.16,2025-11-03 00:00:00,0.0,SAVE15
630,630,Debit Card,Success,3743.01,2026-01-07 05:00:00,660.53,FEST20
631,631,Cash on Delivery,Pending,5852.3,2024-12-01 01:00:00,650.26,NEWUSER
632,632,UPI,Success,9127.68,2024-10-16 00:00:00,1014.19,NEWUSER
633,633,UPI,Success,57745.75,2026-08-14 00:00:00,14436.44,FEST20
634,634,UPI,Success,1956.07,2026-07-25 03:00:00,102.95,
635,635,Debit Card,Success,22000.58,2026-03-10 02:00:00,0.0,
636,636,UPI,Success,9117.29,2026-06-06 03:00:00,2279.32,WELCOME10
637,637,Cash on Delivery,Success,2249.3,2025-12-15 04:00:00,0.0,WELCOME10
638,638,UPI,Success,7424.28,2026-02-06 01:00:00,1856.07,
639,639,UPI,Success,4865.3,2026-07-09 03:00:00,1216.32,NEWUSER
640,640,Cash on Delivery,Success,4451.7,2024-09-24 02:00:00,785.59,FEST20
641,641,UPI,Success,552.43,2024-11-03 05:00:00,97.49,NEWUSER
642,642,Credit Card,Success,1266.41,2025-05-18 01:00:00,0.0,
643,643,UPI,Success,913.31,2025-01-08 01:00:00,228.33,
644,644,Net Banking,Success,797.07,2025-11-15 03:00:00,41.95,SAVE15
645,645,Debit Card,Success,2128.1,2024-10-14 04:00:00,532.03,WELCOME10
646,646,Cash on Delivery,Success,3245.42,2026-03-29 03:00:00,0.0,NEWUSER
647,647,UPI,Success,5356.52,2026-08-09 01:00:00,0.0,
648,648,EMI,Success,1432.08,2025-10-09 00:00:00,0.0,NEWUSER
649,649,Cash on Delivery,Success,282.13,2026-05-27 00:00:00,0.0,
650,650,Credit Card,Success,9427.46,2025-12-23 01:00:00,2356.86,
651,651,UPI,Refunded,344.27,2026-02-26 04:00:00,0.0,WELCOME10
652,652,Cash on Delivery,Success,7006.8,2025-09-28 05:00:00,778.53,
653,653,Cash on Delivery,Success,7621.96,2026-02-20 01:00:00,401.16,WELCOME10
654,654,Cash on Delivery,Not Applicable,198.35,2026-03-17 03:00:00,49.59,SAVE15
655,655,Debit Card,Success,1532.02,2026-05-18 05:00:00,170.22,
656,656,Debit Card,Success,3923.35,2026-06-01 01:00:00,206.49,FEST20
657,657,UPI,Success,3687.97,2026-01-30 03:00:00,409.78,WELCOME10
658,658,UPI,Success,1463.11,2026-02-08 04:00:00,258.2,SAVE15
659,659,UPI,Refunded,563.76,2025-10-27 00:00:00,0.0,NEWUSER
660,660,EMI,Success,4338.91,2025-12-14 03:00:00,482.1,
661,661,UPI,Success,5528.23,2025-01-01 05:00:00,0.0,WELCOME10
662,662,Credit Card,Success,2181.25,2025-01-16 04:00:00,384.93,
663,663,Cash on Delivery,Success,801.87,2026-01-02 01:00:00,0.0,FEST20
664,664,UPI,Success,3427.85,2025-03-22 03:00:00,856.96,SAVE15
665,665,Net Banking,Success,8640.12,2026-04-04 05:00:00,454.74,
666,666,Debit Card,Success,321.84,2025-12-13 04:00:00,80.46,
667,667,Credit Card,Success,90.66,2026-05-23 04:00:00,22.67,
668,668,UPI,Success,624.07,2025-12-09 05:00:00,156.02,
669,669,Credit Card,Success,8875.37,2024-05-21 02:00:00,0.0,FEST20
670,670,Credit Card,Success,3297.3,2026-03-06 05:00:00,366.37,
671,671,UPI,Success,2083.46,2025-05-05 01:00:00,520.86,SAVE15
672,672,Debit Card,Pending,19323.56,2025-06-19 04:00:00,3410.04,
673,673,UPI,Success,3208.37,2026-06-07 04:00:00,168.86,
674,674,Debit Card,Success,22585.55,2025-03-03 01:00:00,2509.51,
675,675,Cash on Delivery,Success,8809.81,2025-05-28 02:00:00,2202.45,WELCOME10
676,676,UPI,Success,3046.34,2025-09-21 01:00:00,761.58,
677,677,Cash on Delivery,Success,2445.7,2026-02-06 05:00:00,611.42,FEST20
678,678,Credit Card,Success,69008.58,2025-08-28 04:00:00,17252.15,
679,679,Cash on Delivery,Success,2259.36,2026-03-08 00:00:00,0.0,
680,680,Cash on Delivery,Success,328.66,2025-07-13 00:00:00,58.0,
681,681,UPI,Success,4945.12,2025-12-19 02:00:00,1236.28,FEST20
682,682,Cash on Delivery,Success,2554.68,2025-11-07 04:00:00,0.0,FEST20
683,683,Credit Card,Success,1055.92,2026-07-23 01:00:00,0.0,
684,684,UPI,Success,22540.08,2026-01-20 05:00:00,0.0,
685,685,EMI,Success,4440.75,2026-05-09 05:00:00,493.42,FEST20
686,686,UPI,Success,356.83,2025-12-07 01:00:00,39.65,SAVE15
687,687,Cash on Delivery,Success,2976.56,2025-05-22 04:00:00,525.28,
688,688,Credit Card,Success,52776.74,2026-01-31 04:00:00,2777.72,
689,689,UPI,Success,3381.58,2024-11-04 05:00:00,845.4,
690,690,Cash on Delivery,Success,4745.89,2024-09-15 00:00:00,0.0,SAVE15
691,691,Cash on Delivery,Success,1607.02,2026-02-08 01:00:00,178.56,WELCOME10
692,692,Credit Card,Success,2104.06,2025-04-22 01:00:00,110.74,NEWUSER
693,693,Debit Card,Success,838.16,2024-11-11 05:00:00,147.91,SAVE15
694,694,Credit Card,Success,63386.14,2025-01-10 02:00:00,15846.53,SAVE15
695,695,Cash on Delivery,Success,1228.52,2025-04-25 03:00:00,0.0,
696,696,UPI,Success,61338.05,2025-05-04 01:00:00,10824.36,FEST20
697,697,Credit Card,Success,1148.12,2026-06-07 00:00:00,287.03,
698,698,Debit Card,Success,4493.58,2026-01-14 00:00:00,0.0,
699,699,Debit Card,Success,3507.52,2026-07-21 00:00:00,618.98,
700,700,UPI,Success,3274.29,2026-01-11 05:00:00,818.57,
701,701,UPI,Success,3850.57,2026-02-02 03:00:00,679.51,SAVE15
702,702,Cash on Delivery,Success,5862.17,2026-04-18 03:00:00,651.35,FEST20
703,703,UPI,Success,30979.28,2026-05-08 00:00:00,0.0,
704,704,UPI,Pending,209.73,2025-07-24 01:00:00,37.01,SAVE15
705,705,Credit Card,Success,4283.54,2026-02-11 00:00:00,0.0,
706,706,Net Banking,Success,1927.77,2026-02-17 04:00:00,0.0,
707,707,UPI,Success,759.06,2026-01-10 00:00:00,189.76,NEWUSER
708,708,UPI,Success,772.11,2025-07-24 04:00:00,136.26,
709,709,Cash on Delivery,Success,753.12,2026-03-31 01:00:00,39.64,FEST20
710,710,Debit Card,Success,1803.76,2026-03-17 04:00:00,0.0,FEST20
711,711,UPI,Success,38766.29,2025-11-02 02:00:00,9691.57,
712,712,Debit Card,Success,59421.72,2025-04-07 03:00:00,14855.43,FEST20
713,713,Cash on Delivery,Success,2421.09,2025-08-17 04:00:00,269.01,WELCOME10
714,714,Net Banking,Success,7188.91,2024-11-03 00:00:00,1797.23,
715,715,Cash on Delivery,Success,4592.17,2025-07-28 04:00:00,241.69,FEST20
716,716,Cash on Delivery,Success,65176.89,2026-04-22 03:00:00,16294.22,
717,717,UPI,Refunded,2091.44,2026-06-24 00:00:00,0.0,
718,718,Debit Card,Success,6950.02,2026-03-12 01:00:00,1226.47,
719,719,EMI,Success,453.42,2025-09-18 02:00:00,113.36,NEWUSER
720,720,Cash on Delivery,Success,30316.92,2025-05-24 02:00:00,7579.23,
721,721,Credit Card,Success,1826.18,2024-10-29 01:00:00,96.11,SAVE15
722,722,Cash on Delivery,Success,2731.94,2026-03-29 01:00:00,682.99,SAVE15
723,723,UPI,Success,586.08,2025-05-16 00:00:00,65.12,SAVE15
724,724,UPI,Success,818.3,2025-01-09 03:00:00,0.0,
725,725,UPI,Success,6248.28,2025-08-21 04:00:00,0.0,FEST20
726,726,Cash on Delivery,Success,7478.88,2026-03-03 03:00:00,0.0,NEWUSER
727,727,Net Banking,Refunded,1165.04,2024-08-09 02:00:00,0.0,
728,728,Credit Card,Success,5219.76,2026-06-03 00:00:00,0.0,SAVE15
729,729,UPI,Success,18086.4,2026-04-29 02:00:00,2009.6,
730,730,Net Banking,Success,872.54,2026-05-12 04:00:00,0.0,NEWUSER
731,731,Credit Card,Success,32133.62,2024-11-11 03:00:00,3570.4,
732,732,UPI,Success,7703.69,2025-03-25 05:00:00,1359.47,SAVE15
733,733,UPI,Success,540.15,2025-08-20 03:00:00,60.02,WELCOME10
734,734,UPI,Success,1366.41,2026-01-10 01:00:00,0.0,NEWUSER
735,735,UPI,Success,610.24,2026-04-28 01:00:00,107.69,
736,736,UPI,Success,117410.53,2025-05-01 01:00:00,29352.63,SAVE15
737,737,UPI,Success,43414.24,2026-01-15 04:00:00,7661.34,NEWUSER
738,738,UPI,Success,731.52,2025-07-14 03:00:00,81.28,
739,739,Net Banking,Success,15808.67,2026-07-28 05:00:00,2789.77,
740,740,Cash on Delivery,Success,3846.89,2026-04-03 03:00:00,0.0,SAVE15
741,741,UPI,Success,7490.94,2025-12-27 05:00:00,0.0,WELCOME10
742,742,Cash on Delivery,Success,499.01,2026-04-24 01:00:00,0.0,NEWUSER
743,743,Net Banking,Success,4247.64,2025-08-01 01:00:00,0.0,
744,744,Cash on Delivery,Success,4408.49,2026-03-25 01:00:00,777.97,FEST20
745,745,Cash on Delivery,Success,461.82,2025-03-26 02:00:00,0.0,SAVE15
746,746,Cash on Delivery,Success,2264.83,2026-01-22 01:00:00,0.0,
747,747,Cash on Delivery,Success,247.49,2025-04-26 04:00:00,43.67,
748,748,Net Banking,Success,255.15,2025-09-12 05:00:00,13.43,FEST20
749,749,Credit Card,Success,515.47,2025-11-14 02:00:00,57.27,NEWUSER
750,750,UPI,Success,10232.26,2026-08-05 01:00:00,2558.06,NEWUSER
751,751,UPI,Success,2061.7,2025-05-18 01:00:00,108.51,FEST20
752,752,UPI,Success,5638.22,2026-08-13 04:00:00,1409.56,SAVE15
753,753,Cash on Delivery,Success,3398.06,2025-11-30 01:00:00,599.66,
754,754,Cash on Delivery,Success,693.07,2026-03-16 05:00:00,173.27,SAVE15
755,755,Cash on Delivery,Success,4170.41,2026-01-04 02:00:00,0.0,FEST20
756,756,Debit Card,Success,6859.18,2026-06-11 03:00:00,0.0,SAVE15
757,757,UPI,Success,4306.2,2026-02-07 05:00:00,226.64,SAVE15
758,758,Net Banking,Success,494.91,2026-04-11 01:00:00,26.05,FEST20
759,759,UPI,Success,12694.59,2025-12-03 01:00:00,0.0,
760,760,UPI,Success,4436.09,2026-01-20 05:00:00,0.0,
761,761,UPI,Success,2336.71,2025-04-07 00:00:00,0.0,FEST20
762,762,Cash on Delivery,Success,3225.74,2026-04-14 00:00:00,358.42,
763,763,Cash on Delivery,Success,2125.92,2025-03-03 03:00:00,0.0,NEWUSER
764,764,UPI,Success,12509.08,2026-06-15 04:00:00,0.0,WELCOME10
765,765,UPI,Success,2504.98,2026-01-29 00:00:00,626.24,SAVE15
766,766,Cash on Delivery,Success,1612.42,2025-10-01 00:00:00,403.1,SAVE15
767,767,Debit Card,Success,106733.11,2026-04-07 05:00:00,26683.28,SAVE15
768,768,UPI,Success,4778.3,2025-12-09 03:00:00,1194.57,
769,769,UPI,Success,3980.54,2026-07-18 02:00:00,702.45,
770,770,Credit Card,Success,66329.0,2026-06-15 01:00:00,0.0,
771,771,Debit Card,Success,186.85,2025-07-09 00:00:00,46.71,
772,772,Credit Card,Success,1050.61,2025-04-19 01:00:00,55.3,
773,773,UPI,Success,2114.16,2025-11-20 01:00:00,0.0,
774,774,Cash on Delivery,Success,2360.69,2024-06-06 01:00:00,262.3,
775,775,Net Banking,Success,1296.83,2026-02-09 01:00:00,144.09,FEST20
776,776,UPI,Success,66164.15,2026-02-06 04:00:00,11676.03,
777,777,Credit Card,Success,14735.95,2026-04-07 04:00:00,0.0,SAVE15
778,778,UPI,Success,2542.45,2026-08-17 03:00:00,635.61,
779,779,UPI,Success,31234.09,2026-01-05 03:00:00,3470.45,
780,780,UPI,Success,4979.79,2026-02-01 03:00:00,878.79,FEST20
781,781,Debit Card,Success,11516.7,2025-08-21 04:00:00,0.0,
782,782,UPI,Success,40271.46,2026-04-11 03:00:00,0.0,WELCOME10
783,783,Credit Card,Success,18347.16,2025-08-27 03:00:00,0.0,SAVE15
784,784,UPI,Success,1971.91,2026-03-04 05:00:00,347.99,NEWUSER
785,785,EMI,Success,295.43,2025-05-26 02:00:00,0.0,SAVE15
786,786,Cash on Delivery,Success,3453.73,2025-08-22 04:00:00,383.75,
787,787,Credit Card,Success,89742.74,2026-05-30 02:00:00,22435.68,NEWUSER
788,788,Debit Card,Success,533.12,2026-04-03 03:00:00,28.06,FEST20
789,789,UPI,Success,1610.53,2026-01-20 05:00:00,178.95,FEST20
790,790,UPI,Success,908.48,2025-06-24 04:00:00,100.94,SAVE15
791,791,UPI,Success,9322.52,2025-02-20 04:00:00,0.0,NEWUSER
792,792,Credit Card,Success,1890.18,2024-10-07 05:00:00,333.56,
793,793,Cash on Delivery,Success,3715.56,2026-03-03 03:00:00,0.0,
794,794,Credit Card,Success,1021.55,2025-12-31 01:00:00,113.5,FEST20
795,795,Credit Card,Refunded,2176.27,2025-05-02 01:00:00,0.0,
796,796,Credit Card,Success,2931.51,2026-04-08 00:00:00,154.29,NEWUSER
797,797,Cash on Delivery,Success,276.98,2025-09-28 05:00:00,0.0,
798,798,EMI,Success,2679.78,2026-05-19 02:00:00,472.9,FEST20
799,799,Cash on Delivery,Success,2071.61,2025-06-13 02:00:00,517.9,FEST20
800,800,Cash on Delivery,Success,4115.55,2025-05-29 03:00:00,216.61,SAVE15
801,801,Credit Card,Success,3905.07,2026-02-07 02:00:00,0.0,WELCOME10
802,802,Net Banking,Success,1586.32,2026-08-12 05:00:00,0.0,FEST20
803,803,UPI,Success,7736.69,2025-12-24 02:00:00,407.19,
804,804,Credit Card,Success,10448.5,2025-12-13 00:00:00,1843.85,WELCOME10
805,805,Debit Card,Success,4994.35,2025-03-03 01:00:00,554.93,
806,806,Debit Card,Success,9189.79,2025-12-08 00:00:00,483.67,
807,807,Debit Card,Success,9556.97,2026-06-08 02:00:00,1061.88,WELCOME10
808,808,Cash on Delivery,Success,1683.58,2024-11-11 01:00:00,420.89,
809,809,Credit Card,Success,992.07,2025-07-25 05:00:00,110.23,
810,810,Debit Card,Success,4017.56,2025-01-29 02:00:00,0.0,
811,811,UPI,Success,335.64,2025-10-28 05:00:00,83.91,NEWUSER
812,812,Credit Card,Success,428.18,2025-01-25 02:00:00,107.05,SAVE15
813,813,Cash on Delivery,Success,11214.0,2026-02-19 05:00:00,1246.0,SAVE15
814,814,Credit Card,Success,5885.1,2026-07-07 03:00:00,1038.55,
815,815,Credit Card,Success,23286.93,2025-06-04 04:00:00,4109.46,
816,816,Cash on Delivery,Success,283.87,2025-11-09 01:00:00,50.1,FEST20
817,817,Credit Card,Success,1381.18,2025-06-22 04:00:00,72.69,
818,818,Cash on Delivery,Success,3320.74,2026-05-02 00:00:00,830.18,FEST20
819,819,UPI,Success,959.5,2025-09-28 00:00:00,0.0,FEST20
820,820,Cash on Delivery,Success,805.24,2026-02-24 04:00:00,42.38,
821,821,UPI,Success,510.57,2025-11-06 00:00:00,56.73,NEWUSER
822,822,Debit Card,Success,67647.9,2025-02-04 04:00:00,11937.86,WELCOME10
823,823,UPI,Success,10623.28,2026-08-17 02:00:00,2655.82,
824,824,Credit Card,Success,2433.95,2026-05-20 05:00:00,0.0,NEWUSER
825,825,Cash on Delivery,Success,1215.51,2024-05-09 04:00:00,214.5,
826,826,UPI,Success,58752.22,2025-12-06 04:00:00,14688.06,NEWUSER
827,827,Cash on Delivery,Success,775.65,2026-05-28 01:00:00,193.91,
828,828,Debit Card,Success,5717.11,2026-03-01 04:00:00,635.23,NEWUSER
829,829,UPI,Success,2651.74,2024-09-14 05:00:00,0.0,NEWUSER
830,830,Cash on Delivery,Success,460.7,2025-05-13 04:00:00,81.3,
831,831,Credit Card,Success,16513.15,2025-10-29 01:00:00,2914.08,SAVE15
832,832,UPI,Success,2287.35,2024-05-29 01:00:00,403.65,SAVE15
833,833,Cash on Delivery,Success,270.46,2025-08-25 04:00:00,67.62,FEST20
834,834,Debit Card,Success,3610.95,2024-11-12 00:00:00,902.74,SAVE15
835,835,Cash on Delivery,Success,375.21,2025-11-08 02:00:00,19.75,NEWUSER
836,836,UPI,Success,745.79,2026-03-14 03:00:00,82.87,SAVE15
837,837,Credit Card,Success,19871.86,2026-03-19 02:00:00,0.0,
838,838,Debit Card,Success,423.84,2025-11-23 01:00:00,0.0,WELCOME10
839,839,UPI,Success,2561.29,2026-03-29 00:00:00,451.99,NEWUSER
840,840,Debit Card,Success,726.04,2024-10-19 03:00:00,128.12,
841,841,UPI,Success,1250.61,2025-06-30 03:00:00,312.65,WELCOME10
842,842,Credit Card,Success,1177.38,2025-10-05 05:00:00,61.97,FEST20
843,843,UPI,Success,255757.23,2025-10-20 02:00:00,0.0,NEWUSER
844,844,Debit Card,Success,680.39,2025-12-26 02:00:00,75.6,WELCOME10
845,845,UPI,Success,311.44,2025-06-04 00:00:00,16.39,
846,846,UPI,Success,1374.91,2024-02-22 02:00:00,343.73,FEST20
847,847,Debit Card,Success,1693.98,2026-06-23 02:00:00,89.16,
848,848,UPI,Success,1247.53,2026-02-26 01:00:00,138.62,
849,849,UPI,Success,7384.7,2026-03-16 03:00:00,0.0,FEST20
850,850,UPI,Success,863.81,2025-12-04 05:00:00,215.95,
851,851,UPI,Success,10211.83,2025-06-11 05:00:00,1802.09,WELCOME10
852,852,UPI,Success,14880.4,2025-11-12 02:00:00,3720.1,SAVE15
853,853,Credit Card,Success,2918.65,2025-07-10 00:00:00,324.29,WELCOME10
854,854,UPI,Refunded,7999.64,2026-01-09 04:00:00,0.0,WELCOME10
855,855,Cash on Delivery,Success,383.97,2026-06-13 01:00:00,42.66,
856,856,Cash on Delivery,Success,1696.71,2025-08-31 04:00:00,0.0,
857,857,UPI,Success,442.03,2025-03-11 05:00:00,23.27,
858,858,Credit Card,Success,6601.39,2026-01-18 03:00:00,1650.35,
859,859,Credit Card,Success,334.54,2025-09-10 01:00:00,17.61,
860,860,UPI,Success,10648.36,2025-12-10 04:00:00,0.0,
861,861,UPI,Refunded,2801.99,2025-03-31 02:00:00,311.33,WELCOME10
862,862,UPI,Refunded,9783.98,2026-03-06 04:00:00,0.0,FEST20
863,863,Credit Card,Success,7099.84,2024-05-31 01:00:00,1774.96,SAVE15
864,864,Credit Card,Success,10339.35,2024-12-09 02:00:00,1824.59,
865,865,EMI,Refunded,512.3,2025-11-29 02:00:00,26.96,
866,866,Credit Card,Success,663.82,2026-01-18 03:00:00,0.0,
867,867,UPI,Refunded,8414.98,2026-07-01 05:00:00,0.0,
868,868,EMI,Refunded,321883.88,2026-01-10 01:00:00,0.0,FEST20
869,869,Debit Card,Refunded,300.82,2025-03-25 03:00:00,15.83,
870,870,Debit Card,Success,493.83,2026-04-15 03:00:00,54.87,NEWUSER
871,871,Cash on Delivery,Success,6777.35,2026-02-21 03:00:00,0.0,SAVE15
872,872,Credit Card,Success,147.76,2025-04-12 01:00:00,26.08,FEST20
873,873,Credit Card,Success,3850.22,2024-11-20 01:00:00,962.56,SAVE15
874,874,EMI,Success,38588.76,2024-05-18 02:00:00,6809.78,
875,875,Credit Card,Success,3836.72,2026-03-11 05:00:00,0.0,
876,876,Debit Card,Pending,953.21,2025-10-20 02:00:00,0.0,FEST20
877,877,EMI,Success,36683.93,2024-11-07 02:00:00,6473.63,FEST20
878,878,Net Banking,Success,3897.65,2026-04-18 04:00:00,974.41,NEWUSER
879,879,UPI,Success,1504.42,2025-10-25 05:00:00,167.16,WELCOME10
880,880,Debit Card,Success,75824.11,2025-10-03 01:00:00,8424.9,FEST20
881,881,Credit Card,Success,1930.47,2025-01-27 04:00:00,101.6,FEST20
882,882,Credit Card,Success,1312.57,2025-09-28 05:00:00,69.08,NEWUSER
883,883,Debit Card,Success,483.06,2025-02-11 00:00:00,0.0,NEWUSER
884,884,EMI,Success,1608.62,2024-11-09 01:00:00,283.87,
885,885,Credit Card,Success,201.69,2026-04-08 05:00:00,50.42,NEWUSER
886,886,Cash on Delivery,Success,1578.94,2025-09-26 00:00:00,175.44,
887,887,UPI,Success,3309.84,2026-02-04 04:00:00,367.76,SAVE15
888,888,Debit Card,Success,2015.69,2025-06-15 03:00:00,0.0,NEWUSER
889,889,Credit Card,Success,1926.56,2025-12-05 05:00:00,339.98,
890,890,UPI,Success,14587.82,2025-06-03 05:00:00,2574.32,SAVE15
891,891,UPI,Success,22435.88,2025-05-18 05:00:00,1180.84,NEWUSER
892,892,UPI,Success,23747.2,2026-07-10 01:00:00,0.0,FEST20
893,893,UPI,Success,2883.22,2025-08-26 03:00:00,151.75,
894,894,UPI,Refunded,140.25,2024-10-19 04:00:00,35.06,NEWUSER
895,895,Debit Card,Success,44571.68,2026-08-17 01:00:00,11142.92,NEWUSER
896,896,Cash on Delivery,Success,2256.32,2026-03-11 01:00:00,398.18,WELCOME10
897,897,Net Banking,Success,11757.4,2026-06-06 04:00:00,2074.83,SAVE15
898,898,UPI,Success,43605.2,2026-05-07 04:00:00,7695.04,
899,899,Cash on Delivery,Success,9725.12,2025-10-24 02:00:00,1080.57,NEWUSER
900,900,UPI,Success,203.31,2026-03-17 02:00:00,10.7,FEST20
901,901,Debit Card,Success,8814.38,2025-06-24 03:00:00,979.38,
902,902,Cash on Delivery,Success,3334.4,2025-08-07 05:00:00,0.0,
903,903,UPI,Success,39399.54,2026-03-28 04:00:00,0.0,WELCOME10
904,904,UPI,Success,3538.54,2026-03-11 01:00:00,393.17,SAVE15
905,905,Cash on Delivery,Success,372.15,2025-07-05 00:00:00,0.0,
906,906,UPI,Success,3125.27,2026-03-08 01:00:00,551.52,WELCOME10
907,907,UPI,Success,2504.84,2025-09-30 01:00:00,0.0,SAVE15
908,908,Debit Card,Success,23241.09,2025-08-23 04:00:00,0.0,NEWUSER
909,909,UPI,Success,11449.11,2025-10-04 05:00:00,1272.12,WELCOME10
910,910,UPI,Success,9699.41,2026-06-14 02:00:00,1077.71,
911,911,EMI,Success,28628.25,2025-10-06 03:00:00,1506.75,NEWUSER
912,912,UPI,Success,9009.57,2025-12-02 05:00:00,0.0,
913,913,UPI,Success,1699.78,2025-11-09 02:00:00,0.0,
914,914,UPI,Success,237.39,2024-11-17 01:00:00,26.38,NEWUSER
915,915,Cash on Delivery,Success,9710.54,2025-05-10 05:00:00,2427.63,WELCOME10
916,916,Net Banking,Success,1743.7,2025-10-11 00:00:00,91.77,WELCOME10
917,917,Credit Card,Pending,10870.67,2024-01-18 02:00:00,1207.85,WELCOME10
918,918,Cash on Delivery,Success,617.1,2026-02-17 00:00:00,0.0,WELCOME10
919,919,Cash on Delivery,Success,2854.59,2025-10-04 05:00:00,317.18,FEST20
920,920,UPI,Success,4459.29,2026-04-17 04:00:00,0.0,
921,921,UPI,Success,3952.51,2025-01-21 04:00:00,697.5,NEWUSER
922,922,Debit Card,Success,1426.44,2025-11-15 05:00:00,251.72,FEST20
923,923,UPI,Success,2550.18,2025-02-05 04:00:00,637.55,NEWUSER
924,924,Credit Card,Success,1699.84,2026-04-24 01:00:00,424.96,FEST20
925,925,UPI,Success,7354.51,2026-01-15 01:00:00,817.17,SAVE15
926,926,Credit Card,Pending,1382.33,2023-12-28 01:00:00,72.75,
927,927,Net Banking,Success,1383.3,2026-04-13 00:00:00,72.81,
928,928,Credit Card,Success,3049.8,2025-03-08 02:00:00,762.45,
929,929,Cash on Delivery,Not Applicable,1137.62,2025-09-24 01:00:00,59.87,FEST20
930,930,UPI,Success,3298.37,2025-12-16 01:00:00,366.49,FEST20
931,931,UPI,Success,2291.51,2025-05-01 05:00:00,572.88,
932,932,Cash on Delivery,Success,117.64,2025-08-17 05:00:00,0.0,
933,933,Credit Card,Refunded,464.18,2025-10-11 05:00:00,24.43,FEST20
934,934,UPI,Success,635.76,2026-04-28 03:00:00,0.0,
935,935,Credit Card,Success,9665.13,2025-12-18 02:00:00,508.69,
936,936,Debit Card,Success,7630.96,2026-04-30 04:00:00,847.88,SAVE15
937,937,UPI,Success,380.31,2025-05-08 00:00:00,42.26,
938,938,Credit Card,Success,31849.38,2026-04-11 04:00:00,7962.34,SAVE15
939,939,Debit Card,Success,1274.07,2026-07-25 01:00:00,0.0,NEWUSER
940,940,UPI,Success,41930.19,2025-10-07 02:00:00,2206.85,
941,941,UPI,Success,733.17,2026-05-26 02:00:00,0.0,SAVE15
942,942,UPI,Success,969.92,2025-09-19 02:00:00,242.48,WELCOME10
943,943,Cash on Delivery,Success,881.26,2026-08-12 03:00:00,0.0,SAVE15
944,944,Debit Card,Success,1653.74,2025-10-21 05:00:00,0.0,SAVE15
945,945,Debit Card,Success,7932.59,2024-12-20 02:00:00,0.0,WELCOME10
946,946,Credit Card,Success,3960.58,2026-04-06 04:00:00,0.0,FEST20
947,947,Debit Card,Success,1235.51,2024-09-14 04:00:00,218.03,
948,948,Net Banking,Success,136441.35,2025-08-24 04:00:00,0.0,
949,949,UPI,Success,1436.05,2025-04-02 05:00:00,0.0,NEWUSER
950,950,UPI,Success,9679.26,2025-01-31 04:00:00,2419.82,
951,951,Cash on Delivery,Success,6782.0,2026-07-29 03:00:00,0.0,
952,952,Debit Card,Success,2884.48,2026-08-17 03:00:00,0.0,
953,953,Debit Card,Refunded,1997.0,2026-05-26 04:00:00,0.0,SAVE15
954,954,Debit Card,Success,865.92,2026-01-09 03:00:00,216.48,SAVE15
955,955,Cash on Delivery,Success,1808.43,2025-09-03 04:00:00,319.14,
956,956,Debit Card,Success,23085.14,2025-12-21 05:00:00,5771.29,SAVE15
957,957,UPI,Success,2413.72,2026-01-22 04:00:00,0.0,FEST20
958,958,Debit Card,Success,410.15,2025-11-08 03:00:00,45.57,NEWUSER
959,959,UPI,Success,1120.43,2026-05-11 00:00:00,124.49,FEST20
960,960,Cash on Delivery,Success,21551.37,2024-08-15 00:00:00,1134.28,SAVE15
961,961,Cash on Delivery,Success,439.94,2025-08-27 05:00:00,77.64,
962,962,UPI,Success,2078.57,2025-08-07 02:00:00,0.0,NEWUSER
963,963,Cash on Delivery,Success,32240.43,2026-03-04 04:00:00,0.0,NEWUSER
964,964,UPI,Success,3037.91,2026-03-11 03:00:00,759.48,FEST20
965,965,UPI,Refunded,205.73,2025-09-11 01:00:00,0.0,SAVE15
966,966,Debit Card,Success,355.43,2025-04-03 05:00:00,0.0,SAVE15
967,967,Cash on Delivery,Success,3146.18,2026-03-25 04:00:00,0.0,FEST20
968,968,UPI,Refunded,76396.38,2025-12-26 03:00:00,13481.71,
969,969,UPI,Success,5172.86,2025-11-15 04:00:00,0.0,
970,970,Net Banking,Success,55824.19,2026-04-15 00:00:00,0.0,SAVE15
971,971,Credit Card,Success,970.5,2025-02-23 05:00:00,242.62,SAVE15
972,972,UPI,Success,1219.39,2026-03-24 05:00:00,215.19,WELCOME10
973,973,UPI,Success,4335.55,2026-07-07 00:00:00,0.0,WELCOME10
974,974,Debit Card,Success,4181.09,2024-12-01 03:00:00,464.57,SAVE15
975,975,UPI,Success,6121.51,2026-03-27 03:00:00,322.19,
976,976,UPI,Success,634.0,2025-09-02 05:00:00,33.37,NEWUSER
977,977,UPI,Success,17897.45,2026-02-25 05:00:00,3158.37,NEWUSER
978,978,UPI,Success,3768.02,2024-02-20 00:00:00,664.94,
979,979,Credit Card,Success,77153.72,2026-07-08 01:00:00,8572.64,NEWUSER
980,980,Net Banking,Success,11016.22,2026-02-19 02:00:00,0.0,FEST20
981,981,UPI,Success,3219.02,2026-04-08 00:00:00,357.67,NEWUSER
982,982,Cash on Delivery,Success,368.18,2025-06-01 01:00:00,0.0,NEWUSER
983,983,Credit Card,Success,188800.12,2026-04-25 04:00:00,20977.79,SAVE15
984,984,Debit Card,Success,8534.23,2026-02-14 00:00:00,449.17,
985,985,Cash on Delivery,Success,4941.54,2026-06-02 04:00:00,1235.38,
986,986,UPI,Success,3901.46,2025-03-06 01:00:00,0.0,
987,987,Debit Card,Success,1723.22,2025-10-06 04:00:00,430.8,FEST20
988,988,Cash on Delivery,Success,1176.05,2023-11-18 04:00:00,130.67,SAVE15
989,989,UPI,Success,4960.64,2025-12-07 00:00:00,0.0,
990,990,Net Banking,Success,4970.51,2025-05-12 04:00:00,261.61,
991,991,Cash on Delivery,Success,13983.08,2025-09-19 02:00:00,1553.68,NEWUSER
992,992,Cash on Delivery,Success,111200.42,2024-06-01 00:00:00,0.0,SAVE15
993,993,Debit Card,Success,930.26,2026-04-02 05:00:00,0.0,WELCOME10
994,994,EMI,Success,223.75,2024-05-13 04:00:00,0.0,WELCOME10
995,995,Cash on Delivery,Success,2632.15,2025-11-04 04:00:00,0.0,NEWUSER
996,996,UPI,Success,6773.63,2026-03-06 00:00:00,356.51,NEWUSER
997,997,UPI,Refunded,3393.69,2025-02-26 03:00:00,0.0,NEWUSER
998,998,Credit Card,Success,245.22,2025-02-28 00:00:00,43.27,
999,999,Cash on Delivery,Success,3177.92,2024-11-09 05:00:00,794.48,NEWUSER
1000,1000,UPI,Success,682.05,2024-11-12 02:00:00,35.9,NEWUSER
1001,1001,UPI,Success,848.42,2025-05-24 05:00:00,94.27,WELCOME10
1002,1002,Cash on Delivery,Not Applicable,4183.96,2026-03-26 05:00:00,464.88,NEWUSER
1003,1003,Debit Card,Success,3911.95,2025-01-05 00:00:00,205.89,NEWUSER
1004,1004,Cash on Delivery,Success,856.21,2025-12-14 00:00:00,151.09,
1005,1005,Cash on Delivery,Success,601.13,2025-11-12 00:00:00,66.79,
1006,1006,Credit Card,Success,697.05,2024-06-20 00:00:00,0.0,NEWUSER
1007,1007,EMI,Success,23634.32,2025-07-28 01:00:00,0.0,NEWUSER
1008,1008,Credit Card,Success,655.35,2025-03-20 01:00:00,163.84,NEWUSER
1009,1009,UPI,Success,1413.58,2026-01-20 03:00:00,157.07,
1010,1010,Debit Card,Pending,18947.47,2025-12-31 01:00:00,2105.27,SAVE15
1011,1011,UPI,Refunded,13906.7,2026-04-23 03:00:00,3476.68,FEST20
1012,1012,UPI,Success,1109.43,2026-05-28 03:00:00,58.39,
1013,1013,UPI,Success,86251.94,2024-11-19 00:00:00,0.0,
1014,1014,UPI,Success,24036.78,2026-03-25 02:00:00,0.0,WELCOME10
1015,1015,Cash on Delivery,Success,58921.5,2025-02-20 01:00:00,14730.38,WELCOME10
1016,1016,UPI,Success,1838.26,2025-12-04 04:00:00,459.56,NEWUSER
1017,1017,UPI,Refunded,72372.29,2025-05-01 05:00:00,0.0,
1018,1018,Cash on Delivery,Not Applicable,136665.78,2026-05-04 01:00:00,0.0,WELCOME10
1019,1019,Cash on Delivery,Success,40589.01,2026-01-29 03:00:00,4509.89,
1020,1020,Debit Card,Success,12050.77,2026-02-23 00:00:00,0.0,WELCOME10
1021,1021,UPI,Success,387.17,2025-09-01 00:00:00,43.02,FEST20
1022,1022,UPI,Success,23209.99,2026-05-10 05:00:00,5802.5,FEST20
1023,1023,UPI,Success,16642.77,2025-11-13 05:00:00,0.0,NEWUSER
1024,1024,Debit Card,Success,339.79,2025-04-15 01:00:00,37.75,WELCOME10
1025,1025,UPI,Success,3877.42,2026-07-05 02:00:00,430.82,NEWUSER
1026,1026,Cash on Delivery,Success,11926.85,2026-01-19 01:00:00,627.73,FEST20
1027,1027,UPI,Success,2937.84,2025-07-31 01:00:00,734.46,WELCOME10
1028,1028,Credit Card,Success,32308.02,2024-12-05 01:00:00,0.0,SAVE15
1029,1029,UPI,Success,82053.06,2025-01-03 04:00:00,0.0,
1030,1030,Cash on Delivery,Not Applicable,836.67,2025-07-31 02:00:00,147.65,FEST20
1031,1031,Cash on Delivery,Not Applicable,251.62,2024-11-04 05:00:00,0.0,
1032,1032,UPI,Success,648.05,2024-10-31 04:00:00,0.0,SAVE15
1033,1033,Credit Card,Refunded,140592.7,2025-09-28 01:00:00,35148.18,NEWUSER
1034,1034,Cash on Delivery,Success,3590.74,2026-04-13 02:00:00,398.97,FEST20
1035,1035,UPI,Success,41198.52,2025-09-06 00:00:00,0.0,NEWUSER
1036,1036,UPI,Success,804.07,2026-04-29 00:00:00,141.89,FEST20
1037,1037,Net Banking,Success,4261.21,2025-07-04 02:00:00,0.0,
1038,1038,UPI,Success,12105.87,2025-10-03 02:00:00,2136.33,
1039,1039,EMI,Success,63830.92,2024-07-31 01:00:00,7092.32,WELCOME10
1040,1040,Debit Card,Success,134.04,2026-02-18 02:00:00,0.0,SAVE15
1041,1041,Net Banking,Success,5711.62,2026-05-28 03:00:00,1427.9,WELCOME10
1042,1042,EMI,Success,9820.32,2025-03-28 04:00:00,0.0,
1043,1043,Cash on Delivery,Success,465.18,2025-02-28 01:00:00,0.0,
1044,1044,Credit Card,Success,4442.8,2025-12-16 02:00:00,233.83,
1045,1045,Credit Card,Success,308.38,2025-08-04 02:00:00,77.1,
1046,1046,UPI,Success,874.75,2026-02-05 04:00:00,0.0,WELCOME10
1047,1047,UPI,Success,62212.93,2026-02-24 00:00:00,10978.75,WELCOME10
1048,1048,Net Banking,Success,189.39,2025-09-01 00:00:00,0.0,
1049,1049,UPI,Success,349.1,2026-04-18 04:00:00,18.37,FEST20
1050,1050,Cash on Delivery,Success,10328.12,2024-05-07 05:00:00,0.0,SAVE15
1051,1051,Debit Card,Success,1387.02,2025-05-21 05:00:00,154.11,
1052,1052,Credit Card,Success,212.96,2024-12-31 02:00:00,37.58,
1053,1053,EMI,Success,72676.97,2024-07-07 05:00:00,12825.35,NEWUSER
1054,1054,Cash on Delivery,Success,12867.0,2026-05-21 01:00:00,0.0,
1055,1055,UPI,Success,6203.8,2025-09-22 01:00:00,326.52,NEWUSER
1056,1056,Cash on Delivery,Success,10229.67,2025-11-19 04:00:00,538.4,
1057,1057,Credit Card,Success,324.35,2025-10-01 04:00:00,17.07,
1058,1058,Cash on Delivery,Success,187.99,2025-06-02 03:00:00,20.89,SAVE15
1059,1059,UPI,Success,6018.2,2025-01-06 05:00:00,0.0,
1060,1060,Credit Card,Success,3641.02,2025-11-21 04:00:00,0.0,
1061,1061,Cash on Delivery,Success,461.46,2025-12-28 02:00:00,0.0,SAVE15
1062,1062,Credit Card,Success,4199.86,2024-05-24 00:00:00,0.0,FEST20
1063,1063,Cash on Delivery,Success,3725.01,2026-05-26 00:00:00,657.36,
1064,1064,UPI,Success,5902.5,2025-08-13 03:00:00,0.0,SAVE15
1065,1065,Credit Card,Success,22681.76,2025-05-08 00:00:00,0.0,
1066,1066,Credit Card,Success,4661.2,2025-07-23 05:00:00,1165.3,
1067,1067,UPI,Success,57417.1,2024-12-10 00:00:00,10132.43,WELCOME10
1068,1068,Credit Card,Success,1631.2,2026-03-23 02:00:00,0.0,WELCOME10
1069,1069,Net Banking,Success,53113.41,2026-01-28 02:00:00,0.0,SAVE15
1070,1070,Cash on Delivery,Success,43808.88,2025-02-22 02:00:00,0.0,
1071,1071,UPI,Success,360.61,2026-03-02 03:00:00,18.98,
1072,1072,UPI,Success,1467.31,2026-06-28 03:00:00,163.03,
1073,1073,UPI,Success,616.61,2024-06-29 02:00:00,154.15,SAVE15
1074,1074,UPI,Success,293.3,2024-12-10 05:00:00,32.59,
1075,1075,UPI,Success,12343.69,2025-09-08 04:00:00,649.67,FEST20
1076,1076,UPI,Success,1483.68,2025-10-11 00:00:00,0.0,
1077,1077,Debit Card,Success,1478.48,2025-12-28 03:00:00,0.0,FEST20
1078,1078,UPI,Success,337.33,2025-05-18 04:00:00,37.48,SAVE15
1079,1079,Cash on Delivery,Success,714.32,2026-08-15 00:00:00,126.06,
1080,1080,EMI,Success,49858.28,2024-12-11 04:00:00,12464.57,WELCOME10
1081,1081,UPI,Success,5583.88,2025-09-09 01:00:00,620.43,FEST20
1082,1082,EMI,Success,4575.9,2025-11-27 05:00:00,508.43,
1083,1083,EMI,Success,338.43,2024-06-26 04:00:00,59.72,
1084,1084,Net Banking,Success,6272.1,2025-11-04 05:00:00,0.0,
1085,1085,UPI,Success,10335.52,2024-07-30 04:00:00,0.0,
1086,1086,UPI,Success,7147.71,2025-06-30 01:00:00,0.0,NEWUSER
1087,1087,Cash on Delivery,Success,5467.29,2026-04-23 05:00:00,287.75,NEWUSER
1088,1088,Debit Card,Success,10836.31,2025-08-06 01:00:00,1204.03,NEWUSER
1089,1089,Credit Card,Success,3782.66,2026-04-30 00:00:00,199.09,SAVE15
1090,1090,Net Banking,Success,5137.49,2025-09-19 02:00:00,270.39,SAVE15
1091,1091,Cash on Delivery,Success,9717.11,2025-12-28 00:00:00,1079.68,FEST20
1092,1092,Cash on Delivery,Success,6916.23,2025-11-15 02:00:00,1220.51,NEWUSER
1093,1093,UPI,Success,722.73,2025-05-02 01:00:00,127.54,SAVE15
1094,1094,Cash on Delivery,Success,2631.49,2026-04-05 01:00:00,138.5,
1095,1095,Credit Card,Success,727.25,2025-11-29 00:00:00,80.81,
1096,1096,EMI,Success,3515.9,2025-05-28 02:00:00,0.0,
1097,1097,Debit Card,Success,896.75,2025-12-17 05:00:00,0.0,
1098,1098,UPI,Success,10546.49,2025-11-15 05:00:00,1861.14,NEWUSER
1099,1099,UPI,Success,283.23,2025-06-21 05:00:00,49.98,WELCOME10
1100,1100,UPI,Success,4880.84,2026-02-25 02:00:00,542.32,SAVE15
1101,1101,Cash on Delivery,Success,3234.42,2024-06-16 02:00:00,808.61,SAVE15
1102,1102,UPI,Success,2931.3,2025-12-09 01:00:00,0.0,
1103,1103,Cash on Delivery,Success,37600.43,2026-01-20 00:00:00,9400.11,
1104,1104,UPI,Success,43842.22,2024-12-24 03:00:00,2307.49,WELCOME10
1105,1105,Credit Card,Success,24838.23,2025-08-27 00:00:00,6209.56,WELCOME10
1106,1106,Debit Card,Refunded,404.71,2025-09-03 05:00:00,101.18,
1107,1107,Net Banking,Success,9158.39,2026-02-07 03:00:00,0.0,
1108,1108,Credit Card,Success,66605.51,2024-05-13 02:00:00,0.0,
1109,1109,Credit Card,Refunded,251.92,2026-07-11 02:00:00,0.0,SAVE15
1110,1110,Cash on Delivery,Success,139983.14,2025-11-17 03:00:00,15553.68,WELCOME10
1111,1111,Credit Card,Success,8169.83,2026-01-12 03:00:00,0.0,
1112,1112,Debit Card,Success,241.0,2026-07-06 04:00:00,42.53,NEWUSER
1113,1113,Cash on Delivery,Not Applicable,884.18,2025-12-20 03:00:00,0.0,NEWUSER
1114,1114,UPI,Refunded,333.72,2025-11-05 03:00:00,0.0,NEWUSER
1115,1115,UPI,Success,2151.85,2025-11-19 00:00:00,0.0,
1116,1116,UPI,Success,1100.54,2024-12-31 05:00:00,0.0,NEWUSER
1117,1117,Debit Card,Success,2870.22,2024-03-07 01:00:00,506.51,SAVE15
1118,1118,Cash on Delivery,Success,4053.74,2025-01-14 03:00:00,1013.43,
1119,1119,Cash on Delivery,Success,1983.02,2025-08-11 00:00:00,220.34,SAVE15
1120,1120,Debit Card,Success,12880.01,2026-02-04 05:00:00,0.0,
1121,1121,Credit Card,Success,1863.56,2026-02-17 00:00:00,0.0,WELCOME10
1122,1122,Credit Card,Success,10957.68,2024-10-09 01:00:00,0.0,
1123,1123,Credit Card,Success,125449.36,2025-04-10 01:00:00,13938.82,SAVE15
1124,1124,Debit Card,Refunded,801.09,2026-04-22 01:00:00,89.01,WELCOME10
1125,1125,Debit Card,Success,668.81,2024-08-04 04:00:00,74.31,
1126,1126,Net Banking,Success,6991.35,2026-08-03 03:00:00,1233.77,SAVE15
1127,1127,UPI,Success,10765.32,2025-09-02 03:00:00,0.0,SAVE15
1128,1128,UPI,Success,6985.1,2025-12-20 04:00:00,0.0,SAVE15
1129,1129,Credit Card,Success,3573.23,2025-11-22 01:00:00,0.0,
1130,1130,Debit Card,Success,442.59,2025-08-15 00:00:00,23.29,
1131,1131,Credit Card,Success,3692.58,2026-03-13 01:00:00,0.0,
1132,1132,Credit Card,Refunded,2463.63,2026-07-25 01:00:00,129.67,
1133,1133,UPI,Success,1241.23,2026-05-09 04:00:00,310.31,
1134,1134,UPI,Success,34885.5,2026-03-14 04:00:00,0.0,
1135,1135,EMI,Success,5040.06,2025-09-26 00:00:00,0.0,SAVE15
1136,1136,UPI,Success,2764.44,2025-11-20 01:00:00,0.0,
1137,1137,Cash on Delivery,Success,118429.97,2025-08-09 00:00:00,20899.41,
1138,1138,Net Banking,Success,4201.95,2025-12-07 02:00:00,0.0,
1139,1139,Credit Card,Success,51757.4,2026-08-17 03:00:00,9133.66,NEWUSER
1140,1140,Cash on Delivery,Success,894.73,2024-04-15 05:00:00,47.09,
1141,1141,Debit Card,Success,8650.16,2026-02-19 03:00:00,2162.54,SAVE15
1142,1142,Debit Card,Success,20015.53,2024-08-04 02:00:00,1053.45,
1143,1143,UPI,Success,10207.02,2025-10-07 00:00:00,0.0,NEWUSER
1144,1144,Credit Card,Success,7813.8,2026-06-11 04:00:00,0.0,SAVE15
1145,1145,Cash on Delivery,Success,848.72,2026-01-17 02:00:00,149.78,
1146,1146,Cash on Delivery,Success,70291.8,2025-12-23 03:00:00,12404.43,
1147,1147,UPI,Success,1342.69,2026-05-25 00:00:00,149.19,FEST20
1148,1148,UPI,Refunded,1488.3,2025-09-06 02:00:00,262.64,NEWUSER
1149,1149,UPI,Success,1497.26,2024-02-06 00:00:00,374.31,FEST20
1150,1150,Net Banking,Success,22598.22,2025-10-05 04:00:00,0.0,FEST20
1151,1151,Credit Card,Success,797.75,2025-07-29 01:00:00,41.99,NEWUSER
1152,1152,Net Banking,Success,71548.64,2025-05-29 00:00:00,7949.85,FEST20
1153,1153,Net Banking,Success,3793.25,2026-02-01 05:00:00,669.4,NEWUSER
1154,1154,Credit Card,Success,196.97,2025-12-04 02:00:00,0.0,NEWUSER
1155,1155,Cash on Delivery,Success,95615.8,2025-07-15 02:00:00,10623.98,
1156,1156,UPI,Success,3779.62,2026-02-14 04:00:00,944.9,NEWUSER
1157,1157,UPI,Success,382.78,2026-03-23 01:00:00,20.15,
1158,1158,Net Banking,Success,205.25,2025-12-06 04:00:00,10.8,
1159,1159,Cash on Delivery,Success,66688.34,2026-02-22 04:00:00,3509.91,
1160,1160,UPI,Success,37699.25,2025-06-08 03:00:00,9424.81,FEST20
1161,1161,UPI,Success,215587.17,2026-01-25 02:00:00,38044.8,FEST20
1162,1162,UPI,Success,4613.07,2025-08-14 04:00:00,242.79,SAVE15
1163,1163,UPI,Success,31729.99,2026-03-17 01:00:00,3525.55,WELCOME10
1164,1164,UPI,Success,8598.78,2026-01-05 03:00:00,955.42,
1165,1165,UPI,Success,1345.33,2025-04-10 04:00:00,0.0,
1166,1166,UPI,Success,2468.34,2025-10-24 03:00:00,617.08,
1167,1167,Debit Card,Success,15806.44,2025-09-08 04:00:00,0.0,
1168,1168,Credit Card,Refunded,229142.3,2026-04-02 02:00:00,57285.58,
1169,1169,Net Banking,Success,15468.99,2025-02-19 03:00:00,2729.82,NEWUSER
1170,1170,Debit Card,Success,17735.31,2024-08-24 01:00:00,1970.59,WELCOME10
1171,1171,UPI,Success,968.08,2026-06-19 03:00:00,242.02,WELCOME10
1172,1172,UPI,Success,61584.34,2025-08-05 03:00:00,10867.82,FEST20
1173,1173,UPI,Success,6596.69,2025-12-18 04:00:00,347.19,FEST20
1174,1174,Cash on Delivery,Success,1657.99,2026-01-09 01:00:00,292.59,
1175,1175,UPI,Success,768.22,2025-11-12 01:00:00,40.43,SAVE15
1176,1176,Cash on Delivery,Success,1480.89,2025-04-19 01:00:00,164.54,
1177,1177,Cash on Delivery,Not Applicable,6232.9,2025-12-28 00:00:00,0.0,FEST20
1178,1178,UPI,Refunded,2608.83,2026-03-19 05:00:00,652.21,FEST20
1179,1179,Debit Card,Success,989.01,2026-05-13 05:00:00,109.89,SAVE15
1180,1180,Debit Card,Success,1190.36,2026-06-08 01:00:00,62.65,FEST20
1181,1181,UPI,Success,58059.69,2026-06-07 03:00:00,0.0,SAVE15
1182,1182,Debit Card,Success,6191.03,2026-05-07 00:00:00,687.89,FEST20
1183,1183,Credit Card,Success,11119.89,2026-04-10 04:00:00,585.26,
1184,1184,Debit Card,Success,2026.1,2026-01-12 05:00:00,506.53,
1185,1185,UPI,Success,4085.61,2025-11-17 04:00:00,453.96,SAVE15
1186,1186,UPI,Success,3974.92,2025-09-03 01:00:00,441.66,
1187,1187,UPI,Success,1441.09,2025-06-12 03:00:00,0.0,
1188,1188,EMI,Success,83171.76,2025-05-22 02:00:00,0.0,FEST20
1189,1189,Net Banking,Success,7022.72,2025-06-06 03:00:00,780.3,
1190,1190,Debit Card,Success,1186.46,2026-06-18 03:00:00,296.61,
1191,1191,Credit Card,Success,863.79,2025-12-13 05:00:00,0.0,FEST20
1192,1192,UPI,Success,2547.56,2025-08-10 01:00:00,0.0,NEWUSER
1193,1193,Credit Card,Pending,2281.25,2025-08-10 00:00:00,0.0,FEST20
1194,1194,Cash on Delivery,Success,1333.16,2026-02-24 01:00:00,0.0,NEWUSER
1195,1195,Cash on Delivery,Success,4312.15,2025-10-15 05:00:00,760.97,SAVE15
1196,1196,UPI,Success,21550.14,2025-11-07 01:00:00,5387.54,
1197,1197,Credit Card,Success,3737.47,2024-04-08 03:00:00,196.71,
1198,1198,Debit Card,Success,4336.84,2025-09-26 01:00:00,228.26,
1199,1199,UPI,Success,440.26,2025-06-16 05:00:00,23.17,FEST20
1200,1200,Debit Card,Success,64515.93,2025-05-09 00:00:00,0.0,WELCOME10
1201,1201,Cash on Delivery,Success,1554.09,2026-01-15 01:00:00,172.68,
1202,1202,Credit Card,Success,9744.95,2026-02-05 03:00:00,512.89,
1203,1203,Cash on Delivery,Success,7095.55,2024-03-24 01:00:00,1773.89,WELCOME10
1204,1204,Credit Card,Success,2232.45,2025-01-16 01:00:00,117.5,FEST20
1205,1205,UPI,Success,4798.9,2025-06-22 01:00:00,533.21,
1206,1206,Debit Card,Success,3003.14,2025-04-12 03:00:00,750.79,
1207,1207,UPI,Pending,35878.97,2025-08-31 05:00:00,6331.58,NEWUSER
1208,1208,Cash on Delivery,Success,534.71,2024-09-29 05:00:00,133.68,FEST20
1209,1209,Cash on Delivery,Success,218.12,2026-05-01 02:00:00,0.0,FEST20
1210,1210,UPI,Success,2880.14,2025-04-27 04:00:00,151.59,
1211,1211,Credit Card,Success,59001.31,2025-12-17 04:00:00,6555.7,WELCOME10
1212,1212,UPI,Refunded,755.95,2024-08-30 00:00:00,83.99,FEST20
1213,1213,Cash on Delivery,Success,19705.92,2025-01-28 04:00:00,2189.55,WELCOME10
1214,1214,Net Banking,Success,13977.33,2025-05-15 05:00:00,0.0,WELCOME10
1215,1215,Credit Card,Refunded,4140.27,2025-11-19 05:00:00,460.03,WELCOME10
1216,1216,Cash on Delivery,Not Applicable,5966.01,2024-06-18 05:00:00,314.0,
1217,1217,UPI,Success,26112.31,2025-10-25 05:00:00,1374.33,NEWUSER
1218,1218,Credit Card,Success,5532.88,2026-08-06 04:00:00,0.0,WELCOME10
1219,1219,Debit Card,Success,9691.57,2025-08-06 02:00:00,1710.28,FEST20
1220,1220,Credit Card,Success,396.59,2026-07-17 00:00:00,69.99,WELCOME10
1221,1221,Net Banking,Success,80566.36,2026-05-23 00:00:00,8951.82,NEWUSER
1222,1222,Cash on Delivery,Success,4861.6,2025-06-08 05:00:00,0.0,WELCOME10
1223,1223,Credit Card,Success,2187.12,2026-03-04 01:00:00,546.78,NEWUSER
1224,1224,UPI,Success,34348.62,2025-04-18 00:00:00,0.0,NEWUSER
1225,1225,Cash on Delivery,Success,315.28,2024-10-19 03:00:00,78.82,
1226,1226,Net Banking,Success,174.67,2026-03-18 01:00:00,9.19,
1227,1227,Cash on Delivery,Success,2528.17,2025-10-21 00:00:00,446.15,
1228,1228,UPI,Success,88366.82,2026-05-02 05:00:00,0.0,WELCOME10
1229,1229,UPI,Success,45477.32,2025-06-29 02:00:00,5053.04,WELCOME10
1230,1230,Cash on Delivery,Success,1447.22,2025-07-29 03:00:00,160.8,
1231,1231,Cash on Delivery,Success,145723.96,2026-03-30 01:00:00,7669.68,
1232,1232,Cash on Delivery,Success,2074.23,2026-06-20 03:00:00,366.04,WELCOME10
1233,1233,Credit Card,Refunded,1615.24,2026-06-03 02:00:00,85.01,NEWUSER
1234,1234,UPI,Success,58535.55,2025-08-09 03:00:00,0.0,
1235,1235,UPI,Success,53395.31,2025-08-05 00:00:00,9422.7,
1236,1236,UPI,Success,1200.81,2024-12-19 00:00:00,0.0,
1237,1237,UPI,Success,84103.27,2025-11-12 04:00:00,0.0,SAVE15
1238,1238,UPI,Success,51976.21,2026-05-27 00:00:00,12994.05,WELCOME10
1239,1239,Credit Card,Success,2703.03,2025-08-23 01:00:00,142.27,WELCOME10
1240,1240,Net Banking,Success,3598.14,2025-08-04 01:00:00,634.97,
1241,1241,UPI,Success,67748.39,2025-07-27 04:00:00,3565.71,NEWUSER
1242,1242,UPI,Success,4949.68,2025-06-28 03:00:00,0.0,FEST20
1243,1243,UPI,Success,887.58,2026-04-27 04:00:00,156.63,SAVE15
1244,1244,UPI,Success,2774.96,2025-06-19 05:00:00,489.7,
1245,1245,Net Banking,Success,9837.83,2025-06-04 01:00:00,517.78,NEWUSER
1246,1246,Cash on Delivery,Success,3524.74,2025-05-12 01:00:00,391.64,SAVE15
1247,1247,UPI,Refunded,7023.14,2026-07-03 01:00:00,0.0,
1248,1248,Debit Card,Success,10164.8,2025-05-10 00:00:00,1129.42,
1249,1249,UPI,Success,1897.87,2025-09-19 04:00:00,0.0,NEWUSER
1250,1250,Net Banking,Success,2243.43,2026-04-15 05:00:00,560.86,FEST20
1251,1251,Credit Card,Success,1617.01,2026-06-28 04:00:00,179.67,
1252,1252,Cash on Delivery,Success,4626.39,2025-09-30 04:00:00,0.0,FEST20
1253,1253,Cash on Delivery,Success,2344.55,2024-12-06 01:00:00,586.14,NEWUSER
1254,1254,EMI,Success,31725.31,2025-11-06 04:00:00,5598.59,WELCOME10
1255,1255,Debit Card,Success,4637.11,2025-10-14 05:00:00,818.31,
1256,1256,Cash on Delivery,Not Applicable,12609.63,2024-11-04 00:00:00,663.66,WELCOME10
1257,1257,Net Banking,Success,3905.1,2026-04-23 00:00:00,689.14,
1258,1258,UPI,Success,529.36,2026-02-19 01:00:00,93.42,
1259,1259,UPI,Success,828.22,2025-04-17 03:00:00,43.59,
1260,1260,UPI,Success,2585.73,2026-02-21 05:00:00,646.43,
1261,1261,UPI,Success,2154.34,2024-11-26 02:00:00,380.18,
1262,1262,UPI,Success,5390.64,2026-02-05 00:00:00,598.96,
1263,1263,Credit Card,Success,3217.94,2026-05-16 02:00:00,357.55,
1264,1264,UPI,Success,3741.23,2026-01-19 02:00:00,196.91,NEWUSER
1265,1265,Debit Card,Success,3570.57,2025-08-21 01:00:00,0.0,
1266,1266,Cash on Delivery,Success,3860.49,2025-12-28 05:00:00,0.0,WELCOME10
1267,1267,Credit Card,Success,1175.47,2026-03-02 03:00:00,207.44,SAVE15
1268,1268,UPI,Success,3380.4,2026-02-10 01:00:00,0.0,
1269,1269,UPI,Success,3670.44,2025-08-05 04:00:00,193.18,
1270,1270,Debit Card,Success,2951.52,2026-07-16 05:00:00,0.0,SAVE15
1271,1271,UPI,Success,3865.06,2025-11-19 03:00:00,966.26,WELCOME10
1272,1272,UPI,Success,259.0,2026-02-28 04:00:00,0.0,
1273,1273,Cash on Delivery,Success,2341.43,2025-01-14 00:00:00,123.23,WELCOME10
1274,1274,UPI,Success,14709.13,2026-03-24 03:00:00,0.0,
1275,1275,Debit Card,Success,1117.71,2025-11-06 05:00:00,58.83,
1276,1276,Debit Card,Success,7705.96,2026-03-24 02:00:00,405.58,SAVE15
1277,1277,UPI,Success,40241.03,2026-08-11 01:00:00,7101.36,
1278,1278,Net Banking,Success,1388.36,2024-10-21 03:00:00,245.01,
1279,1279,Net Banking,Success,4479.02,2025-05-03 05:00:00,235.74,
1280,1280,UPI,Success,4327.05,2025-03-29 00:00:00,763.6,
1281,1281,UPI,Success,3926.52,2024-11-06 02:00:00,692.91,
1282,1282,Credit Card,Success,6524.21,2026-06-26 03:00:00,724.91,
1283,1283,Net Banking,Refunded,1053.87,2025-04-18 00:00:00,185.98,
1284,1284,Debit Card,Success,12120.84,2025-10-25 03:00:00,0.0,FEST20
1285,1285,Cash on Delivery,Success,6490.61,2024-12-28 02:00:00,0.0,
1286,1286,UPI,Success,5892.74,2025-03-10 03:00:00,0.0,
1287,1287,Net Banking,Success,424.86,2026-01-29 01:00:00,106.21,
1288,1288,EMI,Success,1121.53,2026-01-24 02:00:00,0.0,FEST20
1289,1289,Cash on Delivery,Success,83472.82,2025-03-15 05:00:00,9274.76,SAVE15
1290,1290,Cash on Delivery,Success,8118.21,2026-06-02 01:00:00,1432.63,SAVE15
1291,1291,UPI,Success,2999.23,2025-12-20 01:00:00,333.25,SAVE15
1292,1292,Credit Card,Success,12052.89,2026-08-14 02:00:00,0.0,SAVE15
1293,1293,Credit Card,Success,26876.14,2026-02-26 00:00:00,2986.24,
1294,1294,Credit Card,Success,24726.53,2026-04-11 02:00:00,4363.51,
1295,1295,Credit Card,Success,621.47,2025-06-07 03:00:00,69.05,WELCOME10
1296,1296,Debit Card,Success,1198.79,2025-09-06 03:00:00,211.55,SAVE15
1297,1297,Credit Card,Success,12345.06,2026-05-28 01:00:00,649.74,
1298,1298,UPI,Success,15634.14,2025-07-23 02:00:00,0.0,
1299,1299,Credit Card,Success,49149.29,2025-11-25 03:00:00,2586.81,
1300,1300,Debit Card,Success,8710.5,2026-05-17 03:00:00,0.0,FEST20
1301,1301,UPI,Success,195.55,2026-01-02 03:00:00,21.73,
1302,1302,UPI,Success,16095.81,2026-07-12 02:00:00,0.0,SAVE15
1303,1303,UPI,Success,569.8,2025-07-24 05:00:00,100.55,
1304,1304,Net Banking,Success,430.97,2024-12-27 00:00:00,0.0,WELCOME10
1305,1305,Cash on Delivery,Success,3539.0,2026-02-01 01:00:00,186.26,WELCOME10
1306,1306,UPI,Success,19571.83,2024-10-10 01:00:00,4892.96,
1307,1307,UPI,Success,3725.64,2025-11-30 00:00:00,0.0,WELCOME10
1308,1308,Credit Card,Success,1373.82,2026-07-28 05:00:00,343.45,
1309,1309,Cash on Delivery,Not Applicable,172901.59,2025-05-12 04:00:00,43225.4,NEWUSER
1310,1310,UPI,Success,1692.18,2026-01-18 04:00:00,188.02,
1311,1311,UPI,Refunded,167.9,2025-12-02 03:00:00,29.63,NEWUSER
1312,1312,Credit Card,Success,2552.74,2026-05-18 00:00:00,283.64,
1313,1313,Debit Card,Success,696.61,2026-04-24 04:00:00,0.0,WELCOME10
1314,1314,UPI,Success,1652.03,2025-11-11 04:00:00,291.53,NEWUSER
1315,1315,Cash on Delivery,Success,646.86,2025-05-29 05:00:00,114.15,NEWUSER
1316,1316,Debit Card,Success,1843.44,2026-06-01 05:00:00,325.31,SAVE15
1317,1317,Credit Card,Success,5975.52,2025-04-24 04:00:00,0.0,
1318,1318,Cash on Delivery,Success,9469.26,2025-10-11 02:00:00,1671.04,WELCOME10
1319,1319,UPI,Success,73126.8,2025-06-30 03:00:00,8125.2,SAVE15
1320,1320,UPI,Success,6539.34,2025-08-21 02:00:00,0.0,FEST20
1321,1321,UPI,Success,5749.97,2025-10-30 02:00:00,0.0,WELCOME10
1322,1322,Debit Card,Success,797.98,2025-03-10 01:00:00,0.0,
1323,1323,Debit Card,Success,47109.56,2024-10-14 04:00:00,5234.4,
1324,1324,Credit Card,Success,829.22,2025-08-18 00:00:00,43.64,
1325,1325,Credit Card,Success,767.89,2025-04-01 04:00:00,135.51,
1326,1326,Cash on Delivery,Success,1197.47,2026-03-03 00:00:00,299.37,
1327,1327,Net Banking,Success,72637.3,2025-12-30 05:00:00,0.0,
1328,1328,Cash on Delivery,Success,10437.77,2025-04-01 05:00:00,1159.75,FEST20
1329,1329,Cash on Delivery,Success,8043.42,2024-07-30 01:00:00,0.0,SAVE15
1330,1330,UPI,Refunded,706.78,2025-04-19 05:00:00,78.53,SAVE15
1331,1331,Credit Card,Success,1678.12,2026-05-06 02:00:00,0.0,WELCOME10
1332,1332,Cash on Delivery,Success,2041.41,2024-08-05 03:00:00,510.35,SAVE15
1333,1333,Cash on Delivery,Success,80649.64,2025-10-07 00:00:00,0.0,
1334,1334,Credit Card,Success,31942.86,2026-03-12 00:00:00,5636.97,SAVE15
1335,1335,UPI,Success,1908.23,2025-11-08 00:00:00,0.0,
1336,1336,Cash on Delivery,Success,32938.96,2026-05-24 02:00:00,8234.74,NEWUSER
1337,1337,UPI,Success,2168.61,2024-07-17 01:00:00,114.14,SAVE15
1338,1338,Credit Card,Success,8115.75,2026-01-18 05:00:00,0.0,FEST20
1339,1339,Credit Card,Success,433.77,2025-04-23 01:00:00,0.0,
1340,1340,EMI,Success,1696.03,2026-01-07 00:00:00,188.45,SAVE15
1341,1341,UPI,Success,138815.58,2025-08-07 03:00:00,0.0,
1342,1342,Credit Card,Success,1232.95,2024-11-18 00:00:00,217.58,
1343,1343,Credit Card,Success,1104.79,2026-05-07 05:00:00,194.96,FEST20
1344,1344,UPI,Success,1201.24,2024-06-27 03:00:00,0.0,
1345,1345,UPI,Success,622.94,2024-07-14 03:00:00,109.93,FEST20
1346,1346,Credit Card,Success,1778.42,2025-12-05 05:00:00,93.6,
1347,1347,UPI,Success,360.41,2024-10-26 03:00:00,63.6,WELCOME10
1348,1348,Credit Card,Success,1120.4,2024-11-10 00:00:00,0.0,WELCOME10
1349,1349,Credit Card,Success,1918.45,2026-01-08 03:00:00,479.61,SAVE15
1350,1350,UPI,Refunded,122282.52,2026-04-14 05:00:00,0.0,
1351,1351,Credit Card,Success,930.55,2024-11-11 01:00:00,103.39,
1352,1352,UPI,Success,5936.1,2025-01-07 03:00:00,312.43,SAVE15
1353,1353,UPI,Success,8672.27,2026-05-01 04:00:00,2168.07,
1354,1354,UPI,Success,4848.34,2024-04-15 02:00:00,538.71,
1355,1355,UPI,Success,122676.43,2025-10-25 03:00:00,13630.71,NEWUSER
1356,1356,Credit Card,Success,1044.4,2025-07-21 04:00:00,0.0,NEWUSER
1357,1357,Net Banking,Success,20472.8,2025-01-15 02:00:00,1077.52,WELCOME10
1358,1358,Net Banking,Success,7191.17,2025-09-13 03:00:00,378.48,FEST20
1359,1359,Debit Card,Success,472.91,2025-10-05 02:00:00,24.89,
1360,1360,Credit Card,Success,5866.17,2025-09-30 00:00:00,651.8,FEST20
1361,1361,Cash on Delivery,Success,14815.85,2025-11-01 02:00:00,3703.96,
1362,1362,Credit Card,Success,458.04,2025-09-04 03:00:00,114.51,WELCOME10
1363,1363,UPI,Success,44062.91,2025-02-18 04:00:00,0.0,
1364,1364,Debit Card,Success,2742.65,2026-06-18 03:00:00,144.35,
1365,1365,Cash on Delivery,Pending,1590.13,2025-10-01 01:00:00,280.61,
1366,1366,Credit Card,Success,154232.71,2026-02-09 03:00:00,38558.18,
1367,1367,UPI,Success,380.38,2026-03-04 02:00:00,42.26,
1368,1368,UPI,Refunded,716.17,2026-08-13 01:00:00,79.58,
1369,1369,UPI,Success,45654.85,2025-11-18 01:00:00,11413.71,
1370,1370,Cash on Delivery,Success,18512.83,2026-04-27 03:00:00,3266.97,
1371,1371,EMI,Success,16127.88,2025-09-11 00:00:00,2846.1,WELCOME10
1372,1372,Cash on Delivery,Success,17822.12,2026-07-23 02:00:00,0.0,
1373,1373,UPI,Success,262104.99,2024-02-09 05:00:00,0.0,
1374,1374,UPI,Success,6534.19,2025-11-10 04:00:00,726.02,
1375,1375,Debit Card,Success,6130.92,2026-07-03 04:00:00,681.21,
1376,1376,UPI,Success,20354.49,2024-10-09 04:00:00,3591.97,SAVE15
1377,1377,Credit Card,Success,4256.96,2025-11-18 05:00:00,0.0,
1378,1378,Cash on Delivery,Success,84125.06,2025-09-24 04:00:00,0.0,FEST20
1379,1379,Net Banking,Success,2494.83,2025-10-01 01:00:00,623.71,
1380,1380,Debit Card,Success,4827.84,2025-07-04 00:00:00,1206.96,NEWUSER
1381,1381,UPI,Success,24627.39,2025-11-17 01:00:00,0.0,
1382,1382,UPI,Success,67713.53,2026-05-21 00:00:00,3563.87,SAVE15
1383,1383,Cash on Delivery,Success,2130.2,2025-07-27 00:00:00,375.92,
1384,1384,UPI,Success,3823.86,2025-09-06 00:00:00,674.8,SAVE15
1385,1385,Cash on Delivery,Success,576.05,2026-01-27 05:00:00,0.0,FEST20
1386,1386,UPI,Success,765.52,2025-06-03 04:00:00,85.06,WELCOME10
1387,1387,Net Banking,Success,167.37,2025-01-18 01:00:00,41.84,
1388,1388,EMI,Success,2347.94,2025-06-20 00:00:00,586.98,WELCOME10
1389,1389,UPI,Success,10774.38,2026-02-23 05:00:00,0.0,NEWUSER
1390,1390,Credit Card,Success,3457.49,2026-08-17 02:00:00,181.97,FEST20
1391,1391,Credit Card,Success,1133.72,2025-10-16 00:00:00,0.0,
1392,1392,UPI,Success,38701.37,2025-08-19 00:00:00,0.0,NEWUSER
1393,1393,Debit Card,Success,6111.08,2024-07-11 01:00:00,0.0,SAVE15
1394,1394,UPI,Success,9984.64,2025-11-15 03:00:00,0.0,FEST20
1395,1395,UPI,Success,15279.18,2024-12-16 03:00:00,0.0,SAVE15
1396,1396,Cash on Delivery,Success,539.69,2024-11-19 01:00:00,59.97,
1397,1397,Cash on Delivery,Success,5678.6,2025-12-09 04:00:00,298.87,
1398,1398,Cash on Delivery,Success,2199.16,2025-03-26 04:00:00,115.75,WELCOME10
1399,1399,UPI,Refunded,56849.33,2025-02-10 01:00:00,14212.33,
1400,1400,Debit Card,Success,16054.06,2026-01-11 03:00:00,2833.07,FEST20
1401,1401,Cash on Delivery,Success,6263.58,2024-08-10 05:00:00,1565.9,SAVE15
1402,1402,Debit Card,Success,70265.56,2026-04-14 01:00:00,7807.29,
1403,1403,Cash on Delivery,Success,1734.78,2025-01-24 03:00:00,306.14,NEWUSER
1404,1404,UPI,Success,3926.02,2025-12-15 03:00:00,692.83,SAVE15
1405,1405,Cash on Delivery,Success,7327.78,2026-08-01 01:00:00,1831.95,
1406,1406,UPI,Success,1481.97,2025-06-17 05:00:00,0.0,WELCOME10
1407,1407,EMI,Success,25459.86,2025-03-28 05:00:00,0.0,NEWUSER
1408,1408,Net Banking,Success,459.49,2026-06-21 03:00:00,114.87,NEWUSER
1409,1409,Credit Card,Success,2126.58,2025-03-13 01:00:00,111.93,WELCOME10
1410,1410,EMI,Success,21053.58,2025-06-02 00:00:00,0.0,NEWUSER
1411,1411,UPI,Pending,5057.93,2026-02-10 05:00:00,561.99,
1412,1412,Debit Card,Success,4426.59,2025-06-21 00:00:00,0.0,WELCOME10
1413,1413,Cash on Delivery,Pending,701.5,2024-10-07 01:00:00,123.79,
1414,1414,Credit Card,Success,2371.01,2025-01-26 03:00:00,124.79,WELCOME10
1415,1415,Cash on Delivery,Success,2505.69,2026-01-02 00:00:00,626.42,SAVE15
1416,1416,Credit Card,Success,611.63,2026-02-27 03:00:00,152.91,
1417,1417,UPI,Success,103501.9,2025-03-28 02:00:00,0.0,WELCOME10
1418,1418,Cash on Delivery,Success,19399.11,2026-05-29 02:00:00,1021.01,NEWUSER
1419,1419,UPI,Success,755.51,2025-11-26 00:00:00,0.0,SAVE15
1420,1420,UPI,Success,3332.0,2026-03-07 05:00:00,588.0,NEWUSER
1421,1421,UPI,Success,610.18,2025-05-14 05:00:00,32.11,WELCOME10
1422,1422,Cash on Delivery,Success,446.78,2026-05-16 01:00:00,78.84,
1423,1423,Credit Card,Success,8865.32,2026-07-17 05:00:00,466.6,SAVE15
1424,1424,Credit Card,Success,3694.45,2025-03-02 01:00:00,194.45,
1425,1425,Credit Card,Success,1978.59,2026-08-08 03:00:00,219.84,NEWUSER
1426,1426,Debit Card,Success,2235.09,2026-05-20 03:00:00,248.34,NEWUSER
1427,1427,Cash on Delivery,Success,1279.82,2024-10-10 05:00:00,0.0,WELCOME10
1428,1428,Debit Card,Success,7687.87,2026-03-19 05:00:00,1356.68,SAVE15
1429,1429,Credit Card,Success,71266.46,2026-01-28 05:00:00,12576.43,NEWUSER
1430,1430,Cash on Delivery,Success,9453.24,2025-05-23 03:00:00,1668.22,
1431,1431,Net Banking,Success,467.76,2025-12-27 01:00:00,82.55,
1432,1432,Cash on Delivery,Success,304.18,2026-03-25 05:00:00,0.0,FEST20
1433,1433,Cash on Delivery,Not Applicable,41938.42,2026-08-17 00:00:00,0.0,
1434,1434,UPI,Success,1754.89,2025-10-29 03:00:00,0.0,NEWUSER
1435,1435,Cash on Delivery,Success,800.8,2024-12-16 05:00:00,88.98,
1436,1436,UPI,Success,58028.09,2025-01-21 04:00:00,3054.11,
1437,1437,UPI,Refunded,1529.58,2025-12-03 02:00:00,0.0,
1438,1438,Cash on Delivery,Success,3543.34,2024-07-19 03:00:00,885.84,NEWUSER
1439,1439,Cash on Delivery,Not Applicable,3870.22,2025-08-26 03:00:00,967.55,
1440,1440,Cash on Delivery,Success,1750.29,2026-03-15 02:00:00,194.48,
1441,1441,EMI,Success,2468.71,2025-11-26 03:00:00,129.93,
1442,1442,Credit Card,Success,10585.92,2025-08-27 05:00:00,1868.1,WELCOME10
1443,1443,Credit Card,Refunded,61425.84,2025-11-11 00:00:00,10839.85,
1444,1444,UPI,Success,4443.13,2025-05-15 01:00:00,0.0,NEWUSER
1445,1445,Cash on Delivery,Not Applicable,3953.47,2026-07-16 02:00:00,439.28,FEST20
1446,1446,Net Banking,Success,3799.13,2025-10-23 00:00:00,670.43,WELCOME10
1447,1447,Credit Card,Success,4892.58,2026-03-09 03:00:00,543.62,SAVE15
1448,1448,UPI,Success,75955.37,2025-08-04 00:00:00,0.0,
1449,1449,Debit Card,Refunded,611.1,2025-01-07 00:00:00,152.78,
1450,1450,Debit Card,Success,1501.8,2026-02-16 02:00:00,265.02,
1451,1451,UPI,Success,334.96,2025-12-12 02:00:00,37.22,FEST20
1452,1452,Debit Card,Success,6764.42,2026-03-01 01:00:00,1691.11,FEST20
1453,1453,Debit Card,Refunded,18230.72,2025-09-04 05:00:00,4557.68,SAVE15
1454,1454,Cash on Delivery,Success,8915.12,2025-09-24 05:00:00,0.0,
1455,1455,EMI,Refunded,904.6,2026-07-13 02:00:00,159.64,
1456,1456,UPI,Refunded,1417.24,2026-03-20 00:00:00,74.59,
1457,1457,UPI,Success,1454.89,2025-12-26 05:00:00,363.72,
1458,1458,Credit Card,Success,6241.61,2026-02-23 01:00:00,1560.4,
1459,1459,Cash on Delivery,Success,18563.72,2026-02-01 05:00:00,977.04,FEST20
1460,1460,UPI,Pending,4024.24,2024-02-08 03:00:00,710.16,NEWUSER
1461,1461,Net Banking,Success,57853.63,2026-03-15 04:00:00,6428.18,WELCOME10
1462,1462,Credit Card,Success,295.23,2024-08-02 01:00:00,73.81,NEWUSER
1463,1463,Debit Card,Success,1109.77,2024-04-26 01:00:00,123.31,WELCOME10
1464,1464,UPI,Success,5060.09,2025-08-06 00:00:00,0.0,
1465,1465,Debit Card,Success,1920.54,2025-07-17 01:00:00,101.08,
1466,1466,Debit Card,Success,934.7,2026-04-03 04:00:00,0.0,FEST20
1467,1467,UPI,Refunded,67379.0,2025-09-30 04:00:00,3546.26,
1468,1468,UPI,Success,1033.12,2026-03-09 03:00:00,182.32,
1469,1469,UPI,Success,462.89,2025-03-07 00:00:00,0.0,FEST20
1470,1470,Credit Card,Refunded,1841.28,2025-09-26 03:00:00,460.32,
1471,1471,UPI,Success,1177.21,2026-05-08 03:00:00,0.0,WELCOME10
1472,1472,Cash on Delivery,Success,2312.53,2024-03-20 04:00:00,121.71,
1473,1473,EMI,Success,2301.93,2024-12-29 02:00:00,0.0,
1474,1474,UPI,Success,12830.46,2025-12-11 04:00:00,0.0,
1475,1475,UPI,Success,10097.43,2024-07-02 05:00:00,0.0,FEST20
1476,1476,UPI,Success,4584.14,2026-02-08 03:00:00,1146.04,
1477,1477,UPI,Refunded,444.86,2025-04-29 01:00:00,78.51,NEWUSER
1478,1478,UPI,Success,1387.35,2024-12-17 00:00:00,73.02,NEWUSER
1479,1479,Debit Card,Success,5513.81,2025-12-26 01:00:00,0.0,
1480,1480,Credit Card,Success,4010.4,2025-10-02 01:00:00,0.0,
1481,1481,Credit Card,Success,5306.5,2025-11-04 05:00:00,279.29,
1482,1482,Net Banking,Success,4625.36,2025-12-10 00:00:00,243.44,
1483,1483,Cash on Delivery,Success,2085.66,2026-02-23 04:00:00,0.0,NEWUSER
1484,1484,UPI,Refunded,5980.08,2025-08-10 04:00:00,1055.31,
1485,1485,Debit Card,Success,876.02,2025-03-24 05:00:00,97.34,
1486,1486,UPI,Success,2334.52,2025-12-13 05:00:00,259.39,FEST20
1487,1487,Cash on Delivery,Success,1616.56,2024-11-11 01:00:00,0.0,
1488,1488,EMI,Success,904.21,2024-12-17 03:00:00,159.57,FEST20
1489,1489,Credit Card,Success,219464.16,2026-07-17 05:00:00,0.0,SAVE15
1490,1490,UPI,Refunded,620.03,2025-12-22 05:00:00,155.01,FEST20
1491,1491,UPI,Success,2453.57,2025-11-27 05:00:00,129.13,FEST20
1492,1492,Credit Card,Refunded,72357.73,2025-08-04 01:00:00,3808.3,SAVE15
1493,1493,Credit Card,Success,51326.68,2025-07-29 00:00:00,12831.67,
1494,1494,Debit Card,Success,1404.03,2026-01-28 02:00:00,0.0,
1495,1495,UPI,Success,5902.21,2026-07-22 01:00:00,1041.57,WELCOME10
1496,1496,UPI,Success,313.48,2025-03-17 04:00:00,0.0,FEST20
1497,1497,UPI,Success,1002.54,2026-05-28 02:00:00,52.77,
1498,1498,UPI,Success,95961.13,2024-11-20 01:00:00,10662.35,
1499,1499,Debit Card,Success,43746.15,2026-01-21 04:00:00,0.0,
1500,1500,Credit Card,Pending,7614.16,2026-03-29 05:00:00,1343.68,
1501,1501,Debit Card,Refunded,5912.02,2024-10-16 00:00:00,311.16,
1502,1502,Debit Card,Success,966.29,2025-03-06 00:00:00,50.86,WELCOME10
1503,1503,UPI,Success,561.03,2026-05-11 02:00:00,0.0,WELCOME10
1504,1504,Cash on Delivery,Success,1389.66,2025-07-04 01:00:00,154.41,
1505,1505,UPI,Success,67192.75,2025-01-09 00:00:00,11857.54,WELCOME10
1506,1506,UPI,Refunded,272.97,2025-03-17 00:00:00,30.33,NEWUSER
1507,1507,Debit Card,Success,11280.36,2025-07-08 02:00:00,0.0,FEST20
1508,1508,Net Banking,Success,5407.74,2025-01-31 00:00:00,0.0,FEST20
1509,1509,Debit Card,Success,4403.52,2026-03-24 02:00:00,489.28,WELCOME10
1510,1510,UPI,Success,3174.02,2025-06-03 04:00:00,793.51,
1511,1511,UPI,Success,670.18,2025-09-12 05:00:00,0.0,SAVE15
1512,1512,UPI,Success,1060.15,2025-12-27 01:00:00,117.8,
1513,1513,Debit Card,Success,2276.18,2026-06-21 03:00:00,0.0,
1514,1514,Net Banking,Success,1141.27,2025-06-13 02:00:00,60.07,
1515,1515,Credit Card,Success,890.01,2026-07-22 00:00:00,46.84,SAVE15
1516,1516,UPI,Success,20509.88,2024-10-14 01:00:00,0.0,SAVE15
1517,1517,Cash on Delivery,Success,2069.33,2026-03-05 01:00:00,229.93,
1518,1518,Credit Card,Success,7387.02,2025-12-22 03:00:00,1846.75,
1519,1519,UPI,Success,2046.09,2025-04-07 03:00:00,361.07,NEWUSER
1520,1520,UPI,Success,44137.91,2026-02-19 01:00:00,4904.21,
1521,1521,Cash on Delivery,Success,605.25,2025-04-27 05:00:00,151.31,
1522,1522,UPI,Success,89711.9,2025-12-12 05:00:00,0.0,NEWUSER
1523,1523,Debit Card,Success,26988.64,2025-11-27 03:00:00,0.0,SAVE15
1524,1524,Credit Card,Success,926.07,2026-01-20 00:00:00,163.42,WELCOME10
1525,1525,Credit Card,Success,2254.01,2026-04-18 00:00:00,250.45,NEWUSER
1526,1526,Cash on Delivery,Success,72406.64,2025-11-28 02:00:00,8045.18,
1527,1527,UPI,Success,1758.42,2025-03-04 05:00:00,439.6,SAVE15
1528,1528,Debit Card,Success,6272.35,2026-01-13 05:00:00,1568.09,
1529,1529,UPI,Success,823.61,2026-04-27 02:00:00,145.34,SAVE15
1530,1530,Cash on Delivery,Success,115.01,2025-06-17 03:00:00,12.78,
1531,1531,UPI,Success,9476.15,2024-07-01 04:00:00,498.75,
1532,1532,UPI,Success,4986.6,2024-09-27 04:00:00,0.0,
1533,1533,Credit Card,Success,75177.39,2024-05-02 03:00:00,13266.6,WELCOME10
1534,1534,UPI,Success,56790.3,2026-06-04 05:00:00,0.0,
1535,1535,Debit Card,Success,67270.86,2025-04-04 01:00:00,11871.33,WELCOME10
1536,1536,Cash on Delivery,Success,141.27,2026-06-07 04:00:00,15.7,
1537,1537,Cash on Delivery,Success,802.3,2026-03-07 05:00:00,89.15,
1538,1538,EMI,Success,11842.61,2025-04-13 05:00:00,0.0,FEST20
1539,1539,Credit Card,Success,3200.74,2025-04-15 02:00:00,564.84,FEST20
1540,1540,Cash on Delivery,Success,36281.28,2025-09-22 00:00:00,0.0,FEST20
1541,1541,UPI,Success,79308.46,2025-09-02 05:00:00,19827.12,SAVE15
1542,1542,Credit Card,Success,11654.53,2026-01-24 00:00:00,1294.95,NEWUSER
1543,1543,EMI,Success,7388.38,2026-08-17 04:00:00,1303.83,SAVE15
1544,1544,Debit Card,Success,1957.0,2025-12-08 04:00:00,217.44,
1545,1545,Credit Card,Success,1682.66,2025-12-06 00:00:00,186.96,SAVE15
1546,1546,UPI,Success,152303.48,2026-02-21 00:00:00,26877.08,
1547,1547,UPI,Success,1642.58,2026-04-03 04:00:00,0.0,NEWUSER
1548,1548,Cash on Delivery,Success,1128.4,2024-06-28 05:00:00,199.13,
1549,1549,Debit Card,Success,43996.46,2024-08-09 03:00:00,7764.08,FEST20
1550,1550,Credit Card,Success,609.22,2026-05-11 00:00:00,32.06,
1551,1551,UPI,Success,1216.35,2025-07-05 05:00:00,64.02,SAVE15
1552,1552,UPI,Success,10379.87,2025-05-11 03:00:00,0.0,WELCOME10
1553,1553,UPI,Success,4941.52,2025-11-26 03:00:00,0.0,SAVE15
1554,1554,Credit Card,Success,2397.29,2026-06-21 04:00:00,0.0,
1555,1555,Net Banking,Success,705.17,2025-10-03 01:00:00,176.29,FEST20
1556,1556,Credit Card,Success,10318.58,2024-12-24 04:00:00,1820.92,NEWUSER
1557,1557,Credit Card,Success,531.5,2025-04-08 04:00:00,132.87,NEWUSER
1558,1558,Debit Card,Success,258.54,2025-12-06 02:00:00,45.62,
1559,1559,Credit Card,Success,8881.17,2026-03-01 03:00:00,467.43,SAVE15
1560,1560,Cash on Delivery,Success,1299.11,2025-12-09 01:00:00,229.25,
1561,1561,UPI,Success,6608.62,2024-05-05 02:00:00,1652.15,NEWUSER
1562,1562,UPI,Success,738.1,2025-07-02 02:00:00,184.53,FEST20
1563,1563,Cash on Delivery,Success,197833.32,2025-04-23 03:00:00,0.0,FEST20
1564,1564,Cash on Delivery,Success,1137.18,2025-12-03 04:00:00,200.68,WELCOME10
1565,1565,UPI,Success,128698.0,2024-03-17 02:00:00,6773.58,
1566,1566,UPI,Success,3758.36,2025-08-25 04:00:00,663.24,WELCOME10
1567,1567,Debit Card,Success,10733.22,2025-08-06 00:00:00,1894.1,NEWUSER
1568,1568,Net Banking,Success,225853.76,2026-03-24 00:00:00,11887.04,WELCOME10
1569,1569,Credit Card,Success,259.02,2026-01-10 02:00:00,45.71,
1570,1570,Debit Card,Success,5625.04,2025-08-26 05:00:00,296.06,NEWUSER
1571,1571,Debit Card,Success,13757.01,2026-01-18 04:00:00,3439.25,
1572,1572,Credit Card,Success,109420.76,2026-07-17 04:00:00,5758.99,SAVE15
1573,1573,Net Banking,Success,103431.16,2026-02-27 05:00:00,18252.56,
1574,1574,UPI,Success,51014.48,2025-12-22 01:00:00,0.0,WELCOME10
1575,1575,Cash on Delivery,Success,7171.16,2024-10-19 04:00:00,0.0,NEWUSER
1576,1576,Credit Card,Success,1554.44,2025-03-04 02:00:00,0.0,FEST20
1577,1577,Credit Card,Success,37117.49,2026-03-12 05:00:00,0.0,SAVE15
1578,1578,Cash on Delivery,Success,10952.11,2024-04-15 05:00:00,1216.9,WELCOME10
1579,1579,Credit Card,Success,2695.51,2026-04-06 00:00:00,475.68,
1580,1580,Credit Card,Success,96594.97,2025-06-12 00:00:00,17046.17,
1581,1581,UPI,Success,395.38,2024-05-17 02:00:00,43.93,
1582,1582,UPI,Success,3540.96,2026-08-17 01:00:00,0.0,
1583,1583,Credit Card,Success,936.47,2026-05-29 04:00:00,165.26,WELCOME10
1584,1584,EMI,Success,12219.8,2025-10-18 05:00:00,0.0,NEWUSER
1585,1585,Net Banking,Success,2061.9,2025-04-20 01:00:00,363.87,
1586,1586,Credit Card,Success,69954.58,2025-07-02 03:00:00,0.0,
1587,1587,UPI,Success,999.82,2025-11-23 05:00:00,0.0,
1588,1588,UPI,Success,3468.35,2026-01-15 02:00:00,612.06,
1589,1589,Debit Card,Success,643.19,2026-06-17 04:00:00,0.0,SAVE15
1590,1590,Cash on Delivery,Not Applicable,542.1,2025-09-06 03:00:00,0.0,
1591,1591,UPI,Success,2859.04,2026-01-07 04:00:00,0.0,
1592,1592,EMI,Success,9242.58,2025-05-25 02:00:00,0.0,WELCOME10
1593,1593,Net Banking,Success,7510.77,2025-12-06 04:00:00,1325.43,SAVE15
1594,1594,Cash on Delivery,Success,48414.04,2025-10-30 01:00:00,0.0,
1595,1595,Cash on Delivery,Success,11329.65,2025-12-01 04:00:00,0.0,FEST20
1596,1596,Cash on Delivery,Success,59493.94,2025-12-23 04:00:00,0.0,
1597,1597,UPI,Success,23125.72,2025-08-08 01:00:00,0.0,NEWUSER
1598,1598,Cash on Delivery,Success,4477.13,2026-05-11 04:00:00,0.0,
1599,1599,UPI,Success,37055.25,2024-12-08 05:00:00,0.0,
1600,1600,UPI,Success,51048.32,2024-12-24 04:00:00,12762.08,WELCOME10
1601,1601,Debit Card,Success,2084.47,2025-05-21 03:00:00,367.85,
1602,1602,Credit Card,Success,12570.57,2025-12-26 03:00:00,661.61,WELCOME10
1603,1603,EMI,Success,28353.78,2026-04-01 04:00:00,0.0,
1604,1604,Debit Card,Success,2421.58,2026-05-11 02:00:00,0.0,
1605,1605,UPI,Success,5037.64,2026-01-17 05:00:00,559.74,SAVE15
1606,1606,UPI,Success,16594.82,2025-02-02 00:00:00,0.0,FEST20
1607,1607,UPI,Success,2795.28,2026-04-10 05:00:00,0.0,NEWUSER
1608,1608,UPI,Success,265.83,2026-03-16 02:00:00,0.0,
1609,1609,Credit Card,Success,2164.26,2026-05-04 02:00:00,0.0,SAVE15
1610,1610,Debit Card,Success,140163.2,2026-04-20 03:00:00,24734.68,SAVE15
1611,1611,UPI,Success,1547.77,2026-01-23 02:00:00,0.0,
1612,1612,Credit Card,Success,8117.73,2025-07-09 02:00:00,427.25,NEWUSER
1613,1613,Cash on Delivery,Success,1628.01,2025-02-15 03:00:00,85.68,FEST20
1614,1614,Credit Card,Success,4051.68,2026-02-11 02:00:00,0.0,
1615,1615,Cash on Delivery,Success,2779.12,2025-06-21 03:00:00,694.78,
1616,1616,Credit Card,Success,2194.9,2026-05-05 02:00:00,115.52,FEST20
1617,1617,Cash on Delivery,Success,2109.28,2025-12-27 05:00:00,372.23,SAVE15
1618,1618,UPI,Success,8705.56,2024-11-21 03:00:00,967.28,NEWUSER
1619,1619,UPI,Success,3654.01,2026-02-04 02:00:00,0.0,NEWUSER
1620,1620,UPI,Success,5465.41,2024-03-26 04:00:00,607.27,FEST20
1621,1621,Credit Card,Success,62480.89,2026-02-14 00:00:00,0.0,NEWUSER
1622,1622,Cash on Delivery,Success,10018.91,2026-02-17 03:00:00,1768.04,
1623,1623,EMI,Success,441.81,2025-05-17 01:00:00,23.25,
1624,1624,Cash on Delivery,Success,66647.22,2026-04-12 02:00:00,16661.81,NEWUSER
1625,1625,UPI,Success,8078.75,2026-02-13 00:00:00,897.64,NEWUSER
1626,1626,Credit Card,Success,9702.96,2025-11-13 03:00:00,2425.74,NEWUSER
1627,1627,UPI,Success,28378.64,2025-08-16 02:00:00,0.0,NEWUSER
1628,1628,Cash on Delivery,Success,46490.76,2026-05-25 03:00:00,8204.25,FEST20
1629,1629,UPI,Success,8980.25,2024-08-05 00:00:00,997.81,FEST20
1630,1630,Debit Card,Success,3883.34,2025-07-27 01:00:00,685.3,SAVE15
1631,1631,Debit Card,Success,2460.65,2025-04-25 05:00:00,273.41,FEST20
1632,1632,Cash on Delivery,Success,3004.38,2025-10-08 00:00:00,0.0,WELCOME10
1633,1633,Debit Card,Success,2419.95,2026-01-04 02:00:00,0.0,WELCOME10
1634,1634,UPI,Success,1712.46,2025-11-29 00:00:00,428.11,NEWUSER
1635,1635,Debit Card,Success,10478.4,2025-06-19 02:00:00,1164.27,SAVE15
1636,1636,Cash on Delivery,Not Applicable,9798.18,2025-04-17 02:00:00,0.0,NEWUSER
1637,1637,UPI,Success,1801.51,2026-01-26 02:00:00,94.82,
1638,1638,UPI,Success,6958.2,2026-06-06 05:00:00,1739.55,SAVE15
1639,1639,Net Banking,Success,2521.23,2025-01-06 02:00:00,630.31,FEST20
1640,1640,UPI,Success,4342.18,2026-02-09 01:00:00,766.27,
1641,1641,Cash on Delivery,Success,4743.23,2025-05-14 05:00:00,249.64,
1642,1642,Debit Card,Success,13023.4,2026-03-31 02:00:00,1447.04,NEWUSER
1643,1643,UPI,Success,12303.81,2026-03-01 02:00:00,647.57,NEWUSER
1644,1644,Cash on Delivery,Success,1326.91,2026-01-25 02:00:00,234.16,NEWUSER
1645,1645,Cash on Delivery,Success,43422.9,2025-07-10 02:00:00,7662.86,SAVE15
1646,1646,UPI,Success,114835.7,2026-04-18 04:00:00,0.0,WELCOME10
1647,1647,Cash on Delivery,Success,3303.51,2026-03-14 01:00:00,367.06,NEWUSER
1648,1648,UPI,Refunded,880.65,2026-08-06 00:00:00,220.16,FEST20
1649,1649,Debit Card,Success,231.17,2026-07-12 05:00:00,57.79,WELCOME10
1650,1650,Cash on Delivery,Success,5165.92,2026-02-24 02:00:00,911.63,SAVE15
1651,1651,EMI,Success,1667.85,2026-01-19 01:00:00,87.78,
1652,1652,Credit Card,Success,289.94,2023-11-05 05:00:00,15.26,NEWUSER
1653,1653,Net Banking,Success,593.26,2025-11-10 05:00:00,104.69,
1654,1654,UPI,Success,1447.19,2025-05-05 05:00:00,255.39,SAVE15
1655,1655,Cash on Delivery,Success,4432.31,2024-12-12 00:00:00,233.28,FEST20
1656,1656,UPI,Success,29742.9,2026-01-31 03:00:00,3304.77,
1657,1657,Credit Card,Success,26920.19,2026-05-02 03:00:00,6730.05,
1658,1658,UPI,Success,376.15,2024-09-07 05:00:00,19.8,SAVE15
1659,1659,Credit Card,Success,1387.08,2024-06-17 01:00:00,154.12,
1660,1660,Debit Card,Refunded,1163.86,2025-07-29 02:00:00,0.0,
1661,1661,Cash on Delivery,Success,3432.32,2025-10-16 01:00:00,0.0,NEWUSER
1662,1662,UPI,Success,14149.67,2026-05-04 00:00:00,0.0,WELCOME10
1663,1663,UPI,Success,1822.36,2026-01-09 05:00:00,455.59,WELCOME10
1664,1664,UPI,Success,562.54,2025-11-06 05:00:00,140.63,WELCOME10
1665,1665,UPI,Refunded,6272.74,2024-09-30 02:00:00,0.0,SAVE15
1666,1666,Cash on Delivery,Success,4401.19,2024-10-25 00:00:00,231.64,FEST20
1667,1667,Debit Card,Success,4379.97,2026-03-19 00:00:00,230.52,FEST20
1668,1668,Cash on Delivery,Success,225.37,2026-07-22 05:00:00,56.34,WELCOME10
1669,1669,UPI,Refunded,77291.2,2025-10-05 05:00:00,8587.91,NEWUSER
1670,1670,Credit Card,Success,1562.97,2025-03-23 03:00:00,275.82,SAVE15
1671,1671,Debit Card,Success,62903.65,2025-04-07 02:00:00,6989.29,
1672,1672,Credit Card,Success,5635.88,2025-09-13 04:00:00,0.0,SAVE15
1673,1673,UPI,Success,2311.5,2025-04-18 01:00:00,577.87,
1674,1674,UPI,Success,552.74,2025-07-28 02:00:00,61.42,SAVE15
1675,1675,Credit Card,Success,1963.75,2026-05-05 03:00:00,103.36,
1676,1676,Credit Card,Success,8949.79,2026-07-06 03:00:00,2237.45,
1677,1677,Cash on Delivery,Success,1242.74,2026-04-18 03:00:00,310.68,WELCOME10
1678,1678,Debit Card,Success,3859.65,2025-09-14 00:00:00,964.91,
1679,1679,Cash on Delivery,Success,401.01,2025-09-14 05:00:00,70.77,WELCOME10
1680,1680,UPI,Success,2470.21,2024-03-28 01:00:00,617.55,
1681,1681,Credit Card,Success,2102.53,2024-07-17 04:00:00,371.03,SAVE15
1682,1682,Debit Card,Success,1955.01,2026-06-30 04:00:00,0.0,
1683,1683,UPI,Success,649.55,2026-02-28 04:00:00,0.0,
1684,1684,Debit Card,Success,1948.28,2025-06-13 02:00:00,0.0,
1685,1685,Cash on Delivery,Success,4168.24,2026-06-16 01:00:00,0.0,NEWUSER
1686,1686,EMI,Success,1412.71,2025-10-16 04:00:00,74.35,WELCOME10
1687,1687,Cash on Delivery,Success,3200.51,2024-12-26 03:00:00,564.79,
1688,1688,Cash on Delivery,Success,768.92,2025-01-22 01:00:00,0.0,
1689,1689,UPI,Success,788.55,2025-12-09 02:00:00,197.14,NEWUSER
1690,1690,UPI,Success,4607.2,2025-06-27 02:00:00,511.91,
1691,1691,Net Banking,Success,1520.93,2025-08-23 05:00:00,0.0,WELCOME10
1692,1692,Credit Card,Success,861.44,2026-01-14 05:00:00,215.36,
1693,1693,UPI,Success,6900.99,2026-01-14 04:00:00,363.21,
1694,1694,Cash on Delivery,Success,1019.78,2026-08-17 03:00:00,0.0,
1695,1695,UPI,Success,321.77,2026-02-08 04:00:00,56.78,NEWUSER
1696,1696,UPI,Success,13332.92,2025-02-24 05:00:00,701.73,
1697,1697,UPI,Success,799.18,2024-04-06 01:00:00,0.0,FEST20
1698,1698,Debit Card,Success,2071.14,2025-07-03 01:00:00,109.01,SAVE15
1699,1699,UPI,Success,6077.82,2026-07-05 01:00:00,675.31,FEST20
1700,1700,Credit Card,Success,12289.87,2025-09-27 05:00:00,0.0,WELCOME10
1701,1701,UPI,Success,364.71,2026-01-08 01:00:00,91.18,FEST20
1702,1702,Credit Card,Success,67781.22,2026-01-20 01:00:00,11961.39,NEWUSER
1703,1703,Credit Card,Success,456.38,2025-05-22 00:00:00,0.0,WELCOME10
1704,1704,Credit Card,Success,637.59,2024-10-22 05:00:00,0.0,NEWUSER
1705,1705,Net Banking,Refunded,1334.42,2026-05-04 05:00:00,0.0,NEWUSER
1706,1706,Cash on Delivery,Pending,7054.93,2026-01-26 03:00:00,371.31,
1707,1707,Credit Card,Success,2676.31,2025-04-27 01:00:00,297.37,FEST20
1708,1708,Cash on Delivery,Success,187131.78,2026-03-29 03:00:00,46782.94,FEST20
1709,1709,Net Banking,Refunded,12270.88,2025-06-26 03:00:00,645.84,
1710,1710,UPI,Refunded,2137.54,2025-08-27 01:00:00,237.5,
1711,1711,Credit Card,Success,1014.11,2026-05-08 03:00:00,53.37,
1712,1712,Credit Card,Pending,1234.16,2026-03-18 01:00:00,0.0,NEWUSER
1713,1713,Debit Card,Success,10365.01,2026-02-01 01:00:00,2591.25,
1714,1714,UPI,Success,19161.17,2025-10-20 05:00:00,2129.02,WELCOME10
1715,1715,EMI,Success,3104.59,2025-08-16 03:00:00,344.95,SAVE15
1716,1716,Cash on Delivery,Success,5417.23,2026-02-14 04:00:00,601.91,NEWUSER
1717,1717,Credit Card,Success,549.46,2025-04-03 00:00:00,96.96,NEWUSER
1718,1718,UPI,Success,19834.36,2025-04-22 02:00:00,3500.18,SAVE15
1719,1719,Debit Card,Success,9055.76,2025-09-25 02:00:00,1598.07,FEST20
1720,1720,UPI,Success,492.41,2025-12-19 05:00:00,25.92,FEST20
1721,1721,UPI,Success,15137.36,2026-06-07 00:00:00,2671.3,
1722,1722,Cash on Delivery,Success,145.91,2026-02-04 05:00:00,0.0,
1723,1723,UPI,Success,7370.4,2025-12-22 02:00:00,1300.66,
1724,1724,UPI,Success,3652.73,2026-08-17 01:00:00,913.18,FEST20
1725,1725,Debit Card,Success,4649.6,2025-11-01 01:00:00,0.0,
1726,1726,UPI,Success,1246.79,2026-04-12 02:00:00,0.0,
1727,1727,UPI,Success,14317.55,2025-08-04 05:00:00,2526.63,
1728,1728,UPI,Success,846.92,2026-01-25 04:00:00,44.58,FEST20
1729,1729,UPI,Success,3800.5,2026-04-15 05:00:00,950.13,
1730,1730,Credit Card,Success,60912.77,2025-09-20 01:00:00,10749.31,NEWUSER
1731,1731,UPI,Success,20732.79,2026-04-21 05:00:00,1091.2,WELCOME10
1732,1732,Cash on Delivery,Success,172505.31,2026-02-09 00:00:00,9079.23,
1733,1733,Cash on Delivery,Success,1744.14,2026-05-20 05:00:00,436.03,
1734,1734,Credit Card,Success,1255.65,2025-10-06 04:00:00,313.91,
1735,1735,UPI,Success,2053.89,2025-04-10 03:00:00,228.21,FEST20
1736,1736,UPI,Success,12295.77,2024-10-09 03:00:00,1366.2,
1737,1737,Net Banking,Success,1363.4,2024-12-03 01:00:00,71.76,SAVE15
1738,1738,Credit Card,Refunded,1863.32,2025-12-13 03:00:00,207.04,WELCOME10
1739,1739,Credit Card,Success,21304.51,2026-08-01 03:00:00,2367.17,
1740,1740,Cash on Delivery,Success,12695.07,2026-02-15 01:00:00,0.0,
1741,1741,Credit Card,Success,495.88,2026-02-24 00:00:00,55.1,FEST20
1742,1742,UPI,Success,22471.94,2026-04-20 04:00:00,2496.88,WELCOME10
1743,1743,Debit Card,Success,1851.54,2026-08-04 02:00:00,97.45,
1744,1744,UPI,Success,9266.66,2026-03-19 04:00:00,1029.63,WELCOME10
1745,1745,Cash on Delivery,Success,1037.5,2026-04-07 01:00:00,115.28,
1746,1746,Credit Card,Success,400.95,2025-10-06 03:00:00,70.75,WELCOME10
1747,1747,UPI,Success,945.97,2025-07-12 05:00:00,105.11,FEST20
1748,1748,UPI,Refunded,872.85,2024-05-29 04:00:00,96.98,FEST20
1749,1749,Cash on Delivery,Success,806.62,2026-08-17 05:00:00,201.65,FEST20
1750,1750,Cash on Delivery,Success,562.84,2026-03-13 01:00:00,99.32,FEST20
1751,1751,UPI,Success,591.25,2025-11-17 03:00:00,104.34,NEWUSER
1752,1752,UPI,Success,6694.94,2026-07-26 03:00:00,1673.74,SAVE15
1753,1753,Debit Card,Success,327.59,2026-08-03 02:00:00,0.0,WELCOME10
1754,1754,Cash on Delivery,Success,177.07,2025-11-06 04:00:00,9.32,FEST20
1755,1755,UPI,Success,4688.96,2025-08-27 01:00:00,0.0,
1756,1756,Cash on Delivery,Success,600.89,2025-12-12 02:00:00,0.0,WELCOME10
1757,1757,Cash on Delivery,Success,3776.17,2025-05-24 05:00:00,198.75,
1758,1758,Net Banking,Success,2913.42,2026-04-12 01:00:00,728.36,WELCOME10
1759,1759,UPI,Success,679.35,2025-10-30 03:00:00,169.84,WELCOME10
1760,1760,Credit Card,Success,6607.32,2025-08-22 00:00:00,734.15,
1761,1761,Cash on Delivery,Success,4597.16,2026-01-08 02:00:00,0.0,NEWUSER
1762,1762,Credit Card,Success,2725.32,2026-04-15 02:00:00,480.94,
1763,1763,Cash on Delivery,Success,1483.06,2025-08-15 00:00:00,164.78,SAVE15
1764,1764,Cash on Delivery,Success,5578.61,2025-09-27 00:00:00,619.85,
1765,1765,UPI,Success,3658.84,2024-10-19 03:00:00,0.0,NEWUSER
1766,1766,Cash on Delivery,Success,23852.64,2024-11-03 00:00:00,4209.29,
1767,1767,Credit Card,Success,8836.54,2025-01-06 02:00:00,1559.39,NEWUSER
1768,1768,Cash on Delivery,Success,1372.22,2025-08-08 02:00:00,72.22,
1769,1769,Cash on Delivery,Success,6826.44,2026-01-14 05:00:00,758.49,WELCOME10
1770,1770,Credit Card,Success,3567.41,2025-12-08 05:00:00,187.76,
1771,1771,UPI,Success,126509.68,2025-06-03 03:00:00,6658.4,
1772,1772,Cash on Delivery,Success,8318.06,2023-12-08 04:00:00,1467.89,
1773,1773,Debit Card,Success,285.38,2024-10-28 04:00:00,31.71,FEST20
1774,1774,Cash on Delivery,Success,6896.4,2025-01-23 05:00:00,362.97,
1775,1775,Credit Card,Success,1703.01,2024-09-26 01:00:00,425.75,FEST20
1776,1776,Debit Card,Success,6119.0,2026-01-18 04:00:00,0.0,SAVE15
1777,1777,UPI,Success,10475.55,2026-02-18 00:00:00,2618.89,NEWUSER
1778,1778,UPI,Success,10919.95,2026-07-12 03:00:00,574.73,NEWUSER
1779,1779,UPI,Success,2387.0,2026-01-30 04:00:00,596.75,
1780,1780,Cash on Delivery,Success,14241.22,2025-08-04 02:00:00,3560.3,
1781,1781,UPI,Success,565.03,2026-02-20 00:00:00,0.0,WELCOME10
1782,1782,Cash on Delivery,Success,257.43,2025-02-24 02:00:00,45.43,NEWUSER
1783,1783,UPI,Success,23449.76,2026-01-31 05:00:00,0.0,WELCOME10
1784,1784,Credit Card,Success,4702.93,2025-08-28 03:00:00,0.0,NEWUSER
1785,1785,EMI,Success,6149.3,2026-03-08 03:00:00,1085.17,
1786,1786,Cash on Delivery,Success,3551.46,2024-01-06 05:00:00,0.0,
1787,1787,Credit Card,Success,1984.53,2025-10-26 01:00:00,104.45,SAVE15
1788,1788,Debit Card,Success,3062.58,2026-01-12 05:00:00,340.29,
1789,1789,EMI,Success,1016.23,2025-06-20 04:00:00,254.06,WELCOME10
1790,1790,UPI,Success,1510.96,2026-06-04 01:00:00,0.0,FEST20
1791,1791,EMI,Pending,1410.73,2025-06-14 03:00:00,0.0,SAVE15
1792,1792,UPI,Refunded,827.72,2026-03-24 05:00:00,206.93,
1793,1793,Cash on Delivery,Not Applicable,3015.01,2025-05-04 05:00:00,158.68,SAVE15
1794,1794,UPI,Success,621.37,2026-07-12 02:00:00,32.7,
1795,1795,Credit Card,Success,7928.89,2025-03-31 03:00:00,0.0,FEST20
1796,1796,Debit Card,Success,807.24,2026-05-18 05:00:00,89.69,
1797,1797,UPI,Success,3893.71,2026-02-03 04:00:00,0.0,WELCOME10
1798,1798,UPI,Success,3692.56,2024-04-26 03:00:00,410.28,WELCOME10
1799,1799,Debit Card,Success,2172.23,2025-09-06 01:00:00,114.33,
1800,1800,Credit Card,Success,464.07,2025-11-30 05:00:00,0.0,
1801,1801,UPI,Success,170.25,2026-02-07 04:00:00,30.04,NEWUSER
1802,1802,Debit Card,Success,540.8,2025-11-29 03:00:00,28.46,SAVE15
1803,1803,Cash on Delivery,Success,795.6,2024-07-12 03:00:00,41.87,FEST20
1804,1804,Credit Card,Success,3414.54,2025-03-07 04:00:00,0.0,NEWUSER
1805,1805,Cash on Delivery,Success,2564.58,2025-03-16 04:00:00,0.0,
1806,1806,Cash on Delivery,Success,32566.79,2025-10-08 01:00:00,3618.53,NEWUSER
1807,1807,Credit Card,Success,3141.26,2023-12-30 00:00:00,0.0,FEST20
1808,1808,Net Banking,Success,22808.82,2026-07-01 04:00:00,0.0,WELCOME10
1809,1809,Debit Card,Success,13023.02,2025-11-19 03:00:00,3255.76,
1810,1810,Cash on Delivery,Success,2754.68,2026-01-04 00:00:00,144.98,SAVE15
1811,1811,Cash on Delivery,Success,14176.62,2025-11-10 05:00:00,2501.76,FEST20
1812,1812,Cash on Delivery,Success,1741.01,2025-12-16 02:00:00,193.45,NEWUSER
1813,1813,Cash on Delivery,Success,1877.64,2026-04-03 03:00:00,0.0,
1814,1814,EMI,Success,8526.77,2024-06-26 02:00:00,1504.72,
1815,1815,UPI,Success,414.62,2025-12-23 05:00:00,73.17,NEWUSER
1816,1816,Credit Card,Success,59102.59,2026-04-14 02:00:00,0.0,
1817,1817,EMI,Success,3226.25,2025-11-04 04:00:00,358.47,FEST20
1818,1818,Cash on Delivery,Success,418.2,2026-03-28 02:00:00,104.55,FEST20
1819,1819,UPI,Success,9377.49,2026-06-03 00:00:00,0.0,FEST20
1820,1820,Net Banking,Refunded,4385.31,2025-11-18 03:00:00,0.0,NEWUSER
1821,1821,UPI,Success,55202.27,2024-09-30 02:00:00,13800.57,WELCOME10
1822,1822,UPI,Success,4904.2,2026-04-11 03:00:00,1226.05,FEST20
1823,1823,UPI,Success,753.07,2026-03-13 05:00:00,132.89,
1824,1824,UPI,Success,395.7,2025-10-30 02:00:00,98.92,
1825,1825,Net Banking,Success,498.16,2026-04-05 05:00:00,87.91,
1826,1826,Debit Card,Refunded,1934.04,2024-12-05 02:00:00,483.51,FEST20
1827,1827,Credit Card,Success,198.55,2025-08-24 00:00:00,10.45,
1828,1828,Cash on Delivery,Not Applicable,265.81,2025-03-22 00:00:00,29.54,WELCOME10
1829,1829,Debit Card,Success,56863.46,2025-10-05 02:00:00,10034.73,WELCOME10
1830,1830,UPI,Success,167384.36,2024-06-17 04:00:00,0.0,
1831,1831,Credit Card,Success,3384.51,2025-11-02 01:00:00,178.13,
1832,1832,UPI,Success,8121.94,2025-09-01 04:00:00,0.0,SAVE15
1833,1833,UPI,Success,2589.05,2025-10-31 00:00:00,456.89,SAVE15
1834,1834,Cash on Delivery,Success,161.72,2024-08-29 04:00:00,28.54,
1835,1835,UPI,Success,36734.85,2025-04-21 05:00:00,4081.65,NEWUSER
1836,1836,EMI,Success,28222.49,2026-03-06 00:00:00,4980.44,NEWUSER
1837,1837,Credit Card,Success,7998.99,2026-05-08 05:00:00,1999.75,NEWUSER
1838,1838,UPI,Success,319.87,2025-02-18 03:00:00,79.97,FEST20
1839,1839,Cash on Delivery,Success,1399.66,2025-09-24 02:00:00,155.52,
1840,1840,Cash on Delivery,Success,3670.71,2024-07-27 00:00:00,0.0,
1841,1841,Credit Card,Success,49762.06,2025-05-09 02:00:00,12440.51,
1842,1842,Cash on Delivery,Success,2349.4,2025-11-03 00:00:00,0.0,SAVE15
1843,1843,Credit Card,Success,32253.27,2025-12-11 00:00:00,0.0,
1844,1844,Credit Card,Success,1159.91,2026-08-06 03:00:00,289.98,NEWUSER
1845,1845,UPI,Success,746.77,2025-06-21 04:00:00,186.69,FEST20
1846,1846,Cash on Delivery,Success,10871.31,2025-12-26 01:00:00,572.17,WELCOME10
1847,1847,Credit Card,Success,975.3,2026-03-11 05:00:00,172.11,FEST20
1848,1848,UPI,Success,3209.31,2026-03-25 04:00:00,0.0,NEWUSER
1849,1849,Credit Card,Refunded,84392.08,2025-05-15 01:00:00,4441.69,FEST20
1850,1850,UPI,Success,11000.43,2025-09-29 02:00:00,578.97,
1851,1851,Credit Card,Refunded,44139.64,2026-04-08 04:00:00,11034.91,WELCOME10
1852,1852,Cash on Delivery,Success,477.65,2024-06-16 04:00:00,53.07,FEST20
1853,1853,Credit Card,Success,418.79,2026-02-24 04:00:00,73.91,
1854,1854,UPI,Success,730.51,2025-11-17 01:00:00,182.63,SAVE15
1855,1855,Credit Card,Refunded,1673.64,2025-12-30 00:00:00,295.35,FEST20
1856,1856,UPI,Success,1178.39,2025-12-23 00:00:00,0.0,
1857,1857,UPI,Success,4623.54,2026-01-22 05:00:00,243.34,SAVE15
1858,1858,Debit Card,Success,3407.33,2024-12-25 03:00:00,851.83,FEST20
1859,1859,Cash on Delivery,Success,4136.54,2026-01-05 02:00:00,1034.13,
1860,1860,UPI,Success,62851.68,2025-10-27 04:00:00,11091.47,
1861,1861,UPI,Success,6310.25,2025-10-13 04:00:00,0.0,FEST20
1862,1862,Cash on Delivery,Success,784.81,2025-09-24 01:00:00,138.5,WELCOME10
1863,1863,Cash on Delivery,Success,9645.02,2026-06-14 02:00:00,1702.06,
1864,1864,UPI,Success,1240.38,2026-06-21 03:00:00,137.82,
1865,1865,Credit Card,Success,1474.0,2025-08-20 01:00:00,77.58,WELCOME10
1866,1866,Cash on Delivery,Success,5284.97,2025-09-23 00:00:00,587.22,
1867,1867,EMI,Success,59956.79,2025-09-22 05:00:00,6661.86,NEWUSER
1868,1868,Credit Card,Success,3583.56,2026-03-02 01:00:00,632.39,WELCOME10
1869,1869,Net Banking,Success,2321.84,2026-06-12 04:00:00,0.0,WELCOME10
1870,1870,UPI,Success,692.15,2025-04-25 01:00:00,76.91,SAVE15
1871,1871,UPI,Success,58969.74,2025-07-05 04:00:00,10406.42,
1872,1872,Debit Card,Success,871.74,2025-07-24 05:00:00,0.0,SAVE15
1873,1873,UPI,Success,16367.78,2026-05-02 02:00:00,861.46,FEST20
1874,1874,Cash on Delivery,Success,333.02,2026-03-14 05:00:00,83.26,SAVE15
1875,1875,EMI,Success,8208.47,2026-04-09 03:00:00,432.03,WELCOME10
1876,1876,Debit Card,Success,3411.76,2024-04-22 01:00:00,0.0,
1877,1877,Net Banking,Success,3194.72,2026-06-30 03:00:00,0.0,
1878,1878,UPI,Success,529.81,2024-05-26 04:00:00,27.88,NEWUSER
1879,1879,UPI,Success,63623.85,2026-04-10 02:00:00,0.0,SAVE15
1880,1880,UPI,Success,289.06,2026-06-15 01:00:00,72.26,FEST20
1881,1881,UPI,Success,1485.29,2024-12-30 05:00:00,262.11,NEWUSER
1882,1882,UPI,Success,688.39,2025-12-01 04:00:00,121.48,NEWUSER
1883,1883,EMI,Success,119346.4,2026-01-02 02:00:00,0.0,SAVE15
1884,1884,UPI,Success,371.05,2025-07-21 01:00:00,19.53,
1885,1885,EMI,Success,408.03,2025-11-08 02:00:00,72.0,WELCOME10
1886,1886,Cash on Delivery,Success,5629.47,2025-08-03 00:00:00,1407.37,
1887,1887,UPI,Success,5711.59,2024-09-03 03:00:00,1007.93,WELCOME10
1888,1888,Credit Card,Pending,374.11,2025-08-25 03:00:00,93.53,FEST20
1889,1889,UPI,Success,8343.18,2024-08-07 02:00:00,439.12,NEWUSER
1890,1890,Net Banking,Success,3052.95,2024-11-19 02:00:00,0.0,SAVE15
1891,1891,UPI,Success,7912.97,2026-03-18 01:00:00,416.47,
1892,1892,UPI,Success,14813.77,2026-01-10 01:00:00,779.67,SAVE15
1893,1893,Cash on Delivery,Success,38119.31,2025-09-30 02:00:00,0.0,WELCOME10
1894,1894,UPI,Success,49032.7,2026-04-17 01:00:00,2580.67,
1895,1895,UPI,Success,9184.71,2025-01-30 02:00:00,1620.83,FEST20
1896,1896,UPI,Success,20607.91,2024-10-10 01:00:00,1084.63,NEWUSER
1897,1897,Net Banking,Success,1037.34,2025-06-27 05:00:00,0.0,NEWUSER
1898,1898,Credit Card,Refunded,7612.41,2026-06-01 01:00:00,400.65,NEWUSER
1899,1899,Credit Card,Success,56745.24,2026-06-09 05:00:00,0.0,WELCOME10
1900,1900,Debit Card,Success,43744.02,2025-08-16 05:00:00,2302.32,FEST20
1901,1901,UPI,Success,9106.51,2026-01-06 04:00:00,479.29,NEWUSER
1902,1902,Debit Card,Success,2467.11,2025-06-24 05:00:00,435.37,SAVE15
1903,1903,Cash on Delivery,Success,545.4,2026-04-13 00:00:00,0.0,
1904,1904,Debit Card,Refunded,1943.75,2026-02-04 05:00:00,215.97,SAVE15
1905,1905,Cash on Delivery,Success,2116.05,2024-03-04 03:00:00,111.37,NEWUSER
1906,1906,Credit Card,Success,58854.76,2026-08-11 00:00:00,6539.42,
1907,1907,Cash on Delivery,Success,4853.51,2025-04-04 02:00:00,255.45,
1908,1908,Cash on Delivery,Success,1520.24,2026-02-27 00:00:00,0.0,NEWUSER
1909,1909,UPI,Success,6106.15,2025-12-29 00:00:00,0.0,
1910,1910,Net Banking,Success,927.89,2026-06-18 04:00:00,48.84,FEST20
1911,1911,UPI,Success,1225.96,2025-09-29 03:00:00,0.0,
1912,1912,EMI,Success,1133.04,2026-02-05 03:00:00,0.0,NEWUSER
1913,1913,Debit Card,Success,1494.16,2026-02-02 04:00:00,166.02,
1914,1914,UPI,Refunded,1815.46,2025-11-23 02:00:00,453.86,NEWUSER
1915,1915,Net Banking,Success,1315.49,2025-11-30 03:00:00,69.24,FEST20
1916,1916,Net Banking,Success,2865.93,2025-07-13 04:00:00,0.0,WELCOME10
1917,1917,Cash on Delivery,Success,3960.47,2026-04-30 03:00:00,0.0,
1918,1918,Credit Card,Success,1844.39,2024-12-20 04:00:00,0.0,FEST20
1919,1919,UPI,Success,1604.45,2026-05-22 02:00:00,84.44,
1920,1920,UPI,Refunded,1483.27,2024-04-20 04:00:00,370.82,
1921,1921,Cash on Delivery,Success,1669.08,2023-12-07 02:00:00,0.0,WELCOME10
1922,1922,Net Banking,Success,841.73,2025-10-28 05:00:00,210.43,SAVE15
1923,1923,UPI,Success,5282.14,2025-09-15 00:00:00,932.14,WELCOME10
1924,1924,UPI,Success,12200.05,2024-09-22 05:00:00,642.11,
1925,1925,Cash on Delivery,Success,4743.66,2025-05-23 04:00:00,249.67,FEST20
1926,1926,UPI,Success,40922.5,2026-07-12 01:00:00,2153.82,
1927,1927,Debit Card,Refunded,9933.6,2026-07-23 01:00:00,0.0,WELCOME10
1928,1928,UPI,Success,390.34,2024-08-17 00:00:00,97.59,SAVE15
1929,1929,UPI,Success,9879.44,2024-10-19 00:00:00,0.0,
1930,1930,Debit Card,Refunded,52833.02,2025-11-17 00:00:00,0.0,WELCOME10
1931,1931,Credit Card,Success,1858.85,2026-03-01 02:00:00,206.54,SAVE15
1932,1932,Cash on Delivery,Success,802.03,2025-11-03 03:00:00,89.11,NEWUSER
1933,1933,EMI,Pending,597.74,2025-11-28 00:00:00,149.44,
1934,1934,UPI,Success,1446.1,2026-08-17 02:00:00,76.11,
1935,1935,UPI,Success,4593.67,2024-07-10 04:00:00,810.65,
1936,1936,EMI,Success,1348.2,2024-06-16 05:00:00,70.96,WELCOME10
1937,1937,UPI,Refunded,711.5,2025-12-28 01:00:00,37.45,WELCOME10
1938,1938,UPI,Success,447.22,2026-06-18 05:00:00,0.0,NEWUSER
1939,1939,Debit Card,Success,4226.51,2023-11-24 03:00:00,0.0,SAVE15
1940,1940,UPI,Success,70337.99,2025-09-22 00:00:00,17584.5,FEST20
1941,1941,Cash on Delivery,Success,702.04,2025-10-20 03:00:00,0.0,
1942,1942,UPI,Success,17884.82,2026-07-21 04:00:00,3156.14,
1943,1943,Net Banking,Success,784.54,2024-11-07 02:00:00,196.14,
1944,1944,Cash on Delivery,Success,45770.94,2025-01-23 00:00:00,0.0,
1945,1945,UPI,Success,4602.47,2025-05-25 00:00:00,1150.62,SAVE15
1946,1946,UPI,Success,9241.95,2024-05-24 03:00:00,486.42,FEST20
1947,1947,Credit Card,Success,2043.23,2026-03-14 00:00:00,227.03,
1948,1948,Debit Card,Refunded,42269.74,2025-07-30 04:00:00,7459.36,WELCOME10
1949,1949,UPI,Success,1214.58,2025-12-18 01:00:00,0.0,
1950,1950,Debit Card,Refunded,11039.54,2026-07-09 03:00:00,581.03,NEWUSER
1951,1951,Credit Card,Success,56151.82,2025-09-24 00:00:00,14037.96,FEST20
1952,1952,Cash on Delivery,Not Applicable,1569.48,2026-06-07 00:00:00,0.0,NEWUSER
1953,1953,UPI,Success,5231.09,2025-08-22 04:00:00,0.0,WELCOME10
1954,1954,Cash on Delivery,Success,1117.18,2026-03-26 01:00:00,58.8,WELCOME10
1955,1955,Debit Card,Success,1277.07,2026-03-14 00:00:00,0.0,NEWUSER
1956,1956,EMI,Success,8076.41,2024-02-23 05:00:00,897.38,
1957,1957,UPI,Success,11780.88,2025-12-23 05:00:00,620.05,WELCOME10
1958,1958,Credit Card,Success,1780.61,2025-11-11 04:00:00,0.0,
1959,1959,Debit Card,Success,234.07,2026-05-27 01:00:00,0.0,NEWUSER
1960,1960,UPI,Success,6901.49,2026-03-04 04:00:00,0.0,WELCOME10
1961,1961,UPI,Success,40624.81,2025-05-27 01:00:00,0.0,WELCOME10
1962,1962,Cash on Delivery,Success,11255.18,2025-01-03 01:00:00,0.0,SAVE15
1963,1963,UPI,Success,1320.8,2026-08-12 01:00:00,233.08,
1964,1964,Cash on Delivery,Success,52897.78,2026-02-16 00:00:00,9334.9,
1965,1965,Net Banking,Success,776.26,2025-08-09 04:00:00,194.07,SAVE15
1966,1966,Credit Card,Success,439.78,2024-02-18 00:00:00,109.94,WELCOME10
1967,1967,Cash on Delivery,Success,5235.99,2026-04-08 04:00:00,0.0,
1968,1968,Credit Card,Success,4176.56,2026-08-17 05:00:00,464.06,WELCOME10
1969,1969,UPI,Success,4219.15,2024-09-23 05:00:00,744.55,NEWUSER
1970,1970,Cash on Delivery,Success,8462.66,2025-03-21 04:00:00,2115.67,
1971,1971,UPI,Success,328.29,2025-10-28 01:00:00,82.07,
1972,1972,UPI,Success,6225.24,2025-05-15 00:00:00,0.0,SAVE15
1973,1973,Credit Card,Success,5596.36,2025-06-06 05:00:00,0.0,
1974,1974,Cash on Delivery,Success,111055.63,2026-03-17 01:00:00,19598.05,NEWUSER
1975,1975,Cash on Delivery,Success,310.31,2024-08-11 03:00:00,0.0,
1976,1976,Cash on Delivery,Success,352.18,2025-01-17 04:00:00,0.0,NEWUSER
1977,1977,Credit Card,Pending,6764.35,2024-12-07 03:00:00,1691.09,NEWUSER
1978,1978,Debit Card,Success,4897.81,2025-11-11 02:00:00,0.0,FEST20
1979,1979,EMI,Success,10349.73,2025-02-20 05:00:00,0.0,WELCOME10
1980,1980,UPI,Refunded,10032.4,2026-02-21 00:00:00,2508.1,FEST20
1981,1981,Net Banking,Success,1170.35,2024-12-18 01:00:00,206.53,FEST20
1982,1982,UPI,Success,3821.43,2026-05-05 00:00:00,0.0,FEST20
1983,1983,Credit Card,Refunded,5873.24,2024-10-22 00:00:00,1036.45,FEST20
1984,1984,Debit Card,Success,1687.84,2026-02-10 03:00:00,187.54,WELCOME10
1985,1985,Credit Card,Success,4967.47,2025-11-23 05:00:00,1241.87,
1986,1986,Cash on Delivery,Success,997.44,2026-05-24 03:00:00,52.5,
1987,1987,UPI,Success,4616.5,2024-04-20 01:00:00,242.97,FEST20
1988,1988,Cash on Delivery,Success,549.54,2026-02-09 05:00:00,0.0,
1989,1989,Debit Card,Success,1665.69,2024-08-09 01:00:00,87.67,FEST20
1990,1990,EMI,Success,4092.77,2025-12-25 03:00:00,215.41,
1991,1991,Debit Card,Success,2131.17,2026-01-31 01:00:00,0.0,WELCOME10
1992,1992,EMI,Success,322.83,2025-04-11 03:00:00,56.97,NEWUSER
1993,1993,UPI,Success,65705.05,2025-02-04 02:00:00,3458.16,NEWUSER
1994,1994,UPI,Success,48181.72,2026-01-22 02:00:00,0.0,
1995,1995,UPI,Refunded,301.81,2025-06-08 01:00:00,0.0,NEWUSER
1996,1996,EMI,Success,9090.85,2026-03-19 02:00:00,2272.71,
1997,1997,Debit Card,Success,4795.94,2025-09-28 04:00:00,846.34,NEWUSER
1998,1998,UPI,Success,1636.03,2026-01-22 05:00:00,86.11,NEWUSER
1999,1999,Net Banking,Success,879.85,2024-06-16 05:00:00,0.0,
2000,2000,Credit Card,Success,9003.74,2025-12-25 03:00:00,2250.93,FEST20
2001,2001,UPI,Success,452.72,2025-10-15 02:00:00,23.83,NEWUSER
2002,2002,Credit Card,Success,245.92,2026-03-12 00:00:00,27.33,
2003,2003,Credit Card,Success,3352.54,2024-11-12 04:00:00,591.62,
2004,2004,Credit Card,Success,72835.83,2024-03-28 04:00:00,0.0,
2005,2005,UPI,Success,2574.54,2026-07-17 02:00:00,286.06,
2006,2006,Cash on Delivery,Success,512.26,2026-06-03 00:00:00,0.0,FEST20
2007,2007,UPI,Success,9877.76,2025-05-07 02:00:00,1743.13,SAVE15
2008,2008,Cash on Delivery,Success,52143.89,2026-06-14 00:00:00,13035.97,WELCOME10
2009,2009,UPI,Success,5495.78,2026-07-06 04:00:00,289.25,NEWUSER
2010,2010,Cash on Delivery,Success,16300.58,2025-10-26 03:00:00,2876.57,
2011,2011,UPI,Success,36507.75,2025-05-10 04:00:00,6442.55,WELCOME10
2012,2012,Debit Card,Success,68595.7,2026-02-26 04:00:00,17148.92,WELCOME10
2013,2013,Debit Card,Success,4031.4,2026-06-26 04:00:00,711.42,SAVE15
2014,2014,UPI,Success,6493.68,2025-08-09 00:00:00,341.77,FEST20
2015,2015,Credit Card,Success,591.67,2025-10-04 00:00:00,147.92,NEWUSER
2016,2016,Debit Card,Success,1297.2,2025-07-20 03:00:00,228.92,
2017,2017,UPI,Success,13631.09,2026-04-04 00:00:00,3407.77,
2018,2018,EMI,Pending,1693.45,2025-12-19 02:00:00,298.84,SAVE15
2019,2019,Credit Card,Refunded,7024.32,2026-06-12 05:00:00,1756.08,
2020,2020,UPI,Refunded,2293.7,2024-11-25 00:00:00,120.72,
2021,2021,Credit Card,Success,3129.58,2025-09-27 04:00:00,0.0,
2022,2022,Cash on Delivery,Not Applicable,1715.0,2025-06-29 02:00:00,0.0,FEST20
2023,2023,Net Banking,Success,37784.55,2025-11-28 04:00:00,1988.66,
2024,2024,Cash on Delivery,Success,4556.62,2026-06-21 04:00:00,804.11,
2025,2025,Net Banking,Refunded,12086.94,2025-03-12 00:00:00,636.15,SAVE15
2026,2026,Cash on Delivery,Success,20207.64,2025-02-15 04:00:00,0.0,SAVE15
2027,2027,Cash on Delivery,Not Applicable,11632.05,2026-02-13 04:00:00,0.0,
2028,2028,Debit Card,Success,6426.02,2026-01-06 02:00:00,0.0,FEST20
2029,2029,UPI,Success,647.52,2025-10-29 05:00:00,0.0,
2030,2030,UPI,Success,62400.23,2026-01-01 01:00:00,11011.8,NEWUSER
2031,2031,UPI,Success,61978.46,2025-01-16 01:00:00,6886.5,NEWUSER
2032,2032,Cash on Delivery,Not Applicable,1610.97,2025-09-04 00:00:00,179.0,FEST20
2033,2033,Cash on Delivery,Success,308.41,2025-11-19 04:00:00,0.0,
2034,2034,Credit Card,Success,11878.07,2024-06-14 01:00:00,0.0,FEST20
2035,2035,Debit Card,Success,1943.53,2025-07-24 05:00:00,215.95,SAVE15
2036,2036,Cash on Delivery,Success,1695.65,2025-03-25 03:00:00,188.41,
2037,2037,UPI,Success,789.43,2025-07-26 03:00:00,139.31,SAVE15
2038,2038,UPI,Success,425.05,2025-08-05 05:00:00,0.0,SAVE15
2039,2039,UPI,Success,2326.1,2024-09-15 04:00:00,258.46,
2040,2040,Credit Card,Success,10711.94,2026-01-29 00:00:00,0.0,SAVE15
2041,2041,Cash on Delivery,Success,2877.45,2025-06-04 05:00:00,507.78,FEST20
2042,2042,Cash on Delivery,Success,67103.44,2024-09-04 04:00:00,7455.94,NEWUSER
2043,2043,UPI,Success,3050.88,2026-04-01 05:00:00,762.72,
2044,2044,UPI,Success,1345.24,2025-12-22 05:00:00,149.47,
2045,2045,UPI,Success,1772.2,2025-05-12 01:00:00,443.05,FEST20
2046,2046,Net Banking,Success,2100.62,2026-02-06 00:00:00,0.0,FEST20
2047,2047,Credit Card,Success,1407.47,2026-01-20 01:00:00,351.87,
2048,2048,Cash on Delivery,Success,797.06,2024-10-25 05:00:00,199.27,FEST20
2049,2049,Credit Card,Success,1491.32,2024-08-23 01:00:00,263.18,FEST20
2050,2050,Credit Card,Success,257.78,2026-05-18 05:00:00,28.64,
2051,2051,UPI,Success,1982.23,2025-05-30 02:00:00,0.0,SAVE15
2052,2052,Cash on Delivery,Success,3463.35,2025-12-22 00:00:00,865.84,FEST20
2053,2053,Debit Card,Success,1538.61,2026-02-04 04:00:00,0.0,
2054,2054,UPI,Success,3204.25,2026-01-25 04:00:00,356.03,
2055,2055,Credit Card,Success,2401.65,2026-05-08 05:00:00,126.4,
2056,2056,Debit Card,Success,2960.81,2026-04-08 05:00:00,155.83,
2057,2057,UPI,Success,469.34,2025-11-28 04:00:00,0.0,WELCOME10
2058,2058,UPI,Success,4780.04,2026-03-24 00:00:00,251.58,NEWUSER
2059,2059,UPI,Success,37939.94,2025-09-02 02:00:00,6695.28,NEWUSER
2060,2060,UPI,Success,1910.51,2025-12-12 02:00:00,0.0,
2061,2061,Debit Card,Success,4734.36,2026-01-13 01:00:00,0.0,SAVE15
2062,2062,Cash on Delivery,Success,1679.43,2026-06-24 02:00:00,0.0,FEST20
2063,2063,UPI,Success,1070.6,2025-07-25 02:00:00,0.0,WELCOME10
2064,2064,UPI,Success,2817.02,2025-08-30 01:00:00,497.12,
2065,2065,Credit Card,Success,9433.98,2025-03-07 04:00:00,0.0,SAVE15
2066,2066,Credit Card,Success,3536.25,2026-02-20 02:00:00,0.0,
2067,2067,Debit Card,Success,35459.55,2026-06-24 00:00:00,1866.29,
2068,2068,Credit Card,Success,5580.05,2025-08-01 00:00:00,620.01,WELCOME10
2069,2069,Debit Card,Success,157709.37,2025-07-05 04:00:00,8300.49,WELCOME10
2070,2070,Cash on Delivery,Success,68020.37,2025-09-21 03:00:00,12003.6,SAVE15
2071,2071,UPI,Success,4427.75,2025-09-26 02:00:00,781.37,WELCOME10
2072,2072,EMI,Success,22244.7,2025-02-01 01:00:00,0.0,
2073,2073,Cash on Delivery,Success,2830.47,2025-01-31 02:00:00,314.5,WELCOME10
2074,2074,Credit Card,Success,120482.68,2024-12-05 00:00:00,13386.96,
2075,2075,UPI,Success,157.48,2026-02-22 03:00:00,39.37,NEWUSER
2076,2076,UPI,Success,3966.51,2024-08-11 03:00:00,991.63,
2077,2077,Net Banking,Success,4163.56,2024-09-24 04:00:00,0.0,FEST20
2078,2078,Debit Card,Success,490.99,2026-06-10 04:00:00,86.65,SAVE15
2079,2079,UPI,Success,840.66,2025-05-13 03:00:00,0.0,
2080,2080,UPI,Success,3998.94,2025-10-25 05:00:00,0.0,
2081,2081,UPI,Success,36723.49,2025-06-26 04:00:00,9180.87,NEWUSER
2082,2082,Debit Card,Success,3263.68,2025-08-05 05:00:00,575.94,FEST20
2083,2083,Cash on Delivery,Success,5909.42,2026-03-14 02:00:00,0.0,WELCOME10
2084,2084,UPI,Success,138458.81,2024-10-01 00:00:00,24433.91,
2085,2085,Debit Card,Success,25729.76,2026-02-13 03:00:00,0.0,FEST20
2086,2086,Credit Card,Success,1549.54,2026-08-17 05:00:00,387.39,
2087,2087,UPI,Refunded,3845.91,2026-05-21 00:00:00,961.48,SAVE15
2088,2088,Net Banking,Success,1471.14,2025-11-09 05:00:00,163.46,
2089,2089,Cash on Delivery,Success,673.19,2025-12-26 00:00:00,35.43,WELCOME10
2090,2090,Cash on Delivery,Success,615.94,2025-01-06 00:00:00,108.69,SAVE15
2091,2091,Net Banking,Success,1599.18,2024-12-29 05:00:00,84.17,SAVE15
2092,2092,EMI,Success,65894.08,2025-06-07 05:00:00,7321.56,WELCOME10
2093,2093,Cash on Delivery,Not Applicable,3620.44,2025-08-27 00:00:00,0.0,FEST20
2094,2094,Cash on Delivery,Success,34368.33,2025-02-23 01:00:00,6065.0,SAVE15
2095,2095,EMI,Success,4770.48,2026-04-10 04:00:00,0.0,
2096,2096,EMI,Success,3325.54,2026-04-13 05:00:00,0.0,WELCOME10
2097,2097,UPI,Success,981.39,2026-04-09 03:00:00,173.19,
2098,2098,UPI,Success,10095.64,2025-09-15 02:00:00,0.0,
2099,2099,Credit Card,Success,50804.61,2024-11-07 03:00:00,12701.15,FEST20
2100,2100,EMI,Success,2158.18,2025-05-17 04:00:00,0.0,
2101,2101,Cash on Delivery,Success,703.86,2026-03-07 03:00:00,37.05,WELCOME10
2102,2102,Net Banking,Success,691.34,2024-05-12 03:00:00,172.84,WELCOME10
2103,2103,Debit Card,Success,6800.54,2025-09-18 01:00:00,0.0,
2104,2104,Cash on Delivery,Success,873.66,2026-03-19 04:00:00,154.17,FEST20
2105,2105,EMI,Success,334.53,2025-12-04 02:00:00,83.63,
2106,2106,UPI,Success,2882.18,2026-01-20 02:00:00,151.69,WELCOME10
2107,2107,UPI,Success,3148.0,2024-03-28 05:00:00,349.78,
2108,2108,Cash on Delivery,Success,3293.6,2025-07-06 04:00:00,823.4,WELCOME10
2109,2109,Cash on Delivery,Success,6641.46,2026-06-05 03:00:00,1172.02,
2110,2110,UPI,Success,6150.58,2025-11-24 00:00:00,0.0,
2111,2111,UPI,Success,3371.49,2026-01-20 05:00:00,177.45,FEST20
2112,2112,Debit Card,Success,22954.0,2025-09-20 05:00:00,0.0,
2113,2113,Net Banking,Success,1783.3,2025-06-09 00:00:00,198.15,SAVE15
2114,2114,Cash on Delivery,Success,914.88,2025-07-07 00:00:00,48.15,
2115,2115,EMI,Refunded,1501.46,2025-10-31 00:00:00,375.36,NEWUSER
2116,2116,Credit Card,Success,1238.48,2025-12-19 04:00:00,218.56,WELCOME10
2117,2117,Credit Card,Success,56759.87,2026-01-30 01:00:00,10016.45,FEST20
2118,2118,EMI,Success,4805.62,2025-09-27 05:00:00,1201.4,WELCOME10
2119,2119,Debit Card,Success,303.62,2026-07-15 03:00:00,33.74,NEWUSER
2120,2120,Net Banking,Success,101.42,2026-08-17 04:00:00,5.34,
2121,2121,Cash on Delivery,Success,1386.72,2026-02-03 03:00:00,244.71,FEST20
2122,2122,Cash on Delivery,Success,7758.53,2025-09-06 00:00:00,0.0,
2123,2123,Debit Card,Success,3421.86,2025-07-29 04:00:00,603.86,FEST20
2124,2124,UPI,Success,6181.8,2025-09-17 00:00:00,0.0,SAVE15
2125,2125,UPI,Success,3996.58,2025-05-30 05:00:00,210.35,
2126,2126,UPI,Success,844.23,2025-10-23 03:00:00,0.0,
2127,2127,UPI,Success,5883.49,2025-12-01 03:00:00,0.0,FEST20
2128,2128,UPI,Success,56583.05,2025-10-17 01:00:00,9985.24,
2129,2129,Debit Card,Success,744.8,2026-01-15 03:00:00,186.2,
2130,2130,Debit Card,Success,5123.6,2026-05-13 00:00:00,0.0,
2131,2131,Cash on Delivery,Success,2467.6,2026-05-05 00:00:00,0.0,FEST20
2132,2132,Credit Card,Pending,1996.65,2025-05-17 03:00:00,105.09,NEWUSER
2133,2133,Credit Card,Success,16713.13,2025-09-03 02:00:00,1857.01,SAVE15
2134,2134,UPI,Success,1240.7,2026-01-29 01:00:00,137.86,
2135,2135,UPI,Success,4328.73,2025-06-06 05:00:00,0.0,NEWUSER
2136,2136,UPI,Refunded,355.7,2026-03-26 05:00:00,62.77,
2137,2137,Cash on Delivery,Success,78189.11,2025-02-04 01:00:00,8687.68,SAVE15
2138,2138,Credit Card,Success,9964.62,2026-06-23 02:00:00,1758.46,SAVE15
2139,2139,Debit Card,Success,4676.75,2026-07-25 01:00:00,0.0,
2140,2140,UPI,Refunded,32674.42,2025-06-02 02:00:00,5766.07,
2141,2141,UPI,Refunded,140286.54,2025-07-26 04:00:00,7383.5,WELCOME10
2142,2142,Debit Card,Success,179.63,2025-03-17 04:00:00,9.45,FEST20
2143,2143,Credit Card,Success,3530.49,2026-02-25 02:00:00,882.62,
2144,2144,Debit Card,Success,1565.65,2024-10-21 01:00:00,82.4,SAVE15
2145,2145,UPI,Success,1074.3,2025-10-28 04:00:00,268.58,
2146,2146,UPI,Success,5221.46,2026-02-03 03:00:00,580.16,WELCOME10
2147,2147,Cash on Delivery,Success,1787.4,2026-07-26 03:00:00,198.6,
2148,2148,Cash on Delivery,Success,2150.51,2025-02-17 04:00:00,113.19,NEWUSER
2149,2149,Cash on Delivery,Success,5189.81,2024-10-10 05:00:00,0.0,
2150,2150,Credit Card,Success,5307.97,2024-09-18 03:00:00,1326.99,WELCOME10
2151,2151,Credit Card,Success,2101.51,2026-01-03 02:00:00,370.85,
2152,2152,UPI,Refunded,75301.43,2026-01-25 05:00:00,0.0,NEWUSER
2153,2153,Cash on Delivery,Success,7934.86,2025-08-24 00:00:00,881.65,
2154,2154,UPI,Success,1511.03,2025-10-30 05:00:00,167.89,SAVE15
2155,2155,Credit Card,Success,6076.21,2025-01-15 01:00:00,0.0,NEWUSER
2156,2156,Debit Card,Success,889.62,2026-01-09 02:00:00,0.0,FEST20
2157,2157,Cash on Delivery,Success,1923.29,2024-08-17 05:00:00,0.0,
2158,2158,UPI,Success,33601.68,2026-05-29 01:00:00,0.0,
2159,2159,EMI,Success,76052.44,2025-04-24 02:00:00,8450.27,
2160,2160,EMI,Success,316.03,2024-10-02 02:00:00,35.11,NEWUSER
2161,2161,Debit Card,Success,669.87,2025-06-28 01:00:00,118.21,
2162,2162,UPI,Success,24720.41,2026-03-24 00:00:00,6180.1,
2163,2163,UPI,Success,1309.45,2025-01-20 02:00:00,231.08,
2164,2164,UPI,Success,506.09,2026-06-19 05:00:00,26.64,FEST20
2165,2165,Credit Card,Success,1043.34,2026-04-08 02:00:00,115.93,
2166,2166,Credit Card,Success,10144.29,2025-07-13 00:00:00,0.0,FEST20
2167,2167,UPI,Success,830.14,2025-08-06 03:00:00,92.24,
2168,2168,Credit Card,Success,56541.14,2026-02-10 05:00:00,14135.28,FEST20
2169,2169,Credit Card,Success,3036.17,2025-02-24 05:00:00,535.8,
2170,2170,Cash on Delivery,Not Applicable,411.14,2026-01-11 05:00:00,0.0,FEST20
2171,2171,Debit Card,Success,582.26,2026-06-22 01:00:00,30.64,
2172,2172,Net Banking,Success,3893.48,2024-04-17 02:00:00,0.0,
2173,2173,UPI,Success,341.05,2025-11-28 04:00:00,60.18,FEST20
2174,2174,Net Banking,Success,1553.65,2026-01-15 04:00:00,388.41,
2175,2175,UPI,Success,3004.54,2026-03-22 00:00:00,0.0,
2176,2176,Debit Card,Success,54739.83,2026-02-26 01:00:00,6082.2,NEWUSER
2177,2177,Credit Card,Success,1926.77,2025-07-24 03:00:00,340.02,SAVE15
2178,2178,Debit Card,Success,4928.43,2026-01-21 05:00:00,1232.11,FEST20
2179,2179,EMI,Success,583.8,2025-08-24 02:00:00,64.87,FEST20
2180,2180,UPI,Success,10750.86,2024-02-08 03:00:00,1897.21,
2181,2181,Cash on Delivery,Success,9787.1,2025-03-16 00:00:00,1087.46,
2182,2182,UPI,Success,597.49,2025-09-17 02:00:00,0.0,
2183,2183,Debit Card,Success,4804.37,2024-12-22 03:00:00,0.0,NEWUSER
2184,2184,UPI,Refunded,10068.55,2026-07-11 01:00:00,529.92,
2185,2185,UPI,Success,36004.33,2026-05-07 03:00:00,6353.7,NEWUSER
2186,2186,UPI,Success,29973.31,2026-03-11 03:00:00,5289.41,FEST20
2187,2187,Credit Card,Success,893.73,2026-04-19 00:00:00,0.0,
2188,2188,Credit Card,Success,7986.15,2026-04-06 04:00:00,1996.54,NEWUSER
2189,2189,UPI,Success,4081.4,2025-09-25 03:00:00,453.49,
2190,2190,Debit Card,Success,9906.16,2025-04-01 04:00:00,1100.68,
2191,2191,Debit Card,Success,274.56,2025-05-26 01:00:00,0.0,NEWUSER
2192,2192,Debit Card,Success,41319.13,2026-06-27 04:00:00,0.0,SAVE15
2193,2193,UPI,Refunded,6384.06,2026-05-10 03:00:00,336.0,NEWUSER
2194,2194,UPI,Success,53745.11,2025-08-19 00:00:00,5971.68,
2195,2195,UPI,Success,955.27,2025-11-14 02:00:00,0.0,SAVE15
2196,2196,Net Banking,Success,1417.62,2026-03-11 05:00:00,0.0,FEST20
2197,2197,Credit Card,Success,1949.99,2026-08-17 05:00:00,216.67,
2198,2198,Debit Card,Success,96218.46,2024-08-18 05:00:00,0.0,
2199,2199,Cash on Delivery,Success,4972.05,2025-06-29 03:00:00,0.0,SAVE15
2200,2200,Cash on Delivery,Success,4406.31,2025-11-17 05:00:00,0.0,SAVE15
2201,2201,UPI,Success,6318.93,2026-04-11 02:00:00,0.0,SAVE15
2202,2202,Cash on Delivery,Success,1530.73,2025-06-14 02:00:00,170.08,WELCOME10
2203,2203,Debit Card,Success,76085.0,2026-06-26 03:00:00,8453.89,NEWUSER
2204,2204,Net Banking,Refunded,6763.43,2025-03-23 01:00:00,751.49,NEWUSER
2205,2205,Credit Card,Success,1674.21,2025-06-01 00:00:00,0.0,
2206,2206,Net Banking,Success,1793.76,2025-02-14 00:00:00,0.0,
2207,2207,Cash on Delivery,Success,9153.62,2025-03-22 03:00:00,0.0,
2208,2208,UPI,Success,11138.92,2025-12-09 01:00:00,0.0,FEST20
2209,2209,Cash on Delivery,Success,1778.72,2026-06-05 02:00:00,313.89,
2210,2210,UPI,Success,1983.19,2026-07-02 01:00:00,220.36,
2211,2211,UPI,Success,11611.03,2025-08-13 05:00:00,611.11,
2212,2212,Debit Card,Refunded,4563.66,2026-05-24 01:00:00,1140.91,
2213,2213,Credit Card,Success,734.13,2026-01-22 05:00:00,81.57,
2214,2214,UPI,Success,11525.97,2025-09-15 01:00:00,2033.99,
2215,2215,Debit Card,Success,2489.42,2025-04-05 02:00:00,131.02,
2216,2216,Debit Card,Success,333.52,2025-05-25 05:00:00,17.55,FEST20
2217,2217,EMI,Success,1609.57,2026-05-12 01:00:00,84.71,
2218,2218,Credit Card,Refunded,6125.08,2026-04-10 05:00:00,0.0,FEST20
2219,2219,UPI,Success,1240.56,2026-07-14 04:00:00,310.14,
2220,2220,Cash on Delivery,Success,4776.4,2025-09-08 05:00:00,251.39,
2221,2221,Cash on Delivery,Success,24892.04,2026-01-25 00:00:00,2765.78,
2222,2222,Net Banking,Success,22159.62,2025-08-16 02:00:00,1166.3,
2223,2223,UPI,Success,10154.9,2025-10-09 01:00:00,2538.72,FEST20
2224,2224,EMI,Success,1193.18,2025-05-19 05:00:00,0.0,WELCOME10
2225,2225,Credit Card,Success,6522.63,2026-06-16 01:00:00,0.0,
2226,2226,Net Banking,Success,612.86,2026-05-08 05:00:00,153.21,FEST20
2227,2227,Debit Card,Success,19209.25,2026-08-17 03:00:00,1011.01,WELCOME10
2228,2228,Debit Card,Success,8615.23,2026-06-19 00:00:00,453.43,
2229,2229,Debit Card,Success,8246.0,2025-10-02 02:00:00,916.22,SAVE15
2230,2230,Cash on Delivery,Success,1440.07,2026-01-03 04:00:00,254.13,FEST20
2231,2231,Cash on Delivery,Not Applicable,39998.66,2025-11-08 00:00:00,7058.59,NEWUSER
2232,2232,Cash on Delivery,Success,6953.62,2025-09-18 00:00:00,0.0,
2233,2233,Credit Card,Success,6266.56,2025-10-22 02:00:00,1105.86,NEWUSER
2234,2234,UPI,Success,117385.84,2025-09-16 04:00:00,0.0,
2235,2235,Cash on Delivery,Success,36607.07,2026-03-22 01:00:00,6460.07,SAVE15
2236,2236,Cash on Delivery,Success,327.4,2025-08-03 01:00:00,57.78,
2237,2237,UPI,Success,734.08,2026-02-26 00:00:00,129.54,SAVE15
2238,2238,UPI,Success,1607.02,2025-02-27 03:00:00,178.56,FEST20
2239,2239,Cash on Delivery,Success,4690.24,2025-11-12 04:00:00,0.0,WELCOME10
2240,2240,UPI,Success,1381.37,2025-07-14 01:00:00,153.49,
2241,2241,Credit Card,Success,281.18,2025-06-23 01:00:00,70.3,WELCOME10
2242,2242,UPI,Success,1443.28,2024-09-25 01:00:00,254.7,
2243,2243,UPI,Success,6823.36,2024-05-12 00:00:00,0.0,WELCOME10
2244,2244,UPI,Success,6983.12,2025-02-18 03:00:00,1232.32,SAVE15
2245,2245,UPI,Success,70350.98,2026-02-09 01:00:00,0.0,
2246,2246,UPI,Success,4149.79,2026-05-22 05:00:00,218.41,
2247,2247,Net Banking,Success,62510.08,2026-04-21 03:00:00,0.0,FEST20
2248,2248,Cash on Delivery,Pending,56758.67,2026-01-12 05:00:00,14189.67,WELCOME10
2249,2249,Credit Card,Success,360.1,2025-09-09 00:00:00,0.0,NEWUSER
2250,2250,UPI,Success,169.61,2026-03-13 05:00:00,0.0,
2251,2251,Net Banking,Success,43012.82,2024-02-27 01:00:00,7590.5,
2252,2252,UPI,Success,125055.42,2025-08-31 00:00:00,6581.86,
2253,2253,UPI,Success,7525.99,2025-06-26 05:00:00,1881.5,FEST20
2254,2254,UPI,Success,4631.58,2025-10-09 04:00:00,0.0,
2255,2255,UPI,Refunded,159700.89,2024-07-25 01:00:00,0.0,
2256,2256,Credit Card,Success,204.51,2025-03-02 03:00:00,0.0,NEWUSER
2257,2257,UPI,Success,2159.52,2025-07-14 00:00:00,113.66,NEWUSER
2258,2258,UPI,Success,6247.6,2026-03-28 00:00:00,1561.9,NEWUSER
2259,2259,Credit Card,Success,1757.56,2025-07-19 04:00:00,0.0,
2260,2260,UPI,Success,3639.84,2024-01-10 03:00:00,191.57,
2261,2261,Debit Card,Success,541.47,2025-10-12 01:00:00,0.0,WELCOME10
2262,2262,Credit Card,Success,22605.26,2025-12-15 03:00:00,0.0,WELCOME10
2263,2263,UPI,Success,67185.3,2024-08-18 04:00:00,16796.32,
2264,2264,Net Banking,Success,16250.13,2026-03-05 05:00:00,2867.67,FEST20
2265,2265,UPI,Success,165231.18,2025-06-11 00:00:00,18359.02,
2266,2266,UPI,Success,167447.15,2024-10-04 05:00:00,8813.01,
2267,2267,UPI,Success,702.47,2024-06-19 02:00:00,175.62,WELCOME10
2268,2268,Cash on Delivery,Success,934.78,2026-04-11 05:00:00,103.86,
2269,2269,UPI,Success,62773.18,2025-03-26 03:00:00,0.0,
2270,2270,Net Banking,Refunded,765.07,2025-05-04 04:00:00,135.01,FEST20
2271,2271,Cash on Delivery,Success,326.42,2026-07-01 03:00:00,57.6,SAVE15
2272,2272,Credit Card,Success,4881.82,2025-06-12 00:00:00,0.0,WELCOME10
2273,2273,UPI,Success,77827.05,2026-05-22 01:00:00,0.0,
2274,2274,Cash on Delivery,Success,2155.75,2026-04-17 01:00:00,380.43,SAVE15
2275,2275,Credit Card,Success,641.99,2024-05-16 03:00:00,113.29,NEWUSER
2276,2276,UPI,Success,459.84,2026-02-09 05:00:00,0.0,WELCOME10
2277,2277,Cash on Delivery,Success,2085.93,2026-01-13 01:00:00,231.77,
2278,2278,Credit Card,Success,53435.83,2026-01-07 04:00:00,13358.96,WELCOME10
2279,2279,UPI,Success,682.23,2026-02-13 03:00:00,35.91,SAVE15
2280,2280,UPI,Success,30504.52,2025-07-02 01:00:00,5383.15,SAVE15
2281,2281,Net Banking,Success,504.88,2026-02-22 01:00:00,0.0,
2282,2282,Cash on Delivery,Success,774.06,2025-11-06 04:00:00,0.0,WELCOME10
2283,2283,Cash on Delivery,Success,193096.73,2024-10-06 04:00:00,21455.19,
2284,2284,Cash on Delivery,Success,1812.36,2025-08-28 02:00:00,201.37,WELCOME10
2285,2285,EMI,Success,5346.44,2025-12-02 01:00:00,0.0,
2286,2286,UPI,Success,4611.42,2025-08-01 02:00:00,242.71,WELCOME10
2287,2287,Cash on Delivery,Success,3484.23,2025-06-09 01:00:00,871.06,FEST20
2288,2288,Credit Card,Success,264.81,2025-10-31 01:00:00,66.2,NEWUSER
2289,2289,EMI,Success,2622.93,2025-12-23 05:00:00,462.87,
2290,2290,UPI,Success,5779.9,2026-04-23 00:00:00,1019.98,FEST20
2291,2291,Credit Card,Success,821.5,2024-08-02 03:00:00,144.97,
2292,2292,EMI,Success,784.88,2026-02-27 01:00:00,0.0,NEWUSER
2293,2293,UPI,Success,500.11,2026-08-12 02:00:00,0.0,NEWUSER
2294,2294,Net Banking,Success,36953.32,2026-04-12 02:00:00,6521.18,NEWUSER
2295,2295,UPI,Success,527.92,2026-02-28 03:00:00,58.66,SAVE15
2296,2296,Debit Card,Success,9844.33,2026-03-13 05:00:00,1737.23,NEWUSER
2297,2297,Cash on Delivery,Success,30099.37,2024-12-06 00:00:00,3344.38,SAVE15
2298,2298,Cash on Delivery,Success,36140.17,2025-02-04 02:00:00,4015.57,SAVE15
2299,2299,Credit Card,Success,1427.49,2025-06-04 02:00:00,356.87,NEWUSER
2300,2300,Credit Card,Success,913.15,2024-04-24 03:00:00,228.29,
2301,2301,Debit Card,Success,3447.38,2025-03-16 01:00:00,608.36,NEWUSER
2302,2302,EMI,Success,651.42,2025-12-28 04:00:00,0.0,NEWUSER
2303,2303,Credit Card,Success,3541.92,2026-06-30 00:00:00,625.05,FEST20
2304,2304,UPI,Success,2224.16,2026-07-28 00:00:00,117.06,SAVE15
2305,2305,UPI,Success,5441.12,2025-05-20 00:00:00,286.37,NEWUSER
2306,2306,UPI,Success,1594.5,2025-07-20 05:00:00,398.63,NEWUSER
2307,2307,UPI,Success,1586.39,2026-05-18 05:00:00,176.27,
2308,2308,Credit Card,Success,11328.64,2026-07-14 05:00:00,596.24,SAVE15
2309,2309,UPI,Success,69034.97,2024-12-28 05:00:00,3633.42,FEST20
2310,2310,UPI,Success,1232.95,2025-10-09 00:00:00,64.89,
2311,2311,Cash on Delivery,Success,1398.56,2025-12-03 02:00:00,246.81,WELCOME10
2312,2312,UPI,Success,1212.74,2025-05-20 05:00:00,303.18,
2313,2313,Debit Card,Success,11155.7,2024-12-24 00:00:00,1239.52,SAVE15
2314,2314,EMI,Success,1286.01,2025-04-27 03:00:00,226.94,
2315,2315,UPI,Success,1215.92,2026-04-29 03:00:00,135.1,
2316,2316,Cash on Delivery,Success,7646.29,2024-03-22 03:00:00,1349.34,WELCOME10
2317,2317,Debit Card,Success,38555.56,2026-07-09 04:00:00,0.0,WELCOME10
2318,2318,Credit Card,Success,715.1,2025-08-12 05:00:00,178.78,NEWUSER
2319,2319,UPI,Success,4255.48,2025-10-10 04:00:00,223.97,
2320,2320,UPI,Success,27071.47,2026-02-16 04:00:00,3007.94,
2321,2321,Cash on Delivery,Success,2159.58,2025-11-11 00:00:00,239.95,
2322,2322,Debit Card,Refunded,1834.04,2026-07-01 05:00:00,0.0,
2323,2323,Cash on Delivery,Success,2673.37,2025-02-05 02:00:00,297.04,
2324,2324,UPI,Success,4592.97,2026-07-12 00:00:00,0.0,
2325,2325,UPI,Success,1786.2,2024-12-11 00:00:00,446.55,NEWUSER
2326,2326,Cash on Delivery,Not Applicable,642.68,2025-05-15 00:00:00,113.42,
2327,2327,UPI,Success,272.05,2024-11-19 03:00:00,0.0,
2328,2328,Debit Card,Success,5051.53,2025-03-04 01:00:00,561.28,FEST20
2329,2329,UPI,Success,5020.54,2026-02-19 04:00:00,557.84,
2330,2330,UPI,Success,6834.1,2025-11-07 03:00:00,0.0,
2331,2331,UPI,Success,1189.25,2025-09-15 03:00:00,297.31,
2332,2332,UPI,Refunded,22662.84,2026-08-02 04:00:00,0.0,NEWUSER
2333,2333,Cash on Delivery,Success,4448.28,2026-06-21 00:00:00,0.0,NEWUSER
2334,2334,Debit Card,Success,1814.77,2024-10-01 00:00:00,201.64,NEWUSER
2335,2335,EMI,Success,10842.59,2025-01-22 01:00:00,1913.4,SAVE15
2336,2336,UPI,Success,10985.95,2026-05-27 03:00:00,0.0,WELCOME10
2337,2337,UPI,Success,367.68,2026-04-14 05:00:00,91.92,NEWUSER
2338,2338,Net Banking,Success,1082.03,2025-09-12 03:00:00,190.95,
2339,2339,Credit Card,Success,2105.08,2025-11-09 01:00:00,110.79,
2340,2340,Credit Card,Success,309.89,2026-06-19 02:00:00,77.47,
2341,2341,Credit Card,Success,143324.47,2025-12-11 00:00:00,35831.12,
2342,2342,Debit Card,Success,2764.27,2025-10-30 01:00:00,691.07,
2343,2343,Debit Card,Success,803.34,2025-06-25 03:00:00,141.77,
2344,2344,UPI,Refunded,755.31,2025-12-11 01:00:00,188.83,NEWUSER
2345,2345,Credit Card,Success,434.07,2025-10-31 02:00:00,22.85,
2346,2346,Debit Card,Success,9634.46,2024-04-29 00:00:00,1700.2,
2347,2347,UPI,Success,532.89,2025-08-18 00:00:00,59.21,NEWUSER
2348,2348,Credit Card,Success,35089.24,2024-09-13 05:00:00,0.0,FEST20
2349,2349,UPI,Pending,1090.91,2025-12-23 02:00:00,0.0,
2350,2350,UPI,Success,8907.22,2025-08-26 01:00:00,1571.86,FEST20
2351,2351,UPI,Success,14965.9,2026-02-24 05:00:00,0.0,NEWUSER
2352,2352,UPI,Success,131210.06,2025-08-29 03:00:00,23154.72,SAVE15
2353,2353,UPI,Success,68106.99,2025-05-24 04:00:00,7567.44,WELCOME10
2354,2354,Debit Card,Success,333.82,2026-04-04 02:00:00,0.0,
2355,2355,Cash on Delivery,Success,2145.64,2025-12-28 02:00:00,238.41,
2356,2356,Debit Card,Success,748.6,2026-05-11 01:00:00,39.4,
2357,2357,UPI,Success,1197.12,2026-05-31 04:00:00,299.28,WELCOME10
2358,2358,Credit Card,Refunded,908.67,2026-01-06 04:00:00,227.17,
2359,2359,Debit Card,Success,29412.24,2025-12-12 01:00:00,3268.03,
2360,2360,Debit Card,Success,10110.67,2024-12-04 01:00:00,1123.41,SAVE15
2361,2361,Cash on Delivery,Not Applicable,206.88,2025-10-15 03:00:00,0.0,
2362,2362,EMI,Refunded,377.84,2025-08-21 02:00:00,0.0,FEST20
2363,2363,UPI,Success,111169.99,2026-05-18 03:00:00,12352.22,
2364,2364,Credit Card,Success,662.32,2026-03-24 04:00:00,165.58,FEST20
2365,2365,UPI,Success,511.54,2026-07-04 05:00:00,0.0,SAVE15
2366,2366,Debit Card,Success,604.73,2025-10-15 04:00:00,31.83,FEST20
2367,2367,UPI,Success,50237.2,2024-11-03 03:00:00,2644.06,NEWUSER
2368,2368,Debit Card,Success,16473.89,2025-07-13 00:00:00,1830.43,SAVE15
2369,2369,Credit Card,Success,4314.04,2025-07-22 01:00:00,227.06,SAVE15
2370,2370,UPI,Success,6267.14,2025-04-16 02:00:00,696.35,
2371,2371,UPI,Success,1915.71,2025-01-12 02:00:00,0.0,FEST20
2372,2372,UPI,Success,492.7,2026-06-23 05:00:00,54.74,NEWUSER
2373,2373,Cash on Delivery,Success,500.02,2025-11-25 00:00:00,125.01,WELCOME10
2374,2374,Cash on Delivery,Success,303.12,2025-11-13 03:00:00,0.0,
2375,2375,UPI,Success,289146.52,2025-11-09 02:00:00,0.0,FEST20
2376,2376,EMI,Refunded,1580.98,2026-02-25 04:00:00,279.0,NEWUSER
2377,2377,Cash on Delivery,Success,237.21,2025-07-08 01:00:00,0.0,SAVE15
2378,2378,Cash on Delivery,Success,2141.78,2025-11-17 01:00:00,0.0,SAVE15
2379,2379,Credit Card,Success,2706.91,2026-05-19 05:00:00,676.73,
2380,2380,Credit Card,Success,1245.89,2025-01-20 01:00:00,0.0,WELCOME10
2381,2381,Cash on Delivery,Success,766.69,2026-02-27 02:00:00,40.35,
2382,2382,Credit Card,Success,2980.59,2026-06-27 02:00:00,0.0,NEWUSER
2383,2383,EMI,Success,177.72,2025-02-17 01:00:00,44.43,FEST20
2384,2384,UPI,Success,2362.27,2025-12-19 00:00:00,0.0,WELCOME10
2385,2385,Debit Card,Success,3647.13,2025-08-12 02:00:00,643.61,
2386,2386,Cash on Delivery,Success,8196.92,2025-05-19 00:00:00,431.42,SAVE15
2387,2387,Cash on Delivery,Success,40479.99,2024-09-23 02:00:00,2130.53,FEST20
2388,2388,Debit Card,Success,2080.0,2026-03-26 02:00:00,0.0,SAVE15
2389,2389,Debit Card,Success,226996.91,2025-10-03 04:00:00,25221.88,
2390,2390,Net Banking,Success,8584.48,2025-12-24 02:00:00,0.0,WELCOME10
2391,2391,UPI,Success,4230.68,2025-09-24 01:00:00,222.67,WELCOME10
2392,2392,Credit Card,Refunded,713.95,2025-11-15 00:00:00,178.49,
2393,2393,UPI,Success,1472.06,2025-10-25 01:00:00,259.78,SAVE15
2394,2394,UPI,Refunded,695.34,2026-06-25 02:00:00,36.6,WELCOME10
2395,2395,UPI,Success,239.08,2025-07-28 01:00:00,42.19,
2396,2396,Cash on Delivery,Success,151987.94,2026-03-13 00:00:00,0.0,
2397,2397,Credit Card,Success,24972.3,2025-04-08 05:00:00,4406.88,FEST20
2398,2398,Cash on Delivery,Success,1085.94,2025-04-22 03:00:00,0.0,WELCOME10
2399,2399,UPI,Success,2694.57,2025-09-04 03:00:00,299.4,SAVE15
2400,2400,EMI,Success,285.0,2025-04-04 03:00:00,50.29,
2401,2401,UPI,Success,57176.51,2024-10-19 05:00:00,0.0,
2402,2402,Credit Card,Refunded,923.43,2026-02-09 01:00:00,102.6,NEWUSER
2403,2403,UPI,Refunded,2564.52,2025-11-04 03:00:00,134.97,
2404,2404,UPI,Success,82453.43,2026-02-21 05:00:00,0.0,FEST20
2405,2405,Cash on Delivery,Success,442.21,2025-10-05 05:00:00,78.04,NEWUSER
2406,2406,UPI,Success,2120.82,2024-09-07 04:00:00,0.0,WELCOME10
2407,2407,Net Banking,Success,3756.96,2026-04-08 01:00:00,939.24,
2408,2408,Credit Card,Success,131.87,2024-12-26 03:00:00,6.94,SAVE15
2409,2409,UPI,Success,11659.44,2025-05-27 04:00:00,1295.49,NEWUSER
2410,2410,Net Banking,Success,1804.65,2024-11-26 03:00:00,0.0,NEWUSER
2411,2411,Net Banking,Success,1373.32,2026-04-09 04:00:00,152.59,
2412,2412,Debit Card,Success,1484.94,2026-03-02 01:00:00,0.0,SAVE15
2413,2413,Cash on Delivery,Success,4400.5,2024-06-21 04:00:00,0.0,SAVE15
2414,2414,UPI,Success,3246.7,2025-01-26 05:00:00,360.75,
2415,2415,UPI,Success,24286.72,2024-11-21 01:00:00,4285.89,SAVE15
2416,2416,Credit Card,Success,10357.06,2025-12-13 02:00:00,1150.79,FEST20
2417,2417,Debit Card,Success,18500.93,2025-03-13 05:00:00,0.0,
2418,2418,Cash on Delivery,Success,63776.34,2026-02-12 03:00:00,3356.65,SAVE15
2419,2419,Credit Card,Success,7325.53,2025-06-25 01:00:00,385.55,
2420,2420,Credit Card,Success,4322.52,2026-06-08 02:00:00,480.28,
2421,2421,Net Banking,Success,206.16,2025-07-11 05:00:00,36.38,NEWUSER
2422,2422,Credit Card,Success,4063.65,2025-06-04 03:00:00,717.11,
2423,2423,UPI,Success,1061.58,2026-05-02 02:00:00,0.0,WELCOME10
2424,2424,Debit Card,Success,1289.78,2026-03-16 04:00:00,227.61,
2425,2425,Debit Card,Success,2730.38,2024-09-24 03:00:00,682.59,SAVE15
2426,2426,Credit Card,Refunded,7913.54,2025-09-10 04:00:00,1396.51,NEWUSER
2427,2427,Credit Card,Success,2709.12,2025-09-10 02:00:00,0.0,WELCOME10
2428,2428,Credit Card,Success,3667.17,2025-02-20 04:00:00,647.15,FEST20
2429,2429,Credit Card,Refunded,5682.15,2025-10-25 01:00:00,1420.54,
2430,2430,EMI,Refunded,7330.7,2026-05-11 02:00:00,814.52,
2431,2431,Cash on Delivery,Success,3530.8,2025-01-07 02:00:00,185.83,
2432,2432,Cash on Delivery,Success,70553.2,2025-08-31 05:00:00,12450.57,
2433,2433,Cash on Delivery,Success,1950.81,2026-04-25 02:00:00,344.26,
2434,2434,UPI,Success,46613.93,2025-05-30 04:00:00,0.0,FEST20
2435,2435,Debit Card,Refunded,856.06,2025-11-05 02:00:00,45.06,
2436,2436,Cash on Delivery,Success,7635.36,2026-02-26 04:00:00,848.37,NEWUSER
2437,2437,UPI,Success,14555.89,2026-02-15 04:00:00,3638.97,WELCOME10
2438,2438,UPI,Success,2818.27,2026-07-21 05:00:00,0.0,WELCOME10
2439,2439,Credit Card,Success,62237.99,2026-06-05 00:00:00,10983.18,
2440,2440,Debit Card,Success,52101.31,2026-06-03 05:00:00,0.0,FEST20
2441,2441,UPI,Success,4715.89,2024-10-27 02:00:00,832.22,
2442,2442,Cash on Delivery,Success,996.57,2025-06-06 05:00:00,175.87,SAVE15
2443,2443,Cash on Delivery,Success,7584.06,2026-01-06 04:00:00,0.0,
2444,2444,Credit Card,Success,788.04,2026-02-02 05:00:00,139.07,WELCOME10
2445,2445,Cash on Delivery,Success,27566.91,2025-09-30 00:00:00,1450.89,NEWUSER
2446,2446,Cash on Delivery,Success,11030.04,2025-06-04 05:00:00,580.53,SAVE15
2447,2447,UPI,Success,3938.42,2024-06-21 01:00:00,437.6,
2448,2448,Cash on Delivery,Success,1588.43,2026-02-13 00:00:00,0.0,
2449,2449,UPI,Success,124.32,2026-01-23 04:00:00,31.08,
2450,2450,UPI,Success,3943.08,2025-12-30 02:00:00,438.12,
2451,2451,UPI,Success,4247.94,2025-05-03 05:00:00,1061.99,
2452,2452,UPI,Success,1911.68,2026-08-11 00:00:00,337.35,
2453,2453,UPI,Success,4859.1,2025-07-16 04:00:00,0.0,
2454,2454,Credit Card,Success,7553.42,2026-06-28 01:00:00,1888.36,FEST20
2455,2455,Net Banking,Refunded,86.05,2026-02-13 05:00:00,15.18,NEWUSER
2456,2456,UPI,Success,17365.97,2024-04-27 05:00:00,4341.49,
2457,2457,Cash on Delivery,Success,10835.04,2026-04-23 03:00:00,570.27,NEWUSER
2458,2458,UPI,Success,7550.45,2026-04-12 03:00:00,0.0,NEWUSER
2459,2459,Debit Card,Success,11442.45,2024-12-17 00:00:00,602.23,WELCOME10
2460,2460,Credit Card,Success,3718.56,2024-06-04 03:00:00,656.22,
2461,2461,Debit Card,Refunded,3209.34,2024-10-20 03:00:00,566.35,NEWUSER
2462,2462,UPI,Success,25292.4,2024-07-17 05:00:00,1331.18,
2463,2463,UPI,Success,353.1,2025-08-26 03:00:00,18.58,
2464,2464,Credit Card,Success,12261.78,2025-04-25 05:00:00,0.0,WELCOME10
2465,2465,Credit Card,Success,7289.63,2026-04-28 02:00:00,383.66,
2466,2466,Credit Card,Refunded,550.45,2025-02-01 04:00:00,0.0,FEST20
2467,2467,Debit Card,Success,44776.17,2026-02-04 04:00:00,4975.13,
2468,2468,UPI,Success,771.12,2026-08-17 05:00:00,85.68,WELCOME10
2469,2469,UPI,Success,12858.9,2025-12-25 04:00:00,676.78,FEST20
2470,2470,Credit Card,Success,34007.07,2024-12-28 02:00:00,0.0,
2471,2471,Debit Card,Success,13818.41,2024-07-14 01:00:00,3454.6,SAVE15
2472,2472,UPI,Success,872.06,2026-03-19 01:00:00,45.9,
2473,2473,EMI,Success,1498.88,2026-06-17 05:00:00,0.0,SAVE15
2474,2474,UPI,Success,166.85,2025-11-17 01:00:00,0.0,
2475,2475,Debit Card,Refunded,917.1,2024-01-03 00:00:00,229.27,
2476,2476,Net Banking,Success,3446.03,2024-08-29 02:00:00,861.51,FEST20
2477,2477,Debit Card,Success,989.99,2026-08-17 00:00:00,174.7,NEWUSER
2478,2478,Debit Card,Success,9630.28,2025-11-11 05:00:00,0.0,NEWUSER
2479,2479,Cash on Delivery,Success,3513.33,2025-09-04 01:00:00,0.0,FEST20
2480,2480,UPI,Success,2008.0,2026-06-11 00:00:00,0.0,NEWUSER
2481,2481,Net Banking,Success,1442.31,2026-02-03 01:00:00,0.0,
2482,2482,EMI,Success,201.99,2026-07-23 03:00:00,10.63,SAVE15
2483,2483,Credit Card,Success,517.98,2026-01-21 05:00:00,129.49,SAVE15
2484,2484,Cash on Delivery,Success,926.47,2025-09-26 02:00:00,231.62,
2485,2485,Cash on Delivery,Success,1242.14,2026-02-11 04:00:00,219.2,NEWUSER
2486,2486,Cash on Delivery,Success,3210.69,2025-10-23 01:00:00,566.59,WELCOME10
2487,2487,Cash on Delivery,Success,8144.19,2026-01-05 00:00:00,1437.21,NEWUSER
2488,2488,Cash on Delivery,Not Applicable,969.65,2025-07-30 01:00:00,51.03,
2489,2489,Debit Card,Success,2045.13,2025-07-22 00:00:00,360.91,FEST20
2490,2490,Credit Card,Success,958.59,2025-08-08 04:00:00,169.16,
2491,2491,Net Banking,Success,889.53,2026-06-22 05:00:00,156.97,
2492,2492,Debit Card,Success,935.69,2025-01-23 00:00:00,233.92,WELCOME10
2493,2493,EMI,Success,448.11,2025-09-11 05:00:00,0.0,
2494,2494,UPI,Success,2103.03,2026-03-28 04:00:00,110.69,
2495,2495,Cash on Delivery,Success,5184.56,2026-07-05 03:00:00,1296.14,WELCOME10
2496,2496,UPI,Success,5463.18,2024-05-31 02:00:00,607.02,SAVE15
2497,2497,UPI,Success,3503.82,2026-07-28 05:00:00,875.95,
2498,2498,EMI,Success,582.34,2026-08-17 05:00:00,145.58,FEST20
2499,2499,Cash on Delivery,Success,1690.36,2025-09-12 00:00:00,0.0,NEWUSER
2500,2500,Cash on Delivery,Success,34057.83,2026-04-13 05:00:00,3784.2,SAVE15
2501,2501,UPI,Success,3653.57,2025-07-31 00:00:00,644.75,
2502,2502,UPI,Success,22639.01,2025-07-03 02:00:00,0.0,WELCOME10
2503,2503,Debit Card,Success,7488.98,2025-11-16 05:00:00,394.16,SAVE15
2504,2504,Debit Card,Success,20159.1,2026-07-19 00:00:00,0.0,
2505,2505,UPI,Success,6808.92,2024-08-28 01:00:00,756.55,FEST20
2506,2506,Net Banking,Success,763.51,2025-12-03 04:00:00,40.19,NEWUSER
2507,2507,UPI,Success,12216.74,2025-01-30 02:00:00,3054.18,
2508,2508,Cash on Delivery,Success,327.22,2026-03-01 04:00:00,81.81,
2509,2509,EMI,Refunded,3624.1,2025-11-11 01:00:00,190.74,SAVE15
2510,2510,UPI,Success,31996.24,2026-04-04 04:00:00,7999.06,
2511,2511,UPI,Success,921.72,2026-02-13 05:00:00,230.43,
2512,2512,Credit Card,Success,640.26,2025-02-13 01:00:00,160.07,
2513,2513,Debit Card,Success,2579.11,2025-05-26 00:00:00,455.14,
2514,2514,Net Banking,Success,1974.78,2026-05-19 04:00:00,219.42,
2515,2515,Credit Card,Success,7487.0,2025-05-18 01:00:00,0.0,
2516,2516,UPI,Success,12168.36,2026-06-16 03:00:00,640.44,
2517,2517,UPI,Success,4198.66,2026-01-23 04:00:00,466.52,FEST20
2518,2518,Cash on Delivery,Not Applicable,112.02,2026-02-02 02:00:00,28.01,
2519,2519,Cash on Delivery,Success,171972.4,2024-06-12 00:00:00,0.0,
2520,2520,UPI,Success,8543.92,2026-01-05 05:00:00,1507.75,FEST20
2521,2521,Debit Card,Success,66149.44,2025-12-15 04:00:00,3481.55,SAVE15
2522,2522,UPI,Success,13514.29,2026-04-20 03:00:00,711.28,
2523,2523,UPI,Success,7825.27,2026-03-20 01:00:00,1380.93,NEWUSER
2524,2524,UPI,Success,19364.82,2026-03-20 03:00:00,3417.32,WELCOME10
2525,2525,UPI,Success,18861.51,2024-11-11 00:00:00,0.0,NEWUSER
2526,2526,Net Banking,Success,16565.7,2026-03-28 03:00:00,2923.36,
2527,2527,Credit Card,Success,7744.86,2025-07-15 00:00:00,0.0,NEWUSER
2528,2528,Cash on Delivery,Success,272.74,2026-04-19 02:00:00,14.35,SAVE15
2529,2529,UPI,Success,71330.84,2025-12-10 05:00:00,0.0,WELCOME10
2530,2530,UPI,Success,1492.16,2025-12-12 00:00:00,373.04,
2531,2531,Cash on Delivery,Success,43351.98,2026-04-09 00:00:00,2281.68,SAVE15
2532,2532,UPI,Success,875.75,2024-07-09 00:00:00,46.09,WELCOME10
2533,2533,Credit Card,Success,6221.96,2025-07-16 03:00:00,327.47,NEWUSER
2534,2534,Credit Card,Success,5375.8,2026-06-04 00:00:00,597.31,SAVE15
2535,2535,UPI,Success,41997.07,2026-08-02 05:00:00,2210.37,SAVE15
2536,2536,Credit Card,Success,586.98,2025-10-31 03:00:00,65.22,
2537,2537,Credit Card,Success,251.39,2026-01-26 04:00:00,0.0,
2538,2538,UPI,Success,54510.33,2026-03-21 03:00:00,9619.47,
2539,2539,Cash on Delivery,Success,2418.66,2024-04-02 03:00:00,0.0,NEWUSER
2540,2540,Cash on Delivery,Success,1529.2,2025-01-06 01:00:00,80.48,WELCOME10
2541,2541,Credit Card,Success,978.88,2026-01-29 00:00:00,0.0,WELCOME10
2542,2542,UPI,Success,3334.8,2026-02-10 05:00:00,833.7,
2543,2543,Cash on Delivery,Success,919.93,2026-08-14 00:00:00,229.98,SAVE15
2544,2544,Cash on Delivery,Success,3177.72,2025-10-06 04:00:00,353.08,
2545,2545,Cash on Delivery,Success,3629.49,2025-12-27 05:00:00,0.0,SAVE15
2546,2546,Cash on Delivery,Success,1793.72,2025-04-18 00:00:00,0.0,WELCOME10
2547,2547,UPI,Success,1197.21,2025-12-24 04:00:00,63.01,WELCOME10
2548,2548,UPI,Success,4360.05,2026-05-24 00:00:00,769.42,NEWUSER
2549,2549,EMI,Pending,1500.48,2024-06-03 02:00:00,166.72,FEST20
2550,2550,Cash on Delivery,Not Applicable,2172.69,2025-08-07 00:00:00,0.0,WELCOME10
2551,2551,Cash on Delivery,Success,3536.53,2026-04-02 02:00:00,884.13,NEWUSER
2552,2552,Credit Card,Refunded,243078.28,2025-05-26 00:00:00,0.0,FEST20
2553,2553,Debit Card,Success,284.95,2026-03-09 03:00:00,50.28,
2554,2554,UPI,Success,882.16,2024-07-19 00:00:00,0.0,SAVE15
2555,2555,UPI,Success,1121.45,2025-09-05 04:00:00,0.0,WELCOME10
2556,2556,Net Banking,Success,2771.24,2025-07-10 01:00:00,0.0,NEWUSER
2557,2557,Cash on Delivery,Success,2850.88,2025-08-31 02:00:00,0.0,NEWUSER
2558,2558,UPI,Success,3497.1,2025-10-11 03:00:00,617.13,NEWUSER
2559,2559,Credit Card,Success,1328.69,2026-05-01 05:00:00,69.93,NEWUSER
2560,2560,Credit Card,Success,5530.94,2025-02-05 05:00:00,976.05,NEWUSER
2561,2561,UPI,Success,64264.38,2024-08-17 05:00:00,7140.49,WELCOME10
2562,2562,UPI,Success,1917.42,2026-05-01 01:00:00,479.36,WELCOME10
2563,2563,Cash on Delivery,Success,1864.32,2025-07-05 02:00:00,0.0,
2564,2564,UPI,Success,8217.83,2026-02-13 01:00:00,1450.21,SAVE15
2565,2565,UPI,Success,706.74,2025-07-27 02:00:00,176.69,NEWUSER
2566,2566,UPI,Refunded,3723.88,2026-04-09 00:00:00,195.99,
2567,2567,UPI,Success,2742.49,2025-12-28 00:00:00,144.34,
2568,2568,Cash on Delivery,Success,536.8,2025-09-08 02:00:00,0.0,
2569,2569,Debit Card,Success,57847.42,2025-09-10 01:00:00,3044.6,SAVE15
2570,2570,Credit Card,Success,1210.45,2024-07-25 03:00:00,302.61,WELCOME10
2571,2571,EMI,Refunded,29091.19,2025-12-20 02:00:00,7272.8,SAVE15
2572,2572,Cash on Delivery,Success,29248.14,2025-10-05 00:00:00,0.0,
2573,2573,Debit Card,Success,1541.04,2026-04-15 04:00:00,0.0,WELCOME10
2574,2574,Cash on Delivery,Not Applicable,5410.42,2026-01-13 03:00:00,601.16,
2575,2575,UPI,Success,49839.81,2026-05-29 05:00:00,12459.95,NEWUSER
2576,2576,Cash on Delivery,Success,183.72,2026-02-06 04:00:00,0.0,NEWUSER
2577,2577,UPI,Success,6452.96,2025-06-02 04:00:00,0.0,
2578,2578,UPI,Success,228.51,2026-04-11 02:00:00,0.0,NEWUSER
2579,2579,UPI,Success,65893.46,2025-11-17 00:00:00,16473.37,SAVE15
2580,2580,UPI,Success,5456.5,2025-11-06 01:00:00,0.0,
2581,2581,Cash on Delivery,Success,844.04,2025-11-02 02:00:00,0.0,WELCOME10
2582,2582,Debit Card,Success,3271.7,2026-03-10 03:00:00,363.52,
2583,2583,UPI,Success,27742.81,2025-11-24 03:00:00,1460.15,SAVE15
2584,2584,EMI,Success,25231.47,2025-08-09 05:00:00,0.0,SAVE15
2585,2585,UPI,Success,513.5,2025-12-21 02:00:00,128.38,
2586,2586,Net Banking,Success,921.02,2025-08-24 05:00:00,102.34,SAVE15
2587,2587,Debit Card,Success,3423.87,2025-05-04 04:00:00,604.21,FEST20
2588,2588,Credit Card,Success,12309.67,2026-06-10 05:00:00,647.88,SAVE15
2589,2589,UPI,Refunded,1075.97,2026-02-02 00:00:00,189.88,WELCOME10
2590,2590,Credit Card,Success,2768.2,2025-11-02 03:00:00,0.0,NEWUSER
2591,2591,Credit Card,Success,8600.13,2026-02-21 03:00:00,0.0,
2592,2592,UPI,Success,7740.75,2025-11-07 03:00:00,0.0,WELCOME10
2593,2593,UPI,Success,168.44,2024-08-16 03:00:00,8.87,NEWUSER
2594,2594,UPI,Success,1757.57,2026-04-08 02:00:00,0.0,
2595,2595,Debit Card,Refunded,130109.0,2025-12-25 00:00:00,14456.56,FEST20
2596,2596,Cash on Delivery,Success,4242.31,2025-01-08 02:00:00,0.0,FEST20
2597,2597,Debit Card,Success,158.5,2025-08-22 00:00:00,8.34,SAVE15
2598,2598,UPI,Success,2857.91,2025-09-27 00:00:00,150.42,NEWUSER
2599,2599,Cash on Delivery,Success,736.55,2025-11-08 04:00:00,38.77,WELCOME10
2600,2600,Cash on Delivery,Success,437.63,2024-10-23 01:00:00,48.63,WELCOME10
2601,2601,Debit Card,Success,7339.34,2025-04-28 05:00:00,1834.84,FEST20
2602,2602,UPI,Pending,91.09,2026-06-04 04:00:00,10.12,FEST20
2603,2603,Debit Card,Success,52558.8,2026-06-16 05:00:00,0.0,NEWUSER
2604,2604,UPI,Success,1109.47,2024-08-24 05:00:00,195.79,
2605,2605,Net Banking,Success,20967.08,2026-04-16 03:00:00,5241.77,NEWUSER
2606,2606,Credit Card,Success,544.1,2026-02-26 05:00:00,28.64,
2607,2607,Debit Card,Success,7111.53,2026-01-12 00:00:00,1777.88,
2608,2608,Debit Card,Success,2642.46,2025-11-21 04:00:00,466.32,FEST20
2609,2609,UPI,Success,8751.59,2025-08-31 03:00:00,460.61,
2610,2610,Credit Card,Success,5223.13,2026-01-27 01:00:00,580.35,SAVE15
2611,2611,Cash on Delivery,Success,3069.23,2025-09-02 04:00:00,341.03,FEST20
2612,2612,Debit Card,Success,51870.72,2024-08-18 00:00:00,9153.66,
2613,2613,Debit Card,Success,63475.7,2026-04-24 01:00:00,7052.86,
2614,2614,UPI,Success,959.02,2025-03-24 01:00:00,50.47,
2615,2615,UPI,Success,62651.38,2025-09-28 01:00:00,15662.84,
2616,2616,UPI,Success,3197.98,2025-02-05 00:00:00,168.32,
2617,2617,Cash on Delivery,Success,258.69,2026-03-03 05:00:00,13.62,
2618,2618,UPI,Success,6762.53,2026-07-29 01:00:00,751.39,NEWUSER
2619,2619,UPI,Success,19279.37,2026-03-19 05:00:00,0.0,
2620,2620,EMI,Success,989.88,2025-10-24 03:00:00,52.1,NEWUSER
2621,2621,Credit Card,Success,1330.96,2026-05-28 05:00:00,234.88,
2622,2622,Credit Card,Success,1836.33,2025-07-29 01:00:00,0.0,FEST20
2623,2623,UPI,Success,468.21,2026-04-18 01:00:00,24.64,
2624,2624,UPI,Success,533.62,2026-08-17 03:00:00,0.0,
2625,2625,UPI,Refunded,10792.65,2025-06-21 04:00:00,568.03,WELCOME10
2626,2626,Cash on Delivery,Not Applicable,900.37,2026-03-24 03:00:00,47.39,WELCOME10
2627,2627,Credit Card,Success,1556.74,2025-07-23 05:00:00,172.97,WELCOME10
2628,2628,Net Banking,Success,684.38,2025-07-09 00:00:00,76.04,
2629,2629,Credit Card,Success,1325.41,2025-11-11 02:00:00,147.27,
2630,2630,Cash on Delivery,Success,99.02,2025-10-24 05:00:00,5.21,FEST20
2631,2631,UPI,Success,697.5,2025-10-03 00:00:00,174.37,
2632,2632,UPI,Success,6506.34,2025-06-03 03:00:00,1148.18,FEST20
2633,2633,UPI,Success,18392.21,2025-10-05 00:00:00,968.01,FEST20
2634,2634,EMI,Success,7184.31,2026-01-24 01:00:00,1796.08,WELCOME10
2635,2635,Credit Card,Success,984.76,2025-09-21 00:00:00,0.0,WELCOME10
2636,2636,Credit Card,Success,3582.92,2025-09-25 00:00:00,398.1,
2637,2637,Cash on Delivery,Success,26388.2,2026-02-01 00:00:00,0.0,
2638,2638,Net Banking,Success,3904.18,2025-07-05 02:00:00,205.48,
2639,2639,Debit Card,Success,2547.02,2024-10-04 04:00:00,636.75,SAVE15
2640,2640,Credit Card,Success,3346.96,2025-06-26 01:00:00,590.64,
2641,2641,Credit Card,Success,8572.74,2026-06-05 00:00:00,0.0,
2642,2642,UPI,Success,223.12,2026-01-17 00:00:00,55.78,WELCOME10
2643,2643,UPI,Pending,620.08,2025-10-18 05:00:00,0.0,FEST20
2644,2644,UPI,Success,1150.77,2026-02-02 01:00:00,127.86,WELCOME10
2645,2645,UPI,Success,552.04,2026-07-04 01:00:00,0.0,NEWUSER
2646,2646,UPI,Success,5429.36,2026-01-21 02:00:00,285.76,
2647,2647,Debit Card,Success,405.82,2025-11-24 01:00:00,0.0,NEWUSER
2648,2648,Cash on Delivery,Success,2642.2,2025-08-28 01:00:00,0.0,SAVE15
2649,2649,UPI,Success,607.59,2025-05-01 02:00:00,67.51,
2650,2650,Debit Card,Success,1400.56,2025-06-13 00:00:00,247.16,
2651,2651,Credit Card,Success,8754.59,2025-09-16 05:00:00,2188.65,
2652,2652,Cash on Delivery,Success,8032.1,2026-06-12 02:00:00,2008.02,WELCOME10
2653,2653,Debit Card,Success,289.28,2024-02-23 02:00:00,72.32,FEST20
2654,2654,Net Banking,Success,49046.69,2025-08-22 02:00:00,0.0,
2655,2655,Credit Card,Success,22351.63,2026-06-29 04:00:00,3944.41,
2656,2656,Credit Card,Success,30296.95,2025-01-24 05:00:00,1594.58,
2657,2657,UPI,Success,270.84,2025-12-01 00:00:00,0.0,
2658,2658,UPI,Success,1847.2,2025-11-05 02:00:00,461.8,SAVE15
2659,2659,Cash on Delivery,Success,9496.53,2025-07-17 04:00:00,499.82,
2660,2660,Net Banking,Success,4917.52,2025-02-03 01:00:00,258.82,NEWUSER
2661,2661,Credit Card,Success,13143.85,2025-10-15 04:00:00,1460.43,SAVE15
2662,2662,UPI,Success,5454.1,2025-05-20 03:00:00,962.49,FEST20
2663,2663,Credit Card,Success,1963.39,2026-02-10 02:00:00,490.85,
2664,2664,Cash on Delivery,Success,5819.89,2025-09-17 01:00:00,0.0,WELCOME10
2665,2665,Credit Card,Success,8714.94,2025-12-17 00:00:00,0.0,WELCOME10
2666,2666,Net Banking,Success,115855.46,2026-03-24 02:00:00,6097.66,NEWUSER
2667,2667,Credit Card,Success,42603.34,2025-01-08 04:00:00,10650.83,
2668,2668,UPI,Success,4899.51,2025-09-01 02:00:00,0.0,
2669,2669,UPI,Success,1381.9,2026-02-13 01:00:00,243.86,NEWUSER
2670,2670,UPI,Success,1982.42,2025-07-08 05:00:00,495.61,WELCOME10
2671,2671,Credit Card,Success,981.1,2026-02-13 01:00:00,173.13,
2672,2672,UPI,Success,662.74,2026-02-14 05:00:00,0.0,NEWUSER
2673,2673,UPI,Success,2687.8,2026-04-05 05:00:00,141.46,WELCOME10
2674,2674,UPI,Success,3150.76,2026-02-12 03:00:00,350.08,FEST20
2675,2675,Cash on Delivery,Success,212.2,2026-07-20 04:00:00,0.0,NEWUSER
2676,2676,Net Banking,Success,72497.23,2025-05-19 04:00:00,0.0,SAVE15
2677,2677,UPI,Success,1993.9,2026-08-17 05:00:00,104.94,WELCOME10
2678,2678,Net Banking,Success,13931.79,2026-01-17 03:00:00,733.25,WELCOME10
2679,2679,Cash on Delivery,Success,6597.98,2026-02-02 02:00:00,0.0,
2680,2680,Credit Card,Success,1969.14,2026-03-22 02:00:00,218.79,NEWUSER
2681,2681,UPI,Success,1169.05,2026-05-15 01:00:00,61.53,
2682,2682,UPI,Success,1093.03,2026-04-09 03:00:00,192.89,WELCOME10
2683,2683,Credit Card,Success,1616.91,2025-11-12 03:00:00,0.0,
2684,2684,Cash on Delivery,Success,6210.09,2026-01-30 05:00:00,690.01,SAVE15
2685,2685,Debit Card,Success,1876.39,2026-01-27 01:00:00,469.1,SAVE15
2686,2686,UPI,Success,1635.28,2024-07-14 05:00:00,181.7,
2687,2687,UPI,Success,675.67,2026-01-19 00:00:00,168.92,WELCOME10
2688,2688,Net Banking,Success,5464.66,2025-08-17 03:00:00,0.0,
2689,2689,Credit Card,Success,1692.7,2025-12-17 01:00:00,423.18,
2690,2690,UPI,Success,610.25,2026-07-18 03:00:00,0.0,
2691,2691,UPI,Success,104972.84,2024-10-21 02:00:00,0.0,
2692,2692,UPI,Success,343.51,2025-12-11 01:00:00,0.0,FEST20
2693,2693,Credit Card,Success,3743.0,2025-06-02 05:00:00,0.0,
2694,2694,Net Banking,Success,264.86,2026-04-10 03:00:00,0.0,
2695,2695,Credit Card,Success,2155.15,2025-12-14 03:00:00,113.43,
2696,2696,Debit Card,Success,17568.32,2025-04-04 01:00:00,0.0,SAVE15
2697,2697,Cash on Delivery,Success,2909.26,2025-06-29 01:00:00,153.12,FEST20
2698,2698,UPI,Success,48896.97,2025-04-12 03:00:00,5433.0,
2699,2699,Net Banking,Success,20600.6,2025-09-17 05:00:00,0.0,
2700,2700,Credit Card,Success,1938.33,2025-09-13 05:00:00,215.37,NEWUSER
2701,2701,UPI,Success,5385.17,2024-01-17 04:00:00,283.43,NEWUSER
2702,2702,Cash on Delivery,Success,972.15,2026-02-15 05:00:00,171.56,
2703,2703,Credit Card,Success,807.55,2025-05-11 01:00:00,201.89,
2704,2704,Cash on Delivery,Success,1496.21,2025-07-30 00:00:00,166.25,
2705,2705,Net Banking,Success,396.72,2026-06-25 02:00:00,0.0,SAVE15
2706,2706,UPI,Success,2005.29,2025-11-18 03:00:00,0.0,
2707,2707,UPI,Success,2907.01,2026-01-17 04:00:00,0.0,
2708,2708,Credit Card,Success,19103.64,2026-05-18 02:00:00,0.0,NEWUSER
2709,2709,Net Banking,Success,1452.38,2026-07-02 02:00:00,363.1,SAVE15
2710,2710,Credit Card,Success,9009.79,2025-10-06 04:00:00,1589.96,WELCOME10
2711,2711,UPI,Success,45359.69,2024-02-29 05:00:00,2387.35,
2712,2712,Credit Card,Success,7432.92,2025-06-19 00:00:00,0.0,SAVE15
2713,2713,Cash on Delivery,Success,13833.17,2025-08-22 01:00:00,2441.15,
2714,2714,Debit Card,Success,856.78,2025-12-08 01:00:00,214.2,FEST20
2715,2715,Debit Card,Success,56249.07,2026-01-12 02:00:00,0.0,
2716,2716,UPI,Success,1147.04,2026-04-16 01:00:00,0.0,
2717,2717,Cash on Delivery,Success,88265.58,2025-08-24 04:00:00,4645.56,SAVE15
2718,2718,Credit Card,Success,1233.72,2025-11-23 00:00:00,137.08,
2719,2719,Cash on Delivery,Success,23860.5,2025-09-19 05:00:00,1255.82,NEWUSER
2720,2720,UPI,Success,2257.28,2024-03-04 04:00:00,118.8,WELCOME10
2721,2721,Debit Card,Success,17693.76,2026-06-17 00:00:00,0.0,
2722,2722,Credit Card,Success,7958.42,2025-06-11 01:00:00,0.0,FEST20
2723,2723,UPI,Success,3809.88,2026-02-17 02:00:00,0.0,SAVE15
2724,2724,Cash on Delivery,Success,3341.9,2026-08-05 04:00:00,0.0,FEST20
2725,2725,Debit Card,Success,2153.37,2026-07-28 04:00:00,538.34,
2726,2726,Cash on Delivery,Success,4919.29,2026-08-08 05:00:00,546.59,SAVE15
2727,2727,UPI,Success,413.5,2025-11-17 01:00:00,0.0,
2728,2728,UPI,Success,2214.43,2026-01-26 05:00:00,246.05,SAVE15
2729,2729,Credit Card,Success,3514.16,2026-04-14 01:00:00,184.96,
2730,2730,Credit Card,Success,4575.35,2025-12-02 02:00:00,0.0,NEWUSER
2731,2731,UPI,Success,2741.13,2025-03-14 04:00:00,144.27,FEST20
2732,2732,Debit Card,Success,35844.43,2025-08-27 04:00:00,6325.49,
2733,2733,Cash on Delivery,Success,748.98,2025-09-14 02:00:00,187.24,SAVE15
2734,2734,UPI,Refunded,2505.82,2025-01-04 00:00:00,278.42,SAVE15
2735,2735,UPI,Success,87249.69,2025-09-09 01:00:00,0.0,
2736,2736,UPI,Success,3343.11,2026-04-30 05:00:00,589.96,NEWUSER
2737,2737,Cash on Delivery,Success,22612.89,2025-03-19 02:00:00,0.0,SAVE15
2738,2738,Cash on Delivery,Success,2187.4,2026-05-13 03:00:00,0.0,WELCOME10
2739,2739,EMI,Success,4041.4,2025-06-18 05:00:00,212.71,SAVE15
2740,2740,UPI,Success,1672.45,2026-03-18 01:00:00,295.14,
2741,2741,UPI,Refunded,2756.41,2025-01-22 02:00:00,0.0,
2742,2742,UPI,Success,6600.07,2025-04-05 05:00:00,347.37,NEWUSER
2743,2743,Credit Card,Success,20084.5,2025-07-01 02:00:00,3544.32,WELCOME10
2744,2744,Credit Card,Success,2007.06,2023-12-11 04:00:00,105.63,
2745,2745,Debit Card,Success,31120.9,2026-01-10 04:00:00,5491.92,WELCOME10
2746,2746,Debit Card,Success,4634.16,2024-09-26 03:00:00,817.79,
2747,2747,UPI,Success,5140.03,2024-12-12 05:00:00,907.07,NEWUSER
2748,2748,UPI,Success,30792.24,2026-05-05 03:00:00,0.0,
2749,2749,UPI,Refunded,2403.59,2025-04-18 01:00:00,267.07,
2750,2750,UPI,Success,59847.08,2025-02-09 01:00:00,3149.85,
2751,2751,EMI,Success,9932.9,2025-01-09 01:00:00,2483.23,
2752,2752,Credit Card,Success,3488.11,2026-04-05 01:00:00,387.57,
2753,2753,Debit Card,Success,1333.57,2026-01-30 04:00:00,333.39,FEST20
2754,2754,Cash on Delivery,Success,24544.5,2025-03-19 05:00:00,1291.82,SAVE15
2755,2755,EMI,Success,1961.5,2026-06-17 05:00:00,0.0,
2756,2756,Credit Card,Success,10277.5,2026-03-18 01:00:00,0.0,WELCOME10
2757,2757,Cash on Delivery,Success,4810.94,2026-05-04 04:00:00,253.21,
2758,2758,Debit Card,Success,5784.75,2025-07-26 05:00:00,0.0,WELCOME10
2759,2759,Cash on Delivery,Success,2901.71,2025-11-24 02:00:00,512.07,
2760,2760,UPI,Success,636.66,2026-04-05 02:00:00,0.0,
2761,2761,Credit Card,Success,8624.31,2026-02-08 04:00:00,0.0,WELCOME10
2762,2762,EMI,Success,2366.94,2026-06-11 04:00:00,124.58,
2763,2763,EMI,Success,328.28,2026-06-16 00:00:00,57.93,FEST20
2764,2764,Net Banking,Refunded,5360.39,2025-10-05 00:00:00,0.0,FEST20
2765,2765,Credit Card,Success,7823.2,2025-06-30 05:00:00,1955.8,SAVE15
2766,2766,Cash on Delivery,Success,9712.47,2025-09-15 02:00:00,0.0,
2767,2767,Debit Card,Success,546.69,2026-03-02 05:00:00,136.67,
2768,2768,Debit Card,Success,57012.06,2026-06-03 02:00:00,10060.95,NEWUSER
2769,2769,Credit Card,Success,158.35,2025-03-23 03:00:00,39.59,
2770,2770,Cash on Delivery,Success,992.21,2025-10-30 04:00:00,0.0,
2771,2771,Credit Card,Success,303.28,2026-03-11 03:00:00,0.0,
2772,2772,Debit Card,Success,21519.28,2025-01-17 03:00:00,0.0,SAVE15
2773,2773,Credit Card,Success,2504.06,2026-01-12 00:00:00,0.0,SAVE15
2774,2774,UPI,Success,1202.28,2024-09-01 03:00:00,300.57,WELCOME10
2775,2775,Cash on Delivery,Success,5755.38,2025-04-12 02:00:00,0.0,SAVE15
2776,2776,Cash on Delivery,Success,3270.22,2025-05-01 04:00:00,817.56,SAVE15
2777,2777,Credit Card,Success,5590.2,2025-04-17 05:00:00,1397.55,
2778,2778,Cash on Delivery,Success,38320.53,2025-02-13 00:00:00,9580.13,NEWUSER
2779,2779,EMI,Success,47650.82,2025-10-10 01:00:00,5294.53,FEST20
2780,2780,Debit Card,Success,408.62,2026-04-06 00:00:00,0.0,
2781,2781,EMI,Success,74882.27,2025-12-02 05:00:00,8320.25,SAVE15
2782,2782,Credit Card,Success,975.78,2026-03-02 05:00:00,243.94,
2783,2783,Debit Card,Refunded,4274.52,2026-07-27 02:00:00,0.0,WELCOME10
2784,2784,UPI,Success,3875.94,2026-05-27 00:00:00,0.0,SAVE15
2785,2785,Debit Card,Refunded,6951.92,2025-06-05 04:00:00,0.0,WELCOME10
2786,2786,UPI,Success,136046.76,2025-05-10 02:00:00,24008.25,SAVE15
2787,2787,Credit Card,Success,1214.09,2025-06-19 05:00:00,214.25,
2788,2788,Debit Card,Success,31739.78,2025-10-06 04:00:00,7934.95,
2789,2789,UPI,Success,1196.78,2024-02-15 01:00:00,299.2,FEST20
2790,2790,UPI,Success,947.74,2026-02-17 01:00:00,236.94,
2791,2791,Credit Card,Success,3824.06,2026-05-16 01:00:00,0.0,
2792,2792,UPI,Success,28324.02,2025-09-08 01:00:00,0.0,
2793,2793,Credit Card,Refunded,567.77,2025-02-12 05:00:00,0.0,
2794,2794,UPI,Success,4926.58,2026-04-24 05:00:00,869.4,
2795,2795,Debit Card,Success,1561.37,2025-12-27 05:00:00,390.34,
2796,2796,UPI,Success,2940.14,2025-10-13 02:00:00,735.04,NEWUSER
2797,2797,Credit Card,Success,80413.89,2025-12-03 01:00:00,14190.69,NEWUSER
2798,2798,Credit Card,Success,1084.5,2025-06-14 03:00:00,271.12,NEWUSER
2799,2799,EMI,Success,2908.72,2025-11-10 04:00:00,513.3,
2800,2800,Debit Card,Success,113.22,2025-11-03 04:00:00,0.0,FEST20
2801,2801,Cash on Delivery,Not Applicable,3881.44,2025-11-23 05:00:00,431.27,SAVE15
2802,2802,UPI,Success,1321.34,2026-02-10 03:00:00,330.34,
2803,2803,UPI,Success,120836.92,2026-02-24 03:00:00,13426.32,
2804,2804,Credit Card,Success,759.37,2025-10-19 00:00:00,0.0,SAVE15
2805,2805,UPI,Success,1680.25,2025-03-23 04:00:00,0.0,
2806,2806,Cash on Delivery,Success,400.13,2026-01-21 05:00:00,70.61,FEST20
2807,2807,UPI,Success,410.63,2025-06-18 03:00:00,0.0,NEWUSER
2808,2808,Cash on Delivery,Success,775.3,2024-10-10 01:00:00,193.82,
2809,2809,Credit Card,Success,11854.24,2026-07-01 00:00:00,623.91,
2810,2810,Credit Card,Success,159848.5,2026-07-31 01:00:00,0.0,
2811,2811,UPI,Success,3092.89,2026-03-23 04:00:00,0.0,NEWUSER
2812,2812,Cash on Delivery,Success,20063.43,2024-03-23 05:00:00,5015.86,FEST20
2813,2813,Debit Card,Success,4819.06,2025-01-26 01:00:00,0.0,SAVE15
2814,2814,Net Banking,Success,9790.99,2025-12-23 04:00:00,515.31,FEST20
2815,2815,Net Banking,Success,1917.69,2026-03-28 04:00:00,479.42,
2816,2816,Net Banking,Success,4027.23,2024-11-06 02:00:00,1006.81,
2817,2817,UPI,Success,1798.93,2025-02-16 03:00:00,199.88,
2818,2818,EMI,Success,75455.99,2026-01-02 00:00:00,3971.37,
2819,2819,Cash on Delivery,Success,1275.51,2026-01-25 02:00:00,67.13,FEST20
2820,2820,EMI,Success,117292.68,2026-01-18 01:00:00,0.0,SAVE15
2821,2821,UPI,Success,36000.4,2025-05-01 05:00:00,6353.01,NEWUSER
2822,2822,Cash on Delivery,Success,1161.18,2025-07-21 00:00:00,290.29,
2823,2823,UPI,Success,15870.2,2025-01-10 01:00:00,0.0,NEWUSER
2824,2824,Debit Card,Refunded,2942.94,2024-07-23 02:00:00,735.74,
2825,2825,UPI,Success,163.86,2025-11-11 05:00:00,28.92,
2826,2826,Debit Card,Success,101341.17,2024-09-01 02:00:00,11260.13,
2827,2827,Debit Card,Success,1336.15,2026-04-30 05:00:00,235.79,NEWUSER
2828,2828,Credit Card,Success,2065.96,2026-07-25 00:00:00,364.58,WELCOME10
2829,2829,Net Banking,Success,3179.75,2025-12-29 02:00:00,353.31,
2830,2830,UPI,Success,6933.01,2025-05-14 01:00:00,770.33,FEST20
2831,2831,Credit Card,Success,2319.62,2026-01-16 01:00:00,0.0,WELCOME10
2832,2832,Cash on Delivery,Not Applicable,5183.53,2025-12-25 03:00:00,914.74,SAVE15
2833,2833,Cash on Delivery,Success,755.86,2025-07-15 01:00:00,83.99,NEWUSER
2834,2834,Cash on Delivery,Success,2378.3,2025-12-01 02:00:00,419.7,FEST20
2835,2835,UPI,Success,2359.73,2025-12-17 02:00:00,262.19,
2836,2836,UPI,Success,540.27,2026-05-15 02:00:00,95.34,FEST20
2837,2837,Net Banking,Success,1750.65,2025-02-18 00:00:00,308.94,
2838,2838,Credit Card,Success,1907.82,2025-05-14 03:00:00,0.0,
2839,2839,Debit Card,Success,708.01,2026-03-01 03:00:00,177.0,
2840,2840,UPI,Success,6502.41,2025-08-07 04:00:00,0.0,FEST20
2841,2841,UPI,Success,3323.97,2026-05-25 00:00:00,0.0,
2842,2842,Cash on Delivery,Success,1862.0,2026-06-19 05:00:00,0.0,FEST20
2843,2843,Credit Card,Success,3428.14,2025-09-22 00:00:00,380.91,SAVE15
2844,2844,Net Banking,Success,2567.01,2026-06-27 05:00:00,0.0,
2845,2845,Cash on Delivery,Success,1415.94,2026-05-10 01:00:00,353.98,
2846,2846,Debit Card,Success,1289.44,2025-02-15 00:00:00,67.86,FEST20
2847,2847,EMI,Success,43787.2,2026-05-29 00:00:00,4865.24,FEST20
2848,2848,EMI,Success,76439.02,2025-05-17 01:00:00,0.0,NEWUSER
2849,2849,Credit Card,Success,9778.54,2026-08-17 01:00:00,1086.5,FEST20
2850,2850,Debit Card,Success,86884.71,2025-06-23 04:00:00,0.0,FEST20
2851,2851,Net Banking,Success,6132.02,2024-08-07 01:00:00,1082.12,
2852,2852,Debit Card,Success,2752.71,2025-04-10 00:00:00,144.88,NEWUSER
2853,2853,UPI,Success,35453.74,2026-03-30 04:00:00,3939.3,NEWUSER
2854,2854,UPI,Pending,371.79,2026-03-07 00:00:00,92.95,SAVE15
2855,2855,UPI,Success,11787.52,2026-02-22 00:00:00,620.4,FEST20
2856,2856,Cash on Delivery,Success,391.89,2026-05-06 05:00:00,0.0,
2857,2857,Net Banking,Success,17418.5,2025-08-16 01:00:00,0.0,NEWUSER
2858,2858,UPI,Success,114438.98,2025-12-03 00:00:00,28609.74,WELCOME10
2859,2859,UPI,Success,36290.02,2026-04-13 02:00:00,9072.5,
2860,2860,UPI,Pending,797.16,2026-02-03 05:00:00,41.96,
2861,2861,UPI,Success,3866.45,2025-06-03 04:00:00,203.5,SAVE15
2862,2862,Cash on Delivery,Success,57871.16,2026-04-30 00:00:00,10212.56,
2863,2863,Debit Card,Success,4772.38,2024-04-12 00:00:00,0.0,
2864,2864,Cash on Delivery,Success,552.17,2025-08-11 00:00:00,0.0,SAVE15
2865,2865,Net Banking,Success,26760.15,2026-02-17 03:00:00,0.0,
2866,2866,UPI,Success,12339.25,2026-06-23 05:00:00,649.43,
2867,2867,Credit Card,Success,369.09,2026-04-12 02:00:00,19.43,NEWUSER
2868,2868,UPI,Success,5174.32,2025-12-09 01:00:00,272.33,FEST20
2869,2869,Net Banking,Success,19544.24,2026-03-01 02:00:00,2171.58,
2870,2870,Cash on Delivery,Success,2896.27,2026-04-30 00:00:00,724.07,
2871,2871,Cash on Delivery,Success,3850.88,2026-01-23 02:00:00,962.72,SAVE15
2872,2872,Debit Card,Success,262.97,2025-09-07 03:00:00,46.41,NEWUSER
2873,2873,UPI,Success,4050.94,2025-12-23 01:00:00,213.21,WELCOME10
2874,2874,UPI,Success,55891.93,2026-05-21 00:00:00,2941.68,WELCOME10
2875,2875,UPI,Success,896.93,2026-03-24 01:00:00,224.23,
2876,2876,Cash on Delivery,Success,3601.31,2026-06-26 02:00:00,0.0,
2877,2877,Debit Card,Success,30506.0,2024-10-28 03:00:00,7626.5,
2878,2878,EMI,Success,1279.54,2026-06-10 02:00:00,225.8,
2879,2879,Credit Card,Success,35181.58,2025-06-08 03:00:00,1851.66,NEWUSER
2880,2880,UPI,Success,5338.86,2026-01-28 00:00:00,1334.72,
2881,2881,Debit Card,Success,10586.17,2025-12-02 04:00:00,0.0,
2882,2882,UPI,Success,5780.96,2024-10-24 03:00:00,0.0,
2883,2883,UPI,Success,288.14,2025-08-31 01:00:00,72.03,
2884,2884,UPI,Success,8024.72,2026-03-18 00:00:00,891.64,FEST20
2885,2885,Net Banking,Success,166.21,2025-08-19 00:00:00,0.0,
2886,2886,UPI,Success,19254.15,2025-12-10 00:00:00,3397.79,WELCOME10
2887,2887,Cash on Delivery,Not Applicable,2227.3,2026-06-17 01:00:00,247.48,NEWUSER
2888,2888,Debit Card,Success,258.55,2026-07-01 05:00:00,13.61,FEST20
2889,2889,UPI,Success,303.15,2025-02-03 04:00:00,75.79,SAVE15
2890,2890,Cash on Delivery,Success,92327.04,2026-07-05 05:00:00,0.0,WELCOME10
2891,2891,UPI,Success,3221.79,2025-11-19 05:00:00,0.0,
2892,2892,Credit Card,Success,1254.39,2025-01-20 01:00:00,139.38,SAVE15
2893,2893,UPI,Success,4557.75,2025-12-16 05:00:00,0.0,FEST20
2894,2894,Cash on Delivery,Success,262.95,2026-01-22 02:00:00,46.4,WELCOME10
2895,2895,Credit Card,Success,8011.58,2025-01-19 04:00:00,0.0,FEST20
2896,2896,UPI,Success,181.16,2026-01-27 03:00:00,31.97,FEST20
2897,2897,Credit Card,Success,2571.86,2026-07-06 04:00:00,135.36,SAVE15
2898,2898,Cash on Delivery,Success,12390.47,2026-02-09 02:00:00,0.0,SAVE15
2899,2899,UPI,Success,1056.62,2026-05-04 03:00:00,117.4,NEWUSER
2900,2900,UPI,Success,2057.05,2025-07-14 03:00:00,0.0,
2901,2901,UPI,Success,2905.08,2026-04-04 04:00:00,0.0,
2902,2902,UPI,Pending,41858.0,2025-03-28 01:00:00,10464.5,WELCOME10
2903,2903,UPI,Success,2685.37,2025-09-10 00:00:00,473.89,
2904,2904,Cash on Delivery,Success,19538.52,2025-10-28 02:00:00,3447.97,NEWUSER
2905,2905,UPI,Success,353.77,2026-05-24 02:00:00,39.31,NEWUSER
2906,2906,UPI,Refunded,111.46,2025-07-09 04:00:00,27.86,FEST20
2907,2907,UPI,Success,328.29,2025-07-25 01:00:00,17.28,
2908,2908,UPI,Success,764.61,2026-04-30 02:00:00,0.0,
2909,2909,Credit Card,Success,3120.96,2025-08-12 01:00:00,0.0,
2910,2910,Net Banking,Success,4899.22,2025-12-16 04:00:00,0.0,
2911,2911,Credit Card,Success,1521.97,2026-03-13 00:00:00,0.0,
2912,2912,UPI,Refunded,5978.29,2026-04-10 05:00:00,314.65,SAVE15
2913,2913,Cash on Delivery,Not Applicable,852.04,2026-02-03 02:00:00,44.84,
2914,2914,Credit Card,Success,47210.11,2025-09-15 05:00:00,11802.53,FEST20
2915,2915,UPI,Success,1789.67,2026-05-08 00:00:00,315.82,SAVE15
2916,2916,Debit Card,Success,1007.78,2025-12-23 00:00:00,251.95,
2917,2917,UPI,Success,4112.29,2025-10-14 04:00:00,0.0,
2918,2918,Credit Card,Success,116793.2,2026-08-01 00:00:00,0.0,
2919,2919,Credit Card,Success,6426.03,2025-12-02 02:00:00,0.0,WELCOME10
2920,2920,UPI,Success,23479.64,2026-01-07 03:00:00,0.0,NEWUSER
2921,2921,Cash on Delivery,Success,8600.71,2026-02-23 02:00:00,452.67,
2922,2922,Credit Card,Success,238.61,2025-09-21 05:00:00,59.65,SAVE15
2923,2923,Credit Card,Success,3108.26,2025-03-13 04:00:00,0.0,SAVE15
2924,2924,Debit Card,Success,91075.68,2026-07-03 03:00:00,22768.92,NEWUSER
2925,2925,UPI,Success,9922.95,2025-02-08 03:00:00,0.0,SAVE15
2926,2926,Credit Card,Success,3494.58,2025-11-21 00:00:00,873.64,FEST20
2927,2927,Credit Card,Success,76632.73,2024-06-05 00:00:00,0.0,
2928,2928,Debit Card,Success,87040.95,2025-10-08 00:00:00,0.0,
2929,2929,Cash on Delivery,Success,5742.42,2025-02-14 05:00:00,302.23,FEST20
2930,2930,Credit Card,Success,970.29,2025-07-24 00:00:00,171.23,SAVE15
2931,2931,UPI,Success,1332.99,2025-05-06 04:00:00,148.11,SAVE15
2932,2932,Cash on Delivery,Success,274.7,2025-01-06 04:00:00,14.46,WELCOME10
2933,2933,UPI,Success,2572.02,2026-01-04 04:00:00,643.0,
2934,2934,Credit Card,Success,4338.42,2024-12-18 00:00:00,482.05,FEST20
2935,2935,UPI,Success,26246.47,2026-06-04 00:00:00,6561.62,
2936,2936,UPI,Success,6224.77,2025-04-12 00:00:00,0.0,WELCOME10
2937,2937,Net Banking,Success,1193.57,2025-05-07 02:00:00,0.0,SAVE15
2938,2938,UPI,Success,5159.05,2026-04-05 03:00:00,573.23,
2939,2939,UPI,Success,8971.76,2026-03-10 01:00:00,0.0,FEST20
2940,2940,UPI,Success,5507.89,2026-05-10 01:00:00,611.99,WELCOME10
2941,2941,UPI,Success,147281.93,2026-04-14 04:00:00,25990.93,
2942,2942,UPI,Success,206.58,2025-10-07 04:00:00,36.46,FEST20
2943,2943,Cash on Delivery,Success,2610.9,2025-07-17 02:00:00,0.0,FEST20
2944,2944,Cash on Delivery,Success,1478.09,2025-05-10 05:00:00,77.79,
2945,2945,Credit Card,Success,71156.96,2024-09-30 00:00:00,0.0,NEWUSER
2946,2946,UPI,Success,71829.74,2025-01-30 03:00:00,0.0,NEWUSER
2947,2947,Net Banking,Success,636.75,2024-09-11 00:00:00,112.37,NEWUSER
2948,2948,Cash on Delivery,Success,907.04,2026-02-06 02:00:00,100.78,NEWUSER
2949,2949,EMI,Success,4015.39,2026-03-13 05:00:00,708.6,SAVE15
2950,2950,Debit Card,Success,69896.45,2026-04-15 05:00:00,7766.27,
2951,2951,UPI,Refunded,11288.72,2026-08-07 02:00:00,2822.18,SAVE15
2952,2952,UPI,Success,2086.51,2026-08-17 00:00:00,0.0,NEWUSER
2953,2953,Net Banking,Success,7166.66,2025-10-06 00:00:00,1264.7,
2954,2954,UPI,Success,1102.28,2025-11-28 04:00:00,0.0,SAVE15
2955,2955,UPI,Success,657.56,2025-01-29 03:00:00,0.0,
2956,2956,UPI,Success,1215.13,2026-04-21 01:00:00,135.01,
2957,2957,UPI,Refunded,979.87,2025-12-29 03:00:00,108.88,
2958,2958,UPI,Success,3446.03,2025-09-02 01:00:00,181.37,
2959,2959,UPI,Success,979.16,2025-04-21 01:00:00,0.0,WELCOME10
2960,2960,UPI,Success,15993.09,2025-10-19 01:00:00,2822.31,SAVE15
2961,2961,UPI,Success,7895.94,2025-12-27 03:00:00,0.0,NEWUSER
2962,2962,Debit Card,Success,7784.36,2026-05-31 05:00:00,409.7,
2963,2963,Cash on Delivery,Success,521.9,2025-01-06 05:00:00,92.1,NEWUSER
2964,2964,Debit Card,Success,454.46,2024-08-24 05:00:00,50.5,
2965,2965,UPI,Success,5184.98,2024-06-15 02:00:00,0.0,SAVE15
2966,2966,Credit Card,Success,843.85,2025-02-19 00:00:00,0.0,
2967,2967,Debit Card,Success,150762.69,2025-02-03 04:00:00,16751.41,
2968,2968,EMI,Success,9171.9,2025-12-22 04:00:00,0.0,NEWUSER
2969,2969,Cash on Delivery,Success,3194.88,2026-04-15 05:00:00,168.15,NEWUSER
2970,2970,UPI,Success,222531.39,2026-02-20 00:00:00,39270.24,WELCOME10
2971,2971,Credit Card,Success,1673.74,2024-10-28 00:00:00,295.37,
2972,2972,Credit Card,Success,464.05,2026-06-05 03:00:00,116.01,
2973,2973,UPI,Success,1565.2,2026-05-01 02:00:00,82.38,SAVE15
2974,2974,Debit Card,Success,65653.25,2026-03-05 04:00:00,7294.81,WELCOME10
2975,2975,Cash on Delivery,Success,280725.42,2026-02-02 03:00:00,49539.78,WELCOME10
2976,2976,Debit Card,Success,2069.91,2025-03-19 02:00:00,0.0,WELCOME10
2977,2977,Credit Card,Success,2754.63,2026-08-17 03:00:00,306.07,NEWUSER
2978,2978,Debit Card,Success,264494.76,2024-06-17 05:00:00,0.0,
2979,2979,UPI,Success,474.66,2026-02-16 04:00:00,118.67,
2980,2980,UPI,Success,743.03,2024-10-10 01:00:00,39.11,
2981,2981,EMI,Refunded,21623.08,2026-01-04 00:00:00,3815.84,
2982,2982,UPI,Success,507.09,2026-04-21 01:00:00,89.49,SAVE15
2983,2983,Debit Card,Success,600.29,2025-08-06 01:00:00,150.07,
2984,2984,UPI,Success,1801.33,2026-03-24 02:00:00,200.15,NEWUSER
2985,2985,Cash on Delivery,Success,799.84,2024-12-06 02:00:00,199.96,WELCOME10
2986,2986,UPI,Success,3824.5,2025-08-23 00:00:00,674.91,SAVE15
2987,2987,Credit Card,Success,557.02,2025-04-14 01:00:00,139.26,WELCOME10
2988,2988,UPI,Success,1201.64,2026-02-27 05:00:00,212.06,
2989,2989,Credit Card,Success,2486.31,2025-02-23 04:00:00,621.58,FEST20
2990,2990,Cash on Delivery,Success,4599.85,2026-03-09 02:00:00,0.0,SAVE15
2991,2991,Debit Card,Success,1301.34,2026-04-30 03:00:00,325.34,FEST20
2992,2992,Cash on Delivery,Success,1416.44,2026-08-02 02:00:00,354.11,WELCOME10
2993,2993,UPI,Refunded,893.5,2026-03-28 02:00:00,157.68,
2994,2994,UPI,Success,5319.12,2025-06-19 05:00:00,938.67,
2995,2995,UPI,Success,2329.5,2026-08-17 04:00:00,0.0,NEWUSER
2996,2996,Cash on Delivery,Success,2392.32,2026-02-25 01:00:00,0.0,SAVE15
2997,2997,Net Banking,Success,60588.33,2025-07-29 04:00:00,6732.04,
2998,2998,Debit Card,Success,2611.7,2025-11-16 01:00:00,0.0,NEWUSER
2999,2999,Credit Card,Success,984.11,2025-09-12 02:00:00,0.0,
3000,3000,Credit Card,Success,6268.26,2026-04-13 03:00:00,1106.16,WELCOME10
3001,3001,UPI,Success,5598.16,2026-02-08 04:00:00,987.91,NEWUSER
3002,3002,Debit Card,Success,109225.76,2025-10-07 01:00:00,12136.2,
3003,3003,Credit Card,Success,13777.74,2025-11-03 05:00:00,0.0,SAVE15
3004,3004,Credit Card,Success,536.56,2025-04-30 04:00:00,59.62,SAVE15
3005,3005,UPI,Success,3382.08,2025-01-15 05:00:00,596.84,FEST20
3006,3006,UPI,Success,1776.59,2025-06-25 02:00:00,0.0,
3007,3007,UPI,Success,229608.56,2026-02-24 04:00:00,0.0,
3008,3008,Credit Card,Success,2425.08,2025-06-13 01:00:00,427.95,SAVE15
3009,3009,UPI,Success,2041.36,2026-02-28 02:00:00,0.0,NEWUSER
3010,3010,UPI,Success,4119.55,2025-08-06 03:00:00,1029.89,
3011,3011,Credit Card,Success,1193.38,2026-06-13 05:00:00,0.0,WELCOME10
3012,3012,Credit Card,Success,4049.59,2025-11-06 00:00:00,213.14,WELCOME10
3013,3013,UPI,Success,5870.53,2026-02-05 04:00:00,1467.63,
3014,3014,Cash on Delivery,Success,6019.53,2026-06-29 04:00:00,316.82,
3015,3015,UPI,Success,19291.45,2024-11-26 04:00:00,0.0,FEST20
3016,3016,Debit Card,Success,680.28,2026-05-14 01:00:00,75.59,
3017,3017,Debit Card,Success,2430.7,2026-04-13 00:00:00,607.68,
3018,3018,UPI,Success,445.9,2025-04-15 04:00:00,49.55,
3019,3019,Net Banking,Refunded,1263.45,2025-12-02 03:00:00,0.0,
3020,3020,UPI,Success,3050.36,2025-12-26 02:00:00,338.93,
3021,3021,Credit Card,Success,2063.53,2025-09-20 04:00:00,0.0,
3022,3022,UPI,Success,1414.08,2026-02-05 02:00:00,353.52,WELCOME10
3023,3023,UPI,Success,3960.36,2026-01-22 02:00:00,440.04,
3024,3024,UPI,Success,58312.7,2025-08-26 01:00:00,10290.48,
3025,3025,Debit Card,Success,35784.57,2025-04-25 02:00:00,3976.06,
3026,3026,UPI,Success,1159.78,2025-12-25 01:00:00,128.87,
3027,3027,UPI,Success,1607.14,2025-10-14 04:00:00,0.0,
3028,3028,UPI,Success,14391.13,2025-01-21 01:00:00,757.43,
3029,3029,UPI,Success,1027.04,2024-11-14 02:00:00,256.76,
3030,3030,Debit Card,Success,574.86,2026-01-29 04:00:00,63.87,WELCOME10
3031,3031,Credit Card,Success,6087.15,2025-12-27 05:00:00,676.35,
3032,3032,EMI,Success,5970.98,2025-11-27 02:00:00,1053.7,
3033,3033,UPI,Refunded,3393.95,2025-03-13 04:00:00,848.49,
3034,3034,UPI,Success,300.62,2025-10-28 03:00:00,0.0,WELCOME10
3035,3035,UPI,Success,1964.89,2025-06-06 05:00:00,346.74,SAVE15
3036,3036,UPI,Refunded,9739.93,2025-10-06 01:00:00,2434.98,
3037,3037,Net Banking,Success,1523.52,2026-05-19 04:00:00,0.0,WELCOME10
3038,3038,Credit Card,Success,8737.86,2025-05-13 01:00:00,2184.47,
3039,3039,Credit Card,Success,1054.49,2025-09-25 05:00:00,55.5,WELCOME10
3040,3040,EMI,Success,3934.61,2026-01-13 03:00:00,207.09,FEST20
3041,3041,Credit Card,Success,51440.13,2025-05-25 02:00:00,0.0,WELCOME10
3042,3042,UPI,Pending,137858.72,2025-12-05 04:00:00,7255.72,
3043,3043,Credit Card,Success,2479.34,2023-11-15 00:00:00,275.48,
3044,3044,UPI,Refunded,5257.42,2026-03-07 01:00:00,584.16,WELCOME10
3045,3045,Debit Card,Success,863.0,2025-05-16 01:00:00,45.42,FEST20
3046,3046,Cash on Delivery,Success,255.63,2026-03-23 02:00:00,63.91,WELCOME10
3047,3047,Net Banking,Refunded,17152.41,2026-03-29 04:00:00,902.76,WELCOME10
3048,3048,UPI,Success,2629.13,2025-10-28 04:00:00,0.0,
3049,3049,Net Banking,Success,627.62,2026-06-13 00:00:00,33.03,
3050,3050,Credit Card,Success,840.4,2025-12-15 05:00:00,93.38,FEST20
3051,3051,Credit Card,Success,1506.38,2026-02-07 03:00:00,376.6,
3052,3052,Credit Card,Success,1199.02,2026-05-13 01:00:00,299.76,
3053,3053,Credit Card,Success,10664.15,2024-11-30 05:00:00,561.27,NEWUSER
3054,3054,EMI,Success,611.07,2025-03-10 04:00:00,107.83,NEWUSER
3055,3055,Debit Card,Success,920.98,2024-11-30 01:00:00,162.53,
3056,3056,Cash on Delivery,Success,149882.2,2026-07-27 04:00:00,0.0,SAVE15
3057,3057,Debit Card,Success,3152.6,2026-03-31 00:00:00,0.0,NEWUSER
3058,3058,Net Banking,Success,8120.86,2026-06-13 01:00:00,0.0,NEWUSER
3059,3059,Cash on Delivery,Success,1853.91,2025-11-13 00:00:00,463.48,
3060,3060,Cash on Delivery,Success,6160.68,2026-01-13 03:00:00,684.52,SAVE15
3061,3061,UPI,Success,3152.74,2025-01-25 02:00:00,0.0,NEWUSER
3062,3062,UPI,Success,1556.25,2025-11-07 02:00:00,274.63,WELCOME10
3063,3063,UPI,Success,538.9,2025-12-14 02:00:00,59.88,FEST20
3064,3064,Debit Card,Success,1396.54,2025-07-26 04:00:00,349.14,
3065,3065,Credit Card,Success,19070.19,2025-12-24 05:00:00,1003.69,FEST20
3066,3066,UPI,Success,3648.91,2026-05-10 01:00:00,405.43,
3067,3067,Net Banking,Success,4971.31,2025-07-05 05:00:00,0.0,NEWUSER
3068,3068,UPI,Success,12287.76,2025-03-22 02:00:00,0.0,WELCOME10
3069,3069,UPI,Success,16539.42,2026-05-25 00:00:00,870.5,
3070,3070,Cash on Delivery,Success,3002.02,2025-08-26 01:00:00,333.56,
3071,3071,Cash on Delivery,Success,1337.26,2025-03-25 02:00:00,235.99,NEWUSER
3072,3072,UPI,Success,184.71,2025-10-29 04:00:00,0.0,
3073,3073,Debit Card,Success,400.32,2025-07-07 02:00:00,70.64,NEWUSER
3074,3074,Debit Card,Success,75190.89,2025-04-25 02:00:00,0.0,SAVE15
3075,3075,Cash on Delivery,Success,5277.49,2026-02-26 02:00:00,0.0,
3076,3076,Debit Card,Success,930.55,2025-08-01 02:00:00,164.21,WELCOME10
3077,3077,Credit Card,Success,7018.36,2026-01-21 00:00:00,1238.53,
3078,3078,UPI,Success,473.71,2024-12-22 02:00:00,24.93,WELCOME10
3079,3079,EMI,Success,4507.47,2026-02-19 01:00:00,0.0,FEST20
3080,3080,UPI,Success,10194.96,2025-11-20 02:00:00,0.0,SAVE15
3081,3081,Credit Card,Pending,667.15,2025-09-09 03:00:00,74.13,NEWUSER
3082,3082,EMI,Success,5595.58,2025-12-17 00:00:00,987.46,NEWUSER
3083,3083,Debit Card,Success,8007.16,2024-10-22 01:00:00,0.0,
3084,3084,Credit Card,Success,47669.26,2025-04-04 02:00:00,11917.31,
3085,3085,Net Banking,Success,3684.5,2024-05-17 05:00:00,409.39,NEWUSER
3086,3086,UPI,Success,4736.55,2025-08-30 04:00:00,0.0,NEWUSER
3087,3087,Debit Card,Success,1548.99,2026-04-07 02:00:00,81.53,
3088,3088,UPI,Success,1075.63,2025-03-20 01:00:00,119.52,SAVE15
3089,3089,UPI,Success,6648.13,2026-01-31 04:00:00,349.9,FEST20
3090,3090,Debit Card,Success,230.28,2025-12-11 05:00:00,25.59,
3091,3091,UPI,Success,38693.12,2025-08-27 04:00:00,2036.48,WELCOME10
3092,3092,Credit Card,Success,8053.17,2026-02-17 01:00:00,0.0,FEST20
3093,3093,Debit Card,Success,247.47,2025-07-08 02:00:00,0.0,WELCOME10
3094,3094,Cash on Delivery,Success,6796.82,2025-06-11 04:00:00,1699.2,FEST20
3095,3095,UPI,Success,72760.77,2026-07-28 05:00:00,12840.14,NEWUSER
3096,3096,Cash on Delivery,Success,144108.05,2025-12-11 03:00:00,36027.01,FEST20
3097,3097,Cash on Delivery,Success,5934.67,2026-02-08 00:00:00,0.0,
3098,3098,Credit Card,Success,839.46,2024-10-03 01:00:00,209.86,
3099,3099,UPI,Success,15759.27,2025-12-27 03:00:00,2781.05,WELCOME10
3100,3100,Cash on Delivery,Success,1041.79,2026-03-13 02:00:00,115.75,WELCOME10
3101,3101,EMI,Success,9366.97,2025-11-22 01:00:00,1040.77,SAVE15
3102,3102,UPI,Success,3266.39,2024-10-02 04:00:00,816.6,SAVE15
3103,3103,UPI,Success,7669.15,2026-01-30 00:00:00,852.13,NEWUSER
3104,3104,UPI,Success,454.81,2026-06-13 04:00:00,50.54,NEWUSER
3105,3105,Credit Card,Success,2171.76,2026-04-15 02:00:00,383.25,
3106,3106,Debit Card,Success,4394.61,2026-04-22 05:00:00,1098.65,FEST20
3107,3107,UPI,Success,158.22,2026-03-05 05:00:00,17.58,
3108,3108,UPI,Refunded,228.95,2026-05-31 00:00:00,0.0,NEWUSER
3109,3109,Cash on Delivery,Success,16863.82,2025-08-28 00:00:00,887.57,FEST20
3110,3110,UPI,Success,30345.11,2026-01-25 04:00:00,3371.68,WELCOME10
3111,3111,UPI,Success,76673.5,2024-08-21 04:00:00,8519.28,
3112,3112,UPI,Success,72922.95,2026-05-31 02:00:00,8102.55,
3113,3113,UPI,Success,18246.08,2026-03-28 02:00:00,0.0,SAVE15
3114,3114,Cash on Delivery,Success,5417.03,2026-04-19 05:00:00,955.95,SAVE15
3115,3115,Cash on Delivery,Success,12641.36,2025-11-15 05:00:00,0.0,WELCOME10
3116,3116,Net Banking,Success,155.07,2025-04-28 05:00:00,0.0,WELCOME10
3117,3117,Debit Card,Success,585.02,2024-05-01 00:00:00,0.0,FEST20
3118,3118,UPI,Success,1467.15,2025-09-01 01:00:00,0.0,
3119,3119,UPI,Success,2211.65,2026-02-13 03:00:00,245.74,
3120,3120,UPI,Success,733.73,2026-03-02 02:00:00,81.53,
3121,3121,Debit Card,Success,29274.4,2026-01-05 04:00:00,7318.6,FEST20
3122,3122,UPI,Refunded,100635.81,2025-03-11 04:00:00,5296.62,SAVE15
3123,3123,Cash on Delivery,Success,4586.18,2025-06-16 05:00:00,0.0,NEWUSER
3124,3124,Credit Card,Success,3432.63,2025-11-16 01:00:00,180.66,
3125,3125,UPI,Success,1461.84,2025-09-05 04:00:00,0.0,WELCOME10
3126,3126,Cash on Delivery,Success,1240.69,2024-09-01 00:00:00,0.0,WELCOME10
3127,3127,Cash on Delivery,Success,1047.9,2026-05-24 04:00:00,55.15,
3128,3128,UPI,Success,908.52,2024-10-10 04:00:00,47.82,WELCOME10
3129,3129,UPI,Success,49894.94,2025-04-22 02:00:00,0.0,NEWUSER
3130,3130,Cash on Delivery,Success,13091.25,2025-08-10 00:00:00,0.0,
3131,3131,Debit Card,Success,17798.53,2026-07-14 03:00:00,1977.61,SAVE15
3132,3132,UPI,Success,29772.18,2026-05-02 03:00:00,7443.04,NEWUSER
3133,3133,UPI,Success,383.1,2026-04-08 04:00:00,20.16,
3134,3134,Net Banking,Success,417.82,2025-12-03 03:00:00,0.0,
3135,3135,UPI,Success,12093.23,2024-03-23 02:00:00,2134.1,
3136,3136,Cash on Delivery,Success,3442.14,2025-09-11 02:00:00,607.44,
3137,3137,Debit Card,Success,2636.31,2026-01-12 03:00:00,0.0,NEWUSER
3138,3138,Cash on Delivery,Success,632.12,2025-12-08 04:00:00,33.27,
3139,3139,Cash on Delivery,Success,165.34,2026-03-31 04:00:00,0.0,FEST20
3140,3140,Cash on Delivery,Success,1488.84,2025-10-01 05:00:00,0.0,
3141,3141,Net Banking,Success,2637.69,2026-03-19 05:00:00,659.42,NEWUSER
3142,3142,Cash on Delivery,Success,2325.87,2026-01-15 04:00:00,122.41,SAVE15
3143,3143,Debit Card,Success,10088.62,2026-02-19 04:00:00,2522.15,SAVE15
3144,3144,Debit Card,Success,4558.09,2026-04-27 04:00:00,239.9,
3145,3145,Cash on Delivery,Success,817.74,2026-01-26 01:00:00,0.0,SAVE15
3146,3146,Debit Card,Success,3945.04,2025-06-02 05:00:00,986.26,NEWUSER
3147,3147,Debit Card,Success,183.31,2026-07-16 01:00:00,20.37,FEST20
3148,3148,Credit Card,Success,2627.35,2025-10-14 00:00:00,291.93,
3149,3149,Credit Card,Success,71344.62,2026-03-02 00:00:00,17836.16,SAVE15
3150,3150,Credit Card,Success,82772.52,2025-12-21 02:00:00,0.0,FEST20
3151,3151,Debit Card,Success,821.47,2025-04-14 01:00:00,0.0,
3152,3152,UPI,Success,6878.38,2025-10-22 05:00:00,1719.59,NEWUSER
3153,3153,EMI,Success,856.21,2026-01-04 01:00:00,95.13,
3154,3154,UPI,Success,3218.84,2025-09-18 02:00:00,804.71,SAVE15
3155,3155,EMI,Success,44087.1,2024-06-21 03:00:00,11021.77,WELCOME10
3156,3156,Credit Card,Success,149.44,2026-03-10 01:00:00,26.37,SAVE15
3157,3157,Credit Card,Success,277.24,2025-10-06 05:00:00,30.81,
3158,3158,Cash on Delivery,Success,113061.56,2025-09-02 04:00:00,0.0,
3159,3159,Cash on Delivery,Success,2124.51,2025-06-29 02:00:00,374.91,NEWUSER
3160,3160,Debit Card,Success,414.92,2026-03-31 02:00:00,73.22,
3161,3161,UPI,Success,1346.72,2026-04-26 00:00:00,0.0,NEWUSER
3162,3162,UPI,Success,773.57,2026-02-22 01:00:00,136.51,WELCOME10
3163,3163,UPI,Success,4038.88,2026-02-01 02:00:00,212.57,
3164,3164,UPI,Success,17950.48,2024-12-28 02:00:00,0.0,FEST20
3165,3165,Credit Card,Refunded,3464.95,2026-04-04 03:00:00,0.0,
3166,3166,Cash on Delivery,Success,225714.15,2025-12-14 01:00:00,0.0,SAVE15
3167,3167,Cash on Delivery,Success,34555.62,2025-08-30 02:00:00,1818.72,SAVE15
3168,3168,UPI,Success,908.33,2025-06-15 04:00:00,0.0,FEST20
3169,3169,UPI,Success,10879.2,2025-08-04 00:00:00,1919.86,FEST20
3170,3170,Cash on Delivery,Success,9932.42,2026-03-12 02:00:00,522.76,FEST20
3171,3171,UPI,Success,303.88,2025-08-22 05:00:00,15.99,
3172,3172,UPI,Success,18902.02,2026-01-16 04:00:00,4725.5,FEST20
3173,3173,UPI,Success,106913.99,2025-02-11 04:00:00,11879.33,
3174,3174,UPI,Success,931.6,2026-06-05 04:00:00,0.0,
3175,3175,UPI,Success,3705.59,2026-05-15 00:00:00,195.03,
3176,3176,Credit Card,Success,1092.28,2025-12-22 03:00:00,0.0,NEWUSER
3177,3177,UPI,Success,95592.26,2026-05-14 04:00:00,16869.22,
3178,3178,UPI,Success,22283.3,2026-05-28 02:00:00,2475.92,WELCOME10
3179,3179,Cash on Delivery,Success,3080.3,2026-02-12 02:00:00,770.08,SAVE15
3180,3180,UPI,Success,23241.57,2026-02-04 03:00:00,0.0,
3181,3181,Cash on Delivery,Success,2857.12,2026-02-04 02:00:00,150.38,SAVE15
3182,3182,Credit Card,Success,2306.42,2026-03-22 01:00:00,0.0,
3183,3183,UPI,Success,206.58,2026-03-16 00:00:00,22.95,
3184,3184,Credit Card,Success,322.9,2025-08-19 03:00:00,80.73,SAVE15
3185,3185,EMI,Success,19529.76,2025-11-27 03:00:00,4882.44,
3186,3186,UPI,Success,30881.96,2026-05-11 00:00:00,5449.76,NEWUSER
3187,3187,UPI,Success,17263.14,2026-03-13 02:00:00,0.0,
3188,3188,Debit Card,Success,581.58,2026-03-19 03:00:00,102.63,
3189,3189,Credit Card,Success,1630.69,2025-05-21 01:00:00,287.77,
3190,3190,Net Banking,Success,6517.75,2026-04-21 05:00:00,1150.19,
3191,3191,UPI,Success,2679.2,2026-04-28 02:00:00,141.01,
3192,3192,UPI,Success,8128.02,2025-07-26 05:00:00,903.11,
3193,3193,Debit Card,Success,70115.43,2025-10-20 05:00:00,7790.6,NEWUSER
3194,3194,Debit Card,Success,1225.26,2024-12-12 05:00:00,64.49,FEST20
3195,3195,Debit Card,Success,2895.77,2025-07-31 05:00:00,321.75,
3196,3196,Debit Card,Success,4209.38,2025-12-22 04:00:00,1052.34,WELCOME10
3197,3197,UPI,Success,1848.58,2025-11-10 04:00:00,97.29,
3198,3198,UPI,Success,445.87,2025-09-12 05:00:00,0.0,SAVE15
3199,3199,Cash on Delivery,Success,15169.4,2025-12-28 03:00:00,0.0,
3200,3200,UPI,Success,7657.0,2025-07-09 02:00:00,0.0,SAVE15
3201,3201,Cash on Delivery,Not Applicable,1258.62,2026-04-14 04:00:00,66.24,
3202,3202,UPI,Success,2049.25,2025-06-20 05:00:00,512.31,FEST20
3203,3203,UPI,Success,4289.04,2025-03-23 04:00:00,225.74,
3204,3204,Cash on Delivery,Not Applicable,3408.86,2025-03-01 04:00:00,0.0,
3205,3205,Debit Card,Success,409.65,2025-05-26 00:00:00,45.52,WELCOME10
3206,3206,UPI,Success,14161.26,2024-12-21 00:00:00,2499.04,
3207,3207,Net Banking,Success,4374.78,2026-02-01 00:00:00,772.02,NEWUSER
3208,3208,Debit Card,Success,10389.33,2025-12-14 01:00:00,0.0,NEWUSER
3209,3209,UPI,Success,7035.64,2025-10-30 00:00:00,1241.58,FEST20
3210,3210,UPI,Success,5331.08,2025-10-28 00:00:00,940.78,NEWUSER
3211,3211,UPI,Success,3260.28,2025-03-26 01:00:00,575.34,WELCOME10
3212,3212,Credit Card,Success,75273.67,2026-03-14 02:00:00,0.0,NEWUSER
3213,3213,Cash on Delivery,Success,9665.78,2026-02-09 03:00:00,2416.44,
3214,3214,Debit Card,Success,2287.0,2026-08-09 04:00:00,120.37,NEWUSER
3215,3215,Debit Card,Success,36260.89,2025-10-10 03:00:00,1908.47,FEST20
3216,3216,UPI,Success,1763.94,2025-05-17 05:00:00,440.99,
3217,3217,Credit Card,Success,763.99,2024-08-26 04:00:00,0.0,FEST20
3218,3218,UPI,Success,1850.8,2026-01-26 01:00:00,0.0,FEST20
3219,3219,Credit Card,Success,78073.36,2026-04-21 01:00:00,4109.12,SAVE15
3220,3220,UPI,Success,3258.96,2026-06-14 03:00:00,575.11,WELCOME10
3221,3221,UPI,Success,10421.78,2026-04-12 02:00:00,2605.44,
3222,3222,Credit Card,Success,48759.22,2026-01-29 02:00:00,8604.57,NEWUSER
3223,3223,UPI,Pending,10820.39,2026-02-04 03:00:00,1909.48,WELCOME10
3224,3224,Debit Card,Success,196.98,2025-06-23 04:00:00,49.25,
3225,3225,Credit Card,Success,653.81,2026-02-02 02:00:00,0.0,WELCOME10
3226,3226,Debit Card,Success,79629.37,2026-01-29 03:00:00,8847.71,NEWUSER
3227,3227,Cash on Delivery,Success,3785.24,2026-03-27 01:00:00,0.0,FEST20
3228,3228,Debit Card,Success,61746.67,2025-03-14 05:00:00,3249.83,
3229,3229,Debit Card,Success,62979.68,2024-06-07 04:00:00,15744.92,
3230,3230,UPI,Success,351.5,2026-02-28 03:00:00,18.5,
3231,3231,UPI,Success,385.29,2025-12-31 01:00:00,0.0,NEWUSER
3232,3232,UPI,Success,1565.7,2025-02-05 00:00:00,276.3,
3233,3233,Cash on Delivery,Success,56384.67,2025-12-12 02:00:00,9950.23,NEWUSER
3234,3234,Debit Card,Success,6543.32,2025-01-20 00:00:00,1635.83,
3235,3235,UPI,Success,48493.98,2025-05-17 04:00:00,2552.32,WELCOME10
3236,3236,Cash on Delivery,Success,3214.06,2025-10-01 01:00:00,803.51,SAVE15
3237,3237,Credit Card,Refunded,3835.43,2025-09-09 02:00:00,676.84,
3238,3238,Cash on Delivery,Success,9658.59,2025-08-08 03:00:00,508.35,WELCOME10
3239,3239,Cash on Delivery,Success,3034.64,2025-01-01 04:00:00,535.52,WELCOME10
3240,3240,Net Banking,Success,1676.67,2026-03-02 05:00:00,0.0,
3241,3241,Credit Card,Success,1195.12,2025-09-17 04:00:00,0.0,
3242,3242,Credit Card,Success,738.62,2026-05-24 03:00:00,184.65,NEWUSER
3243,3243,UPI,Success,3940.23,2024-08-18 02:00:00,207.38,
3244,3244,Net Banking,Success,482.08,2025-08-16 00:00:00,85.07,WELCOME10
3245,3245,Credit Card,Success,23925.51,2026-07-27 02:00:00,1259.24,
3246,3246,UPI,Success,385.0,2025-11-24 02:00:00,67.94,NEWUSER
3247,3247,Cash on Delivery,Success,2160.25,2025-04-23 02:00:00,0.0,SAVE15
3248,3248,Credit Card,Success,5167.73,2026-02-12 05:00:00,271.99,NEWUSER
3249,3249,Net Banking,Success,820.87,2026-02-18 05:00:00,91.21,NEWUSER
3250,3250,Credit Card,Success,46082.26,2025-12-02 05:00:00,2425.38,
3251,3251,UPI,Success,1443.62,2025-07-10 05:00:00,0.0,NEWUSER
3252,3252,Credit Card,Success,931.82,2026-05-13 02:00:00,232.95,FEST20
3253,3253,UPI,Refunded,5471.14,2025-11-08 03:00:00,0.0,WELCOME10
3254,3254,EMI,Success,4058.66,2026-01-05 01:00:00,213.61,NEWUSER
3255,3255,Cash on Delivery,Success,600.95,2025-11-13 03:00:00,106.05,SAVE15
3256,3256,UPI,Success,24385.1,2025-06-30 05:00:00,4303.25,
3257,3257,UPI,Success,1259.98,2025-09-12 01:00:00,66.31,SAVE15
3258,3258,Debit Card,Success,23885.53,2025-09-28 04:00:00,4215.09,WELCOME10
3259,3259,Debit Card,Success,60540.78,2024-08-22 01:00:00,6726.75,
3260,3260,Credit Card,Success,3554.77,2026-07-07 03:00:00,187.09,
3261,3261,UPI,Success,3988.42,2025-11-28 04:00:00,0.0,
3262,3262,UPI,Success,1691.64,2026-02-05 05:00:00,0.0,
3263,3263,Cash on Delivery,Success,10023.02,2025-08-23 05:00:00,0.0,
3264,3264,Debit Card,Success,1986.25,2025-11-30 04:00:00,350.51,
3265,3265,UPI,Success,1985.86,2026-06-09 05:00:00,0.0,NEWUSER
3266,3266,Net Banking,Success,2209.46,2025-05-01 03:00:00,552.37,
3267,3267,UPI,Success,222292.07,2025-07-23 02:00:00,39228.01,WELCOME10
3268,3268,Cash on Delivery,Success,476.61,2026-05-08 00:00:00,25.08,NEWUSER
3269,3269,UPI,Success,40257.21,2025-06-01 05:00:00,2118.8,
3270,3270,UPI,Success,750.46,2025-12-29 03:00:00,132.43,
3271,3271,Cash on Delivery,Pending,391.61,2025-11-24 03:00:00,0.0,SAVE15
3272,3272,Cash on Delivery,Success,1171.74,2025-09-03 03:00:00,61.67,WELCOME10
3273,3273,Credit Card,Success,2498.08,2025-09-14 03:00:00,277.56,
3274,3274,Cash on Delivery,Success,2121.07,2024-11-14 03:00:00,235.67,NEWUSER
3275,3275,Cash on Delivery,Success,28904.95,2025-04-09 05:00:00,3211.66,FEST20
3276,3276,UPI,Success,646.1,2024-11-18 05:00:00,0.0,
3277,3277,UPI,Success,4870.98,2025-10-24 05:00:00,0.0,NEWUSER
3278,3278,UPI,Success,823.94,2024-08-21 04:00:00,145.4,
3279,3279,EMI,Success,2781.88,2025-07-09 01:00:00,695.47,FEST20
3280,3280,UPI,Refunded,1683.36,2026-02-04 05:00:00,187.04,
3281,3281,Debit Card,Success,4299.68,2025-10-09 04:00:00,477.74,FEST20
3282,3282,Debit Card,Success,12912.75,2025-11-17 05:00:00,1434.75,
3283,3283,UPI,Success,1241.71,2025-10-27 00:00:00,219.13,WELCOME10
3284,3284,Credit Card,Success,7491.36,2025-12-21 01:00:00,0.0,
3285,3285,Net Banking,Success,1117.71,2025-08-14 00:00:00,0.0,
3286,3286,UPI,Success,258.29,2024-11-13 00:00:00,64.57,
3287,3287,Debit Card,Success,240.05,2026-05-14 05:00:00,60.01,SAVE15
3288,3288,Debit Card,Success,9314.12,2025-03-15 05:00:00,490.22,FEST20
3289,3289,UPI,Success,798.41,2025-09-15 00:00:00,88.71,
3290,3290,Cash on Delivery,Success,3930.14,2025-08-09 03:00:00,982.53,WELCOME10
3291,3291,Credit Card,Success,453.49,2026-03-23 03:00:00,23.87,NEWUSER
3292,3292,Credit Card,Success,1473.11,2023-10-21 01:00:00,0.0,SAVE15
3293,3293,UPI,Refunded,1517.09,2024-03-03 00:00:00,379.27,
3294,3294,Credit Card,Success,334.21,2024-07-04 01:00:00,0.0,NEWUSER
3295,3295,Credit Card,Success,7883.29,2026-02-20 05:00:00,1391.17,SAVE15
3296,3296,UPI,Success,24674.26,2025-08-05 02:00:00,6168.57,FEST20
3297,3297,Credit Card,Success,1321.3,2026-07-18 05:00:00,0.0,FEST20
3298,3298,Cash on Delivery,Success,3838.79,2026-01-20 03:00:00,677.43,
3299,3299,Credit Card,Success,202.93,2026-05-26 02:00:00,22.55,NEWUSER
3300,3300,UPI,Success,352.9,2026-02-11 04:00:00,18.57,
3301,3301,Debit Card,Success,1478.99,2026-06-13 01:00:00,0.0,
3302,3302,Cash on Delivery,Success,1436.0,2026-04-25 00:00:00,359.0,SAVE15
3303,3303,UPI,Success,3903.18,2026-05-07 04:00:00,688.8,FEST20
3304,3304,Net Banking,Success,7859.8,2025-05-23 01:00:00,1387.02,WELCOME10
3305,3305,Net Banking,Success,147.64,2025-11-20 02:00:00,16.4,
3306,3306,EMI,Success,78702.49,2026-01-26 01:00:00,0.0,NEWUSER
3307,3307,Cash on Delivery,Success,6744.78,2026-06-26 02:00:00,749.42,
3308,3308,UPI,Success,8501.44,2025-11-25 00:00:00,447.44,FEST20
3309,3309,UPI,Success,12607.01,2025-11-20 02:00:00,3151.75,NEWUSER
3310,3310,Net Banking,Success,9883.14,2025-02-02 00:00:00,0.0,WELCOME10
3311,3311,Credit Card,Success,4502.38,2026-08-06 02:00:00,794.54,FEST20
3312,3312,Cash on Delivery,Success,1908.5,2025-12-07 01:00:00,336.8,
3313,3313,Credit Card,Success,360.66,2025-11-20 05:00:00,18.98,FEST20
3314,3314,UPI,Success,20703.82,2025-09-19 04:00:00,0.0,NEWUSER
3315,3315,Cash on Delivery,Success,3318.64,2026-06-02 00:00:00,0.0,NEWUSER
3316,3316,Credit Card,Success,1650.6,2026-03-31 00:00:00,291.28,
3317,3317,Cash on Delivery,Success,9720.92,2026-07-26 01:00:00,0.0,
3318,3318,Debit Card,Pending,567.48,2026-06-18 02:00:00,29.87,
3319,3319,UPI,Success,672.69,2025-01-18 02:00:00,0.0,
3320,3320,UPI,Success,6100.22,2025-12-14 01:00:00,1525.06,
3321,3321,UPI,Refunded,2413.16,2026-02-14 05:00:00,0.0,NEWUSER
3322,3322,Cash on Delivery,Success,6586.73,2025-09-15 04:00:00,1162.36,
3323,3323,Credit Card,Success,680.55,2025-09-19 04:00:00,35.82,
3324,3324,Net Banking,Refunded,1413.06,2026-07-22 02:00:00,249.36,
3325,3325,UPI,Success,35452.97,2026-03-20 00:00:00,0.0,WELCOME10
3326,3326,Credit Card,Success,1115.21,2025-08-29 00:00:00,123.91,
3327,3327,UPI,Success,6735.76,2025-10-30 01:00:00,0.0,WELCOME10
3328,3328,Net Banking,Success,1638.47,2025-11-08 04:00:00,409.62,
3329,3329,UPI,Success,191.86,2025-06-29 01:00:00,33.86,NEWUSER
3330,3330,UPI,Success,8156.22,2026-01-16 00:00:00,429.27,
3331,3331,UPI,Success,34354.7,2025-09-06 00:00:00,6062.59,
3332,3332,EMI,Success,7155.47,2025-06-19 02:00:00,1262.73,WELCOME10
3333,3333,Net Banking,Success,21002.67,2024-10-06 01:00:00,3706.35,
3334,3334,Cash on Delivery,Success,1141.13,2025-04-11 01:00:00,60.06,WELCOME10
3335,3335,Cash on Delivery,Success,6282.13,2025-08-13 04:00:00,1108.61,
3336,3336,Cash on Delivery,Success,4655.32,2026-07-08 04:00:00,821.53,NEWUSER
3337,3337,Cash on Delivery,Success,142158.46,2025-06-22 04:00:00,15795.38,
3338,3338,Debit Card,Success,1896.5,2026-02-04 02:00:00,210.72,SAVE15
3339,3339,Credit Card,Success,4318.24,2025-05-05 02:00:00,479.81,SAVE15
3340,3340,Credit Card,Success,1587.35,2024-12-19 04:00:00,83.55,NEWUSER
3341,3341,UPI,Success,13415.46,2026-02-09 01:00:00,0.0,FEST20
3342,3342,UPI,Success,688.18,2025-11-21 00:00:00,172.04,NEWUSER
3343,3343,UPI,Success,3494.45,2024-12-27 01:00:00,873.61,
3344,3344,Debit Card,Success,267597.42,2026-05-20 00:00:00,0.0,
3345,3345,Debit Card,Success,5149.91,2026-01-31 05:00:00,1287.48,
3346,3346,Cash on Delivery,Success,2289.73,2025-12-10 01:00:00,254.42,WELCOME10
3347,3347,Debit Card,Success,1700.26,2024-10-15 01:00:00,425.07,FEST20
3348,3348,UPI,Success,12163.4,2026-03-27 02:00:00,0.0,NEWUSER
3349,3349,Net Banking,Success,914.73,2025-05-17 04:00:00,0.0,
3350,3350,UPI,Success,2065.74,2025-11-06 00:00:00,516.44,FEST20
3351,3351,Credit Card,Success,4053.68,2025-12-07 03:00:00,1013.42,NEWUSER
3352,3352,Cash on Delivery,Success,1912.28,2026-06-26 00:00:00,478.07,
3353,3353,UPI,Success,28661.14,2024-08-09 01:00:00,1508.48,SAVE15
3354,3354,Credit Card,Success,120209.43,2026-08-16 00:00:00,21213.43,FEST20
3355,3355,Credit Card,Success,73762.48,2026-01-07 02:00:00,0.0,NEWUSER
3356,3356,EMI,Success,11860.1,2025-09-28 01:00:00,2965.02,WELCOME10
3357,3357,Cash on Delivery,Success,11903.31,2025-10-22 02:00:00,1322.59,
3358,3358,UPI,Success,2871.47,2026-04-24 02:00:00,506.73,NEWUSER
3359,3359,Credit Card,Success,58617.91,2026-06-06 02:00:00,10344.34,
3360,3360,UPI,Success,1208.85,2026-02-16 05:00:00,63.62,SAVE15
3361,3361,UPI,Success,6296.96,2026-04-05 03:00:00,699.66,
3362,3362,Net Banking,Success,6606.12,2026-05-12 02:00:00,1651.53,NEWUSER
3363,3363,UPI,Success,313.99,2026-06-03 05:00:00,0.0,
3364,3364,UPI,Success,4429.3,2026-07-08 03:00:00,0.0,FEST20
3365,3365,Credit Card,Success,1664.46,2025-08-19 01:00:00,416.12,
3366,3366,UPI,Success,9730.79,2025-10-26 02:00:00,1081.2,
3367,3367,Cash on Delivery,Success,3897.31,2025-08-10 02:00:00,433.03,SAVE15
3368,3368,Credit Card,Success,33941.14,2025-10-24 02:00:00,3771.24,FEST20
3369,3369,Net Banking,Success,128800.24,2025-05-23 04:00:00,0.0,SAVE15
3370,3370,Debit Card,Success,4014.81,2024-08-28 03:00:00,446.09,NEWUSER
3371,3371,Cash on Delivery,Success,2235.95,2026-04-28 00:00:00,0.0,NEWUSER
3372,3372,Credit Card,Success,860.09,2026-03-03 00:00:00,0.0,
3373,3373,Cash on Delivery,Success,1551.02,2026-04-09 01:00:00,387.76,
3374,3374,Debit Card,Success,20934.58,2026-01-13 03:00:00,0.0,SAVE15
3375,3375,UPI,Success,5837.78,2025-12-27 02:00:00,1459.44,NEWUSER
3376,3376,Cash on Delivery,Success,2604.43,2025-02-28 01:00:00,459.6,
3377,3377,Cash on Delivery,Success,6911.08,2025-09-20 00:00:00,0.0,FEST20
3378,3378,Cash on Delivery,Success,177391.69,2025-10-03 03:00:00,31304.42,NEWUSER
3379,3379,Cash on Delivery,Success,6516.68,2026-01-25 04:00:00,0.0,
3380,3380,Debit Card,Success,64419.95,2025-11-08 01:00:00,0.0,
3381,3381,Cash on Delivery,Success,6041.36,2025-07-08 02:00:00,671.26,FEST20
3382,3382,UPI,Success,1685.9,2025-12-24 02:00:00,421.47,
3383,3383,Debit Card,Success,3224.7,2026-02-03 00:00:00,0.0,FEST20
3384,3384,Credit Card,Success,10320.84,2026-05-15 05:00:00,543.2,NEWUSER
3385,3385,Credit Card,Success,3910.96,2026-03-15 05:00:00,977.74,WELCOME10
3386,3386,Debit Card,Success,1272.3,2024-05-05 03:00:00,224.52,FEST20
3387,3387,Credit Card,Success,51365.6,2026-04-05 04:00:00,0.0,WELCOME10
3388,3388,Cash on Delivery,Success,423.11,2025-12-15 04:00:00,74.67,FEST20
3389,3389,Net Banking,Success,745.78,2026-03-12 02:00:00,39.25,SAVE15
3390,3390,UPI,Success,5221.67,2026-03-05 01:00:00,580.19,FEST20
3391,3391,UPI,Success,60376.4,2026-05-31 05:00:00,6708.49,WELCOME10
3392,3392,UPI,Success,2431.8,2025-07-29 01:00:00,270.2,NEWUSER
3393,3393,Cash on Delivery,Success,387.02,2024-10-08 00:00:00,96.76,SAVE15
3394,3394,EMI,Success,2633.1,2024-11-13 03:00:00,658.28,WELCOME10
3395,3395,Debit Card,Success,233.41,2026-04-24 03:00:00,0.0,
3396,3396,UPI,Success,49895.86,2025-10-18 02:00:00,0.0,NEWUSER
3397,3397,Debit Card,Success,4593.98,2025-11-23 03:00:00,241.79,
3398,3398,UPI,Success,8271.69,2026-01-15 00:00:00,0.0,
3399,3399,Debit Card,Success,929.24,2025-12-27 03:00:00,0.0,
3400,3400,Cash on Delivery,Success,3685.61,2025-04-17 02:00:00,0.0,SAVE15
3401,3401,UPI,Success,1718.47,2026-01-18 00:00:00,90.45,NEWUSER
3402,3402,Credit Card,Success,174.23,2023-12-09 04:00:00,0.0,SAVE15
3403,3403,Credit Card,Success,812.14,2024-05-20 05:00:00,42.74,NEWUSER
3404,3404,UPI,Refunded,2351.97,2025-03-04 00:00:00,415.05,FEST20
3405,3405,Cash on Delivery,Success,5418.14,2024-07-24 01:00:00,0.0,SAVE15
3406,3406,UPI,Success,8787.28,2026-03-13 01:00:00,0.0,NEWUSER
3407,3407,Cash on Delivery,Success,2540.34,2026-02-28 05:00:00,635.08,SAVE15
3408,3408,UPI,Success,2591.86,2025-02-25 02:00:00,287.99,
3409,3409,Credit Card,Success,35545.5,2026-03-30 02:00:00,0.0,
3410,3410,Cash on Delivery,Success,612.22,2025-01-09 00:00:00,108.04,FEST20
3411,3411,Credit Card,Success,2601.07,2025-03-18 04:00:00,0.0,WELCOME10
3412,3412,UPI,Success,2722.9,2026-02-22 02:00:00,0.0,
3413,3413,Debit Card,Success,236613.48,2025-10-11 05:00:00,0.0,SAVE15
3414,3414,UPI,Success,761.96,2026-06-15 03:00:00,0.0,WELCOME10
3415,3415,UPI,Success,390.81,2026-02-26 03:00:00,43.42,
3416,3416,UPI,Success,50546.87,2025-11-15 04:00:00,8920.03,
3417,3417,UPI,Success,931.53,2025-11-07 02:00:00,0.0,FEST20
3418,3418,Debit Card,Success,437.0,2025-12-09 02:00:00,109.25,NEWUSER
3419,3419,UPI,Success,7845.63,2026-03-17 01:00:00,0.0,
3420,3420,UPI,Success,4139.24,2026-04-14 02:00:00,0.0,
3421,3421,UPI,Success,4488.34,2024-10-20 04:00:00,498.71,
3422,3422,UPI,Success,1662.6,2024-12-04 02:00:00,415.65,SAVE15
3423,3423,EMI,Refunded,1627.6,2025-01-07 02:00:00,406.9,FEST20
3424,3424,Cash on Delivery,Success,849.64,2025-12-13 05:00:00,149.94,
3425,3425,Net Banking,Success,674.51,2026-03-05 05:00:00,168.63,SAVE15
3426,3426,Cash on Delivery,Success,1829.05,2025-05-03 02:00:00,96.27,WELCOME10
3427,3427,Cash on Delivery,Success,1022.84,2025-10-05 03:00:00,0.0,
3428,3428,UPI,Success,3035.6,2025-06-19 01:00:00,535.69,
3429,3429,Credit Card,Success,13161.66,2025-11-27 01:00:00,692.72,SAVE15
3430,3430,UPI,Success,1975.85,2025-02-25 02:00:00,103.99,WELCOME10
3431,3431,UPI,Success,604.77,2025-03-15 00:00:00,106.72,
3432,3432,Debit Card,Success,6397.63,2026-03-04 04:00:00,0.0,SAVE15
3433,3433,UPI,Success,2304.42,2025-04-04 01:00:00,0.0,
3434,3434,UPI,Success,831.77,2025-08-15 03:00:00,43.78,NEWUSER
3435,3435,Net Banking,Success,12386.5,2025-06-11 00:00:00,0.0,
3436,3436,UPI,Success,1286.91,2025-09-28 05:00:00,67.73,
3437,3437,UPI,Success,6482.44,2026-04-06 01:00:00,1143.96,WELCOME10
3438,3438,EMI,Success,2491.75,2025-11-01 03:00:00,0.0,
3439,3439,Credit Card,Success,2942.36,2026-01-17 05:00:00,0.0,WELCOME10
3440,3440,EMI,Success,2222.91,2025-08-13 01:00:00,0.0,NEWUSER
3441,3441,Debit Card,Success,1150.42,2026-05-27 03:00:00,203.02,SAVE15
3442,3442,Cash on Delivery,Success,2457.6,2026-01-23 05:00:00,433.69,FEST20
3443,3443,Debit Card,Success,42746.55,2025-11-02 04:00:00,0.0,NEWUSER
3444,3444,Net Banking,Success,722.38,2026-06-18 01:00:00,80.27,
3445,3445,Cash on Delivery,Success,696.78,2025-11-14 01:00:00,0.0,NEWUSER
3446,3446,UPI,Success,3794.94,2025-09-25 02:00:00,0.0,SAVE15
3447,3447,UPI,Success,3235.93,2025-03-31 01:00:00,808.98,
3448,3448,Cash on Delivery,Success,168702.2,2025-08-07 01:00:00,0.0,SAVE15
3449,3449,UPI,Success,11990.5,2025-11-10 04:00:00,0.0,FEST20
3450,3450,UPI,Refunded,39914.12,2025-12-15 04:00:00,2100.74,SAVE15
3451,3451,Cash on Delivery,Success,1008.8,2025-06-08 02:00:00,0.0,
3452,3452,Cash on Delivery,Pending,34553.77,2025-03-19 05:00:00,0.0,
3453,3453,Debit Card,Success,126541.34,2026-07-07 02:00:00,6660.07,
3454,3454,UPI,Success,8177.88,2025-11-10 02:00:00,0.0,NEWUSER
3455,3455,Debit Card,Success,4281.86,2025-12-05 03:00:00,0.0,
3456,3456,UPI,Success,1445.04,2026-03-17 05:00:00,76.05,FEST20
3457,3457,Debit Card,Success,300.48,2025-08-01 01:00:00,33.39,
3458,3458,Debit Card,Success,4782.5,2025-10-10 05:00:00,0.0,
3459,3459,Net Banking,Success,248526.54,2024-10-27 04:00:00,27614.06,
3460,3460,Debit Card,Success,2271.43,2026-04-13 00:00:00,0.0,WELCOME10
3461,3461,UPI,Success,626.77,2026-02-07 04:00:00,32.99,
3462,3462,UPI,Success,1162.91,2026-08-17 00:00:00,290.73,
3463,3463,UPI,Success,896.61,2026-02-01 03:00:00,0.0,
3464,3464,Cash on Delivery,Success,6908.52,2025-04-21 00:00:00,0.0,NEWUSER
3465,3465,Cash on Delivery,Success,1718.14,2024-10-25 03:00:00,190.9,NEWUSER
3466,3466,UPI,Refunded,2357.54,2026-05-02 05:00:00,589.38,WELCOME10
3467,3467,UPI,Success,10259.87,2026-04-13 03:00:00,1810.57,
3468,3468,UPI,Success,68374.18,2025-07-15 03:00:00,7597.13,NEWUSER
3469,3469,Cash on Delivery,Success,12496.48,2025-06-06 03:00:00,657.71,
3470,3470,UPI,Success,26662.6,2025-11-12 01:00:00,6665.65,WELCOME10
3471,3471,UPI,Success,67489.95,2025-12-26 04:00:00,16872.49,
3472,3472,UPI,Success,579.8,2025-03-28 02:00:00,0.0,SAVE15
3473,3473,Cash on Delivery,Success,5741.2,2025-06-08 05:00:00,1435.3,FEST20
3474,3474,Debit Card,Success,3047.7,2025-03-03 02:00:00,160.41,WELCOME10
3475,3475,Cash on Delivery,Success,48490.96,2025-09-22 00:00:00,0.0,FEST20
3476,3476,UPI,Success,5352.92,2025-01-01 04:00:00,0.0,
3477,3477,Credit Card,Success,2128.01,2026-08-16 00:00:00,112.0,
3478,3478,Cash on Delivery,Success,2745.77,2025-02-02 03:00:00,0.0,WELCOME10
3479,3479,Net Banking,Success,106119.72,2026-07-20 05:00:00,11791.08,
3480,3480,UPI,Success,602.98,2026-01-27 02:00:00,106.41,FEST20
3481,3481,UPI,Success,4193.07,2026-03-04 00:00:00,0.0,SAVE15
3482,3482,UPI,Success,3773.23,2026-03-31 03:00:00,419.25,FEST20
3483,3483,Net Banking,Refunded,6973.31,2026-02-28 01:00:00,774.81,NEWUSER
3484,3484,Debit Card,Success,1989.51,2025-10-05 02:00:00,0.0,FEST20
3485,3485,Cash on Delivery,Success,699.54,2025-08-11 05:00:00,77.73,NEWUSER
3486,3486,UPI,Success,4455.96,2024-04-11 00:00:00,0.0,FEST20
3487,3487,Cash on Delivery,Success,5224.0,2026-07-05 02:00:00,274.95,
3488,3488,Cash on Delivery,Success,13358.74,2025-07-25 00:00:00,3339.68,SAVE15
3489,3489,UPI,Refunded,1045.26,2025-05-17 04:00:00,0.0,
3490,3490,UPI,Success,88290.89,2026-01-03 02:00:00,0.0,
3491,3491,UPI,Success,4441.97,2025-03-05 00:00:00,1110.49,
3492,3492,UPI,Success,5533.62,2024-08-25 02:00:00,976.52,WELCOME10
3493,3493,UPI,Success,6694.11,2026-05-18 04:00:00,0.0,
3494,3494,UPI,Success,232.38,2025-10-25 03:00:00,25.82,
3495,3495,Credit Card,Success,8553.02,2025-12-06 01:00:00,2138.26,
3496,3496,UPI,Success,5282.3,2024-06-18 02:00:00,278.02,
3497,3497,Cash on Delivery,Success,13490.3,2024-07-15 01:00:00,0.0,SAVE15
3498,3498,EMI,Success,2864.05,2026-05-17 05:00:00,0.0,
3499,3499,UPI,Success,4048.95,2025-10-06 03:00:00,449.88,
3500,3500,UPI,Success,1772.96,2026-01-11 03:00:00,0.0,WELCOME10
3501,3501,Net Banking,Success,193.12,2025-07-26 03:00:00,34.08,NEWUSER
3502,3502,Debit Card,Success,2152.71,2025-08-11 00:00:00,239.19,NEWUSER
3503,3503,Cash on Delivery,Success,5772.37,2025-02-25 04:00:00,1018.65,SAVE15
3504,3504,Debit Card,Success,33324.99,2024-09-03 02:00:00,1753.95,
3505,3505,Cash on Delivery,Success,708.82,2024-08-20 00:00:00,0.0,
3506,3506,Debit Card,Success,7522.09,2026-02-27 05:00:00,835.79,SAVE15
3507,3507,Cash on Delivery,Success,45018.7,2025-11-27 02:00:00,2369.41,
3508,3508,Net Banking,Success,3098.06,2025-01-30 01:00:00,774.52,
3509,3509,UPI,Refunded,3704.3,2026-02-02 03:00:00,0.0,
3510,3510,Net Banking,Success,2440.35,2025-08-17 04:00:00,0.0,
3511,3511,Debit Card,Success,3345.15,2026-03-13 01:00:00,0.0,FEST20
3512,3512,UPI,Success,6663.85,2026-07-28 02:00:00,1175.97,WELCOME10
3513,3513,UPI,Success,66166.73,2025-11-24 03:00:00,7351.86,SAVE15
3514,3514,EMI,Success,28901.17,2025-12-25 03:00:00,5100.21,NEWUSER
3515,3515,Cash on Delivery,Success,7833.98,2026-01-18 03:00:00,1382.47,WELCOME10
3516,3516,EMI,Success,9158.45,2026-07-05 04:00:00,482.02,
3517,3517,Net Banking,Success,1622.73,2026-01-31 03:00:00,405.68,FEST20
3518,3518,Cash on Delivery,Success,1350.0,2026-03-11 04:00:00,0.0,FEST20
3519,3519,UPI,Success,4757.88,2026-03-15 01:00:00,528.65,
3520,3520,Debit Card,Success,7022.48,2024-09-13 02:00:00,1755.62,SAVE15
3521,3521,Cash on Delivery,Success,799.7,2025-02-05 01:00:00,0.0,
3522,3522,UPI,Success,936.74,2026-02-02 02:00:00,165.31,
3523,3523,Credit Card,Refunded,20377.94,2026-05-02 03:00:00,2264.22,FEST20
3524,3524,UPI,Success,2500.54,2026-01-03 04:00:00,277.84,
3525,3525,Cash on Delivery,Success,64177.08,2026-01-18 05:00:00,11325.37,
3526,3526,Credit Card,Refunded,1909.96,2026-02-10 05:00:00,337.05,NEWUSER
3527,3527,Debit Card,Success,1293.99,2026-08-08 00:00:00,68.11,
3528,3528,UPI,Success,24876.06,2025-01-31 04:00:00,0.0,WELCOME10
3529,3529,UPI,Success,54815.01,2025-02-04 05:00:00,6090.56,NEWUSER
3530,3530,Debit Card,Success,1458.79,2025-09-14 05:00:00,162.09,FEST20
3531,3531,UPI,Success,680.13,2025-06-08 01:00:00,75.57,NEWUSER
3532,3532,Cash on Delivery,Success,4061.2,2026-04-12 02:00:00,0.0,SAVE15
3533,3533,UPI,Success,2257.11,2025-05-25 02:00:00,0.0,
3534,3534,UPI,Success,9082.22,2025-03-11 00:00:00,1602.74,
3535,3535,Credit Card,Success,916.02,2025-11-20 03:00:00,0.0,NEWUSER
3536,3536,Cash on Delivery,Success,67217.6,2026-06-14 04:00:00,11861.93,SAVE15
3537,3537,Debit Card,Success,2223.51,2026-03-10 00:00:00,0.0,NEWUSER
3538,3538,UPI,Success,30676.23,2026-04-28 00:00:00,0.0,FEST20
3539,3539,UPI,Success,6141.22,2026-02-18 03:00:00,323.22,
3540,3540,Cash on Delivery,Success,496.31,2025-03-05 00:00:00,26.12,FEST20
3541,3541,UPI,Success,402.25,2025-02-01 04:00:00,44.69,SAVE15
3542,3542,EMI,Success,14541.27,2025-12-15 05:00:00,765.33,SAVE15
3543,3543,UPI,Success,21772.57,2026-03-22 05:00:00,2419.17,
3544,3544,Net Banking,Refunded,4636.75,2025-08-25 02:00:00,0.0,NEWUSER
3545,3545,Credit Card,Success,1284.18,2026-01-10 02:00:00,321.05,WELCOME10
3546,3546,UPI,Success,6595.82,2025-11-16 00:00:00,0.0,
3547,3547,Debit Card,Success,968.83,2026-07-10 04:00:00,0.0,SAVE15
3548,3548,Cash on Delivery,Success,15824.2,2025-11-02 01:00:00,832.85,NEWUSER
3549,3549,UPI,Success,1292.91,2026-05-26 04:00:00,143.66,NEWUSER
3550,3550,Cash on Delivery,Success,8283.34,2026-07-01 00:00:00,2070.83,
3551,3551,UPI,Refunded,10429.09,2024-07-18 00:00:00,548.9,
3552,3552,Credit Card,Success,1562.39,2025-10-10 04:00:00,275.71,FEST20
3553,3553,Credit Card,Success,2000.77,2026-03-27 03:00:00,222.31,SAVE15
3554,3554,Credit Card,Success,139158.48,2026-08-17 02:00:00,34789.62,NEWUSER
3555,3555,EMI,Success,312323.6,2025-09-13 00:00:00,0.0,SAVE15
3556,3556,Cash on Delivery,Success,7235.1,2024-08-17 02:00:00,0.0,SAVE15
3557,3557,Debit Card,Success,11681.01,2025-12-22 05:00:00,614.79,
3558,3558,UPI,Success,1560.84,2025-07-25 05:00:00,82.15,
3559,3559,Credit Card,Refunded,561.37,2026-03-19 04:00:00,29.55,
3560,3560,UPI,Success,7179.98,2025-10-24 03:00:00,0.0,NEWUSER
3561,3561,Credit Card,Success,6962.74,2025-09-09 04:00:00,773.64,WELCOME10
3562,3562,Credit Card,Success,822.1,2024-05-24 05:00:00,0.0,
3563,3563,Cash on Delivery,Success,2216.48,2025-04-28 03:00:00,116.66,
3564,3564,UPI,Success,3252.85,2026-04-26 02:00:00,0.0,FEST20
3565,3565,Credit Card,Success,3909.06,2026-08-17 01:00:00,689.83,
3566,3566,Credit Card,Success,807.27,2025-09-27 04:00:00,42.49,
3567,3567,UPI,Success,244.19,2025-12-18 01:00:00,12.85,WELCOME10
3568,3568,UPI,Success,503.11,2026-02-28 00:00:00,0.0,
3569,3569,UPI,Success,9312.28,2024-05-27 02:00:00,1643.34,
3570,3570,UPI,Success,1637.92,2026-03-15 00:00:00,0.0,
3571,3571,Cash on Delivery,Success,19351.28,2026-01-05 02:00:00,0.0,
3572,3572,Debit Card,Success,12002.85,2026-06-18 00:00:00,0.0,NEWUSER
3573,3573,Cash on Delivery,Success,253.21,2025-08-06 00:00:00,13.33,SAVE15
3574,3574,Debit Card,Success,1940.11,2026-06-20 01:00:00,215.57,NEWUSER
3575,3575,Credit Card,Success,5828.8,2025-09-11 00:00:00,0.0,
3576,3576,Credit Card,Success,9140.44,2025-09-12 00:00:00,1613.02,
3577,3577,Cash on Delivery,Success,1277.8,2026-03-17 01:00:00,0.0,
3578,3578,Debit Card,Success,8670.52,2026-05-17 00:00:00,0.0,
3579,3579,Cash on Delivery,Success,5788.37,2025-12-17 04:00:00,0.0,SAVE15
3580,3580,UPI,Success,4293.18,2025-12-12 05:00:00,757.62,
3581,3581,UPI,Success,989.11,2026-01-05 05:00:00,109.9,
3582,3582,Credit Card,Success,28644.78,2026-04-21 01:00:00,0.0,WELCOME10
3583,3583,Credit Card,Success,325.57,2026-04-14 03:00:00,81.39,
3584,3584,Credit Card,Success,24240.35,2025-12-25 00:00:00,1275.81,
3585,3585,Cash on Delivery,Success,669.63,2025-11-18 01:00:00,118.17,
3586,3586,Credit Card,Refunded,2002.48,2026-05-18 00:00:00,0.0,
3587,3587,UPI,Refunded,1604.12,2025-12-17 04:00:00,178.24,
3588,3588,EMI,Success,87338.18,2025-03-31 05:00:00,21834.54,NEWUSER
3589,3589,Cash on Delivery,Success,1256.59,2026-04-03 00:00:00,66.14,
3590,3590,Cash on Delivery,Success,73833.52,2025-10-22 00:00:00,13029.45,SAVE15
3591,3591,Credit Card,Success,6119.45,2025-04-07 04:00:00,322.08,FEST20
3592,3592,UPI,Success,1423.01,2025-06-04 05:00:00,0.0,WELCOME10
3593,3593,UPI,Success,11851.07,2026-02-28 01:00:00,623.74,
3594,3594,Cash on Delivery,Success,242.0,2024-01-20 02:00:00,42.7,SAVE15
3595,3595,Credit Card,Success,7212.39,2026-05-07 00:00:00,379.6,NEWUSER
3596,3596,UPI,Success,1473.48,2026-05-09 00:00:00,163.72,
3597,3597,UPI,Success,1440.85,2024-12-31 01:00:00,0.0,
3598,3598,UPI,Success,3364.5,2026-01-22 00:00:00,841.13,SAVE15
3599,3599,Cash on Delivery,Success,12152.38,2026-02-16 02:00:00,0.0,WELCOME10
3600,3600,UPI,Success,3184.03,2026-08-04 05:00:00,353.78,
3601,3601,Cash on Delivery,Success,1262.53,2026-04-23 01:00:00,315.63,
3602,3602,Credit Card,Success,417.11,2026-04-16 04:00:00,0.0,NEWUSER
3603,3603,UPI,Success,198.29,2025-09-17 00:00:00,10.44,FEST20
3604,3604,UPI,Success,788.65,2025-12-02 03:00:00,139.17,FEST20
3605,3605,Cash on Delivery,Success,861.47,2026-01-22 00:00:00,45.34,
3606,3606,Credit Card,Success,3018.1,2026-06-03 02:00:00,754.52,
3607,3607,UPI,Success,11303.46,2026-04-29 04:00:00,1255.94,FEST20
3608,3608,Credit Card,Success,35975.7,2024-09-29 02:00:00,0.0,
3609,3609,Net Banking,Success,1174.24,2025-10-26 04:00:00,293.56,WELCOME10
3610,3610,Net Banking,Success,419.47,2025-12-15 05:00:00,46.61,FEST20
3611,3611,Credit Card,Success,5256.44,2026-03-24 05:00:00,584.05,
3612,3612,UPI,Refunded,1538.88,2025-08-09 03:00:00,170.99,NEWUSER
3613,3613,Cash on Delivery,Not Applicable,5870.06,2025-11-29 04:00:00,1467.52,
3614,3614,EMI,Success,215.3,2026-07-10 03:00:00,0.0,SAVE15
3615,3615,UPI,Success,1289.32,2025-06-14 04:00:00,67.86,
3616,3616,UPI,Success,178049.93,2025-12-06 05:00:00,44512.48,WELCOME10
3617,3617,Credit Card,Success,4086.38,2026-07-18 00:00:00,0.0,
3618,3618,UPI,Success,3898.73,2025-02-03 03:00:00,433.19,
3619,3619,Cash on Delivery,Success,1734.8,2025-11-12 04:00:00,91.31,NEWUSER
3620,3620,Credit Card,Success,1068.92,2026-02-22 05:00:00,188.63,
3621,3621,Debit Card,Success,4021.89,2025-01-15 02:00:00,1005.47,WELCOME10
3622,3622,Credit Card,Success,5324.94,2026-01-18 04:00:00,0.0,NEWUSER
3623,3623,Cash on Delivery,Success,2921.07,2024-06-10 05:00:00,730.27,
3624,3624,UPI,Success,9628.38,2024-09-12 00:00:00,0.0,FEST20
3625,3625,Credit Card,Success,8126.29,2025-11-03 02:00:00,902.92,NEWUSER
3626,3626,UPI,Success,42839.46,2024-09-27 00:00:00,7559.91,WELCOME10
3627,3627,UPI,Success,858.74,2025-04-30 03:00:00,0.0,
3628,3628,UPI,Success,37256.66,2025-09-19 00:00:00,9314.16,
3629,3629,Cash on Delivery,Success,4129.02,2025-11-12 03:00:00,217.32,
3630,3630,Cash on Delivery,Success,4933.46,2026-03-23 03:00:00,259.66,FEST20
3631,3631,Cash on Delivery,Success,77981.22,2026-03-22 00:00:00,4104.28,
3632,3632,EMI,Refunded,134300.52,2025-12-03 04:00:00,33575.13,
3633,3633,Credit Card,Refunded,20502.31,2026-02-24 05:00:00,1079.07,NEWUSER
3634,3634,Debit Card,Success,7072.73,2026-01-15 04:00:00,372.25,WELCOME10
3635,3635,Cash on Delivery,Success,18914.62,2024-07-15 03:00:00,4728.66,
3636,3636,Cash on Delivery,Success,5912.5,2025-03-27 05:00:00,656.94,FEST20
3637,3637,UPI,Success,1232.76,2026-03-10 02:00:00,0.0,SAVE15
3638,3638,Net Banking,Success,75303.13,2025-06-05 05:00:00,0.0,NEWUSER
3639,3639,UPI,Success,117972.44,2025-12-26 01:00:00,0.0,NEWUSER
3640,3640,Credit Card,Success,24622.45,2024-07-19 03:00:00,2735.83,
3641,3641,Credit Card,Success,2060.86,2026-03-09 00:00:00,108.47,WELCOME10
3642,3642,UPI,Success,570.09,2026-03-14 02:00:00,63.34,
3643,3643,UPI,Success,865.96,2026-02-26 01:00:00,216.49,
3644,3644,Credit Card,Success,2576.39,2026-06-29 04:00:00,454.66,WELCOME10
3645,3645,Net Banking,Success,484.18,2026-01-03 02:00:00,85.44,
3646,3646,UPI,Success,22743.78,2026-03-14 00:00:00,2527.09,SAVE15
3647,3647,Cash on Delivery,Success,234.35,2024-10-21 02:00:00,58.59,
3648,3648,Debit Card,Success,5261.86,2026-03-28 03:00:00,1315.46,FEST20
3649,3649,UPI,Success,1443.01,2025-09-05 00:00:00,0.0,FEST20
3650,3650,Cash on Delivery,Success,1934.12,2025-09-23 05:00:00,0.0,SAVE15
3651,3651,Net Banking,Success,1370.34,2026-03-20 01:00:00,72.12,NEWUSER
3652,3652,UPI,Success,8156.63,2026-08-08 01:00:00,0.0,
3653,3653,UPI,Success,10174.98,2026-01-26 01:00:00,1795.58,WELCOME10
3654,3654,Cash on Delivery,Success,11667.27,2024-12-19 01:00:00,0.0,FEST20
3655,3655,UPI,Success,1997.35,2024-11-05 05:00:00,105.12,SAVE15
3656,3656,Credit Card,Success,749.04,2025-12-06 03:00:00,0.0,
3657,3657,Debit Card,Success,10950.51,2026-04-03 00:00:00,2737.63,
3658,3658,Credit Card,Success,6184.93,2024-06-28 04:00:00,325.52,WELCOME10
3659,3659,UPI,Success,900.24,2024-08-02 04:00:00,0.0,
3660,3660,EMI,Success,103.38,2025-05-10 05:00:00,0.0,
3661,3661,Net Banking,Success,1181.62,2026-04-03 04:00:00,0.0,NEWUSER
3662,3662,Net Banking,Success,2244.34,2024-11-26 02:00:00,0.0,
3663,3663,Net Banking,Success,139479.28,2025-12-17 02:00:00,15497.7,WELCOME10
3664,3664,UPI,Success,1908.01,2025-10-12 02:00:00,0.0,FEST20
3665,3665,UPI,Success,5082.32,2025-12-14 04:00:00,0.0,
3666,3666,Cash on Delivery,Success,9164.03,2025-05-15 02:00:00,1018.23,NEWUSER
3667,3667,UPI,Success,6621.86,2026-01-24 00:00:00,0.0,WELCOME10
3668,3668,Cash on Delivery,Success,8305.51,2024-11-09 05:00:00,0.0,
3669,3669,Credit Card,Success,1800.57,2025-09-15 05:00:00,200.06,
3670,3670,Cash on Delivery,Success,48965.26,2026-03-06 04:00:00,5440.59,FEST20
3671,3671,Cash on Delivery,Success,15341.98,2025-07-29 03:00:00,3835.5,SAVE15
3672,3672,UPI,Success,9008.11,2025-07-10 01:00:00,0.0,NEWUSER
3673,3673,Credit Card,Success,9461.63,2026-05-30 00:00:00,1051.29,SAVE15
3674,3674,UPI,Success,76367.03,2026-02-12 00:00:00,8485.23,
3675,3675,Credit Card,Success,7093.26,2024-01-12 03:00:00,0.0,FEST20
3676,3676,Net Banking,Success,215.55,2025-05-22 05:00:00,11.34,NEWUSER
3677,3677,UPI,Success,18979.97,2025-12-05 04:00:00,3349.41,SAVE15
3678,3678,Cash on Delivery,Success,7414.15,2025-07-04 00:00:00,0.0,
3679,3679,Credit Card,Refunded,2080.63,2026-02-13 03:00:00,109.51,SAVE15
3680,3680,Net Banking,Refunded,710.12,2025-09-18 04:00:00,177.53,FEST20
3681,3681,UPI,Success,6214.11,2026-05-18 03:00:00,1553.53,
3682,3682,UPI,Success,167773.17,2025-08-20 03:00:00,8830.17,
3683,3683,Cash on Delivery,Success,1707.31,2025-12-08 01:00:00,426.83,
3684,3684,Cash on Delivery,Success,6747.18,2024-01-02 00:00:00,0.0,SAVE15
3685,3685,UPI,Success,58632.8,2026-07-15 04:00:00,0.0,FEST20
3686,3686,Debit Card,Success,690.09,2025-09-24 02:00:00,36.32,SAVE15
3687,3687,UPI,Refunded,1548.07,2025-12-20 00:00:00,273.19,NEWUSER
3688,3688,Credit Card,Success,4575.91,2025-01-31 03:00:00,508.43,SAVE15
3689,3689,UPI,Success,228.61,2024-04-05 01:00:00,57.15,FEST20
3690,3690,UPI,Success,671.63,2026-08-10 02:00:00,0.0,WELCOME10
3691,3691,UPI,Success,771.16,2025-12-31 02:00:00,0.0,
3692,3692,Debit Card,Success,481.99,2026-05-04 03:00:00,120.5,NEWUSER
3693,3693,UPI,Success,3395.67,2025-11-11 03:00:00,848.92,NEWUSER
3694,3694,Credit Card,Success,8407.81,2026-02-13 02:00:00,0.0,
3695,3695,Credit Card,Success,1696.32,2025-12-01 05:00:00,0.0,NEWUSER
3696,3696,Debit Card,Success,1797.93,2024-11-19 01:00:00,449.48,
3697,3697,Cash on Delivery,Success,680.66,2026-05-14 04:00:00,170.16,WELCOME10
3698,3698,UPI,Success,128097.77,2026-03-25 03:00:00,22605.49,
3699,3699,Cash on Delivery,Success,2241.15,2025-04-17 01:00:00,117.95,FEST20
3700,3700,Credit Card,Success,3957.26,2025-09-22 05:00:00,989.31,SAVE15
3701,3701,UPI,Success,1823.53,2025-01-11 04:00:00,0.0,NEWUSER
3702,3702,Credit Card,Success,916.62,2026-03-09 04:00:00,101.85,
3703,3703,Debit Card,Success,884.85,2024-10-09 00:00:00,0.0,NEWUSER
3704,3704,Cash on Delivery,Success,972.06,2026-01-19 00:00:00,0.0,
3705,3705,UPI,Success,1024.44,2025-11-20 00:00:00,180.78,
3706,3706,UPI,Success,3108.27,2025-11-24 00:00:00,163.59,
3707,3707,Net Banking,Success,108456.03,2024-06-23 05:00:00,27114.01,
3708,3708,Debit Card,Success,3077.82,2025-09-04 01:00:00,769.45,FEST20
3709,3709,EMI,Success,1117.05,2025-07-17 00:00:00,0.0,SAVE15
3710,3710,UPI,Success,7252.75,2026-04-12 02:00:00,0.0,NEWUSER
3711,3711,Credit Card,Success,1568.66,2025-07-01 04:00:00,174.3,SAVE15
3712,3712,UPI,Pending,71017.71,2026-06-11 04:00:00,3737.77,WELCOME10
3713,3713,UPI,Success,69144.1,2023-11-24 04:00:00,12201.9,FEST20
3714,3714,UPI,Success,4386.64,2026-08-17 03:00:00,230.88,WELCOME10
3715,3715,Debit Card,Refunded,2342.82,2026-05-04 04:00:00,0.0,
3716,3716,UPI,Success,3169.88,2025-12-13 03:00:00,559.39,
3717,3717,UPI,Success,1112.91,2025-12-20 04:00:00,58.57,
3718,3718,UPI,Success,137.11,2025-10-17 05:00:00,15.23,FEST20
3719,3719,UPI,Success,454.47,2025-01-22 05:00:00,0.0,
3720,3720,UPI,Success,1394.11,2025-04-14 01:00:00,0.0,NEWUSER
3721,3721,Debit Card,Success,5283.0,2025-06-22 01:00:00,1320.75,FEST20
3722,3722,Cash on Delivery,Success,7918.19,2026-02-09 01:00:00,416.75,NEWUSER
3723,3723,EMI,Success,5392.13,2026-02-16 03:00:00,951.55,
3724,3724,Cash on Delivery,Success,12559.7,2026-08-03 02:00:00,1395.52,
3725,3725,EMI,Success,110740.92,2024-12-05 05:00:00,0.0,
3726,3726,UPI,Success,10137.38,2026-01-10 00:00:00,0.0,SAVE15
3727,3727,Credit Card,Success,184.78,2024-06-09 01:00:00,46.19,
3728,3728,Debit Card,Success,1718.29,2026-01-01 05:00:00,190.92,
3729,3729,UPI,Refunded,11368.64,2025-09-21 03:00:00,1263.18,WELCOME10
3730,3730,Credit Card,Success,1560.13,2026-07-28 04:00:00,0.0,NEWUSER
3731,3731,UPI,Success,3004.23,2025-06-11 00:00:00,0.0,
3732,3732,Debit Card,Refunded,17619.41,2026-01-21 05:00:00,927.34,NEWUSER
3733,3733,UPI,Success,1878.91,2025-09-06 03:00:00,469.73,
3734,3734,Credit Card,Success,9289.52,2026-06-04 02:00:00,2322.38,WELCOME10
3735,3735,Debit Card,Success,227.32,2025-12-30 01:00:00,0.0,
3736,3736,Credit Card,Success,19699.3,2026-03-28 05:00:00,4924.83,SAVE15
3737,3737,Credit Card,Success,5639.62,2026-07-31 05:00:00,1409.91,
3738,3738,UPI,Success,3999.17,2024-06-02 05:00:00,999.79,FEST20
3739,3739,Credit Card,Refunded,5564.69,2025-01-22 02:00:00,292.88,FEST20
3740,3740,UPI,Success,2416.17,2025-10-24 03:00:00,127.17,
3741,3741,UPI,Success,1603.81,2024-02-24 01:00:00,84.41,FEST20
3742,3742,Debit Card,Success,637.11,2025-12-26 02:00:00,112.43,
3743,3743,Debit Card,Success,2226.67,2024-12-05 00:00:00,117.19,SAVE15
3744,3744,UPI,Success,6187.56,2025-10-26 01:00:00,0.0,
3745,3745,Cash on Delivery,Success,11530.21,2026-02-16 04:00:00,2882.55,NEWUSER
3746,3746,Debit Card,Success,16406.08,2024-11-25 00:00:00,4101.52,SAVE15
3747,3747,Debit Card,Success,8445.42,2026-04-14 00:00:00,444.5,
3748,3748,Credit Card,Success,3858.54,2024-09-30 00:00:00,0.0,SAVE15
3749,3749,Cash on Delivery,Success,98461.49,2026-02-04 05:00:00,24615.37,
3750,3750,Credit Card,Success,12324.54,2025-05-13 04:00:00,0.0,NEWUSER
3751,3751,EMI,Pending,31255.26,2025-11-21 01:00:00,5515.64,NEWUSER
3752,3752,Credit Card,Success,141259.07,2025-05-30 02:00:00,15695.45,
3753,3753,Net Banking,Success,1573.15,2025-09-27 02:00:00,277.62,
3754,3754,UPI,Success,219.42,2025-09-13 05:00:00,11.55,SAVE15
3755,3755,UPI,Success,717.73,2025-03-15 05:00:00,0.0,
3756,3756,Net Banking,Success,616.0,2025-11-25 03:00:00,68.45,SAVE15
3757,3757,UPI,Success,17797.09,2025-10-05 05:00:00,936.69,WELCOME10
3758,3758,Debit Card,Success,1172.38,2025-02-07 02:00:00,0.0,SAVE15
3759,3759,Credit Card,Success,1508.36,2025-07-09 05:00:00,167.6,
3760,3760,Debit Card,Success,11278.86,2023-12-21 01:00:00,0.0,FEST20
3761,3761,Debit Card,Success,35823.72,2025-11-22 05:00:00,0.0,FEST20
3762,3762,Debit Card,Success,3184.48,2025-11-12 00:00:00,0.0,FEST20
3763,3763,UPI,Success,740.25,2025-12-27 01:00:00,185.06,
3764,3764,Cash on Delivery,Success,1717.7,2026-06-17 05:00:00,0.0,
3765,3765,Credit Card,Success,474.27,2026-03-20 00:00:00,118.57,WELCOME10
3766,3766,Debit Card,Success,2741.3,2024-01-16 05:00:00,483.76,SAVE15
3767,3767,Cash on Delivery,Success,5459.14,2026-07-22 00:00:00,0.0,
3768,3768,UPI,Success,3694.87,2024-11-08 04:00:00,0.0,
3769,3769,UPI,Success,3429.16,2024-06-17 03:00:00,605.14,
3770,3770,UPI,Success,856.75,2025-10-07 02:00:00,0.0,
3771,3771,Debit Card,Success,1319.58,2026-02-08 04:00:00,329.9,
3772,3772,UPI,Success,7500.08,2026-01-08 03:00:00,1875.02,SAVE15
3773,3773,UPI,Success,5310.38,2025-02-20 04:00:00,279.49,SAVE15
3774,3774,Net Banking,Success,107490.67,2025-06-17 01:00:00,26872.67,SAVE15
3775,3775,UPI,Success,59597.94,2025-06-13 02:00:00,0.0,FEST20
3776,3776,Cash on Delivery,Success,11077.32,2025-09-06 01:00:00,583.02,FEST20
3777,3777,Cash on Delivery,Success,1535.48,2024-06-16 04:00:00,270.97,
3778,3778,UPI,Success,1343.06,2025-04-09 04:00:00,0.0,FEST20
3779,3779,Credit Card,Success,135.88,2024-09-21 01:00:00,15.1,SAVE15
3780,3780,Cash on Delivery,Success,1615.96,2025-11-05 03:00:00,0.0,
3781,3781,Credit Card,Success,636.86,2025-10-30 00:00:00,159.22,NEWUSER
3782,3782,Debit Card,Success,1058.69,2026-08-17 02:00:00,117.63,
3783,3783,Cash on Delivery,Success,599.24,2026-02-18 00:00:00,31.54,SAVE15
3784,3784,Cash on Delivery,Success,1610.46,2026-03-15 04:00:00,0.0,
3785,3785,Debit Card,Success,15763.06,2025-09-29 05:00:00,3940.77,NEWUSER
3786,3786,Cash on Delivery,Success,10161.75,2026-04-15 01:00:00,0.0,WELCOME10
3787,3787,Net Banking,Success,277.7,2024-10-15 04:00:00,0.0,FEST20
3788,3788,UPI,Success,931.12,2025-11-27 04:00:00,49.01,
3789,3789,Net Banking,Success,164589.92,2025-12-16 01:00:00,8662.63,
3790,3790,EMI,Success,1508.0,2026-02-21 02:00:00,266.12,FEST20
3791,3791,Credit Card,Success,1462.74,2024-11-14 01:00:00,365.68,SAVE15
3792,3792,Net Banking,Success,344.78,2024-12-06 03:00:00,38.31,FEST20
3793,3793,UPI,Success,1435.98,2025-09-28 02:00:00,75.58,NEWUSER
3794,3794,UPI,Success,16381.67,2026-03-25 04:00:00,862.19,
3795,3795,UPI,Success,82079.88,2025-10-09 03:00:00,0.0,WELCOME10
3796,3796,UPI,Success,51411.32,2025-11-11 03:00:00,2705.86,FEST20
3797,3797,Cash on Delivery,Success,198.93,2025-11-27 02:00:00,35.1,WELCOME10
3798,3798,Debit Card,Success,9786.38,2026-03-17 03:00:00,1087.38,WELCOME10
3799,3799,Cash on Delivery,Success,613.07,2025-08-01 05:00:00,108.19,WELCOME10
3800,3800,Net Banking,Success,3106.99,2025-10-14 02:00:00,0.0,
3801,3801,UPI,Success,483.45,2026-05-11 01:00:00,85.32,NEWUSER
3802,3802,Net Banking,Success,2895.08,2025-10-16 04:00:00,0.0,SAVE15
3803,3803,Cash on Delivery,Success,4337.18,2025-09-22 00:00:00,481.91,SAVE15
3804,3804,Cash on Delivery,Not Applicable,144436.08,2026-05-20 03:00:00,36109.02,NEWUSER
3805,3805,Credit Card,Success,84257.53,2026-03-18 01:00:00,0.0,WELCOME10
3806,3806,UPI,Success,3482.55,2025-04-04 04:00:00,183.29,NEWUSER
3807,3807,UPI,Success,9106.08,2025-06-07 02:00:00,0.0,SAVE15
3808,3808,UPI,Success,45367.59,2024-02-16 01:00:00,2387.77,SAVE15
3809,3809,EMI,Success,717.04,2026-07-09 00:00:00,179.26,
3810,3810,UPI,Success,125330.41,2026-04-27 04:00:00,22117.13,SAVE15
3811,3811,Credit Card,Success,10262.45,2026-03-13 05:00:00,1140.27,SAVE15
3812,3812,Net Banking,Success,1733.15,2024-11-05 03:00:00,91.22,FEST20
3813,3813,Debit Card,Success,926.35,2025-07-28 05:00:00,231.59,
3814,3814,EMI,Success,575.13,2026-06-16 05:00:00,63.9,
3815,3815,Credit Card,Success,10258.44,2025-10-11 03:00:00,2564.61,SAVE15
3816,3816,Net Banking,Success,2170.42,2024-07-13 02:00:00,0.0,FEST20
3817,3817,Credit Card,Success,10699.66,2025-04-12 00:00:00,2674.91,
3818,3818,Net Banking,Success,3393.45,2025-06-06 04:00:00,598.85,
3819,3819,EMI,Success,5952.79,2025-12-08 03:00:00,1050.49,
3820,3820,Cash on Delivery,Success,53130.81,2026-03-20 00:00:00,9376.03,
3821,3821,UPI,Success,3731.98,2026-02-08 05:00:00,0.0,WELCOME10
3822,3822,Cash on Delivery,Not Applicable,149.73,2026-06-05 02:00:00,26.42,
3823,3823,Cash on Delivery,Success,783.31,2026-02-21 01:00:00,87.03,
3824,3824,Credit Card,Success,1164.67,2025-01-15 00:00:00,0.0,FEST20
3825,3825,Debit Card,Success,521.35,2026-07-18 00:00:00,92.0,SAVE15
3826,3826,Cash on Delivery,Success,23807.97,2026-06-22 01:00:00,4201.41,WELCOME10
3827,3827,UPI,Success,24785.16,2025-10-20 02:00:00,1304.48,SAVE15
3828,3828,Credit Card,Success,7078.93,2024-10-17 01:00:00,1769.73,FEST20
3829,3829,Debit Card,Success,126606.14,2026-01-09 01:00:00,31651.54,
3830,3830,Credit Card,Success,544.83,2025-05-09 04:00:00,0.0,FEST20
3831,3831,UPI,Success,563.26,2025-07-09 04:00:00,140.81,NEWUSER
3832,3832,EMI,Success,19358.44,2026-04-09 02:00:00,0.0,
3833,3833,Net Banking,Success,626.92,2026-02-09 05:00:00,69.66,NEWUSER
3834,3834,Cash on Delivery,Success,1992.67,2025-12-20 05:00:00,351.65,
3835,3835,Cash on Delivery,Success,1766.32,2025-02-02 00:00:00,441.58,FEST20
3836,3836,UPI,Success,4622.18,2025-11-24 00:00:00,0.0,WELCOME10
3837,3837,Cash on Delivery,Success,5785.34,2026-02-27 03:00:00,0.0,NEWUSER
3838,3838,UPI,Success,6337.97,2025-11-11 01:00:00,333.58,
3839,3839,Credit Card,Success,2154.94,2025-03-12 00:00:00,380.28,SAVE15
3840,3840,UPI,Refunded,860.34,2026-05-30 03:00:00,0.0,NEWUSER
3841,3841,UPI,Success,2213.64,2025-10-20 01:00:00,0.0,NEWUSER
3842,3842,Cash on Delivery,Success,715.0,2026-03-05 04:00:00,79.44,NEWUSER
3843,3843,EMI,Success,264.38,2026-04-02 02:00:00,13.92,WELCOME10
3844,3844,UPI,Refunded,159.93,2025-01-25 01:00:00,28.22,NEWUSER
3845,3845,Credit Card,Success,4308.28,2026-03-29 03:00:00,0.0,WELCOME10
3846,3846,Net Banking,Success,4629.38,2025-10-10 00:00:00,0.0,SAVE15
3847,3847,UPI,Success,3622.77,2026-01-04 00:00:00,402.53,
3848,3848,UPI,Refunded,69181.98,2026-04-15 00:00:00,3641.16,FEST20
3849,3849,Cash on Delivery,Success,8484.12,2026-03-30 02:00:00,446.53,
3850,3850,Credit Card,Success,3007.4,2025-10-02 04:00:00,530.72,SAVE15
3851,3851,UPI,Success,2335.82,2026-04-25 02:00:00,0.0,NEWUSER
3852,3852,Cash on Delivery,Success,36479.63,2026-03-29 03:00:00,9119.91,SAVE15
3853,3853,Credit Card,Success,427.48,2025-11-27 02:00:00,75.44,FEST20
3854,3854,UPI,Success,4569.78,2026-07-13 01:00:00,1142.44,
3855,3855,UPI,Success,1356.04,2025-06-26 00:00:00,239.3,
3856,3856,UPI,Success,1322.5,2026-04-14 05:00:00,330.62,WELCOME10
3857,3857,EMI,Success,5801.96,2026-01-12 04:00:00,0.0,
3858,3858,Net Banking,Success,225.07,2025-03-11 04:00:00,56.27,SAVE15
3859,3859,Cash on Delivery,Success,2610.57,2025-08-19 03:00:00,290.06,SAVE15
3860,3860,Credit Card,Success,2699.69,2026-02-08 03:00:00,0.0,NEWUSER
3861,3861,Cash on Delivery,Success,9474.03,2025-06-18 02:00:00,0.0,
3862,3862,Net Banking,Refunded,4020.75,2024-08-13 04:00:00,446.75,FEST20
3863,3863,EMI,Success,504.35,2024-07-18 01:00:00,56.04,NEWUSER
3864,3864,UPI,Success,8449.18,2026-03-01 02:00:00,938.8,
3865,3865,Credit Card,Success,1728.66,2025-01-07 01:00:00,432.16,
3866,3866,UPI,Success,71150.01,2026-05-08 01:00:00,0.0,
3867,3867,Cash on Delivery,Success,68997.58,2026-02-16 04:00:00,3631.45,
3868,3868,Debit Card,Success,1987.07,2025-04-28 03:00:00,350.66,
3869,3869,UPI,Success,2034.68,2026-04-27 03:00:00,226.08,WELCOME10
3870,3870,Credit Card,Success,1363.88,2026-02-11 00:00:00,0.0,
3871,3871,UPI,Success,1054.78,2025-09-24 01:00:00,263.69,NEWUSER
3872,3872,Cash on Delivery,Success,134740.0,2024-06-18 00:00:00,0.0,
3873,3873,UPI,Success,4549.57,2025-02-21 00:00:00,802.87,FEST20
3874,3874,Cash on Delivery,Success,3244.42,2025-09-05 04:00:00,0.0,FEST20
3875,3875,Credit Card,Success,495.31,2026-08-17 05:00:00,55.03,
3876,3876,UPI,Success,2512.71,2025-11-20 02:00:00,132.25,FEST20
3877,3877,Debit Card,Success,6339.55,2025-11-02 05:00:00,0.0,WELCOME10
3878,3878,Cash on Delivery,Success,1051.84,2024-11-22 04:00:00,0.0,SAVE15
3879,3879,UPI,Success,79514.62,2025-01-17 02:00:00,4184.98,
3880,3880,Credit Card,Success,1515.3,2025-11-30 02:00:00,0.0,FEST20
3881,3881,Credit Card,Success,1843.72,2025-12-19 02:00:00,460.93,SAVE15
3882,3882,Credit Card,Success,17449.02,2023-11-05 05:00:00,3079.24,
3883,3883,Debit Card,Success,3848.39,2025-04-08 00:00:00,679.13,
3884,3884,UPI,Refunded,3454.76,2024-10-17 03:00:00,0.0,NEWUSER
3885,3885,Credit Card,Success,8180.54,2025-08-27 03:00:00,908.95,WELCOME10
3886,3886,UPI,Success,4861.3,2025-05-29 00:00:00,255.86,WELCOME10
3887,3887,UPI,Success,6700.02,2025-06-07 01:00:00,1182.36,
3888,3888,UPI,Success,6315.75,2025-12-22 00:00:00,332.41,SAVE15
3889,3889,EMI,Success,64872.76,2025-11-16 05:00:00,16218.19,NEWUSER
3890,3890,Cash on Delivery,Success,1977.65,2026-03-27 01:00:00,494.41,FEST20
3891,3891,UPI,Success,11032.69,2026-04-14 02:00:00,1946.95,NEWUSER
3892,3892,Debit Card,Success,10289.35,2026-03-21 00:00:00,541.54,
3893,3893,EMI,Success,1022.9,2026-07-25 05:00:00,0.0,
3894,3894,Credit Card,Success,5590.75,2025-05-08 05:00:00,621.2,NEWUSER
3895,3895,Cash on Delivery,Success,9796.76,2025-09-27 01:00:00,515.62,FEST20
3896,3896,EMI,Success,1768.28,2026-03-07 01:00:00,93.07,NEWUSER
3897,3897,Credit Card,Success,1420.14,2025-09-06 00:00:00,74.74,WELCOME10
3898,3898,Debit Card,Success,11396.96,2025-07-31 03:00:00,599.84,
3899,3899,Credit Card,Success,892.69,2026-04-11 04:00:00,46.98,FEST20
3900,3900,Net Banking,Success,3166.37,2025-06-28 04:00:00,351.82,SAVE15
3901,3901,UPI,Success,10875.48,2025-06-05 03:00:00,0.0,
3902,3902,Cash on Delivery,Success,36442.73,2025-09-11 01:00:00,4049.19,WELCOME10
3903,3903,Credit Card,Success,520.48,2026-08-17 02:00:00,0.0,
3904,3904,UPI,Success,55275.53,2024-11-11 04:00:00,6141.73,
3905,3905,UPI,Success,9181.74,2026-03-14 03:00:00,0.0,SAVE15
3906,3906,UPI,Success,26843.52,2025-02-27 01:00:00,1412.82,NEWUSER
3907,3907,Debit Card,Success,3476.03,2025-01-04 00:00:00,386.23,WELCOME10
3908,3908,UPI,Success,1132.59,2025-07-26 01:00:00,0.0,SAVE15
3909,3909,EMI,Refunded,4986.44,2026-02-18 05:00:00,0.0,SAVE15
3910,3910,Credit Card,Success,89379.79,2026-03-09 01:00:00,4704.2,WELCOME10
3911,3911,Net Banking,Success,3466.6,2026-04-20 00:00:00,182.45,FEST20
3912,3912,Net Banking,Success,1289.92,2024-12-14 03:00:00,143.33,
3913,3913,UPI,Success,4871.5,2025-12-10 05:00:00,1217.88,
3914,3914,Cash on Delivery,Success,1334.6,2025-08-03 01:00:00,148.29,
3915,3915,UPI,Success,1625.76,2026-04-12 00:00:00,180.64,
3916,3916,Debit Card,Success,4401.83,2026-04-15 05:00:00,0.0,SAVE15
3917,3917,Cash on Delivery,Not Applicable,319.97,2024-07-12 05:00:00,56.46,WELCOME10
3918,3918,Credit Card,Refunded,6577.78,2025-11-24 01:00:00,1644.44,
3919,3919,UPI,Success,1342.74,2026-08-01 01:00:00,0.0,
3920,3920,UPI,Success,1537.33,2026-03-15 05:00:00,384.33,SAVE15
3921,3921,Credit Card,Success,11643.67,2026-07-11 01:00:00,612.82,WELCOME10
3922,3922,Net Banking,Success,2536.05,2026-03-12 03:00:00,0.0,
3923,3923,UPI,Success,11516.28,2025-05-25 04:00:00,0.0,SAVE15
3924,3924,UPI,Success,14017.2,2025-07-24 05:00:00,0.0,WELCOME10
3925,3925,UPI,Success,9143.5,2025-10-04 02:00:00,481.24,NEWUSER
3926,3926,UPI,Pending,9625.17,2025-05-04 01:00:00,1069.46,SAVE15
3927,3927,Net Banking,Success,4255.2,2024-05-25 00:00:00,0.0,NEWUSER
3928,3928,UPI,Success,1295.8,2026-01-19 04:00:00,68.2,
3929,3929,Credit Card,Success,4714.58,2026-01-22 02:00:00,1178.64,
3930,3930,UPI,Success,711.06,2025-12-24 03:00:00,177.77,FEST20
3931,3931,Cash on Delivery,Success,11741.62,2026-03-21 02:00:00,0.0,FEST20
3932,3932,Net Banking,Success,3015.07,2026-08-11 04:00:00,753.77,
3933,3933,Credit Card,Success,1437.17,2026-06-03 05:00:00,75.64,WELCOME10
3934,3934,UPI,Success,879.68,2025-09-26 00:00:00,97.74,FEST20
3935,3935,UPI,Success,40986.7,2026-02-12 05:00:00,2157.2,
3936,3936,Cash on Delivery,Success,64349.86,2026-03-20 05:00:00,0.0,FEST20
3937,3937,Credit Card,Success,10939.0,2026-02-11 04:00:00,0.0,WELCOME10
3938,3938,UPI,Success,997.27,2026-03-22 03:00:00,0.0,WELCOME10
3939,3939,UPI,Success,2825.66,2025-09-25 01:00:00,0.0,FEST20
3940,3940,Net Banking,Success,36270.52,2025-11-07 04:00:00,0.0,SAVE15
3941,3941,Credit Card,Success,41199.28,2026-03-13 04:00:00,4577.7,NEWUSER
3942,3942,UPI,Success,1997.3,2026-05-22 01:00:00,0.0,
3943,3943,Credit Card,Success,710.05,2026-08-17 01:00:00,125.3,
3944,3944,Credit Card,Success,2532.18,2024-10-17 04:00:00,633.05,FEST20
3945,3945,Cash on Delivery,Success,202.49,2026-03-19 03:00:00,0.0,FEST20
3946,3946,EMI,Success,3439.36,2026-03-23 00:00:00,606.95,WELCOME10
3947,3947,Cash on Delivery,Success,36952.88,2026-03-12 02:00:00,1944.89,
3948,3948,Credit Card,Success,2112.86,2025-06-22 00:00:00,234.76,
3949,3949,UPI,Success,204402.41,2026-03-08 00:00:00,51100.6,
3950,3950,EMI,Success,402.32,2026-02-16 02:00:00,44.7,
3951,3951,UPI,Success,415.17,2026-08-15 03:00:00,73.27,
3952,3952,UPI,Success,4251.39,2026-03-03 00:00:00,472.38,
3953,3953,Net Banking,Success,7516.31,2025-11-17 05:00:00,0.0,WELCOME10
3954,3954,UPI,Success,962.96,2025-04-17 00:00:00,0.0,FEST20
3955,3955,UPI,Success,16833.62,2026-04-11 03:00:00,2970.64,
3956,3956,Credit Card,Success,42220.54,2026-04-16 05:00:00,2222.13,
3957,3957,UPI,Success,386.01,2026-02-18 03:00:00,42.89,WELCOME10
3958,3958,Cash on Delivery,Success,7574.86,2025-12-04 02:00:00,0.0,FEST20
3959,3959,UPI,Success,6780.7,2025-06-18 02:00:00,0.0,FEST20
3960,3960,Cash on Delivery,Success,489.44,2025-08-12 01:00:00,25.76,
3961,3961,Net Banking,Success,125156.03,2026-08-08 04:00:00,31289.01,FEST20
3962,3962,Debit Card,Success,31806.88,2026-02-15 00:00:00,3534.1,NEWUSER
3963,3963,Debit Card,Success,1731.82,2025-08-04 02:00:00,305.61,SAVE15
3964,3964,Debit Card,Success,770.5,2026-01-20 04:00:00,0.0,FEST20
3965,3965,UPI,Success,49932.67,2026-07-14 05:00:00,0.0,
3966,3966,UPI,Success,14904.28,2025-09-29 04:00:00,3726.07,
3967,3967,UPI,Refunded,1876.69,2025-10-24 01:00:00,469.17,SAVE15
3968,3968,Credit Card,Success,10095.83,2025-06-04 05:00:00,1781.62,
3969,3969,Debit Card,Success,3152.14,2026-02-27 04:00:00,0.0,FEST20
3970,3970,Credit Card,Success,155478.62,2024-11-06 04:00:00,17275.4,SAVE15
3971,3971,Cash on Delivery,Pending,3519.61,2025-04-12 00:00:00,391.07,
3972,3972,UPI,Refunded,4074.26,2026-05-23 01:00:00,0.0,
3973,3973,EMI,Success,1535.84,2026-02-08 01:00:00,80.83,
3974,3974,Cash on Delivery,Success,523.4,2026-06-10 02:00:00,130.85,
3975,3975,EMI,Success,2996.21,2025-09-04 01:00:00,749.05,NEWUSER
3976,3976,Debit Card,Success,1990.88,2026-01-12 04:00:00,351.33,WELCOME10
3977,3977,UPI,Success,3774.62,2025-08-20 00:00:00,198.66,WELCOME10
3978,3978,UPI,Success,311.6,2024-04-11 04:00:00,54.99,FEST20
3979,3979,Credit Card,Success,11553.35,2026-08-17 03:00:00,1283.71,
3980,3980,UPI,Success,8675.68,2026-08-14 04:00:00,2168.92,
3981,3981,Credit Card,Success,1957.29,2025-08-19 03:00:00,103.02,SAVE15
3982,3982,UPI,Success,15998.05,2026-03-10 05:00:00,3999.51,
3983,3983,UPI,Success,1860.62,2026-03-06 02:00:00,328.35,WELCOME10
3984,3984,Credit Card,Refunded,9721.64,2026-08-17 01:00:00,0.0,NEWUSER
3985,3985,Cash on Delivery,Success,730.99,2025-12-23 03:00:00,182.75,WELCOME10
3986,3986,Debit Card,Success,2975.42,2025-08-09 03:00:00,743.86,WELCOME10
3987,3987,UPI,Refunded,2790.28,2025-12-29 00:00:00,492.4,
3988,3988,Credit Card,Success,532.24,2026-02-19 05:00:00,28.01,
3989,3989,Cash on Delivery,Success,762.38,2025-12-17 03:00:00,0.0,FEST20
3990,3990,Cash on Delivery,Success,407.88,2025-02-09 01:00:00,0.0,
3991,3991,Net Banking,Success,915.49,2026-03-05 03:00:00,48.18,
3992,3992,Net Banking,Success,1955.0,2026-04-30 03:00:00,217.22,
3993,3993,UPI,Success,3420.02,2025-08-06 03:00:00,0.0,FEST20
3994,3994,UPI,Success,13399.74,2025-06-22 00:00:00,0.0,FEST20
3995,3995,Debit Card,Success,1632.2,2026-03-19 01:00:00,0.0,SAVE15
3996,3996,UPI,Success,1523.98,2026-07-16 00:00:00,0.0,
3997,3997,UPI,Success,2317.8,2025-07-09 04:00:00,0.0,FEST20
3998,3998,UPI,Success,473.34,2026-03-30 03:00:00,118.34,
3999,3999,Debit Card,Success,19207.66,2025-07-03 05:00:00,4801.92,WELCOME10
4000,4000,Debit Card,Success,808.28,2025-06-02 04:00:00,0.0,
4001,4001,UPI,Success,3934.4,2026-03-11 00:00:00,694.3,SAVE15
4002,4002,UPI,Success,14770.49,2025-06-10 03:00:00,1641.17,WELCOME10
4003,4003,UPI,Success,2475.56,2026-04-18 01:00:00,130.29,FEST20
4004,4004,UPI,Success,2002.39,2026-02-08 01:00:00,500.6,SAVE15
4005,4005,Cash on Delivery,Success,5726.28,2025-01-29 04:00:00,636.25,NEWUSER
4006,4006,Net Banking,Success,1018.5,2026-03-06 04:00:00,179.74,WELCOME10
4007,4007,Debit Card,Success,3711.26,2026-05-27 01:00:00,927.82,
4008,4008,Cash on Delivery,Success,5119.38,2026-07-10 04:00:00,568.82,SAVE15
4009,4009,Debit Card,Refunded,1123.69,2025-12-09 04:00:00,0.0,
4010,4010,Debit Card,Success,1878.45,2026-02-27 01:00:00,98.87,
4011,4011,EMI,Success,21597.86,2025-11-18 02:00:00,5399.46,NEWUSER
4012,4012,Credit Card,Success,7602.39,2025-03-19 04:00:00,400.13,FEST20
4013,4013,UPI,Success,2783.8,2026-03-06 04:00:00,309.31,
4014,4014,Debit Card,Success,9076.67,2026-05-03 00:00:00,2269.17,NEWUSER
4015,4015,UPI,Success,578.52,2025-09-21 02:00:00,102.09,SAVE15
4016,4016,Cash on Delivery,Success,7077.17,2025-07-02 05:00:00,786.35,
4017,4017,Credit Card,Success,2096.38,2024-10-10 04:00:00,110.34,SAVE15
4018,4018,EMI,Success,27813.27,2025-11-30 00:00:00,0.0,
4019,4019,Cash on Delivery,Success,3659.47,2025-09-29 02:00:00,914.87,NEWUSER
4020,4020,EMI,Success,17989.54,2025-10-29 03:00:00,946.82,
4021,4021,Debit Card,Success,902.67,2025-10-17 00:00:00,159.3,NEWUSER
4022,4022,EMI,Success,2667.71,2026-01-11 05:00:00,470.77,
4023,4023,Cash on Delivery,Success,41900.78,2026-06-08 05:00:00,7394.26,SAVE15
4024,4024,Cash on Delivery,Success,1171.17,2025-02-14 01:00:00,0.0,FEST20
4025,4025,UPI,Success,9404.32,2025-05-27 00:00:00,1659.58,FEST20
4026,4026,UPI,Success,3684.71,2026-01-17 00:00:00,193.93,WELCOME10
4027,4027,Debit Card,Success,565.45,2026-05-02 04:00:00,0.0,
4028,4028,Debit Card,Success,292.71,2026-02-19 01:00:00,51.65,
4029,4029,Credit Card,Success,84270.66,2025-06-21 00:00:00,0.0,NEWUSER
4030,4030,Credit Card,Success,646.78,2025-03-28 02:00:00,0.0,SAVE15
4031,4031,Cash on Delivery,Success,1098.12,2025-05-19 01:00:00,122.01,WELCOME10
4032,4032,Credit Card,Refunded,229024.92,2026-05-24 04:00:00,0.0,NEWUSER
4033,4033,Debit Card,Refunded,906.62,2026-01-17 03:00:00,159.99,
4034,4034,UPI,Refunded,3407.05,2026-05-22 04:00:00,0.0,SAVE15
4035,4035,Credit Card,Success,2449.82,2026-01-26 04:00:00,432.32,
4036,4036,UPI,Success,4113.03,2025-11-05 05:00:00,1028.26,
4037,4037,UPI,Success,6445.12,2025-12-29 01:00:00,0.0,
4038,4038,Cash on Delivery,Success,18025.04,2025-11-24 02:00:00,948.69,
4039,4039,Debit Card,Success,545.2,2026-03-24 01:00:00,0.0,WELCOME10
4040,4040,Cash on Delivery,Success,4229.38,2025-12-23 03:00:00,1057.34,SAVE15
4041,4041,Credit Card,Refunded,1344.45,2025-06-24 01:00:00,336.11,
4042,4042,Cash on Delivery,Success,2892.34,2026-02-20 02:00:00,723.09,
4043,4043,Cash on Delivery,Success,76594.88,2025-04-07 03:00:00,0.0,NEWUSER
4044,4044,Credit Card,Success,25194.39,2025-09-17 05:00:00,0.0,SAVE15
4045,4045,UPI,Success,2244.05,2025-06-22 03:00:00,249.34,FEST20
4046,4046,Cash on Delivery,Success,23009.66,2025-06-12 01:00:00,0.0,FEST20
4047,4047,UPI,Success,88276.14,2025-02-12 05:00:00,0.0,
4048,4048,Net Banking,Success,471.63,2025-12-18 05:00:00,0.0,
4049,4049,Credit Card,Refunded,667.47,2024-06-19 03:00:00,35.13,WELCOME10
4050,4050,UPI,Success,6204.86,2025-11-17 02:00:00,0.0,
4051,4051,Credit Card,Refunded,38572.08,2025-08-30 04:00:00,0.0,SAVE15
4052,4052,UPI,Success,5365.62,2026-08-11 05:00:00,946.87,
4053,4053,UPI,Success,66806.72,2026-03-07 03:00:00,3516.14,SAVE15
4054,4054,Cash on Delivery,Success,59859.66,2025-04-18 04:00:00,6651.07,
4055,4055,Cash on Delivery,Success,47963.04,2024-08-10 04:00:00,0.0,NEWUSER
4056,4056,UPI,Success,994.14,2026-01-24 02:00:00,248.54,
4057,4057,Credit Card,Success,4288.22,2024-04-11 04:00:00,756.74,
4058,4058,Cash on Delivery,Success,3457.23,2025-06-08 02:00:00,610.1,FEST20
4059,4059,Cash on Delivery,Success,54414.71,2026-02-17 03:00:00,2863.93,
4060,4060,UPI,Success,395.31,2026-03-09 05:00:00,43.92,FEST20
4061,4061,Credit Card,Success,648.04,2026-01-08 01:00:00,162.01,WELCOME10
4062,4062,Debit Card,Success,3794.28,2026-03-01 04:00:00,0.0,
4063,4063,Net Banking,Success,288.23,2024-09-17 01:00:00,32.02,SAVE15
4064,4064,UPI,Success,2243.71,2026-02-05 02:00:00,0.0,
4065,4065,Net Banking,Success,352.15,2026-02-19 02:00:00,0.0,WELCOME10
4066,4066,UPI,Success,1255.08,2026-07-23 05:00:00,221.49,
4067,4067,UPI,Success,4501.96,2025-06-30 01:00:00,0.0,NEWUSER
4068,4068,UPI,Success,23190.43,2025-07-11 05:00:00,4092.43,NEWUSER
4069,4069,Debit Card,Success,4544.08,2026-03-28 03:00:00,0.0,
4070,4070,Cash on Delivery,Success,434.11,2025-06-14 05:00:00,48.24,FEST20
4071,4071,Credit Card,Success,87454.24,2024-05-21 01:00:00,0.0,
4072,4072,UPI,Success,35968.46,2026-02-27 02:00:00,6347.38,
4073,4073,Credit Card,Success,26843.59,2025-06-06 01:00:00,2982.62,
4074,4074,Debit Card,Success,1443.37,2026-05-17 05:00:00,75.97,FEST20
4075,4075,Net Banking,Success,15550.27,2026-08-15 05:00:00,1727.81,
4076,4076,UPI,Success,2894.75,2024-09-05 05:00:00,723.69,SAVE15
4077,4077,Credit Card,Success,4404.3,2025-05-13 00:00:00,1101.08,WELCOME10
4078,4078,UPI,Success,2545.43,2025-11-29 05:00:00,449.19,
4079,4079,Cash on Delivery,Success,29610.05,2026-07-21 02:00:00,0.0,WELCOME10
4080,4080,UPI,Success,52178.58,2025-03-07 03:00:00,2746.24,
4081,4081,Credit Card,Success,12750.65,2025-12-23 01:00:00,0.0,SAVE15
4082,4082,EMI,Success,1614.39,2026-06-09 02:00:00,179.38,WELCOME10
4083,4083,Cash on Delivery,Success,351.17,2026-01-03 04:00:00,61.97,NEWUSER
4084,4084,UPI,Refunded,46294.44,2026-04-25 03:00:00,11573.61,NEWUSER
4085,4085,UPI,Success,5869.66,2026-04-28 02:00:00,0.0,SAVE15
4086,4086,Credit Card,Refunded,2892.46,2025-12-09 00:00:00,0.0,WELCOME10
4087,4087,Cash on Delivery,Not Applicable,786.83,2026-03-01 04:00:00,41.41,SAVE15
4088,4088,EMI,Success,2432.86,2025-05-01 00:00:00,0.0,SAVE15
4089,4089,Cash on Delivery,Success,6671.51,2025-10-10 02:00:00,0.0,
4090,4090,UPI,Success,70645.62,2024-12-22 04:00:00,17661.41,
4091,4091,UPI,Success,69880.11,2026-02-19 05:00:00,0.0,
4092,4092,Credit Card,Success,39905.87,2025-12-19 03:00:00,4433.98,
4093,4093,Credit Card,Success,94211.18,2025-11-04 03:00:00,0.0,
4094,4094,Cash on Delivery,Not Applicable,1494.83,2024-06-26 00:00:00,373.71,
4095,4095,Cash on Delivery,Success,10305.66,2025-03-23 02:00:00,1818.64,
4096,4096,Net Banking,Success,1854.5,2026-03-06 03:00:00,327.26,
4097,4097,UPI,Success,3085.84,2026-03-16 03:00:00,771.46,
4098,4098,UPI,Refunded,2414.78,2026-05-06 01:00:00,0.0,
4099,4099,UPI,Success,3999.88,2026-08-10 03:00:00,0.0,NEWUSER
4100,4100,Cash on Delivery,Success,63424.6,2025-06-14 01:00:00,3338.14,WELCOME10
4101,4101,UPI,Success,5900.37,2026-01-29 03:00:00,0.0,
4102,4102,Cash on Delivery,Success,62440.74,2026-03-02 03:00:00,11018.95,
4103,4103,Credit Card,Success,2647.09,2026-03-18 03:00:00,0.0,
4104,4104,UPI,Success,3192.56,2025-04-01 01:00:00,168.03,NEWUSER
4105,4105,UPI,Success,944.44,2025-02-05 04:00:00,166.66,SAVE15
4106,4106,UPI,Success,410.65,2025-10-05 00:00:00,72.47,
4107,4107,Cash on Delivery,Success,390.57,2025-05-18 04:00:00,0.0,
4108,4108,Cash on Delivery,Success,1919.36,2026-05-25 04:00:00,213.26,
4109,4109,Cash on Delivery,Success,850.54,2026-02-15 00:00:00,94.5,FEST20
4110,4110,Credit Card,Success,2183.96,2026-06-05 01:00:00,0.0,FEST20
4111,4111,Cash on Delivery,Not Applicable,11238.3,2026-04-29 01:00:00,0.0,WELCOME10
4112,4112,UPI,Success,45041.23,2025-03-04 02:00:00,0.0,
4113,4113,Cash on Delivery,Success,1650.56,2026-03-22 05:00:00,0.0,
4114,4114,Net Banking,Success,2081.84,2024-08-16 02:00:00,520.46,NEWUSER
4115,4115,Cash on Delivery,Success,3103.33,2026-06-18 02:00:00,163.33,SAVE15
4116,4116,UPI,Success,653.73,2026-04-25 00:00:00,34.41,FEST20
4117,4117,Net Banking,Success,5310.74,2025-05-06 01:00:00,0.0,FEST20
4118,4118,UPI,Success,930.75,2026-03-01 04:00:00,103.42,NEWUSER
4119,4119,UPI,Success,1673.73,2025-09-23 03:00:00,418.43,FEST20
4120,4120,Credit Card,Success,2349.55,2025-12-08 01:00:00,587.39,WELCOME10
4121,4121,Cash on Delivery,Success,3387.52,2024-05-22 03:00:00,597.8,SAVE15
4122,4122,Cash on Delivery,Not Applicable,2604.52,2026-02-26 00:00:00,137.08,SAVE15
4123,4123,UPI,Success,10326.42,2026-06-21 05:00:00,2581.61,
4124,4124,Credit Card,Success,3083.32,2025-07-25 00:00:00,544.11,WELCOME10
4125,4125,UPI,Success,3951.38,2025-10-01 05:00:00,0.0,
4126,4126,Net Banking,Success,850.49,2026-06-08 02:00:00,94.5,SAVE15
4127,4127,Debit Card,Success,822.69,2025-08-08 02:00:00,91.41,
4128,4128,Credit Card,Success,4656.22,2025-04-28 04:00:00,821.68,FEST20
4129,4129,Debit Card,Success,9229.39,2026-08-17 05:00:00,1025.49,SAVE15
4130,4130,Debit Card,Success,70026.26,2025-02-21 01:00:00,12357.58,SAVE15
4131,4131,UPI,Success,772.49,2025-03-09 02:00:00,193.12,
4132,4132,EMI,Success,223.4,2025-03-19 05:00:00,0.0,
4133,4133,Net Banking,Success,12962.77,2025-01-20 00:00:00,682.25,
4134,4134,Debit Card,Success,1147.75,2025-12-10 02:00:00,60.41,WELCOME10
4135,4135,UPI,Success,2512.99,2025-10-15 00:00:00,279.22,
4136,4136,Debit Card,Success,13678.14,2026-02-20 04:00:00,0.0,NEWUSER
4137,4137,Credit Card,Success,8988.39,2026-02-18 03:00:00,473.07,FEST20
4138,4138,UPI,Success,1166.16,2025-01-19 03:00:00,0.0,FEST20
4139,4139,UPI,Success,1871.51,2026-03-10 02:00:00,98.5,SAVE15
4140,4140,Credit Card,Success,10325.94,2026-08-17 01:00:00,0.0,
4141,4141,UPI,Success,4756.62,2026-03-21 03:00:00,0.0,
4142,4142,UPI,Success,16873.55,2026-05-23 05:00:00,2977.69,
4143,4143,Credit Card,Success,6235.62,2025-02-26 05:00:00,0.0,
4144,4144,Cash on Delivery,Success,3254.79,2025-07-31 03:00:00,813.7,
4145,4145,UPI,Success,2218.83,2026-08-17 03:00:00,246.54,FEST20
4146,4146,UPI,Success,733.38,2025-03-04 00:00:00,183.35,
4147,4147,Credit Card,Success,4202.49,2026-07-21 05:00:00,0.0,WELCOME10
4148,4148,UPI,Success,780.96,2026-04-04 01:00:00,195.24,WELCOME10
4149,4149,UPI,Success,67765.83,2026-02-26 01:00:00,0.0,NEWUSER
4150,4150,UPI,Success,140613.32,2025-05-04 00:00:00,24814.12,
4151,4151,UPI,Success,7773.17,2026-04-23 02:00:00,1943.29,WELCOME10
4152,4152,Credit Card,Success,10853.83,2026-02-03 02:00:00,1205.98,FEST20
4153,4153,Cash on Delivery,Success,363.28,2025-12-15 04:00:00,40.36,
4154,4154,Debit Card,Success,60143.38,2025-10-28 01:00:00,6682.6,
4155,4155,Cash on Delivery,Success,2122.53,2025-10-29 00:00:00,374.56,FEST20
4156,4156,Debit Card,Success,3840.06,2025-10-12 01:00:00,0.0,NEWUSER
4157,4157,UPI,Success,1802.54,2026-04-09 00:00:00,0.0,
4158,4158,UPI,Success,10663.74,2025-04-13 03:00:00,2665.94,
4159,4159,UPI,Success,913.31,2026-04-19 05:00:00,0.0,
4160,4160,UPI,Success,6524.26,2024-11-02 00:00:00,343.38,NEWUSER
4161,4161,Debit Card,Success,3389.67,2024-12-24 03:00:00,376.63,
4162,4162,Credit Card,Success,2989.52,2026-02-13 00:00:00,332.17,WELCOME10
4163,4163,UPI,Success,5671.34,2025-09-26 00:00:00,1000.82,NEWUSER
4164,4164,UPI,Success,1422.73,2024-06-05 00:00:00,355.68,NEWUSER
4165,4165,UPI,Success,694.6,2025-09-24 00:00:00,173.65,WELCOME10
4166,4166,Cash on Delivery,Success,4156.72,2024-08-02 05:00:00,0.0,FEST20
4167,4167,UPI,Success,694.13,2025-12-09 01:00:00,36.53,WELCOME10
4168,4168,UPI,Success,932.14,2026-05-24 03:00:00,164.49,FEST20
4169,4169,Debit Card,Success,2936.0,2025-08-30 05:00:00,0.0,
4170,4170,Net Banking,Success,2431.37,2025-05-05 00:00:00,429.07,
4171,4171,UPI,Success,18927.34,2026-07-04 01:00:00,996.18,WELCOME10
4172,4172,UPI,Success,72363.41,2025-12-21 02:00:00,8040.38,
4173,4173,Credit Card,Success,3180.37,2026-04-06 01:00:00,795.09,SAVE15
4174,4174,Cash on Delivery,Success,3155.36,2026-03-27 04:00:00,788.84,
4175,4175,Cash on Delivery,Success,7550.75,2024-06-01 05:00:00,1332.49,
4176,4176,UPI,Success,5574.31,2025-11-30 00:00:00,293.38,
4177,4177,Credit Card,Success,5312.19,2023-11-26 02:00:00,0.0,
4178,4178,UPI,Success,5675.54,2025-01-06 02:00:00,1418.89,WELCOME10
4179,4179,Net Banking,Success,27107.83,2025-07-12 01:00:00,1426.73,NEWUSER
4180,4180,Debit Card,Success,12966.3,2025-11-09 03:00:00,682.44,NEWUSER
4181,4181,Credit Card,Success,145.63,2026-04-11 03:00:00,0.0,
4182,4182,UPI,Success,553.93,2026-05-28 01:00:00,97.75,SAVE15
4183,4183,Debit Card,Success,4199.04,2025-02-13 00:00:00,1049.76,WELCOME10
4184,4184,UPI,Refunded,2341.15,2026-01-31 03:00:00,123.22,FEST20
4185,4185,Debit Card,Refunded,6094.26,2025-12-18 03:00:00,677.14,FEST20
4186,4186,EMI,Success,295.68,2026-06-10 02:00:00,52.18,
4187,4187,UPI,Refunded,6644.01,2025-06-14 02:00:00,1172.47,SAVE15
4188,4188,Cash on Delivery,Success,7655.86,2025-12-23 01:00:00,0.0,FEST20
4189,4189,UPI,Success,3833.89,2025-11-13 04:00:00,201.78,
4190,4190,UPI,Success,3358.53,2025-11-07 03:00:00,592.68,WELCOME10
4191,4191,Credit Card,Success,21468.78,2024-01-11 03:00:00,3788.61,SAVE15
4192,4192,UPI,Success,1257.18,2026-05-20 05:00:00,0.0,
4193,4193,UPI,Success,1400.78,2025-07-12 03:00:00,350.2,
4194,4194,UPI,Success,1470.8,2025-06-09 05:00:00,0.0,SAVE15
4195,4195,UPI,Success,40507.33,2026-03-09 01:00:00,4500.82,NEWUSER
4196,4196,Cash on Delivery,Success,547.84,2026-04-18 01:00:00,60.87,SAVE15
4197,4197,Credit Card,Success,10222.54,2026-04-13 05:00:00,0.0,
4198,4198,UPI,Success,3520.69,2026-05-22 04:00:00,391.19,NEWUSER
4199,4199,UPI,Success,576.81,2026-06-27 05:00:00,64.09,SAVE15
4200,4200,UPI,Success,8810.3,2026-01-02 03:00:00,978.92,
4201,4201,Credit Card,Success,21334.86,2025-03-25 03:00:00,0.0,SAVE15
4202,4202,UPI,Success,32109.87,2025-03-17 00:00:00,0.0,SAVE15
4203,4203,UPI,Success,9252.76,2025-12-02 03:00:00,0.0,
4204,4204,Debit Card,Pending,407.36,2026-05-27 03:00:00,0.0,FEST20
4205,4205,UPI,Success,5373.26,2026-04-28 03:00:00,0.0,
4206,4206,UPI,Success,23260.35,2026-03-07 05:00:00,0.0,
4207,4207,Net Banking,Success,1414.11,2026-04-08 01:00:00,0.0,
4208,4208,Debit Card,Success,15565.07,2026-03-01 00:00:00,2746.78,
4209,4209,UPI,Success,2237.96,2026-06-18 02:00:00,394.94,FEST20
4210,4210,UPI,Refunded,143829.7,2024-05-29 02:00:00,15981.08,WELCOME10
4211,4211,Debit Card,Success,9507.28,2026-03-13 01:00:00,0.0,SAVE15
4212,4212,Cash on Delivery,Success,2665.77,2025-11-28 03:00:00,0.0,FEST20
4213,4213,Cash on Delivery,Success,761.75,2024-09-25 01:00:00,190.44,
4214,4214,Debit Card,Refunded,1145.71,2026-03-29 05:00:00,0.0,
4215,4215,UPI,Success,14457.7,2024-12-22 04:00:00,3614.42,WELCOME10
4216,4216,Cash on Delivery,Pending,1682.29,2026-07-06 01:00:00,186.92,WELCOME10
4217,4217,UPI,Success,6370.38,2025-01-12 01:00:00,0.0,
4218,4218,Net Banking,Success,8313.8,2026-02-06 03:00:00,923.75,
4219,4219,UPI,Success,9843.87,2024-11-01 04:00:00,2460.97,SAVE15
4220,4220,UPI,Success,34626.75,2026-04-19 05:00:00,6110.6,WELCOME10
4221,4221,UPI,Success,3631.96,2024-08-13 02:00:00,191.16,SAVE15
4222,4222,UPI,Success,9695.65,2026-04-10 04:00:00,2423.91,NEWUSER
4223,4223,Cash on Delivery,Success,2510.17,2026-05-26 03:00:00,132.11,WELCOME10
4224,4224,Cash on Delivery,Success,336.5,2025-12-23 01:00:00,37.39,FEST20
4225,4225,UPI,Success,25692.0,2026-03-17 05:00:00,1352.21,WELCOME10
4226,4226,UPI,Success,1533.37,2025-02-13 02:00:00,270.6,
4227,4227,Credit Card,Success,415.8,2025-06-28 04:00:00,21.88,
4228,4228,UPI,Success,3315.85,2025-11-30 01:00:00,174.52,
4229,4229,Credit Card,Success,977.62,2026-03-11 03:00:00,108.62,WELCOME10
4230,4230,Credit Card,Refunded,15189.42,2025-12-28 00:00:00,0.0,
4231,4231,UPI,Success,11592.38,2025-06-04 05:00:00,1288.04,
4232,4232,UPI,Success,3810.66,2026-02-04 03:00:00,200.56,WELCOME10
4233,4233,Credit Card,Success,9145.84,2025-09-20 04:00:00,0.0,FEST20
4234,4234,UPI,Success,25321.04,2025-07-14 02:00:00,0.0,WELCOME10
4235,4235,Credit Card,Success,4666.14,2026-01-01 00:00:00,0.0,WELCOME10
4236,4236,Debit Card,Success,3060.8,2026-01-31 01:00:00,765.2,FEST20
4237,4237,UPI,Success,3760.71,2025-07-30 05:00:00,197.93,
4238,4238,UPI,Success,1775.48,2026-01-13 04:00:00,0.0,
4239,4239,UPI,Success,3123.99,2024-11-02 02:00:00,781.0,SAVE15
4240,4240,Debit Card,Refunded,1157.57,2025-05-10 02:00:00,204.28,
4241,4241,Cash on Delivery,Success,2404.87,2025-03-18 00:00:00,0.0,
4242,4242,Cash on Delivery,Success,13670.34,2026-05-07 05:00:00,0.0,
4243,4243,Credit Card,Success,5400.82,2025-12-07 00:00:00,1350.21,
4244,4244,UPI,Success,2488.4,2025-09-10 01:00:00,130.97,
4245,4245,Debit Card,Success,623.35,2025-11-07 05:00:00,155.84,FEST20
4246,4246,UPI,Success,98291.18,2026-01-13 04:00:00,24572.8,
4247,4247,Credit Card,Success,13525.16,2025-11-25 00:00:00,0.0,
4248,4248,UPI,Success,9483.15,2026-06-07 02:00:00,499.11,WELCOME10
4249,4249,UPI,Success,56806.21,2026-02-05 04:00:00,10024.62,
4250,4250,Credit Card,Success,58986.89,2023-12-29 03:00:00,10409.45,SAVE15
4251,4251,UPI,Success,3180.62,2024-05-06 03:00:00,795.15,SAVE15
4252,4252,Net Banking,Success,3853.42,2025-04-20 00:00:00,0.0,
4253,4253,Net Banking,Success,291610.32,2026-05-07 05:00:00,51460.64,
4254,4254,UPI,Success,753.21,2025-11-30 03:00:00,0.0,FEST20
4255,4255,Cash on Delivery,Success,2857.19,2026-01-19 01:00:00,504.21,WELCOME10
4256,4256,Credit Card,Success,1190.86,2025-09-13 02:00:00,62.68,FEST20
4257,4257,Debit Card,Success,4394.72,2025-08-01 00:00:00,1098.68,
4258,4258,Debit Card,Success,692.65,2026-01-23 01:00:00,0.0,SAVE15
4259,4259,UPI,Success,769.59,2024-12-28 05:00:00,85.51,
4260,4260,EMI,Refunded,3968.17,2026-07-09 03:00:00,700.26,
4261,4261,UPI,Success,81806.58,2025-07-19 05:00:00,14436.46,WELCOME10
4262,4262,Cash on Delivery,Success,7111.09,2026-02-07 03:00:00,1777.77,FEST20
4263,4263,Cash on Delivery,Success,5399.28,2025-09-20 00:00:00,0.0,WELCOME10
4264,4264,Credit Card,Success,2024.27,2025-11-26 00:00:00,357.22,WELCOME10
4265,4265,UPI,Refunded,271.62,2025-08-08 03:00:00,47.93,
4266,4266,UPI,Refunded,1755.79,2025-04-11 00:00:00,309.85,
4267,4267,Debit Card,Success,80859.27,2025-07-05 02:00:00,0.0,SAVE15
4268,4268,EMI,Success,3468.88,2025-03-23 03:00:00,612.16,
4269,4269,EMI,Refunded,7078.14,2025-05-01 01:00:00,1769.54,
4270,4270,Cash on Delivery,Success,5093.27,2025-12-02 00:00:00,0.0,
4271,4271,EMI,Success,642.29,2024-09-17 02:00:00,0.0,
4272,4272,UPI,Success,52104.54,2026-07-07 03:00:00,5789.39,FEST20
4273,4273,UPI,Refunded,1591.82,2025-01-01 04:00:00,83.78,SAVE15
4274,4274,Net Banking,Success,653.32,2026-03-17 00:00:00,0.0,FEST20
4275,4275,Cash on Delivery,Success,13938.3,2026-03-13 01:00:00,0.0,WELCOME10
4276,4276,Cash on Delivery,Success,7909.77,2026-02-14 02:00:00,878.86,SAVE15
4277,4277,Credit Card,Success,560.22,2026-03-23 05:00:00,140.05,SAVE15
4278,4278,UPI,Success,3584.82,2025-01-23 04:00:00,896.2,
4279,4279,Cash on Delivery,Success,546.61,2026-02-20 04:00:00,28.77,
4280,4280,UPI,Success,1858.05,2025-08-25 02:00:00,327.89,
4281,4281,Credit Card,Success,11105.81,2025-09-08 04:00:00,0.0,SAVE15
4282,4282,UPI,Success,4054.64,2026-06-01 05:00:00,0.0,
4283,4283,Credit Card,Success,475.2,2026-06-21 02:00:00,83.86,SAVE15
4284,4284,UPI,Success,887.31,2026-04-29 01:00:00,0.0,
4285,4285,Net Banking,Success,4462.8,2024-02-02 05:00:00,234.88,FEST20
4286,4286,UPI,Refunded,5410.64,2025-07-05 05:00:00,284.77,WELCOME10
4287,4287,UPI,Success,1982.2,2025-02-15 00:00:00,0.0,NEWUSER
4288,4288,UPI,Success,11658.75,2025-07-23 02:00:00,0.0,
4289,4289,Cash on Delivery,Not Applicable,681.53,2026-02-02 02:00:00,0.0,NEWUSER
4290,4290,Debit Card,Success,2523.67,2025-06-13 03:00:00,445.35,FEST20
4291,4291,Debit Card,Success,2004.8,2025-02-18 03:00:00,105.52,
4292,4292,Net Banking,Success,3010.44,2025-09-15 04:00:00,334.49,
4293,4293,Net Banking,Success,618.21,2026-03-25 01:00:00,68.69,FEST20
4294,4294,Debit Card,Success,559.56,2025-11-09 00:00:00,0.0,FEST20
4295,4295,UPI,Success,6350.34,2026-06-14 05:00:00,1587.58,SAVE15
4296,4296,UPI,Success,1845.93,2025-09-20 03:00:00,205.1,SAVE15
4297,4297,Cash on Delivery,Success,1732.44,2025-06-17 04:00:00,433.11,WELCOME10
4298,4298,UPI,Success,2216.21,2026-02-02 05:00:00,0.0,WELCOME10
4299,4299,UPI,Success,46957.9,2026-01-19 03:00:00,11739.47,
4300,4300,Credit Card,Success,320.87,2026-01-23 05:00:00,0.0,
4301,4301,UPI,Success,10375.39,2025-01-11 02:00:00,1830.95,
4302,4302,Debit Card,Success,11396.18,2025-11-30 04:00:00,0.0,
4303,4303,Cash on Delivery,Not Applicable,1669.4,2025-01-17 03:00:00,185.49,WELCOME10
4304,4304,UPI,Success,1820.45,2025-12-08 05:00:00,0.0,SAVE15
4305,4305,Cash on Delivery,Success,2407.54,2026-03-20 00:00:00,0.0,
4306,4306,Credit Card,Success,2127.97,2026-08-05 04:00:00,236.44,FEST20
4307,4307,Cash on Delivery,Success,11164.88,2024-11-11 01:00:00,587.62,
4308,4308,Debit Card,Success,2281.72,2025-05-12 00:00:00,253.53,FEST20
4309,4309,UPI,Success,58791.05,2025-01-23 00:00:00,10374.89,NEWUSER
4310,4310,UPI,Success,591.94,2026-04-21 05:00:00,104.46,
4311,4311,Cash on Delivery,Success,344654.24,2024-12-15 03:00:00,0.0,WELCOME10
4312,4312,Debit Card,Success,2239.14,2024-08-23 05:00:00,559.78,
4313,4313,Cash on Delivery,Success,502.32,2025-11-08 00:00:00,125.58,NEWUSER
4314,4314,Cash on Delivery,Success,6420.76,2026-06-14 04:00:00,713.42,
4315,4315,Debit Card,Success,1268.51,2026-02-02 04:00:00,0.0,
4316,4316,UPI,Success,40671.29,2026-04-12 00:00:00,2140.59,FEST20
4317,4317,Cash on Delivery,Success,2988.16,2026-01-29 04:00:00,747.04,
4318,4318,UPI,Success,63220.93,2025-09-23 03:00:00,11156.64,SAVE15
4319,4319,Debit Card,Success,3197.95,2025-04-30 03:00:00,0.0,SAVE15
4320,4320,UPI,Refunded,2396.57,2026-04-07 01:00:00,0.0,FEST20
4321,4321,Cash on Delivery,Success,293.92,2026-01-31 05:00:00,0.0,
4322,4322,UPI,Success,4856.08,2025-07-14 05:00:00,0.0,SAVE15
4323,4323,UPI,Success,1623.05,2025-09-23 02:00:00,85.42,
4324,4324,Debit Card,Refunded,10975.53,2026-06-12 03:00:00,0.0,
4325,4325,Cash on Delivery,Success,16616.52,2025-01-21 04:00:00,4154.13,
4326,4326,UPI,Success,552.9,2026-01-03 05:00:00,29.1,WELCOME10
4327,4327,Cash on Delivery,Success,2676.41,2025-06-27 04:00:00,472.31,
4328,4328,UPI,Success,698.77,2026-08-17 02:00:00,123.31,WELCOME10
4329,4329,Net Banking,Success,662.71,2026-06-01 01:00:00,116.95,
4330,4330,Credit Card,Success,4675.41,2025-09-27 01:00:00,0.0,
4331,4331,Credit Card,Refunded,11894.3,2025-07-28 05:00:00,626.02,
4332,4332,Net Banking,Success,6632.32,2025-10-21 00:00:00,0.0,
4333,4333,EMI,Success,2201.54,2026-03-20 00:00:00,244.62,
4334,4334,Credit Card,Success,79829.26,2025-05-19 05:00:00,0.0,SAVE15
4335,4335,Cash on Delivery,Success,1801.49,2024-01-10 02:00:00,0.0,
4336,4336,Credit Card,Success,1178.12,2025-08-09 00:00:00,130.9,WELCOME10
4337,4337,Cash on Delivery,Success,953.54,2026-05-22 05:00:00,0.0,
4338,4338,Cash on Delivery,Success,54525.0,2024-12-10 04:00:00,0.0,SAVE15
4339,4339,Debit Card,Success,1610.76,2025-01-01 04:00:00,0.0,WELCOME10
4340,4340,Cash on Delivery,Success,492.02,2026-07-16 02:00:00,86.83,FEST20
4341,4341,UPI,Success,2194.86,2024-08-21 04:00:00,243.87,WELCOME10
4342,4342,UPI,Success,920.97,2026-01-17 02:00:00,0.0,
4343,4343,UPI,Success,2070.3,2025-05-18 00:00:00,517.57,SAVE15
4344,4344,Credit Card,Success,30219.75,2025-02-16 02:00:00,3357.75,WELCOME10
4345,4345,UPI,Success,4095.16,2026-03-22 05:00:00,722.68,NEWUSER
4346,4346,Credit Card,Success,2799.75,2025-11-26 00:00:00,147.35,SAVE15
4347,4347,Credit Card,Success,1331.24,2026-04-03 04:00:00,70.07,FEST20
4348,4348,Net Banking,Success,72118.04,2026-01-08 02:00:00,0.0,NEWUSER
4349,4349,UPI,Success,705.32,2024-09-12 00:00:00,124.47,
4350,4350,UPI,Success,9835.94,2025-11-10 03:00:00,1735.75,
4351,4351,Credit Card,Refunded,1528.63,2024-08-15 01:00:00,80.45,NEWUSER
4352,4352,UPI,Success,1737.1,2026-01-02 00:00:00,0.0,SAVE15
4353,4353,UPI,Success,3328.4,2026-07-15 01:00:00,587.36,NEWUSER
4354,4354,Cash on Delivery,Success,4948.05,2026-01-31 00:00:00,260.42,SAVE15
4355,4355,UPI,Success,14796.09,2025-12-31 04:00:00,0.0,WELCOME10
4356,4356,Cash on Delivery,Success,23676.14,2026-02-25 00:00:00,2630.68,
4357,4357,Cash on Delivery,Success,797.68,2024-11-20 05:00:00,0.0,SAVE15
4358,4358,Credit Card,Success,4947.33,2025-07-19 02:00:00,0.0,SAVE15
4359,4359,Debit Card,Success,434.39,2025-09-06 01:00:00,76.66,FEST20
4360,4360,Debit Card,Success,1188.64,2025-09-29 00:00:00,209.76,NEWUSER
4361,4361,UPI,Success,1344.36,2025-05-07 02:00:00,70.76,
4362,4362,UPI,Success,1571.12,2026-03-20 02:00:00,277.26,
4363,4363,EMI,Success,1926.09,2025-10-11 01:00:00,0.0,SAVE15
4364,4364,Credit Card,Success,10727.13,2026-04-11 03:00:00,0.0,
4365,4365,Cash on Delivery,Success,5178.48,2026-08-01 01:00:00,0.0,WELCOME10
4366,4366,UPI,Refunded,11563.49,2025-10-09 01:00:00,608.61,WELCOME10
4367,4367,Debit Card,Success,31052.14,2026-06-06 01:00:00,7763.03,
4368,4368,EMI,Success,3234.65,2025-07-27 01:00:00,170.24,NEWUSER
4369,4369,UPI,Pending,65876.81,2025-01-30 02:00:00,0.0,SAVE15
4370,4370,Net Banking,Success,5189.87,2026-05-14 05:00:00,0.0,SAVE15
4371,4371,UPI,Success,2021.08,2026-02-20 00:00:00,106.37,
4372,4372,Debit Card,Refunded,3816.98,2026-03-19 04:00:00,673.58,
4373,4373,Cash on Delivery,Success,20232.0,2024-07-08 05:00:00,5058.0,WELCOME10
4374,4374,UPI,Success,1488.23,2025-08-17 03:00:00,78.33,
4375,4375,UPI,Success,2222.59,2024-11-10 04:00:00,0.0,FEST20
4376,4376,Debit Card,Success,3422.74,2025-12-29 00:00:00,180.14,SAVE15
4377,4377,Debit Card,Success,48672.67,2025-12-08 00:00:00,8589.3,SAVE15
4378,4378,Cash on Delivery,Success,875.56,2026-03-16 00:00:00,0.0,NEWUSER
4379,4379,Cash on Delivery,Success,5174.48,2025-12-08 05:00:00,0.0,NEWUSER
4380,4380,Net Banking,Refunded,10486.42,2025-02-10 01:00:00,1850.54,
4381,4381,Cash on Delivery,Success,1296.33,2026-04-03 02:00:00,68.23,
4382,4382,UPI,Success,4618.34,2025-12-29 05:00:00,0.0,
4383,4383,Credit Card,Success,22806.93,2026-06-03 01:00:00,0.0,FEST20
4384,4384,UPI,Refunded,3942.95,2026-05-29 02:00:00,695.82,WELCOME10
4385,4385,Net Banking,Success,4679.4,2026-05-10 01:00:00,0.0,FEST20
4386,4386,Debit Card,Success,6813.12,2026-06-19 03:00:00,0.0,SAVE15
4387,4387,Cash on Delivery,Success,734.3,2025-12-29 05:00:00,129.58,
4388,4388,Credit Card,Success,599.33,2026-03-23 01:00:00,31.54,FEST20
4389,4389,Cash on Delivery,Success,2469.95,2026-08-04 01:00:00,617.49,
4390,4390,UPI,Success,1747.8,2025-04-14 00:00:00,308.43,SAVE15
4391,4391,Cash on Delivery,Success,37741.54,2025-09-07 05:00:00,0.0,WELCOME10
4392,4392,Cash on Delivery,Success,7629.54,2025-07-07 00:00:00,847.73,NEWUSER
4393,4393,Credit Card,Success,976.57,2024-04-24 00:00:00,172.34,
4394,4394,Debit Card,Success,3707.84,2025-09-27 03:00:00,926.96,
4395,4395,UPI,Success,24693.84,2024-11-04 04:00:00,1299.68,
4396,4396,Cash on Delivery,Success,9262.74,2026-05-19 00:00:00,0.0,
4397,4397,Cash on Delivery,Success,6646.54,2025-03-21 00:00:00,0.0,NEWUSER
4398,4398,UPI,Success,377.04,2026-08-17 05:00:00,41.89,
4399,4399,UPI,Success,4500.83,2025-01-29 05:00:00,236.89,
4400,4400,Debit Card,Success,12242.49,2026-05-17 02:00:00,644.34,SAVE15
4401,4401,Credit Card,Success,9409.79,2026-07-25 03:00:00,495.25,WELCOME10
4402,4402,UPI,Success,6463.29,2025-04-05 01:00:00,718.14,WELCOME10
4403,4403,Debit Card,Refunded,10022.06,2024-12-31 01:00:00,527.48,SAVE15
4404,4404,UPI,Success,4008.77,2025-12-15 01:00:00,707.43,WELCOME10
4405,4405,UPI,Success,2045.97,2025-06-02 04:00:00,227.33,WELCOME10
4406,4406,Credit Card,Success,10640.94,2025-09-26 02:00:00,1182.33,SAVE15
4407,4407,Cash on Delivery,Success,535.55,2026-03-11 04:00:00,133.89,
4408,4408,Cash on Delivery,Success,222.65,2024-11-06 00:00:00,0.0,FEST20
4409,4409,Cash on Delivery,Success,1499.43,2025-07-20 01:00:00,0.0,
4410,4410,Cash on Delivery,Success,15075.02,2026-03-26 01:00:00,2660.3,NEWUSER
4411,4411,UPI,Success,5155.82,2026-02-15 02:00:00,572.87,SAVE15
4412,4412,UPI,Success,1391.14,2026-07-24 00:00:00,347.78,FEST20
4413,4413,Cash on Delivery,Success,3645.58,2025-06-02 04:00:00,191.87,FEST20
4414,4414,Debit Card,Success,46649.79,2026-02-06 05:00:00,5183.31,NEWUSER
4415,4415,Credit Card,Success,8364.84,2026-02-03 04:00:00,0.0,SAVE15
4416,4416,Debit Card,Success,8253.41,2026-03-27 04:00:00,917.05,
4417,4417,Cash on Delivery,Success,11531.69,2026-02-01 03:00:00,1281.3,SAVE15
4418,4418,UPI,Success,450.33,2025-11-21 01:00:00,0.0,
4419,4419,Net Banking,Success,886.44,2025-01-29 03:00:00,46.65,
4420,4420,EMI,Success,157.99,2025-10-04 00:00:00,0.0,
4421,4421,Cash on Delivery,Success,808.98,2026-03-25 03:00:00,0.0,
4422,4422,Credit Card,Success,9652.14,2025-04-21 05:00:00,0.0,
4423,4423,Debit Card,Success,310.44,2026-03-08 02:00:00,54.78,FEST20
4424,4424,Credit Card,Success,2944.13,2026-01-29 05:00:00,0.0,
4425,4425,Net Banking,Success,1406.37,2025-11-20 05:00:00,0.0,SAVE15
4426,4426,UPI,Success,2741.65,2026-04-25 01:00:00,685.41,
4427,4427,Net Banking,Success,271.31,2025-07-15 05:00:00,30.14,
4428,4428,EMI,Success,570.64,2025-08-09 00:00:00,30.03,FEST20
4429,4429,Cash on Delivery,Success,938.2,2024-10-18 01:00:00,165.57,
4430,4430,Credit Card,Success,3152.92,2025-09-24 02:00:00,0.0,
4431,4431,UPI,Success,94918.56,2024-08-27 04:00:00,0.0,WELCOME10
4432,4432,EMI,Success,8365.49,2025-12-02 04:00:00,0.0,FEST20
4433,4433,Credit Card,Refunded,1575.54,2025-10-19 03:00:00,82.92,FEST20
4434,4434,UPI,Success,74955.1,2024-10-29 04:00:00,0.0,
4435,4435,Credit Card,Pending,3535.68,2026-03-14 02:00:00,0.0,WELCOME10
4436,4436,UPI,Success,844.92,2025-10-07 00:00:00,44.47,NEWUSER
4437,4437,UPI,Success,71246.54,2026-02-06 04:00:00,0.0,NEWUSER
4438,4438,Debit Card,Success,120197.46,2026-06-22 00:00:00,30049.36,NEWUSER
4439,4439,Debit Card,Refunded,8801.19,2025-11-22 02:00:00,977.91,FEST20
4440,4440,UPI,Success,4725.69,2025-05-12 02:00:00,525.08,
4441,4441,Cash on Delivery,Success,1531.36,2026-01-07 03:00:00,0.0,
4442,4442,EMI,Success,57132.42,2026-06-18 00:00:00,0.0,
4443,4443,Credit Card,Success,2469.44,2026-03-28 04:00:00,435.78,
4444,4444,Credit Card,Success,6466.84,2025-08-06 05:00:00,0.0,
4445,4445,UPI,Success,7139.19,2026-06-18 00:00:00,0.0,SAVE15
4446,4446,Net Banking,Pending,60170.65,2025-09-29 04:00:00,0.0,
4447,4447,UPI,Success,1665.66,2025-08-10 00:00:00,0.0,NEWUSER
4448,4448,UPI,Success,389.16,2025-08-01 02:00:00,43.24,WELCOME10
4449,4449,UPI,Success,6300.02,2025-07-21 04:00:00,1575.0,
4450,4450,Credit Card,Success,1862.4,2025-08-07 03:00:00,98.02,SAVE15
4451,4451,Debit Card,Success,1509.52,2026-03-08 02:00:00,377.38,WELCOME10
4452,4452,Net Banking,Success,207.98,2025-09-10 01:00:00,0.0,SAVE15
4453,4453,UPI,Success,66358.1,2026-07-01 01:00:00,7373.12,
4454,4454,Credit Card,Success,2891.01,2026-03-01 01:00:00,0.0,FEST20
4455,4455,Cash on Delivery,Success,872.04,2025-09-15 04:00:00,45.9,WELCOME10
4456,4456,Debit Card,Success,8317.86,2026-03-01 05:00:00,924.21,SAVE15
4457,4457,UPI,Success,1504.31,2025-09-17 02:00:00,376.08,SAVE15
4458,4458,Debit Card,Success,3491.55,2023-11-19 01:00:00,0.0,
4459,4459,UPI,Refunded,5474.09,2025-06-19 00:00:00,966.01,
4460,4460,Cash on Delivery,Success,1103.45,2025-06-27 04:00:00,275.86,WELCOME10
4461,4461,Credit Card,Success,870.18,2025-08-17 05:00:00,0.0,SAVE15
4462,4462,Cash on Delivery,Success,16386.87,2024-03-21 00:00:00,4096.72,NEWUSER
4463,4463,UPI,Success,9721.44,2024-09-08 03:00:00,0.0,
4464,4464,Cash on Delivery,Success,2522.86,2025-09-25 00:00:00,630.71,
4465,4465,UPI,Success,1829.97,2025-11-19 05:00:00,0.0,WELCOME10
4466,4466,Net Banking,Refunded,1652.67,2025-07-02 05:00:00,86.98,
4467,4467,UPI,Success,3281.66,2025-10-09 02:00:00,579.12,
4468,4468,UPI,Success,3896.69,2026-07-05 04:00:00,974.17,
4469,4469,UPI,Success,1833.24,2025-09-29 05:00:00,0.0,FEST20
4470,4470,Cash on Delivery,Success,5749.73,2025-12-02 04:00:00,0.0,WELCOME10
4471,4471,Cash on Delivery,Success,288.33,2025-09-14 01:00:00,0.0,
4472,4472,UPI,Success,43217.52,2026-01-04 01:00:00,4801.95,WELCOME10
4473,4473,Cash on Delivery,Success,5589.75,2025-12-10 02:00:00,0.0,WELCOME10
4474,4474,UPI,Success,3491.72,2025-09-05 03:00:00,183.78,
4475,4475,UPI,Success,4630.52,2026-07-28 00:00:00,0.0,
4476,4476,Cash on Delivery,Success,5899.44,2026-03-09 05:00:00,310.5,
4477,4477,Net Banking,Success,45633.16,2025-01-06 00:00:00,0.0,
4478,4478,UPI,Success,4704.5,2024-03-20 04:00:00,0.0,
4479,4479,UPI,Success,141189.74,2024-06-09 04:00:00,35297.44,SAVE15
4480,4480,UPI,Success,3859.44,2026-02-13 00:00:00,0.0,SAVE15
4481,4481,Credit Card,Success,1261.31,2026-01-22 00:00:00,315.33,
4482,4482,UPI,Success,17842.62,2026-03-28 03:00:00,0.0,WELCOME10
4483,4483,Credit Card,Success,37756.5,2025-10-22 00:00:00,9439.12,
4484,4484,UPI,Success,551.63,2026-03-30 04:00:00,137.91,
4485,4485,Cash on Delivery,Success,11326.54,2025-12-06 05:00:00,0.0,
4486,4486,UPI,Success,3297.73,2025-06-08 03:00:00,366.42,SAVE15
4487,4487,Cash on Delivery,Success,5237.58,2025-11-05 05:00:00,1309.4,FEST20
4488,4488,UPI,Success,8921.46,2025-10-28 00:00:00,0.0,WELCOME10
4489,4489,EMI,Success,35190.57,2026-02-05 04:00:00,0.0,SAVE15
4490,4490,Credit Card,Success,1286.24,2026-01-28 05:00:00,142.92,FEST20
4491,4491,UPI,Success,10092.35,2026-04-25 01:00:00,531.18,SAVE15
4492,4492,EMI,Success,711.2,2025-11-26 02:00:00,79.02,SAVE15
4493,4493,Credit Card,Success,1375.32,2025-07-20 05:00:00,72.39,NEWUSER
4494,4494,Cash on Delivery,Success,1042.9,2024-12-25 05:00:00,115.88,WELCOME10
4495,4495,UPI,Success,3244.73,2026-05-12 04:00:00,170.78,
4496,4496,Cash on Delivery,Success,1195.99,2026-04-07 03:00:00,299.0,
4497,4497,Debit Card,Success,85647.6,2025-11-01 03:00:00,0.0,
4498,4498,Net Banking,Success,8953.46,2026-03-25 03:00:00,471.24,WELCOME10
4499,4499,UPI,Success,2625.43,2026-07-08 01:00:00,291.71,WELCOME10
4500,4500,Debit Card,Success,3164.49,2025-11-27 02:00:00,166.55,SAVE15
4501,4501,Debit Card,Success,12695.99,2026-06-26 00:00:00,0.0,
4502,4502,UPI,Success,4459.1,2024-05-08 04:00:00,495.46,NEWUSER
4503,4503,Credit Card,Success,7715.32,2025-12-11 01:00:00,0.0,WELCOME10
4504,4504,Net Banking,Success,789.74,2026-02-26 04:00:00,41.56,
4505,4505,Debit Card,Success,2140.16,2026-03-11 03:00:00,377.68,NEWUSER
4506,4506,Cash on Delivery,Success,253.85,2025-11-29 00:00:00,13.36,
4507,4507,Credit Card,Success,63725.42,2025-11-12 02:00:00,15931.36,
4508,4508,Debit Card,Success,751.99,2025-07-07 00:00:00,0.0,NEWUSER
4509,4509,UPI,Success,1310.15,2026-01-26 03:00:00,0.0,NEWUSER
4510,4510,UPI,Success,788.33,2025-05-17 04:00:00,41.49,FEST20
4511,4511,UPI,Success,5641.83,2026-02-22 00:00:00,0.0,SAVE15
4512,4512,Net Banking,Success,13431.62,2024-06-24 01:00:00,0.0,SAVE15
4513,4513,Cash on Delivery,Success,13616.47,2025-06-19 01:00:00,2402.91,SAVE15
4514,4514,Credit Card,Success,573.68,2026-08-17 02:00:00,0.0,SAVE15
4515,4515,Credit Card,Success,1238.45,2025-04-23 00:00:00,0.0,
4516,4516,Cash on Delivery,Success,2032.34,2026-02-11 01:00:00,358.65,NEWUSER
4517,4517,UPI,Success,470.57,2025-03-10 05:00:00,0.0,
4518,4518,UPI,Success,4648.07,2025-07-29 04:00:00,1162.02,FEST20
4519,4519,Debit Card,Success,12950.41,2025-09-10 00:00:00,0.0,
4520,4520,UPI,Success,939.39,2026-07-19 00:00:00,0.0,WELCOME10
4521,4521,UPI,Success,1900.62,2024-11-01 03:00:00,475.15,NEWUSER
4522,4522,UPI,Success,2876.94,2024-12-26 02:00:00,0.0,
4523,4523,UPI,Success,1912.06,2025-09-02 05:00:00,0.0,
4524,4524,Cash on Delivery,Not Applicable,1625.48,2025-03-28 00:00:00,180.61,SAVE15
4525,4525,UPI,Success,33256.81,2025-02-05 04:00:00,0.0,
4526,4526,Cash on Delivery,Success,8621.54,2026-04-21 03:00:00,453.76,WELCOME10
4527,4527,Net Banking,Success,41910.23,2026-02-06 01:00:00,0.0,FEST20
4528,4528,Credit Card,Success,12158.49,2026-05-04 00:00:00,0.0,NEWUSER
4529,4529,UPI,Refunded,43849.13,2026-01-03 03:00:00,2307.85,FEST20
4530,4530,Cash on Delivery,Success,28264.18,2024-04-12 05:00:00,0.0,WELCOME10
4531,4531,Net Banking,Success,8136.4,2024-12-30 01:00:00,904.04,WELCOME10
4532,4532,Credit Card,Success,9108.65,2026-05-12 01:00:00,1607.41,NEWUSER
4533,4533,UPI,Success,9074.54,2025-12-06 05:00:00,477.61,WELCOME10
4534,4534,Credit Card,Success,1788.67,2025-07-06 05:00:00,94.14,WELCOME10
4535,4535,Cash on Delivery,Success,3069.73,2026-01-31 01:00:00,0.0,WELCOME10
4536,4536,UPI,Success,9840.1,2026-06-12 02:00:00,2460.02,FEST20
4537,4537,Credit Card,Success,3520.7,2025-09-11 05:00:00,621.3,WELCOME10
4538,4538,UPI,Success,1749.66,2025-11-13 02:00:00,0.0,WELCOME10
4539,4539,UPI,Success,2519.95,2025-04-08 05:00:00,279.99,
4540,4540,Debit Card,Success,12928.28,2024-12-19 04:00:00,1436.48,FEST20
4541,4541,Cash on Delivery,Success,4783.58,2025-10-12 03:00:00,1195.9,NEWUSER
4542,4542,Cash on Delivery,Success,43819.01,2025-11-29 02:00:00,2306.26,NEWUSER
4543,4543,Debit Card,Success,2778.76,2025-10-15 04:00:00,146.25,WELCOME10
4544,4544,UPI,Success,698.3,2025-08-20 03:00:00,123.23,SAVE15
4545,4545,UPI,Refunded,8203.17,2025-11-16 05:00:00,431.75,FEST20
4546,4546,UPI,Success,7934.83,2024-08-16 03:00:00,0.0,FEST20
4547,4547,Debit Card,Success,4007.46,2025-06-27 04:00:00,0.0,
4548,4548,UPI,Success,18423.0,2026-06-18 01:00:00,3251.12,SAVE15
4549,4549,Cash on Delivery,Success,451.72,2025-05-09 04:00:00,112.93,FEST20
4550,4550,Credit Card,Success,10647.44,2025-01-23 00:00:00,560.39,SAVE15
4551,4551,UPI,Success,2804.54,2025-05-15 02:00:00,701.14,FEST20
4552,4552,Credit Card,Success,9654.62,2026-03-19 01:00:00,1072.74,FEST20
4553,4553,UPI,Success,4406.01,2026-03-15 04:00:00,489.56,
4554,4554,Credit Card,Success,11333.76,2025-04-16 00:00:00,0.0,
4555,4555,Debit Card,Success,798.67,2025-01-23 03:00:00,140.94,
4556,4556,Credit Card,Success,3785.85,2025-01-18 01:00:00,199.25,SAVE15
4557,4557,UPI,Success,57153.46,2025-06-10 02:00:00,0.0,WELCOME10
4558,4558,EMI,Success,373.75,2025-10-24 00:00:00,65.96,WELCOME10
4559,4559,Credit Card,Success,4653.96,2024-10-24 00:00:00,244.94,WELCOME10
4560,4560,UPI,Success,7371.2,2025-10-14 01:00:00,1300.8,
4561,4561,Cash on Delivery,Success,2680.15,2025-09-16 04:00:00,297.79,NEWUSER
4562,4562,Cash on Delivery,Not Applicable,2472.0,2026-04-09 02:00:00,274.67,
4563,4563,Debit Card,Success,5628.64,2024-12-23 01:00:00,625.41,
4564,4564,UPI,Success,64697.24,2026-06-20 01:00:00,7188.58,
4565,4565,UPI,Refunded,2349.38,2025-09-17 02:00:00,261.04,
4566,4566,UPI,Success,11672.05,2025-02-10 01:00:00,1296.89,
4567,4567,Cash on Delivery,Success,9719.53,2025-04-05 05:00:00,0.0,NEWUSER
4568,4568,Debit Card,Refunded,284.03,2026-05-04 02:00:00,0.0,
4569,4569,UPI,Success,171.12,2026-04-19 00:00:00,9.01,
4570,4570,Net Banking,Success,1947.65,2026-03-13 04:00:00,102.51,WELCOME10
4571,4571,EMI,Success,1936.26,2025-06-21 02:00:00,0.0,NEWUSER
4572,4572,UPI,Success,7247.95,2026-02-03 02:00:00,1279.05,
4573,4573,Credit Card,Success,5539.05,2025-06-20 00:00:00,291.53,
4574,4574,Cash on Delivery,Success,202.0,2026-04-05 03:00:00,0.0,
4575,4575,UPI,Pending,7966.9,2025-05-18 00:00:00,1991.73,
4576,4576,Credit Card,Success,6411.62,2025-11-17 05:00:00,1602.9,
4577,4577,UPI,Success,4648.87,2025-11-01 03:00:00,0.0,
4578,4578,Debit Card,Success,225.91,2026-02-02 04:00:00,0.0,
4579,4579,Cash on Delivery,Success,2907.78,2026-01-15 01:00:00,726.95,
4580,4580,Debit Card,Success,350.6,2025-11-06 00:00:00,0.0,
4581,4581,Debit Card,Success,10437.55,2026-02-08 02:00:00,549.35,
4582,4582,UPI,Success,64880.54,2026-04-16 03:00:00,0.0,
4583,4583,Cash on Delivery,Success,1300.3,2025-12-12 04:00:00,229.46,SAVE15
4584,4584,Credit Card,Success,4942.2,2026-06-11 04:00:00,0.0,
4585,4585,UPI,Success,1357.97,2025-12-10 00:00:00,0.0,SAVE15
4586,4586,EMI,Success,3984.4,2025-07-15 00:00:00,703.13,SAVE15
4587,4587,Debit Card,Success,276.22,2025-12-11 03:00:00,30.69,
4588,4588,Credit Card,Success,15135.13,2025-04-21 00:00:00,796.59,
4589,4589,Cash on Delivery,Success,10669.68,2023-10-23 01:00:00,0.0,
4590,4590,Debit Card,Success,8392.18,2025-08-20 00:00:00,2098.04,NEWUSER
4591,4591,UPI,Success,5131.46,2025-09-05 03:00:00,1282.86,SAVE15
4592,4592,UPI,Success,581.38,2026-03-08 04:00:00,64.6,SAVE15
4593,4593,UPI,Success,2420.24,2025-05-11 04:00:00,0.0,
4594,4594,UPI,Success,1916.34,2026-01-17 03:00:00,212.93,SAVE15
4595,4595,Credit Card,Success,4991.53,2025-11-12 03:00:00,554.61,WELCOME10
4596,4596,UPI,Refunded,153.8,2025-04-01 05:00:00,0.0,SAVE15
4597,4597,Cash on Delivery,Not Applicable,1026.73,2024-12-17 02:00:00,0.0,
4598,4598,Credit Card,Success,13751.49,2024-12-28 02:00:00,2426.73,
4599,4599,UPI,Success,6246.99,2025-06-22 02:00:00,694.11,
4600,4600,Credit Card,Success,11598.25,2025-07-01 02:00:00,1288.69,
4601,4601,UPI,Success,3716.88,2026-02-05 03:00:00,0.0,
4602,4602,Debit Card,Refunded,1886.78,2024-10-07 04:00:00,0.0,NEWUSER
4603,4603,Debit Card,Success,7732.39,2025-06-30 00:00:00,406.97,SAVE15
4604,4604,UPI,Success,4204.12,2026-03-06 00:00:00,0.0,SAVE15
4605,4605,UPI,Refunded,781.35,2026-07-30 03:00:00,137.88,SAVE15
4606,4606,EMI,Success,24271.31,2025-07-28 01:00:00,2696.81,SAVE15
4607,4607,Credit Card,Success,195.01,2025-01-22 01:00:00,10.26,FEST20
4608,4608,Net Banking,Success,72051.92,2025-09-18 02:00:00,12715.04,NEWUSER
4609,4609,Credit Card,Success,298.24,2025-03-10 01:00:00,0.0,
4610,4610,UPI,Success,2749.79,2026-07-12 04:00:00,0.0,
4611,4611,UPI,Success,205.92,2025-05-30 05:00:00,10.84,SAVE15
4612,4612,Cash on Delivery,Success,647.01,2025-03-10 02:00:00,161.75,SAVE15
4613,4613,UPI,Success,43043.53,2025-05-23 02:00:00,4782.61,
4614,4614,UPI,Success,9074.2,2025-01-05 04:00:00,0.0,NEWUSER
4615,4615,UPI,Success,47495.7,2025-11-14 03:00:00,5277.3,NEWUSER
4616,4616,Debit Card,Success,262.43,2024-06-06 03:00:00,0.0,FEST20
4617,4617,Cash on Delivery,Success,1954.59,2026-02-07 00:00:00,102.87,
4618,4618,UPI,Success,307.63,2025-08-21 02:00:00,16.19,
4619,4619,UPI,Success,145442.16,2025-11-17 03:00:00,25666.26,SAVE15
4620,4620,UPI,Success,66018.58,2026-04-12 01:00:00,0.0,FEST20
4621,4621,Credit Card,Success,5159.92,2024-12-24 04:00:00,0.0,
4622,4622,EMI,Success,5267.92,2026-05-04 05:00:00,1316.98,NEWUSER
4623,4623,Debit Card,Success,420.37,2025-06-29 02:00:00,0.0,SAVE15
4624,4624,UPI,Success,6045.59,2025-09-07 02:00:00,318.19,
4625,4625,Debit Card,Success,806.03,2025-04-12 02:00:00,0.0,NEWUSER
4626,4626,Credit Card,Success,1263.5,2025-09-20 03:00:00,0.0,FEST20
4627,4627,UPI,Success,7248.9,2026-01-08 02:00:00,1812.23,FEST20
4628,4628,Net Banking,Success,22855.42,2024-11-17 05:00:00,5713.86,NEWUSER
4629,4629,UPI,Success,301.15,2026-01-28 04:00:00,53.15,NEWUSER
4630,4630,UPI,Success,29908.3,2026-07-19 00:00:00,5277.94,SAVE15
4631,4631,UPI,Success,318.02,2026-08-04 03:00:00,56.12,
4632,4632,UPI,Success,1922.46,2026-04-28 00:00:00,480.62,
4633,4633,Cash on Delivery,Success,8398.66,2025-11-15 01:00:00,1482.12,FEST20
4634,4634,UPI,Refunded,125.21,2024-04-08 04:00:00,22.1,
4635,4635,Credit Card,Success,28242.23,2025-11-03 04:00:00,1486.43,WELCOME10
4636,4636,Net Banking,Success,10866.37,2025-08-05 02:00:00,1207.37,SAVE15
4637,4637,UPI,Success,160746.84,2026-07-19 05:00:00,0.0,WELCOME10
4638,4638,UPI,Success,2266.22,2026-08-16 04:00:00,119.27,WELCOME10
4639,4639,Net Banking,Success,8493.96,2025-09-26 01:00:00,0.0,
4640,4640,UPI,Success,702.85,2026-07-31 00:00:00,36.99,
4641,4641,Cash on Delivery,Success,74113.46,2025-03-16 01:00:00,13078.84,SAVE15
4642,4642,Net Banking,Success,1247.79,2026-03-22 05:00:00,65.67,
4643,4643,Cash on Delivery,Success,7974.05,2024-10-28 04:00:00,419.69,WELCOME10
4644,4644,Net Banking,Success,4272.59,2026-01-16 00:00:00,224.87,NEWUSER
4645,4645,UPI,Success,4801.54,2026-01-07 02:00:00,847.33,SAVE15
4646,4646,Credit Card,Success,4564.66,2026-04-07 05:00:00,0.0,NEWUSER
4647,4647,UPI,Success,100699.73,2025-03-01 01:00:00,25174.93,
4648,4648,Net Banking,Success,7809.32,2025-07-28 03:00:00,1378.11,
4649,4649,Credit Card,Success,8274.68,2025-05-27 05:00:00,435.51,
4650,4650,Debit Card,Success,33412.86,2024-08-11 01:00:00,1758.57,SAVE15
4651,4651,UPI,Success,322.85,2024-10-15 01:00:00,35.87,
4652,4652,UPI,Success,22662.7,2025-11-19 04:00:00,0.0,SAVE15
4653,4653,UPI,Success,2000.37,2025-12-01 04:00:00,500.09,NEWUSER
4654,4654,UPI,Success,1236.16,2025-06-04 00:00:00,137.35,SAVE15
4655,4655,Credit Card,Success,363.23,2026-06-12 00:00:00,64.1,FEST20
4656,4656,Debit Card,Success,883.19,2026-05-29 02:00:00,98.13,FEST20
4657,4657,Credit Card,Success,1568.62,2025-06-01 00:00:00,82.56,WELCOME10
4658,4658,Cash on Delivery,Success,4358.01,2024-11-12 01:00:00,0.0,
4659,4659,Debit Card,Success,2506.01,2025-05-29 00:00:00,131.9,
4660,4660,Credit Card,Success,969.37,2025-08-08 00:00:00,107.71,WELCOME10
4661,4661,UPI,Success,2158.7,2026-05-12 03:00:00,113.62,
4662,4662,UPI,Success,1511.37,2025-09-09 05:00:00,0.0,SAVE15
4663,4663,Debit Card,Success,1792.55,2026-07-13 01:00:00,94.34,WELCOME10
4664,4664,UPI,Success,2623.9,2024-04-17 05:00:00,0.0,SAVE15
4665,4665,Debit Card,Success,1147.03,2025-09-18 04:00:00,0.0,NEWUSER
4666,4666,UPI,Success,3369.1,2025-06-03 01:00:00,842.27,
4667,4667,Credit Card,Pending,10130.98,2025-05-21 00:00:00,533.21,NEWUSER
4668,4668,UPI,Success,5759.24,2025-10-11 05:00:00,303.12,SAVE15
4669,4669,Debit Card,Success,1717.29,2024-03-08 04:00:00,0.0,
4670,4670,UPI,Success,963.56,2026-01-30 00:00:00,240.89,SAVE15
4671,4671,Cash on Delivery,Success,1236.22,2025-12-18 05:00:00,65.06,
4672,4672,Credit Card,Success,696.45,2026-07-21 02:00:00,122.9,
4673,4673,UPI,Success,32261.2,2026-02-27 05:00:00,8065.3,NEWUSER
4674,4674,UPI,Success,789.29,2025-10-07 03:00:00,0.0,SAVE15
4675,4675,Cash on Delivery,Success,9298.51,2026-05-13 01:00:00,489.4,
4676,4676,UPI,Success,322.08,2026-01-29 02:00:00,16.95,
4677,4677,Debit Card,Success,9258.85,2023-12-09 05:00:00,1633.91,SAVE15
4678,4678,Cash on Delivery,Success,1772.86,2026-03-09 03:00:00,443.22,NEWUSER
4679,4679,Debit Card,Success,40662.64,2024-12-08 03:00:00,7175.76,SAVE15
4680,4680,EMI,Success,2660.83,2025-08-02 01:00:00,0.0,FEST20
4681,4681,Cash on Delivery,Success,8377.74,2024-02-08 00:00:00,0.0,
4682,4682,UPI,Success,424.92,2026-02-23 01:00:00,106.23,NEWUSER
4683,4683,Debit Card,Success,591.24,2025-05-28 03:00:00,31.12,
4684,4684,Cash on Delivery,Success,7838.19,2026-06-13 05:00:00,870.91,SAVE15
4685,4685,Credit Card,Success,71313.83,2025-01-30 00:00:00,3753.36,WELCOME10
4686,4686,Credit Card,Success,3061.54,2025-12-02 01:00:00,340.17,
4687,4687,UPI,Success,6678.41,2026-07-18 03:00:00,0.0,SAVE15
4688,4688,UPI,Refunded,283.38,2025-09-25 03:00:00,0.0,
4689,4689,Net Banking,Refunded,2633.18,2024-07-29 05:00:00,658.29,NEWUSER
4690,4690,UPI,Success,923.94,2025-12-10 03:00:00,0.0,SAVE15
4691,4691,Debit Card,Success,40899.02,2026-02-03 00:00:00,4544.34,SAVE15
4692,4692,Cash on Delivery,Success,17051.39,2025-08-04 00:00:00,1894.6,
4693,4693,EMI,Success,7734.54,2025-03-17 05:00:00,0.0,
4694,4694,UPI,Success,1576.6,2024-06-13 05:00:00,278.22,NEWUSER
4695,4695,UPI,Refunded,8169.16,2026-07-06 01:00:00,1441.62,WELCOME10
4696,4696,Debit Card,Success,1103.82,2024-07-14 03:00:00,275.96,WELCOME10
4697,4697,Credit Card,Success,2943.8,2024-03-03 03:00:00,0.0,
4698,4698,Credit Card,Success,8235.23,2025-11-04 02:00:00,1453.28,SAVE15
4699,4699,UPI,Success,840.33,2026-06-29 05:00:00,148.29,
4700,4700,Debit Card,Success,595.62,2026-03-02 00:00:00,66.18,NEWUSER
4701,4701,UPI,Success,59860.08,2026-04-15 05:00:00,3150.53,
4702,4702,Debit Card,Success,4508.34,2026-01-04 01:00:00,237.28,WELCOME10
4703,4703,Credit Card,Success,4085.59,2026-01-27 03:00:00,720.99,
4704,4704,UPI,Success,2719.01,2026-02-09 02:00:00,302.11,
4705,4705,UPI,Success,2940.03,2026-03-29 02:00:00,0.0,FEST20
4706,4706,UPI,Success,15345.48,2025-12-12 01:00:00,0.0,SAVE15
4707,4707,UPI,Success,195099.38,2025-11-20 02:00:00,48774.85,NEWUSER
4708,4708,EMI,Success,4023.44,2024-11-27 03:00:00,710.02,
4709,4709,Cash on Delivery,Success,2152.2,2025-10-19 01:00:00,0.0,NEWUSER
4710,4710,Cash on Delivery,Success,7222.08,2026-05-08 00:00:00,1274.49,SAVE15
4711,4711,UPI,Success,898.87,2025-10-21 04:00:00,99.88,NEWUSER
4712,4712,Net Banking,Success,27027.12,2026-06-13 00:00:00,4769.49,
4713,4713,Cash on Delivery,Success,6594.43,2026-04-08 04:00:00,1163.72,SAVE15
4714,4714,Cash on Delivery,Success,7516.61,2025-10-27 03:00:00,395.61,WELCOME10
4715,4715,Cash on Delivery,Success,342.49,2026-03-21 01:00:00,0.0,SAVE15
4716,4716,UPI,Success,7529.75,2025-07-28 02:00:00,1882.44,FEST20
4717,4717,Credit Card,Success,543.62,2025-08-02 00:00:00,28.61,SAVE15
4718,4718,Net Banking,Success,6853.14,2024-08-24 05:00:00,0.0,WELCOME10
4719,4719,UPI,Success,62027.73,2026-06-25 02:00:00,0.0,WELCOME10
4720,4720,Net Banking,Success,803.68,2026-03-08 04:00:00,89.3,
4721,4721,Cash on Delivery,Success,3779.07,2026-01-18 02:00:00,666.9,
4722,4722,UPI,Success,41005.43,2026-05-30 02:00:00,0.0,
4723,4723,Debit Card,Success,14925.15,2025-05-11 02:00:00,1658.35,
4724,4724,Credit Card,Success,10707.59,2025-05-18 02:00:00,0.0,NEWUSER
4725,4725,Debit Card,Success,2548.78,2025-07-13 03:00:00,449.79,
4726,4726,UPI,Success,1870.21,2024-05-05 03:00:00,207.8,
4727,4727,Cash on Delivery,Success,16334.32,2024-12-18 00:00:00,859.7,
4728,4728,UPI,Success,18310.65,2024-10-22 04:00:00,0.0,NEWUSER
4729,4729,Credit Card,Refunded,3409.61,2025-02-28 02:00:00,0.0,
4730,4730,UPI,Success,55929.02,2025-09-14 05:00:00,9869.83,
4731,4731,UPI,Success,19275.16,2025-09-09 04:00:00,0.0,FEST20
4732,4732,UPI,Success,3784.99,2025-12-19 03:00:00,420.55,NEWUSER
4733,4733,UPI,Refunded,153074.53,2025-03-10 01:00:00,8056.55,
4734,4734,Debit Card,Success,3545.79,2025-11-07 04:00:00,393.98,
4735,4735,Net Banking,Success,495.12,2025-12-09 05:00:00,26.06,
4736,4736,UPI,Refunded,16655.8,2024-09-25 00:00:00,0.0,NEWUSER
4737,4737,UPI,Success,574.83,2025-11-23 02:00:00,143.71,
4738,4738,UPI,Success,602.32,2025-04-04 01:00:00,0.0,WELCOME10
4739,4739,Cash on Delivery,Success,531.27,2026-02-19 03:00:00,132.82,FEST20
4740,4740,Cash on Delivery,Success,2959.74,2025-06-15 01:00:00,0.0,
4741,4741,UPI,Success,7383.82,2026-06-30 05:00:00,388.62,
4742,4742,Cash on Delivery,Success,2134.99,2025-08-22 04:00:00,237.22,SAVE15
4743,4743,UPI,Success,2553.61,2025-10-23 03:00:00,283.73,
4744,4744,Net Banking,Success,1904.4,2025-07-14 02:00:00,0.0,
4745,4745,EMI,Success,2075.62,2025-10-05 04:00:00,0.0,
4746,4746,EMI,Success,1541.36,2024-10-29 03:00:00,81.12,NEWUSER
4747,4747,Cash on Delivery,Success,2850.08,2025-12-08 04:00:00,712.52,NEWUSER
4748,4748,Cash on Delivery,Not Applicable,1131.45,2026-01-17 05:00:00,59.55,
4749,4749,EMI,Success,4919.56,2026-02-11 01:00:00,0.0,
4750,4750,Credit Card,Success,127761.8,2026-03-02 05:00:00,0.0,FEST20
4751,4751,UPI,Success,1422.38,2026-07-04 01:00:00,355.59,
4752,4752,UPI,Success,157.8,2026-01-01 01:00:00,8.31,FEST20
4753,4753,Credit Card,Success,58690.64,2025-07-27 00:00:00,0.0,WELCOME10
4754,4754,Credit Card,Success,87372.52,2026-03-03 00:00:00,0.0,
4755,4755,UPI,Success,3198.16,2026-07-11 04:00:00,355.35,
4756,4756,Debit Card,Success,648.74,2025-07-20 00:00:00,162.19,FEST20
4757,4757,UPI,Success,625.46,2026-04-04 01:00:00,0.0,WELCOME10
4758,4758,UPI,Success,13879.92,2025-09-23 03:00:00,2449.4,
4759,4759,UPI,Success,478.94,2026-01-19 01:00:00,84.52,
4760,4760,UPI,Success,14402.3,2025-03-25 05:00:00,3600.58,NEWUSER
4761,4761,Credit Card,Success,63146.29,2024-11-02 02:00:00,11143.46,
4762,4762,Cash on Delivery,Success,2479.74,2026-07-19 02:00:00,0.0,SAVE15
4763,4763,Cash on Delivery,Success,3294.64,2025-11-22 01:00:00,366.07,
4764,4764,UPI,Success,6717.37,2025-09-24 00:00:00,0.0,
4765,4765,EMI,Success,7898.86,2026-04-09 00:00:00,415.73,
4766,4766,UPI,Success,9977.9,2025-11-09 05:00:00,2494.48,SAVE15
4767,4767,Net Banking,Success,5068.98,2025-12-21 02:00:00,894.52,
4768,4768,Credit Card,Success,2520.04,2026-03-01 04:00:00,280.0,FEST20
4769,4769,UPI,Success,4055.2,2026-05-26 00:00:00,0.0,
4770,4770,UPI,Success,584.76,2026-01-16 04:00:00,0.0,WELCOME10
4771,4771,Credit Card,Success,2385.55,2025-12-28 02:00:00,265.06,
4772,4772,Cash on Delivery,Success,4846.5,2025-08-27 03:00:00,538.5,FEST20
4773,4773,Credit Card,Success,8010.59,2024-12-23 00:00:00,2002.65,
4774,4774,Cash on Delivery,Success,11782.38,2024-12-07 04:00:00,0.0,
4775,4775,Cash on Delivery,Success,750.52,2024-10-31 00:00:00,132.45,
4776,4776,UPI,Refunded,995.68,2026-02-13 02:00:00,0.0,
4777,4777,Debit Card,Success,3718.29,2025-09-27 00:00:00,929.57,WELCOME10
4778,4778,UPI,Success,42826.69,2026-02-02 01:00:00,4758.52,FEST20
4779,4779,Credit Card,Success,835.6,2025-08-25 01:00:00,0.0,WELCOME10
4780,4780,Cash on Delivery,Success,1096.7,2024-03-31 01:00:00,193.53,
4781,4781,UPI,Success,1295.47,2025-06-16 01:00:00,68.18,
4782,4782,UPI,Success,499.63,2024-11-21 01:00:00,124.91,
4783,4783,Debit Card,Success,12149.86,2024-12-16 03:00:00,3037.46,SAVE15
4784,4784,UPI,Success,9186.73,2024-07-25 05:00:00,0.0,
4785,4785,Credit Card,Success,803.6,2026-02-20 00:00:00,0.0,
4786,4786,UPI,Success,2045.48,2025-10-28 01:00:00,0.0,WELCOME10
4787,4787,UPI,Success,16961.94,2025-11-23 01:00:00,4240.49,NEWUSER
4788,4788,Cash on Delivery,Success,560.75,2024-06-28 01:00:00,140.19,NEWUSER
4789,4789,Cash on Delivery,Success,4875.12,2026-06-05 04:00:00,0.0,FEST20
4790,4790,Cash on Delivery,Success,1369.82,2025-05-21 00:00:00,152.2,
4791,4791,Credit Card,Success,654.98,2024-09-14 04:00:00,0.0,
4792,4792,UPI,Success,286.05,2025-03-03 05:00:00,50.48,
4793,4793,Cash on Delivery,Success,17091.93,2026-01-06 01:00:00,0.0,WELCOME10
4794,4794,Debit Card,Success,2258.46,2025-10-01 05:00:00,118.87,WELCOME10
4795,4795,UPI,Success,7771.33,2026-02-22 00:00:00,1371.41,WELCOME10
4796,4796,UPI,Success,86823.82,2026-08-17 01:00:00,0.0,WELCOME10
4797,4797,Credit Card,Success,1678.04,2025-08-31 04:00:00,296.12,NEWUSER
4798,4798,Credit Card,Success,1938.98,2026-05-06 02:00:00,0.0,
4799,4799,Net Banking,Refunded,8868.15,2026-07-12 01:00:00,466.75,SAVE15
4800,4800,Debit Card,Success,55182.39,2026-07-12 03:00:00,2904.34,FEST20
4801,4801,Credit Card,Success,15867.62,2026-03-30 01:00:00,0.0,FEST20
4802,4802,Credit Card,Success,60619.67,2025-11-01 00:00:00,15154.92,
4803,4803,Cash on Delivery,Success,15527.68,2025-03-28 02:00:00,1725.3,WELCOME10
4804,4804,UPI,Success,672.24,2025-01-07 02:00:00,168.06,FEST20
4805,4805,Debit Card,Success,3014.5,2026-04-18 05:00:00,334.94,WELCOME10
4806,4806,Debit Card,Success,32602.18,2026-08-01 04:00:00,0.0,FEST20
4807,4807,Net Banking,Success,902.37,2026-03-10 03:00:00,47.49,
4808,4808,Net Banking,Success,1807.33,2026-08-17 00:00:00,451.83,
4809,4809,Credit Card,Success,41199.22,2026-03-06 03:00:00,2168.38,NEWUSER
4810,4810,Debit Card,Success,17172.16,2026-01-07 04:00:00,4293.04,FEST20
4811,4811,UPI,Success,3629.27,2026-02-16 05:00:00,403.25,
4812,4812,Credit Card,Success,4004.14,2025-12-07 05:00:00,0.0,
4813,4813,Cash on Delivery,Success,6392.35,2025-08-15 02:00:00,0.0,
4814,4814,UPI,Success,4212.47,2025-09-27 05:00:00,221.71,NEWUSER
4815,4815,Credit Card,Success,2491.8,2025-08-17 01:00:00,622.95,
4816,4816,EMI,Refunded,509.97,2026-02-17 03:00:00,89.99,FEST20
4817,4817,UPI,Success,829.92,2025-11-07 03:00:00,0.0,
4818,4818,UPI,Success,3753.9,2025-05-12 04:00:00,938.48,
4819,4819,Credit Card,Success,5578.61,2025-04-22 00:00:00,619.85,NEWUSER
4820,4820,Cash on Delivery,Success,264.35,2025-07-19 03:00:00,66.09,FEST20
4821,4821,Cash on Delivery,Success,3144.42,2025-12-04 01:00:00,0.0,
4822,4822,Debit Card,Success,4794.95,2024-02-06 03:00:00,0.0,WELCOME10
4823,4823,UPI,Success,2770.35,2025-01-29 04:00:00,0.0,
4824,4824,Debit Card,Success,7884.66,2025-02-14 02:00:00,0.0,
4825,4825,UPI,Success,986.43,2024-08-22 03:00:00,51.92,NEWUSER
4826,4826,Cash on Delivery,Success,1333.74,2026-02-02 00:00:00,235.36,NEWUSER
4827,4827,Credit Card,Refunded,6305.77,2025-04-03 05:00:00,331.88,SAVE15
4828,4828,UPI,Success,103.27,2026-01-31 01:00:00,0.0,WELCOME10
4829,4829,UPI,Success,3887.71,2025-08-14 04:00:00,431.97,SAVE15
4830,4830,Debit Card,Success,963.08,2025-08-27 05:00:00,169.95,
4831,4831,Cash on Delivery,Success,2192.18,2025-12-14 02:00:00,115.38,NEWUSER
4832,4832,UPI,Success,19519.93,2026-03-25 02:00:00,3444.69,
4833,4833,Debit Card,Success,8897.66,2024-09-20 00:00:00,988.63,SAVE15
4834,4834,UPI,Success,713.77,2026-01-15 00:00:00,0.0,SAVE15
4835,4835,UPI,Success,47354.14,2026-03-05 02:00:00,0.0,WELCOME10
4836,4836,UPI,Success,4944.58,2025-12-31 05:00:00,1236.14,
4837,4837,Credit Card,Pending,5882.22,2024-10-17 02:00:00,0.0,FEST20
4838,4838,Debit Card,Success,7494.04,2025-12-25 02:00:00,1322.48,
4839,4839,UPI,Success,49562.81,2025-01-28 02:00:00,2608.57,
4840,4840,Cash on Delivery,Success,2444.16,2026-07-08 02:00:00,0.0,FEST20
4841,4841,Cash on Delivery,Success,888.29,2024-12-16 04:00:00,222.07,NEWUSER
4842,4842,Cash on Delivery,Success,29835.3,2025-12-01 04:00:00,1570.28,NEWUSER
4843,4843,UPI,Success,4171.33,2026-04-07 00:00:00,463.48,NEWUSER
4844,4844,Credit Card,Success,5416.29,2026-02-11 04:00:00,1354.07,SAVE15
4845,4845,UPI,Success,81817.84,2026-03-29 05:00:00,4306.2,
4846,4846,Debit Card,Success,7518.3,2026-07-17 01:00:00,1879.58,FEST20
4847,4847,UPI,Success,2118.87,2026-05-16 04:00:00,0.0,
4848,4848,UPI,Success,9680.1,2024-12-31 00:00:00,1708.25,
4849,4849,Cash on Delivery,Success,3072.11,2026-07-23 05:00:00,542.14,
4850,4850,Cash on Delivery,Success,2448.27,2026-06-26 05:00:00,432.05,FEST20
4851,4851,UPI,Success,1080.36,2026-02-19 04:00:00,0.0,
4852,4852,Cash on Delivery,Success,2291.72,2026-03-04 02:00:00,0.0,WELCOME10
4853,4853,Cash on Delivery,Success,188.74,2025-09-26 04:00:00,20.97,NEWUSER
4854,4854,Net Banking,Success,754.04,2025-04-03 03:00:00,133.06,FEST20
4855,4855,UPI,Success,7609.02,2025-12-13 03:00:00,1342.77,
4856,4856,UPI,Refunded,2066.11,2025-03-11 01:00:00,364.61,
4857,4857,Net Banking,Refunded,7007.36,2026-01-08 04:00:00,0.0,
4858,4858,Net Banking,Success,2205.34,2026-01-07 00:00:00,245.04,
4859,4859,Credit Card,Success,229.56,2025-06-20 00:00:00,25.51,
4860,4860,Cash on Delivery,Success,825.43,2026-04-05 01:00:00,145.66,FEST20
4861,4861,UPI,Success,1104.42,2025-07-21 04:00:00,276.11,SAVE15
4862,4862,Debit Card,Success,773.24,2025-11-15 02:00:00,0.0,
4863,4863,UPI,Success,8227.84,2026-05-30 01:00:00,0.0,FEST20
4864,4864,Credit Card,Success,8799.55,2025-04-26 02:00:00,977.73,
4865,4865,Credit Card,Success,14225.47,2026-03-21 05:00:00,3556.37,WELCOME10
4866,4866,Debit Card,Success,10558.75,2025-12-31 01:00:00,1863.31,NEWUSER
4867,4867,Cash on Delivery,Success,214.21,2026-02-27 05:00:00,53.55,
4868,4868,UPI,Success,61039.06,2025-11-07 00:00:00,10771.6,
4869,4869,EMI,Success,123.0,2026-01-04 05:00:00,30.75,FEST20
4870,4870,UPI,Success,2626.91,2026-02-05 05:00:00,463.57,SAVE15
4871,4871,Credit Card,Success,623.49,2026-07-22 04:00:00,0.0,
4872,4872,UPI,Success,2334.09,2026-03-03 03:00:00,259.34,
4873,4873,UPI,Success,6581.5,2026-02-15 05:00:00,1645.38,
4874,4874,Cash on Delivery,Success,7760.35,2025-06-16 02:00:00,1940.09,WELCOME10
4875,4875,Cash on Delivery,Success,2537.06,2026-03-01 03:00:00,0.0,SAVE15
4876,4876,UPI,Success,4658.9,2025-02-14 02:00:00,517.66,
4877,4877,UPI,Success,3428.38,2026-04-29 03:00:00,857.09,
4878,4878,UPI,Success,115667.17,2025-03-03 04:00:00,28916.79,NEWUSER
4879,4879,UPI,Success,789.87,2026-06-20 01:00:00,0.0,
4880,4880,Net Banking,Success,8180.84,2026-02-20 05:00:00,0.0,WELCOME10
4881,4881,Debit Card,Success,3975.67,2025-08-02 02:00:00,441.74,
4882,4882,Debit Card,Success,244.21,2025-12-15 02:00:00,12.85,
4883,4883,UPI,Success,126758.38,2024-12-21 00:00:00,0.0,WELCOME10
4884,4884,Credit Card,Refunded,3220.74,2026-03-14 03:00:00,805.19,NEWUSER
4885,4885,Credit Card,Success,12007.62,2025-06-11 01:00:00,631.98,
4886,4886,UPI,Success,1524.06,2025-09-23 04:00:00,80.21,FEST20
4887,4887,Net Banking,Success,2456.0,2026-06-17 00:00:00,614.0,NEWUSER
4888,4888,UPI,Success,6410.72,2025-07-31 04:00:00,0.0,FEST20
4889,4889,UPI,Success,84305.39,2025-09-07 02:00:00,4437.13,
4890,4890,Debit Card,Refunded,800.85,2025-06-27 00:00:00,42.15,
4891,4891,EMI,Success,719.13,2026-02-03 03:00:00,126.91,NEWUSER
4892,4892,Credit Card,Success,152337.06,2025-11-17 00:00:00,8017.74,SAVE15
4893,4893,UPI,Success,94856.46,2026-06-20 05:00:00,4992.45,SAVE15
4894,4894,Debit Card,Success,5622.74,2026-01-18 02:00:00,624.75,FEST20
4895,4895,Debit Card,Success,11879.02,2024-10-31 03:00:00,2096.3,NEWUSER
4896,4896,UPI,Success,582.64,2025-10-05 03:00:00,145.66,WELCOME10
4897,4897,Credit Card,Refunded,155.62,2025-03-26 04:00:00,0.0,
4898,4898,Cash on Delivery,Success,4923.55,2025-09-29 04:00:00,0.0,FEST20
4899,4899,Cash on Delivery,Not Applicable,6970.96,2026-01-17 01:00:00,774.55,
4900,4900,Credit Card,Refunded,7309.52,2025-06-28 00:00:00,0.0,SAVE15
4901,4901,UPI,Success,51405.6,2025-08-21 01:00:00,9071.58,SAVE15
4902,4902,Debit Card,Success,4729.55,2025-01-22 04:00:00,834.63,
4903,4903,Credit Card,Success,7535.98,2024-05-23 02:00:00,1884.0,
4904,4904,Credit Card,Success,763.54,2025-01-01 01:00:00,134.74,WELCOME10
4905,4905,EMI,Success,53549.93,2026-01-21 00:00:00,13387.48,FEST20
4906,4906,Credit Card,Success,2175.54,2024-09-17 04:00:00,0.0,
4907,4907,Credit Card,Success,62887.44,2025-08-25 02:00:00,6987.49,FEST20
4908,4908,UPI,Success,16265.31,2025-01-04 00:00:00,0.0,NEWUSER
4909,4909,Debit Card,Success,9848.74,2026-04-16 02:00:00,2462.18,
4910,4910,Credit Card,Success,319.19,2026-01-10 00:00:00,35.46,NEWUSER
4911,4911,UPI,Success,30208.28,2025-08-11 01:00:00,0.0,
4912,4912,Cash on Delivery,Not Applicable,15281.34,2026-03-23 01:00:00,2696.71,
4913,4913,UPI,Success,9625.31,2026-07-15 03:00:00,1069.48,NEWUSER
4914,4914,Credit Card,Refunded,816.41,2025-12-15 04:00:00,144.07,
4915,4915,UPI,Success,183743.74,2026-02-11 04:00:00,45935.94,
4916,4916,Credit Card,Success,1484.73,2026-07-23 02:00:00,0.0,FEST20
4917,4917,Cash on Delivery,Not Applicable,3290.94,2026-08-09 01:00:00,365.66,
4918,4918,Debit Card,Success,799.56,2025-01-11 00:00:00,199.89,SAVE15
4919,4919,Net Banking,Refunded,1975.72,2026-06-11 00:00:00,0.0,WELCOME10
4920,4920,UPI,Success,6934.54,2025-10-21 03:00:00,770.51,SAVE15
4921,4921,Credit Card,Success,135.63,2026-03-04 01:00:00,23.94,
4922,4922,Cash on Delivery,Success,9748.86,2024-05-27 04:00:00,0.0,FEST20
4923,4923,Credit Card,Success,3673.04,2025-07-28 04:00:00,193.32,
4924,4924,Debit Card,Success,1291.08,2026-04-18 01:00:00,0.0,FEST20
4925,4925,Cash on Delivery,Success,295.08,2026-03-05 01:00:00,15.53,
4926,4926,UPI,Success,1952.37,2025-02-11 00:00:00,216.93,
4927,4927,UPI,Success,810.09,2026-03-20 01:00:00,0.0,SAVE15
4928,4928,UPI,Success,25102.76,2024-12-09 04:00:00,2789.2,
4929,4929,UPI,Success,1906.07,2026-04-17 00:00:00,336.37,NEWUSER
4930,4930,Debit Card,Success,6190.95,2025-04-30 00:00:00,0.0,
4931,4931,Net Banking,Success,812.52,2025-03-11 00:00:00,42.76,
4932,4932,Credit Card,Success,15230.59,2025-08-03 05:00:00,1692.29,FEST20
4933,4933,Debit Card,Success,10415.89,2025-10-01 00:00:00,548.2,
4934,4934,Cash on Delivery,Success,2455.76,2026-02-18 04:00:00,613.94,SAVE15
4935,4935,Credit Card,Success,2138.34,2025-05-01 00:00:00,377.35,
4936,4936,Credit Card,Success,3161.02,2024-08-31 04:00:00,0.0,
4937,4937,UPI,Success,2508.05,2025-01-21 02:00:00,0.0,
4938,4938,UPI,Success,919.34,2024-11-17 01:00:00,48.39,WELCOME10
4939,4939,UPI,Success,54576.47,2026-02-17 00:00:00,6064.05,WELCOME10
4940,4940,Credit Card,Success,8642.4,2026-03-02 03:00:00,0.0,FEST20
4941,4941,Debit Card,Success,1276.71,2024-08-01 01:00:00,0.0,
4942,4942,Net Banking,Success,288.75,2025-11-15 00:00:00,50.96,FEST20
4943,4943,Credit Card,Success,616.99,2025-01-30 03:00:00,108.88,
4944,4944,UPI,Success,9150.82,2024-10-26 05:00:00,481.62,WELCOME10
4945,4945,Cash on Delivery,Success,4597.77,2025-11-16 02:00:00,241.99,
4946,4946,Debit Card,Success,6052.47,2025-06-05 03:00:00,672.5,SAVE15
4947,4947,Cash on Delivery,Success,61130.4,2024-08-23 05:00:00,3217.39,WELCOME10
4948,4948,Credit Card,Success,6742.54,2025-02-16 01:00:00,0.0,
4949,4949,Debit Card,Success,58102.06,2025-01-31 03:00:00,0.0,
4950,4950,Credit Card,Success,577.08,2025-10-21 03:00:00,101.84,FEST20
4951,4951,UPI,Success,289.57,2026-07-19 02:00:00,0.0,NEWUSER
4952,4952,UPI,Success,5506.99,2026-08-17 05:00:00,1376.75,FEST20
4953,4953,UPI,Success,540.02,2026-05-18 04:00:00,28.42,SAVE15
4954,4954,Credit Card,Success,240.33,2025-08-18 03:00:00,26.7,
4955,4955,Cash on Delivery,Success,18964.68,2025-02-28 00:00:00,2107.19,SAVE15
4956,4956,Debit Card,Success,3107.79,2026-02-20 03:00:00,776.95,
4957,4957,Debit Card,Success,1467.49,2026-04-01 01:00:00,77.24,WELCOME10
4958,4958,Credit Card,Success,4947.45,2025-11-22 05:00:00,0.0,
4959,4959,UPI,Success,79336.03,2026-01-09 00:00:00,0.0,WELCOME10
4960,4960,UPI,Success,2772.26,2024-12-28 05:00:00,0.0,SAVE15
4961,4961,UPI,Success,378.44,2024-11-28 03:00:00,0.0,
4962,4962,UPI,Success,3591.22,2025-12-11 04:00:00,633.74,
4963,4963,UPI,Success,75466.75,2026-02-04 00:00:00,18866.69,SAVE15
4964,4964,Cash on Delivery,Success,157360.58,2025-06-16 05:00:00,0.0,NEWUSER
4965,4965,EMI,Success,832.43,2025-02-11 05:00:00,146.9,FEST20
4966,4966,UPI,Success,733.87,2024-07-24 02:00:00,38.62,NEWUSER
4967,4967,Credit Card,Success,7304.65,2026-05-25 02:00:00,1289.06,WELCOME10
4968,4968,UPI,Refunded,1561.06,2025-11-24 00:00:00,173.45,WELCOME10
4969,4969,UPI,Success,2255.42,2026-03-25 00:00:00,250.6,NEWUSER
4970,4970,UPI,Success,6929.73,2025-07-26 01:00:00,1222.89,SAVE15
4971,4971,UPI,Success,394.53,2025-01-05 00:00:00,0.0,NEWUSER
4972,4972,UPI,Refunded,3788.07,2026-01-30 01:00:00,0.0,
4973,4973,Net Banking,Success,577.18,2025-11-08 01:00:00,0.0,
4974,4974,Credit Card,Success,51202.56,2025-09-20 04:00:00,0.0,
4975,4975,Net Banking,Success,60009.97,2026-01-27 03:00:00,0.0,NEWUSER
4976,4976,UPI,Success,5056.34,2026-05-05 00:00:00,1264.09,
4977,4977,Debit Card,Success,1420.66,2026-03-09 01:00:00,355.16,
4978,4978,UPI,Success,6418.08,2025-10-30 01:00:00,0.0,
4979,4979,Debit Card,Success,202.47,2026-05-13 05:00:00,0.0,
4980,4980,Net Banking,Success,9018.58,2026-05-26 05:00:00,2254.64,FEST20
4981,4981,UPI,Success,1175.86,2025-08-09 04:00:00,61.89,WELCOME10
4982,4982,UPI,Success,18823.7,2025-06-20 02:00:00,4705.92,
4983,4983,Cash on Delivery,Success,462.26,2026-02-24 05:00:00,115.57,WELCOME10
4984,4984,Net Banking,Success,4060.31,2024-10-26 01:00:00,213.7,SAVE15
4985,4985,Credit Card,Refunded,4376.02,2024-05-19 04:00:00,0.0,SAVE15
4986,4986,UPI,Success,41550.28,2026-05-05 00:00:00,2186.86,SAVE15
4987,4987,Debit Card,Success,1490.53,2025-12-14 05:00:00,78.45,
4988,4988,UPI,Success,83566.28,2025-06-08 05:00:00,0.0,
4989,4989,Cash on Delivery,Not Applicable,2120.1,2025-01-27 03:00:00,530.02,FEST20
4990,4990,Cash on Delivery,Pending,624.36,2025-12-03 03:00:00,156.09,WELCOME10
4991,4991,UPI,Success,4451.81,2025-09-19 05:00:00,0.0,SAVE15
4992,4992,Cash on Delivery,Success,2729.84,2026-03-28 00:00:00,481.74,
4993,4993,EMI,Success,56787.98,2026-01-13 01:00:00,2988.84,FEST20
4994,4994,Credit Card,Success,5622.79,2025-10-04 01:00:00,295.94,WELCOME10
4995,4995,Cash on Delivery,Success,16301.55,2025-11-26 00:00:00,857.98,FEST20
4996,4996,Net Banking,Success,7754.7,2025-11-01 05:00:00,861.63,
4997,4997,UPI,Success,11077.15,2025-09-19 00:00:00,1954.79,NEWUSER
4998,4998,UPI,Success,52808.71,2025-11-25 02:00:00,0.0,FEST20
4999,4999,Cash on Delivery,Success,561.53,2025-05-11 00:00:00,99.09,
5000,5000,Credit Card,Success,3219.16,2026-01-23 04:00:00,804.79,NEWUSER
5001,5001,UPI,Refunded,23240.27,2025-02-09 03:00:00,1223.17,
5002,5002,EMI,Success,768.91,2025-11-07 03:00:00,85.44,
5003,5003,UPI,Success,9110.38,2025-11-11 04:00:00,2277.59,
5004,5004,UPI,Success,7556.77,2026-07-14 02:00:00,397.72,
5005,5005,Credit Card,Success,3896.48,2025-10-26 03:00:00,0.0,WELCOME10
5006,5006,Credit Card,Success,2878.89,2025-05-11 03:00:00,508.04,
5007,5007,EMI,Success,137913.41,2025-10-02 05:00:00,34478.35,SAVE15
5008,5008,Cash on Delivery,Success,3476.22,2025-10-11 05:00:00,182.96,WELCOME10
5009,5009,UPI,Success,4703.08,2026-05-05 00:00:00,522.56,SAVE15
5010,5010,Cash on Delivery,Success,1296.08,2025-12-06 02:00:00,0.0,SAVE15
5011,5011,Debit Card,Success,5612.83,2025-07-10 00:00:00,0.0,
5012,5012,Debit Card,Success,167.17,2025-08-31 04:00:00,0.0,
5013,5013,UPI,Success,2206.77,2026-01-06 05:00:00,245.2,
5014,5014,UPI,Success,1726.46,2025-10-01 04:00:00,191.83,WELCOME10
5015,5015,Credit Card,Success,925.33,2025-04-18 02:00:00,102.82,FEST20
5016,5016,Debit Card,Success,539.76,2025-12-03 01:00:00,59.97,SAVE15
5017,5017,UPI,Success,70717.07,2025-06-15 01:00:00,0.0,NEWUSER
5018,5018,UPI,Success,2526.61,2026-03-16 04:00:00,631.65,SAVE15
5019,5019,Cash on Delivery,Success,3594.48,2025-11-18 05:00:00,189.18,NEWUSER
5020,5020,Credit Card,Success,2564.25,2026-04-24 03:00:00,0.0,FEST20
5021,5021,Credit Card,Success,1907.94,2025-03-01 02:00:00,100.42,
5022,5022,Net Banking,Success,1558.53,2026-03-18 03:00:00,0.0,
5023,5023,Debit Card,Success,38198.5,2026-05-13 01:00:00,9549.62,
5024,5024,Cash on Delivery,Success,1393.47,2026-08-14 03:00:00,154.83,
5025,5025,Net Banking,Success,8933.85,2026-04-20 04:00:00,1576.56,WELCOME10
5026,5026,Debit Card,Success,6787.01,2025-12-21 04:00:00,1696.75,
5027,5027,Net Banking,Success,11884.68,2025-06-13 02:00:00,0.0,
5028,5028,Debit Card,Success,21664.94,2025-06-07 01:00:00,0.0,
5029,5029,Debit Card,Success,5494.6,2025-03-19 03:00:00,969.64,WELCOME10
5030,5030,UPI,Success,2503.41,2025-09-20 00:00:00,278.16,FEST20
5031,5031,Cash on Delivery,Success,2195.17,2024-09-19 00:00:00,115.54,WELCOME10
5032,5032,EMI,Success,1127.36,2024-11-23 02:00:00,198.95,
5033,5033,Cash on Delivery,Success,789.8,2025-07-30 00:00:00,197.45,NEWUSER
5034,5034,UPI,Success,23438.08,2025-10-07 01:00:00,5859.52,NEWUSER
5035,5035,Credit Card,Success,107326.78,2026-01-08 03:00:00,5648.78,
5036,5036,Cash on Delivery,Success,63379.15,2024-09-29 05:00:00,11184.56,
5037,5037,Credit Card,Success,829.18,2026-06-12 04:00:00,207.3,
5038,5038,Cash on Delivery,Success,3149.54,2025-03-07 00:00:00,0.0,WELCOME10
5039,5039,Cash on Delivery,Success,5207.05,2026-06-13 00:00:00,0.0,WELCOME10
5040,5040,Credit Card,Success,1141.16,2025-08-20 05:00:00,0.0,
5041,5041,UPI,Success,1823.68,2025-11-29 01:00:00,0.0,SAVE15
5042,5042,Cash on Delivery,Not Applicable,11854.74,2026-08-08 05:00:00,623.93,FEST20
5043,5043,UPI,Success,82757.65,2026-04-28 05:00:00,0.0,SAVE15
5044,5044,UPI,Success,3268.73,2025-12-22 00:00:00,172.04,
5045,5045,UPI,Success,5712.65,2024-05-27 04:00:00,1008.11,
5046,5046,Debit Card,Success,212583.39,2026-04-06 05:00:00,0.0,WELCOME10
5047,5047,UPI,Success,2457.35,2026-01-11 00:00:00,0.0,
5048,5048,Debit Card,Success,1679.51,2026-03-04 05:00:00,186.61,NEWUSER
5049,5049,Credit Card,Success,29671.91,2026-01-24 03:00:00,0.0,
5050,5050,Cash on Delivery,Success,5091.25,2024-07-22 05:00:00,0.0,WELCOME10
5051,5051,UPI,Success,51790.41,2025-12-26 00:00:00,0.0,
5052,5052,EMI,Success,720.33,2025-05-24 04:00:00,180.08,WELCOME10
5053,5053,Cash on Delivery,Success,139818.14,2026-05-03 03:00:00,0.0,
5054,5054,Credit Card,Success,9713.78,2025-04-24 03:00:00,1714.2,SAVE15
5055,5055,UPI,Success,165349.44,2026-04-28 02:00:00,41337.36,NEWUSER
5056,5056,UPI,Success,7422.55,2025-12-27 02:00:00,1855.64,FEST20
5057,5057,EMI,Success,601.74,2025-07-23 00:00:00,66.86,
5058,5058,UPI,Success,5513.42,2026-01-24 00:00:00,1378.36,SAVE15
5059,5059,Credit Card,Refunded,3297.46,2025-04-11 04:00:00,0.0,WELCOME10
5060,5060,Cash on Delivery,Success,893.6,2026-04-18 03:00:00,223.4,SAVE15
5061,5061,UPI,Refunded,2995.01,2025-08-02 02:00:00,748.75,FEST20
5062,5062,Cash on Delivery,Success,331.27,2024-04-10 01:00:00,17.43,
5063,5063,Cash on Delivery,Success,13512.51,2025-05-25 03:00:00,711.18,WELCOME10
5064,5064,Cash on Delivery,Success,49611.33,2026-01-21 02:00:00,12402.83,
5065,5065,Cash on Delivery,Success,2201.38,2025-12-15 05:00:00,0.0,WELCOME10
5066,5066,UPI,Success,381.79,2025-02-10 00:00:00,67.38,
5067,5067,UPI,Success,1022.26,2025-04-06 01:00:00,0.0,SAVE15
5068,5068,UPI,Success,2636.44,2025-09-05 04:00:00,0.0,SAVE15
5069,5069,Cash on Delivery,Success,18084.39,2026-04-12 03:00:00,951.81,NEWUSER
5070,5070,UPI,Refunded,708.6,2025-11-15 04:00:00,78.73,NEWUSER
5071,5071,UPI,Success,945.02,2024-11-06 00:00:00,0.0,SAVE15
5072,5072,UPI,Success,215.75,2025-03-10 00:00:00,11.36,FEST20
5073,5073,Debit Card,Success,10557.07,2025-04-05 00:00:00,555.64,FEST20
5074,5074,UPI,Success,2812.23,2024-04-30 04:00:00,0.0,FEST20
5075,5075,Credit Card,Success,74651.6,2025-06-24 02:00:00,0.0,
5076,5076,EMI,Success,6917.81,2026-07-23 04:00:00,1220.79,SAVE15
5077,5077,UPI,Success,1493.32,2025-02-10 04:00:00,263.53,WELCOME10
5078,5078,UPI,Refunded,1766.95,2023-10-06 03:00:00,0.0,FEST20
5079,5079,UPI,Success,33473.11,2025-06-24 01:00:00,3719.23,
5080,5080,Cash on Delivery,Success,3956.3,2026-06-14 02:00:00,0.0,WELCOME10
5081,5081,UPI,Success,6017.63,2025-06-19 04:00:00,1061.93,SAVE15
5082,5082,UPI,Success,12485.12,2026-04-30 04:00:00,1387.24,NEWUSER
5083,5083,Credit Card,Success,19240.84,2025-06-24 03:00:00,0.0,WELCOME10
5084,5084,Credit Card,Success,3472.46,2026-03-02 04:00:00,0.0,
5085,5085,UPI,Success,2946.53,2025-02-14 03:00:00,736.63,
5086,5086,UPI,Success,3926.23,2025-10-17 03:00:00,0.0,FEST20
5087,5087,UPI,Success,1166.12,2026-02-09 01:00:00,61.37,
5088,5088,Net Banking,Success,517.39,2026-01-06 04:00:00,0.0,NEWUSER
5089,5089,Credit Card,Success,140.86,2023-12-24 00:00:00,35.22,
5090,5090,UPI,Success,496.7,2026-05-01 04:00:00,124.17,WELCOME10
5091,5091,Cash on Delivery,Success,3705.65,2025-11-21 05:00:00,195.03,FEST20
5092,5092,Debit Card,Success,1941.31,2025-04-19 02:00:00,485.33,NEWUSER
5093,5093,UPI,Success,4711.24,2025-12-12 00:00:00,0.0,
5094,5094,UPI,Success,595.8,2026-02-22 04:00:00,0.0,
5095,5095,UPI,Success,641.0,2024-09-22 04:00:00,71.22,
5096,5096,UPI,Success,1580.22,2025-11-09 02:00:00,175.58,
5097,5097,Debit Card,Success,1222.7,2025-06-15 05:00:00,305.68,SAVE15
5098,5098,Debit Card,Success,8757.13,2026-05-09 03:00:00,1545.38,NEWUSER
5099,5099,Credit Card,Success,1729.69,2026-08-04 00:00:00,0.0,FEST20
5100,5100,Credit Card,Success,40407.13,2024-06-27 03:00:00,7130.67,FEST20
5101,5101,Cash on Delivery,Success,883.06,2026-01-15 00:00:00,0.0,NEWUSER
5102,5102,UPI,Success,983.02,2025-10-30 04:00:00,109.22,NEWUSER
5103,5103,Cash on Delivery,Success,22778.73,2024-03-07 05:00:00,1198.88,FEST20
5104,5104,Debit Card,Success,18385.64,2025-09-03 00:00:00,0.0,WELCOME10
5105,5105,UPI,Success,1314.17,2026-05-15 01:00:00,0.0,WELCOME10
5106,5106,UPI,Success,406.3,2025-04-28 04:00:00,0.0,SAVE15
5107,5107,Debit Card,Success,2372.66,2026-05-09 05:00:00,0.0,WELCOME10
5108,5108,EMI,Success,7282.92,2026-08-17 01:00:00,0.0,NEWUSER
5109,5109,Cash on Delivery,Success,8950.1,2025-02-07 03:00:00,2237.52,SAVE15
5110,5110,Net Banking,Success,1913.03,2025-11-26 04:00:00,100.69,NEWUSER
5111,5111,Cash on Delivery,Success,2114.82,2026-04-24 03:00:00,373.2,NEWUSER
5112,5112,Cash on Delivery,Success,5344.43,2026-03-14 04:00:00,281.29,
5113,5113,Cash on Delivery,Success,3919.3,2025-06-26 03:00:00,0.0,FEST20
5114,5114,Cash on Delivery,Success,5583.11,2025-09-27 00:00:00,0.0,
5115,5115,UPI,Success,50338.27,2025-02-01 01:00:00,0.0,
5116,5116,Debit Card,Success,2365.84,2026-01-27 00:00:00,124.52,
5117,5117,Debit Card,Success,4683.33,2025-11-12 04:00:00,0.0,
5118,5118,UPI,Success,73325.91,2026-05-03 03:00:00,0.0,FEST20
5119,5119,Credit Card,Success,132.2,2026-04-02 01:00:00,0.0,
5120,5120,UPI,Success,3288.73,2024-10-25 00:00:00,580.36,NEWUSER
5121,5121,UPI,Success,1507.66,2025-10-28 02:00:00,376.91,
5122,5122,EMI,Refunded,10138.92,2024-10-14 00:00:00,2534.73,NEWUSER
5123,5123,UPI,Success,5541.1,2025-02-19 02:00:00,291.64,SAVE15
5124,5124,UPI,Success,5321.8,2025-09-02 00:00:00,591.31,NEWUSER
5125,5125,Debit Card,Success,4137.74,2025-07-23 03:00:00,0.0,WELCOME10
5126,5126,Credit Card,Success,1760.67,2026-04-02 01:00:00,0.0,
5127,5127,Credit Card,Success,2227.8,2023-10-14 02:00:00,117.25,WELCOME10
5128,5128,Cash on Delivery,Success,951.49,2024-09-17 00:00:00,0.0,
5129,5129,Credit Card,Success,4205.27,2026-05-09 03:00:00,0.0,
5130,5130,Credit Card,Success,164.15,2026-04-03 01:00:00,0.0,
5131,5131,Cash on Delivery,Success,3733.35,2026-04-26 04:00:00,196.49,WELCOME10
5132,5132,Debit Card,Success,3633.26,2025-08-18 01:00:00,908.31,
5133,5133,Credit Card,Success,3575.48,2025-08-18 00:00:00,0.0,NEWUSER
5134,5134,Credit Card,Success,4161.38,2025-05-10 03:00:00,0.0,SAVE15
5135,5135,Debit Card,Success,3745.52,2025-10-11 03:00:00,0.0,
5136,5136,UPI,Success,1998.72,2025-06-25 04:00:00,222.08,WELCOME10
5137,5137,Cash on Delivery,Success,489.98,2026-05-14 05:00:00,0.0,SAVE15
5138,5138,Cash on Delivery,Success,5147.57,2025-08-06 03:00:00,908.39,SAVE15
5139,5139,UPI,Success,5050.61,2026-06-03 05:00:00,265.82,NEWUSER
5140,5140,Cash on Delivery,Success,9259.12,2026-01-02 00:00:00,1028.79,
5141,5141,UPI,Success,8898.28,2026-03-25 02:00:00,988.7,WELCOME10
5142,5142,Cash on Delivery,Success,9292.79,2025-05-24 00:00:00,0.0,NEWUSER
5143,5143,UPI,Success,5023.41,2026-03-07 00:00:00,0.0,SAVE15
5144,5144,Cash on Delivery,Success,1092.1,2026-03-17 00:00:00,121.34,
5145,5145,UPI,Success,2443.61,2024-11-18 04:00:00,128.61,
5146,5146,Credit Card,Success,2664.0,2024-07-17 03:00:00,0.0,WELCOME10
5147,5147,Debit Card,Success,2299.96,2025-11-17 01:00:00,405.87,FEST20
5148,5148,Debit Card,Success,1398.2,2026-02-15 04:00:00,73.59,SAVE15
5149,5149,Cash on Delivery,Success,12603.36,2026-03-17 00:00:00,663.34,SAVE15
5150,5150,UPI,Success,1914.66,2025-11-05 01:00:00,478.67,SAVE15
5151,5151,UPI,Success,6317.15,2026-03-26 02:00:00,1114.79,FEST20
5152,5152,Net Banking,Success,69780.38,2026-05-26 00:00:00,7753.38,SAVE15
5153,5153,EMI,Success,151.24,2025-04-28 01:00:00,26.69,
5154,5154,Credit Card,Success,1232.44,2026-06-13 02:00:00,136.94,SAVE15
5155,5155,Net Banking,Success,4489.05,2024-10-12 02:00:00,792.18,SAVE15
5156,5156,Net Banking,Pending,328.59,2024-08-17 04:00:00,57.99,
5157,5157,Debit Card,Refunded,2168.03,2026-03-16 05:00:00,240.89,
5158,5158,Credit Card,Success,399.27,2026-08-17 01:00:00,44.36,
5159,5159,UPI,Success,14257.42,2025-03-13 05:00:00,3564.35,
5160,5160,Cash on Delivery,Success,16458.36,2024-02-25 03:00:00,0.0,FEST20
5161,5161,Credit Card,Success,1257.11,2024-10-23 00:00:00,139.68,SAVE15
5162,5162,UPI,Refunded,61956.7,2024-11-26 04:00:00,6884.08,
5163,5163,Credit Card,Success,410.31,2024-09-29 00:00:00,0.0,WELCOME10
5164,5164,Credit Card,Success,609.4,2024-08-03 04:00:00,152.35,
5165,5165,Cash on Delivery,Not Applicable,421.98,2024-12-12 04:00:00,0.0,FEST20
5166,5166,UPI,Success,2168.68,2025-11-17 05:00:00,0.0,WELCOME10
5167,5167,Credit Card,Success,515.08,2026-06-25 03:00:00,27.11,WELCOME10
5168,5168,UPI,Success,595.62,2025-06-23 00:00:00,0.0,
5169,5169,Credit Card,Success,2033.16,2026-03-29 05:00:00,0.0,NEWUSER
5170,5170,Cash on Delivery,Success,4830.13,2025-09-21 00:00:00,0.0,FEST20
5171,5171,Cash on Delivery,Success,21810.03,2025-12-26 01:00:00,0.0,SAVE15
5172,5172,UPI,Success,834.36,2026-01-20 01:00:00,0.0,
5173,5173,UPI,Success,1403.42,2026-01-29 00:00:00,155.94,
5174,5174,Net Banking,Success,3760.29,2026-02-13 02:00:00,0.0,FEST20
5175,5175,Cash on Delivery,Pending,5075.22,2025-05-25 03:00:00,1268.8,FEST20
5176,5176,UPI,Success,77363.19,2025-04-18 04:00:00,0.0,FEST20
5177,5177,Credit Card,Success,3623.58,2025-07-26 03:00:00,402.62,WELCOME10
5178,5178,UPI,Refunded,59463.65,2026-02-05 03:00:00,6607.07,
5179,5179,Cash on Delivery,Success,32044.9,2026-02-24 05:00:00,8011.22,
5180,5180,Cash on Delivery,Success,5875.34,2025-02-04 00:00:00,652.82,
5181,5181,UPI,Success,483.43,2025-09-25 05:00:00,0.0,FEST20
5182,5182,UPI,Success,34718.06,2025-04-29 00:00:00,3857.56,NEWUSER
5183,5183,UPI,Pending,1330.39,2026-03-05 00:00:00,0.0,WELCOME10
5184,5184,Net Banking,Success,1234.09,2025-12-01 03:00:00,0.0,WELCOME10
5185,5185,Cash on Delivery,Success,3035.78,2026-05-30 03:00:00,159.78,
5186,5186,Debit Card,Success,1193.42,2025-09-04 03:00:00,0.0,
5187,5187,Credit Card,Success,1151.37,2025-06-23 05:00:00,0.0,
5188,5188,Net Banking,Success,173.42,2026-01-15 04:00:00,43.36,
5189,5189,Debit Card,Refunded,423.68,2023-11-01 03:00:00,47.08,WELCOME10
5190,5190,Cash on Delivery,Success,1994.96,2026-07-17 03:00:00,498.74,
5191,5191,Cash on Delivery,Success,4129.53,2026-02-05 02:00:00,728.74,
5192,5192,UPI,Refunded,13083.33,2024-03-07 00:00:00,3270.83,
5193,5193,Debit Card,Success,471.17,2025-07-16 05:00:00,83.15,
5194,5194,Debit Card,Success,3874.6,2024-10-04 00:00:00,968.65,WELCOME10
5195,5195,UPI,Success,589.93,2025-02-08 01:00:00,31.05,FEST20
5196,5196,Cash on Delivery,Success,6208.01,2024-11-01 05:00:00,1095.53,
5197,5197,UPI,Success,3935.1,2026-03-03 00:00:00,983.77,
5198,5198,Cash on Delivery,Success,1375.75,2026-06-26 00:00:00,343.94,
5199,5199,Debit Card,Success,3712.65,2026-04-11 03:00:00,655.17,
5200,5200,Cash on Delivery,Success,790.37,2026-05-23 00:00:00,87.82,
5201,5201,UPI,Success,1868.24,2025-12-23 03:00:00,207.58,SAVE15
5202,5202,EMI,Success,1182.06,2026-03-27 02:00:00,0.0,
5203,5203,Net Banking,Success,16982.38,2025-06-20 02:00:00,1886.93,
5204,5204,UPI,Success,49334.78,2026-03-30 03:00:00,12333.69,WELCOME10
5205,5205,Credit Card,Refunded,46751.57,2026-05-08 00:00:00,2460.61,
5206,5206,Cash on Delivery,Success,6703.58,2025-01-07 02:00:00,0.0,SAVE15
5207,5207,Credit Card,Success,41965.37,2026-03-24 03:00:00,0.0,SAVE15
5208,5208,UPI,Success,3112.09,2024-02-26 02:00:00,345.79,FEST20
5209,5209,UPI,Success,35183.09,2026-02-04 01:00:00,6208.78,FEST20
5210,5210,UPI,Success,1781.08,2025-07-09 03:00:00,197.9,
5211,5211,Net Banking,Success,288.55,2024-07-06 05:00:00,72.14,WELCOME10
5212,5212,UPI,Success,11283.43,2025-12-15 00:00:00,593.87,
5213,5213,Debit Card,Success,4596.22,2024-08-05 04:00:00,1149.06,
5214,5214,Debit Card,Pending,75389.46,2025-11-15 02:00:00,0.0,NEWUSER
5215,5215,Debit Card,Success,2245.97,2026-03-21 02:00:00,118.21,FEST20
5216,5216,UPI,Success,11771.67,2024-09-05 05:00:00,619.56,NEWUSER
5217,5217,Cash on Delivery,Success,64669.71,2025-02-14 03:00:00,7185.52,
5218,5218,Cash on Delivery,Success,374.04,2024-12-09 00:00:00,0.0,
5219,5219,UPI,Refunded,960.88,2025-01-31 03:00:00,106.76,WELCOME10
5220,5220,Credit Card,Success,684.65,2025-03-31 01:00:00,120.82,
5221,5221,Cash on Delivery,Success,7267.71,2026-01-09 00:00:00,382.51,
5222,5222,UPI,Success,192.06,2025-03-13 03:00:00,0.0,
5223,5223,Debit Card,Success,8432.72,2026-03-06 02:00:00,0.0,
5224,5224,Debit Card,Success,3278.02,2026-01-30 02:00:00,578.48,
5225,5225,UPI,Success,57795.52,2026-03-04 04:00:00,0.0,NEWUSER
5226,5226,Net Banking,Success,4754.97,2026-01-07 04:00:00,528.33,WELCOME10
5227,5227,Credit Card,Success,25265.62,2025-08-19 05:00:00,0.0,
5228,5228,Debit Card,Success,1077.22,2026-05-31 05:00:00,0.0,FEST20
5229,5229,Cash on Delivery,Success,4191.28,2025-12-10 02:00:00,739.64,
5230,5230,Credit Card,Success,368.14,2025-01-01 03:00:00,64.97,NEWUSER
5231,5231,UPI,Refunded,1692.17,2024-09-19 03:00:00,423.04,
5232,5232,Debit Card,Refunded,485.86,2026-03-18 03:00:00,85.74,
5233,5233,Credit Card,Success,73929.37,2025-07-12 04:00:00,8214.38,
5234,5234,UPI,Success,1722.04,2025-09-09 02:00:00,303.89,SAVE15
5235,5235,Debit Card,Success,600.66,2025-09-14 03:00:00,150.17,
5236,5236,UPI,Success,2659.29,2026-04-11 00:00:00,0.0,
5237,5237,UPI,Success,36187.15,2025-10-25 04:00:00,0.0,
5238,5238,Credit Card,Success,1652.69,2025-10-30 02:00:00,0.0,FEST20
5239,5239,UPI,Success,698.23,2026-04-21 05:00:00,0.0,FEST20
5240,5240,Net Banking,Success,566.13,2025-10-31 03:00:00,0.0,FEST20
5241,5241,UPI,Success,64659.13,2025-10-15 01:00:00,7184.35,
5242,5242,Net Banking,Success,2339.51,2026-04-13 04:00:00,123.13,
5243,5243,Credit Card,Success,3082.66,2025-09-07 00:00:00,770.66,WELCOME10
5244,5244,UPI,Success,3274.57,2025-07-21 02:00:00,577.87,SAVE15
5245,5245,UPI,Success,2842.77,2025-08-14 05:00:00,0.0,WELCOME10
5246,5246,Cash on Delivery,Success,4801.48,2025-12-02 01:00:00,0.0,
5247,5247,Cash on Delivery,Success,1185.34,2024-12-25 05:00:00,296.34,
5248,5248,UPI,Success,5085.4,2026-08-17 03:00:00,0.0,WELCOME10
5249,5249,UPI,Success,2348.53,2026-06-28 02:00:00,260.95,FEST20
5250,5250,Cash on Delivery,Success,1340.22,2025-01-14 02:00:00,335.06,
5251,5251,Cash on Delivery,Success,274.3,2025-02-08 01:00:00,14.44,SAVE15
5252,5252,UPI,Success,484.16,2025-09-24 03:00:00,121.04,FEST20
5253,5253,Cash on Delivery,Success,1984.8,2024-10-13 02:00:00,0.0,NEWUSER
5254,5254,EMI,Success,5290.11,2025-07-27 05:00:00,0.0,FEST20
5255,5255,Debit Card,Success,969.55,2025-10-25 00:00:00,242.39,WELCOME10
5256,5256,Debit Card,Success,10967.62,2026-05-25 05:00:00,1218.62,FEST20
5257,5257,Credit Card,Success,22151.68,2026-08-17 00:00:00,0.0,WELCOME10
5258,5258,Cash on Delivery,Success,2252.47,2025-03-17 02:00:00,118.55,SAVE15
5259,5259,Debit Card,Refunded,21115.96,2025-05-21 01:00:00,3726.34,
5260,5260,Net Banking,Success,1045.47,2025-12-28 00:00:00,55.02,SAVE15
5261,5261,UPI,Refunded,4558.84,2024-12-11 03:00:00,0.0,
5262,5262,Cash on Delivery,Success,1083.22,2026-01-09 00:00:00,120.36,WELCOME10
5263,5263,Debit Card,Success,1467.19,2025-09-23 02:00:00,0.0,NEWUSER
5264,5264,Debit Card,Success,6365.49,2026-04-29 04:00:00,0.0,
5265,5265,UPI,Success,863.67,2025-06-05 03:00:00,95.96,
5266,5266,UPI,Success,4752.21,2026-07-19 02:00:00,1188.05,SAVE15
5267,5267,Credit Card,Success,307.76,2026-04-23 02:00:00,34.2,
5268,5268,Cash on Delivery,Success,16561.75,2026-02-08 04:00:00,1840.19,
5269,5269,Credit Card,Refunded,6463.39,2026-03-27 01:00:00,718.16,
5270,5270,Credit Card,Success,5029.33,2025-09-08 04:00:00,264.7,SAVE15
5271,5271,Cash on Delivery,Success,4959.09,2025-04-07 02:00:00,1239.77,FEST20
5272,5272,Cash on Delivery,Success,12292.22,2026-08-02 01:00:00,646.96,WELCOME10
5273,5273,UPI,Success,120724.52,2025-11-19 01:00:00,0.0,FEST20
5274,5274,Credit Card,Success,385.46,2024-12-16 03:00:00,68.02,
5275,5275,Credit Card,Success,4010.52,2025-02-02 02:00:00,211.08,WELCOME10
5276,5276,Debit Card,Success,664.08,2025-08-11 01:00:00,0.0,NEWUSER
5277,5277,Cash on Delivery,Success,1789.66,2025-02-15 02:00:00,0.0,
5278,5278,UPI,Success,31331.92,2024-02-17 02:00:00,3481.32,
5279,5279,Net Banking,Success,1754.84,2026-03-04 04:00:00,194.98,SAVE15
5280,5280,Credit Card,Pending,55165.95,2026-01-30 02:00:00,9735.17,FEST20
5281,5281,Credit Card,Success,691.39,2025-10-01 02:00:00,76.82,SAVE15
5282,5282,UPI,Success,3508.33,2025-12-25 05:00:00,0.0,
5283,5283,Credit Card,Success,59360.57,2025-12-24 04:00:00,10475.4,SAVE15
5284,5284,Cash on Delivery,Success,3493.1,2025-08-28 01:00:00,616.43,WELCOME10
5285,5285,Debit Card,Success,1160.08,2024-02-10 02:00:00,204.72,WELCOME10
5286,5286,Net Banking,Success,5075.15,2025-05-09 02:00:00,895.61,WELCOME10
5287,5287,UPI,Refunded,1671.36,2025-09-10 04:00:00,185.71,WELCOME10
5288,5288,Credit Card,Success,850.03,2025-11-08 00:00:00,0.0,
5289,5289,Cash on Delivery,Success,14684.68,2025-12-19 05:00:00,772.88,
5290,5290,Credit Card,Success,18651.49,2025-10-17 04:00:00,2072.39,
5291,5291,Debit Card,Success,3733.86,2025-10-21 01:00:00,196.52,SAVE15
5292,5292,Cash on Delivery,Success,348.99,2024-12-17 05:00:00,87.25,
5293,5293,UPI,Success,2692.45,2026-01-10 02:00:00,141.71,
5294,5294,UPI,Pending,764.26,2025-08-14 00:00:00,191.06,FEST20
5295,5295,UPI,Success,70616.3,2025-12-20 00:00:00,3716.65,NEWUSER
5296,5296,Cash on Delivery,Success,2440.43,2024-03-29 02:00:00,430.66,
5297,5297,EMI,Success,2086.76,2026-06-09 05:00:00,231.86,
5298,5298,UPI,Success,51105.71,2026-06-29 02:00:00,0.0,FEST20
5299,5299,EMI,Success,640.28,2025-11-06 02:00:00,0.0,
5300,5300,Net Banking,Success,16629.32,2026-06-19 05:00:00,4157.33,FEST20
5301,5301,Credit Card,Success,610.36,2026-03-18 01:00:00,152.59,
5302,5302,Cash on Delivery,Success,8702.05,2025-01-14 03:00:00,1535.66,
5303,5303,UPI,Success,5119.86,2026-06-28 01:00:00,903.51,FEST20
5304,5304,UPI,Success,9969.3,2025-12-17 00:00:00,1107.7,
5305,5305,Credit Card,Success,757.62,2026-02-01 02:00:00,0.0,
5306,5306,Cash on Delivery,Success,70087.17,2025-04-15 01:00:00,7787.46,
5307,5307,UPI,Success,1147.75,2026-03-10 05:00:00,0.0,
5308,5308,UPI,Success,62942.89,2026-05-30 04:00:00,0.0,SAVE15
5309,5309,Credit Card,Refunded,2972.7,2026-07-01 01:00:00,330.3,SAVE15
5310,5310,UPI,Success,246.25,2025-04-08 04:00:00,43.46,
5311,5311,Debit Card,Success,315.24,2025-10-08 02:00:00,0.0,NEWUSER
5312,5312,UPI,Success,70007.73,2026-05-17 00:00:00,0.0,SAVE15
5313,5313,UPI,Success,24099.76,2025-07-07 02:00:00,0.0,
5314,5314,Net Banking,Success,3078.44,2025-03-19 05:00:00,162.02,
5315,5315,UPI,Success,1439.93,2026-02-18 00:00:00,359.98,SAVE15
5316,5316,Credit Card,Success,363.99,2025-04-16 03:00:00,19.16,NEWUSER
5317,5317,UPI,Success,1283.79,2026-03-05 03:00:00,0.0,NEWUSER
5318,5318,UPI,Success,8959.59,2026-01-13 05:00:00,0.0,
5319,5319,UPI,Refunded,156237.12,2024-10-24 04:00:00,0.0,FEST20
5320,5320,EMI,Success,2522.75,2025-06-20 05:00:00,630.69,
5321,5321,Cash on Delivery,Success,3573.32,2025-07-26 03:00:00,397.04,SAVE15
5322,5322,UPI,Success,9536.78,2024-06-19 03:00:00,2384.19,FEST20
5323,5323,UPI,Success,93.61,2025-09-21 00:00:00,23.4,
5324,5324,UPI,Success,11101.96,2025-03-27 05:00:00,584.31,
5325,5325,Credit Card,Success,1146.29,2025-10-22 04:00:00,60.33,
5326,5326,Credit Card,Success,4249.78,2024-04-18 03:00:00,1062.44,
5327,5327,UPI,Success,3256.94,2026-02-08 05:00:00,814.24,
5328,5328,UPI,Success,23590.65,2025-06-26 05:00:00,5897.66,
5329,5329,UPI,Success,1032.81,2025-09-13 04:00:00,0.0,NEWUSER
5330,5330,UPI,Success,4832.05,2025-02-26 02:00:00,852.72,
5331,5331,Debit Card,Success,53277.81,2026-01-10 00:00:00,0.0,
5332,5332,Debit Card,Success,1579.12,2025-05-01 02:00:00,278.67,
5333,5333,Cash on Delivery,Success,11896.28,2025-10-27 05:00:00,0.0,WELCOME10
5334,5334,Debit Card,Success,1892.16,2025-06-02 02:00:00,473.04,
5335,5335,Credit Card,Success,19768.4,2025-11-10 01:00:00,1040.44,
5336,5336,UPI,Success,463.12,2026-06-18 01:00:00,51.46,
5337,5337,Credit Card,Success,1575.95,2025-09-15 04:00:00,0.0,
5338,5338,EMI,Success,12179.39,2025-07-08 00:00:00,641.02,SAVE15
5339,5339,Cash on Delivery,Success,812.03,2025-12-07 05:00:00,203.01,
5340,5340,Credit Card,Success,485.89,2025-11-02 01:00:00,25.57,FEST20
5341,5341,Debit Card,Success,12358.66,2024-11-29 03:00:00,0.0,
5342,5342,Cash on Delivery,Success,737.57,2026-04-24 01:00:00,0.0,SAVE15
5343,5343,UPI,Success,1287.46,2026-05-04 02:00:00,0.0,
5344,5344,UPI,Success,98.2,2024-10-23 02:00:00,24.55,FEST20
5345,5345,Net Banking,Success,3484.97,2026-01-25 04:00:00,387.22,
5346,5346,Credit Card,Success,2024.46,2025-10-23 02:00:00,506.11,SAVE15
5347,5347,UPI,Success,17564.91,2026-06-05 00:00:00,4391.23,SAVE15
5348,5348,UPI,Success,202.7,2026-06-21 05:00:00,0.0,
5349,5349,Cash on Delivery,Success,3559.48,2025-08-28 00:00:00,395.5,
5350,5350,Debit Card,Success,262.1,2025-08-29 01:00:00,13.79,
5351,5351,UPI,Success,1728.58,2025-10-09 04:00:00,305.04,
5352,5352,EMI,Success,4586.78,2026-03-17 04:00:00,241.41,NEWUSER
5353,5353,Credit Card,Success,606.83,2025-06-01 02:00:00,0.0,FEST20
5354,5354,UPI,Refunded,1364.9,2026-05-09 05:00:00,151.66,
5355,5355,Debit Card,Success,548.8,2026-02-07 05:00:00,96.85,
5356,5356,Cash on Delivery,Success,3804.1,2024-12-13 02:00:00,0.0,
5357,5357,Credit Card,Success,2281.59,2024-04-06 02:00:00,402.63,SAVE15
5358,5358,Credit Card,Success,36216.67,2026-01-07 02:00:00,4024.07,
5359,5359,Credit Card,Success,3861.1,2025-04-12 00:00:00,0.0,
5360,5360,UPI,Success,1729.94,2024-11-04 04:00:00,0.0,SAVE15
5361,5361,Credit Card,Success,2391.29,2024-07-28 03:00:00,597.82,FEST20
5362,5362,UPI,Success,11018.1,2026-01-16 03:00:00,579.9,
5363,5363,Debit Card,Success,176.03,2025-08-12 02:00:00,9.27,
5364,5364,UPI,Success,84887.11,2025-11-27 05:00:00,4467.74,SAVE15
5365,5365,UPI,Success,2214.83,2025-11-27 02:00:00,0.0,
5366,5366,EMI,Success,8497.7,2026-02-04 04:00:00,944.19,
5367,5367,UPI,Success,896.95,2026-03-26 04:00:00,0.0,
5368,5368,Credit Card,Success,1563.98,2025-07-12 03:00:00,276.0,NEWUSER
5369,5369,UPI,Success,139863.66,2026-02-07 05:00:00,7361.24,
5370,5370,Debit Card,Refunded,85112.93,2026-01-31 01:00:00,4479.63,
5371,5371,UPI,Success,76887.94,2024-09-22 02:00:00,8543.11,WELCOME10
5372,5372,UPI,Success,3049.94,2026-05-10 05:00:00,160.52,WELCOME10
5373,5373,Debit Card,Success,8605.97,2026-01-21 03:00:00,452.95,
5374,5374,Credit Card,Success,3364.36,2025-07-03 05:00:00,841.09,FEST20
5375,5375,UPI,Success,11221.84,2025-08-19 05:00:00,0.0,
5376,5376,Cash on Delivery,Success,1193.44,2026-06-01 03:00:00,132.6,
5377,5377,Cash on Delivery,Success,5438.22,2025-08-27 01:00:00,0.0,
5378,5378,UPI,Success,5897.6,2026-03-09 02:00:00,310.4,WELCOME10
5379,5379,UPI,Success,179.83,2025-03-04 00:00:00,9.47,
5380,5380,Cash on Delivery,Success,384.77,2025-08-10 03:00:00,0.0,FEST20
5381,5381,Credit Card,Success,2962.86,2024-11-11 03:00:00,0.0,NEWUSER
5382,5382,Debit Card,Success,20631.13,2025-01-02 01:00:00,3640.79,
5383,5383,Cash on Delivery,Not Applicable,1583.84,2025-06-15 04:00:00,83.36,WELCOME10
5384,5384,UPI,Success,14900.7,2024-02-07 03:00:00,0.0,NEWUSER
5385,5385,UPI,Success,531.09,2026-03-24 03:00:00,27.95,NEWUSER
5386,5386,UPI,Success,65955.63,2026-05-18 05:00:00,7328.4,
5387,5387,Debit Card,Success,84405.99,2025-12-07 01:00:00,4442.42,NEWUSER
5388,5388,Credit Card,Refunded,7533.49,2024-12-29 00:00:00,396.5,
5389,5389,Cash on Delivery,Pending,5784.83,2024-01-31 03:00:00,1446.21,
5390,5390,Credit Card,Refunded,3258.62,2026-06-05 04:00:00,0.0,FEST20
5391,5391,Credit Card,Success,28543.29,2025-03-13 03:00:00,0.0,
5392,5392,UPI,Success,4619.89,2026-03-21 05:00:00,0.0,WELCOME10
5393,5393,EMI,Success,37899.82,2025-01-14 05:00:00,0.0,FEST20
5394,5394,UPI,Success,2210.05,2026-04-28 02:00:00,116.32,WELCOME10
5395,5395,Debit Card,Success,3259.24,2026-03-08 02:00:00,171.54,WELCOME10
5396,5396,Net Banking,Success,5868.62,2026-02-21 02:00:00,652.07,
5397,5397,Credit Card,Success,417.04,2024-11-11 01:00:00,21.95,
5398,5398,UPI,Success,1655.26,2024-12-01 04:00:00,292.1,NEWUSER
5399,5399,UPI,Success,67393.93,2025-10-25 01:00:00,7488.21,
5400,5400,Credit Card,Success,41627.24,2025-03-31 01:00:00,0.0,SAVE15
5401,5401,UPI,Success,76382.3,2026-05-14 02:00:00,0.0,
5402,5402,UPI,Refunded,1788.07,2025-03-21 00:00:00,0.0,NEWUSER
5403,5403,Net Banking,Success,3926.79,2024-10-18 01:00:00,436.31,
5404,5404,Debit Card,Success,2719.09,2025-01-16 00:00:00,302.12,WELCOME10
5405,5405,UPI,Success,3016.82,2026-03-19 04:00:00,754.21,NEWUSER
5406,5406,Debit Card,Success,1209.16,2026-02-02 04:00:00,0.0,
5407,5407,Debit Card,Success,85293.72,2025-04-21 00:00:00,0.0,NEWUSER
5408,5408,UPI,Success,484.86,2025-03-19 00:00:00,0.0,
5409,5409,UPI,Success,763.16,2025-05-02 01:00:00,134.67,
5410,5410,UPI,Success,9279.73,2026-04-06 01:00:00,488.41,NEWUSER
5411,5411,EMI,Success,5577.62,2024-10-05 04:00:00,0.0,
5412,5412,UPI,Success,13157.88,2025-04-02 01:00:00,0.0,
5413,5413,Credit Card,Success,1783.46,2025-11-04 03:00:00,445.86,FEST20
5414,5414,Credit Card,Success,1993.67,2024-09-16 01:00:00,104.93,FEST20
5415,5415,Net Banking,Success,40518.44,2025-02-15 01:00:00,0.0,
5416,5416,Net Banking,Success,3374.3,2026-03-27 05:00:00,843.58,NEWUSER
5417,5417,UPI,Success,2764.77,2025-09-22 03:00:00,691.19,NEWUSER
5418,5418,Cash on Delivery,Success,1693.28,2025-07-07 00:00:00,188.14,
5419,5419,UPI,Success,25127.01,2026-03-14 00:00:00,4434.18,WELCOME10
5420,5420,UPI,Success,8719.2,2026-07-13 04:00:00,1538.68,FEST20
5421,5421,UPI,Success,206551.81,2026-03-23 03:00:00,36450.32,NEWUSER
5422,5422,UPI,Success,900.98,2025-08-05 03:00:00,100.11,
5423,5423,UPI,Success,4506.56,2026-04-19 00:00:00,1126.64,
5424,5424,Cash on Delivery,Success,3241.11,2025-08-10 05:00:00,810.28,
5425,5425,Credit Card,Success,1212.83,2025-09-28 01:00:00,303.21,FEST20
5426,5426,Credit Card,Success,2425.63,2025-05-23 02:00:00,0.0,
5427,5427,EMI,Success,11280.02,2025-08-24 05:00:00,0.0,SAVE15
5428,5428,Cash on Delivery,Success,80660.4,2026-01-28 02:00:00,0.0,
5429,5429,Cash on Delivery,Not Applicable,1075.61,2026-01-19 00:00:00,189.81,WELCOME10
5430,5430,Debit Card,Pending,3075.22,2025-08-15 01:00:00,0.0,
5431,5431,UPI,Success,1907.54,2024-05-21 00:00:00,0.0,
5432,5432,Debit Card,Success,65861.35,2025-09-26 03:00:00,11622.59,FEST20
5433,5433,Debit Card,Success,142913.46,2026-02-19 01:00:00,0.0,SAVE15
5434,5434,Debit Card,Success,1745.08,2025-12-20 03:00:00,91.85,
5435,5435,Net Banking,Success,2228.75,2026-04-24 02:00:00,0.0,FEST20
5436,5436,Credit Card,Pending,33705.81,2025-10-02 05:00:00,5948.08,
5437,5437,Cash on Delivery,Success,469.22,2026-03-20 01:00:00,117.3,WELCOME10
5438,5438,Cash on Delivery,Success,3372.44,2026-08-13 01:00:00,595.14,FEST20
5439,5439,Credit Card,Success,3897.95,2025-07-23 03:00:00,205.16,FEST20
5440,5440,Cash on Delivery,Success,30037.44,2025-04-20 04:00:00,5300.72,WELCOME10
5441,5441,UPI,Success,9233.26,2026-02-06 00:00:00,2308.32,SAVE15
5442,5442,UPI,Success,3518.96,2025-09-10 02:00:00,620.99,FEST20
5443,5443,Credit Card,Success,79573.43,2025-06-02 04:00:00,8841.49,SAVE15
5444,5444,UPI,Success,3968.28,2025-08-28 03:00:00,0.0,NEWUSER
5445,5445,Cash on Delivery,Success,24841.72,2026-01-11 00:00:00,0.0,WELCOME10
5446,5446,Debit Card,Success,1618.59,2025-01-19 01:00:00,85.19,
5447,5447,EMI,Success,6234.57,2025-10-13 01:00:00,0.0,WELCOME10
5448,5448,Credit Card,Success,4376.24,2025-11-29 00:00:00,1094.06,
5449,5449,Credit Card,Success,172444.08,2026-03-25 03:00:00,0.0,SAVE15
5450,5450,Cash on Delivery,Success,5304.09,2024-12-26 05:00:00,936.01,
5451,5451,UPI,Pending,3092.08,2025-12-01 04:00:00,0.0,NEWUSER
5452,5452,Credit Card,Success,29400.24,2025-11-30 02:00:00,0.0,
5453,5453,Cash on Delivery,Success,923.0,2025-12-18 05:00:00,0.0,
5454,5454,Cash on Delivery,Success,39311.98,2025-08-29 01:00:00,9828.0,
5455,5455,Credit Card,Success,2291.8,2025-12-15 02:00:00,120.62,
5456,5456,Cash on Delivery,Success,7114.6,2026-03-31 00:00:00,0.0,SAVE15
5457,5457,Cash on Delivery,Success,8993.06,2026-08-17 04:00:00,2248.26,
5458,5458,Debit Card,Success,3562.59,2024-06-18 04:00:00,395.84,
5459,5459,Debit Card,Success,1569.24,2025-04-01 04:00:00,174.36,SAVE15
5460,5460,UPI,Success,1231.52,2026-06-15 05:00:00,136.84,SAVE15
5461,5461,Debit Card,Refunded,805.42,2025-02-10 04:00:00,0.0,WELCOME10
5462,5462,Cash on Delivery,Success,175990.26,2025-01-11 05:00:00,0.0,WELCOME10
5463,5463,Credit Card,Success,5712.24,2025-06-07 04:00:00,300.64,FEST20
5464,5464,Cash on Delivery,Success,3966.65,2025-10-23 01:00:00,440.74,
5465,5465,UPI,Success,5893.08,2024-12-09 03:00:00,0.0,
5466,5466,Cash on Delivery,Success,4082.74,2025-11-23 01:00:00,214.88,
5467,5467,UPI,Success,5220.45,2025-04-20 05:00:00,274.76,FEST20
5468,5468,Credit Card,Refunded,1130.27,2026-02-22 02:00:00,125.58,WELCOME10
5469,5469,EMI,Success,929.09,2024-08-02 04:00:00,232.27,
5470,5470,Credit Card,Success,881.67,2026-04-17 01:00:00,0.0,
5471,5471,Debit Card,Success,1056.39,2026-02-27 01:00:00,264.1,
5472,5472,UPI,Success,4252.23,2025-12-05 01:00:00,750.39,NEWUSER
5473,5473,Cash on Delivery,Success,2827.23,2025-08-18 03:00:00,148.8,WELCOME10
5474,5474,UPI,Success,2387.92,2026-08-17 05:00:00,421.4,
5475,5475,Credit Card,Success,3307.13,2025-05-25 01:00:00,0.0,NEWUSER
5476,5476,Cash on Delivery,Success,3317.62,2026-05-27 00:00:00,0.0,SAVE15
5477,5477,Cash on Delivery,Success,3407.65,2026-01-13 02:00:00,0.0,
5478,5478,Net Banking,Success,2365.74,2026-02-23 03:00:00,262.86,
5479,5479,Debit Card,Success,6515.36,2024-12-29 00:00:00,0.0,NEWUSER
5480,5480,UPI,Success,3614.0,2026-02-12 03:00:00,637.76,
5481,5481,UPI,Success,2387.05,2025-12-29 00:00:00,0.0,
5482,5482,UPI,Success,1212.02,2024-11-16 03:00:00,303.0,
5483,5483,UPI,Success,4539.54,2026-08-14 04:00:00,801.1,FEST20
5484,5484,Net Banking,Success,1515.28,2026-05-28 04:00:00,168.36,
5485,5485,Net Banking,Success,450.99,2025-04-15 01:00:00,23.74,
5486,5486,Credit Card,Success,2121.81,2026-03-20 02:00:00,0.0,
5487,5487,EMI,Success,63390.29,2025-02-21 00:00:00,15847.57,
5488,5488,UPI,Success,2154.77,2023-12-13 02:00:00,0.0,
5489,5489,UPI,Success,2326.34,2026-03-20 02:00:00,258.48,
5490,5490,Cash on Delivery,Success,4808.21,2025-04-22 03:00:00,253.06,SAVE15
5491,5491,Credit Card,Success,4257.12,2026-08-01 00:00:00,0.0,FEST20
5492,5492,EMI,Success,6606.44,2025-10-14 00:00:00,347.71,SAVE15
5493,5493,Credit Card,Success,6878.28,2026-05-27 02:00:00,362.02,FEST20
5494,5494,Debit Card,Success,3354.45,2026-03-05 01:00:00,176.55,FEST20
5495,5495,UPI,Success,11690.61,2025-02-13 00:00:00,0.0,
5496,5496,Credit Card,Success,1489.89,2026-04-04 04:00:00,262.92,
5497,5497,Debit Card,Success,289.72,2025-10-29 02:00:00,0.0,NEWUSER
5498,5498,UPI,Success,3423.04,2025-12-01 04:00:00,180.16,WELCOME10
5499,5499,UPI,Success,4067.84,2025-03-10 03:00:00,451.98,WELCOME10
5500,5500,UPI,Success,75893.28,2025-07-30 00:00:00,0.0,NEWUSER
5501,5501,UPI,Success,1248.53,2026-06-11 02:00:00,220.33,SAVE15
5502,5502,Net Banking,Success,1425.0,2025-12-10 04:00:00,0.0,SAVE15
5503,5503,Debit Card,Success,3680.76,2026-05-18 02:00:00,193.72,FEST20
5504,5504,Debit Card,Success,24800.23,2026-07-30 04:00:00,1305.28,SAVE15
5505,5505,UPI,Success,447.93,2025-07-15 04:00:00,0.0,NEWUSER
5506,5506,UPI,Success,6099.68,2026-02-28 01:00:00,677.74,
5507,5507,Cash on Delivery,Success,8513.77,2024-09-22 04:00:00,945.98,NEWUSER
5508,5508,Debit Card,Refunded,1116.06,2025-07-15 01:00:00,0.0,SAVE15
5509,5509,UPI,Success,8428.53,2026-04-11 05:00:00,936.5,NEWUSER
5510,5510,Cash on Delivery,Success,7040.83,2026-05-19 03:00:00,1760.21,
5511,5511,UPI,Success,728.66,2025-11-17 04:00:00,128.59,
5512,5512,UPI,Refunded,198.66,2025-03-31 00:00:00,35.06,
5513,5513,UPI,Success,2990.0,2025-06-28 02:00:00,0.0,
5514,5514,UPI,Success,1195.69,2026-06-22 05:00:00,62.93,NEWUSER
5515,5515,Credit Card,Success,1577.72,2024-07-27 03:00:00,0.0,WELCOME10
5516,5516,Credit Card,Success,1725.66,2026-04-24 00:00:00,0.0,NEWUSER
5517,5517,Debit Card,Success,401.96,2026-03-22 02:00:00,70.93,
5518,5518,Cash on Delivery,Success,587.78,2025-11-08 04:00:00,0.0,FEST20
5519,5519,EMI,Success,1025.37,2025-07-20 03:00:00,0.0,WELCOME10
5520,5520,Credit Card,Success,16585.99,2026-04-14 01:00:00,2926.94,FEST20
5521,5521,UPI,Success,2005.17,2026-01-20 05:00:00,222.8,
5522,5522,Credit Card,Refunded,5189.86,2025-11-07 04:00:00,273.15,WELCOME10
5523,5523,Credit Card,Refunded,1645.24,2026-03-12 04:00:00,0.0,
5524,5524,Net Banking,Success,97539.79,2025-02-06 04:00:00,5133.67,FEST20
5525,5525,Credit Card,Success,2110.15,2024-08-19 02:00:00,0.0,
5526,5526,Cash on Delivery,Success,742.99,2026-05-07 00:00:00,0.0,FEST20
5527,5527,Cash on Delivery,Success,5400.43,2026-04-04 01:00:00,1350.11,WELCOME10
5528,5528,UPI,Success,4079.65,2026-01-13 04:00:00,0.0,
5529,5529,Credit Card,Success,1896.41,2026-02-17 00:00:00,0.0,
5530,5530,UPI,Success,1938.72,2026-03-31 05:00:00,0.0,WELCOME10
5531,5531,Cash on Delivery,Success,1848.17,2025-05-26 05:00:00,205.35,FEST20
5532,5532,Cash on Delivery,Success,570.95,2024-07-10 05:00:00,30.05,FEST20
5533,5533,EMI,Success,3505.14,2026-04-10 02:00:00,618.55,
5534,5534,Debit Card,Success,5642.2,2023-09-16 01:00:00,296.96,WELCOME10
5535,5535,UPI,Success,17742.52,2024-09-08 04:00:00,3131.03,
5536,5536,Debit Card,Success,628.41,2026-02-23 00:00:00,157.1,FEST20
5537,5537,UPI,Success,248.24,2025-11-23 04:00:00,43.81,
5538,5538,Cash on Delivery,Success,4041.7,2026-03-28 02:00:00,1010.42,SAVE15
5539,5539,Cash on Delivery,Success,1201.56,2025-07-02 03:00:00,0.0,
5540,5540,Net Banking,Success,2153.78,2025-08-26 02:00:00,380.08,
5541,5541,Credit Card,Success,924.59,2026-04-21 00:00:00,231.15,WELCOME10
5542,5542,Credit Card,Success,3301.14,2025-03-13 01:00:00,582.55,WELCOME10
5543,5543,Cash on Delivery,Success,9537.81,2026-04-21 01:00:00,0.0,FEST20
5544,5544,UPI,Success,2663.52,2026-05-30 03:00:00,470.03,SAVE15
5545,5545,Debit Card,Success,485.66,2025-11-04 03:00:00,121.42,
5546,5546,UPI,Success,710.19,2025-12-10 03:00:00,0.0,
5547,5547,Debit Card,Pending,889.34,2026-08-17 01:00:00,0.0,SAVE15
5548,5548,UPI,Success,1025.49,2025-07-11 00:00:00,53.97,SAVE15
5549,5549,Debit Card,Success,1954.1,2025-01-26 03:00:00,488.52,
5550,5550,UPI,Success,344.7,2026-07-23 03:00:00,38.3,
5551,5551,Credit Card,Success,2330.75,2026-04-03 00:00:00,411.31,
5552,5552,Debit Card,Success,3182.96,2025-02-12 03:00:00,0.0,FEST20
5553,5553,Cash on Delivery,Success,1920.96,2025-04-30 05:00:00,0.0,NEWUSER
5554,5554,Debit Card,Success,6113.11,2025-08-04 00:00:00,679.24,NEWUSER
5555,5555,UPI,Success,765.14,2025-08-14 04:00:00,191.29,
5556,5556,UPI,Success,2689.04,2025-11-04 05:00:00,474.54,NEWUSER
5557,5557,Debit Card,Success,13428.32,2025-04-06 03:00:00,0.0,NEWUSER
5558,5558,UPI,Success,1922.78,2026-04-18 01:00:00,0.0,FEST20
5559,5559,Debit Card,Success,2154.3,2026-01-20 02:00:00,0.0,WELCOME10
5560,5560,Debit Card,Success,941.34,2026-04-26 02:00:00,0.0,
5561,5561,UPI,Success,10056.83,2025-11-12 00:00:00,1117.42,NEWUSER
5562,5562,Debit Card,Success,1032.42,2026-07-24 02:00:00,0.0,SAVE15
5563,5563,UPI,Success,571.75,2024-10-03 02:00:00,100.9,NEWUSER
5564,5564,Net Banking,Success,5802.79,2026-06-21 01:00:00,1024.02,NEWUSER
5565,5565,Credit Card,Success,35433.84,2026-03-08 02:00:00,8858.46,WELCOME10
5566,5566,Debit Card,Success,155924.22,2026-01-09 01:00:00,17324.91,
5567,5567,UPI,Success,7952.38,2025-07-23 04:00:00,1403.36,NEWUSER
5568,5568,Cash on Delivery,Success,1846.27,2026-07-01 01:00:00,461.57,WELCOME10
5569,5569,Cash on Delivery,Success,22396.08,2025-07-28 03:00:00,1178.74,NEWUSER
5570,5570,UPI,Success,16731.92,2026-08-01 00:00:00,880.63,WELCOME10
5571,5571,Debit Card,Refunded,7750.14,2026-05-08 03:00:00,407.9,
5572,5572,UPI,Success,4109.57,2025-05-08 02:00:00,0.0,
5573,5573,Credit Card,Success,36385.81,2026-03-14 04:00:00,1915.04,
5574,5574,Credit Card,Success,2777.35,2026-03-29 02:00:00,0.0,NEWUSER
5575,5575,EMI,Success,375.2,2024-07-19 04:00:00,19.75,
5576,5576,EMI,Success,5394.95,2026-03-17 03:00:00,599.44,SAVE15
5577,5577,Cash on Delivery,Success,3319.06,2026-05-21 05:00:00,0.0,
5578,5578,UPI,Success,6975.27,2024-05-11 02:00:00,1230.93,SAVE15
5579,5579,UPI,Success,2439.38,2025-06-05 02:00:00,0.0,FEST20
5580,5580,Debit Card,Success,2501.4,2025-11-30 03:00:00,277.93,
5581,5581,UPI,Success,12879.57,2026-01-22 04:00:00,3219.89,
5582,5582,UPI,Success,4023.61,2026-01-20 03:00:00,447.07,
5583,5583,Credit Card,Success,582.53,2026-03-15 00:00:00,0.0,WELCOME10
5584,5584,UPI,Success,133980.69,2026-07-29 03:00:00,23643.65,
5585,5585,Credit Card,Refunded,2727.93,2025-12-09 01:00:00,0.0,WELCOME10
5586,5586,UPI,Success,2181.79,2026-06-28 04:00:00,242.42,
5587,5587,EMI,Success,9803.46,2026-02-21 02:00:00,1089.27,
5588,5588,Credit Card,Success,1575.65,2026-03-01 02:00:00,393.91,NEWUSER
5589,5589,Net Banking,Success,232.89,2025-10-14 00:00:00,41.1,
5590,5590,UPI,Success,5697.61,2025-11-20 05:00:00,1424.4,WELCOME10
5591,5591,UPI,Success,7674.81,2026-07-19 02:00:00,1918.7,NEWUSER
5592,5592,UPI,Success,21132.92,2025-11-11 00:00:00,0.0,
5593,5593,UPI,Success,3631.68,2025-04-27 01:00:00,640.89,WELCOME10
5594,5594,Credit Card,Success,534.05,2026-01-15 01:00:00,28.11,SAVE15
5595,5595,Debit Card,Success,3903.5,2026-03-10 05:00:00,0.0,NEWUSER
5596,5596,EMI,Success,8737.49,2026-03-26 05:00:00,0.0,
5597,5597,Credit Card,Success,1799.08,2025-06-20 03:00:00,317.48,FEST20
5598,5598,UPI,Success,84441.75,2026-01-06 03:00:00,0.0,NEWUSER
5599,5599,Credit Card,Success,36834.83,2024-08-16 00:00:00,6500.26,SAVE15
5600,5600,Credit Card,Success,2780.74,2026-01-03 03:00:00,695.18,FEST20
5601,5601,Cash on Delivery,Success,9245.06,2025-05-19 05:00:00,486.58,
5602,5602,Debit Card,Success,12960.12,2025-03-22 03:00:00,0.0,
5603,5603,UPI,Success,1686.01,2026-06-30 02:00:00,0.0,SAVE15
5604,5604,UPI,Success,851.25,2025-11-18 02:00:00,150.22,SAVE15
5605,5605,UPI,Success,6823.23,2026-02-14 01:00:00,0.0,SAVE15
5606,5606,UPI,Success,142939.5,2025-07-31 02:00:00,0.0,NEWUSER
5607,5607,UPI,Success,810.97,2024-04-08 03:00:00,90.11,FEST20
5608,5608,Credit Card,Refunded,7243.17,2025-03-02 01:00:00,1810.79,
5609,5609,UPI,Success,535.09,2025-04-26 03:00:00,59.45,
5610,5610,Credit Card,Success,59038.82,2026-02-25 04:00:00,0.0,WELCOME10
5611,5611,Credit Card,Success,154121.0,2025-08-30 01:00:00,17124.56,NEWUSER
5612,5612,Credit Card,Success,2566.38,2026-02-23 03:00:00,452.89,SAVE15
5613,5613,Net Banking,Success,69641.7,2025-07-15 03:00:00,17410.42,WELCOME10
5614,5614,UPI,Success,32713.02,2025-03-18 03:00:00,8178.26,
5615,5615,Net Banking,Refunded,1758.77,2025-09-22 00:00:00,0.0,FEST20
5616,5616,Debit Card,Success,3211.84,2026-03-08 01:00:00,0.0,SAVE15
5617,5617,Credit Card,Success,1071.4,2026-06-13 01:00:00,119.04,
5618,5618,Credit Card,Success,14582.83,2025-07-15 03:00:00,1620.31,
5619,5619,UPI,Success,483.59,2025-12-30 01:00:00,0.0,NEWUSER
5620,5620,Debit Card,Success,2619.82,2025-03-02 00:00:00,654.95,WELCOME10
5621,5621,UPI,Success,4842.94,2026-01-23 04:00:00,1210.74,
5622,5622,Debit Card,Success,2116.63,2025-09-18 00:00:00,373.52,FEST20
5623,5623,UPI,Success,728.42,2025-02-13 03:00:00,80.94,
5624,5624,Cash on Delivery,Success,595.1,2025-06-17 03:00:00,66.12,SAVE15
5625,5625,Debit Card,Success,22224.66,2025-07-26 05:00:00,0.0,FEST20
5626,5626,UPI,Success,5988.39,2026-03-09 04:00:00,665.38,
5627,5627,Cash on Delivery,Success,25509.49,2025-08-15 04:00:00,0.0,SAVE15
5628,5628,Credit Card,Refunded,699.34,2026-05-11 00:00:00,174.84,FEST20
5629,5629,Cash on Delivery,Success,3144.83,2026-02-12 02:00:00,165.52,
5630,5630,Cash on Delivery,Success,6496.82,2024-06-19 04:00:00,341.94,WELCOME10
5631,5631,Credit Card,Success,1319.93,2026-04-09 05:00:00,329.98,
5632,5632,Credit Card,Success,33319.38,2024-12-05 03:00:00,0.0,SAVE15
5633,5633,UPI,Success,9443.79,2025-05-01 01:00:00,0.0,
5634,5634,Credit Card,Success,510.06,2025-11-14 00:00:00,127.52,
5635,5635,Net Banking,Success,2827.61,2026-03-22 00:00:00,314.18,WELCOME10
5636,5636,Credit Card,Pending,170940.15,2025-07-27 02:00:00,8996.85,
5637,5637,UPI,Success,4443.85,2026-06-14 00:00:00,233.89,SAVE15
5638,5638,Credit Card,Success,2278.53,2025-10-22 03:00:00,119.92,
5639,5639,UPI,Success,376.47,2025-08-16 02:00:00,0.0,NEWUSER
5640,5640,UPI,Success,337.18,2026-03-17 03:00:00,37.46,
5641,5641,Credit Card,Success,1980.25,2026-02-25 04:00:00,349.45,SAVE15
5642,5642,Credit Card,Success,25064.74,2024-03-30 02:00:00,6266.19,FEST20
5643,5643,Cash on Delivery,Success,23540.12,2024-09-15 04:00:00,0.0,FEST20
5644,5644,Cash on Delivery,Success,657.45,2025-09-30 05:00:00,73.05,
5645,5645,Cash on Delivery,Success,53442.59,2024-12-31 00:00:00,13360.65,NEWUSER
5646,5646,Credit Card,Success,1409.9,2026-07-13 03:00:00,0.0,SAVE15
5647,5647,Cash on Delivery,Success,2192.59,2025-11-19 03:00:00,115.4,WELCOME10
5648,5648,Cash on Delivery,Success,2234.97,2026-05-29 02:00:00,394.41,WELCOME10
5649,5649,UPI,Success,7362.28,2026-02-03 00:00:00,818.03,
5650,5650,UPI,Success,4920.56,2026-08-08 02:00:00,0.0,
5651,5651,Cash on Delivery,Success,38567.31,2026-01-13 05:00:00,9641.83,FEST20
5652,5652,UPI,Success,12985.23,2025-10-28 00:00:00,3246.31,FEST20
5653,5653,Cash on Delivery,Success,5622.19,2024-11-09 02:00:00,1405.55,NEWUSER
5654,5654,UPI,Success,866.36,2025-10-29 02:00:00,0.0,
5655,5655,UPI,Success,3285.42,2026-08-17 02:00:00,172.92,
5656,5656,Cash on Delivery,Success,4916.56,2025-10-22 03:00:00,0.0,WELCOME10
5657,5657,Cash on Delivery,Success,2657.99,2026-04-30 02:00:00,0.0,
5658,5658,Debit Card,Success,2372.39,2024-12-26 05:00:00,0.0,WELCOME10
5659,5659,Cash on Delivery,Success,2125.89,2026-06-18 00:00:00,0.0,NEWUSER
5660,5660,Credit Card,Success,694.37,2026-01-01 03:00:00,122.54,SAVE15
5661,5661,Credit Card,Success,1061.05,2025-03-15 04:00:00,265.26,
5662,5662,UPI,Success,2905.97,2026-05-09 01:00:00,726.49,NEWUSER
5663,5663,Credit Card,Success,89911.36,2025-12-21 00:00:00,0.0,WELCOME10
5664,5664,UPI,Success,43245.34,2026-03-30 03:00:00,0.0,NEWUSER
5665,5665,Credit Card,Success,1023.14,2024-10-27 04:00:00,113.68,WELCOME10
5666,5666,UPI,Success,357.43,2025-12-28 00:00:00,0.0,WELCOME10
5667,5667,UPI,Success,4097.48,2025-11-02 05:00:00,1024.37,NEWUSER
5668,5668,Debit Card,Success,3622.26,2025-11-23 02:00:00,905.56,
5669,5669,Credit Card,Success,2484.0,2024-06-02 04:00:00,0.0,NEWUSER
5670,5670,Credit Card,Success,2794.61,2025-11-25 00:00:00,493.17,WELCOME10
5671,5671,Cash on Delivery,Success,1578.56,2024-11-27 04:00:00,0.0,FEST20
5672,5672,Cash on Delivery,Success,11029.84,2026-05-07 05:00:00,1946.44,FEST20
5673,5673,Credit Card,Success,613.82,2025-08-07 01:00:00,32.31,WELCOME10
5674,5674,Credit Card,Refunded,252.73,2026-06-30 03:00:00,0.0,SAVE15
5675,5675,UPI,Success,6363.99,2026-03-05 02:00:00,334.95,NEWUSER
5676,5676,Credit Card,Success,2887.95,2026-07-22 03:00:00,721.99,WELCOME10
5677,5677,EMI,Success,1726.75,2026-03-16 00:00:00,304.72,
5678,5678,Cash on Delivery,Not Applicable,5306.02,2026-03-02 02:00:00,279.26,
5679,5679,UPI,Success,746.47,2024-07-22 02:00:00,186.62,
5680,5680,Debit Card,Refunded,17436.58,2025-08-29 01:00:00,3077.04,NEWUSER
5681,5681,Net Banking,Success,2603.56,2025-01-21 02:00:00,459.45,SAVE15
5682,5682,UPI,Success,568.14,2025-08-13 04:00:00,142.03,WELCOME10
5683,5683,Credit Card,Success,2382.74,2026-04-15 03:00:00,595.68,
5684,5684,Debit Card,Success,81360.97,2026-03-15 00:00:00,4282.16,FEST20
5685,5685,UPI,Success,630.84,2025-12-21 02:00:00,0.0,FEST20
5686,5686,Net Banking,Success,615.07,2025-04-29 01:00:00,108.54,FEST20
5687,5687,UPI,Success,3442.45,2026-02-02 00:00:00,382.49,
5688,5688,Cash on Delivery,Success,1244.38,2023-12-07 05:00:00,311.09,
5689,5689,Credit Card,Success,563.46,2026-04-13 01:00:00,99.43,NEWUSER
5690,5690,EMI,Success,250.3,2024-06-21 02:00:00,0.0,FEST20
5691,5691,UPI,Success,165292.92,2026-02-02 05:00:00,18365.88,
5692,5692,Credit Card,Success,1746.85,2026-01-15 04:00:00,194.09,NEWUSER
5693,5693,Cash on Delivery,Success,603.5,2024-10-20 03:00:00,31.76,
5694,5694,UPI,Success,10193.45,2025-05-17 02:00:00,0.0,WELCOME10
5695,5695,EMI,Success,567.73,2026-01-08 04:00:00,100.19,
5696,5696,Debit Card,Success,3399.15,2025-07-22 05:00:00,849.79,NEWUSER
5697,5697,UPI,Success,5103.41,2025-12-15 02:00:00,900.6,
5698,5698,UPI,Success,58127.59,2024-12-06 03:00:00,6458.62,
5699,5699,UPI,Success,6104.77,2026-02-06 00:00:00,678.31,FEST20
5700,5700,Debit Card,Success,4878.52,2026-02-02 01:00:00,0.0,NEWUSER
5701,5701,Cash on Delivery,Success,2909.02,2025-01-14 02:00:00,0.0,
5702,5702,Credit Card,Success,1678.45,2026-02-11 05:00:00,419.61,
5703,5703,UPI,Success,3509.2,2026-07-28 02:00:00,0.0,
5704,5704,UPI,Success,16138.84,2026-06-11 02:00:00,4034.71,SAVE15
5705,5705,Cash on Delivery,Success,3845.63,2024-05-14 05:00:00,961.41,FEST20
5706,5706,Net Banking,Success,2227.4,2024-12-28 01:00:00,393.07,
5707,5707,UPI,Success,551.59,2026-03-18 00:00:00,97.34,SAVE15
5708,5708,UPI,Success,1671.97,2026-03-09 02:00:00,417.99,NEWUSER
5709,5709,Cash on Delivery,Success,292.83,2025-05-14 01:00:00,51.68,WELCOME10
5710,5710,Cash on Delivery,Success,33442.22,2024-01-01 02:00:00,8360.56,WELCOME10
5711,5711,UPI,Success,1859.37,2024-04-29 02:00:00,328.12,WELCOME10
5712,5712,Credit Card,Success,6358.28,2025-08-21 01:00:00,334.65,SAVE15
5713,5713,UPI,Success,60047.86,2026-03-27 04:00:00,15011.97,SAVE15
5714,5714,Cash on Delivery,Not Applicable,650.86,2026-05-12 02:00:00,34.26,SAVE15
5715,5715,Credit Card,Success,1111.7,2026-05-01 05:00:00,58.51,NEWUSER
5716,5716,UPI,Success,79006.64,2026-05-22 03:00:00,0.0,NEWUSER
5717,5717,Cash on Delivery,Success,1097.35,2026-03-27 04:00:00,121.93,
5718,5718,UPI,Success,2050.83,2026-05-18 04:00:00,227.87,
5719,5719,Cash on Delivery,Success,5066.79,2026-06-30 00:00:00,0.0,
5720,5720,UPI,Success,219189.39,2026-04-01 00:00:00,0.0,
5721,5721,UPI,Success,50898.19,2025-11-13 04:00:00,2678.85,NEWUSER
5722,5722,Cash on Delivery,Success,1678.06,2026-05-27 05:00:00,0.0,FEST20
5723,5723,Credit Card,Success,548.42,2026-03-01 04:00:00,60.94,
5724,5724,Cash on Delivery,Success,16502.27,2024-12-20 04:00:00,4125.57,
5725,5725,Debit Card,Success,1278.21,2026-05-19 00:00:00,0.0,WELCOME10
5726,5726,Debit Card,Success,63468.32,2025-04-30 05:00:00,0.0,NEWUSER
5727,5727,UPI,Success,1036.91,2025-05-10 01:00:00,259.23,FEST20
5728,5728,Cash on Delivery,Success,1402.69,2025-12-19 04:00:00,155.86,FEST20
5729,5729,Debit Card,Success,30143.58,2023-12-29 05:00:00,0.0,NEWUSER
5730,5730,EMI,Success,717.86,2025-04-14 02:00:00,179.46,
5731,5731,Credit Card,Success,11993.99,2026-04-02 01:00:00,1332.67,
5732,5732,UPI,Success,31459.62,2024-07-09 01:00:00,5551.7,SAVE15
5733,5733,Cash on Delivery,Success,486.82,2025-07-21 00:00:00,25.62,SAVE15
5734,5734,Credit Card,Success,1650.94,2026-05-26 03:00:00,412.73,SAVE15
5735,5735,Cash on Delivery,Success,4237.35,2026-02-03 01:00:00,223.02,SAVE15
5736,5736,UPI,Success,1685.45,2025-10-31 01:00:00,297.43,FEST20
5737,5737,EMI,Success,4427.34,2025-06-05 02:00:00,1106.83,
5738,5738,Cash on Delivery,Success,708.0,2025-01-10 03:00:00,37.26,SAVE15
5739,5739,EMI,Success,3486.5,2025-11-23 05:00:00,387.39,
5740,5740,UPI,Success,7390.28,2025-02-12 05:00:00,0.0,
5741,5741,EMI,Success,5917.59,2025-12-01 01:00:00,657.51,FEST20
5742,5742,Credit Card,Success,185.02,2025-12-10 02:00:00,0.0,
5743,5743,Cash on Delivery,Success,176441.2,2025-10-25 00:00:00,0.0,WELCOME10
5744,5744,Credit Card,Refunded,1946.92,2025-12-05 00:00:00,343.57,
5745,5745,Cash on Delivery,Success,4961.34,2025-01-24 03:00:00,551.26,NEWUSER
5746,5746,Net Banking,Success,1297.13,2024-01-23 05:00:00,228.9,
5747,5747,Debit Card,Success,496.76,2025-12-15 04:00:00,0.0,
5748,5748,Net Banking,Success,4439.26,2025-06-17 02:00:00,783.4,SAVE15
5749,5749,UPI,Success,916.26,2025-07-28 05:00:00,0.0,NEWUSER
5750,5750,Debit Card,Success,40948.52,2025-01-07 00:00:00,0.0,
5751,5751,Debit Card,Success,313.01,2026-04-09 00:00:00,55.24,
5752,5752,UPI,Success,12076.1,2025-05-17 02:00:00,635.58,FEST20
5753,5753,UPI,Success,2611.29,2026-02-04 00:00:00,290.14,NEWUSER
5754,5754,Credit Card,Success,3845.59,2026-08-02 03:00:00,961.4,NEWUSER
5755,5755,UPI,Success,4065.36,2026-05-23 05:00:00,0.0,SAVE15
5756,5756,UPI,Refunded,941.1,2025-06-12 05:00:00,0.0,
5757,5757,UPI,Success,7615.04,2025-12-18 03:00:00,846.12,FEST20
5758,5758,Debit Card,Success,1047.67,2025-09-07 04:00:00,0.0,SAVE15
5759,5759,Debit Card,Success,67224.36,2026-04-20 03:00:00,0.0,WELCOME10
5760,5760,Cash on Delivery,Success,20752.5,2026-05-07 03:00:00,0.0,NEWUSER
5761,5761,Debit Card,Success,79351.2,2024-10-10 00:00:00,0.0,SAVE15
5762,5762,Net Banking,Success,1329.56,2025-04-03 05:00:00,0.0,
5763,5763,Debit Card,Success,1451.18,2025-08-20 01:00:00,362.79,SAVE15
5764,5764,UPI,Success,753.42,2026-05-04 05:00:00,188.35,
5765,5765,UPI,Success,66767.46,2026-04-11 03:00:00,3514.08,SAVE15
5766,5766,Cash on Delivery,Success,72805.08,2025-10-10 02:00:00,3831.85,
5767,5767,Debit Card,Refunded,56327.41,2025-07-23 01:00:00,9940.13,
5768,5768,Credit Card,Success,219.83,2025-09-12 02:00:00,11.57,
5769,5769,UPI,Success,7140.9,2026-02-01 01:00:00,0.0,SAVE15
5770,5770,Credit Card,Success,51154.11,2024-08-05 04:00:00,9027.19,NEWUSER
5771,5771,Credit Card,Success,2080.74,2025-06-30 03:00:00,367.19,NEWUSER
5772,5772,EMI,Success,505.22,2026-03-12 00:00:00,56.14,
5773,5773,UPI,Success,13498.78,2026-03-28 02:00:00,0.0,
5774,5774,UPI,Success,11778.06,2026-02-27 00:00:00,0.0,
5775,5775,Cash on Delivery,Success,2469.08,2025-04-24 03:00:00,617.27,FEST20
5776,5776,Debit Card,Success,3762.25,2025-05-19 03:00:00,0.0,
5777,5777,Credit Card,Success,5835.69,2024-12-17 03:00:00,648.41,
5778,5778,Net Banking,Success,28423.68,2025-10-17 02:00:00,1495.98,SAVE15
5779,5779,Cash on Delivery,Success,893.23,2026-06-11 00:00:00,157.63,WELCOME10
5780,5780,UPI,Success,2165.49,2025-06-23 03:00:00,0.0,FEST20
5781,5781,UPI,Success,115941.78,2026-02-11 00:00:00,0.0,
5782,5782,Cash on Delivery,Success,42243.02,2026-02-11 05:00:00,10560.75,
5783,5783,UPI,Success,4562.35,2025-01-21 03:00:00,1140.59,
5784,5784,Credit Card,Success,23152.37,2024-12-05 05:00:00,4085.71,FEST20
5785,5785,UPI,Success,3944.71,2025-08-03 00:00:00,696.13,SAVE15
5786,5786,Credit Card,Success,1796.05,2025-06-15 02:00:00,449.01,NEWUSER
5787,5787,Cash on Delivery,Success,354.71,2025-07-03 03:00:00,62.6,NEWUSER
5788,5788,Credit Card,Success,7675.66,2026-03-26 04:00:00,1918.91,SAVE15
5789,5789,UPI,Success,2085.66,2025-08-01 04:00:00,109.77,WELCOME10
5790,5790,Net Banking,Success,1351.86,2024-11-20 04:00:00,0.0,WELCOME10
5791,5791,UPI,Success,3247.1,2024-12-15 00:00:00,811.78,SAVE15
5792,5792,Credit Card,Success,785.82,2025-07-24 03:00:00,41.36,
5793,5793,Net Banking,Success,6601.86,2025-08-05 02:00:00,0.0,
5794,5794,Debit Card,Success,11686.57,2026-06-02 03:00:00,0.0,WELCOME10
5795,5795,Cash on Delivery,Not Applicable,4863.36,2026-05-13 00:00:00,0.0,SAVE15
5796,5796,UPI,Success,1980.91,2025-09-08 03:00:00,349.57,WELCOME10
5797,5797,UPI,Refunded,2852.94,2024-02-19 05:00:00,503.46,SAVE15
5798,5798,UPI,Success,8588.69,2025-01-15 05:00:00,452.04,
5799,5799,UPI,Success,27521.0,2025-03-04 01:00:00,0.0,
5800,5800,Cash on Delivery,Not Applicable,70038.82,2025-11-08 01:00:00,0.0,
5801,5801,EMI,Success,29314.58,2026-03-28 00:00:00,7328.64,
5802,5802,UPI,Success,29600.08,2025-12-24 01:00:00,0.0,WELCOME10
5803,5803,Cash on Delivery,Success,12452.48,2025-04-24 03:00:00,1383.61,SAVE15
5804,5804,Net Banking,Success,2776.71,2026-02-11 05:00:00,146.14,NEWUSER
5805,5805,Credit Card,Success,1678.35,2025-09-24 03:00:00,88.33,WELCOME10
5806,5806,EMI,Success,1034.16,2024-06-12 04:00:00,258.54,FEST20
5807,5807,Credit Card,Success,82316.17,2025-08-03 00:00:00,0.0,
5808,5808,UPI,Success,9221.76,2026-08-16 00:00:00,0.0,WELCOME10
5809,5809,Credit Card,Success,7016.11,2026-07-23 00:00:00,0.0,NEWUSER
5810,5810,Cash on Delivery,Success,30428.35,2025-01-01 03:00:00,7607.09,NEWUSER
5811,5811,Net Banking,Success,7921.15,2026-05-30 05:00:00,0.0,
5812,5812,Cash on Delivery,Success,178795.26,2025-01-03 00:00:00,31552.11,
5813,5813,Net Banking,Success,1586.31,2026-02-11 02:00:00,0.0,NEWUSER
5814,5814,Cash on Delivery,Success,2764.15,2024-12-29 03:00:00,307.13,NEWUSER
5815,5815,Cash on Delivery,Not Applicable,39928.47,2026-01-23 03:00:00,0.0,
5816,5816,Debit Card,Success,49897.46,2024-06-30 04:00:00,12474.36,NEWUSER
5817,5817,Credit Card,Success,1177.79,2026-01-26 02:00:00,207.85,
5818,5818,UPI,Success,58312.12,2025-09-06 02:00:00,3069.06,WELCOME10
5819,5819,UPI,Success,9987.13,2026-02-17 01:00:00,1762.43,
5820,5820,Cash on Delivery,Success,473.6,2026-03-11 05:00:00,0.0,
5821,5821,Credit Card,Success,1946.91,2025-02-06 04:00:00,343.57,
5822,5822,UPI,Success,1530.16,2025-06-23 02:00:00,270.03,SAVE15
5823,5823,UPI,Success,3321.51,2024-08-15 01:00:00,0.0,WELCOME10
5824,5824,UPI,Success,1283.56,2026-01-12 04:00:00,67.56,FEST20
5825,5825,EMI,Success,77711.2,2026-03-11 00:00:00,0.0,NEWUSER
5826,5826,UPI,Success,21586.54,2025-12-05 00:00:00,3809.39,FEST20
5827,5827,Cash on Delivery,Success,10732.53,2025-12-14 03:00:00,1893.97,NEWUSER
5828,5828,Debit Card,Success,3805.37,2026-01-08 05:00:00,951.34,SAVE15
5829,5829,UPI,Success,1177.38,2025-07-28 02:00:00,294.34,WELCOME10
5830,5830,UPI,Refunded,48585.5,2026-03-08 01:00:00,0.0,NEWUSER
5831,5831,Net Banking,Success,759.7,2026-02-13 05:00:00,0.0,WELCOME10
5832,5832,Net Banking,Success,237.2,2026-07-23 05:00:00,0.0,
5833,5833,Cash on Delivery,Success,1118.47,2025-09-26 02:00:00,197.38,SAVE15
5834,5834,UPI,Success,809.53,2026-02-19 00:00:00,0.0,
5835,5835,Cash on Delivery,Success,11835.01,2026-04-13 05:00:00,2958.75,
5836,5836,Net Banking,Success,192.47,2026-08-11 02:00:00,10.13,SAVE15
5837,5837,Net Banking,Success,276.91,2026-07-17 00:00:00,14.57,
5838,5838,UPI,Success,44188.94,2025-10-14 01:00:00,2325.73,
5839,5839,Debit Card,Success,2869.36,2026-01-11 05:00:00,318.82,NEWUSER
5840,5840,Debit Card,Success,3212.9,2026-07-18 00:00:00,0.0,
5841,5841,UPI,Success,13300.75,2025-07-19 00:00:00,2347.19,
5842,5842,Debit Card,Success,18042.91,2024-10-20 01:00:00,2004.77,WELCOME10
5843,5843,Debit Card,Success,2022.94,2025-04-18 02:00:00,224.77,
5844,5844,UPI,Success,58847.13,2024-05-12 02:00:00,3097.22,SAVE15
5845,5845,Cash on Delivery,Pending,778.68,2026-02-07 01:00:00,86.52,NEWUSER
5846,5846,UPI,Success,162.58,2025-02-03 01:00:00,40.64,WELCOME10
5847,5847,Debit Card,Success,1780.67,2026-01-05 03:00:00,314.24,SAVE15
5848,5848,UPI,Success,232.31,2026-03-12 00:00:00,41.0,SAVE15
5849,5849,UPI,Success,307.43,2026-04-20 04:00:00,54.25,
5850,5850,Net Banking,Success,21572.78,2026-03-07 01:00:00,5393.19,SAVE15
5851,5851,UPI,Refunded,2065.81,2026-02-15 00:00:00,364.55,
5852,5852,UPI,Success,1457.0,2025-08-01 02:00:00,0.0,SAVE15
5853,5853,UPI,Refunded,9084.14,2024-05-14 00:00:00,2271.04,WELCOME10
5854,5854,Cash on Delivery,Success,4200.02,2025-10-12 04:00:00,0.0,FEST20
5855,5855,Cash on Delivery,Success,4885.74,2026-01-26 04:00:00,542.86,SAVE15
5856,5856,Net Banking,Success,57636.16,2025-08-24 00:00:00,14409.04,FEST20
5857,5857,UPI,Success,310.03,2025-06-20 02:00:00,77.51,
5858,5858,UPI,Success,10168.09,2025-09-13 04:00:00,1129.79,NEWUSER
5859,5859,Credit Card,Success,9166.78,2025-11-11 01:00:00,2291.69,SAVE15
5860,5860,UPI,Success,58933.69,2026-07-23 04:00:00,3101.77,SAVE15
5861,5861,Net Banking,Success,804.9,2025-12-17 00:00:00,42.36,SAVE15
5862,5862,UPI,Success,1527.52,2024-03-08 03:00:00,381.88,WELCOME10
5863,5863,Cash on Delivery,Success,4003.6,2025-09-09 01:00:00,706.52,
5864,5864,Net Banking,Success,20641.13,2025-06-01 04:00:00,3642.55,NEWUSER
5865,5865,Net Banking,Success,4350.68,2026-03-26 01:00:00,483.41,NEWUSER
5866,5866,Credit Card,Success,22742.19,2025-07-21 00:00:00,4013.33,FEST20
5867,5867,Net Banking,Success,15563.39,2025-09-24 04:00:00,3890.85,NEWUSER
5868,5868,UPI,Success,1682.23,2025-10-08 02:00:00,0.0,NEWUSER
5869,5869,Cash on Delivery,Success,3952.78,2025-03-18 03:00:00,208.04,
5870,5870,UPI,Success,286.08,2025-10-10 04:00:00,50.49,WELCOME10
5871,5871,UPI,Success,9988.78,2025-10-23 03:00:00,1762.72,
5872,5872,Cash on Delivery,Success,2944.04,2024-08-26 02:00:00,0.0,
5873,5873,UPI,Success,1727.07,2025-05-07 04:00:00,304.78,FEST20
5874,5874,Net Banking,Success,1486.68,2025-10-10 02:00:00,78.25,
5875,5875,Debit Card,Success,75506.04,2025-06-04 02:00:00,13324.59,NEWUSER
5876,5876,UPI,Refunded,550.72,2026-04-08 01:00:00,97.19,
5877,5877,Credit Card,Success,505.27,2025-10-18 01:00:00,56.14,
5878,5878,Cash on Delivery,Success,3209.52,2025-12-25 01:00:00,802.38,
5879,5879,UPI,Success,2449.83,2025-07-02 03:00:00,432.32,FEST20
5880,5880,Debit Card,Success,22910.1,2026-06-18 03:00:00,1205.79,
5881,5881,Credit Card,Success,14737.29,2025-04-13 05:00:00,0.0,NEWUSER
5882,5882,Credit Card,Success,2954.63,2025-05-28 04:00:00,521.4,
5883,5883,UPI,Success,9463.57,2025-08-25 05:00:00,498.08,WELCOME10
5884,5884,Credit Card,Success,9293.89,2026-05-21 03:00:00,1640.1,WELCOME10
5885,5885,Credit Card,Pending,17682.48,2025-05-12 03:00:00,0.0,
5886,5886,Credit Card,Refunded,1430.78,2025-12-04 04:00:00,158.98,SAVE15
5887,5887,Credit Card,Success,5213.04,2026-01-15 00:00:00,274.37,SAVE15
5888,5888,Cash on Delivery,Not Applicable,893.47,2025-09-09 03:00:00,47.03,NEWUSER
5889,5889,Cash on Delivery,Success,8785.42,2025-09-12 03:00:00,1550.37,NEWUSER
5890,5890,UPI,Success,454.09,2024-12-24 04:00:00,0.0,
5891,5891,UPI,Refunded,4303.68,2025-02-23 01:00:00,1075.92,
5892,5892,UPI,Success,70172.7,2025-07-21 00:00:00,0.0,SAVE15
5893,5893,Net Banking,Success,42669.4,2026-05-19 00:00:00,0.0,
5894,5894,Cash on Delivery,Success,2645.73,2024-12-24 02:00:00,139.25,
5895,5895,UPI,Success,3923.97,2026-06-14 05:00:00,436.0,NEWUSER
5896,5896,Debit Card,Success,165212.76,2026-01-14 01:00:00,0.0,
5897,5897,Cash on Delivery,Success,723.33,2024-03-16 03:00:00,180.83,WELCOME10
5898,5898,Debit Card,Success,1478.08,2025-06-06 00:00:00,77.79,FEST20
5899,5899,Credit Card,Success,3960.9,2026-03-20 01:00:00,208.47,FEST20
5900,5900,UPI,Success,9882.41,2023-12-17 04:00:00,1743.95,NEWUSER
5901,5901,UPI,Success,8657.05,2025-03-16 05:00:00,455.63,NEWUSER
5902,5902,Cash on Delivery,Success,58926.52,2026-06-12 03:00:00,0.0,FEST20
5903,5903,Cash on Delivery,Not Applicable,8928.55,2025-12-26 00:00:00,1575.63,SAVE15
5904,5904,Debit Card,Success,821.75,2026-05-03 05:00:00,91.31,FEST20
5905,5905,Cash on Delivery,Success,2291.8,2026-05-12 01:00:00,120.62,
5906,5906,Debit Card,Success,8464.31,2025-11-20 04:00:00,445.49,NEWUSER
5907,5907,Credit Card,Success,769.64,2026-02-10 04:00:00,40.51,NEWUSER
5908,5908,UPI,Success,6235.66,2024-04-26 01:00:00,0.0,NEWUSER
5909,5909,UPI,Success,14033.24,2026-02-20 00:00:00,0.0,
5910,5910,Credit Card,Refunded,388.43,2026-04-03 03:00:00,97.11,WELCOME10
5911,5911,UPI,Success,9651.2,2024-04-23 04:00:00,0.0,SAVE15
5912,5912,UPI,Refunded,6071.56,2026-03-20 04:00:00,1517.89,NEWUSER
5913,5913,UPI,Refunded,4494.28,2026-07-18 02:00:00,0.0,
5914,5914,UPI,Success,9158.56,2025-03-27 00:00:00,1616.22,
5915,5915,Credit Card,Success,1839.01,2026-06-13 00:00:00,204.33,
5916,5916,Debit Card,Success,40886.72,2024-08-02 03:00:00,0.0,
5917,5917,UPI,Success,861.13,2025-06-28 05:00:00,0.0,
5918,5918,Debit Card,Success,6507.26,2024-03-14 03:00:00,1626.82,
5919,5919,Cash on Delivery,Success,2757.94,2025-10-31 02:00:00,689.48,FEST20
5920,5920,EMI,Success,4459.42,2025-03-06 03:00:00,1114.85,NEWUSER
5921,5921,Debit Card,Refunded,404.33,2025-10-18 01:00:00,0.0,FEST20
5922,5922,UPI,Success,1684.97,2026-01-20 03:00:00,0.0,
5923,5923,Cash on Delivery,Success,493.54,2026-05-29 04:00:00,87.09,FEST20
5924,5924,Cash on Delivery,Success,18595.97,2026-05-13 04:00:00,4648.99,FEST20
5925,5925,Cash on Delivery,Success,23774.24,2025-03-10 05:00:00,1251.28,
5926,5926,UPI,Success,9004.38,2026-01-10 02:00:00,0.0,SAVE15
5927,5927,Cash on Delivery,Success,838.72,2025-09-11 00:00:00,44.14,FEST20
5928,5928,UPI,Success,8437.38,2025-10-12 00:00:00,1488.95,
5929,5929,UPI,Success,4212.95,2026-05-09 05:00:00,221.73,WELCOME10
5930,5930,UPI,Success,5430.36,2025-04-17 04:00:00,0.0,NEWUSER
5931,5931,Credit Card,Refunded,580.77,2026-02-16 04:00:00,64.53,WELCOME10
5932,5932,Cash on Delivery,Success,20684.05,2026-05-21 04:00:00,1088.63,
5933,5933,Cash on Delivery,Success,1046.17,2026-02-14 01:00:00,116.24,
5934,5934,Net Banking,Success,1939.37,2025-08-28 01:00:00,0.0,
5935,5935,Credit Card,Success,61352.69,2026-01-28 00:00:00,0.0,
5936,5936,Credit Card,Success,7949.99,2026-03-16 01:00:00,0.0,
5937,5937,Net Banking,Success,1957.96,2026-01-30 02:00:00,103.05,SAVE15
5938,5938,UPI,Success,740.46,2025-11-27 00:00:00,185.12,
5939,5939,Net Banking,Success,406.33,2026-02-24 05:00:00,0.0,NEWUSER
5940,5940,UPI,Success,189.64,2026-01-06 00:00:00,33.46,NEWUSER
5941,5941,UPI,Success,2493.21,2026-05-04 01:00:00,131.22,SAVE15
5942,5942,Cash on Delivery,Success,60075.16,2025-09-24 05:00:00,0.0,SAVE15
5943,5943,Debit Card,Success,37255.71,2026-04-09 03:00:00,9313.93,SAVE15
5944,5944,Cash on Delivery,Not Applicable,7656.93,2026-04-16 03:00:00,0.0,
5945,5945,Net Banking,Success,6969.16,2025-08-23 04:00:00,0.0,FEST20
5946,5946,UPI,Success,21527.7,2025-02-18 05:00:00,0.0,FEST20
5947,5947,EMI,Success,2547.91,2024-12-19 01:00:00,449.63,NEWUSER
5948,5948,Credit Card,Success,10416.33,2026-01-07 00:00:00,1157.37,
5949,5949,UPI,Success,11404.76,2025-05-15 00:00:00,1267.2,WELCOME10
5950,5950,UPI,Success,30800.43,2025-12-08 03:00:00,5435.37,
5951,5951,Credit Card,Success,1364.3,2026-06-15 03:00:00,341.08,WELCOME10
5952,5952,UPI,Success,4667.74,2025-10-11 03:00:00,0.0,FEST20
5953,5953,Cash on Delivery,Success,44367.98,2026-07-02 02:00:00,4929.78,WELCOME10
5954,5954,Credit Card,Success,315.85,2026-01-14 03:00:00,78.96,WELCOME10
5955,5955,UPI,Pending,2272.09,2026-01-27 01:00:00,252.45,NEWUSER
5956,5956,Cash on Delivery,Success,4192.16,2026-06-20 02:00:00,220.64,WELCOME10
5957,5957,UPI,Success,2349.31,2025-12-16 02:00:00,587.33,
5958,5958,UPI,Success,1256.63,2025-02-17 00:00:00,221.76,
5959,5959,Debit Card,Success,1798.11,2026-07-08 00:00:00,317.31,
5960,5960,EMI,Success,234.46,2025-04-22 02:00:00,58.61,WELCOME10
5961,5961,Net Banking,Success,511.42,2026-04-10 04:00:00,127.86,NEWUSER
5962,5962,Credit Card,Success,45736.42,2025-07-01 02:00:00,0.0,NEWUSER
5963,5963,Cash on Delivery,Success,62315.46,2026-02-23 01:00:00,3279.76,
5964,5964,Cash on Delivery,Success,9883.39,2025-05-28 01:00:00,2470.85,
5965,5965,Debit Card,Success,1034.6,2025-08-28 01:00:00,182.58,NEWUSER
5966,5966,Cash on Delivery,Success,4796.49,2024-12-08 03:00:00,532.94,WELCOME10
5967,5967,Credit Card,Success,25611.44,2025-09-30 04:00:00,4519.66,
5968,5968,UPI,Success,26225.45,2026-06-08 02:00:00,2913.94,SAVE15
5969,5969,Cash on Delivery,Success,843.65,2025-12-19 05:00:00,44.4,SAVE15
5970,5970,Credit Card,Success,4891.25,2025-02-10 05:00:00,543.47,
5971,5971,UPI,Success,400.32,2026-02-15 04:00:00,21.07,WELCOME10
5972,5972,Cash on Delivery,Success,2575.69,2024-09-16 01:00:00,0.0,WELCOME10
5973,5973,Debit Card,Success,10210.72,2026-08-01 00:00:00,1134.52,NEWUSER
5974,5974,Credit Card,Refunded,154.44,2026-04-25 00:00:00,17.16,
5975,5975,Credit Card,Success,1565.53,2026-06-28 00:00:00,276.27,
5976,5976,Debit Card,Success,14741.04,2024-06-14 02:00:00,0.0,NEWUSER
5977,5977,UPI,Success,134181.89,2024-09-17 01:00:00,7062.21,FEST20
5978,5978,Credit Card,Success,46117.51,2026-06-08 01:00:00,2427.24,
5979,5979,UPI,Success,3337.38,2026-06-07 05:00:00,588.95,FEST20
5980,5980,UPI,Refunded,30840.93,2026-03-22 01:00:00,5442.52,
5981,5981,Net Banking,Success,661.45,2026-04-20 02:00:00,73.5,NEWUSER
5982,5982,UPI,Success,153501.84,2025-08-12 00:00:00,0.0,FEST20
5983,5983,EMI,Success,17834.27,2025-11-14 05:00:00,3147.22,SAVE15
5984,5984,Credit Card,Success,77969.46,2025-04-20 03:00:00,13759.32,
5985,5985,Credit Card,Success,3827.1,2026-05-07 04:00:00,0.0,FEST20
5986,5986,UPI,Refunded,2696.61,2025-05-25 05:00:00,475.87,
5987,5987,Cash on Delivery,Success,4710.45,2026-06-19 00:00:00,0.0,NEWUSER
5988,5988,UPI,Success,7937.64,2025-09-17 01:00:00,417.77,
5989,5989,UPI,Refunded,6167.03,2025-03-08 03:00:00,324.58,WELCOME10
5990,5990,Debit Card,Refunded,4572.35,2025-12-06 01:00:00,1143.09,FEST20
5991,5991,Credit Card,Success,412.06,2024-09-24 03:00:00,45.78,FEST20
5992,5992,Cash on Delivery,Success,8249.68,2025-06-17 00:00:00,1455.83,FEST20
5993,5993,Credit Card,Refunded,122711.14,2025-04-08 05:00:00,0.0,SAVE15
5994,5994,UPI,Success,9170.25,2025-11-04 00:00:00,482.64,
5995,5995,Debit Card,Success,987.92,2026-03-13 05:00:00,0.0,FEST20
5996,5996,UPI,Success,260.77,2025-03-25 00:00:00,65.19,
5997,5997,Cash on Delivery,Success,717.03,2025-10-13 04:00:00,0.0,
5998,5998,Net Banking,Success,154.24,2026-01-24 00:00:00,27.22,
5999,5999,Debit Card,Success,35593.42,2026-04-24 01:00:00,3954.83,
6000,6000,EMI,Refunded,1083.37,2025-03-11 03:00:00,0.0,
6001,6001,UPI,Success,27319.2,2025-09-02 03:00:00,4821.03,
6002,6002,UPI,Success,9051.52,2026-04-27 05:00:00,1597.33,SAVE15
6003,6003,UPI,Success,2729.27,2025-08-19 00:00:00,481.63,
6004,6004,Credit Card,Success,2843.57,2025-01-02 05:00:00,710.89,FEST20
6005,6005,UPI,Success,829.57,2025-06-05 02:00:00,146.39,WELCOME10
6006,6006,UPI,Success,821.22,2024-12-25 05:00:00,0.0,NEWUSER
6007,6007,Credit Card,Success,8593.6,2026-01-17 02:00:00,954.84,
6008,6008,Credit Card,Success,2890.28,2026-05-13 04:00:00,152.12,SAVE15
6009,6009,Credit Card,Success,50437.72,2025-11-08 01:00:00,0.0,FEST20
6010,6010,UPI,Success,3269.03,2025-04-28 05:00:00,172.05,FEST20
6011,6011,UPI,Refunded,1825.96,2025-12-12 00:00:00,0.0,
6012,6012,Cash on Delivery,Success,3457.9,2026-06-02 04:00:00,182.0,
6013,6013,Debit Card,Success,14319.0,2026-06-10 01:00:00,0.0,WELCOME10
6014,6014,Cash on Delivery,Success,3277.02,2024-11-24 03:00:00,172.48,
6015,6015,Cash on Delivery,Success,1900.98,2025-03-20 02:00:00,335.47,SAVE15
6016,6016,Debit Card,Success,3989.18,2025-07-03 04:00:00,997.3,
6017,6017,Debit Card,Success,377.45,2025-03-17 03:00:00,19.87,FEST20
6018,6018,UPI,Success,1965.75,2024-01-17 00:00:00,0.0,WELCOME10
6019,6019,Cash on Delivery,Success,883.15,2025-07-20 04:00:00,0.0,SAVE15
6020,6020,Cash on Delivery,Success,1765.53,2025-09-01 05:00:00,0.0,WELCOME10
6021,6021,UPI,Success,4006.37,2026-01-21 00:00:00,707.01,WELCOME10
6022,6022,UPI,Success,4161.4,2026-03-19 05:00:00,462.38,SAVE15
6023,6023,Net Banking,Success,1693.95,2026-02-07 05:00:00,423.49,SAVE15
6024,6024,Credit Card,Refunded,176.49,2026-02-09 01:00:00,19.61,SAVE15
6025,6025,Cash on Delivery,Success,1356.76,2025-05-22 01:00:00,150.75,WELCOME10
6026,6026,Cash on Delivery,Success,564.18,2024-08-11 02:00:00,141.04,WELCOME10
6027,6027,Cash on Delivery,Success,113875.02,2025-11-15 03:00:00,0.0,
6028,6028,Credit Card,Success,538.46,2025-09-09 04:00:00,28.34,
6029,6029,UPI,Success,1963.86,2025-07-16 01:00:00,490.96,NEWUSER
6030,6030,UPI,Success,356.53,2025-12-07 05:00:00,89.13,
6031,6031,Net Banking,Success,75108.37,2026-02-24 00:00:00,0.0,
6032,6032,Cash on Delivery,Success,342.1,2025-07-22 01:00:00,85.52,
6033,6033,Net Banking,Success,1081.9,2026-02-02 01:00:00,0.0,WELCOME10
6034,6034,EMI,Success,1554.84,2026-02-21 05:00:00,274.38,
6035,6035,Cash on Delivery,Not Applicable,3060.32,2025-09-14 02:00:00,0.0,WELCOME10
6036,6036,UPI,Success,6430.52,2025-03-09 01:00:00,338.45,SAVE15
6037,6037,Debit Card,Success,901.58,2025-09-04 05:00:00,0.0,
6038,6038,Credit Card,Success,1208.87,2025-09-07 05:00:00,302.22,NEWUSER
6039,6039,UPI,Success,1346.04,2025-08-18 01:00:00,70.84,FEST20
6040,6040,EMI,Success,2722.63,2024-11-05 01:00:00,143.3,NEWUSER
6041,6041,Cash on Delivery,Success,970.65,2026-03-11 05:00:00,107.85,FEST20
6042,6042,Debit Card,Success,64837.05,2026-05-20 00:00:00,16209.26,
6043,6043,Credit Card,Success,2218.03,2024-12-01 02:00:00,554.51,SAVE15
6044,6044,Credit Card,Success,351268.32,2025-08-09 02:00:00,0.0,NEWUSER
6045,6045,Credit Card,Success,2434.41,2026-02-27 02:00:00,0.0,FEST20
6046,6046,Cash on Delivery,Success,2071.2,2026-02-17 00:00:00,517.8,
6047,6047,Cash on Delivery,Success,3531.73,2025-12-01 00:00:00,623.25,SAVE15
6048,6048,Credit Card,Success,3896.47,2025-09-10 05:00:00,687.61,
6049,6049,UPI,Success,7062.97,2024-08-05 05:00:00,784.77,NEWUSER
6050,6050,Net Banking,Success,1832.36,2025-04-17 02:00:00,203.6,SAVE15
6051,6051,Cash on Delivery,Not Applicable,1434.6,2024-12-04 00:00:00,253.17,
6052,6052,Cash on Delivery,Success,53913.59,2026-03-27 01:00:00,5990.4,
6053,6053,Credit Card,Success,637.7,2025-09-07 05:00:00,0.0,
6054,6054,UPI,Success,176556.16,2024-10-13 00:00:00,0.0,SAVE15
6055,6055,Credit Card,Success,1248.84,2026-05-27 05:00:00,0.0,
6056,6056,Cash on Delivery,Success,3181.48,2025-08-29 00:00:00,0.0,
6057,6057,Credit Card,Success,2018.46,2026-02-11 00:00:00,504.61,NEWUSER
6058,6058,EMI,Refunded,1834.25,2025-08-11 00:00:00,203.81,WELCOME10
6059,6059,Cash on Delivery,Success,1655.99,2026-03-16 02:00:00,87.16,
6060,6060,UPI,Success,70575.63,2025-04-02 01:00:00,17643.91,NEWUSER
6061,6061,EMI,Success,65017.92,2026-02-21 03:00:00,0.0,
6062,6062,Cash on Delivery,Success,10036.3,2026-05-23 00:00:00,2509.08,SAVE15
6063,6063,Credit Card,Success,3389.7,2025-03-11 05:00:00,0.0,
6064,6064,EMI,Success,2201.12,2026-04-07 03:00:00,0.0,FEST20
6065,6065,UPI,Success,4142.38,2025-09-02 00:00:00,0.0,WELCOME10
6066,6066,Debit Card,Success,899.25,2025-12-06 01:00:00,0.0,
6067,6067,Net Banking,Success,2235.87,2025-12-11 05:00:00,394.57,SAVE15
6068,6068,UPI,Success,38635.32,2025-11-26 05:00:00,0.0,
6069,6069,UPI,Success,6347.2,2025-06-21 01:00:00,0.0,
6070,6070,Cash on Delivery,Success,2049.72,2024-03-31 05:00:00,0.0,
6071,6071,Credit Card,Success,2794.32,2026-02-26 05:00:00,698.58,
6072,6072,UPI,Success,3823.79,2026-05-21 03:00:00,674.79,FEST20
6073,6073,EMI,Success,3467.74,2026-05-09 02:00:00,866.94,
6074,6074,Debit Card,Success,3288.32,2026-02-22 00:00:00,365.37,
6075,6075,UPI,Success,11009.13,2024-12-02 02:00:00,579.43,
6076,6076,Credit Card,Success,4922.64,2026-04-30 03:00:00,1230.66,
6077,6077,Cash on Delivery,Success,7945.09,2026-02-20 00:00:00,1402.07,NEWUSER
6078,6078,EMI,Success,964.56,2025-06-24 05:00:00,0.0,
6079,6079,UPI,Success,557.55,2026-05-05 04:00:00,61.95,
6080,6080,UPI,Success,3098.05,2026-06-27 04:00:00,344.23,
6081,6081,UPI,Success,861.88,2026-06-08 02:00:00,95.77,
6082,6082,UPI,Success,1655.52,2025-04-07 03:00:00,0.0,SAVE15
6083,6083,UPI,Success,221.61,2025-06-20 02:00:00,0.0,NEWUSER
6084,6084,UPI,Success,22412.55,2025-06-28 01:00:00,3955.15,SAVE15
6085,6085,Credit Card,Success,647.22,2024-05-17 01:00:00,0.0,FEST20
6086,6086,Credit Card,Success,4091.58,2026-07-02 02:00:00,215.35,
6087,6087,UPI,Success,5715.62,2025-03-22 02:00:00,300.82,
6088,6088,UPI,Success,1079.55,2025-09-13 04:00:00,56.82,WELCOME10
6089,6089,UPI,Success,1490.77,2025-11-26 04:00:00,165.64,SAVE15
6090,6090,Credit Card,Success,4069.47,2026-05-26 05:00:00,1017.37,WELCOME10
6091,6091,EMI,Success,2372.98,2025-12-17 04:00:00,0.0,
6092,6092,UPI,Pending,67337.19,2024-11-03 02:00:00,7481.91,
6093,6093,UPI,Pending,545.91,2025-10-03 02:00:00,96.34,
6094,6094,Cash on Delivery,Success,24982.76,2025-11-29 04:00:00,0.0,
6095,6095,UPI,Success,1698.14,2025-05-20 00:00:00,89.38,
6096,6096,Debit Card,Success,57076.54,2025-08-04 04:00:00,14269.14,
6097,6097,Cash on Delivery,Success,8973.06,2025-11-18 03:00:00,2243.26,
6098,6098,Debit Card,Success,538.3,2024-04-11 03:00:00,0.0,
6099,6099,UPI,Success,9427.44,2025-05-28 01:00:00,2356.86,WELCOME10
6100,6100,UPI,Success,12766.49,2026-05-18 02:00:00,0.0,FEST20
6101,6101,UPI,Success,395.02,2026-03-03 01:00:00,69.71,
6102,6102,UPI,Success,792.87,2026-01-09 04:00:00,139.92,FEST20
6103,6103,Cash on Delivery,Success,1196.86,2026-05-07 05:00:00,299.22,NEWUSER
6104,6104,UPI,Success,1225.13,2025-11-02 00:00:00,136.12,SAVE15
6105,6105,Credit Card,Success,3176.86,2026-05-29 03:00:00,794.21,NEWUSER
6106,6106,UPI,Success,992.64,2026-04-18 02:00:00,110.29,
6107,6107,Credit Card,Success,2120.85,2025-09-09 01:00:00,374.27,SAVE15
6108,6108,Debit Card,Success,1574.32,2026-05-29 01:00:00,82.86,
6109,6109,EMI,Success,4472.05,2024-07-04 05:00:00,496.89,NEWUSER
6110,6110,Credit Card,Success,636.24,2026-01-21 02:00:00,0.0,
6111,6111,UPI,Success,1075.26,2026-08-10 01:00:00,189.75,
6112,6112,UPI,Refunded,4289.29,2024-02-17 04:00:00,476.59,FEST20
6113,6113,Credit Card,Success,276.33,2026-03-24 02:00:00,69.08,
6114,6114,Debit Card,Success,2186.7,2024-10-20 04:00:00,242.97,SAVE15
6115,6115,Cash on Delivery,Success,1649.05,2025-03-21 03:00:00,0.0,
6116,6116,Debit Card,Success,1575.59,2025-10-23 05:00:00,278.05,
6117,6117,Cash on Delivery,Success,24649.26,2025-03-14 04:00:00,0.0,NEWUSER
6118,6118,Debit Card,Success,2086.22,2025-11-08 00:00:00,231.8,WELCOME10
6119,6119,Cash on Delivery,Success,494.18,2026-02-02 03:00:00,87.21,SAVE15
6120,6120,UPI,Success,4504.97,2026-01-08 00:00:00,0.0,WELCOME10
6121,6121,Debit Card,Refunded,2381.29,2025-11-18 00:00:00,420.23,
6122,6122,Credit Card,Success,8106.98,2025-11-06 05:00:00,900.78,NEWUSER
6123,6123,Debit Card,Success,4311.16,2024-03-10 05:00:00,760.79,SAVE15
6124,6124,Credit Card,Success,977.37,2026-03-03 03:00:00,244.34,SAVE15
6125,6125,UPI,Success,2432.33,2025-07-21 04:00:00,608.08,FEST20
6126,6126,Cash on Delivery,Success,45316.69,2025-08-06 04:00:00,2385.09,
6127,6127,UPI,Success,4216.48,2025-10-15 03:00:00,221.92,
6128,6128,Credit Card,Refunded,3500.77,2025-12-13 00:00:00,388.97,NEWUSER
6129,6129,Cash on Delivery,Success,134101.66,2026-02-09 02:00:00,33525.42,
6130,6130,Debit Card,Success,44503.49,2025-10-26 05:00:00,7853.56,SAVE15
6131,6131,EMI,Success,168.5,2026-03-25 01:00:00,42.13,WELCOME10
6132,6132,UPI,Success,964.47,2025-05-26 03:00:00,0.0,FEST20
6133,6133,Debit Card,Success,58379.9,2025-10-29 05:00:00,0.0,
6134,6134,Cash on Delivery,Success,908.55,2025-10-01 02:00:00,160.33,NEWUSER
6135,6135,UPI,Success,710.83,2026-04-28 02:00:00,0.0,
6136,6136,EMI,Refunded,5898.27,2026-02-20 01:00:00,0.0,NEWUSER
6137,6137,Debit Card,Refunded,1199.96,2026-01-13 02:00:00,63.16,
6138,6138,UPI,Success,14333.69,2026-03-02 05:00:00,2529.47,
6139,6139,UPI,Success,1118.26,2024-07-15 04:00:00,197.34,NEWUSER
6140,6140,Debit Card,Success,2662.15,2026-06-06 04:00:00,469.79,
6141,6141,UPI,Success,221.73,2026-04-26 03:00:00,0.0,
6142,6142,UPI,Success,14059.78,2025-02-08 00:00:00,0.0,
6143,6143,UPI,Success,1195.2,2023-12-19 02:00:00,0.0,FEST20
6144,6144,Credit Card,Success,1543.36,2025-08-31 01:00:00,0.0,
6145,6145,UPI,Success,3655.49,2026-02-25 03:00:00,0.0,
6146,6146,UPI,Success,3289.22,2026-07-17 03:00:00,0.0,
6147,6147,UPI,Success,4904.74,2025-03-16 03:00:00,544.97,FEST20
6148,6148,UPI,Success,8953.01,2026-04-04 00:00:00,994.78,
6149,6149,Net Banking,Success,50021.98,2026-04-08 00:00:00,0.0,
6150,6150,Debit Card,Success,5052.15,2024-08-14 05:00:00,0.0,FEST20
6151,6151,Cash on Delivery,Success,2506.46,2026-03-10 02:00:00,0.0,WELCOME10
6152,6152,EMI,Success,4864.42,2026-01-05 05:00:00,858.43,SAVE15
6153,6153,UPI,Success,10022.64,2026-06-26 05:00:00,0.0,
6154,6154,Cash on Delivery,Success,219.06,2026-01-02 02:00:00,54.76,
6155,6155,Credit Card,Success,938.83,2024-10-20 01:00:00,234.71,WELCOME10
6156,6156,UPI,Success,55073.64,2026-06-01 03:00:00,0.0,
6157,6157,Cash on Delivery,Success,544.21,2024-09-28 02:00:00,96.04,WELCOME10
6158,6158,Credit Card,Success,1852.86,2024-01-31 03:00:00,0.0,FEST20
6159,6159,Cash on Delivery,Success,4065.0,2025-12-01 03:00:00,0.0,
6160,6160,Net Banking,Success,1185.37,2024-10-25 01:00:00,296.34,
6161,6161,Debit Card,Success,7204.66,2026-06-07 05:00:00,379.19,NEWUSER
6162,6162,Net Banking,Success,1942.13,2025-10-27 02:00:00,342.73,
6163,6163,UPI,Success,2091.68,2026-07-10 00:00:00,0.0,
6164,6164,Credit Card,Success,2891.09,2025-09-06 04:00:00,0.0,
6165,6165,Cash on Delivery,Success,132073.52,2025-09-26 04:00:00,0.0,NEWUSER
6166,6166,UPI,Success,99698.83,2024-12-26 04:00:00,5247.31,SAVE15
6167,6167,Cash on Delivery,Success,152.28,2025-04-15 03:00:00,0.0,WELCOME10
6168,6168,UPI,Success,2712.96,2026-04-11 03:00:00,0.0,
6169,6169,UPI,Success,2202.84,2026-06-17 00:00:00,0.0,NEWUSER
6170,6170,Cash on Delivery,Success,453.43,2025-02-23 05:00:00,0.0,NEWUSER
6171,6171,UPI,Success,3791.83,2026-01-09 04:00:00,0.0,FEST20
6172,6172,Cash on Delivery,Success,1753.74,2025-04-19 01:00:00,438.44,WELCOME10
6173,6173,Net Banking,Success,6620.26,2025-09-18 03:00:00,735.59,NEWUSER
6174,6174,UPI,Success,710.51,2026-01-05 00:00:00,125.38,NEWUSER
6175,6175,UPI,Success,11625.96,2025-10-30 04:00:00,0.0,
6176,6176,UPI,Success,835.93,2025-12-01 04:00:00,147.52,SAVE15
6177,6177,UPI,Success,3589.17,2024-09-01 03:00:00,0.0,WELCOME10
6178,6178,Cash on Delivery,Success,24714.46,2025-11-07 03:00:00,0.0,WELCOME10
6179,6179,UPI,Success,5327.28,2025-07-19 03:00:00,280.38,
6180,6180,Credit Card,Success,2974.49,2026-03-01 01:00:00,156.55,SAVE15
6181,6181,UPI,Success,1935.11,2025-03-10 05:00:00,101.85,
6182,6182,Cash on Delivery,Success,5396.91,2025-07-30 05:00:00,952.4,
6183,6183,Cash on Delivery,Success,476.09,2025-01-19 05:00:00,25.06,NEWUSER
6184,6184,Credit Card,Success,7261.94,2025-05-26 04:00:00,1281.52,
6185,6185,UPI,Pending,67470.66,2025-04-18 00:00:00,0.0,
6186,6186,UPI,Success,796.74,2025-12-31 03:00:00,0.0,
6187,6187,Credit Card,Success,665.29,2024-12-08 02:00:00,166.32,
6188,6188,UPI,Success,36062.85,2026-03-16 04:00:00,6364.03,
6189,6189,Debit Card,Success,59577.39,2025-08-20 03:00:00,6619.71,
6190,6190,UPI,Success,33974.22,2026-06-04 00:00:00,0.0,
6191,6191,UPI,Success,2060.32,2024-07-09 05:00:00,228.93,
6192,6192,Cash on Delivery,Success,67080.64,2025-01-09 04:00:00,7453.4,NEWUSER
6193,6193,EMI,Refunded,16231.23,2025-06-16 00:00:00,1803.47,FEST20
6194,6194,UPI,Success,488.48,2025-12-28 02:00:00,122.12,
6195,6195,Credit Card,Success,1206.34,2025-02-10 03:00:00,134.04,
6196,6196,UPI,Success,2411.52,2026-03-04 04:00:00,0.0,
6197,6197,Cash on Delivery,Success,3936.51,2025-06-06 04:00:00,0.0,SAVE15
6198,6198,Cash on Delivery,Success,1419.99,2025-06-10 02:00:00,250.59,NEWUSER
6199,6199,UPI,Success,30425.11,2025-04-01 05:00:00,0.0,
6200,6200,UPI,Success,2909.62,2025-12-21 05:00:00,513.46,
6201,6201,UPI,Success,791.17,2025-10-26 02:00:00,0.0,
6202,6202,UPI,Success,3709.9,2025-12-15 05:00:00,654.69,
6203,6203,Credit Card,Success,3605.37,2026-01-08 05:00:00,0.0,FEST20
6204,6204,Cash on Delivery,Success,137174.21,2026-01-15 05:00:00,34293.55,
6205,6205,Net Banking,Success,468.66,2026-05-11 04:00:00,117.16,FEST20
6206,6206,Credit Card,Success,16596.33,2025-07-30 05:00:00,873.49,
6207,6207,Cash on Delivery,Success,620.46,2026-06-29 02:00:00,155.12,FEST20
6208,6208,EMI,Success,4580.67,2026-07-24 05:00:00,508.96,
6209,6209,UPI,Success,748.77,2025-10-03 00:00:00,39.41,NEWUSER
6210,6210,UPI,Success,66487.05,2024-06-30 03:00:00,16621.76,SAVE15
6211,6211,Credit Card,Success,9470.84,2025-12-16 00:00:00,0.0,
6212,6212,Credit Card,Success,2146.56,2026-04-18 00:00:00,0.0,FEST20
6213,6213,Cash on Delivery,Success,6136.74,2025-12-13 02:00:00,681.86,
6214,6214,Cash on Delivery,Success,606.94,2025-08-15 02:00:00,151.74,FEST20
6215,6215,UPI,Success,4061.45,2025-01-10 00:00:00,0.0,WELCOME10
6216,6216,UPI,Success,2093.15,2025-09-11 05:00:00,110.17,SAVE15
6217,6217,UPI,Refunded,3237.16,2025-08-23 00:00:00,0.0,
6218,6218,Net Banking,Success,79181.42,2025-01-31 04:00:00,0.0,
6219,6219,Debit Card,Refunded,3404.36,2024-10-07 00:00:00,179.18,
6220,6220,Debit Card,Success,2890.06,2026-06-23 04:00:00,510.01,NEWUSER
6221,6221,Debit Card,Success,1465.01,2025-12-26 05:00:00,366.25,SAVE15
6222,6222,Credit Card,Success,4127.58,2025-03-24 03:00:00,217.24,SAVE15
6223,6223,Net Banking,Pending,4294.7,2025-12-06 05:00:00,1073.68,WELCOME10
6224,6224,UPI,Success,6221.92,2026-04-24 01:00:00,691.32,NEWUSER
6225,6225,UPI,Pending,374.91,2025-12-15 02:00:00,0.0,WELCOME10
6226,6226,Net Banking,Success,759.15,2025-09-30 01:00:00,0.0,SAVE15
6227,6227,Debit Card,Success,75467.01,2026-03-19 05:00:00,3971.95,WELCOME10
6228,6228,Credit Card,Success,8318.93,2025-09-28 04:00:00,1468.05,
6229,6229,UPI,Success,14787.02,2023-09-26 01:00:00,1643.0,
6230,6230,Net Banking,Success,2858.35,2025-11-22 05:00:00,0.0,
6231,6231,UPI,Refunded,11570.82,2026-04-28 03:00:00,0.0,FEST20
6232,6232,UPI,Success,138.64,2025-11-07 05:00:00,0.0,WELCOME10
6233,6233,Debit Card,Success,376.02,2025-06-08 00:00:00,41.78,
6234,6234,Debit Card,Success,55211.29,2025-03-27 01:00:00,6134.59,SAVE15
6235,6235,Cash on Delivery,Success,1595.46,2025-10-24 02:00:00,398.86,
6236,6236,UPI,Success,3543.05,2026-02-22 00:00:00,393.67,SAVE15
6237,6237,UPI,Success,105968.9,2025-02-15 05:00:00,0.0,
6238,6238,Net Banking,Success,303.71,2026-03-05 02:00:00,0.0,WELCOME10
6239,6239,Credit Card,Success,40066.44,2025-10-05 02:00:00,0.0,WELCOME10
6240,6240,Net Banking,Success,519.34,2025-08-03 04:00:00,129.83,
6241,6241,Cash on Delivery,Success,5869.92,2025-02-19 04:00:00,0.0,FEST20
6242,6242,Cash on Delivery,Success,175374.46,2025-09-13 05:00:00,0.0,
6243,6243,Debit Card,Success,41108.21,2025-04-23 01:00:00,10277.05,WELCOME10
6244,6244,UPI,Success,1582.11,2026-08-17 04:00:00,279.19,
6245,6245,Debit Card,Success,2895.06,2026-03-10 01:00:00,321.67,
6246,6246,Cash on Delivery,Success,9856.85,2025-10-14 00:00:00,2464.21,NEWUSER
6247,6247,UPI,Success,14354.9,2025-09-07 00:00:00,3588.73,NEWUSER
6248,6248,Cash on Delivery,Success,2699.66,2026-03-07 02:00:00,142.09,
6249,6249,Cash on Delivery,Success,2133.29,2025-12-08 00:00:00,0.0,WELCOME10
6250,6250,Cash on Delivery,Success,480.75,2025-08-13 05:00:00,84.84,
6251,6251,Debit Card,Success,69458.6,2024-11-15 01:00:00,7717.62,SAVE15
6252,6252,UPI,Success,1049.02,2026-03-17 02:00:00,185.12,WELCOME10
6253,6253,UPI,Success,48668.68,2026-01-18 01:00:00,5407.63,WELCOME10
6254,6254,Cash on Delivery,Success,416.36,2025-07-23 02:00:00,0.0,NEWUSER
6255,6255,EMI,Success,12062.57,2025-10-15 02:00:00,634.87,NEWUSER
6256,6256,Credit Card,Success,1538.74,2026-01-27 01:00:00,0.0,
6257,6257,Credit Card,Success,798.43,2025-12-16 05:00:00,88.72,
6258,6258,Cash on Delivery,Success,2327.18,2026-03-23 05:00:00,0.0,NEWUSER
6259,6259,UPI,Success,13521.03,2026-02-01 03:00:00,2386.06,WELCOME10
6260,6260,UPI,Success,822.02,2025-08-16 03:00:00,43.26,FEST20
6261,6261,Cash on Delivery,Success,399.37,2026-08-02 00:00:00,44.38,
6262,6262,EMI,Success,8867.27,2026-03-19 03:00:00,2216.82,NEWUSER
6263,6263,Credit Card,Success,38619.96,2025-04-07 05:00:00,9654.99,SAVE15
6264,6264,UPI,Success,353.68,2025-09-06 01:00:00,18.61,
6265,6265,Net Banking,Success,6346.18,2025-11-20 05:00:00,0.0,
6266,6266,UPI,Success,37181.97,2025-10-20 00:00:00,9295.49,
6267,6267,Debit Card,Success,845.77,2025-07-08 04:00:00,149.25,FEST20
6268,6268,UPI,Success,2286.41,2024-11-30 00:00:00,254.04,
6269,6269,Credit Card,Refunded,3151.83,2026-04-28 01:00:00,165.89,SAVE15
6270,6270,UPI,Success,1573.73,2026-04-29 04:00:00,277.72,
6271,6271,Cash on Delivery,Success,1315.84,2026-06-12 00:00:00,328.96,FEST20
6272,6272,UPI,Success,227.64,2025-12-15 05:00:00,25.29,SAVE15
6273,6273,UPI,Success,3070.92,2026-03-19 05:00:00,541.93,SAVE15
6274,6274,Debit Card,Success,2894.12,2025-12-12 00:00:00,0.0,
6275,6275,Cash on Delivery,Success,56812.46,2025-03-19 01:00:00,0.0,SAVE15
6276,6276,Credit Card,Success,11485.22,2023-12-29 05:00:00,0.0,NEWUSER
6277,6277,UPI,Success,13650.9,2026-04-08 02:00:00,1516.77,FEST20
6278,6278,Credit Card,Pending,3600.2,2024-10-13 01:00:00,400.02,SAVE15
6279,6279,Credit Card,Success,8056.36,2025-10-10 00:00:00,0.0,NEWUSER
6280,6280,UPI,Success,11287.79,2025-12-15 02:00:00,0.0,
6281,6281,Debit Card,Success,5766.21,2025-11-24 02:00:00,640.69,NEWUSER
6282,6282,Debit Card,Success,7174.1,2026-01-29 00:00:00,377.58,
6283,6283,Net Banking,Success,10289.48,2026-07-21 03:00:00,1815.79,NEWUSER
6284,6284,Cash on Delivery,Success,2506.1,2025-10-11 03:00:00,626.52,
6285,6285,Credit Card,Success,2790.1,2026-01-10 03:00:00,0.0,FEST20
6286,6286,Cash on Delivery,Success,229.23,2025-11-09 05:00:00,0.0,
6287,6287,UPI,Success,488.65,2025-02-28 03:00:00,25.72,FEST20
6288,6288,Credit Card,Success,40339.89,2025-07-23 04:00:00,0.0,NEWUSER
6289,6289,Cash on Delivery,Success,66627.57,2025-03-23 02:00:00,3506.71,
6290,6290,Credit Card,Success,1824.5,2026-02-03 00:00:00,0.0,SAVE15
6291,6291,Cash on Delivery,Success,277.84,2024-11-20 02:00:00,30.87,SAVE15
6292,6292,UPI,Success,149843.94,2024-09-23 05:00:00,0.0,FEST20
6293,6293,UPI,Success,46399.85,2026-08-17 00:00:00,11599.96,NEWUSER
6294,6294,UPI,Success,7284.02,2025-12-03 00:00:00,1285.41,SAVE15
6295,6295,UPI,Success,3567.32,2025-06-20 04:00:00,0.0,
6296,6296,UPI,Success,526.22,2024-11-14 01:00:00,92.86,FEST20
6297,6297,Net Banking,Success,48523.14,2026-01-19 00:00:00,5391.46,
6298,6298,Cash on Delivery,Not Applicable,1745.91,2024-04-23 01:00:00,91.89,FEST20
6299,6299,UPI,Success,746.8,2026-03-05 04:00:00,186.7,
6300,6300,Debit Card,Success,29623.9,2025-06-21 03:00:00,3291.54,
6301,6301,UPI,Success,213.25,2025-05-02 02:00:00,37.63,WELCOME10
6302,6302,UPI,Success,1104.57,2026-01-15 02:00:00,122.73,
6303,6303,Net Banking,Success,4476.8,2026-03-21 01:00:00,1119.2,NEWUSER
6304,6304,Cash on Delivery,Success,1931.73,2026-02-04 05:00:00,482.93,
6305,6305,Cash on Delivery,Success,483.69,2025-11-18 05:00:00,85.36,NEWUSER
6306,6306,Credit Card,Success,18448.7,2026-02-19 03:00:00,3255.65,
6307,6307,UPI,Success,7565.3,2026-07-17 00:00:00,398.17,
6308,6308,UPI,Success,978.05,2025-07-07 01:00:00,172.6,NEWUSER
6309,6309,UPI,Success,5246.94,2025-09-28 04:00:00,1311.73,NEWUSER
6310,6310,UPI,Success,6183.14,2025-12-08 02:00:00,687.01,NEWUSER
6311,6311,Cash on Delivery,Success,4222.66,2026-07-08 00:00:00,0.0,
6312,6312,UPI,Success,4369.9,2025-08-28 04:00:00,0.0,
6313,6313,Debit Card,Success,14838.4,2025-04-08 05:00:00,0.0,
6314,6314,EMI,Success,5047.52,2024-01-22 04:00:00,1261.88,NEWUSER
6315,6315,UPI,Success,3666.32,2026-03-18 04:00:00,407.37,
6316,6316,Debit Card,Success,27696.66,2025-01-12 01:00:00,0.0,SAVE15
6317,6317,UPI,Success,39120.99,2026-03-11 04:00:00,9780.25,
6318,6318,Debit Card,Refunded,2072.73,2026-02-28 05:00:00,518.18,
6319,6319,Credit Card,Success,2575.5,2026-08-14 00:00:00,454.5,
6320,6320,Debit Card,Success,3605.54,2026-03-28 00:00:00,636.27,
6321,6321,Cash on Delivery,Success,5646.1,2024-11-23 01:00:00,297.16,
6322,6322,Cash on Delivery,Success,252491.56,2025-04-01 04:00:00,0.0,SAVE15
6323,6323,UPI,Success,2060.24,2025-12-03 03:00:00,108.43,SAVE15
6324,6324,UPI,Success,1439.75,2026-01-07 05:00:00,159.97,
6325,6325,UPI,Success,4945.81,2025-12-28 05:00:00,1236.45,
6326,6326,Cash on Delivery,Success,1500.68,2025-08-02 02:00:00,264.82,
6327,6327,UPI,Success,11807.08,2024-08-09 02:00:00,0.0,SAVE15
6328,6328,Cash on Delivery,Success,1702.4,2025-06-17 01:00:00,89.6,NEWUSER
6329,6329,UPI,Success,1169.07,2025-08-13 03:00:00,61.53,
6330,6330,Credit Card,Success,946.13,2026-06-01 02:00:00,49.8,SAVE15
6331,6331,UPI,Success,781.62,2026-05-18 02:00:00,0.0,
6332,6332,Net Banking,Success,4978.45,2025-03-29 02:00:00,0.0,
6333,6333,UPI,Success,887.23,2025-12-24 01:00:00,0.0,WELCOME10
6334,6334,Cash on Delivery,Success,3975.06,2026-05-12 00:00:00,209.21,FEST20
6335,6335,Credit Card,Success,41023.46,2025-10-10 00:00:00,0.0,
6336,6336,Debit Card,Success,10250.04,2025-06-07 00:00:00,539.48,
6337,6337,Cash on Delivery,Success,304.35,2026-07-27 03:00:00,76.09,
6338,6338,Debit Card,Success,1778.31,2025-12-19 04:00:00,197.59,SAVE15
6339,6339,UPI,Success,3304.92,2026-08-17 01:00:00,826.23,WELCOME10
6340,6340,Net Banking,Success,2418.42,2026-05-12 00:00:00,0.0,FEST20
6341,6341,Cash on Delivery,Success,4074.23,2025-09-24 04:00:00,214.43,
6342,6342,UPI,Success,211.67,2025-01-17 04:00:00,0.0,NEWUSER
6343,6343,Credit Card,Success,2234.04,2025-04-22 05:00:00,394.24,SAVE15
6344,6344,Cash on Delivery,Success,822.34,2024-11-29 04:00:00,43.28,FEST20
6345,6345,UPI,Refunded,3510.66,2025-05-13 05:00:00,877.67,
6346,6346,UPI,Success,3147.35,2024-12-14 02:00:00,0.0,WELCOME10
6347,6347,Net Banking,Success,2239.26,2026-06-22 04:00:00,0.0,NEWUSER
6348,6348,UPI,Success,2336.52,2024-02-09 01:00:00,0.0,WELCOME10
6349,6349,Debit Card,Success,6702.16,2026-03-10 05:00:00,744.69,
6350,6350,Credit Card,Success,3938.83,2026-07-23 00:00:00,437.65,
6351,6351,UPI,Success,15821.15,2026-03-13 04:00:00,1757.91,FEST20
6352,6352,UPI,Success,122.5,2026-05-20 01:00:00,21.62,NEWUSER
6353,6353,Cash on Delivery,Success,5326.12,2025-03-31 00:00:00,1331.53,FEST20
6354,6354,UPI,Success,3698.49,2026-07-12 04:00:00,0.0,NEWUSER
6355,6355,Debit Card,Refunded,25887.63,2026-02-17 01:00:00,4568.4,SAVE15
6356,6356,Credit Card,Success,4829.82,2026-01-25 03:00:00,0.0,WELCOME10
6357,6357,Debit Card,Success,248141.1,2025-11-20 01:00:00,13060.06,
6358,6358,Cash on Delivery,Success,1431.94,2024-12-21 01:00:00,75.36,
6359,6359,EMI,Success,11343.68,2025-03-16 05:00:00,0.0,
6360,6360,Debit Card,Success,11214.48,2026-01-18 05:00:00,1246.05,
6361,6361,UPI,Success,1243.51,2025-07-17 04:00:00,65.45,WELCOME10
6362,6362,Debit Card,Success,304.61,2025-12-08 01:00:00,33.85,SAVE15
6363,6363,UPI,Success,5427.45,2025-11-06 01:00:00,603.05,NEWUSER
6364,6364,UPI,Success,6812.03,2026-06-02 03:00:00,1703.01,
6365,6365,UPI,Success,17404.75,2025-05-12 05:00:00,4351.19,
6366,6366,Credit Card,Success,767.84,2025-03-07 02:00:00,0.0,NEWUSER
6367,6367,UPI,Success,9245.47,2025-02-22 02:00:00,1027.28,
6368,6368,UPI,Success,38311.66,2026-03-29 04:00:00,0.0,NEWUSER
6369,6369,Cash on Delivery,Success,12228.28,2025-03-28 00:00:00,643.59,FEST20
6370,6370,Cash on Delivery,Success,725.1,2024-11-22 05:00:00,127.96,
6371,6371,UPI,Success,1610.5,2026-04-01 02:00:00,0.0,NEWUSER
6372,6372,UPI,Success,610.65,2026-07-05 01:00:00,0.0,WELCOME10
6373,6373,UPI,Success,1200.65,2026-01-31 02:00:00,133.41,
6374,6374,Debit Card,Success,2833.76,2026-01-05 03:00:00,0.0,
6375,6375,UPI,Success,66199.25,2025-11-20 01:00:00,11682.22,WELCOME10
6376,6376,UPI,Success,1324.06,2026-02-21 05:00:00,233.66,NEWUSER
6377,6377,Debit Card,Refunded,2094.34,2025-09-17 04:00:00,232.7,FEST20
6378,6378,UPI,Refunded,4275.75,2026-01-16 00:00:00,1068.94,FEST20
6379,6379,Cash on Delivery,Success,4961.47,2025-01-31 04:00:00,0.0,NEWUSER
6380,6380,UPI,Success,125338.38,2025-08-09 04:00:00,0.0,FEST20
6381,6381,Debit Card,Success,2054.64,2025-12-01 03:00:00,0.0,
6382,6382,Net Banking,Success,2373.22,2025-11-25 03:00:00,418.8,WELCOME10
6383,6383,Credit Card,Success,6318.41,2026-06-14 01:00:00,1115.01,NEWUSER
6384,6384,Debit Card,Success,4401.22,2025-09-29 01:00:00,1100.3,SAVE15
6385,6385,UPI,Success,16020.84,2025-03-14 01:00:00,0.0,WELCOME10
6386,6386,Cash on Delivery,Success,4811.59,2025-07-15 01:00:00,1202.9,
6387,6387,Cash on Delivery,Success,1333.03,2025-12-08 05:00:00,148.12,
6388,6388,UPI,Success,1912.66,2025-12-04 03:00:00,0.0,
6389,6389,Cash on Delivery,Success,55482.31,2024-10-29 04:00:00,9791.0,NEWUSER
6390,6390,Net Banking,Success,67130.25,2025-09-03 03:00:00,0.0,
6391,6391,UPI,Success,35910.06,2025-12-15 03:00:00,8977.52,SAVE15
6392,6392,Cash on Delivery,Success,821.17,2025-08-10 04:00:00,43.22,
6393,6393,Debit Card,Success,2978.82,2026-05-30 03:00:00,525.67,
6394,6394,Cash on Delivery,Success,709.55,2026-08-17 03:00:00,0.0,
6395,6395,Net Banking,Success,984.7,2025-12-09 03:00:00,0.0,
6396,6396,UPI,Success,6490.13,2025-01-22 04:00:00,341.59,
6397,6397,EMI,Success,1569.45,2026-06-14 02:00:00,276.96,
6398,6398,Cash on Delivery,Success,1679.08,2025-11-15 00:00:00,186.56,SAVE15
6399,6399,UPI,Success,3789.01,2025-09-12 00:00:00,668.65,SAVE15
6400,6400,UPI,Success,92177.26,2025-04-13 02:00:00,16266.58,SAVE15
6401,6401,Credit Card,Success,1751.36,2026-04-27 02:00:00,309.06,FEST20
6402,6402,Debit Card,Refunded,1690.92,2025-05-27 00:00:00,0.0,SAVE15
6403,6403,UPI,Pending,13940.97,2023-09-29 03:00:00,1549.0,
6404,6404,Debit Card,Pending,3726.89,2024-08-04 01:00:00,414.1,NEWUSER
6405,6405,Cash on Delivery,Success,5404.0,2026-06-29 00:00:00,953.65,NEWUSER
6406,6406,UPI,Success,4679.05,2026-02-05 05:00:00,519.89,NEWUSER
6407,6407,Credit Card,Success,1066.38,2025-02-03 00:00:00,56.13,
6408,6408,EMI,Success,23030.68,2025-11-16 04:00:00,5757.67,FEST20
6409,6409,Net Banking,Success,28234.19,2026-06-05 01:00:00,3137.13,SAVE15
6410,6410,Cash on Delivery,Success,2196.49,2026-05-03 04:00:00,115.6,
6411,6411,Credit Card,Success,3543.49,2025-09-18 03:00:00,0.0,WELCOME10
6412,6412,UPI,Success,957.15,2024-10-24 04:00:00,0.0,WELCOME10
6413,6413,UPI,Success,235233.78,2025-04-24 04:00:00,12380.73,WELCOME10
6414,6414,Credit Card,Success,34081.84,2026-03-16 00:00:00,0.0,FEST20
6415,6415,Cash on Delivery,Success,434.04,2025-04-11 04:00:00,108.51,
6416,6416,Cash on Delivery,Success,2573.39,2024-08-29 05:00:00,0.0,
6417,6417,UPI,Success,5522.49,2026-01-23 02:00:00,974.56,FEST20
6418,6418,Net Banking,Success,64229.58,2025-11-16 05:00:00,16057.4,
6419,6419,UPI,Success,798.97,2026-07-03 05:00:00,88.77,
6420,6420,UPI,Success,1323.22,2025-11-15 01:00:00,0.0,NEWUSER
6421,6421,UPI,Success,1367.9,2026-06-30 02:00:00,241.39,
6422,6422,UPI,Success,867.94,2024-10-14 00:00:00,153.16,
6423,6423,Credit Card,Success,11107.66,2024-10-21 04:00:00,0.0,NEWUSER
6424,6424,UPI,Success,622.93,2026-02-24 02:00:00,69.22,
6425,6425,UPI,Success,73809.35,2025-11-25 01:00:00,13025.18,
6426,6426,Debit Card,Success,15263.79,2024-08-26 03:00:00,2693.61,
6427,6427,EMI,Success,484.82,2025-02-19 01:00:00,121.21,
6428,6428,Credit Card,Success,4930.65,2025-10-15 03:00:00,0.0,SAVE15
6429,6429,EMI,Success,135.26,2025-11-07 04:00:00,33.81,
6430,6430,UPI,Success,622.54,2025-12-03 00:00:00,32.77,
6431,6431,UPI,Success,2420.42,2025-12-13 03:00:00,605.1,FEST20
6432,6432,Credit Card,Success,2555.19,2025-06-19 04:00:00,638.8,FEST20
6433,6433,Net Banking,Success,1641.24,2026-05-12 04:00:00,0.0,
6434,6434,Cash on Delivery,Success,21804.44,2026-03-25 05:00:00,1147.6,
6435,6435,Credit Card,Success,3742.48,2025-10-13 00:00:00,935.62,NEWUSER
6436,6436,Cash on Delivery,Success,9989.46,2026-04-11 02:00:00,0.0,
6437,6437,EMI,Success,33386.44,2024-12-04 01:00:00,5891.72,SAVE15
6438,6438,UPI,Success,827.18,2026-07-14 03:00:00,91.91,
6439,6439,Credit Card,Success,1632.19,2025-12-09 01:00:00,181.35,NEWUSER
6440,6440,Cash on Delivery,Success,1355.1,2026-05-21 02:00:00,71.32,SAVE15
6441,6441,UPI,Success,2348.09,2025-03-12 00:00:00,0.0,NEWUSER
6442,6442,UPI,Refunded,5389.89,2025-02-21 01:00:00,0.0,NEWUSER
6443,6443,UPI,Success,1256.52,2026-03-12 02:00:00,221.74,SAVE15
6444,6444,Cash on Delivery,Success,4138.44,2024-11-19 02:00:00,459.83,SAVE15
6445,6445,Net Banking,Success,1584.05,2025-11-21 01:00:00,83.37,
6446,6446,Cash on Delivery,Success,3603.92,2026-06-10 04:00:00,189.68,NEWUSER
6447,6447,Cash on Delivery,Success,11622.08,2024-09-19 02:00:00,0.0,WELCOME10
6448,6448,Credit Card,Success,11757.78,2025-01-29 04:00:00,0.0,
6449,6449,EMI,Refunded,717.44,2026-05-20 00:00:00,37.76,
6450,6450,UPI,Success,2830.26,2025-07-01 03:00:00,0.0,
6451,6451,Debit Card,Success,4353.27,2026-01-02 03:00:00,229.12,NEWUSER
6452,6452,EMI,Success,349.13,2025-11-03 04:00:00,87.28,
6453,6453,UPI,Success,5295.62,2026-06-30 02:00:00,1323.9,WELCOME10
6454,6454,Debit Card,Success,738.2,2026-03-21 02:00:00,130.27,NEWUSER
6455,6455,Cash on Delivery,Success,956.27,2025-01-30 04:00:00,0.0,
6456,6456,UPI,Success,38947.33,2024-11-28 05:00:00,4327.48,NEWUSER
6457,6457,Credit Card,Success,941.87,2025-10-27 04:00:00,0.0,FEST20
6458,6458,UPI,Success,3749.89,2025-07-20 05:00:00,197.36,
6459,6459,UPI,Success,808.68,2026-05-25 04:00:00,0.0,NEWUSER
6460,6460,Cash on Delivery,Success,1513.16,2025-05-02 03:00:00,0.0,
6461,6461,UPI,Success,3667.24,2026-04-15 03:00:00,0.0,FEST20
6462,6462,UPI,Success,1045.81,2025-10-29 02:00:00,116.2,SAVE15
6463,6463,Debit Card,Success,2703.01,2026-04-13 04:00:00,300.33,NEWUSER
6464,6464,EMI,Success,13829.13,2026-01-26 01:00:00,3457.28,
6465,6465,UPI,Success,235.23,2025-02-13 04:00:00,12.38,
6466,6466,UPI,Success,3702.65,2024-04-23 04:00:00,0.0,FEST20
6467,6467,UPI,Success,5263.01,2026-01-09 05:00:00,584.78,FEST20
6468,6468,Credit Card,Success,3189.52,2026-07-08 05:00:00,562.86,
6469,6469,Cash on Delivery,Success,27362.33,2025-04-08 01:00:00,6840.58,
6470,6470,UPI,Success,1945.17,2026-04-02 03:00:00,343.27,
6471,6471,Credit Card,Success,3723.76,2026-04-15 03:00:00,0.0,
6472,6472,EMI,Success,3157.43,2025-09-24 03:00:00,350.83,WELCOME10
6473,6473,Debit Card,Success,409.48,2026-02-02 05:00:00,45.5,FEST20
6474,6474,UPI,Success,1168.54,2024-10-27 02:00:00,292.13,
6475,6475,UPI,Success,2341.31,2025-08-26 01:00:00,0.0,
6476,6476,Credit Card,Success,170.83,2026-02-15 02:00:00,42.71,SAVE15
6477,6477,Credit Card,Success,3697.66,2026-05-13 04:00:00,0.0,
6478,6478,Net Banking,Success,1001.63,2026-01-23 01:00:00,250.41,WELCOME10
6479,6479,Debit Card,Success,2937.38,2024-10-04 02:00:00,0.0,
6480,6480,Credit Card,Success,9605.87,2026-03-17 02:00:00,0.0,
6481,6481,Net Banking,Pending,16234.2,2025-12-25 02:00:00,0.0,WELCOME10
6482,6482,UPI,Success,20087.55,2025-11-03 04:00:00,0.0,
6483,6483,UPI,Success,568.65,2024-04-14 03:00:00,29.93,NEWUSER
6484,6484,Debit Card,Success,4266.37,2025-12-01 01:00:00,474.04,SAVE15
6485,6485,UPI,Success,3201.14,2026-04-25 00:00:00,355.68,
6486,6486,Cash on Delivery,Success,1683.52,2026-02-06 04:00:00,0.0,
6487,6487,Credit Card,Success,1295.0,2025-11-28 05:00:00,143.89,SAVE15
6488,6488,Cash on Delivery,Success,2264.17,2026-04-23 00:00:00,0.0,
6489,6489,UPI,Success,2244.86,2025-10-27 02:00:00,249.43,
6490,6490,Debit Card,Success,3577.86,2026-07-01 02:00:00,894.46,
6491,6491,UPI,Success,27186.91,2025-05-05 04:00:00,1430.89,
6492,6492,EMI,Pending,1704.69,2026-05-29 05:00:00,0.0,NEWUSER
6493,6493,Debit Card,Success,58119.05,2025-02-14 00:00:00,10256.3,SAVE15
6494,6494,UPI,Success,2452.48,2026-08-06 03:00:00,0.0,
6495,6495,EMI,Success,1345.22,2025-03-11 03:00:00,70.8,
6496,6496,UPI,Refunded,32278.98,2025-01-27 00:00:00,8069.74,
6497,6497,UPI,Success,2198.96,2025-06-19 01:00:00,0.0,NEWUSER
6498,6498,Debit Card,Success,1869.31,2026-06-14 00:00:00,0.0,NEWUSER
6499,6499,UPI,Success,54909.34,2025-07-20 01:00:00,13727.34,FEST20
6500,6500,Net Banking,Success,513.2,2024-07-23 04:00:00,128.3,FEST20
6501,6501,UPI,Success,36962.57,2026-06-01 04:00:00,0.0,FEST20
6502,6502,Net Banking,Success,4642.05,2024-08-16 00:00:00,0.0,
6503,6503,Cash on Delivery,Success,6433.59,2025-06-19 00:00:00,338.61,FEST20
6504,6504,UPI,Success,945.38,2025-11-27 04:00:00,105.04,
6505,6505,Credit Card,Success,4646.38,2026-02-28 05:00:00,1161.59,
6506,6506,Cash on Delivery,Not Applicable,113.51,2025-03-15 02:00:00,28.38,WELCOME10
6507,6507,UPI,Success,5251.66,2025-07-11 01:00:00,0.0,
6508,6508,UPI,Success,1011.08,2025-09-22 04:00:00,112.34,
6509,6509,Credit Card,Success,34986.88,2025-08-29 04:00:00,8746.72,
6510,6510,UPI,Success,2576.33,2024-08-28 03:00:00,0.0,
6511,6511,Net Banking,Success,51712.96,2026-06-05 01:00:00,0.0,WELCOME10
6512,6512,UPI,Success,6019.7,2024-04-16 02:00:00,0.0,NEWUSER
6513,6513,Cash on Delivery,Success,3891.69,2024-11-28 01:00:00,432.41,SAVE15
6514,6514,UPI,Success,11966.71,2025-11-25 02:00:00,2111.77,
6515,6515,UPI,Success,299.73,2025-04-21 02:00:00,33.3,NEWUSER
6516,6516,UPI,Success,19085.82,2024-08-09 02:00:00,0.0,
6517,6517,UPI,Success,2050.69,2025-09-20 03:00:00,0.0,FEST20
6518,6518,UPI,Success,70551.65,2026-02-04 00:00:00,0.0,SAVE15
6519,6519,EMI,Success,2080.26,2025-02-20 03:00:00,231.14,SAVE15
6520,6520,Debit Card,Success,54301.06,2026-06-17 00:00:00,0.0,FEST20
6521,6521,Credit Card,Success,4218.38,2025-10-23 01:00:00,1054.59,
6522,6522,Cash on Delivery,Success,937.35,2026-02-06 04:00:00,234.34,
6523,6523,UPI,Success,6017.44,2025-07-23 05:00:00,1061.9,SAVE15
6524,6524,Debit Card,Success,12995.78,2026-04-01 00:00:00,3248.94,
6525,6525,EMI,Success,4286.1,2024-03-30 00:00:00,0.0,
6526,6526,Cash on Delivery,Success,1923.5,2024-10-25 01:00:00,0.0,NEWUSER
6527,6527,Cash on Delivery,Success,32681.48,2025-12-10 00:00:00,5767.32,FEST20
6528,6528,Debit Card,Success,800.88,2026-03-19 02:00:00,88.99,SAVE15
6529,6529,UPI,Refunded,217974.89,2026-02-13 01:00:00,38466.16,WELCOME10
6530,6530,UPI,Success,1023.64,2026-03-02 05:00:00,53.88,NEWUSER
6531,6531,Credit Card,Success,46472.64,2026-06-12 04:00:00,0.0,SAVE15
6532,6532,Cash on Delivery,Success,7714.74,2024-06-14 05:00:00,1928.69,WELCOME10
6533,6533,Credit Card,Success,923.6,2025-01-16 02:00:00,0.0,WELCOME10
6534,6534,UPI,Success,1992.42,2026-08-17 00:00:00,0.0,
6535,6535,Credit Card,Success,1338.95,2026-03-24 01:00:00,334.74,
6536,6536,Credit Card,Pending,67827.86,2026-01-09 00:00:00,16956.97,
6537,6537,UPI,Success,293.39,2025-09-28 04:00:00,0.0,
6538,6538,Net Banking,Success,1433.3,2026-06-23 02:00:00,0.0,
6539,6539,Credit Card,Success,2623.95,2023-10-24 00:00:00,138.1,WELCOME10
6540,6540,UPI,Success,514.03,2025-12-26 04:00:00,0.0,NEWUSER
6541,6541,Credit Card,Success,1707.93,2026-01-16 04:00:00,426.98,SAVE15
6542,6542,UPI,Refunded,8212.78,2025-02-21 03:00:00,0.0,WELCOME10
6543,6543,UPI,Success,114756.66,2026-06-08 00:00:00,6039.82,
6544,6544,Cash on Delivery,Success,5316.21,2026-04-16 01:00:00,590.69,NEWUSER
6545,6545,UPI,Success,2412.4,2026-06-10 03:00:00,425.72,NEWUSER
6546,6546,Credit Card,Success,2035.51,2025-12-30 04:00:00,359.21,NEWUSER
6547,6547,EMI,Success,168.93,2025-12-30 03:00:00,8.89,
6548,6548,Cash on Delivery,Success,896.04,2024-11-12 05:00:00,99.56,
6549,6549,Credit Card,Success,80528.16,2025-10-11 00:00:00,0.0,FEST20
6550,6550,UPI,Success,5938.55,2026-01-13 01:00:00,0.0,
6551,6551,Credit Card,Success,3348.63,2026-03-14 05:00:00,0.0,FEST20
6552,6552,Credit Card,Success,2577.39,2025-03-22 03:00:00,0.0,SAVE15
6553,6553,UPI,Success,1356.75,2025-12-02 03:00:00,0.0,
6554,6554,Cash on Delivery,Success,4596.65,2025-11-05 05:00:00,0.0,FEST20
6555,6555,Cash on Delivery,Success,369.82,2025-08-09 03:00:00,41.09,WELCOME10
6556,6556,UPI,Success,3083.74,2026-05-18 03:00:00,770.94,
6557,6557,EMI,Success,1932.29,2025-06-07 01:00:00,101.7,SAVE15
6558,6558,UPI,Success,258.34,2026-04-19 01:00:00,64.59,FEST20
6559,6559,Debit Card,Success,858.29,2026-04-19 05:00:00,95.37,
6560,6560,Credit Card,Success,35325.89,2026-03-04 05:00:00,3925.1,
6561,6561,Cash on Delivery,Success,4836.28,2024-12-25 02:00:00,0.0,SAVE15
6562,6562,UPI,Success,1127.35,2026-02-23 01:00:00,125.26,FEST20
6563,6563,UPI,Success,4825.32,2023-10-20 03:00:00,0.0,FEST20
6564,6564,EMI,Success,869.64,2026-06-07 03:00:00,0.0,
6565,6565,UPI,Success,1018.15,2025-06-25 04:00:00,179.67,FEST20
6566,6566,Credit Card,Success,2702.52,2025-09-07 05:00:00,476.91,
6567,6567,EMI,Success,9485.5,2025-11-05 02:00:00,2371.37,
6568,6568,Cash on Delivery,Success,1505.43,2025-12-03 01:00:00,265.66,SAVE15
6569,6569,EMI,Success,2838.96,2026-01-24 05:00:00,315.44,
6570,6570,UPI,Success,6825.59,2026-03-21 03:00:00,0.0,SAVE15
6571,6571,Cash on Delivery,Success,1731.46,2026-02-26 04:00:00,192.38,NEWUSER
6572,6572,UPI,Success,39938.27,2026-05-12 01:00:00,2102.01,FEST20
6573,6573,Cash on Delivery,Success,389.61,2025-07-14 03:00:00,20.51,FEST20
6574,6574,EMI,Success,21431.23,2025-09-25 01:00:00,2381.25,SAVE15
6575,6575,Cash on Delivery,Success,611.06,2025-10-18 05:00:00,0.0,NEWUSER
6576,6576,Credit Card,Success,2279.98,2025-09-05 01:00:00,402.35,
6577,6577,UPI,Refunded,1097.82,2024-11-22 04:00:00,193.73,SAVE15
6578,6578,UPI,Success,1280.27,2025-02-19 01:00:00,320.07,
6579,6579,UPI,Success,620.5,2026-01-22 04:00:00,109.5,WELCOME10
6580,6580,UPI,Success,1930.54,2026-02-06 00:00:00,0.0,FEST20
6581,6581,UPI,Success,487.96,2026-05-02 03:00:00,121.99,
6582,6582,Credit Card,Success,4351.35,2024-05-23 00:00:00,483.48,
6583,6583,Net Banking,Success,349.68,2026-05-08 04:00:00,61.71,
6584,6584,UPI,Success,551.3,2026-06-23 04:00:00,0.0,
6585,6585,Net Banking,Success,87872.32,2025-05-27 01:00:00,21968.08,
6586,6586,Credit Card,Success,1527.33,2026-08-07 05:00:00,269.53,FEST20
6587,6587,UPI,Success,3203.21,2025-10-18 00:00:00,800.8,
6588,6588,Net Banking,Success,30945.4,2024-09-22 00:00:00,1628.7,
6589,6589,Debit Card,Success,5928.91,2024-04-23 05:00:00,0.0,
6590,6590,Cash on Delivery,Success,1245.8,2026-05-17 00:00:00,65.57,NEWUSER
6591,6591,UPI,Success,4301.61,2025-04-22 01:00:00,226.4,
6592,6592,UPI,Success,11390.99,2024-11-12 05:00:00,599.53,
6593,6593,UPI,Success,138964.08,2026-02-13 02:00:00,34741.02,WELCOME10
6594,6594,Credit Card,Success,2259.3,2025-09-18 03:00:00,118.91,NEWUSER
6595,6595,Cash on Delivery,Success,7021.44,2025-08-08 05:00:00,780.16,
6596,6596,Cash on Delivery,Success,2569.1,2025-02-04 03:00:00,135.22,
6597,6597,Credit Card,Success,1902.84,2026-02-08 04:00:00,100.15,
6598,6598,Debit Card,Success,41932.76,2024-04-25 01:00:00,4659.2,SAVE15
6599,6599,Cash on Delivery,Success,160.42,2024-09-02 05:00:00,17.82,
6600,6600,Credit Card,Success,508.38,2025-09-22 04:00:00,0.0,
6601,6601,Credit Card,Success,1189.24,2025-01-09 04:00:00,209.86,
6602,6602,UPI,Success,3445.0,2026-06-02 04:00:00,181.32,FEST20
6603,6603,Net Banking,Success,4325.72,2026-05-24 01:00:00,763.36,
6604,6604,UPI,Success,602.14,2026-04-25 03:00:00,106.26,NEWUSER
6605,6605,UPI,Success,16245.94,2026-02-18 03:00:00,4061.48,
6606,6606,Cash on Delivery,Success,954.23,2025-02-27 01:00:00,0.0,FEST20
6607,6607,UPI,Success,9312.1,2025-02-12 02:00:00,1034.68,FEST20
6608,6608,UPI,Success,1613.14,2024-03-08 02:00:00,403.28,SAVE15
6609,6609,Credit Card,Success,8930.89,2025-11-15 03:00:00,1576.04,WELCOME10
6610,6610,Cash on Delivery,Success,886.86,2025-09-15 04:00:00,46.68,FEST20
6611,6611,Cash on Delivery,Success,5412.34,2026-01-01 05:00:00,284.86,FEST20
6612,6612,UPI,Success,155112.95,2026-01-08 03:00:00,17234.77,SAVE15
6613,6613,Credit Card,Success,4209.24,2024-07-18 02:00:00,0.0,
6614,6614,EMI,Success,4915.59,2024-06-18 05:00:00,258.72,FEST20
6615,6615,Cash on Delivery,Success,45508.92,2025-06-05 04:00:00,2395.21,FEST20
6616,6616,UPI,Success,101655.58,2025-08-15 05:00:00,17939.22,
6617,6617,Debit Card,Success,9566.93,2026-06-10 05:00:00,2391.73,NEWUSER
6618,6618,Debit Card,Refunded,69514.66,2026-04-11 03:00:00,0.0,
6619,6619,EMI,Success,251.83,2025-04-10 01:00:00,62.96,NEWUSER
6620,6620,UPI,Success,54829.59,2024-04-28 03:00:00,0.0,WELCOME10
6621,6621,Credit Card,Pending,2758.84,2026-03-22 04:00:00,0.0,SAVE15
6622,6622,Net Banking,Success,825.53,2025-05-10 00:00:00,0.0,SAVE15
6623,6623,EMI,Success,484.19,2026-03-10 00:00:00,85.44,
6624,6624,Cash on Delivery,Success,46717.41,2025-12-20 02:00:00,8244.25,NEWUSER
6625,6625,EMI,Success,3421.17,2025-11-08 02:00:00,0.0,
6626,6626,Credit Card,Success,5680.3,2025-03-28 03:00:00,298.96,SAVE15
6627,6627,Cash on Delivery,Success,9555.32,2025-02-05 01:00:00,0.0,
6628,6628,Credit Card,Success,585.22,2026-05-12 04:00:00,0.0,
6629,6629,UPI,Success,1098.94,2025-09-22 01:00:00,274.73,NEWUSER
6630,6630,UPI,Success,1427.09,2025-09-09 01:00:00,75.11,
6631,6631,UPI,Success,4914.38,2025-11-27 01:00:00,0.0,WELCOME10
6632,6632,UPI,Success,1569.24,2026-02-12 01:00:00,174.36,
6633,6633,Debit Card,Success,301.52,2026-02-19 03:00:00,15.87,WELCOME10
6634,6634,UPI,Success,293.67,2026-04-10 00:00:00,0.0,FEST20
6635,6635,Credit Card,Success,3301.59,2025-12-22 02:00:00,0.0,FEST20
6636,6636,EMI,Pending,6434.23,2026-01-23 02:00:00,1135.45,
6637,6637,Credit Card,Success,1598.3,2023-11-04 01:00:00,0.0,
6638,6638,Debit Card,Success,5401.98,2025-08-06 04:00:00,284.31,SAVE15
6639,6639,Credit Card,Pending,834.79,2025-06-27 02:00:00,0.0,NEWUSER
6640,6640,Credit Card,Success,2093.58,2026-06-03 02:00:00,232.62,FEST20
6641,6641,UPI,Success,2754.11,2026-05-20 04:00:00,144.95,
6642,6642,Net Banking,Success,1058.16,2026-01-27 00:00:00,117.57,WELCOME10
6643,6643,Credit Card,Success,380.08,2026-05-11 03:00:00,95.02,SAVE15
6644,6644,UPI,Success,513.87,2025-04-17 01:00:00,90.68,WELCOME10
6645,6645,Cash on Delivery,Success,365.59,2025-05-15 00:00:00,91.4,
6646,6646,UPI,Success,859.48,2026-04-30 00:00:00,0.0,
6647,6647,Debit Card,Success,54209.57,2025-09-03 00:00:00,13552.39,
6648,6648,UPI,Success,17782.04,2025-06-16 01:00:00,1975.78,
6649,6649,UPI,Success,4693.4,2024-10-13 03:00:00,0.0,SAVE15
6650,6650,Cash on Delivery,Success,2694.82,2026-04-11 03:00:00,475.56,
6651,6651,Credit Card,Success,4859.07,2025-11-25 03:00:00,255.74,
6652,6652,Credit Card,Success,36150.01,2025-11-06 03:00:00,0.0,WELCOME10
6653,6653,EMI,Success,158.96,2026-04-21 01:00:00,0.0,
6654,6654,UPI,Success,376.44,2025-12-21 02:00:00,94.11,
6655,6655,UPI,Success,3517.47,2026-03-20 01:00:00,879.37,WELCOME10
6656,6656,Net Banking,Success,995.4,2026-04-16 00:00:00,110.6,
6657,6657,Credit Card,Success,2403.26,2025-06-16 01:00:00,267.03,FEST20
6658,6658,EMI,Success,3911.41,2024-09-01 04:00:00,977.85,SAVE15
6659,6659,Net Banking,Success,1147.42,2025-05-30 05:00:00,0.0,SAVE15
6660,6660,UPI,Success,29465.26,2026-02-13 02:00:00,3273.92,
6661,6661,Credit Card,Success,4899.6,2025-12-09 01:00:00,0.0,FEST20
6662,6662,UPI,Success,767.76,2025-04-29 02:00:00,191.94,SAVE15
6663,6663,UPI,Success,4259.14,2025-07-05 03:00:00,224.17,
6664,6664,UPI,Success,555.55,2025-10-05 01:00:00,138.89,NEWUSER
6665,6665,UPI,Success,270.22,2025-12-27 03:00:00,30.02,FEST20
6666,6666,Credit Card,Success,520.57,2025-07-31 02:00:00,91.86,
6667,6667,UPI,Success,31556.43,2026-03-01 03:00:00,7889.11,
6668,6668,Debit Card,Success,227.84,2026-01-14 04:00:00,0.0,
6669,6669,Cash on Delivery,Success,46586.43,2025-07-17 02:00:00,5176.27,NEWUSER
6670,6670,UPI,Success,1895.11,2026-05-05 03:00:00,0.0,NEWUSER
6671,6671,Cash on Delivery,Success,5650.29,2026-04-06 04:00:00,0.0,
6672,6672,Debit Card,Success,28853.19,2026-03-15 00:00:00,0.0,NEWUSER
6673,6673,Credit Card,Success,1313.21,2025-03-12 02:00:00,328.3,FEST20
6674,6674,UPI,Success,1965.26,2025-11-07 04:00:00,103.44,
6675,6675,Debit Card,Success,3585.99,2025-05-09 04:00:00,0.0,
6676,6676,UPI,Success,1219.51,2025-12-30 00:00:00,215.21,WELCOME10
6677,6677,Net Banking,Success,1330.05,2025-08-06 04:00:00,332.51,
6678,6678,Cash on Delivery,Not Applicable,902.26,2026-04-23 01:00:00,0.0,NEWUSER
6679,6679,UPI,Success,750.61,2025-06-19 05:00:00,39.51,
6680,6680,Debit Card,Success,2990.81,2026-07-11 03:00:00,157.41,NEWUSER
6681,6681,UPI,Success,27489.6,2025-06-23 03:00:00,0.0,FEST20
6682,6682,Debit Card,Success,88834.87,2026-04-04 04:00:00,0.0,NEWUSER
6683,6683,Cash on Delivery,Not Applicable,3373.0,2025-06-04 02:00:00,0.0,SAVE15
6684,6684,Credit Card,Success,4583.2,2026-03-27 00:00:00,509.24,
6685,6685,UPI,Success,1201.49,2025-04-14 00:00:00,212.03,
6686,6686,UPI,Refunded,3794.5,2025-12-05 01:00:00,669.62,
6687,6687,UPI,Success,1251.95,2026-02-17 01:00:00,220.93,
6688,6688,Net Banking,Success,65195.92,2025-06-13 03:00:00,11505.16,WELCOME10
6689,6689,Debit Card,Success,4287.61,2026-06-03 05:00:00,476.4,
6690,6690,Debit Card,Success,4417.52,2025-10-23 01:00:00,490.84,NEWUSER
6691,6691,UPI,Success,1436.72,2024-08-29 04:00:00,159.64,WELCOME10
6692,6692,Cash on Delivery,Success,620.03,2025-09-12 04:00:00,0.0,SAVE15
6693,6693,Credit Card,Success,17961.3,2026-03-16 04:00:00,4490.32,FEST20
6694,6694,UPI,Success,10878.44,2025-08-20 04:00:00,0.0,NEWUSER
6695,6695,UPI,Refunded,11501.76,2025-12-02 02:00:00,0.0,
6696,6696,UPI,Success,1086.96,2025-03-15 04:00:00,191.82,
6697,6697,Cash on Delivery,Success,283.67,2024-05-31 05:00:00,0.0,
6698,6698,Debit Card,Success,4903.0,2026-06-24 01:00:00,544.78,WELCOME10
6699,6699,UPI,Success,136578.26,2026-07-25 01:00:00,15175.36,WELCOME10
6700,6700,Credit Card,Success,190951.42,2025-11-14 02:00:00,33697.31,SAVE15
6701,6701,UPI,Success,1107.09,2025-02-25 03:00:00,276.77,NEWUSER
6702,6702,Net Banking,Success,1913.61,2025-10-10 05:00:00,337.69,WELCOME10
6703,6703,Debit Card,Success,289069.48,2026-02-07 03:00:00,0.0,
6704,6704,UPI,Success,4248.96,2026-07-09 03:00:00,0.0,
6705,6705,UPI,Success,1511.9,2025-02-15 05:00:00,79.57,SAVE15
6706,6706,UPI,Success,22220.16,2026-06-22 00:00:00,0.0,FEST20
6707,6707,Cash on Delivery,Success,3178.28,2025-11-24 04:00:00,353.14,
6708,6708,Cash on Delivery,Not Applicable,4102.02,2026-02-27 01:00:00,0.0,
6709,6709,UPI,Success,2876.9,2025-07-30 03:00:00,507.69,NEWUSER
6710,6710,UPI,Success,519.32,2025-08-01 04:00:00,0.0,
6711,6711,UPI,Success,3950.67,2025-10-16 02:00:00,438.96,FEST20
6712,6712,UPI,Success,2388.71,2025-05-29 04:00:00,0.0,
6713,6713,UPI,Success,3752.28,2026-06-13 03:00:00,416.92,
6714,6714,Credit Card,Success,817.52,2025-11-12 04:00:00,0.0,FEST20
6715,6715,Credit Card,Success,4191.21,2024-11-25 03:00:00,0.0,
6716,6716,Credit Card,Success,276.88,2026-03-28 01:00:00,0.0,
6717,6717,Credit Card,Success,1208.84,2025-01-09 00:00:00,213.32,FEST20
6718,6718,Cash on Delivery,Not Applicable,3529.45,2026-05-17 05:00:00,622.85,NEWUSER
6719,6719,UPI,Success,3830.11,2025-12-15 00:00:00,957.53,SAVE15
6720,6720,Cash on Delivery,Success,1659.59,2026-03-06 05:00:00,292.87,FEST20
6721,6721,Cash on Delivery,Success,863.28,2026-01-15 00:00:00,215.82,SAVE15
6722,6722,Cash on Delivery,Success,5004.89,2025-11-26 00:00:00,883.22,NEWUSER
6723,6723,Debit Card,Success,10618.69,2023-09-29 05:00:00,0.0,NEWUSER
6724,6724,Debit Card,Success,1779.35,2025-01-11 00:00:00,0.0,NEWUSER
6725,6725,Debit Card,Success,243.05,2026-02-04 05:00:00,0.0,WELCOME10
6726,6726,Net Banking,Success,764.35,2026-01-12 03:00:00,84.93,
6727,6727,Cash on Delivery,Success,78537.28,2025-10-14 00:00:00,13859.52,FEST20
6728,6728,EMI,Success,18693.64,2025-02-14 05:00:00,3298.88,SAVE15
6729,6729,UPI,Success,2512.58,2025-12-11 00:00:00,0.0,SAVE15
6730,6730,UPI,Success,12976.1,2025-12-18 01:00:00,2289.9,FEST20
6731,6731,Net Banking,Pending,852.94,2025-01-04 00:00:00,213.24,NEWUSER
6732,6732,Net Banking,Success,129435.56,2026-01-15 02:00:00,0.0,WELCOME10
6733,6733,UPI,Success,1652.47,2026-01-12 01:00:00,0.0,
6734,6734,UPI,Success,403.01,2026-05-30 03:00:00,100.75,WELCOME10
6735,6735,UPI,Success,534.22,2026-06-24 01:00:00,0.0,
6736,6736,UPI,Success,5261.95,2024-09-25 04:00:00,1315.49,
6737,6737,Debit Card,Success,130038.02,2024-06-26 05:00:00,14448.67,SAVE15
6738,6738,UPI,Refunded,1752.61,2025-07-02 01:00:00,0.0,
6739,6739,Net Banking,Success,2277.74,2026-06-03 00:00:00,0.0,WELCOME10
6740,6740,UPI,Success,4429.4,2026-07-01 05:00:00,0.0,FEST20
6741,6741,Debit Card,Refunded,114902.5,2026-01-16 00:00:00,28725.62,FEST20
6742,6742,Credit Card,Success,7903.53,2026-02-02 05:00:00,0.0,SAVE15
6743,6743,Net Banking,Success,30020.85,2025-12-17 01:00:00,7505.21,WELCOME10
6744,6744,Cash on Delivery,Success,647.14,2026-01-05 02:00:00,161.78,FEST20
6745,6745,Cash on Delivery,Success,8572.33,2025-09-13 02:00:00,1512.77,WELCOME10
6746,6746,Debit Card,Success,2480.32,2024-03-03 02:00:00,130.54,NEWUSER
6747,6747,UPI,Success,66332.2,2026-05-28 04:00:00,11705.68,
6748,6748,Credit Card,Success,1383.05,2026-05-30 00:00:00,345.76,SAVE15
6749,6749,Net Banking,Success,4590.28,2026-02-01 01:00:00,810.05,NEWUSER
6750,6750,UPI,Success,70645.2,2025-11-14 01:00:00,12466.8,FEST20
6751,6751,UPI,Success,2233.85,2026-04-08 05:00:00,394.21,FEST20
6752,6752,UPI,Success,4196.5,2026-04-30 01:00:00,1049.13,
6753,6753,UPI,Success,2134.83,2026-02-25 04:00:00,376.74,
6754,6754,Net Banking,Success,3997.6,2025-10-22 00:00:00,999.4,
6755,6755,UPI,Success,1457.58,2026-02-14 03:00:00,0.0,WELCOME10
6756,6756,UPI,Success,3551.43,2026-04-29 01:00:00,0.0,FEST20
6757,6757,Credit Card,Success,142568.92,2026-08-17 05:00:00,25159.22,
6758,6758,Cash on Delivery,Success,64435.06,2025-01-28 05:00:00,3391.32,FEST20
6759,6759,Credit Card,Success,1343.68,2025-11-18 02:00:00,0.0,WELCOME10
6760,6760,Net Banking,Success,84051.3,2025-04-20 01:00:00,4423.75,SAVE15
6761,6761,UPI,Success,6053.4,2026-08-17 02:00:00,0.0,
6762,6762,UPI,Success,13040.66,2026-07-14 02:00:00,1448.96,NEWUSER
6763,6763,Net Banking,Refunded,67260.73,2026-02-15 00:00:00,0.0,
6764,6764,Debit Card,Success,545.72,2026-02-25 05:00:00,136.43,SAVE15
6765,6765,UPI,Success,43745.53,2025-10-02 04:00:00,4860.61,NEWUSER
6766,6766,Net Banking,Success,841.84,2026-03-21 00:00:00,0.0,NEWUSER
6767,6767,EMI,Success,22366.15,2026-04-30 03:00:00,2485.13,SAVE15
6768,6768,UPI,Refunded,366.48,2024-09-15 01:00:00,0.0,
6769,6769,UPI,Pending,3304.57,2025-04-21 04:00:00,173.93,NEWUSER
6770,6770,Net Banking,Success,1880.34,2024-10-31 02:00:00,0.0,NEWUSER
6771,6771,UPI,Success,35439.95,2025-11-10 05:00:00,3937.77,SAVE15
6772,6772,Cash on Delivery,Success,19201.19,2025-10-04 03:00:00,0.0,
6773,6773,EMI,Success,652.59,2026-04-23 03:00:00,72.51,SAVE15
6774,6774,UPI,Success,12188.16,2025-06-14 02:00:00,0.0,
6775,6775,Debit Card,Success,2849.92,2026-04-12 05:00:00,0.0,
6776,6776,UPI,Success,2238.61,2025-05-09 03:00:00,248.73,SAVE15
6777,6777,UPI,Refunded,3551.79,2025-02-15 05:00:00,0.0,SAVE15
6778,6778,Debit Card,Success,1818.22,2026-06-04 03:00:00,202.02,WELCOME10
6779,6779,Debit Card,Success,1528.24,2025-01-24 05:00:00,0.0,SAVE15
6780,6780,Cash on Delivery,Success,6315.44,2025-05-15 04:00:00,1578.86,
6781,6781,Debit Card,Success,1073.46,2026-04-13 04:00:00,56.5,
6782,6782,Net Banking,Success,10413.73,2026-03-03 00:00:00,1157.08,WELCOME10
6783,6783,Credit Card,Success,280.77,2024-06-18 04:00:00,70.19,WELCOME10
6784,6784,Debit Card,Success,2973.37,2024-01-16 03:00:00,0.0,
6785,6785,Debit Card,Refunded,1694.15,2024-11-28 01:00:00,423.54,FEST20
6786,6786,UPI,Success,7636.98,2025-03-26 01:00:00,1347.7,
6787,6787,UPI,Success,3903.97,2024-12-07 03:00:00,433.78,FEST20
6788,6788,UPI,Success,1769.94,2025-10-16 01:00:00,196.66,
6789,6789,UPI,Success,118842.52,2026-07-25 00:00:00,13204.72,SAVE15
6790,6790,Debit Card,Success,392.9,2025-05-22 03:00:00,69.33,WELCOME10
6791,6791,UPI,Success,154.56,2025-11-22 01:00:00,0.0,SAVE15
6792,6792,Debit Card,Success,2053.25,2026-03-12 01:00:00,228.14,FEST20
6793,6793,Debit Card,Success,1493.35,2024-12-16 05:00:00,373.34,FEST20
6794,6794,UPI,Success,4505.8,2025-06-16 04:00:00,500.64,SAVE15
6795,6795,Debit Card,Success,3871.5,2026-04-06 01:00:00,203.76,WELCOME10
6796,6796,UPI,Success,2480.56,2025-11-03 05:00:00,0.0,SAVE15
6797,6797,Cash on Delivery,Not Applicable,3535.41,2024-09-27 05:00:00,186.07,
6798,6798,UPI,Success,596.75,2025-10-15 05:00:00,0.0,
6799,6799,UPI,Success,577.0,2025-07-21 03:00:00,0.0,
6800,6800,Credit Card,Success,295.49,2025-12-20 01:00:00,32.83,FEST20
6801,6801,Credit Card,Success,10326.48,2025-11-02 04:00:00,0.0,
6802,6802,Cash on Delivery,Success,146.59,2025-12-15 05:00:00,16.29,
6803,6803,UPI,Success,70746.74,2025-08-22 04:00:00,0.0,
6804,6804,Credit Card,Success,3025.92,2025-12-27 01:00:00,0.0,
6805,6805,Net Banking,Success,182888.66,2024-10-29 03:00:00,20320.96,SAVE15
6806,6806,Cash on Delivery,Success,5503.38,2025-11-05 02:00:00,0.0,
6807,6807,Cash on Delivery,Success,22735.58,2025-07-14 04:00:00,2526.18,
6808,6808,Credit Card,Success,1921.54,2026-02-06 04:00:00,480.39,NEWUSER
6809,6809,UPI,Success,2133.88,2026-07-04 02:00:00,112.31,FEST20
6810,6810,UPI,Success,2184.98,2026-02-14 03:00:00,0.0,NEWUSER
6811,6811,Debit Card,Refunded,2039.85,2025-11-08 05:00:00,0.0,SAVE15
6812,6812,Net Banking,Success,49339.73,2026-01-04 01:00:00,0.0,
6813,6813,Net Banking,Success,10586.35,2025-03-27 01:00:00,0.0,
6814,6814,UPI,Success,165586.4,2024-01-09 01:00:00,0.0,WELCOME10
6815,6815,UPI,Pending,1171.26,2024-10-05 03:00:00,292.81,
6816,6816,Debit Card,Success,4269.88,2024-03-10 02:00:00,0.0,SAVE15
6817,6817,UPI,Refunded,59639.68,2024-07-27 04:00:00,6626.63,
6818,6818,Net Banking,Success,211900.74,2025-09-29 01:00:00,0.0,FEST20
6819,6819,Cash on Delivery,Success,14746.55,2026-04-05 01:00:00,2602.33,
6820,6820,UPI,Success,688.02,2025-11-03 00:00:00,0.0,
6821,6821,Debit Card,Success,602.9,2025-05-16 02:00:00,150.73,
6822,6822,Debit Card,Success,391.17,2026-05-02 03:00:00,43.46,SAVE15
6823,6823,UPI,Success,78191.67,2026-03-19 02:00:00,0.0,
6824,6824,Cash on Delivery,Success,891.94,2026-02-06 03:00:00,0.0,NEWUSER
6825,6825,Credit Card,Success,3627.14,2026-04-21 05:00:00,906.79,WELCOME10
6826,6826,UPI,Success,849.45,2026-04-14 01:00:00,0.0,WELCOME10
6827,6827,Net Banking,Success,2488.7,2025-12-06 01:00:00,130.98,
6828,6828,UPI,Success,6837.86,2025-07-20 02:00:00,1709.46,FEST20
6829,6829,EMI,Success,3398.48,2026-04-26 03:00:00,0.0,NEWUSER
6830,6830,UPI,Success,15354.58,2025-07-29 03:00:00,1706.06,NEWUSER
6831,6831,Cash on Delivery,Success,62365.31,2023-12-25 01:00:00,0.0,
6832,6832,Credit Card,Refunded,2411.18,2025-11-04 02:00:00,0.0,
6833,6833,EMI,Success,1816.11,2025-02-01 05:00:00,454.03,
6834,6834,EMI,Success,7543.39,2026-04-13 00:00:00,1885.85,
6835,6835,UPI,Success,1807.89,2024-12-14 02:00:00,451.97,
6836,6836,Net Banking,Refunded,223.37,2024-10-12 02:00:00,0.0,FEST20
6837,6837,EMI,Success,773.02,2026-03-05 05:00:00,85.89,
6838,6838,Credit Card,Refunded,1035.46,2026-07-17 02:00:00,0.0,
6839,6839,Debit Card,Success,1279.0,2025-09-08 03:00:00,67.32,SAVE15
6840,6840,Debit Card,Success,10018.08,2025-05-22 05:00:00,0.0,NEWUSER
6841,6841,Credit Card,Success,907.79,2026-04-04 05:00:00,47.78,NEWUSER
6842,6842,Cash on Delivery,Success,8353.06,2026-01-05 01:00:00,0.0,SAVE15
6843,6843,Debit Card,Refunded,7997.19,2026-01-19 03:00:00,1411.27,
6844,6844,UPI,Success,660.7,2025-04-28 03:00:00,0.0,
6845,6845,UPI,Success,1581.26,2025-07-31 04:00:00,0.0,WELCOME10
6846,6846,Debit Card,Success,7230.45,2026-02-15 00:00:00,1275.96,
6847,6847,EMI,Success,3434.41,2024-02-01 01:00:00,858.6,NEWUSER
6848,6848,Debit Card,Success,1266.57,2026-03-06 01:00:00,0.0,NEWUSER
6849,6849,Cash on Delivery,Success,4170.13,2025-05-03 02:00:00,735.9,SAVE15
6850,6850,Credit Card,Success,2259.0,2025-08-16 00:00:00,0.0,NEWUSER
6851,6851,UPI,Success,4133.04,2026-01-14 04:00:00,0.0,WELCOME10
6852,6852,EMI,Success,11635.92,2025-10-10 02:00:00,2053.4,FEST20
6853,6853,Debit Card,Success,9249.98,2026-02-10 04:00:00,1632.35,NEWUSER
6854,6854,UPI,Success,68932.04,2025-05-14 01:00:00,12164.48,
6855,6855,UPI,Success,9413.61,2026-02-02 05:00:00,1661.22,FEST20
6856,6856,Net Banking,Success,1800.01,2024-07-14 00:00:00,317.65,FEST20
6857,6857,UPI,Success,8713.92,2025-03-20 03:00:00,2178.48,NEWUSER
6858,6858,UPI,Success,52254.52,2025-05-21 05:00:00,0.0,FEST20
6859,6859,Cash on Delivery,Not Applicable,576.56,2025-11-01 02:00:00,30.34,
6860,6860,UPI,Success,1473.22,2026-01-09 01:00:00,259.98,SAVE15
6861,6861,Net Banking,Success,5706.14,2026-05-03 02:00:00,634.01,
6862,6862,Debit Card,Success,11228.83,2024-12-03 01:00:00,1981.56,
6863,6863,UPI,Success,1330.89,2026-06-27 03:00:00,147.88,SAVE15
6864,6864,UPI,Success,71450.26,2024-10-28 05:00:00,3760.54,WELCOME10
6865,6865,UPI,Success,1846.93,2026-04-30 05:00:00,205.22,WELCOME10
6866,6866,Debit Card,Success,1069.56,2025-02-11 00:00:00,188.74,
6867,6867,UPI,Success,6948.01,2026-06-08 00:00:00,0.0,FEST20
6868,6868,Credit Card,Refunded,197.67,2026-04-08 04:00:00,21.96,FEST20
6869,6869,UPI,Success,28690.02,2026-07-17 04:00:00,0.0,SAVE15
6870,6870,Cash on Delivery,Success,37641.26,2026-02-03 01:00:00,0.0,
6871,6871,Credit Card,Success,1832.9,2025-08-28 04:00:00,0.0,SAVE15
6872,6872,UPI,Success,5419.36,2025-11-12 02:00:00,1354.84,SAVE15
6873,6873,EMI,Success,5646.67,2025-03-24 03:00:00,0.0,
6874,6874,Cash on Delivery,Success,2239.23,2025-10-12 02:00:00,117.85,WELCOME10
6875,6875,Cash on Delivery,Success,2179.07,2026-06-02 01:00:00,0.0,FEST20
6876,6876,Debit Card,Refunded,683.78,2025-10-02 04:00:00,170.94,
6877,6877,Cash on Delivery,Not Applicable,4989.0,2025-09-25 01:00:00,0.0,NEWUSER
6878,6878,Credit Card,Success,841.75,2026-06-06 01:00:00,210.44,SAVE15
6879,6879,UPI,Success,3269.66,2026-06-29 02:00:00,0.0,SAVE15
6880,6880,UPI,Success,2960.47,2025-12-27 03:00:00,740.12,NEWUSER
6881,6881,UPI,Success,14883.25,2025-08-06 01:00:00,783.33,WELCOME10
6882,6882,Credit Card,Success,10877.38,2025-04-22 05:00:00,1208.6,
6883,6883,UPI,Success,442.49,2025-08-25 01:00:00,78.09,
6884,6884,Net Banking,Refunded,1136.58,2026-02-09 02:00:00,200.57,
6885,6885,EMI,Success,2474.28,2025-06-20 02:00:00,130.23,FEST20
6886,6886,UPI,Success,805.68,2025-05-26 00:00:00,42.4,FEST20
6887,6887,UPI,Success,303.46,2025-07-27 05:00:00,75.86,WELCOME10
6888,6888,Cash on Delivery,Success,60996.95,2024-05-10 01:00:00,3210.37,FEST20
6889,6889,Debit Card,Refunded,197370.26,2025-04-04 00:00:00,49342.57,FEST20
6890,6890,EMI,Success,1575.68,2025-11-27 05:00:00,278.06,
6891,6891,EMI,Success,4738.95,2025-10-14 01:00:00,836.29,
6892,6892,UPI,Success,49516.15,2025-12-03 00:00:00,8738.15,
6893,6893,Debit Card,Success,3596.24,2025-11-15 01:00:00,399.58,FEST20
6894,6894,Debit Card,Refunded,239.21,2025-03-19 00:00:00,59.8,
6895,6895,UPI,Success,198.81,2026-04-21 05:00:00,35.09,
6896,6896,Credit Card,Success,4984.04,2026-08-17 01:00:00,0.0,WELCOME10
6897,6897,Debit Card,Success,607.84,2025-05-13 05:00:00,0.0,SAVE15
6898,6898,UPI,Success,5737.26,2026-02-17 02:00:00,0.0,SAVE15
6899,6899,EMI,Success,303.97,2025-05-02 00:00:00,75.99,
6900,6900,Debit Card,Refunded,35870.68,2024-08-28 00:00:00,0.0,
6901,6901,Credit Card,Success,2051.65,2026-06-25 00:00:00,362.06,
6902,6902,Debit Card,Refunded,2939.36,2025-10-28 04:00:00,154.7,SAVE15
6903,6903,UPI,Success,150833.1,2024-06-20 00:00:00,0.0,SAVE15
6904,6904,Debit Card,Success,659.73,2025-08-11 00:00:00,73.3,WELCOME10
6905,6905,UPI,Success,6679.98,2025-03-11 05:00:00,1670.0,
6906,6906,Credit Card,Success,1664.78,2025-11-05 02:00:00,0.0,FEST20
6907,6907,UPI,Success,624.0,2025-07-23 00:00:00,0.0,
6908,6908,Cash on Delivery,Success,880.04,2026-03-28 03:00:00,0.0,
6909,6909,Cash on Delivery,Not Applicable,3569.25,2024-11-11 01:00:00,892.31,FEST20
6910,6910,Debit Card,Success,604.73,2025-06-12 05:00:00,151.18,NEWUSER
6911,6911,Credit Card,Pending,878.46,2025-08-04 04:00:00,219.62,WELCOME10
6912,6912,UPI,Success,203.85,2026-02-21 00:00:00,35.97,
6913,6913,EMI,Success,466.34,2025-05-24 03:00:00,116.59,NEWUSER
6914,6914,Credit Card,Success,1354.31,2025-05-13 05:00:00,0.0,SAVE15
6915,6915,Cash on Delivery,Success,7176.75,2025-12-30 02:00:00,1266.49,FEST20
6916,6916,UPI,Success,1013.1,2024-09-15 05:00:00,53.32,NEWUSER
6917,6917,Cash on Delivery,Success,6376.07,2026-02-26 00:00:00,1125.19,WELCOME10
6918,6918,Cash on Delivery,Success,226.7,2025-03-09 03:00:00,40.0,
6919,6919,EMI,Success,871.71,2026-07-18 02:00:00,45.88,
6920,6920,Credit Card,Success,2539.75,2025-04-28 02:00:00,0.0,SAVE15
6921,6921,UPI,Success,4780.87,2026-02-09 01:00:00,0.0,
6922,6922,UPI,Success,172.47,2024-06-25 01:00:00,30.43,FEST20
6923,6923,UPI,Success,2449.35,2025-12-31 05:00:00,612.34,
6924,6924,Debit Card,Success,4847.99,2026-05-11 00:00:00,0.0,WELCOME10
6925,6925,UPI,Success,29044.53,2024-08-16 02:00:00,1528.66,SAVE15
6926,6926,UPI,Success,2198.91,2025-08-07 05:00:00,0.0,
6927,6927,Debit Card,Success,1239.63,2026-05-12 03:00:00,0.0,
6928,6928,UPI,Success,550.28,2025-07-02 02:00:00,61.14,
6929,6929,UPI,Success,4798.3,2026-06-06 04:00:00,0.0,WELCOME10
6930,6930,Cash on Delivery,Success,12392.76,2026-03-31 02:00:00,0.0,
6931,6931,Credit Card,Success,3068.99,2026-03-11 05:00:00,541.59,FEST20
6932,6932,UPI,Success,7064.79,2025-07-07 05:00:00,784.98,SAVE15
6933,6933,UPI,Success,4415.96,2025-03-19 03:00:00,1103.99,
6934,6934,UPI,Success,1400.09,2024-11-05 01:00:00,0.0,WELCOME10
6935,6935,Debit Card,Refunded,2314.92,2025-09-28 01:00:00,0.0,
6936,6936,UPI,Success,500.27,2025-08-04 04:00:00,0.0,
6937,6937,Debit Card,Refunded,5695.42,2025-03-06 03:00:00,1423.86,WELCOME10
6938,6938,Debit Card,Success,7278.82,2026-07-15 01:00:00,808.76,
6939,6939,UPI,Success,1339.42,2025-07-21 05:00:00,334.85,
6940,6940,Debit Card,Success,272.3,2026-02-17 04:00:00,30.26,
6941,6941,UPI,Success,1026.53,2025-03-01 01:00:00,0.0,
6942,6942,Net Banking,Success,1681.38,2026-04-23 02:00:00,88.49,FEST20
6943,6943,Credit Card,Success,694.31,2025-12-21 03:00:00,36.54,NEWUSER
6944,6944,UPI,Success,6498.32,2024-12-22 02:00:00,722.04,
6945,6945,Debit Card,Pending,5706.22,2026-01-23 03:00:00,634.02,FEST20
6946,6946,Credit Card,Success,1617.14,2025-06-21 03:00:00,404.28,SAVE15
6947,6947,Credit Card,Success,1657.02,2024-03-12 03:00:00,414.26,
6948,6948,Cash on Delivery,Success,12094.2,2025-10-12 03:00:00,636.54,FEST20
6949,6949,UPI,Pending,821.38,2026-05-20 02:00:00,91.26,
6950,6950,UPI,Success,12665.34,2025-01-05 02:00:00,0.0,NEWUSER
6951,6951,Cash on Delivery,Success,73140.26,2024-12-31 04:00:00,8126.69,
6952,6952,UPI,Success,7691.62,2025-11-16 03:00:00,1357.34,
6953,6953,Cash on Delivery,Success,2473.7,2025-11-29 00:00:00,618.42,NEWUSER
6954,6954,UPI,Success,1139.06,2026-04-15 02:00:00,126.56,FEST20
6955,6955,Debit Card,Success,1014.23,2026-04-05 00:00:00,112.69,
6956,6956,Debit Card,Success,4561.91,2025-08-06 00:00:00,506.88,FEST20
6957,6957,Debit Card,Success,413.69,2025-08-09 02:00:00,0.0,NEWUSER
6958,6958,Debit Card,Success,1242.32,2025-10-20 02:00:00,0.0,NEWUSER
6959,6959,Cash on Delivery,Not Applicable,166647.56,2026-03-19 03:00:00,0.0,SAVE15
6960,6960,Credit Card,Success,75461.5,2025-09-24 01:00:00,8384.61,
6961,6961,Cash on Delivery,Success,300.5,2026-02-05 05:00:00,75.12,NEWUSER
6962,6962,UPI,Success,24678.5,2025-12-23 00:00:00,0.0,
6963,6963,Credit Card,Success,1280.43,2025-05-15 00:00:00,142.27,
6964,6964,Credit Card,Success,63671.13,2025-12-07 00:00:00,0.0,SAVE15
6965,6965,Cash on Delivery,Success,213670.39,2025-07-28 05:00:00,23741.15,
6966,6966,Credit Card,Success,483.88,2025-01-25 04:00:00,0.0,SAVE15
6967,6967,UPI,Success,2702.72,2026-03-24 05:00:00,300.3,WELCOME10
6968,6968,Credit Card,Success,91935.12,2025-10-25 04:00:00,0.0,NEWUSER
6969,6969,Net Banking,Refunded,89448.22,2026-03-12 05:00:00,0.0,
6970,6970,Cash on Delivery,Success,3848.29,2025-10-28 03:00:00,0.0,
6971,6971,UPI,Success,1424.45,2025-03-08 03:00:00,0.0,NEWUSER
6972,6972,UPI,Success,1042.12,2025-09-16 03:00:00,260.53,NEWUSER
6973,6973,UPI,Success,369.02,2026-03-09 05:00:00,0.0,
6974,6974,Cash on Delivery,Success,1534.33,2025-12-22 05:00:00,383.58,SAVE15
6975,6975,Net Banking,Success,1143.1,2026-03-29 02:00:00,60.16,
6976,6976,Debit Card,Success,1956.99,2025-12-17 04:00:00,217.44,
6977,6977,Debit Card,Success,525.54,2024-03-31 03:00:00,92.74,FEST20
6978,6978,UPI,Success,1417.52,2025-10-19 02:00:00,157.5,FEST20
6979,6979,UPI,Success,8020.67,2025-12-19 05:00:00,891.19,NEWUSER
6980,6980,Debit Card,Success,1762.21,2025-07-20 00:00:00,0.0,
6981,6981,UPI,Refunded,5204.23,2026-04-07 01:00:00,918.39,
6982,6982,UPI,Refunded,12302.57,2025-07-17 05:00:00,647.5,
6983,6983,Credit Card,Success,3855.64,2026-05-11 05:00:00,963.91,FEST20
6984,6984,UPI,Success,3198.67,2026-02-14 00:00:00,168.35,NEWUSER
6985,6985,Cash on Delivery,Pending,154544.78,2025-04-26 03:00:00,8133.94,WELCOME10
6986,6986,Cash on Delivery,Success,703.47,2026-04-29 02:00:00,0.0,SAVE15
6987,6987,UPI,Success,14687.89,2025-11-16 02:00:00,773.05,
6988,6988,Debit Card,Success,172.77,2026-03-29 00:00:00,9.09,WELCOME10
6989,6989,Cash on Delivery,Success,521.84,2025-01-29 01:00:00,27.46,FEST20
6990,6990,Credit Card,Refunded,1979.34,2026-04-05 00:00:00,0.0,NEWUSER
6991,6991,UPI,Success,3309.6,2026-03-04 04:00:00,367.73,
6992,6992,UPI,Success,983.49,2025-11-24 05:00:00,51.76,SAVE15
6993,6993,Cash on Delivery,Success,71590.02,2024-11-05 05:00:00,17897.5,
6994,6994,UPI,Success,4530.15,2026-03-12 00:00:00,0.0,SAVE15
6995,6995,EMI,Success,3545.89,2025-09-22 01:00:00,393.99,FEST20
6996,6996,Net Banking,Success,953.1,2025-06-19 01:00:00,0.0,SAVE15
6997,6997,UPI,Success,7207.68,2025-10-11 03:00:00,0.0,FEST20
6998,6998,Credit Card,Success,2259.5,2026-05-31 01:00:00,0.0,FEST20
6999,6999,UPI,Refunded,2279.33,2025-10-05 00:00:00,569.83,
7000,7000,UPI,Success,3950.63,2025-11-09 05:00:00,987.66,
7001,7001,Debit Card,Success,1083.27,2024-07-10 01:00:00,0.0,WELCOME10
7002,7002,EMI,Success,5934.73,2026-08-17 01:00:00,312.35,
7003,7003,UPI,Success,709.04,2026-02-08 03:00:00,78.78,
7004,7004,Credit Card,Success,3657.86,2025-05-14 02:00:00,914.47,WELCOME10
7005,7005,UPI,Success,1143.04,2026-04-12 02:00:00,201.71,
7006,7006,Debit Card,Success,11151.69,2026-08-17 05:00:00,1967.94,NEWUSER
7007,7007,Cash on Delivery,Success,1866.66,2025-12-04 03:00:00,0.0,
7008,7008,UPI,Success,1512.51,2025-03-06 04:00:00,266.91,NEWUSER
7009,7009,Credit Card,Success,961.67,2026-05-21 00:00:00,169.71,WELCOME10
7010,7010,UPI,Success,16338.72,2025-09-26 03:00:00,0.0,
7011,7011,UPI,Refunded,1422.93,2024-09-20 03:00:00,74.89,SAVE15
7012,7012,Cash on Delivery,Success,711.14,2025-11-25 01:00:00,79.02,SAVE15
7013,7013,Credit Card,Success,1588.63,2026-05-03 01:00:00,0.0,
7014,7014,UPI,Success,9886.13,2026-01-26 00:00:00,0.0,
7015,7015,Net Banking,Success,4614.22,2025-08-30 00:00:00,1153.55,FEST20
7016,7016,Debit Card,Success,1538.27,2026-02-03 03:00:00,384.57,WELCOME10
7017,7017,UPI,Pending,5757.05,2026-03-17 03:00:00,1015.95,
7018,7018,Debit Card,Refunded,1324.38,2024-10-19 05:00:00,147.15,
7019,7019,UPI,Success,20377.63,2025-10-09 01:00:00,5094.41,WELCOME10
7020,7020,UPI,Success,2872.7,2025-04-14 01:00:00,151.19,WELCOME10
7021,7021,Debit Card,Success,198.57,2025-01-08 03:00:00,22.06,
7022,7022,UPI,Success,135.68,2026-07-31 02:00:00,15.08,NEWUSER
7023,7023,Debit Card,Success,1457.68,2024-12-16 04:00:00,0.0,
7024,7024,Debit Card,Success,5683.46,2025-06-17 01:00:00,0.0,
7025,7025,Debit Card,Success,7351.71,2025-11-21 03:00:00,1837.93,
7026,7026,EMI,Success,32811.35,2026-06-23 05:00:00,0.0,SAVE15
7027,7027,UPI,Success,2716.56,2025-12-24 01:00:00,301.84,SAVE15
7028,7028,Credit Card,Success,4879.46,2024-05-23 00:00:00,0.0,
7029,7029,Cash on Delivery,Success,1613.38,2024-12-19 04:00:00,0.0,NEWUSER
7030,7030,UPI,Success,2225.05,2025-05-08 02:00:00,556.26,
7031,7031,UPI,Success,1825.51,2025-08-26 02:00:00,96.08,
7032,7032,UPI,Success,2432.6,2024-10-31 04:00:00,0.0,WELCOME10
7033,7033,Net Banking,Success,527.22,2024-11-15 05:00:00,0.0,FEST20
7034,7034,EMI,Success,1531.77,2025-08-17 02:00:00,270.31,
7035,7035,UPI,Success,11436.85,2025-02-19 04:00:00,2018.27,
7036,7036,Credit Card,Success,3208.86,2026-03-18 00:00:00,0.0,
7037,7037,UPI,Success,12750.08,2025-06-08 04:00:00,3187.52,
7038,7038,Debit Card,Success,83735.05,2026-07-03 05:00:00,0.0,FEST20
7039,7039,Credit Card,Success,4754.66,2025-03-02 05:00:00,528.29,NEWUSER
7040,7040,UPI,Success,907.42,2025-01-26 01:00:00,47.76,
7041,7041,Debit Card,Success,327.06,2026-02-11 01:00:00,57.72,SAVE15
7042,7042,UPI,Success,2807.86,2025-11-18 04:00:00,495.51,SAVE15
7043,7043,UPI,Success,1679.03,2025-02-27 01:00:00,186.56,WELCOME10
7044,7044,UPI,Success,1733.62,2026-02-08 04:00:00,0.0,
7045,7045,Net Banking,Pending,9483.39,2025-06-04 05:00:00,2370.85,
7046,7046,Credit Card,Success,4425.12,2025-07-10 02:00:00,491.68,SAVE15
7047,7047,Cash on Delivery,Success,1335.67,2026-04-02 04:00:00,148.41,
7048,7048,Debit Card,Success,11236.83,2025-10-03 02:00:00,0.0,FEST20
7049,7049,UPI,Success,72347.12,2024-09-17 01:00:00,18086.78,
7050,7050,Net Banking,Success,68497.34,2025-10-15 04:00:00,17124.34,
7051,7051,UPI,Success,30505.87,2026-04-25 00:00:00,3389.54,
7052,7052,UPI,Success,10353.46,2026-03-14 04:00:00,2588.36,NEWUSER
7053,7053,Net Banking,Success,614.21,2024-11-09 02:00:00,153.55,NEWUSER
7054,7054,Net Banking,Success,15538.66,2026-01-17 05:00:00,817.82,
7055,7055,EMI,Success,1179.54,2026-02-03 01:00:00,294.88,WELCOME10
7056,7056,Cash on Delivery,Success,465.08,2025-09-05 01:00:00,24.48,NEWUSER
7057,7057,UPI,Success,6821.78,2024-10-14 05:00:00,1705.44,NEWUSER
7058,7058,Debit Card,Refunded,4668.06,2026-02-18 00:00:00,823.77,NEWUSER
7059,7059,Debit Card,Success,3487.41,2025-08-13 00:00:00,871.85,FEST20
7060,7060,Net Banking,Success,10210.52,2024-07-01 02:00:00,2552.63,
7061,7061,Cash on Delivery,Success,530.8,2024-12-12 01:00:00,93.67,
7062,7062,Net Banking,Success,372.92,2026-08-04 00:00:00,93.23,NEWUSER
7063,7063,Cash on Delivery,Success,2895.73,2026-01-25 01:00:00,0.0,
7064,7064,Cash on Delivery,Success,1744.21,2025-11-06 00:00:00,436.05,FEST20
7065,7065,Cash on Delivery,Success,3366.28,2025-09-18 00:00:00,0.0,SAVE15
7066,7066,EMI,Success,823.48,2026-07-27 02:00:00,91.5,
7067,7067,Net Banking,Success,11255.37,2026-06-08 04:00:00,1250.6,FEST20
7068,7068,Cash on Delivery,Success,979.04,2026-05-05 04:00:00,0.0,FEST20
7069,7069,UPI,Success,55898.2,2025-03-24 04:00:00,6210.91,SAVE15
7070,7070,UPI,Success,435.29,2026-03-07 04:00:00,22.91,FEST20
7071,7071,Cash on Delivery,Success,63889.06,2026-04-23 02:00:00,11274.54,FEST20
7072,7072,UPI,Success,16464.74,2026-08-05 03:00:00,0.0,SAVE15
7073,7073,EMI,Success,11940.39,2026-03-05 03:00:00,0.0,SAVE15
7074,7074,Debit Card,Refunded,3594.45,2026-03-11 01:00:00,634.31,
7075,7075,UPI,Success,142936.77,2026-06-25 04:00:00,7522.99,
7076,7076,UPI,Refunded,3277.79,2026-01-26 05:00:00,578.43,SAVE15
7077,7077,UPI,Success,23071.14,2025-09-19 00:00:00,0.0,NEWUSER
7078,7078,UPI,Success,54127.83,2025-11-27 02:00:00,9551.97,WELCOME10
7079,7079,Credit Card,Success,1740.68,2026-01-31 05:00:00,307.18,
7080,7080,UPI,Success,19760.7,2025-06-29 03:00:00,0.0,SAVE15
7081,7081,UPI,Refunded,2395.3,2025-04-01 01:00:00,0.0,
7082,7082,Credit Card,Success,1648.57,2024-04-21 04:00:00,290.93,
7083,7083,Debit Card,Refunded,9547.46,2026-07-10 04:00:00,2386.87,WELCOME10
7084,7084,Cash on Delivery,Pending,1420.41,2025-10-15 01:00:00,74.76,FEST20
7085,7085,Debit Card,Refunded,17359.95,2025-07-24 01:00:00,1928.88,NEWUSER
7086,7086,UPI,Success,1796.43,2026-03-24 03:00:00,199.6,
7087,7087,UPI,Success,1065.65,2025-05-19 03:00:00,56.09,
7088,7088,UPI,Success,5756.16,2026-08-17 00:00:00,1439.04,
7089,7089,Debit Card,Refunded,6831.52,2025-11-13 04:00:00,359.55,
7090,7090,UPI,Success,76908.03,2026-05-30 00:00:00,0.0,
7091,7091,UPI,Success,482.27,2026-01-05 02:00:00,25.38,
7092,7092,EMI,Success,15473.79,2025-07-17 00:00:00,814.41,
7093,7093,Credit Card,Success,3092.0,2026-03-22 00:00:00,773.0,SAVE15
7094,7094,EMI,Success,308.69,2026-02-28 02:00:00,34.3,NEWUSER
7095,7095,Credit Card,Success,1658.15,2025-10-03 04:00:00,0.0,
7096,7096,Cash on Delivery,Success,5753.78,2025-12-25 00:00:00,639.31,WELCOME10
7097,7097,Cash on Delivery,Success,696.01,2025-09-06 00:00:00,174.0,SAVE15
7098,7098,UPI,Success,1597.46,2026-03-19 02:00:00,399.37,WELCOME10
7099,7099,UPI,Success,1601.97,2025-08-17 03:00:00,0.0,
7100,7100,Debit Card,Success,2230.5,2025-02-03 05:00:00,557.62,SAVE15
7101,7101,UPI,Success,2190.91,2025-09-23 01:00:00,243.44,
7102,7102,Debit Card,Success,338.61,2025-01-27 04:00:00,37.62,NEWUSER
7103,7103,UPI,Success,7464.96,2024-12-17 00:00:00,1866.24,FEST20
7104,7104,UPI,Success,1083.57,2026-01-09 02:00:00,270.89,
7105,7105,Credit Card,Success,4654.23,2025-11-25 05:00:00,0.0,
7106,7106,EMI,Success,2063.35,2026-04-02 04:00:00,515.84,
7107,7107,Credit Card,Success,11861.18,2025-06-29 03:00:00,0.0,NEWUSER
7108,7108,UPI,Success,2438.79,2026-03-28 05:00:00,128.36,
7109,7109,UPI,Success,3996.27,2026-03-15 02:00:00,444.03,FEST20
7110,7110,Cash on Delivery,Success,7380.96,2026-05-11 04:00:00,1302.52,
7111,7111,Cash on Delivery,Success,1815.21,2025-03-05 00:00:00,453.8,WELCOME10
7112,7112,Cash on Delivery,Success,8027.52,2026-07-20 04:00:00,0.0,
7113,7113,UPI,Success,808.89,2026-07-12 05:00:00,142.75,
7114,7114,UPI,Success,2546.85,2024-04-11 03:00:00,134.04,FEST20
7115,7115,Debit Card,Success,45937.65,2025-03-18 00:00:00,0.0,SAVE15
7116,7116,UPI,Success,1410.28,2025-12-22 00:00:00,248.87,
7117,7117,UPI,Refunded,1305.28,2026-08-11 03:00:00,0.0,
7118,7118,UPI,Success,72228.64,2025-11-21 03:00:00,8025.41,SAVE15
7119,7119,Debit Card,Success,355.62,2026-04-11 00:00:00,18.72,FEST20
7120,7120,Debit Card,Success,668.66,2026-05-24 01:00:00,118.0,
7121,7121,UPI,Success,6249.36,2025-01-28 01:00:00,0.0,NEWUSER
7122,7122,Cash on Delivery,Success,2378.98,2026-03-23 03:00:00,264.33,
7123,7123,Debit Card,Success,18782.36,2023-11-10 00:00:00,0.0,WELCOME10
7124,7124,Cash on Delivery,Success,812.33,2026-07-01 00:00:00,143.35,
7125,7125,Cash on Delivery,Success,152.4,2026-05-21 04:00:00,38.1,WELCOME10
7126,7126,EMI,Success,1742.68,2026-03-09 04:00:00,91.72,FEST20
7127,7127,UPI,Success,86046.75,2024-11-24 02:00:00,0.0,FEST20
7128,7128,Debit Card,Success,46103.28,2025-12-25 02:00:00,2426.49,
7129,7129,Credit Card,Success,1093.49,2024-12-08 04:00:00,57.55,FEST20
7130,7130,Debit Card,Success,70515.34,2025-11-10 03:00:00,3711.33,SAVE15
7131,7131,UPI,Success,676.91,2026-01-29 00:00:00,119.45,SAVE15
7132,7132,Cash on Delivery,Success,45873.73,2025-01-11 02:00:00,2414.41,
7133,7133,UPI,Success,64264.64,2025-10-17 03:00:00,11340.82,FEST20
7134,7134,Debit Card,Refunded,2417.47,2024-10-15 03:00:00,426.61,NEWUSER
7135,7135,Cash on Delivery,Success,8177.31,2024-10-22 02:00:00,2044.33,
7136,7136,Cash on Delivery,Success,2006.68,2026-01-13 03:00:00,105.62,NEWUSER
7137,7137,Credit Card,Success,5552.25,2025-09-27 04:00:00,616.92,
7138,7138,UPI,Success,722.39,2024-09-29 04:00:00,38.02,
7139,7139,Debit Card,Success,10630.64,2026-01-14 02:00:00,1876.0,FEST20
7140,7140,UPI,Success,357.1,2025-02-25 02:00:00,18.79,
7141,7141,Cash on Delivery,Success,229.56,2025-09-29 02:00:00,0.0,WELCOME10
7142,7142,UPI,Success,1009.66,2025-12-18 02:00:00,252.42,NEWUSER
7143,7143,UPI,Success,3074.92,2025-01-26 00:00:00,341.66,NEWUSER
7144,7144,Credit Card,Success,53844.41,2024-12-24 01:00:00,9501.95,
7145,7145,EMI,Success,10740.72,2024-10-10 01:00:00,0.0,SAVE15
7146,7146,UPI,Success,806.11,2025-11-19 04:00:00,89.57,NEWUSER
7147,7147,UPI,Success,5406.41,2024-10-03 05:00:00,284.55,
7148,7148,Credit Card,Success,744.34,2026-04-05 04:00:00,186.08,NEWUSER
7149,7149,EMI,Success,156.42,2026-03-09 01:00:00,0.0,
7150,7150,UPI,Success,6550.45,2024-10-13 05:00:00,1637.61,FEST20
7151,7151,Debit Card,Success,944.98,2026-04-16 00:00:00,49.74,
7152,7152,Credit Card,Success,794.23,2025-05-23 01:00:00,0.0,NEWUSER
7153,7153,UPI,Success,18150.13,2026-06-25 04:00:00,4537.53,SAVE15
7154,7154,UPI,Success,1996.16,2025-08-11 03:00:00,0.0,SAVE15
7155,7155,UPI,Refunded,303.89,2024-10-16 00:00:00,53.63,FEST20
7156,7156,Cash on Delivery,Success,661.36,2025-02-09 01:00:00,116.71,
7157,7157,Cash on Delivery,Success,19521.6,2025-12-16 03:00:00,4880.4,FEST20
7158,7158,Credit Card,Success,955.93,2025-12-05 05:00:00,50.31,
7159,7159,Debit Card,Success,1942.16,2026-08-17 05:00:00,215.8,
7160,7160,Cash on Delivery,Not Applicable,5812.9,2026-03-18 02:00:00,305.94,FEST20
7161,7161,Debit Card,Success,71974.69,2026-05-09 02:00:00,12701.42,NEWUSER
7162,7162,UPI,Success,4137.78,2025-11-02 05:00:00,730.2,SAVE15
7163,7163,Credit Card,Success,2243.94,2026-05-04 03:00:00,0.0,
7164,7164,Credit Card,Success,10694.47,2026-03-25 03:00:00,0.0,NEWUSER
7165,7165,UPI,Success,964.06,2026-06-30 02:00:00,0.0,SAVE15
7166,7166,Cash on Delivery,Success,1988.08,2025-05-30 05:00:00,0.0,SAVE15
7167,7167,UPI,Success,4695.75,2024-06-29 00:00:00,0.0,SAVE15
7168,7168,EMI,Success,792.13,2025-05-26 00:00:00,41.69,NEWUSER
7169,7169,Net Banking,Success,24586.14,2024-07-11 01:00:00,0.0,
7170,7170,Cash on Delivery,Success,3556.45,2025-08-30 03:00:00,0.0,NEWUSER
7171,7171,Net Banking,Success,6603.36,2026-05-24 02:00:00,0.0,SAVE15
7172,7172,Debit Card,Success,719.77,2025-06-03 04:00:00,79.97,
7173,7173,UPI,Success,2012.78,2024-10-30 02:00:00,0.0,
7174,7174,Credit Card,Success,1769.49,2024-11-02 05:00:00,312.26,FEST20
7175,7175,Cash on Delivery,Success,449.09,2026-03-20 02:00:00,49.9,
7176,7176,UPI,Success,1766.55,2025-12-11 02:00:00,196.28,FEST20
7177,7177,Debit Card,Success,5390.48,2026-07-01 05:00:00,951.26,WELCOME10
7178,7178,UPI,Pending,4453.09,2026-03-22 01:00:00,0.0,NEWUSER
7179,7179,Cash on Delivery,Success,4572.15,2025-07-22 00:00:00,806.85,
7180,7180,Cash on Delivery,Success,3032.81,2026-01-28 01:00:00,535.2,WELCOME10
7181,7181,UPI,Success,24978.8,2025-10-12 00:00:00,1314.67,
7182,7182,UPI,Success,1209.52,2025-02-04 03:00:00,0.0,
7183,7183,Debit Card,Success,1401.07,2025-05-08 05:00:00,0.0,FEST20
7184,7184,UPI,Success,153.8,2025-12-01 01:00:00,27.14,NEWUSER
7185,7185,Cash on Delivery,Success,6151.09,2025-03-16 02:00:00,683.45,WELCOME10
7186,7186,UPI,Success,4432.87,2025-10-20 04:00:00,0.0,NEWUSER
7187,7187,Debit Card,Success,942.43,2025-10-03 02:00:00,166.31,NEWUSER
7188,7188,UPI,Success,3915.18,2026-04-30 00:00:00,206.06,WELCOME10
7189,7189,Net Banking,Success,5180.79,2026-06-06 02:00:00,914.26,SAVE15
7190,7190,Cash on Delivery,Not Applicable,23781.25,2026-03-04 00:00:00,4196.69,
7191,7191,Net Banking,Success,1592.93,2026-01-29 03:00:00,281.11,
7192,7192,Debit Card,Success,1062.48,2026-01-11 03:00:00,118.05,
7193,7193,Cash on Delivery,Success,2465.46,2025-11-27 02:00:00,0.0,
7194,7194,UPI,Success,592.2,2025-10-26 04:00:00,0.0,SAVE15
7195,7195,Cash on Delivery,Success,677.83,2026-03-15 00:00:00,169.46,WELCOME10
7196,7196,Debit Card,Success,199.49,2025-09-16 04:00:00,49.87,WELCOME10
7197,7197,Net Banking,Success,204.5,2026-05-29 01:00:00,51.13,FEST20
7198,7198,Cash on Delivery,Success,2891.31,2026-01-11 03:00:00,0.0,WELCOME10
7199,7199,UPI,Success,3398.61,2026-03-18 01:00:00,178.87,
7200,7200,Cash on Delivery,Success,43013.69,2026-08-11 04:00:00,7590.65,
7201,7201,EMI,Success,35596.65,2026-06-07 00:00:00,1873.51,
7202,7202,Cash on Delivery,Success,2242.35,2024-12-02 01:00:00,0.0,WELCOME10
7203,7203,Cash on Delivery,Success,1533.62,2025-02-23 04:00:00,270.64,WELCOME10
7204,7204,Debit Card,Success,1312.23,2026-01-02 02:00:00,328.06,
7205,7205,Net Banking,Success,1341.42,2024-06-03 02:00:00,149.05,NEWUSER
7206,7206,UPI,Success,1609.16,2025-12-14 01:00:00,402.29,FEST20
7207,7207,Net Banking,Success,1111.7,2025-12-10 00:00:00,277.92,WELCOME10
7208,7208,Credit Card,Success,1264.75,2026-02-02 03:00:00,66.57,SAVE15
7209,7209,Cash on Delivery,Success,1076.68,2025-11-07 03:00:00,0.0,FEST20
7210,7210,UPI,Success,21881.25,2025-05-08 00:00:00,1151.65,
7211,7211,Cash on Delivery,Not Applicable,12156.5,2026-02-08 00:00:00,3039.13,
7212,7212,Debit Card,Success,4543.59,2025-12-12 02:00:00,239.14,NEWUSER
7213,7213,Credit Card,Success,6350.58,2026-06-18 00:00:00,1120.69,FEST20
7214,7214,Cash on Delivery,Success,2933.65,2025-06-17 01:00:00,517.7,
7215,7215,Credit Card,Success,38558.75,2025-10-06 00:00:00,9639.69,
7216,7216,Cash on Delivery,Success,6138.9,2025-07-08 01:00:00,323.1,NEWUSER
7217,7217,Debit Card,Success,1082.84,2025-08-03 01:00:00,56.99,
7218,7218,Debit Card,Success,35363.05,2024-12-10 05:00:00,1861.21,SAVE15
7219,7219,Cash on Delivery,Success,1574.56,2026-01-04 01:00:00,0.0,FEST20
7220,7220,Credit Card,Success,969.71,2024-10-31 05:00:00,171.13,SAVE15
7221,7221,UPI,Success,1579.57,2025-10-24 05:00:00,394.89,SAVE15
7222,7222,Credit Card,Success,613.12,2024-08-30 05:00:00,0.0,
7223,7223,Credit Card,Success,89714.32,2025-10-03 05:00:00,0.0,FEST20
7224,7224,UPI,Success,1458.79,2025-12-04 02:00:00,0.0,NEWUSER
7225,7225,UPI,Success,1164.44,2024-11-06 03:00:00,0.0,FEST20
7226,7226,Debit Card,Success,8879.86,2026-03-23 04:00:00,0.0,WELCOME10
7227,7227,Credit Card,Success,3504.47,2025-11-14 05:00:00,389.38,
7228,7228,Debit Card,Success,1277.82,2026-06-29 05:00:00,225.5,FEST20
7229,7229,EMI,Success,8861.05,2025-10-15 01:00:00,466.37,NEWUSER
7230,7230,Credit Card,Success,2137.68,2025-06-15 03:00:00,237.52,NEWUSER
7231,7231,UPI,Success,179.86,2025-03-02 01:00:00,19.98,NEWUSER
7232,7232,Credit Card,Success,38800.1,2025-06-12 05:00:00,2042.11,
7233,7233,Debit Card,Success,299.03,2025-11-02 01:00:00,52.77,NEWUSER
7234,7234,UPI,Success,79608.58,2025-08-02 02:00:00,0.0,FEST20
7235,7235,Cash on Delivery,Success,2373.31,2025-05-16 04:00:00,263.7,
7236,7236,Cash on Delivery,Success,4367.59,2026-04-09 01:00:00,0.0,
7237,7237,Cash on Delivery,Success,1864.11,2025-10-11 04:00:00,0.0,SAVE15
7238,7238,Debit Card,Success,2985.34,2025-07-05 01:00:00,746.33,
7239,7239,UPI,Success,946.03,2026-05-10 05:00:00,0.0,WELCOME10
7240,7240,UPI,Success,4355.17,2025-11-07 04:00:00,0.0,
7241,7241,UPI,Success,1797.82,2025-07-16 03:00:00,317.26,WELCOME10
7242,7242,Debit Card,Success,56186.11,2026-03-30 02:00:00,6242.9,FEST20
7243,7243,UPI,Success,7817.32,2026-01-22 04:00:00,411.44,NEWUSER
7244,7244,UPI,Success,815.41,2026-05-14 01:00:00,203.85,
7245,7245,UPI,Success,3678.3,2026-04-02 04:00:00,649.11,NEWUSER
7246,7246,Net Banking,Refunded,9271.92,2026-04-16 04:00:00,488.0,SAVE15
7247,7247,Debit Card,Success,878.6,2025-02-04 00:00:00,97.62,NEWUSER
7248,7248,Cash on Delivery,Success,4132.06,2025-09-10 00:00:00,729.19,
7249,7249,EMI,Success,57796.21,2025-06-20 02:00:00,10199.33,
7250,7250,Cash on Delivery,Success,1275.42,2025-11-22 05:00:00,318.86,
7251,7251,UPI,Success,3409.41,2025-03-25 02:00:00,378.82,
7252,7252,Cash on Delivery,Success,38580.56,2026-02-04 04:00:00,0.0,
7253,7253,EMI,Success,7391.84,2026-03-22 01:00:00,389.04,
7254,7254,EMI,Success,7787.96,2026-02-15 00:00:00,0.0,SAVE15
7255,7255,UPI,Success,8185.64,2026-02-23 01:00:00,909.52,
7256,7256,UPI,Success,1315.82,2025-04-16 01:00:00,146.2,SAVE15
7257,7257,Debit Card,Success,42249.99,2026-02-03 05:00:00,0.0,FEST20
7258,7258,Cash on Delivery,Success,1210.64,2024-12-26 02:00:00,134.52,
7259,7259,Net Banking,Success,4558.42,2026-04-25 01:00:00,239.92,
7260,7260,Cash on Delivery,Not Applicable,5482.98,2025-07-29 03:00:00,967.59,
7261,7261,Net Banking,Pending,3158.24,2025-10-08 01:00:00,789.56,
7262,7262,Credit Card,Success,5240.64,2026-05-29 01:00:00,0.0,SAVE15
7263,7263,Cash on Delivery,Not Applicable,3283.28,2024-08-15 04:00:00,820.82,SAVE15
7264,7264,UPI,Success,14398.9,2024-07-07 01:00:00,3599.72,FEST20
7265,7265,Cash on Delivery,Success,411.02,2026-03-17 03:00:00,102.76,
7266,7266,Cash on Delivery,Success,827.54,2026-07-25 05:00:00,0.0,FEST20
7267,7267,Debit Card,Success,1071.38,2025-12-11 02:00:00,0.0,
7268,7268,UPI,Success,44630.62,2024-11-20 01:00:00,2348.98,
7269,7269,UPI,Success,47217.47,2024-08-30 01:00:00,5246.39,SAVE15
7270,7270,Net Banking,Success,4216.99,2025-12-09 04:00:00,0.0,
7271,7271,Debit Card,Success,161786.45,2025-03-26 02:00:00,17976.27,
7272,7272,UPI,Success,707.16,2025-03-27 02:00:00,0.0,SAVE15
7273,7273,Credit Card,Success,7151.5,2026-02-20 05:00:00,1787.87,WELCOME10
7274,7274,UPI,Success,12063.95,2025-12-13 01:00:00,634.95,FEST20
7275,7275,UPI,Success,316.98,2026-02-03 02:00:00,35.22,
7276,7276,UPI,Success,1265.71,2026-05-25 04:00:00,316.43,SAVE15
7277,7277,Debit Card,Success,4027.21,2025-03-19 01:00:00,710.68,NEWUSER
7278,7278,Credit Card,Success,975.46,2024-12-24 03:00:00,243.86,
7279,7279,EMI,Success,167.81,2025-07-19 04:00:00,0.0,
7280,7280,Debit Card,Success,639.88,2026-08-17 05:00:00,0.0,
7281,7281,UPI,Success,5568.34,2026-04-27 05:00:00,1392.09,
7282,7282,Debit Card,Success,4241.62,2026-04-02 00:00:00,223.24,
7283,7283,Net Banking,Refunded,1963.6,2025-05-25 00:00:00,103.35,WELCOME10
7284,7284,Cash on Delivery,Success,60751.6,2025-11-30 02:00:00,10720.87,SAVE15
7285,7285,Debit Card,Success,4716.54,2026-07-06 05:00:00,0.0,NEWUSER
7286,7286,Net Banking,Success,3394.06,2026-01-15 05:00:00,848.51,
7287,7287,UPI,Success,7329.22,2026-05-30 02:00:00,1832.31,
7288,7288,Cash on Delivery,Success,9856.99,2026-01-05 02:00:00,1739.47,NEWUSER
7289,7289,Cash on Delivery,Success,7587.88,2025-08-07 05:00:00,1896.97,SAVE15
7290,7290,UPI,Success,4540.61,2026-03-05 03:00:00,0.0,WELCOME10
7291,7291,Cash on Delivery,Success,211.44,2026-02-15 05:00:00,52.86,
7292,7292,Debit Card,Success,9649.18,2025-07-19 03:00:00,1702.8,
7293,7293,Cash on Delivery,Success,73107.09,2026-05-22 00:00:00,3847.74,
7294,7294,Debit Card,Success,4487.8,2026-04-15 01:00:00,791.97,FEST20
7295,7295,UPI,Success,23927.04,2026-02-15 05:00:00,1259.32,
7296,7296,EMI,Success,3779.59,2024-02-09 04:00:00,944.9,
7297,7297,EMI,Success,5018.59,2025-02-18 04:00:00,264.14,NEWUSER
7298,7298,Credit Card,Success,928.06,2025-02-21 00:00:00,103.12,FEST20
7299,7299,UPI,Success,184.82,2025-07-05 03:00:00,46.2,
7300,7300,Cash on Delivery,Success,164774.78,2025-09-24 01:00:00,41193.7,WELCOME10
7301,7301,UPI,Success,2885.73,2026-04-01 05:00:00,509.25,WELCOME10
7302,7302,UPI,Success,17546.71,2026-08-02 00:00:00,923.51,NEWUSER
7303,7303,UPI,Success,251.81,2025-05-08 00:00:00,62.95,WELCOME10
7304,7304,UPI,Success,1310.8,2025-06-11 00:00:00,145.64,SAVE15
7305,7305,Credit Card,Success,15351.2,2025-12-03 04:00:00,807.96,FEST20
7306,7306,Net Banking,Success,2015.88,2025-07-23 05:00:00,355.74,SAVE15
7307,7307,UPI,Success,1569.26,2026-03-20 05:00:00,0.0,NEWUSER
7308,7308,Credit Card,Success,1892.54,2025-10-23 02:00:00,473.14,
7309,7309,Net Banking,Success,10200.67,2025-12-24 04:00:00,0.0,
7310,7310,UPI,Success,111622.23,2026-04-19 00:00:00,0.0,
7311,7311,Cash on Delivery,Success,860.33,2025-11-25 00:00:00,95.59,FEST20
7312,7312,Credit Card,Refunded,6377.2,2024-11-03 01:00:00,0.0,SAVE15
7313,7313,Cash on Delivery,Success,647.59,2026-07-02 01:00:00,71.95,NEWUSER
7314,7314,Debit Card,Success,10438.97,2026-02-02 01:00:00,549.42,WELCOME10
7315,7315,Cash on Delivery,Success,65479.85,2026-04-20 00:00:00,7275.54,
7316,7316,Credit Card,Success,2279.43,2026-04-25 00:00:00,119.97,NEWUSER
7317,7317,Debit Card,Success,1200.66,2025-09-27 01:00:00,133.41,FEST20
7318,7318,UPI,Success,1064.93,2025-06-08 04:00:00,0.0,FEST20
7319,7319,Net Banking,Success,8267.69,2026-02-01 05:00:00,1459.01,FEST20
7320,7320,UPI,Success,59448.88,2025-10-16 05:00:00,3128.89,SAVE15
7321,7321,Cash on Delivery,Success,1041.4,2026-01-16 03:00:00,260.35,SAVE15
7322,7322,EMI,Success,1844.38,2026-06-11 04:00:00,0.0,SAVE15
7323,7323,Debit Card,Success,5280.08,2025-01-06 01:00:00,0.0,
7324,7324,Cash on Delivery,Success,13445.9,2025-08-09 01:00:00,707.68,WELCOME10
7325,7325,Cash on Delivery,Success,19669.9,2025-06-10 04:00:00,0.0,NEWUSER
7326,7326,Credit Card,Refunded,3872.27,2026-08-08 05:00:00,0.0,
7327,7327,UPI,Success,64306.45,2026-03-20 02:00:00,0.0,WELCOME10
7328,7328,Cash on Delivery,Success,43525.07,2026-02-20 05:00:00,7680.89,
7329,7329,Credit Card,Success,911.08,2026-04-28 01:00:00,47.95,WELCOME10
7330,7330,Cash on Delivery,Success,8205.91,2025-11-12 03:00:00,2051.48,
7331,7331,UPI,Success,11204.46,2025-03-21 00:00:00,2801.12,
7332,7332,Debit Card,Success,52509.14,2025-11-22 00:00:00,2763.64,
7333,7333,UPI,Success,24993.09,2025-07-03 03:00:00,0.0,SAVE15
7334,7334,Credit Card,Success,2180.62,2026-01-24 02:00:00,545.16,WELCOME10
7335,7335,UPI,Success,4079.21,2025-01-19 02:00:00,1019.8,
7336,7336,UPI,Success,4946.53,2025-10-27 05:00:00,260.34,WELCOME10
7337,7337,UPI,Success,2363.31,2024-05-03 01:00:00,0.0,
7338,7338,EMI,Success,1596.35,2025-09-18 00:00:00,281.71,
7339,7339,Credit Card,Success,9267.28,2026-01-06 03:00:00,0.0,WELCOME10
7340,7340,UPI,Success,60707.07,2025-08-31 01:00:00,0.0,FEST20
7341,7341,UPI,Success,5314.26,2025-12-08 05:00:00,0.0,NEWUSER
7342,7342,UPI,Success,844.04,2026-02-12 01:00:00,93.78,WELCOME10
7343,7343,UPI,Success,125655.84,2025-02-16 00:00:00,22174.56,NEWUSER
7344,7344,UPI,Success,4749.88,2025-12-22 05:00:00,0.0,WELCOME10
7345,7345,UPI,Success,4161.3,2024-05-17 04:00:00,462.37,
7346,7346,Credit Card,Success,24707.24,2026-04-19 04:00:00,2745.25,
7347,7347,Net Banking,Success,926.75,2026-02-26 05:00:00,231.69,SAVE15
7348,7348,UPI,Success,75829.78,2025-11-17 04:00:00,8425.53,WELCOME10
7349,7349,Cash on Delivery,Success,4872.83,2025-03-03 01:00:00,0.0,SAVE15
7350,7350,Credit Card,Success,1115.72,2026-04-24 04:00:00,196.89,WELCOME10
7351,7351,Credit Card,Success,19019.9,2025-01-07 03:00:00,3356.45,SAVE15
7352,7352,Credit Card,Success,781.03,2025-11-11 00:00:00,41.11,SAVE15
7353,7353,UPI,Success,70183.58,2024-04-26 02:00:00,7798.18,SAVE15
7354,7354,UPI,Success,329.84,2025-05-06 02:00:00,58.21,
7355,7355,Credit Card,Success,3847.19,2024-04-14 00:00:00,202.48,
7356,7356,Credit Card,Success,9514.02,2026-03-17 02:00:00,2378.5,
7357,7357,Cash on Delivery,Success,40194.63,2025-06-21 01:00:00,2115.51,FEST20
7358,7358,UPI,Success,1665.25,2026-08-17 00:00:00,185.03,
7359,7359,EMI,Success,158674.41,2025-07-27 01:00:00,17630.49,WELCOME10
7360,7360,Debit Card,Pending,10708.24,2025-10-02 04:00:00,0.0,
7361,7361,UPI,Success,123299.23,2025-04-25 01:00:00,21758.69,
7362,7362,Cash on Delivery,Success,1659.47,2026-04-11 04:00:00,87.34,
7363,7363,UPI,Refunded,2370.88,2025-06-23 03:00:00,263.43,FEST20
7364,7364,Cash on Delivery,Success,13095.77,2026-03-17 01:00:00,2311.02,
7365,7365,UPI,Success,6701.17,2026-02-18 01:00:00,744.58,FEST20
7366,7366,UPI,Success,9536.61,2025-09-30 00:00:00,501.93,
7367,7367,Credit Card,Success,643.22,2025-11-18 03:00:00,0.0,WELCOME10
7368,7368,UPI,Success,9216.38,2025-01-31 00:00:00,1626.42,SAVE15
7369,7369,UPI,Success,909.63,2026-04-21 00:00:00,227.41,WELCOME10
7370,7370,Net Banking,Success,283.06,2026-01-08 04:00:00,0.0,
7371,7371,Credit Card,Success,203.65,2025-02-14 00:00:00,35.94,WELCOME10
7372,7372,Cash on Delivery,Success,79964.8,2026-06-07 05:00:00,0.0,NEWUSER
7373,7373,Cash on Delivery,Success,5312.93,2026-05-01 02:00:00,279.63,NEWUSER
7374,7374,Cash on Delivery,Success,729.33,2026-04-07 05:00:00,128.71,FEST20
7375,7375,Cash on Delivery,Success,3269.16,2024-08-25 04:00:00,363.24,WELCOME10
7376,7376,Credit Card,Success,290.66,2025-10-18 04:00:00,72.66,WELCOME10
7377,7377,Credit Card,Success,3526.82,2025-07-24 01:00:00,881.71,
7378,7378,Cash on Delivery,Success,23955.76,2026-02-09 03:00:00,1260.83,
7379,7379,Cash on Delivery,Success,13192.36,2025-06-18 05:00:00,0.0,FEST20
7380,7380,Debit Card,Success,18038.41,2025-12-22 01:00:00,0.0,SAVE15
7381,7381,Credit Card,Success,4218.14,2026-07-28 00:00:00,1054.54,WELCOME10
7382,7382,UPI,Success,1459.71,2024-04-09 05:00:00,257.6,NEWUSER
7383,7383,Net Banking,Success,718.56,2025-10-21 04:00:00,37.82,
7384,7384,Cash on Delivery,Success,1985.88,2025-12-11 04:00:00,104.52,
7385,7385,Cash on Delivery,Success,1089.22,2026-02-18 00:00:00,192.22,FEST20
7386,7386,UPI,Success,793.71,2025-12-22 01:00:00,0.0,
7387,7387,Cash on Delivery,Success,7931.12,2025-03-07 04:00:00,1399.61,
7388,7388,Debit Card,Success,86799.38,2026-03-01 00:00:00,9644.38,
7389,7389,EMI,Refunded,3932.45,2025-06-07 05:00:00,693.96,
7390,7390,Net Banking,Success,4718.66,2025-08-11 03:00:00,524.3,
7391,7391,Credit Card,Refunded,1802.24,2025-09-07 02:00:00,0.0,SAVE15
7392,7392,UPI,Success,1047.32,2025-04-22 04:00:00,116.37,WELCOME10
7393,7393,UPI,Success,795.51,2026-07-17 02:00:00,140.38,WELCOME10
7394,7394,UPI,Success,16061.6,2025-04-15 05:00:00,0.0,
7395,7395,Credit Card,Success,1978.02,2026-04-18 02:00:00,104.11,NEWUSER
7396,7396,Cash on Delivery,Success,4057.51,2024-10-18 03:00:00,1014.38,
7397,7397,Cash on Delivery,Success,57295.41,2024-07-15 03:00:00,10110.95,
7398,7398,Cash on Delivery,Not Applicable,5010.96,2026-01-16 03:00:00,884.29,FEST20
7399,7399,UPI,Success,1500.7,2025-04-14 02:00:00,375.18,
7400,7400,UPI,Success,66840.37,2024-10-19 01:00:00,3517.91,SAVE15
7401,7401,Cash on Delivery,Success,4718.89,2025-09-04 02:00:00,832.74,
7402,7402,Cash on Delivery,Success,4576.8,2025-10-22 04:00:00,240.88,
7403,7403,UPI,Refunded,1441.75,2025-05-09 00:00:00,160.19,
7404,7404,Debit Card,Success,8910.08,2025-03-06 01:00:00,990.01,FEST20
7405,7405,Cash on Delivery,Success,561.66,2025-11-07 03:00:00,0.0,
7406,7406,Credit Card,Success,3979.77,2026-03-05 00:00:00,702.31,
7407,7407,UPI,Success,1739.52,2025-10-08 05:00:00,434.88,
7408,7408,UPI,Refunded,62576.85,2025-08-17 00:00:00,11042.97,
7409,7409,UPI,Success,440.66,2025-05-21 00:00:00,110.17,WELCOME10
7410,7410,UPI,Success,3298.4,2025-07-31 00:00:00,366.49,FEST20
7411,7411,Credit Card,Refunded,3162.0,2024-12-26 03:00:00,558.0,
7412,7412,Credit Card,Success,2208.69,2026-04-25 05:00:00,245.41,WELCOME10
7413,7413,UPI,Success,61939.72,2025-03-10 04:00:00,0.0,SAVE15
7414,7414,UPI,Success,2756.96,2026-01-09 01:00:00,0.0,NEWUSER
7415,7415,UPI,Success,1077.3,2025-06-25 05:00:00,269.33,NEWUSER
7416,7416,Credit Card,Success,222.88,2025-12-18 02:00:00,24.77,FEST20
7417,7417,UPI,Success,3227.83,2025-08-26 04:00:00,358.65,FEST20
7418,7418,UPI,Success,1774.1,2024-03-21 04:00:00,313.08,
7419,7419,UPI,Success,2930.76,2026-06-19 02:00:00,732.69,FEST20
7420,7420,Cash on Delivery,Success,1532.77,2026-05-19 04:00:00,383.19,NEWUSER
7421,7421,UPI,Success,7745.08,2026-08-17 01:00:00,407.64,NEWUSER
7422,7422,Cash on Delivery,Success,6352.65,2026-02-10 00:00:00,334.35,SAVE15
7423,7423,Cash on Delivery,Success,1436.76,2024-12-20 02:00:00,0.0,WELCOME10
7424,7424,Debit Card,Success,8968.65,2026-03-26 02:00:00,996.52,FEST20
7425,7425,UPI,Success,7764.98,2024-09-09 03:00:00,862.78,
7426,7426,Debit Card,Success,2126.56,2024-11-24 04:00:00,236.28,
7427,7427,UPI,Success,516.24,2025-10-18 05:00:00,0.0,NEWUSER
7428,7428,UPI,Success,493.65,2026-04-21 00:00:00,25.98,FEST20
7429,7429,Cash on Delivery,Success,4254.75,2025-09-05 03:00:00,0.0,
7430,7430,UPI,Success,1931.98,2025-03-31 00:00:00,483.0,SAVE15
7431,7431,Credit Card,Success,3495.47,2024-12-14 05:00:00,616.85,FEST20
7432,7432,Credit Card,Success,1393.78,2026-03-06 03:00:00,348.45,FEST20
7433,7433,Cash on Delivery,Success,1216.47,2026-02-08 01:00:00,64.03,SAVE15
7434,7434,UPI,Success,1321.02,2026-05-10 03:00:00,69.53,
7435,7435,Cash on Delivery,Success,17061.01,2026-02-09 04:00:00,897.95,NEWUSER
7436,7436,UPI,Success,1764.31,2025-12-16 01:00:00,311.35,
7437,7437,Debit Card,Success,2345.51,2025-04-05 03:00:00,260.61,WELCOME10
7438,7438,UPI,Success,13795.52,2026-03-29 01:00:00,2434.5,WELCOME10
7439,7439,EMI,Success,44383.43,2026-04-26 04:00:00,0.0,NEWUSER
7440,7440,UPI,Success,611.2,2026-03-29 03:00:00,0.0,SAVE15
7441,7441,Net Banking,Success,55887.36,2026-02-19 05:00:00,9862.47,SAVE15
7442,7442,EMI,Success,3062.03,2025-05-20 02:00:00,0.0,WELCOME10
7443,7443,Debit Card,Success,13019.74,2025-05-28 00:00:00,2297.6,WELCOME10
7444,7444,UPI,Success,235.51,2025-12-11 05:00:00,0.0,
7445,7445,Debit Card,Success,719.83,2026-03-18 00:00:00,179.96,
7446,7446,Debit Card,Success,6452.55,2024-10-02 03:00:00,1138.68,
7447,7447,Cash on Delivery,Not Applicable,25457.86,2025-08-21 01:00:00,1339.89,WELCOME10
7448,7448,EMI,Success,77911.36,2026-02-25 05:00:00,0.0,WELCOME10
7449,7449,Cash on Delivery,Success,17415.6,2025-01-16 04:00:00,0.0,
7450,7450,UPI,Success,1200.71,2026-01-19 01:00:00,300.18,
7451,7451,Credit Card,Success,1291.06,2024-04-16 04:00:00,67.95,SAVE15
7452,7452,UPI,Success,48750.9,2025-12-19 02:00:00,2565.84,NEWUSER
7453,7453,UPI,Success,146.88,2026-05-17 05:00:00,0.0,SAVE15
7454,7454,Credit Card,Refunded,1490.97,2024-03-07 02:00:00,372.74,SAVE15
7455,7455,Net Banking,Success,571.27,2026-04-29 01:00:00,142.82,WELCOME10
7456,7456,Net Banking,Success,1499.84,2026-06-05 01:00:00,78.94,
7457,7457,EMI,Success,376.07,2025-03-05 00:00:00,66.36,SAVE15
7458,7458,Net Banking,Success,10997.24,2025-10-30 04:00:00,0.0,NEWUSER
7459,7459,Credit Card,Refunded,6686.96,2026-03-17 05:00:00,351.94,
7460,7460,UPI,Success,39758.12,2025-12-07 00:00:00,0.0,
7461,7461,Debit Card,Success,4656.88,2025-08-08 01:00:00,517.43,
7462,7462,Cash on Delivery,Not Applicable,10602.99,2026-02-12 02:00:00,1871.12,FEST20
7463,7463,UPI,Success,2475.87,2025-11-16 03:00:00,618.97,
7464,7464,Debit Card,Success,9437.65,2026-06-13 05:00:00,0.0,
7465,7465,Debit Card,Success,2845.54,2025-01-28 02:00:00,711.38,FEST20
7466,7466,UPI,Success,696.21,2026-08-01 02:00:00,36.64,NEWUSER
7467,7467,Cash on Delivery,Success,76837.64,2026-08-17 02:00:00,0.0,
7468,7468,Cash on Delivery,Success,12575.38,2025-11-04 03:00:00,661.86,NEWUSER
7469,7469,UPI,Success,528.56,2026-05-18 03:00:00,27.82,
7470,7470,Net Banking,Success,6517.53,2025-05-12 04:00:00,724.17,
7471,7471,UPI,Success,669.02,2026-06-04 03:00:00,0.0,FEST20
7472,7472,UPI,Success,5178.26,2026-08-17 01:00:00,272.54,SAVE15
7473,7473,Credit Card,Success,7700.26,2024-11-24 04:00:00,1925.07,FEST20
7474,7474,UPI,Success,3750.35,2025-05-16 04:00:00,0.0,
7475,7475,Credit Card,Success,7464.98,2026-08-17 01:00:00,829.44,
7476,7476,Debit Card,Success,693.08,2026-07-01 03:00:00,173.27,SAVE15
7477,7477,Credit Card,Success,6040.51,2026-04-15 02:00:00,1510.13,WELCOME10
7478,7478,Credit Card,Success,3792.62,2026-02-08 00:00:00,0.0,FEST20
7479,7479,Debit Card,Success,898.36,2024-05-04 05:00:00,99.82,NEWUSER
7480,7480,Credit Card,Success,762.85,2026-04-01 05:00:00,0.0,SAVE15
7481,7481,Cash on Delivery,Success,4206.14,2024-03-01 00:00:00,221.38,
7482,7482,UPI,Success,31629.06,2025-03-04 02:00:00,7907.26,FEST20
7483,7483,Debit Card,Success,696.44,2025-10-18 02:00:00,0.0,
7484,7484,Debit Card,Success,118288.74,2026-02-28 01:00:00,29572.18,FEST20
7485,7485,Credit Card,Success,88839.74,2026-03-15 00:00:00,0.0,NEWUSER
7486,7486,UPI,Success,480.69,2025-04-15 03:00:00,53.41,SAVE15
7487,7487,Credit Card,Success,1603.86,2025-12-04 02:00:00,84.41,NEWUSER
7488,7488,UPI,Success,1977.57,2024-08-21 05:00:00,494.39,
7489,7489,Credit Card,Success,681.11,2025-11-14 05:00:00,0.0,
7490,7490,UPI,Success,2231.82,2026-03-19 02:00:00,117.46,NEWUSER
7491,7491,Cash on Delivery,Success,1889.16,2025-05-29 04:00:00,0.0,WELCOME10
7492,7492,Cash on Delivery,Success,522.21,2024-11-24 02:00:00,58.02,SAVE15
7493,7493,Debit Card,Success,4376.75,2025-07-02 01:00:00,486.31,
7494,7494,UPI,Success,36815.67,2025-10-18 00:00:00,9203.92,NEWUSER
7495,7495,UPI,Refunded,30588.78,2026-04-15 01:00:00,5398.02,
7496,7496,Credit Card,Refunded,7985.21,2024-10-26 04:00:00,1409.15,FEST20
7497,7497,Debit Card,Refunded,3731.69,2025-08-04 04:00:00,196.4,
7498,7498,Net Banking,Success,4008.43,2026-02-11 01:00:00,707.37,
7499,7499,Credit Card,Success,2665.53,2025-05-05 03:00:00,470.39,
7500,7500,Net Banking,Success,138.11,2025-06-12 03:00:00,0.0,WELCOME10
7501,7501,Credit Card,Success,42968.54,2024-12-01 00:00:00,2261.5,
7502,7502,UPI,Success,45574.75,2025-09-07 00:00:00,0.0,
7503,7503,Credit Card,Success,71082.56,2024-08-06 05:00:00,7898.06,
7504,7504,Credit Card,Success,3505.26,2026-02-27 02:00:00,184.49,
7505,7505,Credit Card,Success,17390.36,2025-10-03 02:00:00,915.28,
7506,7506,Cash on Delivery,Success,811.03,2026-01-20 05:00:00,0.0,SAVE15
7507,7507,Credit Card,Success,2489.53,2026-03-22 01:00:00,0.0,NEWUSER
7508,7508,Cash on Delivery,Success,2382.85,2025-05-29 00:00:00,0.0,WELCOME10
7509,7509,Credit Card,Success,458.52,2026-04-18 04:00:00,24.13,WELCOME10
7510,7510,Credit Card,Success,2304.06,2025-12-02 02:00:00,576.01,SAVE15
7511,7511,Credit Card,Success,15835.35,2025-06-19 00:00:00,2794.47,SAVE15
7512,7512,Cash on Delivery,Success,4983.22,2024-07-08 04:00:00,262.27,WELCOME10
7513,7513,Credit Card,Success,132634.14,2025-11-23 02:00:00,23406.02,FEST20
7514,7514,UPI,Success,965.73,2026-03-27 05:00:00,0.0,
7515,7515,Credit Card,Success,1426.11,2026-02-07 02:00:00,0.0,
7516,7516,Credit Card,Refunded,3795.59,2025-11-29 05:00:00,421.73,SAVE15
7517,7517,UPI,Success,4888.15,2026-02-01 05:00:00,1222.04,FEST20
7518,7518,UPI,Success,1784.67,2026-02-12 02:00:00,0.0,WELCOME10
7519,7519,Credit Card,Success,1021.22,2026-01-31 03:00:00,0.0,WELCOME10
7520,7520,Debit Card,Success,3534.01,2025-03-10 02:00:00,0.0,NEWUSER
7521,7521,Debit Card,Success,3439.16,2026-02-09 02:00:00,859.79,FEST20
7522,7522,UPI,Success,6886.89,2026-02-14 00:00:00,1721.72,NEWUSER
7523,7523,Cash on Delivery,Success,7613.66,2026-04-05 00:00:00,0.0,FEST20
7524,7524,Net Banking,Refunded,3231.49,2026-07-13 04:00:00,359.06,
7525,7525,UPI,Success,687.21,2025-01-07 02:00:00,76.36,NEWUSER
7526,7526,Cash on Delivery,Success,350380.52,2025-04-13 03:00:00,0.0,FEST20
7527,7527,Credit Card,Success,46180.34,2026-01-10 01:00:00,11545.09,
7528,7528,Cash on Delivery,Success,300882.18,2025-09-27 04:00:00,53096.86,NEWUSER
7529,7529,Net Banking,Refunded,638.88,2025-10-19 01:00:00,159.72,WELCOME10
7530,7530,Debit Card,Success,952.29,2025-10-19 04:00:00,0.0,
7531,7531,Cash on Delivery,Success,4055.07,2025-11-29 04:00:00,213.42,NEWUSER
7532,7532,UPI,Success,34230.53,2025-12-30 02:00:00,3803.39,
7533,7533,Cash on Delivery,Success,301.36,2025-04-02 03:00:00,0.0,
7534,7534,UPI,Success,812.36,2026-02-20 02:00:00,90.26,
7535,7535,UPI,Success,1295.78,2026-03-29 00:00:00,0.0,NEWUSER
7536,7536,Cash on Delivery,Success,844.85,2026-02-06 05:00:00,0.0,
7537,7537,UPI,Success,78584.46,2025-04-25 00:00:00,8731.61,WELCOME10
7538,7538,UPI,Success,2414.28,2025-10-27 00:00:00,0.0,
7539,7539,UPI,Success,1580.26,2025-04-30 03:00:00,175.58,WELCOME10
7540,7540,EMI,Success,1145.04,2024-07-03 00:00:00,0.0,SAVE15
7541,7541,Cash on Delivery,Not Applicable,2483.41,2024-10-13 05:00:00,0.0,
7542,7542,Cash on Delivery,Not Applicable,3482.88,2026-07-07 01:00:00,183.31,FEST20
7543,7543,Credit Card,Success,14165.56,2026-03-19 04:00:00,0.0,WELCOME10
7544,7544,Cash on Delivery,Success,202.54,2025-09-26 01:00:00,22.5,
7545,7545,UPI,Success,38746.27,2026-07-10 01:00:00,4305.14,
7546,7546,UPI,Refunded,11274.54,2026-04-04 03:00:00,593.4,
7547,7547,UPI,Success,564.16,2025-04-17 04:00:00,141.04,NEWUSER
7548,7548,Credit Card,Success,1528.46,2026-05-22 01:00:00,0.0,NEWUSER
7549,7549,Debit Card,Success,28732.1,2026-01-05 01:00:00,3192.46,FEST20
7550,7550,UPI,Success,10854.03,2024-12-26 00:00:00,2713.51,
7551,7551,Debit Card,Success,334.72,2024-11-15 03:00:00,0.0,FEST20
7552,7552,Credit Card,Success,6534.67,2026-03-04 05:00:00,0.0,NEWUSER
7553,7553,UPI,Success,69149.83,2025-09-22 05:00:00,3639.47,
7554,7554,Cash on Delivery,Not Applicable,2800.02,2026-03-23 00:00:00,700.01,
7555,7555,Debit Card,Success,816.08,2025-01-17 03:00:00,0.0,
7556,7556,Cash on Delivery,Success,675.38,2025-09-02 04:00:00,119.18,SAVE15
7557,7557,Cash on Delivery,Success,43952.7,2026-08-17 01:00:00,7756.36,NEWUSER
7558,7558,UPI,Success,75144.49,2025-12-30 02:00:00,0.0,
7559,7559,UPI,Success,3123.93,2026-05-03 02:00:00,0.0,FEST20
7560,7560,Credit Card,Success,1885.47,2025-04-15 01:00:00,209.5,NEWUSER
7561,7561,UPI,Success,3930.69,2025-10-19 02:00:00,436.74,
7562,7562,UPI,Success,11308.63,2026-01-24 02:00:00,1256.52,FEST20
7563,7563,EMI,Success,3005.54,2025-12-29 02:00:00,0.0,
7564,7564,Cash on Delivery,Success,7951.92,2026-04-26 02:00:00,1987.98,WELCOME10
7565,7565,UPI,Refunded,5772.23,2025-12-30 02:00:00,1018.63,WELCOME10
7566,7566,Net Banking,Success,1958.72,2025-03-08 03:00:00,0.0,SAVE15
7567,7567,UPI,Success,8848.93,2026-01-28 03:00:00,983.21,
7568,7568,Cash on Delivery,Success,1722.58,2025-02-14 05:00:00,191.4,WELCOME10
7569,7569,UPI,Success,444.79,2025-10-02 05:00:00,111.2,
7570,7570,UPI,Success,1481.8,2026-08-01 04:00:00,77.99,
7571,7571,Credit Card,Success,742.07,2025-07-26 02:00:00,130.95,
7572,7572,UPI,Success,8799.76,2025-10-20 04:00:00,463.15,
7573,7573,UPI,Success,486.0,2026-07-25 01:00:00,121.5,
7574,7574,UPI,Success,4028.88,2026-06-02 04:00:00,710.98,
7575,7575,Credit Card,Success,13231.01,2025-07-02 03:00:00,1470.11,NEWUSER
7576,7576,UPI,Success,37651.96,2024-01-13 02:00:00,0.0,FEST20
7577,7577,Debit Card,Success,9846.28,2025-01-06 02:00:00,518.23,NEWUSER
7578,7578,UPI,Success,2798.74,2025-06-08 04:00:00,0.0,
7579,7579,UPI,Refunded,284.71,2025-11-08 04:00:00,71.18,NEWUSER
7580,7580,UPI,Success,363.92,2025-05-17 01:00:00,90.98,FEST20
7581,7581,UPI,Success,678.47,2026-03-07 00:00:00,0.0,
7582,7582,Debit Card,Success,3285.22,2026-08-01 02:00:00,821.3,
7583,7583,UPI,Success,2272.65,2026-05-22 03:00:00,0.0,
7584,7584,Credit Card,Success,1082.6,2026-08-11 03:00:00,270.65,
7585,7585,UPI,Success,5940.46,2026-07-05 04:00:00,660.05,NEWUSER
7586,7586,Debit Card,Success,2123.62,2024-12-15 00:00:00,0.0,FEST20
7587,7587,UPI,Success,944.26,2025-01-26 00:00:00,166.63,NEWUSER
7588,7588,Debit Card,Success,263.26,2025-06-30 01:00:00,0.0,WELCOME10
7589,7589,UPI,Success,3654.04,2025-10-28 00:00:00,406.01,NEWUSER
7590,7590,Debit Card,Success,1155.47,2025-01-30 04:00:00,128.38,WELCOME10
7591,7591,UPI,Success,8357.26,2024-06-17 01:00:00,2089.31,SAVE15
7592,7592,UPI,Success,3605.52,2025-12-19 03:00:00,189.76,WELCOME10
7593,7593,Debit Card,Success,10034.0,2025-09-22 05:00:00,0.0,
7594,7594,Credit Card,Success,2893.59,2026-06-02 00:00:00,321.51,
7595,7595,Debit Card,Success,1379.75,2025-12-12 05:00:00,243.48,WELCOME10
7596,7596,UPI,Success,7439.28,2024-07-27 05:00:00,1859.82,WELCOME10
7597,7597,Credit Card,Success,2592.77,2025-07-27 05:00:00,288.09,
7598,7598,EMI,Success,359.32,2026-03-08 00:00:00,39.93,NEWUSER
7599,7599,EMI,Refunded,992.63,2025-10-03 00:00:00,110.29,FEST20
7600,7600,Cash on Delivery,Success,634.78,2024-10-15 00:00:00,0.0,WELCOME10
7601,7601,Credit Card,Success,603.38,2025-04-05 01:00:00,106.48,WELCOME10
7602,7602,UPI,Success,5474.86,2025-12-27 02:00:00,608.32,
7603,7603,UPI,Success,159.5,2026-03-06 00:00:00,17.72,SAVE15
7604,7604,Debit Card,Success,8531.04,2025-01-08 01:00:00,0.0,WELCOME10
7605,7605,Cash on Delivery,Not Applicable,4494.22,2026-03-30 02:00:00,0.0,SAVE15
7606,7606,Credit Card,Success,2209.41,2025-06-06 04:00:00,116.28,SAVE15
7607,7607,Credit Card,Success,77125.53,2025-02-20 04:00:00,0.0,FEST20
7608,7608,UPI,Success,5210.76,2024-12-16 03:00:00,0.0,
7609,7609,Credit Card,Success,1679.33,2025-08-29 00:00:00,0.0,
7610,7610,Credit Card,Success,4310.49,2026-03-16 04:00:00,478.94,
7611,7611,Cash on Delivery,Success,1916.72,2025-04-12 03:00:00,0.0,WELCOME10
7612,7612,Cash on Delivery,Success,82424.9,2026-05-26 02:00:00,4338.15,
7613,7613,Cash on Delivery,Success,11957.67,2025-12-03 03:00:00,0.0,FEST20
7614,7614,UPI,Success,20648.37,2026-07-11 03:00:00,1086.76,SAVE15
7615,7615,EMI,Success,843.73,2025-07-23 02:00:00,210.93,
7616,7616,UPI,Success,985.16,2026-01-23 01:00:00,0.0,
7617,7617,Credit Card,Success,3311.71,2025-08-15 00:00:00,367.97,
7618,7618,Credit Card,Success,3102.13,2026-06-08 01:00:00,775.53,NEWUSER
7619,7619,Credit Card,Success,8206.86,2025-03-24 00:00:00,0.0,NEWUSER
7620,7620,UPI,Success,821.88,2026-04-02 01:00:00,0.0,SAVE15
7621,7621,Cash on Delivery,Success,549.97,2026-04-15 04:00:00,0.0,
7622,7622,Credit Card,Success,21509.47,2026-08-02 04:00:00,0.0,WELCOME10
7623,7623,UPI,Success,2510.1,2026-05-28 01:00:00,0.0,NEWUSER
7624,7624,Debit Card,Success,660.42,2023-12-01 04:00:00,116.55,
7625,7625,Debit Card,Success,6116.32,2025-12-22 03:00:00,0.0,
7626,7626,Credit Card,Success,7159.12,2025-11-08 00:00:00,0.0,FEST20
7627,7627,UPI,Success,2109.87,2026-07-23 05:00:00,372.33,WELCOME10
7628,7628,UPI,Success,584.68,2025-10-21 00:00:00,64.96,SAVE15
7629,7629,Cash on Delivery,Success,776.32,2025-05-09 00:00:00,137.0,SAVE15
7630,7630,Debit Card,Success,914.53,2024-12-16 05:00:00,228.63,FEST20
7631,7631,Cash on Delivery,Success,5378.5,2024-11-30 02:00:00,949.15,
7632,7632,Credit Card,Success,144430.27,2025-12-09 03:00:00,16047.81,NEWUSER
7633,7633,Credit Card,Success,2070.88,2025-01-01 02:00:00,230.1,FEST20
7634,7634,Debit Card,Success,12556.92,2025-04-03 01:00:00,0.0,
7635,7635,Net Banking,Success,865.71,2025-11-18 02:00:00,152.77,NEWUSER
7636,7636,Debit Card,Success,157.55,2025-03-19 03:00:00,0.0,NEWUSER
7637,7637,Cash on Delivery,Success,241231.5,2026-06-28 01:00:00,0.0,
7638,7638,Credit Card,Success,2210.04,2026-02-22 05:00:00,245.56,SAVE15
7639,7639,Debit Card,Success,3783.57,2025-08-17 01:00:00,0.0,SAVE15
7640,7640,Credit Card,Success,9005.38,2026-04-25 03:00:00,1589.18,
7641,7641,UPI,Success,1809.63,2025-05-15 05:00:00,319.35,NEWUSER
7642,7642,UPI,Success,40667.42,2026-08-10 05:00:00,0.0,
7643,7643,UPI,Success,642.01,2025-09-15 02:00:00,160.5,
7644,7644,Debit Card,Success,1899.66,2025-08-25 04:00:00,474.92,
7645,7645,UPI,Success,1158.8,2026-02-08 01:00:00,128.76,SAVE15
7646,7646,Credit Card,Success,1949.63,2026-01-02 03:00:00,216.63,WELCOME10
7647,7647,UPI,Refunded,1200.55,2026-02-04 02:00:00,133.4,SAVE15
7648,7648,Credit Card,Success,280.06,2025-05-05 04:00:00,49.42,WELCOME10
7649,7649,Cash on Delivery,Success,8052.66,2025-07-03 05:00:00,0.0,SAVE15
7650,7650,UPI,Refunded,299.66,2025-08-10 01:00:00,33.3,NEWUSER
7651,7651,UPI,Success,4966.3,2025-09-09 03:00:00,0.0,NEWUSER
7652,7652,EMI,Success,798.58,2024-04-18 05:00:00,140.92,
7653,7653,UPI,Success,2480.91,2026-01-23 03:00:00,0.0,FEST20
7654,7654,Net Banking,Success,832.47,2024-10-10 05:00:00,92.5,
7655,7655,Credit Card,Success,1022.63,2025-12-19 02:00:00,53.82,
7656,7656,Cash on Delivery,Success,40925.13,2025-11-12 02:00:00,0.0,WELCOME10
7657,7657,Net Banking,Success,9944.44,2025-11-26 03:00:00,1104.94,
7658,7658,EMI,Success,3672.04,2026-03-16 04:00:00,408.0,
7659,7659,Credit Card,Success,16319.48,2025-03-06 03:00:00,858.92,
7660,7660,UPI,Success,355.15,2025-08-07 02:00:00,0.0,SAVE15
7661,7661,Credit Card,Refunded,87350.44,2026-04-06 02:00:00,0.0,FEST20
7662,7662,Debit Card,Success,73576.49,2025-01-17 00:00:00,18394.12,SAVE15
7663,7663,Cash on Delivery,Success,9045.22,2025-09-18 02:00:00,1005.02,NEWUSER
7664,7664,UPI,Success,14565.24,2025-06-02 05:00:00,0.0,NEWUSER
7665,7665,UPI,Refunded,41497.96,2026-05-14 05:00:00,0.0,SAVE15
7666,7666,Debit Card,Success,1066.38,2025-07-29 00:00:00,0.0,
7667,7667,UPI,Success,840.19,2026-03-03 02:00:00,210.05,
7668,7668,EMI,Success,531.73,2026-06-13 03:00:00,0.0,FEST20
7669,7669,Debit Card,Success,7951.29,2026-04-06 04:00:00,1987.82,NEWUSER
7670,7670,UPI,Success,3746.33,2026-02-03 01:00:00,197.18,
7671,7671,UPI,Success,1594.67,2026-02-04 04:00:00,281.41,
7672,7672,EMI,Success,2026.76,2026-07-09 05:00:00,0.0,NEWUSER
7673,7673,Credit Card,Success,13723.01,2026-06-10 00:00:00,722.26,
7674,7674,Cash on Delivery,Success,1309.21,2026-07-26 01:00:00,68.91,
7675,7675,Credit Card,Success,7481.84,2026-02-26 05:00:00,0.0,
7676,7676,Credit Card,Success,20749.15,2025-11-12 05:00:00,3661.61,
7677,7677,Credit Card,Refunded,1043.21,2024-03-17 04:00:00,260.8,
7678,7678,UPI,Success,5125.87,2025-10-25 03:00:00,269.78,
7679,7679,Credit Card,Refunded,1067.57,2026-06-04 04:00:00,188.39,WELCOME10
7680,7680,Cash on Delivery,Success,666.19,2025-08-31 04:00:00,0.0,FEST20
7681,7681,UPI,Success,4157.92,2026-08-16 01:00:00,218.84,FEST20
7682,7682,EMI,Success,2507.5,2026-03-04 04:00:00,0.0,SAVE15
7683,7683,Cash on Delivery,Success,2952.31,2025-08-30 02:00:00,328.04,WELCOME10
7684,7684,Credit Card,Success,2121.88,2024-12-05 00:00:00,111.68,FEST20
7685,7685,Debit Card,Success,9411.87,2026-01-27 05:00:00,0.0,SAVE15
7686,7686,UPI,Success,42397.55,2025-06-12 01:00:00,0.0,NEWUSER
7687,7687,UPI,Refunded,401.6,2026-08-17 04:00:00,0.0,FEST20
7688,7688,Cash on Delivery,Success,346.51,2025-07-05 03:00:00,38.5,FEST20
7689,7689,EMI,Success,6716.99,2026-03-27 04:00:00,1185.35,FEST20
7690,7690,UPI,Success,287.76,2025-12-17 01:00:00,50.78,
7691,7691,UPI,Success,14847.73,2026-03-24 02:00:00,781.46,
7692,7692,Cash on Delivery,Success,9880.11,2024-09-12 00:00:00,1097.79,FEST20
7693,7693,EMI,Success,4138.65,2026-03-24 04:00:00,0.0,SAVE15
7694,7694,UPI,Success,2264.71,2026-05-30 02:00:00,251.63,FEST20
7695,7695,Debit Card,Success,1022.0,2025-12-22 03:00:00,255.5,FEST20
7696,7696,UPI,Success,3946.02,2025-09-01 00:00:00,207.69,WELCOME10
7697,7697,Debit Card,Success,19265.02,2026-06-17 05:00:00,0.0,
7698,7698,Credit Card,Success,3792.53,2024-06-05 05:00:00,669.27,
7699,7699,Net Banking,Refunded,4514.53,2026-07-31 03:00:00,237.61,
7700,7700,Cash on Delivery,Success,9498.3,2025-10-17 04:00:00,0.0,WELCOME10
7701,7701,Cash on Delivery,Success,3719.17,2025-08-06 04:00:00,0.0,
7702,7702,Debit Card,Success,1207.29,2025-12-05 00:00:00,0.0,
7703,7703,UPI,Success,5251.6,2026-02-01 04:00:00,0.0,
7704,7704,Credit Card,Success,1001.38,2026-04-21 01:00:00,250.34,WELCOME10
7705,7705,Debit Card,Refunded,152.19,2026-02-11 02:00:00,26.86,FEST20
7706,7706,UPI,Success,1684.17,2026-05-15 03:00:00,187.13,FEST20
7707,7707,UPI,Success,3390.08,2026-02-20 01:00:00,376.68,
7708,7708,Debit Card,Success,5593.01,2024-10-20 04:00:00,1398.25,FEST20
7709,7709,Cash on Delivery,Success,2494.6,2026-03-24 00:00:00,131.3,WELCOME10
7710,7710,UPI,Success,2903.41,2024-12-07 01:00:00,0.0,
7711,7711,Debit Card,Success,325.8,2024-05-15 04:00:00,81.45,
7712,7712,UPI,Success,72642.5,2025-12-11 01:00:00,12819.26,SAVE15
7713,7713,Credit Card,Success,11112.41,2025-11-26 00:00:00,584.86,
7714,7714,Debit Card,Refunded,8906.6,2024-09-28 05:00:00,0.0,
7715,7715,Cash on Delivery,Not Applicable,523.15,2025-11-28 02:00:00,58.13,SAVE15
7716,7716,Credit Card,Success,370.09,2026-01-24 03:00:00,0.0,NEWUSER
7717,7717,UPI,Success,990.52,2024-07-29 00:00:00,247.63,SAVE15
7718,7718,UPI,Refunded,34866.95,2026-05-20 01:00:00,8716.74,FEST20
7719,7719,UPI,Success,4740.34,2025-04-25 02:00:00,0.0,SAVE15
7720,7720,UPI,Success,1293.34,2026-05-06 02:00:00,0.0,WELCOME10
7721,7721,UPI,Success,9023.42,2026-01-02 04:00:00,0.0,FEST20
7722,7722,Cash on Delivery,Success,4241.66,2024-11-19 00:00:00,0.0,
7723,7723,Debit Card,Success,864.87,2025-08-20 03:00:00,152.62,
7724,7724,UPI,Success,3329.2,2025-01-02 05:00:00,175.22,
7725,7725,UPI,Success,14858.72,2025-07-16 04:00:00,0.0,WELCOME10
7726,7726,Cash on Delivery,Success,6161.5,2026-01-27 04:00:00,1087.32,NEWUSER
7727,7727,UPI,Success,18418.82,2026-06-02 00:00:00,4604.7,NEWUSER
7728,7728,UPI,Success,1647.3,2025-10-22 01:00:00,86.7,
7729,7729,UPI,Success,1923.88,2026-02-01 02:00:00,0.0,
7730,7730,Credit Card,Success,4935.9,2025-07-02 00:00:00,0.0,NEWUSER
7731,7731,UPI,Success,2325.03,2024-05-13 03:00:00,0.0,SAVE15
7732,7732,Cash on Delivery,Success,4563.2,2025-03-01 05:00:00,240.17,SAVE15
7733,7733,UPI,Success,347.92,2026-03-16 05:00:00,0.0,FEST20
7734,7734,UPI,Success,5612.25,2026-02-11 00:00:00,1403.06,
7735,7735,UPI,Success,390.89,2025-08-31 00:00:00,0.0,SAVE15
7736,7736,UPI,Refunded,327001.44,2026-07-26 03:00:00,0.0,WELCOME10
7737,7737,EMI,Success,602.86,2026-05-24 00:00:00,0.0,FEST20
7738,7738,UPI,Success,865.71,2026-08-17 04:00:00,96.19,
7739,7739,Debit Card,Success,3202.92,2025-06-11 00:00:00,168.58,WELCOME10
7740,7740,Debit Card,Success,1421.23,2025-12-19 00:00:00,355.31,
7741,7741,Cash on Delivery,Success,210765.57,2026-05-14 03:00:00,11092.92,
7742,7742,Credit Card,Success,2751.84,2026-08-17 05:00:00,144.83,SAVE15
7743,7743,UPI,Success,60226.99,2026-07-31 05:00:00,0.0,NEWUSER
7744,7744,UPI,Success,590.24,2026-04-26 02:00:00,31.06,NEWUSER
7745,7745,UPI,Success,52783.57,2025-10-06 04:00:00,13195.89,
7746,7746,UPI,Success,10772.35,2026-04-16 02:00:00,566.97,
7747,7747,Net Banking,Success,1158.41,2026-05-31 01:00:00,0.0,WELCOME10
7748,7748,UPI,Success,2228.41,2025-10-30 04:00:00,0.0,NEWUSER
7749,7749,UPI,Success,731.64,2025-08-11 02:00:00,129.11,SAVE15
7750,7750,Debit Card,Success,4280.07,2025-09-11 02:00:00,0.0,FEST20
7751,7751,Debit Card,Success,1313.9,2026-06-19 02:00:00,231.86,
7752,7752,UPI,Success,890.3,2025-11-07 03:00:00,0.0,WELCOME10
7753,7753,UPI,Success,776.73,2026-02-19 03:00:00,40.88,WELCOME10
7754,7754,UPI,Success,247.85,2024-11-20 05:00:00,27.54,WELCOME10
7755,7755,Debit Card,Refunded,11249.89,2025-11-14 01:00:00,1249.99,SAVE15
7756,7756,Net Banking,Success,1877.44,2025-08-23 05:00:00,331.31,WELCOME10
7757,7757,Cash on Delivery,Success,2552.96,2024-02-11 05:00:00,283.66,
7758,7758,UPI,Success,721.84,2025-06-06 05:00:00,37.99,
7759,7759,Credit Card,Success,7611.57,2026-07-27 05:00:00,1902.89,FEST20
7760,7760,UPI,Success,7712.78,2026-02-22 02:00:00,856.98,WELCOME10
7761,7761,Credit Card,Pending,4059.59,2026-04-13 00:00:00,451.06,WELCOME10
7762,7762,UPI,Success,146.65,2026-02-16 04:00:00,0.0,WELCOME10
7763,7763,Cash on Delivery,Success,14673.06,2024-12-02 01:00:00,1630.34,
7764,7764,UPI,Success,4504.28,2025-07-12 01:00:00,500.48,FEST20
7765,7765,Net Banking,Success,120438.79,2026-05-03 04:00:00,13382.09,
7766,7766,UPI,Success,3002.76,2025-02-16 05:00:00,750.69,
7767,7767,UPI,Success,1293.96,2025-02-27 05:00:00,228.34,
7768,7768,EMI,Success,3165.43,2026-01-27 05:00:00,351.71,SAVE15
7769,7769,Credit Card,Success,2531.54,2025-04-26 04:00:00,632.88,FEST20
7770,7770,Cash on Delivery,Success,9702.93,2026-04-30 05:00:00,2425.73,WELCOME10
7771,7771,Cash on Delivery,Success,705.87,2026-02-06 00:00:00,0.0,FEST20
7772,7772,UPI,Success,70437.21,2026-08-07 05:00:00,0.0,WELCOME10
7773,7773,UPI,Success,4415.1,2026-03-16 03:00:00,779.13,
7774,7774,UPI,Success,1801.97,2025-09-22 02:00:00,450.49,FEST20
7775,7775,UPI,Success,1985.98,2025-07-24 00:00:00,104.53,WELCOME10
7776,7776,Debit Card,Success,1942.8,2026-07-13 05:00:00,0.0,FEST20
7777,7777,UPI,Success,888.04,2024-11-17 04:00:00,0.0,SAVE15
7778,7778,Net Banking,Success,742.64,2026-06-23 02:00:00,0.0,
7779,7779,Net Banking,Success,5014.12,2026-02-11 05:00:00,263.9,
7780,7780,Cash on Delivery,Success,3922.94,2025-07-27 00:00:00,0.0,WELCOME10
7781,7781,UPI,Success,2089.66,2025-12-28 01:00:00,368.76,FEST20
7782,7782,EMI,Success,18185.48,2025-03-03 03:00:00,0.0,
7783,7783,UPI,Success,4714.77,2024-05-05 00:00:00,832.02,
7784,7784,UPI,Success,831.47,2025-09-23 02:00:00,207.87,SAVE15
7785,7785,Debit Card,Refunded,855.03,2025-12-01 03:00:00,0.0,
7786,7786,Net Banking,Success,1166.32,2024-08-14 02:00:00,0.0,NEWUSER
7787,7787,Credit Card,Success,3066.9,2026-02-07 03:00:00,0.0,
7788,7788,Credit Card,Success,492.76,2026-06-02 02:00:00,0.0,SAVE15
7789,7789,UPI,Success,8626.72,2025-04-16 03:00:00,958.52,
7790,7790,UPI,Success,710.05,2025-01-27 00:00:00,0.0,
7791,7791,UPI,Success,798.47,2026-03-21 01:00:00,42.03,FEST20
7792,7792,UPI,Success,3705.34,2025-10-11 05:00:00,926.34,
7793,7793,Cash on Delivery,Success,1559.32,2025-09-19 05:00:00,275.18,NEWUSER
7794,7794,UPI,Success,5812.46,2025-12-21 02:00:00,1025.73,FEST20
7795,7795,EMI,Success,700.58,2026-06-05 01:00:00,77.84,NEWUSER
7796,7796,Credit Card,Success,42299.62,2026-05-10 00:00:00,7464.64,WELCOME10
7797,7797,UPI,Success,853.94,2025-08-03 00:00:00,44.94,
7798,7798,Debit Card,Success,891.61,2024-08-26 04:00:00,157.34,WELCOME10
7799,7799,Debit Card,Success,2717.12,2024-11-11 03:00:00,679.28,
7800,7800,Cash on Delivery,Success,354.44,2025-01-28 04:00:00,39.38,FEST20
7801,7801,Debit Card,Success,23128.22,2026-06-10 00:00:00,1217.27,
7802,7802,Credit Card,Refunded,2182.75,2026-04-01 00:00:00,0.0,
7803,7803,UPI,Success,1322.91,2024-08-06 03:00:00,146.99,
7804,7804,EMI,Success,2782.03,2025-02-27 00:00:00,309.12,WELCOME10
7805,7805,Credit Card,Success,3240.57,2025-12-27 05:00:00,0.0,FEST20
7806,7806,Net Banking,Success,1149.62,2024-10-19 05:00:00,0.0,WELCOME10
7807,7807,UPI,Refunded,57201.0,2026-08-17 01:00:00,0.0,
7808,7808,UPI,Success,3668.4,2024-11-29 00:00:00,0.0,NEWUSER
7809,7809,UPI,Success,2010.88,2024-12-08 03:00:00,0.0,NEWUSER
7810,7810,EMI,Success,17617.2,2026-03-05 04:00:00,4404.3,FEST20
7811,7811,Cash on Delivery,Pending,6084.96,2026-01-12 05:00:00,1073.82,WELCOME10
7812,7812,Cash on Delivery,Success,1680.33,2026-07-09 02:00:00,186.7,NEWUSER
7813,7813,Credit Card,Success,429.73,2026-01-10 05:00:00,0.0,NEWUSER
7814,7814,Cash on Delivery,Success,3899.6,2025-08-06 01:00:00,0.0,SAVE15
7815,7815,UPI,Success,10092.36,2026-05-07 04:00:00,1781.0,
7816,7816,EMI,Success,678.23,2025-11-27 00:00:00,0.0,
7817,7817,Debit Card,Success,1036.77,2025-02-22 03:00:00,54.57,
7818,7818,UPI,Success,11307.1,2025-05-05 05:00:00,0.0,FEST20
7819,7819,Cash on Delivery,Success,1563.35,2025-11-13 01:00:00,0.0,FEST20
7820,7820,UPI,Success,95197.1,2026-06-01 01:00:00,0.0,FEST20
7821,7821,Net Banking,Success,7499.66,2026-03-03 01:00:00,0.0,FEST20
7822,7822,Credit Card,Success,142310.25,2025-05-17 05:00:00,7490.01,SAVE15
7823,7823,Cash on Delivery,Success,1759.89,2026-05-14 00:00:00,92.63,FEST20
7824,7824,UPI,Success,1212.53,2026-06-28 02:00:00,303.13,WELCOME10
7825,7825,Credit Card,Success,494.03,2026-03-13 05:00:00,26.0,
7826,7826,Credit Card,Success,5406.88,2025-08-01 04:00:00,0.0,
7827,7827,Debit Card,Success,802.2,2025-08-24 03:00:00,0.0,SAVE15
7828,7828,UPI,Success,2642.66,2025-02-10 01:00:00,139.09,FEST20
7829,7829,UPI,Success,1019.93,2026-05-04 01:00:00,0.0,WELCOME10
7830,7830,EMI,Success,1614.36,2025-10-28 02:00:00,0.0,
7831,7831,Debit Card,Success,16389.44,2025-04-24 00:00:00,862.6,
7832,7832,Cash on Delivery,Success,11697.95,2026-03-16 00:00:00,0.0,FEST20
7833,7833,UPI,Success,6475.86,2026-03-06 02:00:00,0.0,SAVE15
7834,7834,UPI,Success,2825.77,2025-12-05 04:00:00,498.67,SAVE15
7835,7835,UPI,Success,9115.58,2025-07-23 01:00:00,1012.84,
7836,7836,Cash on Delivery,Success,60235.0,2026-01-30 02:00:00,10629.7,
7837,7837,Cash on Delivery,Success,34823.62,2025-10-09 02:00:00,8705.9,
7838,7838,UPI,Success,1328.82,2025-09-21 02:00:00,0.0,
7839,7839,Debit Card,Success,2643.11,2023-11-24 04:00:00,466.43,
7840,7840,Credit Card,Success,1249.79,2026-06-09 02:00:00,220.55,
7841,7841,Cash on Delivery,Success,1799.96,2025-05-11 02:00:00,94.74,NEWUSER
7842,7842,Net Banking,Success,8356.05,2026-05-01 02:00:00,1474.6,NEWUSER
7843,7843,Cash on Delivery,Success,4928.97,2025-01-02 00:00:00,0.0,WELCOME10
7844,7844,UPI,Success,5817.67,2025-12-05 02:00:00,1454.42,FEST20
7845,7845,UPI,Success,3334.92,2025-12-28 00:00:00,588.51,WELCOME10
7846,7846,Debit Card,Success,1751.27,2026-03-04 05:00:00,0.0,FEST20
7847,7847,UPI,Success,3770.24,2026-03-19 00:00:00,0.0,NEWUSER
7848,7848,EMI,Success,611.86,2025-03-16 05:00:00,32.2,SAVE15
7849,7849,UPI,Success,1890.58,2026-03-17 02:00:00,210.06,
7850,7850,UPI,Success,14340.5,2024-03-06 02:00:00,0.0,WELCOME10
7851,7851,Cash on Delivery,Success,6841.81,2025-09-18 04:00:00,360.1,
7852,7852,Net Banking,Success,4277.66,2025-12-08 00:00:00,0.0,NEWUSER
7853,7853,UPI,Success,2291.06,2025-09-28 01:00:00,572.77,SAVE15
7854,7854,Net Banking,Success,5216.22,2025-11-20 01:00:00,274.54,NEWUSER
7855,7855,Net Banking,Success,8433.5,2025-01-24 02:00:00,1488.26,NEWUSER
7856,7856,Cash on Delivery,Success,4098.39,2026-01-13 04:00:00,215.71,
7857,7857,Credit Card,Success,7732.62,2025-07-13 01:00:00,0.0,NEWUSER
7858,7858,Credit Card,Pending,7765.86,2026-02-06 05:00:00,0.0,SAVE15
7859,7859,Credit Card,Success,1129.27,2025-11-19 01:00:00,0.0,WELCOME10
7860,7860,Net Banking,Success,2400.66,2025-01-02 04:00:00,0.0,SAVE15
7861,7861,Debit Card,Success,1713.91,2025-06-16 05:00:00,302.46,
7862,7862,Credit Card,Success,5171.09,2024-07-16 04:00:00,272.16,SAVE15
7863,7863,UPI,Success,673.58,2026-05-16 03:00:00,0.0,NEWUSER
7864,7864,UPI,Success,3024.67,2025-01-14 03:00:00,533.76,WELCOME10
7865,7865,Cash on Delivery,Success,795.31,2025-10-24 03:00:00,41.86,
7866,7866,UPI,Success,5908.18,2026-05-12 04:00:00,0.0,
7867,7867,UPI,Success,632.58,2025-08-04 01:00:00,0.0,NEWUSER
7868,7868,Debit Card,Success,7153.51,2026-07-04 03:00:00,1262.38,NEWUSER
7869,7869,EMI,Refunded,12650.92,2025-12-11 00:00:00,0.0,WELCOME10
7870,7870,UPI,Success,532.87,2026-06-18 01:00:00,94.03,WELCOME10
7871,7871,Debit Card,Success,17399.39,2025-07-20 03:00:00,1933.27,FEST20
7872,7872,Cash on Delivery,Success,3192.76,2026-05-23 01:00:00,0.0,
7873,7873,Cash on Delivery,Success,841.02,2026-03-19 03:00:00,44.26,
7874,7874,Credit Card,Success,2621.89,2026-06-02 03:00:00,137.99,
7875,7875,Credit Card,Refunded,3325.56,2025-10-26 04:00:00,0.0,NEWUSER
7876,7876,Cash on Delivery,Success,35222.99,2025-11-30 01:00:00,6215.82,
7877,7877,UPI,Success,1851.26,2025-05-06 03:00:00,0.0,WELCOME10
7878,7878,EMI,Success,1343.68,2024-12-01 01:00:00,237.12,
7879,7879,Debit Card,Success,3221.28,2025-04-27 03:00:00,357.92,NEWUSER
7880,7880,EMI,Success,46908.9,2026-05-16 03:00:00,2468.89,
7881,7881,Cash on Delivery,Success,2252.86,2024-05-19 00:00:00,397.56,WELCOME10
7882,7882,UPI,Success,10911.12,2025-10-10 03:00:00,1925.49,
7883,7883,UPI,Success,2760.91,2024-07-19 03:00:00,690.23,
7884,7884,Credit Card,Success,1558.7,2025-02-17 02:00:00,0.0,
7885,7885,Credit Card,Success,6876.25,2025-03-07 04:00:00,1213.45,WELCOME10
7886,7886,Credit Card,Success,4047.46,2024-12-13 03:00:00,0.0,
7887,7887,Debit Card,Success,4373.75,2024-06-28 03:00:00,0.0,
7888,7888,UPI,Success,1864.33,2025-08-17 04:00:00,207.15,NEWUSER
7889,7889,Credit Card,Success,1020.36,2026-01-15 02:00:00,0.0,NEWUSER
7890,7890,Debit Card,Pending,2950.31,2025-06-01 01:00:00,737.58,SAVE15
7891,7891,UPI,Success,711.27,2025-07-14 04:00:00,177.82,
7892,7892,Cash on Delivery,Success,19369.35,2025-04-06 00:00:00,0.0,SAVE15
7893,7893,UPI,Success,1637.28,2026-05-28 04:00:00,86.17,NEWUSER
7894,7894,Cash on Delivery,Success,5830.16,2025-07-13 03:00:00,0.0,WELCOME10
7895,7895,Cash on Delivery,Success,24501.66,2024-10-13 02:00:00,1289.56,SAVE15
7896,7896,UPI,Success,73501.29,2025-08-09 05:00:00,8166.81,
7897,7897,UPI,Refunded,1807.49,2025-08-28 02:00:00,200.83,
7898,7898,UPI,Success,493.94,2025-04-28 00:00:00,26.0,
7899,7899,UPI,Success,2504.62,2025-06-26 02:00:00,131.82,FEST20
7900,7900,Cash on Delivery,Success,382.27,2026-01-28 05:00:00,42.47,SAVE15
7901,7901,Debit Card,Success,8697.59,2026-04-01 01:00:00,1534.87,
7902,7902,Debit Card,Success,9177.75,2024-10-05 00:00:00,2294.44,
7903,7903,UPI,Success,22855.77,2026-04-26 01:00:00,0.0,SAVE15
7904,7904,Net Banking,Success,8171.63,2024-08-18 00:00:00,2042.91,
7905,7905,Net Banking,Success,4497.66,2025-10-19 00:00:00,236.72,NEWUSER
7906,7906,Net Banking,Success,37113.45,2025-06-20 01:00:00,0.0,FEST20
7907,7907,Debit Card,Refunded,99.65,2025-12-29 01:00:00,11.07,NEWUSER
7908,7908,UPI,Success,4587.05,2026-03-07 02:00:00,509.67,
7909,7909,UPI,Success,5633.85,2025-07-31 02:00:00,1408.46,
7910,7910,UPI,Success,690.17,2025-11-19 01:00:00,172.54,
7911,7911,UPI,Refunded,1047.48,2024-05-28 02:00:00,0.0,
7912,7912,Debit Card,Success,162.85,2025-08-16 00:00:00,0.0,FEST20
7913,7913,Credit Card,Success,666.73,2025-07-24 01:00:00,74.08,
7914,7914,Credit Card,Success,2270.22,2025-10-03 05:00:00,0.0,WELCOME10
7915,7915,Cash on Delivery,Success,594.05,2026-03-21 03:00:00,0.0,NEWUSER
7916,7916,UPI,Success,4980.58,2025-12-16 00:00:00,262.14,SAVE15
7917,7917,Debit Card,Success,4321.88,2026-05-20 04:00:00,227.47,NEWUSER
7918,7918,Credit Card,Success,3880.79,2024-12-14 03:00:00,684.85,
7919,7919,Credit Card,Success,3530.55,2025-08-29 00:00:00,882.64,
7920,7920,Credit Card,Success,19351.04,2026-03-25 04:00:00,0.0,NEWUSER
7921,7921,Credit Card,Success,76572.93,2025-06-03 05:00:00,19143.23,
7922,7922,Cash on Delivery,Success,260.37,2026-07-24 01:00:00,13.7,SAVE15
7923,7923,Debit Card,Success,38785.26,2026-07-15 00:00:00,0.0,SAVE15
7924,7924,Debit Card,Success,8124.0,2025-05-20 00:00:00,2031.0,NEWUSER
7925,7925,Net Banking,Success,1289.23,2025-09-06 00:00:00,67.85,SAVE15
7926,7926,UPI,Success,12526.18,2026-01-03 05:00:00,1391.8,NEWUSER
7927,7927,Cash on Delivery,Success,339.88,2025-06-28 00:00:00,17.89,
7928,7928,Cash on Delivery,Success,7610.02,2025-05-25 03:00:00,845.56,
7929,7929,UPI,Success,22974.14,2026-01-09 03:00:00,1209.16,NEWUSER
7930,7930,UPI,Success,55726.22,2025-04-10 05:00:00,9834.04,
7931,7931,EMI,Success,71221.73,2025-06-27 01:00:00,12568.54,
7932,7932,UPI,Success,88113.58,2026-02-02 04:00:00,9790.4,WELCOME10
7933,7933,UPI,Success,4820.81,2025-09-29 04:00:00,0.0,NEWUSER
7934,7934,UPI,Success,36407.19,2024-07-04 02:00:00,0.0,
7935,7935,Credit Card,Success,606.71,2026-06-11 00:00:00,0.0,SAVE15
7936,7936,UPI,Refunded,6136.48,2026-05-23 03:00:00,681.83,WELCOME10
7937,7937,Net Banking,Success,7662.41,2025-11-11 03:00:00,0.0,FEST20
7938,7938,EMI,Success,6376.78,2025-12-26 02:00:00,1594.19,SAVE15
7939,7939,Net Banking,Success,926.92,2025-02-20 04:00:00,231.73,NEWUSER
7940,7940,Cash on Delivery,Success,3917.85,2025-06-23 02:00:00,0.0,FEST20
7941,7941,Cash on Delivery,Success,4085.12,2026-04-28 00:00:00,215.01,NEWUSER
7942,7942,Debit Card,Success,33928.23,2025-05-16 00:00:00,8482.06,
7943,7943,Credit Card,Success,3345.3,2025-05-21 04:00:00,836.32,SAVE15
7944,7944,UPI,Success,9847.04,2025-04-07 05:00:00,0.0,
7945,7945,EMI,Success,939.44,2026-03-13 00:00:00,0.0,NEWUSER
7946,7946,EMI,Success,1698.55,2025-04-23 01:00:00,299.75,SAVE15
7947,7947,UPI,Success,4398.45,2026-06-29 01:00:00,488.72,FEST20
7948,7948,Credit Card,Success,2168.76,2025-05-13 05:00:00,114.15,WELCOME10
7949,7949,Credit Card,Refunded,2811.68,2026-01-09 04:00:00,147.98,SAVE15
7950,7950,UPI,Success,4961.14,2026-01-16 03:00:00,1240.28,
7951,7951,Net Banking,Success,357.83,2026-04-17 04:00:00,18.83,NEWUSER
7952,7952,Net Banking,Success,6059.22,2026-04-11 04:00:00,1514.8,NEWUSER
7953,7953,UPI,Success,1462.32,2025-10-03 05:00:00,0.0,
7954,7954,UPI,Success,3167.15,2026-03-09 03:00:00,558.91,
7955,7955,UPI,Success,92394.37,2025-07-24 01:00:00,23098.59,
7956,7956,Cash on Delivery,Success,1360.32,2025-06-26 02:00:00,340.08,FEST20
7957,7957,Credit Card,Success,1112.32,2025-05-23 04:00:00,278.08,NEWUSER
7958,7958,Credit Card,Success,8607.58,2025-03-08 01:00:00,956.4,SAVE15
7959,7959,UPI,Success,15014.13,2025-11-13 02:00:00,0.0,FEST20
7960,7960,Debit Card,Success,622.53,2026-03-01 05:00:00,32.77,
7961,7961,Debit Card,Success,5493.5,2025-11-18 05:00:00,1373.37,WELCOME10
7962,7962,Cash on Delivery,Success,11433.44,2026-01-24 00:00:00,601.76,
7963,7963,Net Banking,Success,618.02,2025-03-12 00:00:00,0.0,
7964,7964,UPI,Success,1574.42,2025-09-19 02:00:00,0.0,SAVE15
7965,7965,Cash on Delivery,Success,875.33,2026-05-27 05:00:00,97.26,NEWUSER
7966,7966,Cash on Delivery,Success,3920.83,2025-10-01 01:00:00,0.0,FEST20
7967,7967,Net Banking,Success,210.18,2026-01-14 02:00:00,0.0,WELCOME10
7968,7968,Net Banking,Success,217768.84,2025-10-30 03:00:00,11461.52,NEWUSER
7969,7969,Cash on Delivery,Success,3439.86,2026-04-17 04:00:00,382.21,NEWUSER
7970,7970,Debit Card,Success,3965.8,2025-04-08 02:00:00,440.64,
7971,7971,Credit Card,Success,5790.42,2025-03-04 01:00:00,0.0,SAVE15
7972,7972,UPI,Success,2058.98,2025-12-12 03:00:00,0.0,NEWUSER
7973,7973,Net Banking,Success,742.62,2026-01-05 03:00:00,82.51,WELCOME10
7974,7974,UPI,Success,1187.11,2026-02-02 02:00:00,131.9,FEST20
7975,7975,Debit Card,Success,3649.98,2026-01-22 01:00:00,192.1,
7976,7976,Net Banking,Success,1162.69,2026-05-03 03:00:00,0.0,FEST20
7977,7977,Debit Card,Success,11090.8,2026-01-23 04:00:00,1232.31,
7978,7978,Credit Card,Success,329.38,2025-11-14 00:00:00,17.34,
7979,7979,Credit Card,Success,321.11,2025-02-24 03:00:00,35.68,
7980,7980,Credit Card,Success,2284.81,2025-12-01 05:00:00,571.2,
7981,7981,Cash on Delivery,Success,7212.6,2025-04-15 01:00:00,0.0,
7982,7982,Debit Card,Refunded,3573.75,2025-09-10 00:00:00,0.0,
7983,7983,Debit Card,Success,77529.96,2024-08-11 02:00:00,0.0,FEST20
7984,7984,UPI,Success,4056.56,2025-11-11 05:00:00,450.73,SAVE15
7985,7985,Cash on Delivery,Success,676.84,2026-04-01 02:00:00,75.2,SAVE15
7986,7986,Net Banking,Success,272154.02,2024-02-07 05:00:00,14323.9,SAVE15
7987,7987,Debit Card,Success,724.62,2026-04-01 01:00:00,0.0,
7988,7988,UPI,Success,2841.66,2026-03-02 04:00:00,710.41,
7989,7989,UPI,Success,52883.93,2026-01-08 03:00:00,0.0,FEST20
7990,7990,Net Banking,Success,694.86,2026-02-07 02:00:00,77.21,
7991,7991,Cash on Delivery,Success,5855.42,2024-04-09 05:00:00,308.18,WELCOME10
7992,7992,Cash on Delivery,Success,511.45,2025-05-10 01:00:00,56.83,NEWUSER
7993,7993,Debit Card,Success,2709.41,2026-03-05 02:00:00,142.6,
7994,7994,Credit Card,Success,379.55,2025-08-18 05:00:00,0.0,FEST20
7995,7995,Debit Card,Success,2115.96,2026-05-09 02:00:00,0.0,SAVE15
7996,7996,Credit Card,Refunded,2003.62,2025-06-18 05:00:00,0.0,WELCOME10
7997,7997,UPI,Success,149819.52,2025-06-05 03:00:00,16646.61,FEST20
7998,7998,Cash on Delivery,Success,7614.05,2026-02-01 03:00:00,400.74,SAVE15
7999,7999,UPI,Success,7413.67,2026-01-06 04:00:00,1308.3,
8000,8000,Cash on Delivery,Success,806.15,2025-12-15 01:00:00,89.57,
8001,8001,Credit Card,Success,394.71,2026-05-29 03:00:00,98.68,
8002,8002,UPI,Success,480.54,2025-03-26 01:00:00,84.8,
8003,8003,UPI,Success,1056.93,2026-07-16 01:00:00,264.23,
8004,8004,Credit Card,Refunded,1345.81,2025-06-20 01:00:00,0.0,
8005,8005,Net Banking,Success,6160.65,2025-02-20 02:00:00,324.24,NEWUSER
8006,8006,Debit Card,Success,1688.83,2025-04-01 01:00:00,0.0,
8007,8007,Debit Card,Success,2696.0,2026-01-09 03:00:00,299.56,NEWUSER
8008,8008,Net Banking,Success,538.23,2026-01-21 03:00:00,134.56,NEWUSER
8009,8009,Cash on Delivery,Success,1119.61,2025-12-15 04:00:00,279.9,
8010,8010,Cash on Delivery,Success,409.72,2025-03-04 00:00:00,45.53,WELCOME10
8011,8011,Cash on Delivery,Success,1731.12,2026-01-20 03:00:00,305.49,
8012,8012,Debit Card,Success,2648.06,2025-10-04 03:00:00,294.23,
8013,8013,UPI,Success,599.29,2025-05-01 01:00:00,105.76,SAVE15
8014,8014,Debit Card,Success,2702.98,2025-07-22 01:00:00,477.0,WELCOME10
8015,8015,Cash on Delivery,Success,4000.85,2026-02-19 00:00:00,444.54,
8016,8016,Debit Card,Success,3345.26,2026-01-12 04:00:00,0.0,NEWUSER
8017,8017,UPI,Success,70201.01,2025-07-04 03:00:00,0.0,
8018,8018,Cash on Delivery,Success,31421.06,2025-05-30 04:00:00,0.0,WELCOME10
8019,8019,Cash on Delivery,Success,7501.74,2025-12-16 04:00:00,0.0,FEST20
8020,8020,Credit Card,Success,1304.27,2025-02-18 03:00:00,230.17,SAVE15
8021,8021,Credit Card,Refunded,5001.67,2024-12-31 02:00:00,0.0,FEST20
8022,8022,Cash on Delivery,Success,1897.43,2026-01-26 03:00:00,0.0,NEWUSER
8023,8023,Net Banking,Success,21197.18,2025-10-17 01:00:00,0.0,NEWUSER
8024,8024,UPI,Success,59511.82,2025-08-06 04:00:00,0.0,
8025,8025,Debit Card,Success,64483.18,2026-07-15 05:00:00,16120.8,
8026,8026,EMI,Success,9868.06,2025-11-06 04:00:00,1096.45,
8027,8027,Debit Card,Success,3103.23,2026-06-27 02:00:00,775.81,NEWUSER
8028,8028,Debit Card,Success,6900.95,2025-09-01 00:00:00,766.77,SAVE15
8029,8029,Cash on Delivery,Success,360.79,2025-09-10 05:00:00,63.67,
8030,8030,UPI,Success,5959.08,2026-06-07 02:00:00,0.0,FEST20
8031,8031,Cash on Delivery,Success,2809.48,2026-01-17 01:00:00,702.37,WELCOME10
8032,8032,Cash on Delivery,Success,297.05,2026-02-06 00:00:00,52.42,FEST20
8033,8033,Cash on Delivery,Success,944.07,2025-01-07 02:00:00,0.0,SAVE15
8034,8034,Cash on Delivery,Success,2695.35,2026-06-17 04:00:00,0.0,
8035,8035,Cash on Delivery,Success,2602.56,2025-02-16 01:00:00,136.98,FEST20
8036,8036,Debit Card,Refunded,140518.42,2025-09-06 01:00:00,0.0,
8037,8037,Cash on Delivery,Pending,9071.54,2026-06-11 02:00:00,477.45,
8038,8038,UPI,Success,118.21,2025-03-18 01:00:00,29.55,
8039,8039,UPI,Success,11125.65,2026-06-17 04:00:00,1236.18,SAVE15
8040,8040,UPI,Success,847.34,2025-06-12 05:00:00,211.83,
8041,8041,UPI,Success,327.99,2025-12-25 01:00:00,0.0,
8042,8042,UPI,Success,36977.06,2026-04-10 05:00:00,0.0,FEST20
8043,8043,Cash on Delivery,Success,260726.99,2025-12-28 05:00:00,46010.65,WELCOME10
8044,8044,Debit Card,Success,6822.88,2024-11-20 01:00:00,1204.04,WELCOME10
8045,8045,UPI,Success,2379.25,2025-11-29 01:00:00,0.0,NEWUSER
8046,8046,UPI,Success,3700.72,2026-07-26 02:00:00,411.19,
8047,8047,Cash on Delivery,Success,1052.78,2025-12-02 01:00:00,0.0,
8048,8048,Credit Card,Refunded,6736.89,2025-10-19 03:00:00,354.57,FEST20
8049,8049,UPI,Success,367.92,2026-01-26 05:00:00,0.0,
8050,8050,Credit Card,Success,1321.83,2026-01-29 01:00:00,330.46,NEWUSER
8051,8051,Cash on Delivery,Success,1331.71,2025-07-25 01:00:00,0.0,WELCOME10
8052,8052,Credit Card,Success,4121.03,2026-03-24 02:00:00,1030.26,SAVE15
8053,8053,EMI,Success,13229.32,2026-03-05 01:00:00,1469.93,
8054,8054,Credit Card,Success,4710.74,2023-12-06 04:00:00,523.42,
8055,8055,Credit Card,Success,5637.04,2026-08-10 00:00:00,626.34,
8056,8056,Debit Card,Success,4583.87,2025-10-25 04:00:00,241.26,FEST20
8057,8057,UPI,Success,641.46,2025-03-05 00:00:00,71.27,WELCOME10
8058,8058,Credit Card,Success,5167.52,2025-02-01 02:00:00,271.98,
8059,8059,UPI,Success,54832.41,2026-04-19 00:00:00,0.0,WELCOME10
8060,8060,Cash on Delivery,Success,8490.44,2026-03-06 04:00:00,0.0,FEST20
8061,8061,Debit Card,Success,321.87,2026-02-06 02:00:00,0.0,WELCOME10
8062,8062,Cash on Delivery,Success,1244.78,2024-10-30 04:00:00,0.0,
8063,8063,Debit Card,Success,1031.86,2026-04-05 01:00:00,182.09,FEST20
8064,8064,UPI,Success,8051.72,2026-02-13 02:00:00,0.0,
8065,8065,Cash on Delivery,Success,2080.87,2025-03-27 00:00:00,0.0,
8066,8066,UPI,Success,1566.72,2026-03-18 00:00:00,174.08,
8067,8067,Credit Card,Success,27643.2,2026-04-22 05:00:00,6910.8,
8068,8068,Cash on Delivery,Success,2896.84,2025-01-23 01:00:00,0.0,SAVE15
8069,8069,Cash on Delivery,Success,38083.44,2025-08-16 05:00:00,0.0,
8070,8070,UPI,Success,6456.32,2024-12-24 04:00:00,339.81,WELCOME10
8071,8071,Cash on Delivery,Success,3894.26,2026-06-15 02:00:00,204.96,
8072,8072,Cash on Delivery,Success,3080.55,2025-08-12 02:00:00,0.0,FEST20
8073,8073,Credit Card,Success,2341.26,2026-01-01 02:00:00,585.32,
8074,8074,UPI,Success,1637.32,2026-06-18 00:00:00,86.17,WELCOME10
8075,8075,Debit Card,Success,9072.49,2026-04-15 05:00:00,477.5,
8076,8076,UPI,Success,3030.82,2026-07-07 04:00:00,0.0,
8077,8077,UPI,Success,4283.24,2024-09-10 02:00:00,0.0,NEWUSER
8078,8078,UPI,Success,8378.15,2025-09-15 01:00:00,1478.5,
8079,8079,Credit Card,Success,2641.14,2024-03-24 05:00:00,0.0,
8080,8080,UPI,Refunded,960.84,2025-11-14 02:00:00,240.21,
8081,8081,Credit Card,Success,14964.68,2026-02-16 04:00:00,2640.82,SAVE15
8082,8082,Cash on Delivery,Success,79045.44,2026-07-08 03:00:00,8782.83,WELCOME10
8083,8083,UPI,Success,1827.74,2025-05-10 02:00:00,322.54,WELCOME10
8084,8084,Cash on Delivery,Success,8274.48,2025-11-13 04:00:00,1460.2,
8085,8085,Credit Card,Success,4044.6,2025-09-18 02:00:00,0.0,SAVE15
8086,8086,Cash on Delivery,Success,100319.03,2024-05-23 02:00:00,5279.95,FEST20
8087,8087,UPI,Success,689.97,2025-12-20 04:00:00,0.0,
8088,8088,Credit Card,Success,319.92,2025-02-09 05:00:00,16.84,FEST20
8089,8089,Credit Card,Success,324.34,2024-02-03 01:00:00,17.07,
8090,8090,UPI,Success,8091.66,2025-03-18 03:00:00,0.0,
8091,8091,UPI,Success,57035.34,2024-02-16 01:00:00,10065.06,WELCOME10
8092,8092,UPI,Success,402.11,2026-04-10 02:00:00,70.96,WELCOME10
8093,8093,Cash on Delivery,Success,469.56,2024-10-18 05:00:00,0.0,WELCOME10
8094,8094,UPI,Success,607.16,2024-09-12 02:00:00,151.79,FEST20
8095,8095,Cash on Delivery,Success,6010.12,2026-05-19 00:00:00,316.32,NEWUSER
8096,8096,Debit Card,Success,1426.8,2026-02-21 01:00:00,75.1,
8097,8097,UPI,Success,3011.52,2025-12-29 04:00:00,752.88,
8098,8098,Debit Card,Refunded,332.34,2026-03-19 02:00:00,17.49,SAVE15
8099,8099,Debit Card,Refunded,1343.41,2024-09-10 05:00:00,0.0,WELCOME10
8100,8100,UPI,Success,6390.95,2026-02-10 00:00:00,0.0,
8101,8101,UPI,Success,1626.12,2026-07-08 03:00:00,0.0,WELCOME10
8102,8102,UPI,Success,13352.72,2026-07-20 02:00:00,702.77,
8103,8103,Cash on Delivery,Success,9903.36,2026-02-28 00:00:00,0.0,NEWUSER
8104,8104,UPI,Refunded,4276.76,2024-12-04 04:00:00,0.0,
8105,8105,UPI,Refunded,37525.39,2024-06-13 01:00:00,6622.13,SAVE15
8106,8106,UPI,Success,1564.08,2025-07-12 00:00:00,0.0,
8107,8107,UPI,Success,6592.08,2025-10-21 05:00:00,0.0,FEST20
8108,8108,Credit Card,Success,46375.71,2026-05-28 05:00:00,5152.86,FEST20
8109,8109,UPI,Refunded,24510.13,2025-09-20 05:00:00,2723.35,FEST20
8110,8110,UPI,Success,1045.55,2026-03-30 03:00:00,55.03,FEST20
8111,8111,EMI,Success,1947.39,2025-08-02 04:00:00,486.85,WELCOME10
8112,8112,UPI,Success,1567.34,2024-12-14 03:00:00,174.15,SAVE15
8113,8113,Credit Card,Success,21043.4,2025-10-16 03:00:00,0.0,
8114,8114,Net Banking,Success,2966.51,2025-09-18 03:00:00,741.63,WELCOME10
8115,8115,Credit Card,Success,2092.86,2026-04-23 02:00:00,369.33,
8116,8116,Credit Card,Refunded,1674.23,2025-11-03 01:00:00,295.45,NEWUSER
8117,8117,Credit Card,Success,1406.39,2024-10-29 03:00:00,0.0,FEST20
8118,8118,Credit Card,Success,38234.5,2024-12-01 01:00:00,4248.28,
8119,8119,UPI,Success,1709.05,2025-08-31 03:00:00,427.26,FEST20
8120,8120,UPI,Success,848.65,2024-11-29 03:00:00,94.29,
8121,8121,UPI,Success,19877.84,2025-06-06 05:00:00,1046.2,
8122,8122,Net Banking,Success,6870.58,2024-10-15 04:00:00,1212.46,NEWUSER
8123,8123,Debit Card,Success,873.23,2026-03-11 01:00:00,97.03,
8124,8124,Debit Card,Success,3637.21,2026-04-10 02:00:00,909.3,FEST20
8125,8125,EMI,Success,5612.92,2026-05-03 02:00:00,990.52,WELCOME10
8126,8126,Credit Card,Success,1428.98,2024-12-15 05:00:00,158.78,FEST20
8127,8127,UPI,Success,8515.14,2026-01-04 00:00:00,448.16,FEST20
8128,8128,Debit Card,Success,3070.38,2025-04-15 01:00:00,0.0,
8129,8129,UPI,Success,18449.24,2026-03-27 00:00:00,3255.75,
8130,8130,UPI,Success,9345.73,2026-03-25 03:00:00,0.0,NEWUSER
8131,8131,Net Banking,Success,3999.31,2026-04-21 00:00:00,999.83,
8132,8132,UPI,Success,7154.81,2024-05-30 04:00:00,794.98,FEST20
8133,8133,UPI,Success,527.91,2025-09-24 04:00:00,131.98,NEWUSER
8134,8134,UPI,Success,22080.86,2025-09-11 03:00:00,0.0,
8135,8135,Debit Card,Success,14831.12,2024-11-30 04:00:00,0.0,SAVE15
8136,8136,UPI,Success,10445.57,2025-06-29 03:00:00,1843.33,
8137,8137,UPI,Success,295.99,2026-06-08 03:00:00,32.89,SAVE15
8138,8138,Debit Card,Success,494.14,2026-04-15 00:00:00,87.2,FEST20
8139,8139,Debit Card,Success,590.17,2025-05-15 01:00:00,104.15,
8140,8140,UPI,Success,4206.18,2025-09-23 00:00:00,467.35,NEWUSER
8141,8141,Cash on Delivery,Success,667.3,2025-08-03 02:00:00,74.15,WELCOME10
8142,8142,Cash on Delivery,Pending,11101.46,2025-11-08 03:00:00,1959.08,FEST20
8143,8143,UPI,Success,66187.18,2025-10-07 03:00:00,16546.8,NEWUSER
8144,8144,Net Banking,Success,3806.28,2026-02-04 02:00:00,671.7,NEWUSER
8145,8145,Cash on Delivery,Success,339.72,2024-04-01 03:00:00,0.0,NEWUSER
8146,8146,UPI,Success,3269.18,2025-02-26 02:00:00,172.06,
8147,8147,Debit Card,Success,145.52,2026-07-30 02:00:00,36.38,
8148,8148,Credit Card,Success,14651.41,2025-08-16 02:00:00,0.0,
8149,8149,UPI,Success,49127.26,2024-10-30 02:00:00,5458.58,
8150,8150,Cash on Delivery,Success,25516.52,2026-03-14 05:00:00,1342.98,WELCOME10
8151,8151,UPI,Success,4663.9,2025-09-23 01:00:00,0.0,
8152,8152,Credit Card,Success,4427.57,2026-04-17 04:00:00,491.95,WELCOME10
8153,8153,UPI,Success,532.84,2025-10-12 03:00:00,94.03,WELCOME10
8154,8154,UPI,Success,352.45,2025-06-04 05:00:00,0.0,FEST20
8155,8155,UPI,Success,6326.16,2026-01-27 05:00:00,0.0,NEWUSER
8156,8156,UPI,Success,1556.38,2025-12-03 04:00:00,81.92,
8157,8157,Net Banking,Success,47060.61,2025-05-30 01:00:00,8304.81,WELCOME10
8158,8158,EMI,Success,5379.02,2025-12-15 01:00:00,597.67,
8159,8159,EMI,Success,143450.94,2025-03-03 01:00:00,0.0,
8160,8160,UPI,Success,809.89,2025-10-30 02:00:00,42.63,
8161,8161,UPI,Success,769.67,2025-09-09 02:00:00,135.82,
8162,8162,Debit Card,Success,79814.24,2026-02-23 05:00:00,8868.25,SAVE15
8163,8163,Debit Card,Success,753.93,2024-01-22 03:00:00,39.68,FEST20
8164,8164,UPI,Success,587.66,2026-03-05 01:00:00,103.7,
8165,8165,Cash on Delivery,Success,7367.92,2026-04-14 05:00:00,818.66,
8166,8166,UPI,Success,7999.12,2024-08-01 00:00:00,0.0,WELCOME10
8167,8167,Debit Card,Success,4396.31,2025-11-17 02:00:00,0.0,FEST20
8168,8168,Debit Card,Success,3914.46,2025-05-12 03:00:00,434.94,
8169,8169,Debit Card,Success,40097.56,2026-04-20 04:00:00,0.0,
8170,8170,Credit Card,Success,4299.14,2024-12-22 03:00:00,0.0,
8171,8171,UPI,Success,1174.43,2026-03-11 02:00:00,207.25,
8172,8172,UPI,Success,17958.28,2026-03-19 00:00:00,945.17,NEWUSER
8173,8173,Net Banking,Success,8577.83,2026-02-14 02:00:00,953.09,
8174,8174,Cash on Delivery,Success,1675.36,2024-06-24 04:00:00,88.18,WELCOME10
8175,8175,Credit Card,Success,3660.33,2025-12-17 04:00:00,0.0,
8176,8176,Debit Card,Success,627.2,2026-02-28 01:00:00,69.69,NEWUSER
8177,8177,Debit Card,Success,2196.92,2025-10-24 02:00:00,549.23,NEWUSER
8178,8178,UPI,Success,108431.33,2024-11-29 01:00:00,12047.93,NEWUSER
8179,8179,Credit Card,Success,1793.26,2026-08-17 01:00:00,199.25,
8180,8180,Credit Card,Success,355.01,2026-07-23 04:00:00,88.75,FEST20
8181,8181,UPI,Success,32220.92,2025-11-17 05:00:00,0.0,WELCOME10
8182,8182,Cash on Delivery,Success,5899.94,2025-08-05 00:00:00,655.55,FEST20
8183,8183,Debit Card,Success,7767.38,2026-07-04 01:00:00,1370.71,SAVE15
8184,8184,UPI,Success,791.84,2026-05-05 05:00:00,87.98,
8185,8185,UPI,Success,27343.0,2023-11-24 05:00:00,6835.75,
8186,8186,Cash on Delivery,Success,2413.58,2026-05-17 04:00:00,0.0,
8187,8187,Credit Card,Success,4505.51,2026-05-19 03:00:00,795.09,
8188,8188,UPI,Success,1198.04,2026-03-22 03:00:00,299.51,FEST20
8189,8189,Credit Card,Success,3787.51,2026-01-12 00:00:00,420.83,FEST20
8190,8190,UPI,Success,8894.16,2025-10-29 05:00:00,2223.54,
8191,8191,Debit Card,Success,91610.33,2026-04-01 05:00:00,10178.93,
8192,8192,Cash on Delivery,Success,5106.58,2026-03-08 00:00:00,567.4,NEWUSER
8193,8193,Cash on Delivery,Success,709.71,2025-06-09 01:00:00,37.35,NEWUSER
8194,8194,UPI,Success,4857.77,2026-03-05 04:00:00,1214.44,
8195,8195,Debit Card,Success,364.91,2025-02-03 00:00:00,19.21,FEST20
8196,8196,UPI,Success,3174.1,2026-08-04 01:00:00,560.14,
8197,8197,Cash on Delivery,Success,41094.39,2026-05-27 05:00:00,7251.95,WELCOME10
8198,8198,UPI,Success,391.37,2025-09-11 00:00:00,20.6,
8199,8199,Cash on Delivery,Success,6881.31,2026-06-19 01:00:00,0.0,
8200,8200,Cash on Delivery,Success,137.57,2026-04-15 05:00:00,34.39,
8201,8201,UPI,Success,1849.91,2026-02-24 01:00:00,462.48,
8202,8202,Cash on Delivery,Success,279.45,2026-03-17 00:00:00,49.31,SAVE15
8203,8203,Debit Card,Success,541.09,2025-01-31 03:00:00,0.0,
8204,8204,UPI,Success,3016.23,2025-11-04 05:00:00,158.75,SAVE15
8205,8205,Cash on Delivery,Success,277.02,2026-02-24 01:00:00,48.89,
8206,8206,UPI,Success,213.22,2026-02-06 00:00:00,23.69,
8207,8207,Cash on Delivery,Success,332.04,2025-06-08 00:00:00,58.59,FEST20
8208,8208,UPI,Success,2835.99,2024-07-19 04:00:00,709.0,
8209,8209,Cash on Delivery,Success,1335.42,2025-08-13 03:00:00,333.85,NEWUSER
8210,8210,Cash on Delivery,Success,10198.42,2025-10-13 00:00:00,2549.6,
8211,8211,Cash on Delivery,Success,7591.54,2026-02-03 04:00:00,399.56,
8212,8212,UPI,Refunded,2438.69,2025-07-25 04:00:00,0.0,FEST20
8213,8213,Cash on Delivery,Success,3293.14,2024-06-01 04:00:00,173.32,WELCOME10
8214,8214,UPI,Success,872.85,2025-11-18 03:00:00,0.0,
8215,8215,UPI,Success,721.79,2026-04-07 05:00:00,180.45,
8216,8216,UPI,Success,2781.73,2024-12-12 04:00:00,0.0,
8217,8217,Debit Card,Success,4407.06,2025-11-07 03:00:00,231.95,
8218,8218,Credit Card,Refunded,84662.01,2025-08-25 00:00:00,4455.89,FEST20
8219,8219,Cash on Delivery,Success,353.41,2025-07-20 01:00:00,88.35,
8220,8220,Cash on Delivery,Success,1764.61,2025-02-25 05:00:00,196.07,
8221,8221,UPI,Success,1404.05,2026-02-21 02:00:00,0.0,
8222,8222,UPI,Success,3067.09,2025-08-18 01:00:00,766.77,WELCOME10
8223,8223,EMI,Success,2540.5,2025-09-15 01:00:00,0.0,WELCOME10
8224,8224,Cash on Delivery,Success,523.5,2025-04-07 05:00:00,130.88,WELCOME10
8225,8225,UPI,Success,1519.59,2024-10-01 02:00:00,268.16,FEST20
8226,8226,UPI,Refunded,147485.8,2025-06-22 02:00:00,0.0,
8227,8227,UPI,Success,2273.03,2025-05-31 01:00:00,252.56,
8228,8228,Credit Card,Success,45131.75,2026-04-07 04:00:00,7964.43,
8229,8229,EMI,Success,110840.66,2025-08-24 01:00:00,19560.12,FEST20
8230,8230,Net Banking,Success,208720.99,2024-10-01 01:00:00,52180.25,NEWUSER
8231,8231,UPI,Success,9882.3,2026-01-11 02:00:00,520.12,SAVE15
8232,8232,UPI,Success,1479.04,2026-02-10 02:00:00,77.84,SAVE15
8233,8233,UPI,Success,4081.9,2025-10-27 05:00:00,453.55,
8234,8234,UPI,Success,4476.06,2026-04-29 00:00:00,497.34,
8235,8235,UPI,Success,6920.35,2026-02-05 00:00:00,1221.24,NEWUSER
8236,8236,UPI,Success,2806.36,2025-10-29 04:00:00,495.24,WELCOME10
8237,8237,Credit Card,Success,3320.39,2026-03-02 02:00:00,585.95,WELCOME10
8238,8238,Cash on Delivery,Success,2761.91,2025-01-28 03:00:00,145.36,
8239,8239,Net Banking,Success,88628.98,2025-07-18 02:00:00,0.0,
8240,8240,UPI,Success,8874.11,2026-02-23 01:00:00,2218.53,NEWUSER
8241,8241,Cash on Delivery,Success,962.26,2026-05-12 04:00:00,0.0,
8242,8242,Credit Card,Success,55011.09,2025-12-28 01:00:00,0.0,
8243,8243,UPI,Success,658.84,2026-05-09 03:00:00,0.0,WELCOME10
8244,8244,UPI,Success,2112.2,2026-08-10 01:00:00,0.0,FEST20
8245,8245,Debit Card,Success,4196.09,2025-05-13 03:00:00,1049.02,SAVE15
8246,8246,Net Banking,Success,421.68,2025-08-14 00:00:00,0.0,
8247,8247,UPI,Success,111790.16,2026-02-08 03:00:00,0.0,WELCOME10
8248,8248,UPI,Success,1531.65,2025-01-19 00:00:00,80.61,
8249,8249,UPI,Success,792.05,2026-07-30 03:00:00,88.01,SAVE15
8250,8250,UPI,Refunded,462.8,2026-02-22 05:00:00,0.0,
8251,8251,Cash on Delivery,Success,9338.14,2025-08-18 05:00:00,0.0,
8252,8252,UPI,Success,30066.84,2025-06-10 02:00:00,7516.71,WELCOME10
8253,8253,UPI,Success,13149.33,2025-10-14 05:00:00,692.07,FEST20
8254,8254,Cash on Delivery,Success,21938.34,2025-01-29 03:00:00,5484.58,WELCOME10
8255,8255,UPI,Success,271.82,2026-01-18 00:00:00,30.2,
8256,8256,Net Banking,Success,3840.11,2026-01-28 04:00:00,426.68,WELCOME10
8257,8257,Credit Card,Success,2695.02,2025-10-20 02:00:00,673.75,
8258,8258,Credit Card,Success,4243.41,2025-05-17 04:00:00,0.0,FEST20
8259,8259,UPI,Success,16806.44,2025-06-16 02:00:00,0.0,NEWUSER
8260,8260,Cash on Delivery,Success,5331.5,2024-12-17 04:00:00,0.0,SAVE15
8261,8261,UPI,Success,29846.0,2025-09-10 03:00:00,1570.84,
8262,8262,Credit Card,Success,482.64,2024-07-07 04:00:00,0.0,NEWUSER
8263,8263,Debit Card,Success,4213.79,2025-07-15 04:00:00,221.78,WELCOME10
8264,8264,Debit Card,Success,1641.96,2026-05-10 00:00:00,0.0,
8265,8265,UPI,Success,53316.23,2025-07-24 05:00:00,2806.12,
8266,8266,Credit Card,Success,5185.77,2026-01-12 05:00:00,915.13,WELCOME10
8267,8267,UPI,Success,1697.94,2026-03-04 01:00:00,424.49,
8268,8268,Cash on Delivery,Success,46910.55,2025-12-10 04:00:00,2468.98,
8269,8269,UPI,Success,1320.42,2026-05-09 03:00:00,69.5,WELCOME10
8270,8270,Debit Card,Success,621.96,2025-07-24 00:00:00,69.11,
8271,8271,UPI,Refunded,4579.46,2024-08-12 03:00:00,808.14,
8272,8272,UPI,Success,364.38,2025-04-20 02:00:00,0.0,WELCOME10
8273,8273,UPI,Success,9184.1,2026-05-17 04:00:00,1020.46,SAVE15
8274,8274,Credit Card,Success,4030.02,2025-03-08 02:00:00,0.0,
8275,8275,UPI,Success,70950.03,2025-11-03 01:00:00,17737.51,WELCOME10
8276,8276,Net Banking,Success,439.51,2025-11-12 02:00:00,0.0,
8277,8277,UPI,Success,760.71,2026-04-15 00:00:00,0.0,
8278,8278,EMI,Success,32906.18,2026-03-29 02:00:00,8226.55,
8279,8279,Credit Card,Success,4667.36,2025-02-15 02:00:00,0.0,
8280,8280,Debit Card,Success,1395.15,2026-08-17 00:00:00,73.43,
8281,8281,UPI,Refunded,26071.48,2026-02-15 01:00:00,1372.18,NEWUSER
8282,8282,UPI,Success,4176.08,2026-01-19 05:00:00,736.96,WELCOME10
8283,8283,UPI,Success,1002.18,2024-11-27 04:00:00,176.86,
8284,8284,UPI,Success,7213.46,2025-05-21 00:00:00,379.66,NEWUSER
8285,8285,Cash on Delivery,Success,1624.86,2025-02-17 02:00:00,0.0,
8286,8286,Credit Card,Success,711.85,2026-05-15 00:00:00,37.47,SAVE15
8287,8287,UPI,Success,4204.26,2025-08-17 01:00:00,467.14,
8288,8288,Credit Card,Success,982.7,2026-02-09 04:00:00,245.68,
8289,8289,Cash on Delivery,Success,63387.0,2025-02-02 04:00:00,0.0,WELCOME10
8290,8290,UPI,Success,3155.11,2026-03-22 01:00:00,556.78,FEST20
8291,8291,Net Banking,Success,8792.16,2026-01-12 05:00:00,0.0,
8292,8292,Cash on Delivery,Success,46905.63,2024-09-24 02:00:00,11726.41,SAVE15
8293,8293,UPI,Success,5417.78,2026-01-21 00:00:00,1354.45,WELCOME10
8294,8294,EMI,Pending,608.93,2026-01-02 00:00:00,152.23,
8295,8295,UPI,Success,3112.06,2025-12-11 01:00:00,163.79,
8296,8296,Cash on Delivery,Not Applicable,1358.8,2024-01-17 02:00:00,150.98,
8297,8297,Cash on Delivery,Success,7506.17,2025-11-06 01:00:00,0.0,FEST20
8298,8298,UPI,Success,317.53,2025-03-18 02:00:00,56.03,FEST20
8299,8299,Credit Card,Success,11254.28,2025-10-16 05:00:00,0.0,
8300,8300,Cash on Delivery,Success,2104.03,2026-06-01 02:00:00,110.74,
8301,8301,Credit Card,Success,4946.96,2025-04-23 05:00:00,0.0,
8302,8302,UPI,Success,1317.4,2025-12-16 04:00:00,329.35,SAVE15
8303,8303,Debit Card,Success,6472.66,2025-09-20 02:00:00,1618.16,
8304,8304,Credit Card,Pending,51578.8,2026-03-27 00:00:00,2714.67,
8305,8305,EMI,Refunded,2748.74,2025-10-06 03:00:00,144.67,
8306,8306,UPI,Success,3704.47,2024-05-13 02:00:00,411.61,FEST20
8307,8307,Credit Card,Success,13569.0,2026-03-19 02:00:00,3392.25,SAVE15
8308,8308,UPI,Success,2959.42,2025-08-31 02:00:00,739.86,FEST20
8309,8309,UPI,Refunded,5611.87,2026-04-02 04:00:00,0.0,FEST20
8310,8310,Cash on Delivery,Success,3940.14,2024-10-31 05:00:00,985.04,FEST20
8311,8311,UPI,Success,9080.95,2025-10-22 00:00:00,477.94,SAVE15
8312,8312,UPI,Success,42609.72,2025-09-22 00:00:00,0.0,
8313,8313,Credit Card,Success,11045.24,2026-06-16 05:00:00,1227.25,WELCOME10
8314,8314,UPI,Success,6704.85,2025-02-07 02:00:00,352.89,NEWUSER
8315,8315,Debit Card,Success,603.99,2025-12-26 04:00:00,67.11,SAVE15
8316,8316,Debit Card,Success,31884.78,2026-01-17 01:00:00,0.0,NEWUSER
8317,8317,UPI,Success,904.54,2026-02-08 03:00:00,100.5,
8318,8318,UPI,Success,7041.49,2025-04-06 00:00:00,370.61,WELCOME10
8319,8319,Net Banking,Success,5825.2,2026-03-10 04:00:00,647.24,
8320,8320,Cash on Delivery,Success,3382.62,2025-07-08 05:00:00,0.0,
8321,8321,Cash on Delivery,Success,893.33,2025-01-03 04:00:00,0.0,FEST20
8322,8322,UPI,Success,4313.7,2024-08-05 05:00:00,0.0,NEWUSER
8323,8323,UPI,Success,11418.16,2024-09-16 05:00:00,0.0,WELCOME10
8324,8324,Net Banking,Success,537.59,2026-01-04 05:00:00,134.4,WELCOME10
8325,8325,UPI,Success,1372.67,2025-03-21 00:00:00,0.0,
8326,8326,UPI,Success,960.09,2025-07-23 04:00:00,0.0,
8327,8327,EMI,Success,11574.56,2025-11-23 01:00:00,1286.06,WELCOME10
8328,8328,UPI,Success,7339.73,2026-08-11 04:00:00,815.53,SAVE15
8329,8329,UPI,Success,779.47,2026-07-12 03:00:00,137.55,
8330,8330,UPI,Success,2309.35,2025-05-22 01:00:00,577.34,
8331,8331,Credit Card,Success,80471.2,2026-01-29 01:00:00,0.0,
8332,8332,UPI,Success,218.78,2025-07-28 05:00:00,54.69,
8333,8333,Credit Card,Refunded,210.14,2026-01-20 05:00:00,0.0,
8334,8334,Cash on Delivery,Success,2822.76,2025-06-18 03:00:00,0.0,NEWUSER
8335,8335,UPI,Success,5050.68,2025-10-23 04:00:00,265.83,
8336,8336,UPI,Success,1220.18,2024-09-17 04:00:00,0.0,
8337,8337,Cash on Delivery,Success,6985.73,2026-07-21 03:00:00,367.67,WELCOME10
8338,8338,Net Banking,Success,267913.83,2025-08-21 05:00:00,0.0,SAVE15
8339,8339,Credit Card,Success,3558.7,2026-04-09 03:00:00,889.67,FEST20
8340,8340,EMI,Success,36274.83,2026-02-25 01:00:00,0.0,
8341,8341,UPI,Success,1106.77,2025-07-11 02:00:00,195.31,
8342,8342,Net Banking,Success,2839.16,2025-11-27 02:00:00,315.46,SAVE15
8343,8343,Credit Card,Success,4084.31,2024-12-17 03:00:00,214.96,SAVE15
8344,8344,EMI,Success,1799.78,2026-05-13 01:00:00,0.0,
8345,8345,Credit Card,Success,2039.18,2024-03-13 01:00:00,359.86,SAVE15
8346,8346,UPI,Success,30020.59,2025-10-08 05:00:00,5297.75,
8347,8347,UPI,Success,1053.46,2025-09-03 01:00:00,263.36,NEWUSER
8348,8348,UPI,Success,30674.06,2026-01-18 05:00:00,5413.07,
8349,8349,UPI,Success,1549.9,2026-04-27 04:00:00,0.0,SAVE15
8350,8350,UPI,Success,14882.21,2024-11-11 03:00:00,2626.27,FEST20
8351,8351,Credit Card,Success,137812.98,2025-07-30 00:00:00,7253.31,WELCOME10
8352,8352,Cash on Delivery,Success,4128.2,2024-12-13 00:00:00,728.5,FEST20
8353,8353,UPI,Success,2600.77,2026-02-04 04:00:00,650.19,WELCOME10
8354,8354,EMI,Success,7143.51,2024-08-24 02:00:00,0.0,NEWUSER
8355,8355,Cash on Delivery,Success,3567.44,2026-02-27 05:00:00,629.55,
8356,8356,Net Banking,Success,1626.2,2024-12-03 02:00:00,406.55,SAVE15
8357,8357,UPI,Success,25110.56,2026-01-26 05:00:00,2790.06,
8358,8358,Debit Card,Success,2937.71,2025-10-27 05:00:00,518.42,
8359,8359,UPI,Success,295.98,2026-02-25 04:00:00,73.99,
8360,8360,UPI,Success,6616.12,2026-06-19 01:00:00,348.22,
8361,8361,Cash on Delivery,Success,31937.82,2025-11-26 01:00:00,3548.65,
8362,8362,UPI,Success,3319.58,2025-01-02 01:00:00,174.72,
8363,8363,Credit Card,Success,1795.63,2025-04-18 05:00:00,94.51,NEWUSER
8364,8364,Net Banking,Success,1269.08,2025-05-12 05:00:00,223.95,
8365,8365,UPI,Success,9441.28,2024-12-27 00:00:00,0.0,SAVE15
8366,8366,Net Banking,Success,990.43,2026-04-22 05:00:00,52.13,SAVE15
8367,8367,Cash on Delivery,Success,19931.34,2026-05-27 03:00:00,3517.3,FEST20
8368,8368,Cash on Delivery,Success,7943.88,2026-06-12 03:00:00,418.1,WELCOME10
8369,8369,EMI,Success,3844.77,2026-04-13 00:00:00,0.0,
8370,8370,Debit Card,Refunded,7660.17,2025-05-03 02:00:00,1351.79,
8371,8371,Cash on Delivery,Success,1435.76,2025-11-21 04:00:00,0.0,SAVE15
8372,8372,Cash on Delivery,Success,3976.74,2025-12-13 05:00:00,441.86,
8373,8373,Debit Card,Pending,62150.44,2025-09-26 05:00:00,0.0,
8374,8374,Cash on Delivery,Success,373.15,2025-01-03 00:00:00,41.46,
8375,8375,Debit Card,Success,4060.74,2026-01-27 03:00:00,1015.18,NEWUSER
8376,8376,UPI,Success,2097.24,2025-01-19 00:00:00,370.1,
8377,8377,UPI,Success,686.32,2025-12-03 05:00:00,121.12,
8378,8378,UPI,Success,1948.74,2025-11-25 04:00:00,102.57,WELCOME10
8379,8379,UPI,Success,976.04,2026-08-17 03:00:00,0.0,WELCOME10
8380,8380,UPI,Success,1322.9,2024-11-25 03:00:00,146.99,
8381,8381,Cash on Delivery,Success,2511.94,2025-12-17 02:00:00,627.99,FEST20
8382,8382,Cash on Delivery,Success,318.01,2026-07-06 02:00:00,0.0,WELCOME10
8383,8383,Cash on Delivery,Success,2159.98,2025-05-20 05:00:00,0.0,
8384,8384,Net Banking,Success,212.43,2025-01-05 03:00:00,0.0,
8385,8385,Cash on Delivery,Success,5973.8,2026-05-20 02:00:00,314.41,FEST20
8386,8386,UPI,Success,3774.69,2025-09-26 04:00:00,0.0,FEST20
8387,8387,UPI,Success,3504.44,2026-01-09 04:00:00,389.38,NEWUSER
8388,8388,Cash on Delivery,Success,656.3,2026-03-13 03:00:00,34.54,WELCOME10
8389,8389,Debit Card,Success,143.9,2025-02-20 05:00:00,7.57,FEST20
8390,8390,Credit Card,Success,889.49,2025-12-05 02:00:00,0.0,NEWUSER
8391,8391,Credit Card,Success,677.36,2024-04-09 03:00:00,169.34,FEST20
8392,8392,Cash on Delivery,Success,18952.35,2024-09-24 03:00:00,0.0,NEWUSER
8393,8393,Net Banking,Refunded,1576.92,2026-05-25 00:00:00,394.23,
8394,8394,UPI,Success,6142.12,2025-12-11 02:00:00,0.0,
8395,8395,UPI,Success,11108.33,2025-10-09 02:00:00,1960.29,SAVE15
8396,8396,Debit Card,Success,3602.77,2025-02-25 01:00:00,900.69,
8397,8397,UPI,Success,3422.26,2025-12-04 03:00:00,855.56,NEWUSER
8398,8398,Credit Card,Success,1761.38,2026-04-18 04:00:00,92.7,SAVE15
8399,8399,UPI,Refunded,2597.92,2026-05-30 01:00:00,649.48,
8400,8400,Credit Card,Success,52787.29,2026-07-06 01:00:00,0.0,WELCOME10
8401,8401,Cash on Delivery,Success,3637.47,2025-09-05 00:00:00,641.91,SAVE15
8402,8402,Net Banking,Success,45597.83,2025-09-03 05:00:00,5066.43,FEST20
8403,8403,Credit Card,Success,1132.01,2026-04-02 03:00:00,199.77,FEST20
8404,8404,UPI,Success,18347.55,2026-03-06 04:00:00,0.0,FEST20
8405,8405,Debit Card,Success,2021.89,2026-05-06 03:00:00,224.65,NEWUSER
8406,8406,Cash on Delivery,Success,2009.1,2025-01-16 02:00:00,0.0,NEWUSER
8407,8407,Credit Card,Success,439.54,2026-08-17 03:00:00,77.57,WELCOME10
8408,8408,Credit Card,Success,11088.12,2025-09-25 01:00:00,2772.03,FEST20
8409,8409,Cash on Delivery,Success,6946.6,2026-04-11 04:00:00,0.0,NEWUSER
8410,8410,UPI,Success,10607.32,2025-09-11 01:00:00,0.0,
8411,8411,EMI,Success,7970.36,2025-12-03 01:00:00,885.6,NEWUSER
8412,8412,UPI,Success,25719.59,2026-01-20 02:00:00,2857.73,SAVE15
8413,8413,EMI,Success,5407.22,2024-12-01 03:00:00,954.22,FEST20
8414,8414,UPI,Refunded,863.77,2026-03-10 04:00:00,0.0,SAVE15
8415,8415,UPI,Success,59538.23,2024-12-07 05:00:00,6615.36,
8416,8416,Credit Card,Success,52415.77,2025-04-25 04:00:00,0.0,
8417,8417,UPI,Success,2646.93,2026-08-13 04:00:00,467.11,SAVE15
8418,8418,Net Banking,Success,2091.36,2026-01-11 01:00:00,0.0,
8419,8419,Net Banking,Success,930.4,2025-08-30 05:00:00,164.19,SAVE15
8420,8420,UPI,Success,4976.84,2025-08-27 04:00:00,552.98,FEST20
8421,8421,Cash on Delivery,Success,1797.46,2025-10-11 00:00:00,0.0,
8422,8422,Credit Card,Success,11856.36,2025-03-22 05:00:00,0.0,SAVE15
8423,8423,Debit Card,Success,7535.1,2025-04-19 01:00:00,1329.72,SAVE15
8424,8424,UPI,Success,27531.06,2026-02-07 02:00:00,1449.0,
8425,8425,Credit Card,Success,355.42,2025-05-07 02:00:00,0.0,
8426,8426,Credit Card,Success,3803.07,2024-12-12 04:00:00,200.16,WELCOME10
8427,8427,Credit Card,Success,16968.75,2025-10-16 03:00:00,4242.19,FEST20
8428,8428,UPI,Success,9960.3,2026-03-14 01:00:00,1757.7,FEST20
8429,8429,Cash on Delivery,Success,48586.39,2025-01-31 05:00:00,5398.49,WELCOME10
8430,8430,UPI,Success,5974.4,2025-06-16 05:00:00,0.0,
8431,8431,Cash on Delivery,Success,5559.59,2026-06-06 00:00:00,981.1,NEWUSER
8432,8432,Net Banking,Success,657.13,2026-03-07 05:00:00,115.97,NEWUSER
8433,8433,UPI,Success,14128.41,2026-04-19 01:00:00,0.0,
8434,8434,Net Banking,Success,1574.73,2024-08-20 05:00:00,0.0,
8435,8435,Credit Card,Refunded,454.74,2025-06-07 03:00:00,0.0,NEWUSER
8436,8436,Credit Card,Success,886.28,2024-07-10 01:00:00,0.0,WELCOME10
8437,8437,Debit Card,Success,2602.49,2026-04-12 05:00:00,136.97,
8438,8438,UPI,Success,172055.47,2026-01-21 00:00:00,9055.55,
8439,8439,Credit Card,Success,5943.84,2025-02-23 00:00:00,312.83,NEWUSER
8440,8440,Credit Card,Success,2923.42,2026-02-12 02:00:00,153.86,NEWUSER
8441,8441,Credit Card,Success,4572.63,2025-12-19 00:00:00,0.0,
8442,8442,Cash on Delivery,Success,20331.12,2026-05-11 01:00:00,3587.84,NEWUSER
8443,8443,UPI,Success,1573.66,2026-01-27 00:00:00,393.41,WELCOME10
8444,8444,UPI,Pending,799.74,2026-01-23 00:00:00,0.0,
8445,8445,UPI,Success,4580.47,2026-03-14 02:00:00,241.08,
8446,8446,Cash on Delivery,Success,1508.32,2025-02-16 04:00:00,377.08,SAVE15
8447,8447,Cash on Delivery,Success,708.46,2026-06-01 04:00:00,37.29,NEWUSER
8448,8448,UPI,Success,10900.14,2026-04-08 02:00:00,0.0,FEST20
8449,8449,Cash on Delivery,Success,4051.02,2025-07-21 01:00:00,714.88,NEWUSER
8450,8450,Debit Card,Success,11511.94,2024-04-17 00:00:00,2877.99,FEST20
8451,8451,UPI,Success,2335.52,2026-02-13 05:00:00,0.0,SAVE15
8452,8452,Credit Card,Refunded,5002.65,2025-07-17 01:00:00,555.85,
8453,8453,UPI,Success,2081.62,2024-11-27 01:00:00,0.0,
8454,8454,Debit Card,Success,1730.53,2025-11-04 02:00:00,0.0,NEWUSER
8455,8455,Cash on Delivery,Success,4067.05,2026-01-10 01:00:00,717.71,WELCOME10
8456,8456,Debit Card,Success,17847.22,2025-01-14 00:00:00,1983.02,
8457,8457,UPI,Success,5678.2,2026-06-25 01:00:00,0.0,
8458,8458,Net Banking,Success,23536.21,2026-05-11 02:00:00,1238.75,NEWUSER
8459,8459,Debit Card,Success,339.46,2025-11-30 05:00:00,0.0,
8460,8460,UPI,Success,1657.18,2025-07-22 05:00:00,292.44,NEWUSER
8461,8461,UPI,Success,8632.95,2025-06-26 04:00:00,0.0,FEST20
8462,8462,UPI,Success,2386.49,2025-10-28 00:00:00,421.15,
8463,8463,UPI,Success,16597.91,2024-09-13 04:00:00,873.57,NEWUSER
8464,8464,EMI,Success,3677.3,2026-06-22 05:00:00,919.32,NEWUSER
8465,8465,Cash on Delivery,Success,7380.17,2024-08-22 04:00:00,820.02,FEST20
8466,8466,UPI,Success,304.99,2025-02-06 02:00:00,0.0,NEWUSER
8467,8467,UPI,Success,617.08,2025-07-07 04:00:00,0.0,WELCOME10
8468,8468,Net Banking,Success,4564.73,2026-04-14 02:00:00,0.0,
8469,8469,Cash on Delivery,Success,4056.29,2026-03-30 01:00:00,0.0,WELCOME10
8470,8470,Credit Card,Success,938.09,2026-05-19 01:00:00,0.0,
8471,8471,Debit Card,Success,12741.72,2025-03-30 03:00:00,0.0,NEWUSER
8472,8472,UPI,Success,1988.06,2025-08-28 05:00:00,220.89,WELCOME10
8473,8473,Credit Card,Success,3240.85,2025-06-14 03:00:00,810.21,
8474,8474,Debit Card,Success,88650.09,2025-04-16 03:00:00,9850.01,
8475,8475,UPI,Success,51240.58,2026-02-26 01:00:00,12810.14,
8476,8476,UPI,Success,5144.83,2026-07-15 03:00:00,1286.21,
8477,8477,UPI,Success,131.06,2024-11-06 01:00:00,32.76,WELCOME10
8478,8478,UPI,Success,192.02,2025-06-24 00:00:00,33.88,
8479,8479,Net Banking,Success,683.08,2026-03-20 03:00:00,75.9,
8480,8480,Credit Card,Refunded,984.06,2026-02-18 00:00:00,173.66,WELCOME10
8481,8481,Cash on Delivery,Success,8710.7,2025-10-14 01:00:00,967.86,NEWUSER
8482,8482,Cash on Delivery,Success,13826.46,2026-01-08 05:00:00,0.0,WELCOME10
8483,8483,Credit Card,Success,1572.27,2025-11-21 02:00:00,393.07,SAVE15
8484,8484,UPI,Success,83261.32,2025-08-02 05:00:00,4382.17,
8485,8485,Debit Card,Success,1314.61,2025-11-26 05:00:00,69.19,
8486,8486,Debit Card,Success,43647.83,2025-12-12 01:00:00,10911.96,SAVE15
8487,8487,Debit Card,Success,4715.88,2025-08-04 05:00:00,1178.97,SAVE15
8488,8488,UPI,Success,3170.49,2026-06-01 03:00:00,792.62,
8489,8489,EMI,Success,218.76,2025-09-28 04:00:00,24.31,
8490,8490,UPI,Success,748.93,2025-11-04 03:00:00,132.16,
8491,8491,UPI,Success,4640.16,2024-07-13 03:00:00,0.0,NEWUSER
8492,8492,Cash on Delivery,Success,1500.31,2026-08-13 02:00:00,166.7,
8493,8493,UPI,Success,839.34,2026-03-23 02:00:00,209.83,
8494,8494,Cash on Delivery,Success,1016.7,2025-01-24 01:00:00,179.42,NEWUSER
8495,8495,UPI,Success,615.28,2026-04-08 01:00:00,0.0,
8496,8496,Net Banking,Success,9315.55,2026-03-20 03:00:00,2328.89,
8497,8497,Credit Card,Success,8325.66,2025-05-06 05:00:00,1469.23,SAVE15
8498,8498,UPI,Success,1347.0,2025-08-03 00:00:00,336.75,WELCOME10
8499,8499,UPI,Success,9424.28,2026-01-16 02:00:00,0.0,
8500,8500,Cash on Delivery,Success,38258.13,2025-08-08 03:00:00,9564.53,WELCOME10
8501,8501,UPI,Success,128906.64,2026-05-19 00:00:00,14322.96,SAVE15
8502,8502,UPI,Success,422.54,2026-05-25 02:00:00,74.57,FEST20
8503,8503,Debit Card,Success,2480.1,2026-04-09 02:00:00,0.0,SAVE15
8504,8504,UPI,Success,1605.48,2026-01-17 00:00:00,178.39,
8505,8505,Credit Card,Success,2656.56,2026-03-25 01:00:00,468.81,
8506,8506,UPI,Success,242356.59,2025-09-21 00:00:00,0.0,
8507,8507,UPI,Success,5733.5,2026-02-13 00:00:00,637.06,FEST20
8508,8508,UPI,Success,31726.13,2025-05-03 02:00:00,3525.12,FEST20
8509,8509,Cash on Delivery,Success,323.63,2024-08-10 04:00:00,17.03,
8510,8510,Cash on Delivery,Success,84699.44,2024-03-12 03:00:00,14946.96,
8511,8511,Net Banking,Success,26506.22,2026-05-28 03:00:00,1395.06,
8512,8512,Cash on Delivery,Not Applicable,22001.14,2026-04-07 03:00:00,0.0,SAVE15
8513,8513,Credit Card,Success,51076.67,2026-07-04 01:00:00,12769.17,
8514,8514,Debit Card,Success,18145.17,2026-08-02 04:00:00,3202.09,NEWUSER
8515,8515,Net Banking,Success,6686.21,2025-07-11 02:00:00,1671.55,
8516,8516,Cash on Delivery,Success,52811.07,2026-05-07 03:00:00,2779.53,
8517,8517,Net Banking,Success,56906.04,2025-05-16 01:00:00,10042.24,
8518,8518,UPI,Success,4392.03,2026-02-13 00:00:00,0.0,
8519,8519,Cash on Delivery,Not Applicable,52138.69,2025-06-29 04:00:00,2744.14,FEST20
8520,8520,Debit Card,Success,14950.4,2025-04-25 01:00:00,2638.31,NEWUSER
8521,8521,Credit Card,Success,3793.76,2025-05-28 03:00:00,669.49,
8522,8522,UPI,Success,4036.21,2025-11-10 03:00:00,0.0,SAVE15
8523,8523,Cash on Delivery,Success,3209.87,2025-11-21 05:00:00,356.65,WELCOME10
8524,8524,Credit Card,Success,5433.02,2025-11-10 04:00:00,603.67,
8525,8525,Net Banking,Success,8107.33,2025-12-27 01:00:00,1430.71,FEST20
8526,8526,UPI,Refunded,254.44,2025-06-27 05:00:00,63.61,
8527,8527,Credit Card,Success,1648.86,2026-01-28 05:00:00,0.0,
8528,8528,EMI,Success,3547.59,2026-01-05 01:00:00,626.05,
8529,8529,EMI,Pending,295.98,2026-06-08 04:00:00,15.58,NEWUSER
8530,8530,UPI,Success,3657.47,2026-01-04 00:00:00,192.5,
8531,8531,UPI,Success,847.97,2025-08-17 00:00:00,211.99,
8532,8532,UPI,Success,4879.16,2025-06-07 05:00:00,0.0,
8533,8533,UPI,Success,5751.34,2026-02-11 01:00:00,302.7,
8534,8534,UPI,Success,709.09,2025-12-04 00:00:00,0.0,
8535,8535,Net Banking,Success,44818.84,2025-12-17 05:00:00,0.0,WELCOME10
8536,8536,Credit Card,Success,661.76,2024-07-26 04:00:00,165.44,NEWUSER
8537,8537,Credit Card,Success,513.77,2024-05-27 00:00:00,90.67,
8538,8538,Debit Card,Success,221.89,2026-01-19 01:00:00,24.66,
8539,8539,UPI,Success,1010.55,2026-03-01 03:00:00,0.0,
8540,8540,UPI,Success,757.37,2026-06-05 01:00:00,84.15,
8541,8541,Cash on Delivery,Success,2597.36,2025-10-15 03:00:00,0.0,NEWUSER
8542,8542,UPI,Success,10655.64,2025-09-28 00:00:00,1880.41,
8543,8543,Net Banking,Success,8743.5,2025-12-23 04:00:00,460.18,
8544,8544,UPI,Success,1894.62,2024-12-09 01:00:00,0.0,FEST20
8545,8545,Credit Card,Success,1333.22,2025-04-24 02:00:00,148.13,
8546,8546,Cash on Delivery,Not Applicable,8624.97,2025-07-28 00:00:00,0.0,SAVE15
8547,8547,UPI,Success,80581.61,2026-02-03 01:00:00,4241.14,
8548,8548,Cash on Delivery,Success,3289.42,2024-08-02 02:00:00,822.36,
8549,8549,Cash on Delivery,Success,689.66,2026-04-08 02:00:00,121.71,
8550,8550,Credit Card,Success,412.09,2026-03-19 04:00:00,72.72,NEWUSER
8551,8551,UPI,Success,853.49,2026-05-01 00:00:00,0.0,
8552,8552,UPI,Success,2735.36,2025-02-26 01:00:00,482.71,
8553,8553,EMI,Success,2077.63,2024-09-10 04:00:00,230.85,FEST20
8554,8554,Debit Card,Refunded,7350.01,2026-08-17 01:00:00,0.0,WELCOME10
8555,8555,UPI,Success,13477.36,2024-10-12 00:00:00,1497.48,
8556,8556,Cash on Delivery,Success,263080.48,2025-04-20 00:00:00,29231.16,WELCOME10
8557,8557,UPI,Success,3427.3,2025-06-22 02:00:00,0.0,FEST20
8558,8558,UPI,Success,281.87,2026-06-10 01:00:00,31.32,FEST20
8559,8559,UPI,Success,5917.53,2026-02-21 05:00:00,1044.27,SAVE15
8560,8560,Debit Card,Success,67024.16,2025-03-21 00:00:00,3527.59,SAVE15
8561,8561,Cash on Delivery,Success,2036.01,2026-03-09 01:00:00,0.0,NEWUSER
8562,8562,Net Banking,Success,1254.94,2025-09-19 04:00:00,0.0,NEWUSER
8563,8563,UPI,Success,669.07,2024-10-21 01:00:00,167.27,
8564,8564,UPI,Success,1992.47,2026-05-20 04:00:00,221.39,
8565,8565,Credit Card,Success,1145.3,2026-02-13 00:00:00,202.11,SAVE15
8566,8566,Credit Card,Success,4497.97,2025-03-25 05:00:00,499.78,FEST20
8567,8567,Net Banking,Success,45819.26,2026-05-21 05:00:00,0.0,NEWUSER
8568,8568,Credit Card,Success,55249.59,2024-09-17 02:00:00,0.0,
8569,8569,Cash on Delivery,Success,2920.92,2025-08-03 05:00:00,515.46,WELCOME10
8570,8570,UPI,Success,697.87,2026-06-13 01:00:00,0.0,
8571,8571,Credit Card,Success,2946.04,2025-12-14 02:00:00,0.0,
8572,8572,UPI,Success,4051.66,2024-11-08 03:00:00,0.0,WELCOME10
8573,8573,Credit Card,Success,4308.86,2025-10-14 04:00:00,1077.22,SAVE15
8574,8574,Credit Card,Success,9061.34,2025-02-06 05:00:00,0.0,
8575,8575,UPI,Success,5062.21,2026-06-01 01:00:00,562.47,
8576,8576,Net Banking,Success,225353.14,2026-01-05 05:00:00,39768.2,
8577,8577,Debit Card,Success,51007.67,2025-10-26 01:00:00,2684.61,
8578,8578,UPI,Success,175.82,2024-08-23 04:00:00,43.96,
8579,8579,Credit Card,Success,186.95,2025-08-25 04:00:00,0.0,
8580,8580,UPI,Success,501.11,2025-11-09 03:00:00,0.0,NEWUSER
8581,8581,UPI,Success,3891.1,2025-01-10 03:00:00,686.66,
8582,8582,UPI,Success,10093.1,2025-05-15 02:00:00,1121.46,WELCOME10
8583,8583,UPI,Success,8924.69,2024-09-30 01:00:00,1574.95,
8584,8584,Credit Card,Success,197.72,2026-04-22 02:00:00,34.89,
8585,8585,UPI,Success,156413.76,2026-04-06 01:00:00,0.0,NEWUSER
8586,8586,EMI,Success,5011.41,2026-03-12 01:00:00,0.0,WELCOME10
8587,8587,UPI,Success,4350.0,2025-08-31 05:00:00,483.33,FEST20
8588,8588,Credit Card,Success,749.29,2026-05-17 01:00:00,187.32,WELCOME10
8589,8589,UPI,Success,7867.52,2025-04-21 03:00:00,0.0,SAVE15
8590,8590,UPI,Success,6374.81,2026-04-08 01:00:00,335.52,
8591,8591,Cash on Delivery,Pending,1454.81,2026-01-15 01:00:00,0.0,SAVE15
8592,8592,UPI,Success,8578.28,2026-02-01 03:00:00,953.14,
8593,8593,Debit Card,Refunded,2969.78,2025-04-12 02:00:00,156.3,WELCOME10
8594,8594,UPI,Success,3232.24,2024-01-18 01:00:00,570.4,WELCOME10
8595,8595,Cash on Delivery,Success,2098.0,2025-12-09 03:00:00,370.24,WELCOME10
8596,8596,Debit Card,Success,54764.82,2026-05-29 04:00:00,6084.98,
8597,8597,Credit Card,Success,1552.15,2025-12-25 04:00:00,81.69,FEST20
8598,8598,Cash on Delivery,Success,61560.85,2025-08-20 04:00:00,3240.05,FEST20
8599,8599,Credit Card,Success,45500.45,2026-01-25 03:00:00,0.0,WELCOME10
8600,8600,UPI,Success,1023.73,2026-04-11 02:00:00,255.93,WELCOME10
8601,8601,UPI,Refunded,926.66,2026-04-26 00:00:00,231.66,SAVE15
8602,8602,Credit Card,Success,196.58,2025-10-30 03:00:00,10.35,WELCOME10
8603,8603,UPI,Success,26571.67,2025-06-02 04:00:00,0.0,FEST20
8604,8604,UPI,Success,601.56,2024-12-19 02:00:00,0.0,FEST20
8605,8605,UPI,Success,3963.4,2025-01-16 04:00:00,699.42,
8606,8606,UPI,Success,51444.75,2026-01-06 00:00:00,0.0,SAVE15
8607,8607,Credit Card,Success,619.29,2026-01-26 02:00:00,109.29,
8608,8608,Credit Card,Success,45601.85,2026-05-20 03:00:00,2400.1,
8609,8609,Credit Card,Success,274.72,2025-11-02 00:00:00,68.68,FEST20
8610,8610,Credit Card,Refunded,861.62,2026-04-07 04:00:00,95.74,SAVE15
8611,8611,Cash on Delivery,Success,5605.01,2025-02-04 03:00:00,622.78,WELCOME10
8612,8612,Debit Card,Success,125.61,2026-07-21 01:00:00,22.17,SAVE15
8613,8613,Credit Card,Success,17056.34,2025-02-27 03:00:00,0.0,SAVE15
8614,8614,Cash on Delivery,Success,4584.36,2025-11-25 05:00:00,0.0,SAVE15
8615,8615,Credit Card,Success,5418.46,2024-01-08 02:00:00,285.18,FEST20
8616,8616,Cash on Delivery,Success,878.15,2025-07-15 04:00:00,0.0,NEWUSER
8617,8617,UPI,Success,359.25,2025-08-14 03:00:00,89.81,
8618,8618,UPI,Success,53317.25,2026-02-24 00:00:00,2806.17,
8619,8619,UPI,Success,4276.35,2025-12-15 03:00:00,225.07,
8620,8620,Credit Card,Success,11083.65,2026-05-04 03:00:00,0.0,NEWUSER
8621,8621,Credit Card,Success,4445.17,2025-10-31 04:00:00,1111.29,
8622,8622,UPI,Success,1071.2,2025-10-08 04:00:00,119.02,NEWUSER
8623,8623,UPI,Success,11914.25,2025-09-07 02:00:00,2102.51,
8624,8624,Debit Card,Success,216069.04,2025-07-10 00:00:00,24007.67,WELCOME10
8625,8625,UPI,Success,4118.89,2026-05-20 05:00:00,216.78,
8626,8626,Debit Card,Success,62666.62,2025-06-27 00:00:00,0.0,
8627,8627,UPI,Success,1498.96,2025-08-07 02:00:00,374.74,SAVE15
8628,8628,Cash on Delivery,Success,2807.77,2025-08-17 05:00:00,311.98,
8629,8629,Debit Card,Refunded,548.02,2024-08-29 01:00:00,96.71,
8630,8630,UPI,Success,12297.86,2026-04-10 04:00:00,647.26,NEWUSER
8631,8631,Credit Card,Success,6349.29,2025-08-12 01:00:00,0.0,NEWUSER
8632,8632,Debit Card,Success,8944.29,2025-10-02 05:00:00,2236.07,NEWUSER
8633,8633,UPI,Success,752.92,2023-12-08 05:00:00,39.63,FEST20
8634,8634,Cash on Delivery,Success,4366.05,2025-09-18 00:00:00,0.0,SAVE15
8635,8635,UPI,Success,21516.64,2024-02-22 05:00:00,0.0,NEWUSER
8636,8636,Net Banking,Success,247.58,2025-08-25 03:00:00,43.69,NEWUSER
8637,8637,Debit Card,Success,980.71,2025-07-12 00:00:00,0.0,WELCOME10
8638,8638,UPI,Success,14322.1,2026-02-20 04:00:00,3580.52,NEWUSER
8639,8639,Debit Card,Success,2008.64,2025-02-21 05:00:00,0.0,NEWUSER
8640,8640,Cash on Delivery,Success,74588.4,2025-07-27 01:00:00,0.0,
8641,8641,UPI,Success,57144.83,2025-07-10 01:00:00,0.0,SAVE15
8642,8642,UPI,Success,1252.62,2025-01-28 01:00:00,0.0,SAVE15
8643,8643,UPI,Success,2367.32,2026-03-02 05:00:00,0.0,WELCOME10
8644,8644,Debit Card,Success,1119.5,2025-03-27 00:00:00,279.88,
8645,8645,Credit Card,Success,22350.92,2025-08-12 03:00:00,1176.36,
8646,8646,Cash on Delivery,Not Applicable,1544.79,2026-06-17 04:00:00,0.0,NEWUSER
8647,8647,Debit Card,Refunded,55893.2,2025-09-06 00:00:00,0.0,NEWUSER
8648,8648,Cash on Delivery,Not Applicable,1477.54,2024-11-30 00:00:00,0.0,
8649,8649,UPI,Success,1608.02,2025-01-04 05:00:00,402.0,FEST20
8650,8650,Credit Card,Success,2199.28,2025-08-06 04:00:00,244.37,
8651,8651,Debit Card,Success,1849.09,2025-03-03 02:00:00,462.27,WELCOME10
8652,8652,Credit Card,Success,5191.59,2025-12-30 03:00:00,576.84,
8653,8653,UPI,Success,1709.69,2026-06-20 00:00:00,189.97,FEST20
8654,8654,UPI,Success,18870.05,2026-08-06 01:00:00,0.0,
8655,8655,UPI,Success,10734.89,2025-08-14 00:00:00,2683.72,FEST20
8656,8656,UPI,Success,2200.64,2025-10-28 01:00:00,0.0,
8657,8657,UPI,Success,150.41,2025-12-01 03:00:00,26.54,NEWUSER
8658,8658,UPI,Success,10816.64,2025-08-07 05:00:00,569.3,
8659,8659,UPI,Success,55573.99,2026-06-27 05:00:00,6174.89,SAVE15
8660,8660,UPI,Success,1910.21,2026-02-28 04:00:00,0.0,
8661,8661,Net Banking,Success,10231.84,2025-10-25 00:00:00,1136.87,WELCOME10
8662,8662,UPI,Success,377.1,2026-03-22 05:00:00,66.55,
8663,8663,EMI,Success,1324.07,2025-03-26 00:00:00,147.12,FEST20
8664,8664,UPI,Success,13982.56,2025-04-24 03:00:00,735.92,WELCOME10
8665,8665,UPI,Success,2352.52,2026-03-08 05:00:00,0.0,FEST20
8666,8666,Net Banking,Success,894.1,2026-02-04 01:00:00,157.78,SAVE15
8667,8667,UPI,Success,386.63,2025-11-25 01:00:00,0.0,
8668,8668,Debit Card,Success,14411.59,2025-07-23 04:00:00,758.51,
8669,8669,Credit Card,Success,2786.8,2024-11-20 02:00:00,146.67,NEWUSER
8670,8670,EMI,Success,8671.77,2026-02-17 00:00:00,2167.94,
8671,8671,Cash on Delivery,Success,1673.92,2026-05-02 01:00:00,0.0,
8672,8672,UPI,Pending,7426.78,2025-04-12 02:00:00,1856.7,WELCOME10
8673,8673,UPI,Success,4494.06,2025-11-17 01:00:00,499.34,
8674,8674,EMI,Pending,5772.98,2025-11-03 05:00:00,1018.76,
8675,8675,Cash on Delivery,Not Applicable,1022.96,2026-02-05 00:00:00,180.52,SAVE15
8676,8676,UPI,Success,4271.32,2025-09-13 00:00:00,0.0,FEST20
8677,8677,UPI,Success,67761.68,2026-05-06 02:00:00,3566.4,NEWUSER
8678,8678,Cash on Delivery,Success,17354.1,2025-12-05 01:00:00,0.0,WELCOME10
8679,8679,Net Banking,Success,5755.49,2025-02-24 03:00:00,639.5,
8680,8680,Cash on Delivery,Success,1011.25,2025-11-24 05:00:00,178.46,WELCOME10
8681,8681,Credit Card,Refunded,811.82,2026-04-04 00:00:00,0.0,NEWUSER
8682,8682,Debit Card,Success,272.22,2025-11-16 05:00:00,68.06,FEST20
8683,8683,Cash on Delivery,Success,48075.71,2024-12-08 01:00:00,12018.93,
8684,8684,Cash on Delivery,Success,5373.34,2026-08-17 02:00:00,0.0,WELCOME10
8685,8685,Cash on Delivery,Success,8436.1,2025-10-01 03:00:00,0.0,SAVE15
8686,8686,Net Banking,Success,1532.96,2026-07-17 03:00:00,0.0,
8687,8687,UPI,Success,3170.83,2026-03-03 03:00:00,559.56,SAVE15
8688,8688,UPI,Success,2283.68,2025-12-05 04:00:00,0.0,NEWUSER
8689,8689,UPI,Success,54949.27,2025-06-12 04:00:00,6105.47,
8690,8690,UPI,Success,184.88,2026-02-12 04:00:00,20.54,WELCOME10
8691,8691,Net Banking,Success,442.79,2026-05-29 01:00:00,49.2,WELCOME10
8692,8692,Credit Card,Success,78392.88,2026-02-10 03:00:00,0.0,
8693,8693,Net Banking,Refunded,2122.56,2026-02-20 05:00:00,235.84,
8694,8694,Credit Card,Success,6781.06,2025-08-04 01:00:00,1196.66,FEST20
8695,8695,Credit Card,Success,1245.61,2026-06-24 02:00:00,311.4,WELCOME10
8696,8696,Credit Card,Success,8087.86,2025-03-10 01:00:00,0.0,WELCOME10
8697,8697,EMI,Success,3390.92,2025-06-30 01:00:00,178.47,FEST20
8698,8698,Debit Card,Success,16800.66,2024-08-29 01:00:00,2964.82,NEWUSER
8699,8699,UPI,Success,1392.16,2026-05-28 00:00:00,73.27,FEST20
8700,8700,Cash on Delivery,Success,803.33,2025-12-21 04:00:00,42.28,FEST20
8701,8701,Net Banking,Success,1239.36,2025-10-15 02:00:00,0.0,FEST20
8702,8702,UPI,Success,926.74,2025-04-03 05:00:00,163.54,WELCOME10
8703,8703,UPI,Success,5127.44,2024-10-11 04:00:00,569.72,
8704,8704,Cash on Delivery,Success,7716.89,2026-06-27 00:00:00,1361.81,NEWUSER
8705,8705,Debit Card,Success,3526.16,2024-09-28 04:00:00,881.54,FEST20
8706,8706,UPI,Success,1913.15,2024-09-03 02:00:00,100.69,
8707,8707,UPI,Success,2939.95,2025-04-11 02:00:00,154.73,WELCOME10
8708,8708,Credit Card,Success,2303.94,2026-01-08 02:00:00,255.99,NEWUSER
8709,8709,UPI,Pending,39377.15,2026-02-04 00:00:00,0.0,FEST20
8710,8710,UPI,Success,2235.88,2026-06-04 01:00:00,117.68,NEWUSER
8711,8711,Debit Card,Pending,5020.16,2025-06-29 01:00:00,1255.04,
8712,8712,EMI,Success,145140.58,2025-12-02 03:00:00,25613.04,WELCOME10
8713,8713,Cash on Delivery,Success,2506.0,2025-12-20 00:00:00,442.24,NEWUSER
8714,8714,Net Banking,Success,12274.16,2026-03-27 03:00:00,0.0,
8715,8715,Cash on Delivery,Success,10191.72,2025-02-19 01:00:00,0.0,WELCOME10
8716,8716,Debit Card,Refunded,5410.57,2025-04-13 02:00:00,601.18,
8717,8717,Debit Card,Success,954.32,2025-10-17 02:00:00,238.58,
8718,8718,UPI,Success,4947.68,2025-11-04 03:00:00,0.0,
8719,8719,Net Banking,Success,6185.56,2026-05-01 02:00:00,687.28,FEST20
8720,8720,UPI,Success,2866.04,2026-03-31 05:00:00,0.0,
8721,8721,Net Banking,Success,2894.38,2024-03-16 03:00:00,321.6,WELCOME10
8722,8722,Cash on Delivery,Not Applicable,2389.46,2026-04-01 00:00:00,125.76,FEST20
8723,8723,UPI,Success,839.66,2026-06-20 04:00:00,0.0,NEWUSER
8724,8724,Debit Card,Success,2923.6,2024-12-23 05:00:00,324.84,
8725,8725,Debit Card,Success,10147.85,2025-09-01 04:00:00,0.0,
8726,8726,Debit Card,Success,32733.13,2026-03-23 04:00:00,1722.8,WELCOME10
8727,8727,Credit Card,Success,3947.36,2025-04-01 00:00:00,696.59,SAVE15
8728,8728,UPI,Success,5195.89,2026-04-04 04:00:00,273.47,FEST20
8729,8729,Credit Card,Success,473.67,2025-07-26 03:00:00,0.0,
8730,8730,Cash on Delivery,Pending,3614.6,2024-10-07 00:00:00,401.62,WELCOME10
8731,8731,Net Banking,Success,27806.02,2026-02-15 04:00:00,0.0,
8732,8732,Debit Card,Refunded,1970.45,2025-12-07 02:00:00,218.94,FEST20
8733,8733,Debit Card,Success,2950.78,2025-08-31 01:00:00,737.7,SAVE15
8734,8734,UPI,Success,1410.73,2024-06-06 02:00:00,156.75,SAVE15
8735,8735,Cash on Delivery,Not Applicable,3452.02,2026-02-21 03:00:00,609.18,
8736,8736,Debit Card,Success,774.78,2026-02-24 01:00:00,0.0,NEWUSER
8737,8737,UPI,Success,95280.77,2026-01-02 05:00:00,10586.75,NEWUSER
8738,8738,UPI,Success,1592.42,2025-12-21 03:00:00,281.02,SAVE15
8739,8739,UPI,Success,14756.43,2024-10-19 03:00:00,0.0,NEWUSER
8740,8740,Credit Card,Success,1296.65,2024-11-27 00:00:00,324.16,SAVE15
8741,8741,EMI,Success,92.52,2026-04-06 04:00:00,10.28,NEWUSER
8742,8742,Cash on Delivery,Success,220.65,2025-12-10 01:00:00,11.61,NEWUSER
8743,8743,Cash on Delivery,Pending,1099.7,2025-12-14 03:00:00,274.93,
8744,8744,Credit Card,Success,4076.76,2026-04-09 04:00:00,0.0,SAVE15
8745,8745,Cash on Delivery,Success,35569.67,2025-10-26 04:00:00,3952.18,FEST20
8746,8746,UPI,Success,1873.98,2025-10-05 01:00:00,0.0,WELCOME10
8747,8747,Net Banking,Success,4821.31,2025-11-25 04:00:00,0.0,NEWUSER
8748,8748,Debit Card,Success,1883.28,2025-10-25 04:00:00,209.25,
8749,8749,Cash on Delivery,Success,280148.83,2025-11-12 03:00:00,31127.65,
8750,8750,Credit Card,Success,4180.66,2025-03-03 05:00:00,0.0,
8751,8751,UPI,Success,203.72,2026-02-12 02:00:00,50.93,
8752,8752,EMI,Success,485.57,2025-01-18 03:00:00,53.95,NEWUSER
8753,8753,Debit Card,Success,901.55,2025-11-19 02:00:00,0.0,NEWUSER
8754,8754,UPI,Refunded,1666.02,2026-03-22 04:00:00,185.11,SAVE15
8755,8755,Cash on Delivery,Success,1665.38,2026-03-05 00:00:00,416.34,
8756,8756,UPI,Success,1156.97,2025-02-02 00:00:00,0.0,
8757,8757,UPI,Success,460.56,2025-07-17 00:00:00,24.24,
8758,8758,UPI,Success,2343.95,2026-02-28 04:00:00,0.0,FEST20
8759,8759,UPI,Success,7868.63,2026-03-18 03:00:00,0.0,
8760,8760,Credit Card,Success,1699.81,2025-05-31 03:00:00,0.0,
8761,8761,UPI,Success,40799.74,2026-02-08 02:00:00,0.0,NEWUSER
8762,8762,Cash on Delivery,Success,11845.64,2025-09-27 02:00:00,0.0,FEST20
8763,8763,Debit Card,Success,1987.35,2024-09-25 03:00:00,496.84,
8764,8764,Credit Card,Success,673.48,2024-08-23 00:00:00,74.83,NEWUSER
8765,8765,UPI,Success,342.98,2025-02-26 04:00:00,18.05,FEST20
8766,8766,UPI,Success,75427.4,2026-05-08 03:00:00,0.0,WELCOME10
8767,8767,Credit Card,Success,5635.47,2025-10-19 03:00:00,0.0,SAVE15
8768,8768,UPI,Success,43823.83,2024-04-14 04:00:00,4869.32,SAVE15
8769,8769,Credit Card,Success,3840.74,2025-10-20 05:00:00,202.14,NEWUSER
8770,8770,UPI,Success,46766.42,2025-01-08 02:00:00,2461.39,FEST20
8771,8771,UPI,Success,12336.33,2026-03-12 03:00:00,649.28,FEST20
8772,8772,Net Banking,Success,1450.84,2025-07-23 03:00:00,0.0,NEWUSER
8773,8773,UPI,Success,3181.14,2025-03-22 02:00:00,353.46,
8774,8774,UPI,Success,339675.08,2025-09-28 05:00:00,0.0,SAVE15
8775,8775,UPI,Success,5971.26,2026-01-12 05:00:00,0.0,FEST20
8776,8776,Cash on Delivery,Success,1489.71,2026-03-02 05:00:00,0.0,SAVE15
8777,8777,Credit Card,Success,2335.86,2025-12-06 00:00:00,0.0,
8778,8778,Cash on Delivery,Success,2864.65,2025-12-29 03:00:00,0.0,
8779,8779,Cash on Delivery,Success,54553.19,2025-10-02 02:00:00,6061.47,
8780,8780,Debit Card,Refunded,71077.64,2024-11-10 01:00:00,7897.52,
8781,8781,UPI,Success,7865.81,2025-10-22 03:00:00,413.99,FEST20
8782,8782,Debit Card,Success,4410.11,2025-07-14 04:00:00,0.0,SAVE15
8783,8783,Cash on Delivery,Success,6328.25,2026-07-06 02:00:00,333.07,WELCOME10
8784,8784,Credit Card,Refunded,872.94,2025-07-15 05:00:00,0.0,WELCOME10
8785,8785,EMI,Success,77941.73,2025-01-10 02:00:00,0.0,FEST20
8786,8786,UPI,Success,1233.98,2026-03-27 01:00:00,137.11,
8787,8787,Debit Card,Success,248936.01,2026-02-07 02:00:00,13101.9,
8788,8788,UPI,Refunded,1041.0,2025-01-08 01:00:00,0.0,
8789,8789,Credit Card,Success,1948.26,2026-05-24 02:00:00,487.06,WELCOME10
8790,8790,UPI,Success,368.43,2026-05-18 01:00:00,65.02,WELCOME10
8791,8791,UPI,Success,3568.09,2025-08-22 04:00:00,0.0,FEST20
8792,8792,UPI,Success,331.01,2025-05-14 01:00:00,0.0,
8793,8793,Cash on Delivery,Success,2790.32,2025-06-06 00:00:00,492.41,
8794,8794,UPI,Success,4215.8,2026-03-05 05:00:00,743.96,NEWUSER
8795,8795,UPI,Success,841.9,2025-06-08 05:00:00,210.48,NEWUSER
8796,8796,UPI,Success,379.84,2026-05-17 00:00:00,67.03,NEWUSER
8797,8797,Cash on Delivery,Pending,5698.3,2025-01-14 05:00:00,1005.58,
8798,8798,UPI,Success,285.06,2026-03-10 02:00:00,71.26,
8799,8799,Credit Card,Success,10429.18,2026-01-18 02:00:00,2607.29,SAVE15
8800,8800,Net Banking,Success,41539.08,2026-07-01 02:00:00,2186.27,NEWUSER
8801,8801,Cash on Delivery,Success,848.79,2025-11-22 03:00:00,44.67,NEWUSER
8802,8802,Credit Card,Success,3671.17,2025-06-18 05:00:00,917.79,WELCOME10
8803,8803,Debit Card,Success,693.07,2026-01-07 01:00:00,36.48,
8804,8804,Credit Card,Refunded,15296.58,2025-12-10 04:00:00,1699.62,
8805,8805,UPI,Success,11667.36,2025-10-12 04:00:00,0.0,WELCOME10
8806,8806,UPI,Success,5408.38,2025-06-21 02:00:00,0.0,
8807,8807,Debit Card,Success,10558.97,2025-08-23 04:00:00,1173.22,
8808,8808,UPI,Success,172.23,2026-01-13 02:00:00,9.06,
8809,8809,Debit Card,Success,6416.7,2026-03-08 01:00:00,0.0,
8810,8810,Cash on Delivery,Success,9567.93,2024-12-23 02:00:00,1688.46,
8811,8811,Cash on Delivery,Success,11278.38,2026-02-02 04:00:00,0.0,
8812,8812,EMI,Success,29606.95,2025-03-15 05:00:00,7401.74,
8813,8813,Cash on Delivery,Not Applicable,15742.35,2024-12-31 00:00:00,1749.15,
8814,8814,UPI,Success,3958.4,2026-04-04 01:00:00,439.82,SAVE15
8815,8815,Credit Card,Success,2592.31,2025-10-20 03:00:00,457.47,
8816,8816,Debit Card,Refunded,3559.03,2025-12-01 00:00:00,628.07,
8817,8817,UPI,Success,65880.43,2026-03-31 01:00:00,11625.96,NEWUSER
8818,8818,EMI,Success,946.58,2026-05-13 03:00:00,49.82,
8819,8819,Cash on Delivery,Success,3736.57,2026-03-21 03:00:00,415.18,FEST20
8820,8820,UPI,Success,2266.88,2025-03-12 03:00:00,0.0,FEST20
8821,8821,Cash on Delivery,Success,1928.58,2025-04-15 01:00:00,0.0,
8822,8822,Credit Card,Success,3354.56,2025-09-29 04:00:00,838.64,WELCOME10
8823,8823,Credit Card,Success,860.01,2025-07-18 03:00:00,0.0,FEST20
8824,8824,Credit Card,Success,4046.54,2024-03-14 03:00:00,0.0,WELCOME10
8825,8825,UPI,Success,105056.45,2025-09-10 04:00:00,18539.37,
8826,8826,UPI,Success,3332.32,2025-07-20 01:00:00,175.38,NEWUSER
8827,8827,Debit Card,Success,6473.88,2026-08-17 04:00:00,340.73,
8828,8828,Cash on Delivery,Success,237303.89,2025-10-03 02:00:00,26367.1,FEST20
8829,8829,Cash on Delivery,Success,1003.71,2025-09-14 02:00:00,52.83,FEST20
8830,8830,UPI,Success,2113.24,2026-04-06 02:00:00,372.92,
8831,8831,Debit Card,Success,4454.93,2025-12-24 02:00:00,786.16,SAVE15
8832,8832,Debit Card,Success,25048.94,2026-01-23 00:00:00,2783.22,
8833,8833,EMI,Success,3043.6,2025-06-27 00:00:00,338.18,SAVE15
8834,8834,UPI,Success,3555.66,2025-08-07 00:00:00,187.14,
8835,8835,UPI,Success,2308.26,2026-06-15 00:00:00,407.34,FEST20
8836,8836,UPI,Success,6561.89,2025-10-18 02:00:00,345.36,FEST20
8837,8837,Cash on Delivery,Success,3277.76,2026-02-02 04:00:00,0.0,WELCOME10
8838,8838,UPI,Success,1138.24,2024-02-11 01:00:00,200.86,SAVE15
8839,8839,Cash on Delivery,Success,71275.16,2025-04-17 03:00:00,0.0,NEWUSER
8840,8840,Cash on Delivery,Not Applicable,796.94,2026-07-26 04:00:00,0.0,NEWUSER
8841,8841,Credit Card,Success,5548.62,2025-10-26 03:00:00,0.0,WELCOME10
8842,8842,UPI,Success,1172.57,2025-09-05 00:00:00,293.14,
8843,8843,Net Banking,Success,58936.08,2026-07-12 01:00:00,0.0,
8844,8844,Credit Card,Success,6796.16,2025-06-26 03:00:00,1699.04,FEST20
8845,8845,UPI,Success,1201.64,2025-10-07 02:00:00,0.0,WELCOME10
8846,8846,Net Banking,Success,72265.6,2026-05-15 03:00:00,3803.45,FEST20
8847,8847,Credit Card,Success,40085.76,2026-06-11 02:00:00,0.0,SAVE15
8848,8848,UPI,Success,1875.06,2026-05-31 00:00:00,330.89,FEST20
8849,8849,Cash on Delivery,Success,1674.46,2025-10-04 02:00:00,0.0,FEST20
8850,8850,Debit Card,Refunded,576.52,2024-05-11 03:00:00,144.13,NEWUSER
8851,8851,UPI,Success,536.42,2026-05-03 02:00:00,94.66,
8852,8852,UPI,Success,4696.41,2025-11-04 02:00:00,828.78,NEWUSER
8853,8853,Cash on Delivery,Not Applicable,2007.44,2026-02-06 03:00:00,105.66,
8854,8854,Net Banking,Success,7809.36,2025-06-29 04:00:00,0.0,WELCOME10
8855,8855,Debit Card,Success,929.2,2026-01-16 01:00:00,0.0,
8856,8856,UPI,Success,2036.39,2026-07-01 04:00:00,359.36,NEWUSER
8857,8857,UPI,Success,359.78,2024-11-14 03:00:00,0.0,
8858,8858,UPI,Success,389.76,2026-05-29 05:00:00,0.0,WELCOME10
8859,8859,UPI,Success,7929.86,2025-09-30 01:00:00,881.1,FEST20
8860,8860,UPI,Success,54660.12,2026-08-17 01:00:00,0.0,
8861,8861,UPI,Success,65091.4,2026-07-24 04:00:00,7232.38,
8862,8862,UPI,Success,259.14,2025-11-02 03:00:00,45.73,
8863,8863,Credit Card,Success,629.23,2025-03-14 03:00:00,33.12,
8864,8864,Cash on Delivery,Success,3607.16,2026-07-29 04:00:00,400.8,NEWUSER
8865,8865,UPI,Success,26434.37,2025-04-15 04:00:00,6608.59,WELCOME10
8866,8866,UPI,Success,6654.68,2025-11-09 05:00:00,1174.36,WELCOME10
8867,8867,EMI,Success,1274.88,2025-10-31 05:00:00,67.1,FEST20
8868,8868,Cash on Delivery,Success,7201.82,2024-08-11 01:00:00,0.0,SAVE15
8869,8869,UPI,Success,435.02,2025-09-04 00:00:00,0.0,NEWUSER
8870,8870,Credit Card,Success,17479.88,2026-04-07 03:00:00,1942.21,WELCOME10
8871,8871,Cash on Delivery,Success,29797.23,2025-08-07 04:00:00,5258.34,
8872,8872,Debit Card,Success,54627.72,2025-12-19 04:00:00,9640.18,
8873,8873,UPI,Refunded,2458.07,2025-08-28 02:00:00,433.78,WELCOME10
8874,8874,UPI,Success,767.96,2025-01-31 05:00:00,0.0,
8875,8875,UPI,Success,3910.76,2025-08-11 04:00:00,434.53,
8876,8876,UPI,Success,1216.41,2026-03-13 03:00:00,0.0,WELCOME10
8877,8877,Debit Card,Success,16201.37,2025-03-26 05:00:00,4050.34,FEST20
8878,8878,Debit Card,Success,1898.3,2025-09-05 03:00:00,0.0,FEST20
8879,8879,UPI,Success,1275.2,2026-02-18 05:00:00,141.69,
8880,8880,EMI,Success,19945.19,2025-07-11 04:00:00,2216.13,
8881,8881,Credit Card,Success,932.18,2026-01-29 00:00:00,0.0,
8882,8882,UPI,Success,3953.97,2026-07-13 01:00:00,439.33,SAVE15
8883,8883,Debit Card,Success,11445.53,2026-08-05 03:00:00,0.0,WELCOME10
8884,8884,UPI,Success,577.3,2025-09-30 03:00:00,30.38,WELCOME10
8885,8885,UPI,Success,42750.52,2026-07-01 04:00:00,0.0,SAVE15
8886,8886,Debit Card,Success,312.1,2025-01-08 00:00:00,0.0,NEWUSER
8887,8887,Credit Card,Success,1883.07,2025-06-28 04:00:00,99.11,NEWUSER
8888,8888,UPI,Success,1886.66,2026-02-08 04:00:00,99.3,
8889,8889,UPI,Success,1378.12,2026-07-21 03:00:00,0.0,
8890,8890,Net Banking,Success,2621.65,2026-06-13 03:00:00,291.3,FEST20
8891,8891,UPI,Success,2977.4,2025-08-05 01:00:00,0.0,FEST20
8892,8892,UPI,Success,6775.1,2026-06-13 02:00:00,356.58,WELCOME10
8893,8893,Credit Card,Success,435.32,2025-11-03 01:00:00,76.82,SAVE15
8894,8894,Debit Card,Success,7007.3,2025-12-08 04:00:00,0.0,
8895,8895,UPI,Success,417.91,2025-11-23 04:00:00,46.44,NEWUSER
8896,8896,Cash on Delivery,Success,501.81,2025-12-06 04:00:00,0.0,
8897,8897,Credit Card,Success,6237.08,2025-04-16 04:00:00,328.27,SAVE15
8898,8898,Cash on Delivery,Not Applicable,951.37,2024-08-19 02:00:00,0.0,
8899,8899,Debit Card,Success,65126.69,2025-11-27 02:00:00,11492.94,
8900,8900,UPI,Refunded,4565.64,2026-01-07 03:00:00,0.0,
8901,8901,UPI,Success,1324.83,2025-04-08 04:00:00,0.0,FEST20
8902,8902,EMI,Success,1993.33,2026-06-18 02:00:00,498.33,FEST20
8903,8903,Cash on Delivery,Success,123922.2,2025-02-08 00:00:00,6522.22,
8904,8904,Debit Card,Success,214016.92,2026-04-13 02:00:00,0.0,NEWUSER
8905,8905,Debit Card,Refunded,1879.08,2025-07-13 03:00:00,0.0,SAVE15
8906,8906,UPI,Success,36815.4,2026-02-24 00:00:00,4090.6,
8907,8907,Debit Card,Success,3567.22,2025-09-24 05:00:00,891.81,FEST20
8908,8908,UPI,Success,554.53,2025-11-19 02:00:00,61.61,
8909,8909,UPI,Success,1756.62,2026-04-21 03:00:00,439.15,SAVE15
8910,8910,UPI,Success,40339.2,2026-01-21 01:00:00,0.0,
8911,8911,Cash on Delivery,Success,71961.32,2026-04-28 04:00:00,7995.7,
8912,8912,Net Banking,Success,2020.73,2025-03-14 03:00:00,224.53,
8913,8913,Credit Card,Success,18604.22,2025-07-04 03:00:00,4651.06,
8914,8914,Cash on Delivery,Not Applicable,1273.5,2025-07-08 02:00:00,0.0,
8915,8915,UPI,Success,417.51,2026-06-30 03:00:00,21.97,WELCOME10
8916,8916,UPI,Success,2820.35,2024-10-13 02:00:00,497.71,FEST20
8917,8917,UPI,Success,26383.82,2024-11-21 05:00:00,6595.95,
8918,8918,UPI,Success,1422.21,2026-03-06 02:00:00,0.0,
8919,8919,Debit Card,Success,2543.64,2025-10-27 02:00:00,0.0,NEWUSER
8920,8920,UPI,Success,2418.19,2026-04-17 05:00:00,0.0,WELCOME10
8921,8921,Cash on Delivery,Success,54186.25,2025-02-11 00:00:00,2851.91,
8922,8922,Net Banking,Success,3770.72,2026-07-26 04:00:00,0.0,
8923,8923,UPI,Refunded,53593.8,2025-04-23 02:00:00,2820.73,
8924,8924,Cash on Delivery,Success,82966.46,2024-10-28 01:00:00,0.0,
8925,8925,Cash on Delivery,Success,4069.53,2025-03-15 02:00:00,0.0,NEWUSER
8926,8926,EMI,Success,617.81,2025-01-05 02:00:00,154.45,WELCOME10
8927,8927,Credit Card,Success,1216.33,2025-12-27 01:00:00,214.65,
8928,8928,Cash on Delivery,Success,2411.65,2024-06-25 01:00:00,425.59,WELCOME10
8929,8929,UPI,Success,772.19,2025-05-06 01:00:00,85.8,FEST20
8930,8930,Net Banking,Success,40368.73,2024-12-01 04:00:00,7123.89,FEST20
8931,8931,EMI,Refunded,3817.17,2024-08-08 02:00:00,0.0,SAVE15
8932,8932,Debit Card,Success,678.28,2025-07-12 03:00:00,75.36,SAVE15
8933,8933,UPI,Success,135870.14,2025-10-03 00:00:00,0.0,
8934,8934,Cash on Delivery,Success,45470.46,2025-10-25 04:00:00,0.0,
8935,8935,EMI,Success,4530.03,2024-08-30 01:00:00,238.42,WELCOME10
8936,8936,Debit Card,Success,5817.34,2026-01-11 00:00:00,306.18,
8937,8937,Cash on Delivery,Success,1985.74,2025-06-04 05:00:00,350.43,WELCOME10
8938,8938,Credit Card,Success,6138.69,2026-03-11 04:00:00,682.08,WELCOME10
8939,8939,UPI,Success,742.88,2025-09-27 03:00:00,39.1,NEWUSER
8940,8940,UPI,Refunded,33787.9,2025-05-08 00:00:00,5962.57,
8941,8941,Cash on Delivery,Success,4744.74,2026-05-23 05:00:00,0.0,SAVE15
8942,8942,Credit Card,Success,41698.56,2024-08-31 02:00:00,2194.66,NEWUSER
8943,8943,Credit Card,Refunded,22379.26,2025-09-27 00:00:00,0.0,SAVE15
8944,8944,UPI,Success,66159.44,2026-03-24 05:00:00,3482.08,SAVE15
8945,8945,UPI,Success,694.41,2026-05-05 02:00:00,36.55,
8946,8946,UPI,Success,639.66,2026-07-24 02:00:00,0.0,NEWUSER
8947,8947,Cash on Delivery,Success,2418.18,2026-03-01 01:00:00,426.74,WELCOME10
8948,8948,UPI,Success,1259.45,2025-09-13 00:00:00,222.26,NEWUSER
8949,8949,UPI,Success,311.84,2025-11-04 04:00:00,34.65,NEWUSER
8950,8950,UPI,Success,483.69,2025-08-27 03:00:00,53.74,NEWUSER
8951,8951,Cash on Delivery,Success,14091.52,2026-02-05 01:00:00,1565.72,
8952,8952,Cash on Delivery,Success,71531.44,2024-10-02 01:00:00,0.0,WELCOME10
8953,8953,UPI,Success,2915.01,2026-07-04 01:00:00,728.75,FEST20
8954,8954,Net Banking,Success,189.73,2024-07-21 03:00:00,0.0,
8955,8955,Net Banking,Success,138389.89,2025-09-10 03:00:00,34597.47,SAVE15
8956,8956,UPI,Success,14912.89,2024-11-14 00:00:00,1656.99,
8957,8957,UPI,Success,8821.08,2025-11-14 04:00:00,0.0,WELCOME10
8958,8958,Credit Card,Refunded,12433.56,2025-10-09 02:00:00,0.0,WELCOME10
8959,8959,UPI,Success,10326.7,2025-06-28 03:00:00,0.0,NEWUSER
8960,8960,UPI,Refunded,64660.53,2025-06-13 01:00:00,7184.5,SAVE15
8961,8961,Net Banking,Success,16313.86,2025-08-04 05:00:00,858.62,WELCOME10
8962,8962,Cash on Delivery,Success,8093.97,2025-07-06 00:00:00,0.0,
8963,8963,UPI,Success,542.48,2025-10-27 04:00:00,135.62,
8964,8964,UPI,Success,2116.92,2025-12-08 04:00:00,0.0,WELCOME10
8965,8965,UPI,Success,6563.82,2026-01-04 03:00:00,0.0,SAVE15
8966,8966,EMI,Success,75749.35,2026-01-18 03:00:00,8416.59,
8967,8967,Credit Card,Refunded,1313.51,2025-12-28 05:00:00,231.79,NEWUSER
8968,8968,Cash on Delivery,Success,10566.8,2025-02-11 02:00:00,0.0,NEWUSER
8969,8969,Cash on Delivery,Success,136728.89,2026-07-26 01:00:00,24128.63,WELCOME10
8970,8970,UPI,Success,459.3,2025-04-06 01:00:00,114.82,FEST20
8971,8971,UPI,Refunded,347.92,2026-08-12 01:00:00,38.66,
8972,8972,UPI,Success,598.63,2026-04-05 04:00:00,66.51,
8973,8973,UPI,Success,15520.25,2024-08-28 02:00:00,2738.87,
8974,8974,UPI,Success,83585.59,2025-12-02 03:00:00,9287.29,SAVE15
8975,8975,UPI,Refunded,3777.2,2026-07-25 01:00:00,0.0,FEST20
8976,8976,Cash on Delivery,Success,68044.2,2024-09-18 05:00:00,17011.05,
8977,8977,Cash on Delivery,Success,10957.03,2025-08-05 02:00:00,576.69,
8978,8978,EMI,Success,48466.58,2024-04-27 01:00:00,8552.93,
8979,8979,Cash on Delivery,Not Applicable,28926.82,2026-07-08 02:00:00,1522.46,NEWUSER
8980,8980,Credit Card,Success,1523.95,2026-07-17 05:00:00,169.33,NEWUSER
8981,8981,Cash on Delivery,Success,2564.17,2025-12-13 03:00:00,284.91,
8982,8982,UPI,Success,570.21,2026-07-19 03:00:00,0.0,
8983,8983,UPI,Success,31463.9,2026-06-27 00:00:00,1655.99,
8984,8984,UPI,Success,3600.67,2025-07-21 02:00:00,0.0,
8985,8985,Debit Card,Success,475.85,2025-06-06 00:00:00,0.0,
8986,8986,UPI,Success,708.94,2026-02-07 03:00:00,78.77,SAVE15
8987,8987,Net Banking,Success,3348.79,2026-01-25 01:00:00,176.25,
8988,8988,UPI,Refunded,749.77,2025-11-19 00:00:00,0.0,SAVE15
8989,8989,UPI,Success,7317.9,2026-04-23 05:00:00,0.0,WELCOME10
8990,8990,Debit Card,Success,10765.7,2025-05-06 01:00:00,0.0,
8991,8991,UPI,Success,988.15,2024-07-13 01:00:00,0.0,
8992,8992,EMI,Refunded,3007.36,2025-12-21 05:00:00,158.28,
8993,8993,UPI,Success,772.7,2026-03-05 00:00:00,193.17,
8994,8994,Debit Card,Success,7704.86,2026-02-15 00:00:00,856.1,WELCOME10
8995,8995,Debit Card,Success,475.84,2025-08-20 01:00:00,118.96,
8996,8996,Debit Card,Success,886.21,2025-04-13 01:00:00,221.55,FEST20
8997,8997,Debit Card,Success,1095.72,2026-03-18 02:00:00,273.93,
8998,8998,UPI,Success,444.15,2025-12-05 00:00:00,78.38,WELCOME10
8999,8999,Cash on Delivery,Success,71862.83,2024-06-24 01:00:00,12681.68,NEWUSER
9000,9000,UPI,Success,528.09,2025-03-27 03:00:00,0.0,
9001,9001,Debit Card,Success,192.65,2025-12-04 00:00:00,10.14,SAVE15
9002,9002,EMI,Success,12705.37,2024-01-01 02:00:00,1411.71,
9003,9003,Credit Card,Success,1840.77,2025-12-11 05:00:00,0.0,SAVE15
9004,9004,Cash on Delivery,Success,396.86,2025-03-13 03:00:00,99.21,NEWUSER
9005,9005,Cash on Delivery,Success,4268.17,2024-11-26 03:00:00,0.0,
9006,9006,Cash on Delivery,Success,17852.51,2026-06-11 00:00:00,1983.61,SAVE15
9007,9007,UPI,Success,42290.83,2026-04-18 05:00:00,0.0,
9008,9008,UPI,Success,4041.41,2025-01-04 03:00:00,0.0,FEST20
9009,9009,Debit Card,Success,382.39,2024-04-07 00:00:00,20.13,SAVE15
9010,9010,UPI,Success,10925.08,2026-02-17 01:00:00,0.0,WELCOME10
9011,9011,UPI,Success,37106.24,2026-03-27 05:00:00,1952.96,FEST20
9012,9012,UPI,Success,593.24,2026-08-17 03:00:00,65.92,SAVE15
9013,9013,UPI,Success,8772.88,2026-08-16 00:00:00,974.76,
9014,9014,UPI,Refunded,23424.92,2024-08-07 04:00:00,0.0,NEWUSER
9015,9015,Net Banking,Success,573.12,2026-03-17 04:00:00,63.68,WELCOME10
9016,9016,UPI,Success,469.55,2025-06-21 01:00:00,52.17,
9017,9017,Credit Card,Success,2120.76,2025-09-06 01:00:00,0.0,SAVE15
9018,9018,UPI,Success,1874.12,2025-07-20 02:00:00,330.73,
9019,9019,Debit Card,Success,7502.62,2026-01-04 02:00:00,394.87,
9020,9020,Debit Card,Success,4859.31,2026-01-19 01:00:00,255.75,
9021,9021,UPI,Success,2228.31,2025-08-02 04:00:00,247.59,FEST20
9022,9022,Net Banking,Success,6303.38,2026-01-07 00:00:00,1575.84,
9023,9023,Cash on Delivery,Success,2493.36,2026-08-17 05:00:00,0.0,FEST20
9024,9024,Cash on Delivery,Success,696.58,2025-10-05 00:00:00,0.0,
9025,9025,Cash on Delivery,Success,2961.83,2025-12-04 00:00:00,329.09,
9026,9026,Cash on Delivery,Success,10931.09,2025-07-11 05:00:00,0.0,FEST20
9027,9027,UPI,Success,1457.36,2026-02-24 04:00:00,0.0,WELCOME10
9028,9028,Debit Card,Refunded,1463.26,2025-10-04 02:00:00,365.81,
9029,9029,Net Banking,Success,12220.9,2024-01-26 05:00:00,0.0,FEST20
9030,9030,UPI,Refunded,1857.3,2025-11-29 03:00:00,0.0,NEWUSER
9031,9031,Cash on Delivery,Success,1772.91,2026-02-22 05:00:00,93.31,
9032,9032,Credit Card,Refunded,24980.96,2025-12-10 04:00:00,0.0,
9033,9033,Cash on Delivery,Success,345.91,2026-04-16 03:00:00,0.0,
9034,9034,Credit Card,Success,30892.17,2025-04-20 00:00:00,5451.56,NEWUSER
9035,9035,Credit Card,Success,1610.29,2025-03-11 04:00:00,284.17,SAVE15
9036,9036,Credit Card,Pending,467.9,2026-03-01 02:00:00,0.0,WELCOME10
9037,9037,Credit Card,Success,3372.3,2025-11-30 01:00:00,843.08,
9038,9038,Debit Card,Success,61356.22,2025-12-15 00:00:00,0.0,
9039,9039,UPI,Success,8181.34,2026-06-06 00:00:00,0.0,NEWUSER
9040,9040,Credit Card,Success,9366.84,2025-07-26 04:00:00,1040.76,FEST20
9041,9041,UPI,Success,3738.32,2026-03-06 02:00:00,415.37,FEST20
9042,9042,UPI,Success,3708.77,2025-07-22 03:00:00,412.09,SAVE15
9043,9043,Credit Card,Success,11085.9,2025-08-08 01:00:00,1231.77,
9044,9044,UPI,Success,4857.88,2026-08-02 01:00:00,539.76,
9045,9045,EMI,Success,810.21,2024-10-31 02:00:00,0.0,WELCOME10
9046,9046,Cash on Delivery,Success,2562.46,2025-01-13 03:00:00,0.0,SAVE15
9047,9047,Cash on Delivery,Success,17141.38,2025-12-04 01:00:00,1904.6,WELCOME10
9048,9048,Net Banking,Success,119.22,2026-04-15 01:00:00,0.0,NEWUSER
9049,9049,Cash on Delivery,Not Applicable,522.28,2025-08-16 04:00:00,27.49,
9050,9050,Credit Card,Success,1507.59,2026-01-09 00:00:00,0.0,
9051,9051,Credit Card,Success,2437.15,2024-10-05 04:00:00,270.79,
9052,9052,UPI,Success,9703.56,2026-03-14 03:00:00,0.0,SAVE15
9053,9053,UPI,Success,4448.97,2024-11-02 02:00:00,234.16,
9054,9054,Cash on Delivery,Success,3401.01,2025-12-21 02:00:00,0.0,SAVE15
9055,9055,Cash on Delivery,Success,134128.11,2025-02-16 01:00:00,7059.37,FEST20
9056,9056,Cash on Delivery,Success,1714.62,2025-06-01 00:00:00,0.0,SAVE15
9057,9057,Debit Card,Success,1069.02,2025-07-06 04:00:00,56.26,WELCOME10
9058,9058,Debit Card,Success,775.29,2026-02-19 05:00:00,40.81,WELCOME10
9059,9059,Debit Card,Success,13292.54,2025-03-19 04:00:00,3323.13,WELCOME10
9060,9060,Net Banking,Success,41652.54,2025-08-20 05:00:00,2192.24,
9061,9061,Credit Card,Success,6112.36,2025-08-24 04:00:00,0.0,
9062,9062,UPI,Success,12569.22,2025-10-13 03:00:00,2218.1,SAVE15
9063,9063,Debit Card,Success,9934.4,2026-01-31 00:00:00,0.0,FEST20
9064,9064,Cash on Delivery,Success,5766.3,2025-12-02 03:00:00,1017.58,
9065,9065,Credit Card,Refunded,1332.71,2026-01-29 04:00:00,0.0,SAVE15
9066,9066,UPI,Success,485.53,2025-09-25 03:00:00,85.68,SAVE15
9067,9067,UPI,Refunded,713.9,2023-09-29 05:00:00,79.32,
9068,9068,Cash on Delivery,Success,1152.81,2026-03-28 01:00:00,0.0,
9069,9069,UPI,Success,264.66,2026-03-16 00:00:00,29.41,
9070,9070,UPI,Success,5902.03,2026-03-21 00:00:00,1475.51,NEWUSER
9071,9071,Debit Card,Success,4652.84,2025-09-22 01:00:00,0.0,WELCOME10
9072,9072,Debit Card,Success,1548.19,2025-08-05 04:00:00,81.48,
9073,9073,UPI,Success,18384.98,2025-08-18 05:00:00,2042.78,
9074,9074,UPI,Success,108586.94,2026-07-22 05:00:00,0.0,
9075,9075,Debit Card,Success,25595.49,2025-08-14 00:00:00,4516.85,
9076,9076,Debit Card,Success,205250.39,2026-01-31 00:00:00,10802.65,SAVE15
9077,9077,UPI,Success,646.12,2025-05-08 03:00:00,71.79,SAVE15
9078,9078,Credit Card,Success,35285.38,2026-05-08 02:00:00,8821.34,FEST20
9079,9079,Credit Card,Success,806.72,2026-06-27 00:00:00,0.0,FEST20
9080,9080,Credit Card,Success,6645.76,2024-09-03 00:00:00,349.78,SAVE15
9081,9081,UPI,Success,2011.64,2026-04-22 03:00:00,105.88,FEST20
9082,9082,Cash on Delivery,Success,727.28,2026-02-14 03:00:00,38.28,SAVE15
9083,9083,UPI,Success,55760.03,2025-10-24 05:00:00,0.0,WELCOME10
9084,9084,Credit Card,Success,391.97,2024-12-29 05:00:00,97.99,
9085,9085,UPI,Success,1745.29,2025-10-14 05:00:00,307.99,
9086,9086,Debit Card,Success,395.87,2026-01-04 02:00:00,43.99,SAVE15
9087,9087,UPI,Success,2029.78,2025-12-19 01:00:00,358.2,
9088,9088,Credit Card,Success,1480.52,2025-10-16 02:00:00,164.5,
9089,9089,UPI,Success,2174.16,2025-04-04 02:00:00,0.0,
9090,9090,Credit Card,Success,5678.63,2024-09-30 02:00:00,0.0,WELCOME10
9091,9091,Net Banking,Refunded,13509.88,2025-09-08 01:00:00,0.0,
9092,9092,UPI,Success,192832.86,2024-10-22 00:00:00,0.0,FEST20
9093,9093,UPI,Success,287.22,2024-08-30 02:00:00,71.8,
9094,9094,Cash on Delivery,Success,1795.71,2025-05-28 03:00:00,199.52,WELCOME10
9095,9095,UPI,Success,1907.91,2025-02-11 04:00:00,0.0,NEWUSER
9096,9096,Credit Card,Success,2904.01,2025-01-15 00:00:00,322.67,
9097,9097,EMI,Success,3076.52,2026-02-21 05:00:00,542.92,WELCOME10
9098,9098,UPI,Success,626.73,2026-06-12 03:00:00,69.64,FEST20
9099,9099,EMI,Success,1129.52,2025-11-25 03:00:00,59.45,
9100,9100,Cash on Delivery,Success,8806.24,2024-11-09 00:00:00,463.49,
9101,9101,Net Banking,Success,515.69,2025-08-31 05:00:00,0.0,WELCOME10
9102,9102,UPI,Success,2626.5,2025-08-04 05:00:00,291.83,
9103,9103,Credit Card,Success,36560.51,2026-01-18 05:00:00,9140.13,NEWUSER
9104,9104,UPI,Success,83988.62,2026-01-26 05:00:00,4420.45,WELCOME10
9105,9105,UPI,Success,2622.91,2026-02-10 00:00:00,0.0,FEST20
9106,9106,Credit Card,Success,14655.78,2026-02-14 00:00:00,3663.94,
9107,9107,UPI,Success,2794.0,2025-03-23 05:00:00,310.44,NEWUSER
9108,9108,UPI,Success,3847.19,2026-03-15 00:00:00,0.0,FEST20
9109,9109,UPI,Success,13667.9,2025-04-18 04:00:00,3416.98,
9110,9110,UPI,Success,888.41,2026-02-09 04:00:00,46.76,SAVE15
9111,9111,Cash on Delivery,Success,1940.17,2024-08-17 04:00:00,102.11,SAVE15
9112,9112,Credit Card,Success,716.28,2026-03-29 05:00:00,0.0,
9113,9113,Cash on Delivery,Success,1891.34,2025-10-07 04:00:00,0.0,WELCOME10
9114,9114,Debit Card,Success,479.68,2025-03-11 02:00:00,0.0,WELCOME10
9115,9115,Credit Card,Success,1817.88,2025-06-18 00:00:00,0.0,NEWUSER
9116,9116,Cash on Delivery,Success,3389.51,2026-07-16 01:00:00,598.15,FEST20
9117,9117,Cash on Delivery,Success,1740.04,2025-09-13 01:00:00,193.34,FEST20
9118,9118,UPI,Success,442.03,2026-03-23 01:00:00,0.0,WELCOME10
9119,9119,Cash on Delivery,Success,2744.82,2026-08-17 02:00:00,304.98,WELCOME10
9120,9120,UPI,Success,649.84,2026-05-22 01:00:00,114.68,
9121,9121,UPI,Success,8651.52,2026-02-12 03:00:00,0.0,NEWUSER
9122,9122,Debit Card,Success,88.34,2025-05-14 03:00:00,22.09,WELCOME10
9123,9123,Cash on Delivery,Not Applicable,596.33,2026-06-23 01:00:00,149.08,
9124,9124,UPI,Success,6284.03,2026-04-28 00:00:00,698.23,
9125,9125,Cash on Delivery,Success,16070.49,2025-12-03 05:00:00,2835.97,
9126,9126,UPI,Success,4892.64,2025-04-21 03:00:00,1223.16,
9127,9127,EMI,Success,2080.61,2024-08-04 02:00:00,231.18,
9128,9128,Net Banking,Success,2932.58,2025-03-06 00:00:00,0.0,FEST20
9129,9129,Cash on Delivery,Success,418.22,2026-02-06 05:00:00,0.0,
9130,9130,Credit Card,Success,4080.41,2026-02-19 01:00:00,0.0,
9131,9131,UPI,Success,2099.33,2026-02-15 02:00:00,233.26,NEWUSER
9132,9132,Credit Card,Success,2664.25,2025-10-08 00:00:00,0.0,
9133,9133,Cash on Delivery,Success,10391.42,2025-12-17 05:00:00,2597.86,
9134,9134,Credit Card,Success,45376.32,2025-10-27 02:00:00,0.0,SAVE15
9135,9135,UPI,Success,33377.7,2026-01-01 04:00:00,0.0,SAVE15
9136,9136,UPI,Success,1866.17,2025-06-05 00:00:00,98.22,FEST20
9137,9137,Credit Card,Refunded,51507.25,2026-07-29 05:00:00,5723.03,WELCOME10
9138,9138,UPI,Success,3458.6,2026-06-07 02:00:00,0.0,
9139,9139,Debit Card,Success,56786.46,2025-03-01 02:00:00,0.0,WELCOME10
9140,9140,Cash on Delivery,Success,10482.34,2025-05-02 00:00:00,551.7,WELCOME10
9141,9141,Cash on Delivery,Success,1648.86,2026-03-08 00:00:00,86.78,
9142,9142,Cash on Delivery,Success,26039.01,2025-08-17 05:00:00,0.0,
9143,9143,UPI,Success,7143.74,2025-10-22 02:00:00,793.75,FEST20
9144,9144,Cash on Delivery,Success,10955.6,2024-06-10 01:00:00,0.0,SAVE15
9145,9145,Cash on Delivery,Success,12349.02,2025-05-31 02:00:00,649.95,
9146,9146,Credit Card,Success,6340.79,2026-02-28 00:00:00,0.0,WELCOME10
9147,9147,Debit Card,Success,9938.36,2026-04-24 03:00:00,1104.26,WELCOME10
9148,9148,Credit Card,Success,1115.42,2025-10-20 02:00:00,0.0,
9149,9149,EMI,Success,1805.9,2025-07-09 03:00:00,451.47,
9150,9150,Cash on Delivery,Success,3520.81,2025-12-10 03:00:00,621.32,WELCOME10
9151,9151,Credit Card,Success,753.3,2025-01-08 05:00:00,0.0,WELCOME10
9152,9152,UPI,Success,2657.34,2026-06-25 04:00:00,468.94,
9153,9153,UPI,Success,2479.86,2024-08-18 01:00:00,619.97,NEWUSER
9154,9154,Cash on Delivery,Success,82427.76,2025-11-05 01:00:00,4338.3,SAVE15
9155,9155,UPI,Success,16614.08,2025-06-15 03:00:00,0.0,WELCOME10
9156,9156,UPI,Success,62286.58,2025-08-05 05:00:00,0.0,
9157,9157,UPI,Success,150.44,2025-11-20 05:00:00,26.55,WELCOME10
9158,9158,Cash on Delivery,Success,1504.36,2025-12-28 04:00:00,265.48,FEST20
9159,9159,UPI,Success,11636.53,2025-11-04 02:00:00,1292.95,
9160,9160,Net Banking,Success,4917.6,2026-02-23 00:00:00,1229.4,SAVE15
9161,9161,UPI,Success,84043.62,2025-11-12 03:00:00,0.0,
9162,9162,UPI,Pending,28898.8,2024-07-18 01:00:00,7224.7,WELCOME10
9163,9163,UPI,Success,32620.15,2024-11-12 02:00:00,3624.46,WELCOME10
9164,9164,Cash on Delivery,Not Applicable,113887.56,2026-02-17 01:00:00,0.0,
9165,9165,UPI,Success,140207.88,2025-07-15 05:00:00,0.0,SAVE15
9166,9166,Debit Card,Success,10353.07,2025-07-15 05:00:00,2588.27,FEST20
9167,9167,Cash on Delivery,Success,20439.6,2025-07-20 04:00:00,0.0,SAVE15
9168,9168,Credit Card,Success,619.59,2026-04-26 04:00:00,32.61,
9169,9169,Net Banking,Success,3878.25,2025-07-29 03:00:00,684.4,WELCOME10
9170,9170,EMI,Success,807.7,2025-12-01 01:00:00,0.0,NEWUSER
9171,9171,Cash on Delivery,Not Applicable,741.7,2025-10-19 00:00:00,130.89,NEWUSER
9172,9172,UPI,Success,185.31,2025-08-18 00:00:00,32.7,
9173,9173,Cash on Delivery,Success,3989.99,2026-04-25 01:00:00,210.0,SAVE15
9174,9174,Debit Card,Success,26237.08,2026-04-27 04:00:00,6559.27,NEWUSER
9175,9175,UPI,Success,3737.15,2024-11-05 04:00:00,659.5,WELCOME10
9176,9176,Credit Card,Success,8385.15,2025-07-02 04:00:00,1479.73,
9177,9177,Net Banking,Success,8973.45,2025-04-07 05:00:00,1583.55,
9178,9178,UPI,Success,67985.69,2025-12-28 01:00:00,3578.19,
9179,9179,Cash on Delivery,Success,3190.05,2024-12-26 02:00:00,354.45,WELCOME10
9180,9180,UPI,Success,370.89,2024-11-12 03:00:00,92.72,
9181,9181,UPI,Refunded,2401.81,2024-11-04 01:00:00,0.0,WELCOME10
9182,9182,UPI,Refunded,537.66,2026-03-28 03:00:00,0.0,FEST20
9183,9183,Net Banking,Success,27748.38,2026-05-07 05:00:00,6937.09,
9184,9184,Cash on Delivery,Success,1359.87,2025-08-19 04:00:00,339.97,NEWUSER
9185,9185,UPI,Success,11604.82,2026-03-06 02:00:00,0.0,SAVE15
9186,9186,Credit Card,Success,36892.75,2025-11-01 05:00:00,6510.49,
9187,9187,Net Banking,Success,3360.11,2026-03-30 00:00:00,0.0,
9188,9188,UPI,Success,9665.49,2026-06-24 04:00:00,1705.68,NEWUSER
9189,9189,Cash on Delivery,Success,4010.37,2025-04-20 04:00:00,707.71,WELCOME10
9190,9190,UPI,Success,164.38,2026-05-07 04:00:00,29.01,WELCOME10
9191,9191,Credit Card,Success,68475.77,2025-12-07 04:00:00,7608.42,
9192,9192,UPI,Success,11602.26,2024-10-30 00:00:00,0.0,
9193,9193,Cash on Delivery,Success,46729.39,2025-06-18 00:00:00,2459.44,
9194,9194,Cash on Delivery,Success,8064.05,2025-03-30 05:00:00,1423.07,FEST20
9195,9195,Credit Card,Success,1361.41,2024-12-16 01:00:00,151.27,SAVE15
9196,9196,EMI,Success,2244.67,2026-03-30 02:00:00,249.41,
9197,9197,Debit Card,Success,6163.37,2025-06-10 04:00:00,1540.84,WELCOME10
9198,9198,Net Banking,Success,1116.53,2026-07-02 04:00:00,197.04,FEST20
9199,9199,Debit Card,Success,13208.08,2026-06-07 00:00:00,2330.84,
9200,9200,Debit Card,Success,1117.42,2026-04-28 03:00:00,279.35,FEST20
9201,9201,UPI,Success,716.21,2026-05-18 02:00:00,179.05,SAVE15
9202,9202,UPI,Success,1715.32,2025-07-27 02:00:00,428.83,WELCOME10
9203,9203,Credit Card,Success,2047.48,2025-01-15 04:00:00,0.0,WELCOME10
9204,9204,Cash on Delivery,Success,681.44,2025-12-30 02:00:00,120.25,NEWUSER
9205,9205,Credit Card,Success,4250.31,2025-12-06 02:00:00,223.7,
9206,9206,UPI,Refunded,28683.99,2025-12-10 05:00:00,3187.11,NEWUSER
9207,9207,Cash on Delivery,Success,9746.78,2026-02-06 05:00:00,0.0,SAVE15
9208,9208,UPI,Success,5620.81,2024-07-31 05:00:00,624.53,NEWUSER
9209,9209,Net Banking,Success,11696.26,2026-07-07 02:00:00,1299.59,SAVE15
9210,9210,Cash on Delivery,Success,1755.17,2025-09-06 05:00:00,195.02,
9211,9211,Credit Card,Success,155332.72,2026-01-27 02:00:00,0.0,SAVE15
9212,9212,Cash on Delivery,Success,6342.46,2025-10-01 03:00:00,1585.62,FEST20
9213,9213,UPI,Success,634.34,2025-12-31 04:00:00,33.39,
9214,9214,UPI,Success,1977.54,2026-05-05 03:00:00,0.0,SAVE15
9215,9215,Debit Card,Success,84273.64,2026-01-31 05:00:00,0.0,FEST20
9216,9216,Credit Card,Success,7874.54,2025-11-30 00:00:00,1389.62,
9217,9217,UPI,Success,583.81,2025-10-27 04:00:00,64.87,WELCOME10
9218,9218,EMI,Success,6501.07,2025-08-10 01:00:00,1147.25,NEWUSER
9219,9219,UPI,Success,715.88,2025-01-12 00:00:00,37.68,
9220,9220,Cash on Delivery,Success,568.13,2025-12-16 01:00:00,0.0,WELCOME10
9221,9221,Credit Card,Success,9437.02,2026-02-10 04:00:00,1048.56,SAVE15
9222,9222,Net Banking,Success,758.89,2024-06-02 03:00:00,0.0,NEWUSER
9223,9223,Credit Card,Success,21547.76,2026-04-05 02:00:00,0.0,
9224,9224,Debit Card,Success,414.04,2024-07-29 01:00:00,46.0,NEWUSER
9225,9225,Net Banking,Success,1687.0,2025-01-25 03:00:00,297.71,FEST20
9226,9226,UPI,Refunded,3890.27,2025-03-28 05:00:00,0.0,
9227,9227,Cash on Delivery,Success,1077.16,2025-07-17 00:00:00,56.69,
9228,9228,UPI,Success,23981.5,2026-01-24 04:00:00,0.0,
9229,9229,UPI,Success,3913.78,2025-12-19 03:00:00,434.87,NEWUSER
9230,9230,UPI,Success,908.06,2025-07-18 02:00:00,0.0,NEWUSER
9231,9231,UPI,Success,1286.15,2025-08-05 00:00:00,67.69,NEWUSER
9232,9232,UPI,Success,139153.05,2026-05-06 01:00:00,0.0,SAVE15
9233,9233,Debit Card,Success,87729.72,2026-05-25 03:00:00,0.0,NEWUSER
9234,9234,Debit Card,Success,1753.06,2025-09-09 03:00:00,438.26,FEST20
9235,9235,UPI,Success,23312.09,2025-01-25 03:00:00,2590.23,
9236,9236,Cash on Delivery,Success,1819.72,2026-03-01 05:00:00,95.77,FEST20
9237,9237,UPI,Success,5610.18,2026-01-04 05:00:00,990.03,
9238,9238,UPI,Success,5762.86,2025-11-20 04:00:00,640.32,SAVE15
9239,9239,Debit Card,Success,6925.04,2025-12-02 02:00:00,0.0,
9240,9240,EMI,Refunded,3676.82,2025-12-30 03:00:00,0.0,NEWUSER
9241,9241,Net Banking,Success,43593.47,2026-03-02 00:00:00,7692.96,
9242,9242,UPI,Success,573.17,2026-01-21 02:00:00,143.29,
9243,9243,UPI,Success,3819.24,2024-03-19 05:00:00,673.98,
9244,9244,UPI,Success,636.26,2025-09-15 02:00:00,33.49,FEST20
9245,9245,Debit Card,Success,796.47,2026-03-06 05:00:00,0.0,
9246,9246,Debit Card,Success,4390.34,2025-02-20 02:00:00,487.81,SAVE15
9247,9247,EMI,Success,3802.54,2025-05-07 05:00:00,950.64,
9248,9248,UPI,Success,1246.34,2025-08-15 04:00:00,219.94,
9249,9249,Net Banking,Pending,6919.0,2025-02-05 04:00:00,0.0,
9250,9250,Cash on Delivery,Success,5828.78,2025-06-09 02:00:00,647.64,WELCOME10
9251,9251,Cash on Delivery,Success,44861.99,2025-11-14 04:00:00,2361.16,SAVE15
9252,9252,EMI,Success,62368.7,2025-09-12 02:00:00,6929.86,NEWUSER
9253,9253,Net Banking,Success,4794.83,2026-02-03 01:00:00,0.0,SAVE15
9254,9254,UPI,Success,1758.85,2025-12-31 02:00:00,310.39,
9255,9255,Cash on Delivery,Not Applicable,2947.93,2026-02-20 02:00:00,0.0,WELCOME10
9256,9256,UPI,Success,592.57,2026-01-30 02:00:00,104.57,SAVE15
9257,9257,Cash on Delivery,Success,441.92,2026-05-29 02:00:00,77.98,
9258,9258,UPI,Success,4395.22,2024-10-30 04:00:00,0.0,
9259,9259,Cash on Delivery,Success,3246.37,2024-12-01 02:00:00,811.59,SAVE15
9260,9260,UPI,Success,110026.33,2026-07-08 01:00:00,5790.86,FEST20
9261,9261,UPI,Success,1988.0,2025-05-28 03:00:00,0.0,
9262,9262,UPI,Success,6446.11,2024-03-25 03:00:00,339.27,NEWUSER
9263,9263,Cash on Delivery,Success,4884.56,2026-06-02 05:00:00,257.08,NEWUSER
9264,9264,Credit Card,Success,7873.1,2026-03-23 00:00:00,1968.28,FEST20
9265,9265,Cash on Delivery,Success,789.89,2025-12-02 03:00:00,41.57,
9266,9266,Debit Card,Success,867.35,2026-03-01 02:00:00,0.0,
9267,9267,EMI,Success,5924.15,2025-12-02 01:00:00,0.0,
9268,9268,Net Banking,Success,32859.47,2026-02-06 01:00:00,0.0,SAVE15
9269,9269,Debit Card,Success,1196.37,2026-04-06 02:00:00,211.12,WELCOME10
9270,9270,UPI,Success,52095.15,2026-01-22 01:00:00,0.0,WELCOME10
9271,9271,Cash on Delivery,Success,3878.38,2026-06-29 04:00:00,0.0,NEWUSER
9272,9272,Credit Card,Success,135210.63,2026-08-17 03:00:00,7116.35,SAVE15
9273,9273,Cash on Delivery,Success,2314.36,2025-03-18 01:00:00,408.42,
9274,9274,Credit Card,Pending,240229.59,2025-11-16 04:00:00,0.0,WELCOME10
9275,9275,UPI,Success,1818.0,2025-03-02 05:00:00,320.82,WELCOME10
9276,9276,UPI,Success,216.76,2026-03-11 05:00:00,38.25,SAVE15
9277,9277,Credit Card,Success,472.99,2025-06-21 01:00:00,0.0,FEST20
9278,9278,UPI,Success,83089.62,2025-02-02 02:00:00,4373.14,
9279,9279,UPI,Success,4990.45,2026-06-23 01:00:00,0.0,
9280,9280,Net Banking,Pending,1670.26,2026-04-01 04:00:00,185.58,WELCOME10
9281,9281,UPI,Success,1332.83,2025-02-10 04:00:00,148.09,WELCOME10
9282,9282,UPI,Success,2878.12,2024-02-11 01:00:00,0.0,SAVE15
9283,9283,EMI,Success,1774.89,2025-09-05 05:00:00,0.0,WELCOME10
9284,9284,Cash on Delivery,Success,17912.79,2024-11-01 05:00:00,0.0,
9285,9285,UPI,Success,12753.46,2025-06-08 05:00:00,0.0,SAVE15
9286,9286,Cash on Delivery,Success,1355.98,2025-08-16 03:00:00,338.99,
9287,9287,Credit Card,Success,3700.75,2025-08-15 02:00:00,0.0,
9288,9288,Credit Card,Success,2465.92,2024-09-09 01:00:00,435.16,NEWUSER
9289,9289,Cash on Delivery,Success,2253.91,2025-11-11 00:00:00,118.63,
9290,9290,Credit Card,Success,1853.97,2025-07-11 01:00:00,463.49,WELCOME10
9291,9291,Cash on Delivery,Success,536.66,2026-04-23 04:00:00,0.0,WELCOME10
9292,9292,UPI,Refunded,73269.78,2026-08-17 02:00:00,0.0,
9293,9293,UPI,Success,1442.59,2026-04-23 01:00:00,160.29,
9294,9294,Credit Card,Success,3326.08,2026-05-27 00:00:00,369.56,
9295,9295,UPI,Refunded,2184.78,2024-11-15 00:00:00,114.99,SAVE15
9296,9296,Cash on Delivery,Success,519.94,2025-12-22 00:00:00,27.36,
9297,9297,UPI,Success,5744.67,2024-12-13 03:00:00,302.35,SAVE15
9298,9298,Debit Card,Success,252.01,2025-12-02 02:00:00,28.0,FEST20
9299,9299,Credit Card,Success,960.39,2026-05-13 00:00:00,106.71,FEST20
9300,9300,Debit Card,Success,580.8,2026-05-01 02:00:00,102.49,
9301,9301,EMI,Success,6162.68,2024-09-26 05:00:00,0.0,
9302,9302,Cash on Delivery,Success,667.82,2025-12-20 00:00:00,35.15,WELCOME10
9303,9303,UPI,Success,36890.32,2025-10-08 05:00:00,9222.58,
9304,9304,UPI,Success,314.17,2025-12-13 01:00:00,34.91,SAVE15
9305,9305,Debit Card,Refunded,1726.95,2024-11-16 03:00:00,304.76,
9306,9306,Debit Card,Success,5710.72,2026-02-11 00:00:00,634.52,
9307,9307,Cash on Delivery,Success,2311.29,2025-01-16 02:00:00,407.87,SAVE15
9308,9308,Credit Card,Success,2864.11,2025-11-06 00:00:00,0.0,
9309,9309,EMI,Success,54036.85,2026-08-12 02:00:00,6004.09,
9310,9310,Net Banking,Success,625.88,2026-01-27 04:00:00,0.0,FEST20
9311,9311,UPI,Success,6223.6,2026-02-21 04:00:00,327.56,
9312,9312,UPI,Success,53446.56,2026-04-07 00:00:00,5938.51,NEWUSER
9313,9313,Credit Card,Success,4386.27,2024-09-18 00:00:00,487.36,FEST20
9314,9314,Net Banking,Success,8386.98,2025-09-10 01:00:00,1480.06,
9315,9315,UPI,Success,446.33,2025-10-17 00:00:00,78.77,SAVE15
9316,9316,Debit Card,Success,3204.7,2026-01-27 02:00:00,801.18,WELCOME10
9317,9317,Cash on Delivery,Success,9753.77,2025-02-28 03:00:00,0.0,
9318,9318,Cash on Delivery,Success,4266.02,2025-11-08 01:00:00,0.0,
9319,9319,UPI,Success,4294.65,2025-11-12 01:00:00,0.0,SAVE15
9320,9320,Debit Card,Success,4132.01,2024-08-25 04:00:00,1033.0,WELCOME10
9321,9321,UPI,Success,5505.47,2026-08-01 00:00:00,289.76,
9322,9322,UPI,Success,614.79,2025-12-01 02:00:00,108.49,
9323,9323,Net Banking,Success,3749.15,2025-05-22 02:00:00,416.57,SAVE15
9324,9324,UPI,Success,8201.42,2026-02-05 05:00:00,0.0,
9325,9325,Debit Card,Success,710.53,2024-09-29 00:00:00,125.39,
9326,9326,Net Banking,Success,3484.03,2025-09-30 03:00:00,183.37,FEST20
9327,9327,Debit Card,Success,15295.62,2025-12-17 00:00:00,1699.51,
9328,9328,Cash on Delivery,Success,9452.41,2025-05-15 04:00:00,0.0,NEWUSER
9329,9329,UPI,Success,7587.95,2026-03-18 03:00:00,843.11,WELCOME10
9330,9330,Cash on Delivery,Success,987.18,2025-04-02 04:00:00,109.69,SAVE15
9331,9331,Cash on Delivery,Success,3011.07,2024-06-06 04:00:00,334.56,
9332,9332,Credit Card,Success,20368.12,2025-07-29 05:00:00,2263.12,NEWUSER
9333,9333,UPI,Success,2142.4,2025-12-26 04:00:00,0.0,SAVE15
9334,9334,Net Banking,Success,10740.65,2025-11-06 00:00:00,2685.16,
9335,9335,Cash on Delivery,Success,67315.16,2025-07-17 03:00:00,16828.79,SAVE15
9336,9336,UPI,Refunded,19530.72,2024-08-23 00:00:00,0.0,WELCOME10
9337,9337,Debit Card,Refunded,552.76,2025-04-23 02:00:00,29.09,WELCOME10
9338,9338,Cash on Delivery,Success,131011.92,2025-03-21 03:00:00,0.0,SAVE15
9339,9339,UPI,Success,104522.74,2025-09-22 02:00:00,5501.2,SAVE15
9340,9340,EMI,Success,1624.28,2026-01-24 03:00:00,0.0,NEWUSER
9341,9341,UPI,Success,239.84,2026-03-21 00:00:00,0.0,WELCOME10
9342,9342,Net Banking,Success,137.38,2024-09-26 04:00:00,15.26,
9343,9343,Credit Card,Success,130.02,2025-08-03 05:00:00,22.95,NEWUSER
9344,9344,EMI,Success,45339.13,2025-08-30 00:00:00,8001.02,NEWUSER
9345,9345,UPI,Success,514.9,2025-09-30 04:00:00,128.73,NEWUSER
9346,9346,Net Banking,Success,3429.63,2024-07-13 03:00:00,180.51,WELCOME10
9347,9347,UPI,Success,4755.39,2025-05-02 00:00:00,839.19,WELCOME10
9348,9348,UPI,Refunded,51288.09,2025-05-24 00:00:00,0.0,NEWUSER
9349,9349,UPI,Refunded,4346.45,2025-08-28 01:00:00,228.76,NEWUSER
9350,9350,Debit Card,Success,22492.51,2025-03-24 04:00:00,2499.17,FEST20
9351,9351,Credit Card,Success,61507.71,2025-07-11 03:00:00,3237.25,SAVE15
9352,9352,Debit Card,Success,422.26,2025-12-28 01:00:00,105.57,FEST20
9353,9353,Net Banking,Success,80518.98,2025-09-22 02:00:00,0.0,
9354,9354,UPI,Success,2334.62,2025-08-06 01:00:00,0.0,FEST20
9355,9355,UPI,Success,1388.51,2026-05-01 02:00:00,0.0,NEWUSER
9356,9356,UPI,Success,3087.07,2026-03-03 04:00:00,343.01,
9357,9357,UPI,Success,8827.39,2025-06-25 04:00:00,464.6,SAVE15
9358,9358,UPI,Success,153398.96,2025-07-03 04:00:00,0.0,FEST20
9359,9359,Debit Card,Success,18471.16,2026-04-07 04:00:00,4617.79,
9360,9360,EMI,Success,2783.98,2026-06-26 04:00:00,0.0,SAVE15
9361,9361,Net Banking,Success,3846.26,2026-02-22 04:00:00,0.0,WELCOME10
9362,9362,UPI,Success,6049.08,2025-11-09 00:00:00,672.12,
9363,9363,Cash on Delivery,Success,607.7,2025-07-09 03:00:00,31.98,NEWUSER
9364,9364,Debit Card,Success,4087.91,2026-02-20 04:00:00,454.21,
9365,9365,UPI,Success,1520.35,2025-01-15 02:00:00,380.09,
9366,9366,Credit Card,Success,592.64,2026-01-20 04:00:00,148.16,SAVE15
9367,9367,Cash on Delivery,Success,7563.33,2026-02-19 01:00:00,398.07,
9368,9368,Debit Card,Success,24854.2,2025-02-24 04:00:00,4386.03,
9369,9369,UPI,Success,2471.11,2026-03-02 02:00:00,0.0,SAVE15
9370,9370,Cash on Delivery,Success,849.68,2025-03-26 04:00:00,0.0,
9371,9371,Cash on Delivery,Success,5755.04,2024-11-16 02:00:00,0.0,SAVE15
9372,9372,UPI,Success,5158.7,2025-10-24 05:00:00,1289.68,NEWUSER
9373,9373,Cash on Delivery,Not Applicable,4254.64,2025-10-11 02:00:00,472.74,
9374,9374,UPI,Success,124854.86,2026-03-15 02:00:00,31213.72,
9375,9375,Credit Card,Refunded,538.02,2024-08-30 00:00:00,59.78,
9376,9376,Credit Card,Success,2367.89,2025-11-03 03:00:00,0.0,NEWUSER
9377,9377,Credit Card,Success,1372.5,2025-01-24 05:00:00,343.13,SAVE15
9378,9378,UPI,Refunded,252928.5,2024-09-09 01:00:00,0.0,
9379,9379,Cash on Delivery,Success,1234.2,2025-09-02 05:00:00,308.55,FEST20
9380,9380,UPI,Success,10362.91,2025-11-14 00:00:00,1151.43,WELCOME10
9381,9381,Cash on Delivery,Success,4847.36,2026-02-18 03:00:00,0.0,
9382,9382,Cash on Delivery,Success,11069.99,2026-08-02 02:00:00,1230.0,FEST20
9383,9383,Cash on Delivery,Not Applicable,24091.26,2024-02-14 02:00:00,6022.82,WELCOME10
9384,9384,UPI,Success,3142.69,2024-04-12 02:00:00,554.59,
9385,9385,Debit Card,Success,13967.96,2026-02-05 01:00:00,0.0,
9386,9386,UPI,Success,40788.76,2024-11-15 00:00:00,0.0,
9387,9387,Debit Card,Success,1016.77,2025-10-29 05:00:00,0.0,SAVE15
9388,9388,Cash on Delivery,Success,3316.68,2024-12-01 04:00:00,174.56,
9389,9389,UPI,Success,9288.35,2025-04-18 03:00:00,2322.09,WELCOME10
9390,9390,Debit Card,Success,46528.01,2024-04-29 00:00:00,8210.83,SAVE15
9391,9391,UPI,Success,4400.56,2025-03-09 05:00:00,0.0,
9392,9392,Debit Card,Success,1495.44,2026-04-20 03:00:00,263.9,
9393,9393,Credit Card,Success,1540.3,2025-03-04 02:00:00,271.82,WELCOME10
9394,9394,Credit Card,Success,1097.89,2026-01-28 03:00:00,57.78,NEWUSER
9395,9395,UPI,Success,1527.04,2026-02-07 03:00:00,381.76,SAVE15
9396,9396,UPI,Success,6599.71,2025-12-04 05:00:00,1164.65,
9397,9397,Cash on Delivery,Pending,1387.96,2025-10-25 04:00:00,244.94,SAVE15
9398,9398,UPI,Refunded,1185.32,2025-02-15 04:00:00,62.39,
9399,9399,Cash on Delivery,Success,53518.07,2026-04-09 05:00:00,0.0,
9400,9400,EMI,Pending,6896.34,2025-12-20 04:00:00,0.0,
9401,9401,Credit Card,Pending,18887.67,2025-08-18 00:00:00,2098.63,WELCOME10
9402,9402,UPI,Success,2175.36,2025-01-28 04:00:00,0.0,NEWUSER
9403,9403,Credit Card,Success,556.47,2026-03-30 03:00:00,29.29,
9404,9404,UPI,Success,12684.57,2025-11-21 00:00:00,0.0,
9405,9405,UPI,Success,3687.9,2026-01-27 04:00:00,0.0,
9406,9406,Credit Card,Success,1220.63,2024-04-23 02:00:00,215.41,
9407,9407,Net Banking,Refunded,2784.84,2025-08-30 05:00:00,491.44,NEWUSER
9408,9408,UPI,Refunded,3820.9,2025-12-26 01:00:00,424.55,
9409,9409,Debit Card,Success,1646.21,2026-03-25 04:00:00,290.51,NEWUSER
9410,9410,Credit Card,Success,6941.36,2026-05-25 01:00:00,365.34,
9411,9411,Debit Card,Success,9192.33,2024-12-17 04:00:00,1021.37,
9412,9412,UPI,Success,4606.55,2025-09-27 00:00:00,0.0,SAVE15
9413,9413,Cash on Delivery,Success,3784.72,2026-02-18 02:00:00,420.52,NEWUSER
9414,9414,EMI,Success,1207.44,2025-05-02 03:00:00,134.16,
9415,9415,Debit Card,Success,4640.39,2025-06-07 01:00:00,244.23,SAVE15
9416,9416,UPI,Success,2860.44,2026-01-10 00:00:00,0.0,
9417,9417,Net Banking,Success,2840.52,2025-04-06 00:00:00,710.13,
9418,9418,UPI,Success,2628.91,2026-03-01 03:00:00,0.0,
9419,9419,Net Banking,Success,52462.49,2025-02-04 02:00:00,5829.17,FEST20
9420,9420,Debit Card,Success,4810.07,2026-05-06 02:00:00,848.83,FEST20
9421,9421,Debit Card,Success,1535.55,2026-03-17 01:00:00,170.62,FEST20
9422,9422,Credit Card,Refunded,166.3,2025-11-02 02:00:00,0.0,
9423,9423,UPI,Success,738.37,2026-01-03 05:00:00,130.3,WELCOME10
9424,9424,Net Banking,Success,91523.4,2025-12-06 04:00:00,0.0,
9425,9425,Net Banking,Success,25372.48,2026-06-19 00:00:00,6343.12,
9426,9426,Cash on Delivery,Not Applicable,968.09,2025-07-24 05:00:00,170.84,FEST20
9427,9427,Cash on Delivery,Not Applicable,18008.13,2026-01-19 01:00:00,2000.9,
9428,9428,Debit Card,Success,2602.01,2025-02-28 02:00:00,136.95,
9429,9429,Cash on Delivery,Success,3208.5,2026-04-17 03:00:00,802.13,SAVE15
9430,9430,UPI,Success,318.06,2025-10-04 02:00:00,79.51,
9431,9431,Credit Card,Success,1337.12,2025-03-19 05:00:00,235.96,FEST20
9432,9432,EMI,Success,4383.09,2025-07-13 00:00:00,487.01,
9433,9433,UPI,Success,34760.43,2024-10-11 01:00:00,8690.11,SAVE15
9434,9434,Cash on Delivery,Success,291.99,2025-10-01 02:00:00,51.53,
9435,9435,UPI,Success,11623.53,2025-09-26 04:00:00,611.76,
9436,9436,Debit Card,Success,3048.15,2023-12-01 02:00:00,0.0,WELCOME10
9437,9437,Cash on Delivery,Success,10954.19,2026-05-04 01:00:00,1933.09,SAVE15
9438,9438,Cash on Delivery,Success,34950.89,2025-01-22 03:00:00,0.0,NEWUSER
9439,9439,EMI,Success,1637.58,2025-09-11 00:00:00,409.39,FEST20
9440,9440,UPI,Success,5423.26,2026-06-25 00:00:00,1355.82,
9441,9441,Cash on Delivery,Success,5777.24,2025-09-28 03:00:00,0.0,WELCOME10
9442,9442,UPI,Success,946.24,2025-02-03 04:00:00,0.0,WELCOME10
9443,9443,UPI,Success,3029.74,2025-03-01 00:00:00,159.46,
9444,9444,UPI,Refunded,78169.46,2026-01-20 04:00:00,0.0,
9445,9445,Debit Card,Success,458.54,2025-01-22 02:00:00,50.95,WELCOME10
9446,9446,Net Banking,Success,6176.64,2025-10-08 04:00:00,325.09,WELCOME10
9447,9447,UPI,Success,16135.93,2025-05-14 02:00:00,1792.88,
9448,9448,Credit Card,Success,50841.26,2025-09-12 01:00:00,0.0,
9449,9449,UPI,Success,335.08,2025-02-26 01:00:00,17.64,WELCOME10
9450,9450,UPI,Pending,68171.91,2026-07-05 05:00:00,0.0,
9451,9451,UPI,Success,6151.1,2026-06-08 00:00:00,1085.49,FEST20
9452,9452,Debit Card,Success,503.9,2025-11-18 02:00:00,0.0,NEWUSER
9453,9453,Debit Card,Success,723.04,2025-07-11 05:00:00,0.0,WELCOME10
9454,9454,Cash on Delivery,Success,4048.74,2026-05-05 03:00:00,213.09,FEST20
9455,9455,Cash on Delivery,Success,7765.99,2025-09-28 04:00:00,1370.47,
9456,9456,Cash on Delivery,Success,2089.22,2026-03-22 02:00:00,0.0,SAVE15
9457,9457,Cash on Delivery,Success,8380.47,2025-07-28 02:00:00,1478.91,FEST20
9458,9458,Cash on Delivery,Success,2142.46,2025-10-27 00:00:00,238.05,WELCOME10
9459,9459,Cash on Delivery,Success,3889.91,2026-05-21 02:00:00,432.21,
9460,9460,UPI,Success,1641.91,2025-01-26 04:00:00,0.0,
9461,9461,UPI,Success,891.09,2026-04-06 00:00:00,46.9,SAVE15
9462,9462,UPI,Success,693.86,2024-12-29 00:00:00,77.1,
9463,9463,Cash on Delivery,Success,2037.49,2026-03-26 01:00:00,509.37,NEWUSER
9464,9464,Credit Card,Success,1111.22,2025-01-26 02:00:00,277.81,SAVE15
9465,9465,Cash on Delivery,Success,1143.88,2024-10-03 05:00:00,0.0,NEWUSER
9466,9466,UPI,Pending,64873.9,2025-12-06 03:00:00,0.0,NEWUSER
9467,9467,UPI,Success,3068.23,2026-04-15 01:00:00,161.49,NEWUSER
9468,9468,UPI,Success,1643.05,2026-06-19 02:00:00,410.76,NEWUSER
9469,9469,Cash on Delivery,Success,445.4,2026-07-03 00:00:00,0.0,NEWUSER
9470,9470,Credit Card,Success,140092.76,2026-02-28 03:00:00,7373.3,FEST20
9471,9471,Cash on Delivery,Success,2864.73,2024-12-14 00:00:00,318.3,FEST20
9472,9472,UPI,Success,9060.86,2025-04-05 02:00:00,1006.76,
9473,9473,Debit Card,Success,5494.94,2026-05-29 02:00:00,969.69,
9474,9474,UPI,Success,5705.04,2024-09-28 03:00:00,0.0,WELCOME10
9475,9475,Cash on Delivery,Success,1023.0,2025-07-20 01:00:00,0.0,WELCOME10
9476,9476,UPI,Success,6202.96,2026-02-18 00:00:00,326.47,SAVE15
9477,9477,Credit Card,Success,24847.32,2026-01-12 02:00:00,6211.83,
9478,9478,Credit Card,Success,1780.42,2024-07-22 03:00:00,445.1,
9479,9479,Cash on Delivery,Success,2015.21,2025-04-29 05:00:00,106.06,FEST20
9480,9480,Debit Card,Success,29755.91,2026-03-15 00:00:00,3306.21,NEWUSER
9481,9481,Cash on Delivery,Success,2568.7,2026-06-03 05:00:00,642.18,
9482,9482,Cash on Delivery,Success,97.24,2026-02-04 01:00:00,17.16,
9483,9483,UPI,Success,60669.98,2025-11-02 05:00:00,3193.16,
9484,9484,UPI,Success,1282.16,2026-04-01 01:00:00,226.26,
9485,9485,Credit Card,Success,920.8,2025-10-30 01:00:00,0.0,
9486,9486,Debit Card,Success,3649.94,2026-05-28 02:00:00,644.11,
9487,9487,Cash on Delivery,Success,1132.42,2026-05-25 04:00:00,283.1,SAVE15
9488,9488,UPI,Success,1081.88,2025-12-06 01:00:00,56.94,
9489,9489,Debit Card,Success,1942.46,2025-10-22 03:00:00,102.23,WELCOME10
9490,9490,EMI,Success,2325.66,2026-02-10 05:00:00,0.0,NEWUSER
9491,9491,UPI,Success,2216.66,2024-11-09 01:00:00,246.3,FEST20
9492,9492,Cash on Delivery,Success,498.14,2025-01-10 01:00:00,124.53,
9493,9493,Cash on Delivery,Success,1798.13,2023-12-15 02:00:00,317.32,
9494,9494,UPI,Success,1379.74,2025-12-20 00:00:00,344.94,WELCOME10
9495,9495,UPI,Success,62954.89,2025-11-15 00:00:00,0.0,SAVE15
9496,9496,Credit Card,Success,4231.38,2026-03-03 02:00:00,0.0,
9497,9497,Cash on Delivery,Success,9183.32,2025-10-08 05:00:00,0.0,NEWUSER
9498,9498,Debit Card,Success,2658.07,2025-11-15 00:00:00,469.07,FEST20
9499,9499,UPI,Success,1425.55,2025-03-27 01:00:00,251.57,SAVE15
9500,9500,Cash on Delivery,Success,514.85,2026-05-22 02:00:00,128.71,NEWUSER
9501,9501,UPI,Success,4016.89,2025-04-26 02:00:00,0.0,
9502,9502,Debit Card,Success,198.12,2024-10-16 04:00:00,22.01,NEWUSER
9503,9503,UPI,Success,871.95,2026-06-06 03:00:00,0.0,
9504,9504,Credit Card,Success,8149.3,2024-11-12 01:00:00,0.0,
9505,9505,UPI,Success,7416.81,2024-05-06 01:00:00,0.0,WELCOME10
9506,9506,UPI,Success,3227.84,2024-07-02 02:00:00,0.0,WELCOME10
9507,9507,Cash on Delivery,Success,1418.49,2025-07-11 01:00:00,0.0,FEST20
9508,9508,Credit Card,Success,4829.24,2026-05-26 02:00:00,0.0,NEWUSER
9509,9509,UPI,Refunded,1242.58,2026-05-12 05:00:00,0.0,
9510,9510,Credit Card,Success,1928.07,2024-03-04 01:00:00,0.0,
9511,9511,Credit Card,Success,4838.5,2026-04-26 04:00:00,853.85,
9512,9512,UPI,Success,3228.57,2026-06-02 00:00:00,358.73,
9513,9513,UPI,Refunded,2132.06,2025-06-30 02:00:00,0.0,
9514,9514,UPI,Success,51894.08,2026-06-06 02:00:00,2731.27,NEWUSER
9515,9515,Net Banking,Success,5478.38,2026-03-16 03:00:00,608.71,SAVE15
9516,9516,Cash on Delivery,Success,2521.36,2026-02-10 01:00:00,0.0,SAVE15
9517,9517,Net Banking,Refunded,332.01,2025-12-05 01:00:00,0.0,WELCOME10
9518,9518,Net Banking,Success,4885.89,2024-12-11 04:00:00,0.0,
9519,9519,Credit Card,Success,2505.3,2026-01-21 00:00:00,0.0,NEWUSER
9520,9520,Credit Card,Success,1311.23,2025-07-28 02:00:00,231.39,
9521,9521,UPI,Success,647.96,2025-04-21 02:00:00,34.1,FEST20
9522,9522,UPI,Success,573.08,2026-01-27 05:00:00,101.13,NEWUSER
9523,9523,Credit Card,Success,505.34,2025-01-20 03:00:00,26.6,SAVE15
9524,9524,UPI,Refunded,2266.14,2024-11-20 05:00:00,119.27,SAVE15
9525,9525,UPI,Refunded,310.4,2025-08-09 00:00:00,16.34,
9526,9526,UPI,Pending,4948.53,2025-08-14 05:00:00,0.0,
9527,9527,UPI,Success,489.43,2026-06-27 04:00:00,86.37,SAVE15
9528,9528,Cash on Delivery,Success,32276.16,2024-11-17 03:00:00,0.0,SAVE15
9529,9529,UPI,Success,9899.8,2025-02-22 02:00:00,1747.02,WELCOME10
9530,9530,Net Banking,Refunded,56445.85,2024-11-02 03:00:00,9961.03,NEWUSER
9531,9531,UPI,Success,285.63,2025-06-15 02:00:00,71.41,
9532,9532,Debit Card,Success,1563.17,2025-01-03 00:00:00,390.79,
9533,9533,Credit Card,Success,8692.02,2025-12-14 00:00:00,457.47,FEST20
9534,9534,Debit Card,Success,12524.98,2026-03-05 01:00:00,3131.24,
9535,9535,UPI,Success,3080.72,2024-09-11 00:00:00,342.3,SAVE15
9536,9536,UPI,Success,7177.23,2026-05-24 00:00:00,0.0,
9537,9537,UPI,Refunded,4849.65,2026-04-29 01:00:00,0.0,
9538,9538,UPI,Success,805.94,2026-04-19 05:00:00,0.0,
9539,9539,Cash on Delivery,Success,3927.88,2026-01-28 00:00:00,693.16,
9540,9540,Debit Card,Refunded,2596.18,2026-06-03 05:00:00,288.47,
9541,9541,Credit Card,Success,3026.93,2025-12-08 00:00:00,159.31,
9542,9542,Debit Card,Success,822.07,2024-10-22 00:00:00,0.0,FEST20
9543,9543,Credit Card,Success,466.38,2026-02-12 03:00:00,24.55,
9544,9544,Credit Card,Success,3952.01,2025-08-08 00:00:00,697.41,SAVE15
9545,9545,Cash on Delivery,Success,21719.26,2025-11-23 02:00:00,0.0,
9546,9546,UPI,Success,476.58,2026-01-09 04:00:00,0.0,
9547,9547,Credit Card,Refunded,17196.56,2025-12-14 02:00:00,905.08,
9548,9548,Debit Card,Success,1614.29,2025-07-13 03:00:00,403.57,
9549,9549,Credit Card,Success,26096.56,2025-02-20 04:00:00,1373.5,FEST20
9550,9550,UPI,Success,5362.74,2025-05-03 04:00:00,1340.68,SAVE15
9551,9551,Credit Card,Success,227219.79,2024-06-18 04:00:00,0.0,
9552,9552,UPI,Refunded,432.45,2025-10-28 03:00:00,0.0,NEWUSER
9553,9553,Credit Card,Success,2334.14,2024-09-25 01:00:00,583.53,
9554,9554,UPI,Success,329.77,2025-08-24 02:00:00,17.36,NEWUSER
9555,9555,UPI,Success,2671.28,2026-03-30 02:00:00,471.4,
9556,9556,Credit Card,Success,228524.97,2026-02-03 00:00:00,12027.63,
9557,9557,UPI,Success,12603.11,2025-04-16 05:00:00,0.0,
9558,9558,UPI,Refunded,6080.55,2026-04-14 01:00:00,320.03,
9559,9559,UPI,Success,2006.61,2026-01-28 02:00:00,0.0,
9560,9560,Cash on Delivery,Success,8996.7,2026-06-09 02:00:00,2249.18,
9561,9561,UPI,Success,119.53,2025-03-29 01:00:00,29.88,NEWUSER
9562,9562,Cash on Delivery,Success,606.44,2025-10-24 04:00:00,107.02,WELCOME10
9563,9563,Credit Card,Success,2541.63,2024-10-26 02:00:00,0.0,
9564,9564,Cash on Delivery,Success,20641.07,2026-05-06 04:00:00,2293.45,SAVE15
9565,9565,Credit Card,Success,224.69,2025-07-26 05:00:00,56.17,NEWUSER
9566,9566,UPI,Success,14974.18,2024-02-13 00:00:00,3743.54,
9567,9567,UPI,Success,5873.47,2024-09-27 02:00:00,0.0,WELCOME10
9568,9568,Credit Card,Success,23516.73,2025-12-18 05:00:00,1237.72,
9569,9569,Debit Card,Success,8225.31,2025-03-25 01:00:00,1451.53,NEWUSER
9570,9570,Cash on Delivery,Success,8067.66,2026-06-16 04:00:00,0.0,
9571,9571,Cash on Delivery,Success,13964.63,2025-02-14 01:00:00,3491.16,FEST20
9572,9572,Credit Card,Success,1690.56,2026-03-23 01:00:00,0.0,WELCOME10
9573,9573,UPI,Success,713.61,2025-03-22 03:00:00,178.4,WELCOME10
9574,9574,Debit Card,Success,127717.18,2025-12-04 04:00:00,14190.8,FEST20
9575,9575,UPI,Success,3090.57,2024-03-04 04:00:00,545.4,SAVE15
9576,9576,UPI,Success,1256.73,2025-12-24 00:00:00,221.78,
9577,9577,Cash on Delivery,Not Applicable,558.65,2024-11-08 01:00:00,62.07,SAVE15
9578,9578,Credit Card,Success,5314.02,2025-01-29 05:00:00,0.0,WELCOME10
9579,9579,Cash on Delivery,Success,1691.98,2025-01-20 01:00:00,298.59,SAVE15
9580,9580,UPI,Success,8030.24,2025-01-26 05:00:00,0.0,
9581,9581,Cash on Delivery,Success,977.73,2025-09-05 04:00:00,0.0,
9582,9582,UPI,Success,57003.43,2025-02-21 05:00:00,0.0,SAVE15
9583,9583,Credit Card,Success,32795.29,2026-07-17 00:00:00,5787.4,
9584,9584,UPI,Success,30469.87,2026-01-27 01:00:00,5377.03,WELCOME10
9585,9585,UPI,Success,1314.99,2024-10-01 01:00:00,232.06,SAVE15
9586,9586,Debit Card,Success,84766.82,2026-02-26 02:00:00,4461.41,WELCOME10
9587,9587,Cash on Delivery,Success,66455.1,2025-03-18 05:00:00,3497.64,
9588,9588,Net Banking,Success,11267.12,2025-11-26 02:00:00,1988.32,
9589,9589,Cash on Delivery,Success,197.29,2025-08-06 05:00:00,49.32,FEST20
9590,9590,Cash on Delivery,Success,411.77,2025-01-02 04:00:00,45.75,
9591,9591,Cash on Delivery,Success,266.59,2025-04-10 00:00:00,47.05,NEWUSER
9592,9592,UPI,Success,2657.94,2026-02-06 02:00:00,0.0,NEWUSER
9593,9593,Credit Card,Success,2405.24,2024-10-14 03:00:00,126.59,
9594,9594,Credit Card,Success,2150.64,2025-11-16 04:00:00,0.0,FEST20
9595,9595,Net Banking,Success,2165.56,2024-08-04 05:00:00,240.62,
9596,9596,Cash on Delivery,Success,3465.47,2025-08-28 05:00:00,182.39,
9597,9597,Net Banking,Success,132882.82,2025-09-04 05:00:00,14764.76,NEWUSER
9598,9598,Cash on Delivery,Success,3168.02,2026-08-14 00:00:00,0.0,WELCOME10
9599,9599,Credit Card,Success,88037.2,2024-10-02 03:00:00,0.0,WELCOME10
9600,9600,UPI,Success,10577.07,2025-11-18 00:00:00,1866.54,SAVE15
9601,9601,UPI,Success,1336.53,2025-04-26 05:00:00,70.34,
9602,9602,Debit Card,Success,38140.99,2025-01-08 02:00:00,4237.89,FEST20
9603,9603,Debit Card,Success,808.83,2025-05-15 01:00:00,0.0,SAVE15
9604,9604,Debit Card,Success,1079.78,2025-03-30 04:00:00,0.0,WELCOME10
9605,9605,UPI,Success,1134.26,2026-01-19 03:00:00,126.03,WELCOME10
9606,9606,Cash on Delivery,Success,8516.54,2026-06-16 00:00:00,448.24,SAVE15
9607,9607,UPI,Success,2491.08,2025-10-23 00:00:00,0.0,
9608,9608,UPI,Success,842.1,2025-06-02 04:00:00,0.0,SAVE15
9609,9609,UPI,Refunded,4322.89,2026-03-18 04:00:00,227.52,
9610,9610,Credit Card,Success,6371.78,2026-04-26 00:00:00,707.98,SAVE15
9611,9611,UPI,Success,31909.52,2024-11-12 02:00:00,7977.38,SAVE15
9612,9612,Credit Card,Success,2414.39,2026-07-08 00:00:00,603.6,NEWUSER
9613,9613,Debit Card,Success,870.64,2026-03-21 05:00:00,217.66,
9614,9614,Credit Card,Success,1646.0,2025-07-21 02:00:00,0.0,WELCOME10
9615,9615,Cash on Delivery,Success,4123.71,2025-07-15 04:00:00,0.0,SAVE15
9616,9616,UPI,Refunded,8631.25,2026-03-01 04:00:00,0.0,
9617,9617,UPI,Success,37571.97,2026-03-23 00:00:00,0.0,FEST20
9618,9618,UPI,Success,1376.89,2025-07-05 05:00:00,242.98,
9619,9619,Credit Card,Success,105923.16,2025-05-09 02:00:00,11769.24,WELCOME10
9620,9620,Credit Card,Success,998.92,2025-11-17 01:00:00,0.0,NEWUSER
9621,9621,Debit Card,Success,64786.16,2026-04-24 05:00:00,7198.46,
9622,9622,Credit Card,Success,4062.79,2026-01-11 00:00:00,0.0,
9623,9623,Credit Card,Success,265.74,2026-03-08 05:00:00,66.43,FEST20
9624,9624,UPI,Success,295.9,2025-10-26 02:00:00,73.97,SAVE15
9625,9625,Cash on Delivery,Success,27419.74,2024-07-18 01:00:00,3046.64,WELCOME10
9626,9626,Cash on Delivery,Success,2813.85,2025-08-05 04:00:00,148.1,
9627,9627,Credit Card,Success,6383.02,2025-02-15 02:00:00,1595.76,
9628,9628,UPI,Refunded,2487.03,2026-02-04 00:00:00,438.89,NEWUSER
9629,9629,UPI,Success,2352.05,2024-08-07 03:00:00,123.79,WELCOME10
9630,9630,Debit Card,Success,1160.84,2026-03-03 02:00:00,0.0,FEST20
9631,9631,UPI,Success,2344.18,2025-09-05 03:00:00,586.05,
9632,9632,Net Banking,Success,936.4,2026-03-30 05:00:00,49.28,FEST20
9633,9633,Credit Card,Refunded,47248.01,2024-10-31 03:00:00,11812.0,SAVE15
9634,9634,UPI,Success,16418.16,2025-07-05 00:00:00,4104.54,
9635,9635,Cash on Delivery,Success,8519.58,2026-05-02 02:00:00,0.0,
9636,9636,Net Banking,Success,32695.82,2026-02-26 02:00:00,3632.87,FEST20
9637,9637,UPI,Success,3399.94,2026-05-18 04:00:00,178.94,SAVE15
9638,9638,Net Banking,Success,1903.85,2025-10-11 02:00:00,335.97,
9639,9639,Cash on Delivery,Success,314.35,2026-02-14 00:00:00,55.47,
9640,9640,Credit Card,Success,82696.92,2026-07-24 01:00:00,0.0,SAVE15
9641,9641,Debit Card,Success,71742.89,2026-04-04 05:00:00,12660.51,FEST20
9642,9642,EMI,Success,3898.81,2025-09-24 03:00:00,433.2,
9643,9643,Cash on Delivery,Success,389.0,2025-08-15 00:00:00,0.0,
9644,9644,UPI,Refunded,2730.57,2025-09-02 04:00:00,481.87,FEST20
9645,9645,UPI,Success,3212.74,2026-02-14 03:00:00,0.0,
9646,9646,Credit Card,Success,847.3,2026-08-07 04:00:00,211.82,
9647,9647,UPI,Success,152448.66,2026-06-23 05:00:00,16938.74,SAVE15
9648,9648,UPI,Success,10078.19,2025-08-29 05:00:00,0.0,NEWUSER
9649,9649,Credit Card,Refunded,1094.09,2025-12-05 02:00:00,273.52,NEWUSER
9650,9650,Credit Card,Success,902.13,2025-04-17 05:00:00,0.0,
9651,9651,Credit Card,Success,5570.37,2024-08-23 01:00:00,983.01,
9652,9652,UPI,Success,2149.37,2025-03-01 00:00:00,379.3,NEWUSER
9653,9653,UPI,Success,16491.74,2025-10-04 03:00:00,0.0,FEST20
9654,9654,Cash on Delivery,Success,267.4,2025-11-26 00:00:00,14.07,
9655,9655,UPI,Success,317.02,2025-01-28 05:00:00,55.95,
9656,9656,Cash on Delivery,Success,2494.66,2025-11-06 03:00:00,277.18,FEST20
9657,9657,Cash on Delivery,Success,1994.28,2024-10-08 00:00:00,0.0,
9658,9658,UPI,Success,2541.76,2025-08-21 00:00:00,635.44,
9659,9659,UPI,Success,34997.91,2026-06-12 03:00:00,3888.66,FEST20
9660,9660,Debit Card,Success,1737.04,2024-11-04 05:00:00,91.42,WELCOME10
9661,9661,UPI,Success,6029.35,2025-08-19 05:00:00,1507.34,WELCOME10
9662,9662,Credit Card,Success,63213.74,2026-05-14 01:00:00,15803.44,
9663,9663,Cash on Delivery,Success,20918.62,2026-02-06 03:00:00,3691.52,WELCOME10
9664,9664,UPI,Success,1435.64,2025-08-07 03:00:00,253.35,NEWUSER
9665,9665,Debit Card,Success,4464.62,2025-10-01 05:00:00,0.0,WELCOME10
9666,9666,UPI,Success,593.66,2026-02-07 02:00:00,65.96,
9667,9667,Debit Card,Success,598.68,2025-10-13 03:00:00,149.67,
9668,9668,Debit Card,Success,6165.12,2025-05-28 02:00:00,0.0,
9669,9669,UPI,Success,3414.07,2026-04-14 04:00:00,179.69,WELCOME10
9670,9670,Cash on Delivery,Success,611.3,2026-03-01 02:00:00,32.17,SAVE15
9671,9671,UPI,Success,54824.69,2025-07-19 00:00:00,9674.95,FEST20
9672,9672,Debit Card,Success,707.1,2025-06-29 00:00:00,124.78,
9673,9673,UPI,Success,5561.1,2025-04-19 04:00:00,981.37,
9674,9674,Cash on Delivery,Success,1413.1,2026-07-10 00:00:00,74.37,FEST20
9675,9675,UPI,Success,1506.6,2025-12-26 00:00:00,265.87,
9676,9676,Debit Card,Success,361.07,2026-07-07 00:00:00,19.0,
9677,9677,Credit Card,Success,2222.63,2025-08-26 02:00:00,116.98,
9678,9678,UPI,Success,25437.88,2024-12-02 05:00:00,0.0,FEST20
9679,9679,UPI,Success,150.09,2025-12-14 02:00:00,7.9,SAVE15
9680,9680,UPI,Success,5462.27,2026-04-21 00:00:00,1365.57,
9681,9681,Debit Card,Success,54732.5,2026-01-23 01:00:00,13683.12,
9682,9682,Credit Card,Success,3375.39,2025-10-10 02:00:00,595.66,WELCOME10
9683,9683,Credit Card,Success,27764.26,2025-11-18 03:00:00,1461.28,
9684,9684,Credit Card,Success,98450.85,2025-12-07 01:00:00,0.0,WELCOME10
9685,9685,Cash on Delivery,Success,11969.44,2026-03-11 00:00:00,629.97,SAVE15
9686,9686,Cash on Delivery,Success,270.0,2026-01-15 03:00:00,30.0,
9687,9687,EMI,Success,1150.1,2026-01-22 04:00:00,60.53,
9688,9688,UPI,Success,11478.0,2025-11-03 01:00:00,604.11,
9689,9689,UPI,Success,172623.28,2026-07-07 01:00:00,0.0,SAVE15
9690,9690,UPI,Success,1224.28,2026-01-10 00:00:00,0.0,WELCOME10
9691,9691,Net Banking,Success,3199.46,2026-05-25 05:00:00,564.61,
9692,9692,Credit Card,Success,37499.01,2024-07-26 01:00:00,1973.63,SAVE15
9693,9693,Cash on Delivery,Success,406.39,2025-04-17 02:00:00,71.72,
9694,9694,Cash on Delivery,Success,2302.39,2025-03-25 01:00:00,121.18,SAVE15
9695,9695,Net Banking,Success,7077.55,2026-02-12 01:00:00,786.39,
9696,9696,Cash on Delivery,Success,1730.07,2024-04-22 03:00:00,192.23,
9697,9697,Cash on Delivery,Success,10655.12,2025-07-13 00:00:00,1880.31,FEST20
9698,9698,UPI,Refunded,7464.46,2024-09-04 05:00:00,0.0,
9699,9699,Credit Card,Success,23763.13,2026-03-02 01:00:00,5940.78,FEST20
9700,9700,Net Banking,Success,755.8,2025-12-22 00:00:00,39.78,NEWUSER
9701,9701,UPI,Success,284.9,2026-03-20 03:00:00,0.0,
9702,9702,UPI,Success,2641.1,2026-06-09 00:00:00,660.27,
9703,9703,Credit Card,Success,9863.35,2025-08-19 00:00:00,1740.59,NEWUSER
9704,9704,Net Banking,Success,2823.82,2026-02-04 03:00:00,705.96,
9705,9705,Cash on Delivery,Success,144454.94,2026-06-24 03:00:00,16050.55,NEWUSER
9706,9706,Cash on Delivery,Success,2050.39,2025-06-01 05:00:00,227.82,WELCOME10
9707,9707,UPI,Pending,3260.01,2024-10-15 05:00:00,362.22,
9708,9708,Credit Card,Success,2222.44,2025-12-28 04:00:00,555.61,
9709,9709,Cash on Delivery,Success,271.0,2025-11-13 00:00:00,0.0,NEWUSER
9710,9710,Cash on Delivery,Success,1555.54,2026-06-12 02:00:00,274.51,FEST20
9711,9711,Cash on Delivery,Success,994.84,2026-04-05 04:00:00,0.0,
9712,9712,Net Banking,Refunded,24388.56,2026-01-24 05:00:00,1283.61,
9713,9713,UPI,Success,4789.73,2025-11-14 03:00:00,0.0,WELCOME10
9714,9714,Debit Card,Success,1106.14,2026-07-28 00:00:00,276.54,
9715,9715,UPI,Success,2778.63,2026-01-18 03:00:00,146.24,SAVE15
9716,9716,Credit Card,Success,312.34,2025-12-07 04:00:00,78.08,
9717,9717,Cash on Delivery,Success,63979.81,2024-07-28 02:00:00,0.0,WELCOME10
9718,9718,UPI,Success,940.02,2025-10-18 02:00:00,235.01,NEWUSER
9719,9719,UPI,Success,164.04,2025-04-09 01:00:00,0.0,SAVE15
9720,9720,Credit Card,Success,33011.94,2026-02-03 01:00:00,3667.99,FEST20
9721,9721,UPI,Success,5640.1,2026-05-17 01:00:00,1410.02,
9722,9722,UPI,Success,7887.49,2024-11-30 00:00:00,1391.91,
9723,9723,UPI,Success,819.66,2025-03-24 03:00:00,43.14,WELCOME10
9724,9724,Net Banking,Success,10219.51,2026-06-08 00:00:00,1803.44,WELCOME10
9725,9725,Cash on Delivery,Success,30867.17,2024-10-21 04:00:00,3429.69,
9726,9726,UPI,Refunded,8919.32,2026-02-13 02:00:00,469.44,
9727,9727,Cash on Delivery,Not Applicable,7868.42,2026-02-04 03:00:00,1967.11,
9728,9728,UPI,Success,115.89,2026-02-25 02:00:00,20.45,NEWUSER
9729,9729,Cash on Delivery,Success,1050.12,2024-07-10 04:00:00,262.53,
9730,9730,UPI,Success,9445.85,2024-01-15 03:00:00,497.15,
9731,9731,Cash on Delivery,Success,1978.36,2026-04-12 02:00:00,494.59,FEST20
9732,9732,Debit Card,Success,588.24,2025-05-28 05:00:00,30.96,NEWUSER
9733,9733,Cash on Delivery,Not Applicable,2531.72,2026-08-04 03:00:00,446.77,SAVE15
9734,9734,UPI,Success,788.72,2026-03-29 03:00:00,0.0,
9735,9735,Credit Card,Success,109378.17,2024-05-27 02:00:00,19302.03,
9736,9736,Cash on Delivery,Pending,911.15,2024-10-15 00:00:00,101.24,FEST20
9737,9737,Debit Card,Success,5850.96,2025-12-16 04:00:00,307.94,NEWUSER
9738,9738,UPI,Success,23459.08,2025-04-19 00:00:00,0.0,
9739,9739,Debit Card,Success,65061.46,2026-01-29 04:00:00,11481.43,
9740,9740,Debit Card,Success,1693.78,2025-10-14 01:00:00,298.9,WELCOME10
9741,9741,Cash on Delivery,Success,12192.16,2025-10-12 02:00:00,1354.68,FEST20
9742,9742,Net Banking,Success,8544.9,2026-05-28 01:00:00,2136.22,NEWUSER
9743,9743,Debit Card,Success,9122.72,2025-07-29 05:00:00,0.0,
9744,9744,Cash on Delivery,Success,3761.95,2025-02-24 04:00:00,417.99,
9745,9745,UPI,Success,21089.21,2025-09-14 05:00:00,0.0,
9746,9746,Credit Card,Success,862.7,2024-04-04 02:00:00,95.86,SAVE15
9747,9747,Net Banking,Success,535.94,2024-12-15 04:00:00,133.99,
9748,9748,UPI,Success,107850.7,2026-06-21 01:00:00,0.0,WELCOME10
9749,9749,UPI,Success,244.2,2025-03-30 03:00:00,61.05,NEWUSER
9750,9750,Net Banking,Success,911.56,2026-06-20 03:00:00,160.86,NEWUSER
9751,9751,Cash on Delivery,Success,1468.85,2026-06-17 02:00:00,0.0,
9752,9752,Debit Card,Success,144322.73,2026-04-16 02:00:00,7595.93,WELCOME10
9753,9753,Cash on Delivery,Not Applicable,733.33,2025-08-11 02:00:00,81.48,
9754,9754,UPI,Refunded,8815.11,2024-11-04 05:00:00,0.0,WELCOME10
9755,9755,UPI,Success,776.72,2025-03-27 02:00:00,86.3,
9756,9756,UPI,Success,4045.34,2026-06-22 02:00:00,713.88,
9757,9757,Debit Card,Success,469.53,2024-04-02 00:00:00,0.0,NEWUSER
9758,9758,UPI,Success,130881.94,2025-12-28 03:00:00,14542.44,
9759,9759,Debit Card,Success,215.64,2025-08-31 01:00:00,23.96,NEWUSER
9760,9760,Cash on Delivery,Success,12091.73,2026-06-03 00:00:00,1343.53,
9761,9761,Debit Card,Success,10962.96,2025-02-09 05:00:00,1934.64,
9762,9762,UPI,Success,27821.48,2024-10-03 03:00:00,0.0,FEST20
9763,9763,EMI,Success,13964.69,2025-05-29 04:00:00,2464.36,FEST20
9764,9764,Debit Card,Success,3900.59,2025-03-31 04:00:00,975.15,FEST20
9765,9765,UPI,Success,366.08,2025-04-02 04:00:00,91.52,
9766,9766,EMI,Refunded,699.95,2025-12-09 03:00:00,174.99,SAVE15
9767,9767,Cash on Delivery,Success,173296.34,2025-10-21 03:00:00,19255.15,
9768,9768,Credit Card,Success,510.58,2025-06-06 01:00:00,56.73,
9769,9769,Debit Card,Success,738.79,2026-04-21 05:00:00,82.09,SAVE15
9770,9770,UPI,Success,18959.91,2024-10-03 00:00:00,0.0,
9771,9771,UPI,Success,15393.38,2025-11-30 05:00:00,810.18,
9772,9772,Debit Card,Success,187.61,2026-02-21 00:00:00,46.9,
9773,9773,Cash on Delivery,Success,52916.9,2026-03-13 02:00:00,13229.22,NEWUSER
9774,9774,Debit Card,Success,7583.01,2026-07-16 01:00:00,0.0,SAVE15
9775,9775,Credit Card,Success,106416.77,2026-04-21 01:00:00,26604.19,
9776,9776,UPI,Success,49870.57,2025-04-26 02:00:00,2624.77,FEST20
9777,9777,UPI,Success,1017.36,2026-03-01 00:00:00,254.34,NEWUSER
9778,9778,UPI,Success,4261.66,2024-08-15 05:00:00,0.0,WELCOME10
9779,9779,UPI,Success,682.99,2024-08-20 00:00:00,75.89,SAVE15
9780,9780,UPI,Success,4865.27,2025-03-16 05:00:00,858.58,
9781,9781,Credit Card,Success,1222.19,2024-09-26 03:00:00,64.33,
9782,9782,UPI,Success,4916.53,2025-06-01 00:00:00,258.77,
9783,9783,Cash on Delivery,Success,1409.57,2026-07-01 04:00:00,74.19,
9784,9784,Credit Card,Success,1362.51,2025-12-29 01:00:00,0.0,
9785,9785,UPI,Success,443.07,2026-08-01 01:00:00,0.0,SAVE15
9786,9786,Debit Card,Success,95917.13,2026-02-01 00:00:00,23979.28,NEWUSER
9787,9787,Credit Card,Success,3169.28,2025-12-28 03:00:00,166.8,
9788,9788,Credit Card,Success,11284.67,2025-11-29 02:00:00,1253.85,SAVE15
9789,9789,Credit Card,Success,8228.16,2026-06-13 01:00:00,0.0,NEWUSER
9790,9790,UPI,Success,286.76,2024-11-19 05:00:00,0.0,WELCOME10
9791,9791,Cash on Delivery,Success,5040.77,2024-11-29 00:00:00,0.0,
9792,9792,Cash on Delivery,Success,148638.46,2025-03-15 02:00:00,26230.32,NEWUSER
9793,9793,UPI,Success,833.26,2025-09-08 01:00:00,147.05,NEWUSER
9794,9794,UPI,Success,31596.45,2025-12-06 04:00:00,0.0,
9795,9795,Cash on Delivery,Success,1436.32,2025-06-06 00:00:00,159.59,
9796,9796,Debit Card,Refunded,1859.0,2025-02-04 01:00:00,0.0,
9797,9797,UPI,Success,11465.1,2025-10-23 00:00:00,1273.9,SAVE15
9798,9798,Credit Card,Success,8053.06,2025-11-16 03:00:00,894.79,WELCOME10
9799,9799,UPI,Refunded,3691.02,2024-11-01 03:00:00,0.0,
9800,9800,UPI,Success,10093.07,2024-09-20 00:00:00,0.0,SAVE15
9801,9801,Debit Card,Success,7054.44,2026-03-10 00:00:00,1244.9,
9802,9802,Cash on Delivery,Success,373.74,2026-03-27 02:00:00,93.43,
9803,9803,UPI,Success,2743.2,2025-04-17 04:00:00,144.38,FEST20
9804,9804,UPI,Success,484.85,2025-12-14 03:00:00,121.21,
9805,9805,Net Banking,Success,6101.36,2025-07-24 01:00:00,0.0,SAVE15
9806,9806,Credit Card,Pending,444.15,2025-10-01 05:00:00,0.0,WELCOME10
9807,9807,Cash on Delivery,Success,262.33,2025-07-12 04:00:00,46.29,
9808,9808,UPI,Success,27550.7,2024-04-27 02:00:00,0.0,NEWUSER
9809,9809,Net Banking,Success,855.87,2024-05-26 03:00:00,0.0,WELCOME10
9810,9810,Credit Card,Success,295.55,2025-01-24 01:00:00,32.84,SAVE15
9811,9811,Cash on Delivery,Success,6747.4,2025-09-16 02:00:00,1190.72,WELCOME10
9812,9812,Cash on Delivery,Success,346.34,2023-11-23 03:00:00,0.0,
9813,9813,Credit Card,Success,3472.33,2025-05-04 03:00:00,182.75,
9814,9814,UPI,Success,231.37,2026-03-27 04:00:00,40.83,
9815,9815,UPI,Success,3149.5,2026-01-01 05:00:00,0.0,SAVE15
9816,9816,UPI,Success,56635.58,2026-04-02 05:00:00,9994.52,WELCOME10
9817,9817,Net Banking,Success,483.92,2025-06-04 04:00:00,0.0,SAVE15
9818,9818,Net Banking,Success,25468.17,2025-12-05 01:00:00,0.0,
9819,9819,UPI,Success,9351.85,2026-01-11 03:00:00,1039.09,
9820,9820,Debit Card,Success,70171.92,2026-06-17 00:00:00,17542.98,FEST20
9821,9821,Net Banking,Success,623.8,2026-02-20 00:00:00,0.0,
9822,9822,Cash on Delivery,Success,3742.65,2025-11-01 04:00:00,660.47,
9823,9823,Credit Card,Success,532.2,2026-04-03 03:00:00,0.0,FEST20
9824,9824,Cash on Delivery,Success,2068.6,2026-08-17 00:00:00,108.87,FEST20
9825,9825,Credit Card,Success,1040.01,2025-11-05 00:00:00,0.0,SAVE15
9826,9826,Cash on Delivery,Success,2660.5,2025-02-09 02:00:00,665.13,NEWUSER
9827,9827,Cash on Delivery,Success,371.79,2025-03-21 02:00:00,92.95,NEWUSER
9828,9828,UPI,Pending,825.38,2026-05-14 03:00:00,145.65,
9829,9829,Cash on Delivery,Success,20399.05,2024-10-20 00:00:00,0.0,WELCOME10
9830,9830,Debit Card,Success,2579.36,2025-01-05 05:00:00,644.84,
9831,9831,Debit Card,Refunded,1408.43,2025-10-12 01:00:00,352.11,WELCOME10
9832,9832,Net Banking,Success,3563.78,2026-06-03 04:00:00,628.9,WELCOME10
9833,9833,Credit Card,Success,928.37,2024-07-08 04:00:00,232.09,
9834,9834,Cash on Delivery,Success,1429.71,2026-08-17 05:00:00,0.0,FEST20
9835,9835,Net Banking,Success,3138.81,2025-06-29 05:00:00,165.2,FEST20
9836,9836,Debit Card,Success,2731.26,2025-08-12 03:00:00,303.47,WELCOME10
9837,9837,Net Banking,Success,3393.68,2026-02-09 01:00:00,0.0,NEWUSER
9838,9838,Credit Card,Success,570.06,2026-02-06 01:00:00,142.51,NEWUSER
9839,9839,UPI,Success,19334.07,2024-05-19 05:00:00,3411.89,FEST20
9840,9840,Credit Card,Success,999.34,2025-08-29 01:00:00,111.04,
9841,9841,Cash on Delivery,Success,22089.37,2025-03-05 05:00:00,2454.38,NEWUSER
9842,9842,Credit Card,Success,24177.79,2026-03-20 04:00:00,6044.45,NEWUSER
9843,9843,Credit Card,Success,339.76,2026-06-24 05:00:00,0.0,
9844,9844,Cash on Delivery,Success,370.04,2025-12-06 05:00:00,0.0,WELCOME10
9845,9845,UPI,Success,2056.75,2024-04-02 04:00:00,108.25,
9846,9846,UPI,Success,187914.53,2025-11-15 00:00:00,46978.63,
9847,9847,Cash on Delivery,Success,12005.87,2024-12-05 01:00:00,0.0,
9848,9848,UPI,Success,1517.79,2025-06-16 00:00:00,379.45,WELCOME10
9849,9849,UPI,Success,76912.5,2026-01-21 04:00:00,0.0,
9850,9850,UPI,Success,911.56,2026-04-10 02:00:00,0.0,NEWUSER
9851,9851,UPI,Success,9197.02,2026-07-22 03:00:00,2299.26,
9852,9852,Cash on Delivery,Success,1514.95,2025-07-10 02:00:00,79.73,
9853,9853,UPI,Success,6931.78,2025-05-13 04:00:00,0.0,FEST20
9854,9854,UPI,Success,10619.34,2025-11-24 00:00:00,1874.0,FEST20
9855,9855,Debit Card,Success,4632.54,2025-05-20 01:00:00,1158.14,
9856,9856,Cash on Delivery,Not Applicable,17051.28,2025-11-17 00:00:00,897.44,
9857,9857,Credit Card,Success,480.44,2024-10-26 05:00:00,53.38,NEWUSER
9858,9858,Debit Card,Success,18692.32,2025-10-18 02:00:00,983.81,
9859,9859,Debit Card,Success,479.81,2025-06-13 00:00:00,0.0,
9860,9860,UPI,Success,4762.07,2026-06-20 04:00:00,840.36,SAVE15
9861,9861,Cash on Delivery,Success,1617.35,2026-08-09 00:00:00,179.71,
9862,9862,Cash on Delivery,Success,45119.62,2025-12-22 04:00:00,7962.28,NEWUSER
9863,9863,Credit Card,Success,1502.26,2025-05-09 01:00:00,0.0,
9864,9864,UPI,Refunded,4331.66,2026-03-17 02:00:00,481.3,SAVE15
9865,9865,Cash on Delivery,Success,96348.27,2025-10-08 02:00:00,17002.63,SAVE15
9866,9866,Credit Card,Success,118.14,2024-08-27 03:00:00,6.22,
9867,9867,UPI,Success,20710.91,2025-08-31 02:00:00,5177.73,
9868,9868,UPI,Success,5398.36,2024-09-25 01:00:00,1349.59,NEWUSER
9869,9869,UPI,Success,4450.76,2026-03-13 02:00:00,0.0,NEWUSER
9870,9870,Debit Card,Success,7860.04,2026-04-18 01:00:00,413.69,NEWUSER
9871,9871,Cash on Delivery,Success,1142.58,2026-08-03 04:00:00,0.0,
9872,9872,UPI,Success,161.61,2025-03-19 02:00:00,40.4,WELCOME10
9873,9873,UPI,Success,3005.66,2026-07-28 05:00:00,751.41,NEWUSER
9874,9874,UPI,Success,298.62,2025-12-28 01:00:00,15.72,WELCOME10
9875,9875,UPI,Refunded,6157.14,2025-02-14 01:00:00,684.13,FEST20
9876,9876,UPI,Success,1731.77,2023-12-09 01:00:00,0.0,SAVE15
9877,9877,Cash on Delivery,Success,151101.96,2026-06-08 00:00:00,7952.73,WELCOME10
9878,9878,Cash on Delivery,Success,9158.87,2025-05-22 02:00:00,1017.65,SAVE15
9879,9879,UPI,Success,1604.68,2025-09-03 00:00:00,283.18,
9880,9880,Debit Card,Success,137585.42,2026-02-26 02:00:00,24279.78,SAVE15
9881,9881,Credit Card,Success,2975.29,2024-06-29 01:00:00,330.59,SAVE15
9882,9882,UPI,Success,2874.54,2025-06-05 00:00:00,0.0,
9883,9883,Cash on Delivery,Success,37310.07,2025-11-20 05:00:00,0.0,
9884,9884,UPI,Success,5502.72,2025-06-06 01:00:00,0.0,
9885,9885,UPI,Success,11171.06,2024-08-12 02:00:00,587.95,SAVE15
9886,9886,Credit Card,Success,2877.6,2025-08-10 00:00:00,151.45,
9887,9887,Net Banking,Success,1082.56,2026-02-17 00:00:00,270.64,NEWUSER
9888,9888,UPI,Success,2071.24,2026-08-03 01:00:00,365.51,
9889,9889,Credit Card,Success,57424.4,2025-04-20 04:00:00,0.0,NEWUSER
9890,9890,UPI,Success,2284.4,2025-11-02 04:00:00,0.0,SAVE15
9891,9891,Cash on Delivery,Success,4182.83,2026-04-04 05:00:00,0.0,WELCOME10
9892,9892,Net Banking,Success,843.98,2024-08-20 02:00:00,93.78,SAVE15
9893,9893,Credit Card,Success,1898.08,2026-05-25 02:00:00,99.9,NEWUSER
9894,9894,EMI,Success,2666.47,2025-12-27 03:00:00,296.27,FEST20
9895,9895,UPI,Success,4055.05,2025-10-14 04:00:00,213.42,WELCOME10
9896,9896,Cash on Delivery,Success,3920.46,2024-07-28 03:00:00,980.12,NEWUSER
9897,9897,UPI,Success,3489.93,2025-10-15 05:00:00,0.0,
9898,9898,Debit Card,Success,26837.11,2025-11-24 00:00:00,0.0,FEST20
9899,9899,Cash on Delivery,Not Applicable,178806.7,2025-04-05 04:00:00,0.0,FEST20
9900,9900,EMI,Success,955.32,2024-09-24 03:00:00,0.0,FEST20
9901,9901,UPI,Success,3208.8,2025-09-17 02:00:00,168.88,NEWUSER
9902,9902,Debit Card,Success,7465.3,2026-05-02 00:00:00,1317.41,NEWUSER
9903,9903,UPI,Success,538.25,2025-08-12 02:00:00,28.33,
9904,9904,UPI,Refunded,1679.88,2025-07-13 05:00:00,0.0,SAVE15
9905,9905,Cash on Delivery,Success,149431.25,2025-06-05 00:00:00,37357.81,SAVE15
9906,9906,EMI,Success,480.46,2026-05-22 04:00:00,120.12,WELCOME10
9907,9907,Credit Card,Success,8178.66,2025-11-09 03:00:00,430.46,SAVE15
9908,9908,Net Banking,Success,990.55,2026-07-12 03:00:00,174.8,FEST20
9909,9909,Cash on Delivery,Not Applicable,9399.89,2025-11-29 03:00:00,494.73,
9910,9910,UPI,Refunded,357.71,2025-04-13 00:00:00,18.83,FEST20
9911,9911,UPI,Success,215.61,2024-12-31 02:00:00,0.0,
9912,9912,UPI,Success,10499.42,2025-07-10 00:00:00,0.0,FEST20
9913,9913,Credit Card,Success,37297.64,2025-12-30 02:00:00,0.0,
9914,9914,UPI,Success,627.68,2025-10-06 03:00:00,0.0,
9915,9915,Cash on Delivery,Success,607.06,2026-01-22 04:00:00,0.0,SAVE15
9916,9916,EMI,Success,55177.1,2025-08-24 00:00:00,6130.79,
9917,9917,Cash on Delivery,Success,1540.24,2026-04-23 03:00:00,0.0,NEWUSER
9918,9918,Debit Card,Success,1036.84,2026-03-19 00:00:00,0.0,NEWUSER
9919,9919,Cash on Delivery,Not Applicable,85009.14,2026-03-19 04:00:00,0.0,NEWUSER
9920,9920,Debit Card,Success,59722.63,2026-08-05 02:00:00,0.0,
9921,9921,UPI,Success,38719.24,2025-12-08 02:00:00,0.0,SAVE15
9922,9922,Debit Card,Success,3771.93,2025-12-24 04:00:00,0.0,WELCOME10
9923,9923,Debit Card,Success,17178.0,2025-12-31 00:00:00,904.11,FEST20
9924,9924,UPI,Success,9116.62,2026-03-22 04:00:00,0.0,SAVE15
9925,9925,UPI,Success,44216.89,2026-02-03 03:00:00,4912.99,FEST20
9926,9926,UPI,Success,1801.91,2025-12-04 01:00:00,0.0,WELCOME10
9927,9927,Cash on Delivery,Success,4169.49,2025-04-27 00:00:00,219.45,FEST20
9928,9928,Cash on Delivery,Success,11086.04,2025-05-06 05:00:00,1231.78,SAVE15
9929,9929,UPI,Success,145.9,2025-08-23 01:00:00,7.68,FEST20
9930,9930,Debit Card,Success,624.18,2025-10-27 01:00:00,0.0,
9931,9931,UPI,Success,504.15,2024-09-20 02:00:00,56.02,WELCOME10
9932,9932,Cash on Delivery,Success,32786.37,2025-04-03 03:00:00,8196.59,SAVE15
9933,9933,UPI,Success,1456.29,2025-11-14 01:00:00,364.07,
9934,9934,UPI,Success,554.42,2026-06-19 01:00:00,138.6,FEST20
9935,9935,Cash on Delivery,Success,3318.47,2025-09-28 00:00:00,585.61,
9936,9936,Net Banking,Refunded,2377.7,2024-10-30 04:00:00,594.42,NEWUSER
9937,9937,UPI,Success,1496.97,2026-05-09 04:00:00,166.33,WELCOME10
9938,9938,EMI,Success,1306.35,2026-06-01 01:00:00,0.0,NEWUSER
9939,9939,UPI,Success,4465.66,2025-09-03 00:00:00,496.19,NEWUSER
9940,9940,Cash on Delivery,Success,5010.13,2026-01-12 05:00:00,0.0,FEST20
9941,9941,UPI,Success,1486.16,2026-06-06 04:00:00,0.0,
9942,9942,UPI,Success,1684.98,2025-11-18 05:00:00,187.22,
9943,9943,Debit Card,Success,878.75,2025-08-15 01:00:00,46.25,NEWUSER
9944,9944,UPI,Success,3757.33,2025-12-06 01:00:00,197.75,NEWUSER
9945,9945,Credit Card,Success,791.48,2024-04-03 05:00:00,0.0,SAVE15
9946,9946,Net Banking,Success,403.62,2024-12-30 03:00:00,44.85,NEWUSER
9947,9947,Debit Card,Success,4410.07,2025-12-07 04:00:00,0.0,
9948,9948,Net Banking,Success,28750.65,2026-05-25 04:00:00,5073.64,
9949,9949,UPI,Success,72598.83,2025-10-07 02:00:00,0.0,
9950,9950,UPI,Success,3165.61,2024-07-17 03:00:00,166.61,
9951,9951,UPI,Success,5738.65,2026-08-17 01:00:00,302.03,
9952,9952,UPI,Success,1003.89,2026-01-15 01:00:00,250.97,SAVE15
9953,9953,Debit Card,Success,4051.72,2025-04-17 04:00:00,450.19,WELCOME10
9954,9954,Cash on Delivery,Success,930.43,2025-11-23 01:00:00,0.0,
9955,9955,UPI,Refunded,1394.29,2026-08-12 02:00:00,246.05,
9956,9956,Cash on Delivery,Success,1697.94,2026-03-17 01:00:00,424.49,SAVE15
9957,9957,UPI,Success,865.64,2024-03-26 05:00:00,152.76,
9958,9958,Debit Card,Success,7016.79,2026-03-26 02:00:00,0.0,NEWUSER
9959,9959,Cash on Delivery,Success,1258.47,2025-02-14 03:00:00,314.62,FEST20
9960,9960,EMI,Success,199.6,2026-02-13 02:00:00,49.9,NEWUSER
9961,9961,UPI,Success,8122.17,2026-06-30 02:00:00,902.46,FEST20
9962,9962,UPI,Success,34361.0,2025-07-10 02:00:00,1808.47,FEST20
9963,9963,UPI,Success,2719.73,2026-02-08 05:00:00,143.14,FEST20
9964,9964,Debit Card,Success,712.16,2025-08-30 00:00:00,79.13,FEST20
9965,9965,UPI,Success,12719.78,2026-01-21 01:00:00,0.0,FEST20
9966,9966,Credit Card,Success,15783.87,2026-01-12 01:00:00,3945.97,
9967,9967,Cash on Delivery,Success,23247.2,2025-07-05 00:00:00,0.0,
9968,9968,UPI,Success,2439.4,2026-08-17 04:00:00,430.48,FEST20
9969,9969,UPI,Success,2815.65,2024-11-01 00:00:00,148.19,NEWUSER
9970,9970,Credit Card,Success,3927.21,2025-08-16 02:00:00,206.69,SAVE15
9971,9971,UPI,Success,11054.46,2026-02-25 03:00:00,1228.27,FEST20
9972,9972,Cash on Delivery,Success,2927.0,2024-12-27 02:00:00,0.0,
9973,9973,UPI,Refunded,731.35,2025-11-13 03:00:00,38.49,WELCOME10
9974,9974,UPI,Success,519.04,2024-09-26 05:00:00,91.6,
9975,9975,UPI,Success,949.29,2025-08-25 01:00:00,0.0,
9976,9976,Cash on Delivery,Success,1541.48,2025-07-22 05:00:00,171.28,
9977,9977,UPI,Success,640.99,2025-12-29 00:00:00,71.22,
9978,9978,Credit Card,Success,21599.67,2025-08-17 04:00:00,5399.92,WELCOME10
9979,9979,Cash on Delivery,Success,3136.78,2026-06-02 02:00:00,0.0,FEST20
9980,9980,Cash on Delivery,Success,2331.53,2025-06-19 01:00:00,411.45,WELCOME10
9981,9981,Cash on Delivery,Not Applicable,150724.58,2026-02-12 03:00:00,16747.18,
9982,9982,UPI,Success,18569.01,2024-12-27 04:00:00,0.0,
9983,9983,UPI,Success,3054.44,2025-01-23 01:00:00,0.0,NEWUSER
9984,9984,Debit Card,Success,1449.77,2026-01-22 03:00:00,76.3,
9985,9985,Credit Card,Success,56155.79,2026-01-13 00:00:00,9909.84,SAVE15
9986,9986,UPI,Success,3947.53,2026-05-15 01:00:00,207.76,
9987,9987,Debit Card,Success,85446.32,2025-08-14 03:00:00,4497.17,SAVE15
9988,9988,UPI,Success,4791.42,2026-08-16 05:00:00,0.0,NEWUSER
9989,9989,UPI,Refunded,71417.37,2025-06-12 00:00:00,7935.26,WELCOME10
9990,9990,UPI,Success,935.46,2026-01-29 03:00:00,49.23,
9991,9991,Cash on Delivery,Success,2070.31,2026-04-21 00:00:00,230.03,NEWUSER
9992,9992,Debit Card,Success,1184.32,2026-02-14 00:00:00,296.08,WELCOME10
9993,9993,Debit Card,Success,473.74,2024-03-02 03:00:00,83.6,NEWUSER
9994,9994,UPI,Success,1744.34,2026-01-18 01:00:00,91.81,
9995,9995,UPI,Success,52781.73,2026-05-10 03:00:00,9314.42,SAVE15
9996,9996,UPI,Success,3695.11,2025-10-22 02:00:00,0.0,SAVE15
9997,9997,EMI,Success,302169.24,2025-09-30 05:00:00,0.0,FEST20
9998,9998,UPI,Success,1634.06,2026-02-22 03:00:00,86.0,
9999,9999,Cash on Delivery,Success,34094.42,2025-03-07 04:00:00,6016.66,
10000,10000,Net Banking,Success,781.47,2026-04-05 02:00:00,86.83,NEWUSER
10001,10001,UPI,Success,10637.11,2025-07-18 01:00:00,559.85,
10002,10002,UPI,Success,1316.38,2026-05-07 00:00:00,329.1,
10003,10003,Credit Card,Success,3887.93,2026-03-29 01:00:00,686.11,
10004,10004,Credit Card,Success,6800.04,2026-03-05 02:00:00,0.0,WELCOME10
10005,10005,Debit Card,Success,4428.93,2025-06-27 02:00:00,492.1,WELCOME10
10006,10006,Cash on Delivery,Success,840.16,2026-05-31 00:00:00,210.04,
10007,10007,Cash on Delivery,Success,5882.84,2025-01-15 03:00:00,309.62,FEST20
10008,10008,UPI,Success,1108.86,2025-09-03 04:00:00,195.68,
10009,10009,UPI,Success,9566.56,2026-05-22 04:00:00,1062.95,WELCOME10
10010,10010,Credit Card,Success,66600.11,2025-03-29 05:00:00,7400.01,
10011,10011,Debit Card,Success,2459.52,2025-11-11 01:00:00,614.88,
10012,10012,UPI,Refunded,2244.05,2025-11-09 03:00:00,0.0,
10013,10013,Cash on Delivery,Not Applicable,4461.55,2025-02-10 01:00:00,0.0,WELCOME10
10014,10014,Credit Card,Success,494.96,2025-09-17 03:00:00,55.0,SAVE15
10015,10015,UPI,Success,341.35,2026-01-05 03:00:00,60.24,
10016,10016,Cash on Delivery,Success,143659.38,2024-04-06 05:00:00,0.0,
10017,10017,EMI,Success,1916.55,2026-02-18 03:00:00,479.14,FEST20
10018,10018,UPI,Success,7378.8,2025-07-05 02:00:00,1302.14,
10019,10019,Net Banking,Success,425.73,2025-09-30 04:00:00,0.0,SAVE15
10020,10020,UPI,Success,1176.67,2025-08-14 02:00:00,130.74,WELCOME10
10021,10021,Credit Card,Success,374.9,2025-07-09 02:00:00,93.72,NEWUSER
10022,10022,Cash on Delivery,Success,4388.06,2025-09-23 00:00:00,0.0,NEWUSER
10023,10023,UPI,Success,35775.77,2025-01-05 01:00:00,8943.94,WELCOME10
10024,10024,Credit Card,Success,7440.98,2026-05-06 02:00:00,1860.24,
10025,10025,Cash on Delivery,Not Applicable,268929.6,2026-01-30 05:00:00,0.0,FEST20
10026,10026,Net Banking,Success,1782.1,2026-01-09 03:00:00,198.01,
10027,10027,UPI,Success,1465.21,2024-08-09 00:00:00,0.0,
10028,10028,Cash on Delivery,Success,3418.64,2025-09-15 04:00:00,179.93,WELCOME10
10029,10029,UPI,Success,964.68,2025-06-19 05:00:00,0.0,
10030,10030,UPI,Refunded,2478.94,2026-04-01 01:00:00,0.0,
10031,10031,Net Banking,Success,1010.0,2025-04-03 00:00:00,178.24,
10032,10032,Cash on Delivery,Success,3053.95,2025-09-11 01:00:00,0.0,WELCOME10
10033,10033,UPI,Success,1509.77,2026-06-17 00:00:00,266.43,SAVE15
10034,10034,UPI,Success,2487.49,2025-01-13 00:00:00,276.39,
10035,10035,Credit Card,Success,2600.66,2026-03-23 03:00:00,458.94,
10036,10036,Debit Card,Success,1910.84,2026-02-18 02:00:00,0.0,WELCOME10
10037,10037,Debit Card,Success,4800.74,2025-12-11 05:00:00,0.0,
10038,10038,Credit Card,Success,4138.4,2026-01-30 04:00:00,730.3,NEWUSER
10039,10039,UPI,Pending,20703.62,2025-01-05 03:00:00,0.0,FEST20
10040,10040,UPI,Success,9090.58,2025-11-02 03:00:00,2272.65,NEWUSER
10041,10041,UPI,Success,29527.69,2025-12-14 00:00:00,5210.77,FEST20
10042,10042,UPI,Success,8452.07,2024-09-01 02:00:00,444.85,SAVE15
10043,10043,UPI,Success,9964.44,2024-12-13 01:00:00,1107.16,WELCOME10
10044,10044,UPI,Success,9955.2,2026-02-03 05:00:00,0.0,
10045,10045,Cash on Delivery,Success,61715.92,2025-04-07 01:00:00,15428.98,NEWUSER
10046,10046,Net Banking,Success,7087.65,2025-08-17 05:00:00,1771.91,
10047,10047,UPI,Success,3250.67,2026-04-11 04:00:00,171.09,
10048,10048,Debit Card,Success,539.53,2026-04-16 05:00:00,59.95,
10049,10049,Cash on Delivery,Success,845.71,2025-09-02 01:00:00,0.0,SAVE15
10050,10050,Net Banking,Success,1225.57,2026-03-08 02:00:00,64.5,SAVE15
10051,10051,Debit Card,Success,8766.04,2024-01-04 04:00:00,461.37,WELCOME10
10052,10052,Cash on Delivery,Success,862.73,2026-05-30 03:00:00,95.86,SAVE15
10053,10053,Debit Card,Success,4296.9,2024-04-05 00:00:00,0.0,
10054,10054,UPI,Success,4573.12,2024-06-13 05:00:00,0.0,
10055,10055,Net Banking,Success,538.62,2025-12-17 00:00:00,134.65,NEWUSER
10056,10056,Debit Card,Success,4608.17,2025-01-04 02:00:00,0.0,NEWUSER
10057,10057,UPI,Success,2644.22,2025-05-06 03:00:00,293.8,SAVE15
10058,10058,UPI,Success,2605.54,2026-03-23 03:00:00,0.0,SAVE15
10059,10059,Debit Card,Success,172649.84,2025-10-04 00:00:00,9086.83,NEWUSER
10060,10060,Credit Card,Success,61738.93,2025-06-23 01:00:00,10895.11,SAVE15
10061,10061,UPI,Success,1022.84,2025-06-04 04:00:00,180.5,
10062,10062,Credit Card,Success,117991.01,2024-05-20 04:00:00,29497.75,SAVE15
10063,10063,Cash on Delivery,Success,3901.55,2026-01-12 03:00:00,0.0,
10064,10064,UPI,Success,50253.06,2026-04-02 02:00:00,12563.26,
10065,10065,Credit Card,Success,129264.28,2025-07-19 00:00:00,14362.7,NEWUSER
10066,10066,Cash on Delivery,Success,1595.69,2024-09-01 01:00:00,281.59,FEST20
10067,10067,EMI,Success,782.7,2025-11-05 04:00:00,0.0,SAVE15
10068,10068,Cash on Delivery,Not Applicable,3995.79,2025-12-01 01:00:00,0.0,WELCOME10
10069,10069,Debit Card,Success,3244.93,2026-07-10 03:00:00,811.23,SAVE15
10070,10070,Credit Card,Success,990.05,2025-11-09 01:00:00,174.72,FEST20
10071,10071,UPI,Success,1693.02,2025-06-02 01:00:00,423.25,FEST20
10072,10072,Debit Card,Success,10432.21,2025-09-28 00:00:00,0.0,NEWUSER
10073,10073,Cash on Delivery,Success,11425.5,2026-08-13 04:00:00,0.0,
10074,10074,UPI,Success,305389.96,2025-01-17 05:00:00,0.0,
10075,10075,Net Banking,Success,174.56,2026-05-19 02:00:00,0.0,WELCOME10
10076,10076,Debit Card,Success,11559.64,2026-01-28 05:00:00,0.0,
10077,10077,UPI,Success,71225.29,2025-06-12 04:00:00,0.0,
10078,10078,Net Banking,Success,5856.35,2026-01-05 03:00:00,0.0,
10079,10079,Credit Card,Success,731.69,2026-07-07 01:00:00,129.12,WELCOME10
10080,10080,UPI,Refunded,10394.5,2026-08-11 00:00:00,1154.94,NEWUSER
10081,10081,UPI,Success,11527.32,2024-09-13 05:00:00,0.0,
10082,10082,Credit Card,Success,2572.57,2025-05-12 01:00:00,0.0,
10083,10083,UPI,Refunded,11086.52,2026-01-17 00:00:00,1231.84,WELCOME10
10084,10084,Credit Card,Success,4511.26,2026-01-06 03:00:00,796.11,NEWUSER
10085,10085,Cash on Delivery,Success,1721.08,2025-07-18 01:00:00,0.0,NEWUSER
10086,10086,Cash on Delivery,Not Applicable,3400.03,2026-05-22 02:00:00,178.95,
10087,10087,UPI,Success,976.02,2026-06-03 01:00:00,0.0,WELCOME10
10088,10088,UPI,Success,1939.09,2025-05-13 04:00:00,0.0,NEWUSER
10089,10089,Credit Card,Success,565.76,2025-11-18 04:00:00,141.44,
10090,10090,UPI,Success,2716.63,2026-02-03 00:00:00,479.4,
10091,10091,Debit Card,Success,1437.83,2026-06-10 01:00:00,75.67,FEST20
10092,10092,Debit Card,Success,10565.71,2025-12-08 04:00:00,1173.97,
10093,10093,Credit Card,Success,3237.86,2025-12-27 04:00:00,0.0,
10094,10094,Net Banking,Success,623.12,2026-05-17 01:00:00,0.0,NEWUSER
10095,10095,Net Banking,Success,30621.85,2025-10-17 01:00:00,5403.85,NEWUSER
10096,10096,UPI,Success,22030.75,2026-03-03 04:00:00,5507.69,WELCOME10
10097,10097,Credit Card,Success,105379.56,2024-05-04 04:00:00,0.0,
10098,10098,UPI,Success,3131.77,2025-08-31 04:00:00,347.97,
10099,10099,Net Banking,Success,2722.89,2025-03-01 02:00:00,302.54,SAVE15
10100,10100,Debit Card,Success,4609.55,2026-08-07 05:00:00,813.45,SAVE15
10101,10101,UPI,Success,32596.47,2026-06-23 03:00:00,0.0,FEST20
10102,10102,UPI,Success,1849.26,2026-04-30 03:00:00,0.0,WELCOME10
10103,10103,Cash on Delivery,Success,1839.3,2025-03-22 00:00:00,96.81,FEST20
10104,10104,EMI,Refunded,1394.32,2025-08-12 04:00:00,348.58,
10105,10105,EMI,Success,493.14,2025-10-26 04:00:00,0.0,NEWUSER
10106,10106,EMI,Success,1495.26,2025-07-09 04:00:00,0.0,WELCOME10
10107,10107,Credit Card,Success,9417.44,2025-01-16 01:00:00,2354.36,WELCOME10
10108,10108,Cash on Delivery,Success,32888.0,2025-04-22 03:00:00,0.0,
10109,10109,Debit Card,Success,10728.31,2026-03-03 01:00:00,2682.08,SAVE15
10110,10110,UPI,Success,6911.35,2026-05-18 00:00:00,0.0,
10111,10111,Debit Card,Success,1734.16,2025-05-17 03:00:00,0.0,FEST20
10112,10112,UPI,Success,7954.59,2026-04-16 00:00:00,1988.65,NEWUSER
10113,10113,Credit Card,Success,9552.27,2025-07-01 02:00:00,1685.7,FEST20
10114,10114,Cash on Delivery,Success,258.14,2024-11-06 04:00:00,64.53,NEWUSER
10115,10115,UPI,Success,737.41,2026-08-01 00:00:00,38.81,
10116,10116,Credit Card,Success,8225.89,2025-06-24 01:00:00,1451.63,
10117,10117,Net Banking,Success,541.68,2025-08-06 00:00:00,60.19,
10118,10118,Credit Card,Refunded,478.68,2025-11-19 00:00:00,0.0,
10119,10119,EMI,Success,1691.0,2025-11-28 00:00:00,422.75,NEWUSER
10120,10120,Net Banking,Success,4543.17,2025-09-24 02:00:00,239.11,NEWUSER
10121,10121,EMI,Success,2720.89,2025-09-18 03:00:00,302.32,WELCOME10
10122,10122,Cash on Delivery,Success,4420.97,2026-07-18 04:00:00,0.0,
10123,10123,Debit Card,Success,560.53,2026-04-27 04:00:00,140.13,WELCOME10
10124,10124,Credit Card,Success,1603.05,2025-07-04 00:00:00,0.0,
10125,10125,Credit Card,Success,2009.38,2026-07-30 00:00:00,223.27,
10126,10126,Cash on Delivery,Success,944.18,2025-10-05 04:00:00,104.91,NEWUSER
10127,10127,UPI,Success,1057.23,2025-10-21 04:00:00,117.47,WELCOME10
10128,10128,UPI,Refunded,572.14,2026-04-02 02:00:00,0.0,FEST20
10129,10129,Cash on Delivery,Success,11946.52,2025-10-01 00:00:00,0.0,
10130,10130,Credit Card,Success,6815.56,2025-08-04 02:00:00,0.0,
10131,10131,Credit Card,Success,3700.22,2026-03-25 03:00:00,411.14,FEST20
10132,10132,UPI,Success,1275.47,2025-09-23 01:00:00,67.13,FEST20
10133,10133,UPI,Success,417.35,2025-08-23 04:00:00,21.97,
10134,10134,Net Banking,Success,8553.2,2025-09-05 03:00:00,950.36,
10135,10135,UPI,Success,36296.05,2025-12-06 00:00:00,0.0,FEST20
10136,10136,Credit Card,Success,5161.1,2025-11-10 05:00:00,0.0,WELCOME10
10137,10137,UPI,Success,46856.71,2024-06-28 04:00:00,8268.83,NEWUSER
10138,10138,Credit Card,Success,9489.61,2026-01-29 01:00:00,0.0,SAVE15
10139,10139,Cash on Delivery,Success,4544.24,2025-07-24 04:00:00,801.93,SAVE15
10140,10140,Net Banking,Success,230541.25,2026-05-27 03:00:00,40683.75,
10141,10141,UPI,Success,769.78,2024-05-09 01:00:00,40.52,
10142,10142,UPI,Success,717.87,2024-10-16 03:00:00,0.0,FEST20
10143,10143,Debit Card,Success,10380.3,2025-10-24 03:00:00,2595.07,
10144,10144,Net Banking,Success,10042.91,2024-12-07 00:00:00,1772.28,WELCOME10
10145,10145,Credit Card,Success,360.57,2025-05-13 05:00:00,0.0,WELCOME10
10146,10146,UPI,Success,428.26,2026-02-24 01:00:00,47.59,WELCOME10
10147,10147,UPI,Success,2074.77,2026-02-07 01:00:00,0.0,NEWUSER
10148,10148,Debit Card,Success,914.69,2026-08-12 01:00:00,228.67,
10149,10149,UPI,Success,2605.09,2024-07-22 05:00:00,651.27,
10150,10150,UPI,Success,398.32,2025-11-28 02:00:00,0.0,
10151,10151,Cash on Delivery,Success,26294.24,2025-11-30 01:00:00,0.0,SAVE15
10152,10152,Cash on Delivery,Success,998.55,2025-01-02 01:00:00,52.56,WELCOME10
10153,10153,Net Banking,Success,4394.85,2025-09-03 02:00:00,231.31,SAVE15
10154,10154,EMI,Refunded,2199.52,2025-09-26 05:00:00,388.15,FEST20
10155,10155,EMI,Success,603.75,2025-09-09 02:00:00,0.0,WELCOME10
10156,10156,Debit Card,Success,1222.97,2026-01-31 00:00:00,0.0,
10157,10157,UPI,Success,9212.86,2026-07-25 01:00:00,2303.22,WELCOME10
10158,10158,EMI,Success,1503.57,2023-12-23 04:00:00,79.14,WELCOME10
10159,10159,Credit Card,Success,63461.82,2026-04-14 00:00:00,0.0,
10160,10160,UPI,Success,1086.21,2025-09-23 02:00:00,120.69,NEWUSER
10161,10161,Credit Card,Success,1993.84,2026-05-31 05:00:00,0.0,
10162,10162,UPI,Success,41284.04,2026-08-09 04:00:00,4587.12,
10163,10163,Net Banking,Success,1215.37,2026-01-01 04:00:00,63.97,
10164,10164,UPI,Success,90167.11,2025-11-24 04:00:00,15911.84,WELCOME10
10165,10165,UPI,Success,3870.17,2025-10-02 04:00:00,0.0,NEWUSER
10166,10166,Cash on Delivery,Success,771.15,2026-02-05 03:00:00,192.79,
10167,10167,UPI,Success,2095.0,2025-07-26 05:00:00,0.0,FEST20
10168,10168,UPI,Success,9281.21,2025-10-03 04:00:00,2320.3,NEWUSER
10169,10169,UPI,Success,742.6,2025-07-18 03:00:00,185.65,SAVE15
10170,10170,Credit Card,Success,20040.32,2026-04-04 02:00:00,0.0,
10171,10171,Credit Card,Success,2104.38,2025-02-20 00:00:00,233.82,
10172,10172,Credit Card,Success,4903.05,2025-08-07 03:00:00,0.0,WELCOME10
10173,10173,UPI,Success,9437.12,2026-03-25 00:00:00,0.0,
10174,10174,Cash on Delivery,Success,175.53,2026-06-12 00:00:00,43.88,SAVE15
10175,10175,Cash on Delivery,Not Applicable,1378.88,2026-08-06 04:00:00,344.72,WELCOME10
10176,10176,Cash on Delivery,Success,977.49,2025-06-25 01:00:00,0.0,WELCOME10
10177,10177,UPI,Success,32471.7,2026-01-12 02:00:00,1709.04,WELCOME10
10178,10178,UPI,Success,324.23,2024-11-04 02:00:00,17.06,
10179,10179,UPI,Success,70738.94,2026-05-04 05:00:00,3723.1,NEWUSER
10180,10180,UPI,Refunded,91.75,2024-10-12 01:00:00,10.19,
10181,10181,UPI,Success,786.93,2025-07-09 03:00:00,0.0,NEWUSER
10182,10182,Cash on Delivery,Success,1310.88,2026-04-06 01:00:00,327.72,FEST20
10183,10183,UPI,Refunded,809.08,2026-08-11 02:00:00,42.58,
10184,10184,Cash on Delivery,Success,1573.07,2024-09-21 01:00:00,393.27,SAVE15
10185,10185,UPI,Success,468.6,2024-09-10 05:00:00,117.15,SAVE15
10186,10186,UPI,Success,5327.2,2025-10-08 03:00:00,0.0,FEST20
10187,10187,UPI,Success,1399.98,2025-08-23 03:00:00,350.0,NEWUSER
10188,10188,Debit Card,Success,185.76,2024-07-17 04:00:00,32.78,NEWUSER
10189,10189,Net Banking,Success,23772.2,2025-09-07 02:00:00,2641.36,
10190,10190,Debit Card,Success,348.48,2026-05-21 02:00:00,38.72,SAVE15
10191,10191,Cash on Delivery,Success,416.58,2026-01-16 01:00:00,46.29,FEST20
10192,10192,Credit Card,Success,3474.3,2025-02-12 04:00:00,868.58,
10193,10193,UPI,Success,59931.65,2026-03-18 05:00:00,0.0,NEWUSER
10194,10194,Debit Card,Success,23990.82,2025-11-10 02:00:00,2665.65,SAVE15
10195,10195,EMI,Success,4459.34,2024-11-13 01:00:00,0.0,FEST20
10196,10196,Debit Card,Success,6190.52,2025-06-17 00:00:00,0.0,WELCOME10
10197,10197,Debit Card,Success,33225.25,2026-01-10 01:00:00,1748.7,WELCOME10
10198,10198,Cash on Delivery,Success,37582.34,2024-12-03 04:00:00,1978.02,WELCOME10
10199,10199,Credit Card,Success,6075.21,2025-10-15 00:00:00,0.0,
10200,10200,EMI,Refunded,10780.44,2026-03-21 04:00:00,1197.83,
10201,10201,UPI,Success,458.78,2025-02-24 04:00:00,0.0,
10202,10202,UPI,Success,633.51,2026-05-22 01:00:00,0.0,
10203,10203,UPI,Success,38137.04,2024-06-20 00:00:00,2007.21,NEWUSER
10204,10204,Cash on Delivery,Success,31553.87,2026-05-06 02:00:00,1660.73,SAVE15
10205,10205,Cash on Delivery,Success,62114.69,2025-03-23 04:00:00,0.0,FEST20
10206,10206,Cash on Delivery,Success,2387.26,2026-03-23 00:00:00,0.0,SAVE15
10207,10207,UPI,Refunded,6457.59,2025-11-30 01:00:00,717.51,FEST20
10208,10208,UPI,Success,3907.93,2026-02-20 05:00:00,689.64,FEST20
10209,10209,Cash on Delivery,Success,2328.65,2026-04-22 00:00:00,0.0,
10210,10210,UPI,Success,92029.2,2026-03-20 03:00:00,23007.3,NEWUSER
10211,10211,Credit Card,Success,3302.68,2026-04-19 01:00:00,0.0,
10212,10212,UPI,Success,959.6,2026-01-16 05:00:00,0.0,
10213,10213,UPI,Success,9434.68,2025-08-02 04:00:00,496.56,
10214,10214,UPI,Success,10624.07,2026-02-01 00:00:00,0.0,
10215,10215,UPI,Success,1302.55,2026-01-15 03:00:00,0.0,NEWUSER
10216,10216,UPI,Success,435.82,2024-09-17 03:00:00,108.95,
10217,10217,Credit Card,Success,2301.61,2026-01-09 05:00:00,575.4,
10218,10218,UPI,Pending,1999.6,2025-10-12 02:00:00,0.0,
10219,10219,Credit Card,Success,3522.19,2025-08-23 01:00:00,0.0,
10220,10220,Cash on Delivery,Success,1171.54,2025-06-16 01:00:00,292.88,NEWUSER
10221,10221,UPI,Success,3160.33,2025-07-23 05:00:00,351.15,
10222,10222,Debit Card,Success,494.89,2025-07-11 05:00:00,26.05,FEST20
10223,10223,UPI,Success,23741.76,2024-05-15 03:00:00,5935.44,WELCOME10
10224,10224,Credit Card,Refunded,787.49,2025-11-12 01:00:00,0.0,
10225,10225,EMI,Success,12170.83,2025-08-07 00:00:00,0.0,
10226,10226,UPI,Success,418.1,2025-07-30 05:00:00,0.0,WELCOME10
10227,10227,Credit Card,Success,2324.31,2025-09-27 00:00:00,0.0,NEWUSER
10228,10228,UPI,Success,8458.25,2026-03-10 01:00:00,939.81,
10229,10229,Credit Card,Success,9970.0,2025-10-18 05:00:00,0.0,
10230,10230,UPI,Success,3822.53,2025-07-26 00:00:00,955.63,
10231,10231,UPI,Success,132914.03,2025-12-05 02:00:00,23455.42,SAVE15
10232,10232,UPI,Success,316.9,2026-01-01 03:00:00,16.68,NEWUSER
10233,10233,UPI,Success,139.85,2025-06-28 01:00:00,34.96,WELCOME10
10234,10234,UPI,Refunded,704.23,2024-09-01 01:00:00,37.06,WELCOME10
10235,10235,UPI,Success,4657.59,2026-05-28 01:00:00,245.14,NEWUSER
10236,10236,Cash on Delivery,Success,1344.83,2026-01-19 04:00:00,149.43,NEWUSER
10237,10237,Debit Card,Success,1367.99,2025-11-15 02:00:00,241.41,
10238,10238,UPI,Success,702.42,2024-08-14 01:00:00,123.96,WELCOME10
10239,10239,UPI,Success,6719.5,2026-03-26 05:00:00,1679.88,WELCOME10
10240,10240,Credit Card,Success,2320.64,2025-06-02 04:00:00,409.52,NEWUSER
10241,10241,UPI,Success,10370.12,2026-03-10 00:00:00,1152.24,FEST20
10242,10242,Cash on Delivery,Success,12809.32,2026-01-11 03:00:00,674.18,
10243,10243,Cash on Delivery,Success,1683.19,2026-02-11 00:00:00,0.0,
10244,10244,UPI,Success,23953.34,2025-11-07 00:00:00,0.0,
10245,10245,UPI,Success,6520.03,2025-06-26 02:00:00,1150.59,NEWUSER
10246,10246,UPI,Success,8833.59,2025-11-15 02:00:00,464.93,
10247,10247,UPI,Success,1632.16,2026-04-10 01:00:00,288.03,NEWUSER
10248,10248,Debit Card,Success,72082.49,2026-07-17 02:00:00,8009.17,
10249,10249,Debit Card,Success,207666.74,2026-07-31 03:00:00,51916.69,
10250,10250,UPI,Success,4803.07,2025-06-19 01:00:00,1200.77,NEWUSER
10251,10251,UPI,Success,6165.65,2025-07-20 03:00:00,1541.41,
10252,10252,Cash on Delivery,Success,2961.92,2026-02-16 00:00:00,522.69,
10253,10253,Cash on Delivery,Success,1029.84,2025-08-13 00:00:00,257.46,
10254,10254,Net Banking,Success,50132.38,2024-05-30 02:00:00,12533.1,
10255,10255,UPI,Success,554.87,2025-09-01 01:00:00,97.92,SAVE15
10256,10256,UPI,Success,6897.22,2025-04-25 05:00:00,363.01,NEWUSER
10257,10257,UPI,Success,43877.65,2025-06-26 04:00:00,0.0,NEWUSER
10258,10258,Net Banking,Success,696.0,2025-08-26 01:00:00,122.82,SAVE15
10259,10259,Credit Card,Success,4046.13,2024-12-19 01:00:00,212.95,NEWUSER
10260,10260,UPI,Refunded,44763.34,2025-10-04 01:00:00,4973.7,
10261,10261,UPI,Success,868.01,2024-07-31 03:00:00,96.45,FEST20
10262,10262,UPI,Success,2498.86,2026-02-22 05:00:00,440.98,
10263,10263,UPI,Success,345.14,2025-08-10 05:00:00,60.91,NEWUSER
10264,10264,Credit Card,Success,1283.58,2025-07-22 01:00:00,0.0,NEWUSER
10265,10265,EMI,Success,7875.14,2024-12-16 00:00:00,875.02,
10266,10266,Net Banking,Success,1727.06,2025-12-17 03:00:00,0.0,WELCOME10
10267,10267,Credit Card,Success,9836.94,2026-03-10 02:00:00,1735.93,
10268,10268,UPI,Success,4553.69,2025-08-11 03:00:00,0.0,
10269,10269,Debit Card,Success,3593.16,2026-04-28 01:00:00,0.0,WELCOME10
10270,10270,Debit Card,Success,824.49,2025-08-21 04:00:00,91.61,
10271,10271,Debit Card,Success,1416.03,2024-08-29 03:00:00,0.0,SAVE15
10272,10272,UPI,Success,4407.97,2026-03-16 00:00:00,777.88,
10273,10273,Net Banking,Success,789.79,2026-03-26 01:00:00,41.57,
10274,10274,Credit Card,Success,56320.37,2026-05-24 04:00:00,9938.89,SAVE15
10275,10275,Cash on Delivery,Success,1337.49,2025-10-30 03:00:00,148.61,
10276,10276,Cash on Delivery,Success,27118.87,2026-02-25 04:00:00,4785.68,
10277,10277,UPI,Success,710.32,2025-12-27 00:00:00,0.0,
10278,10278,UPI,Success,68194.35,2026-05-21 00:00:00,7577.15,
10279,10279,Cash on Delivery,Success,1319.35,2025-03-14 04:00:00,232.83,
10280,10280,UPI,Success,281.81,2025-09-17 02:00:00,31.31,
10281,10281,EMI,Success,691.16,2026-05-16 03:00:00,76.8,WELCOME10
10282,10282,Net Banking,Success,69671.46,2026-01-27 00:00:00,0.0,
10283,10283,Cash on Delivery,Success,6875.09,2024-09-05 00:00:00,0.0,
10284,10284,Cash on Delivery,Not Applicable,605.54,2026-03-03 00:00:00,0.0,
10285,10285,Net Banking,Success,680.71,2026-01-04 00:00:00,0.0,SAVE15
10286,10286,Cash on Delivery,Success,16455.34,2025-05-17 02:00:00,0.0,
10287,10287,UPI,Success,1278.99,2025-04-18 00:00:00,225.71,
10288,10288,Debit Card,Success,4663.84,2025-09-15 05:00:00,0.0,
10289,10289,UPI,Success,1150.66,2025-02-04 03:00:00,127.85,
10290,10290,UPI,Success,2038.13,2025-11-13 05:00:00,0.0,WELCOME10
10291,10291,Net Banking,Success,1197.4,2025-05-12 05:00:00,0.0,
10292,10292,Credit Card,Success,516.79,2024-12-29 05:00:00,0.0,FEST20
10293,10293,Net Banking,Success,598.0,2025-05-05 04:00:00,0.0,
10294,10294,UPI,Success,47367.12,2026-08-12 02:00:00,2493.01,
10295,10295,Cash on Delivery,Success,55362.66,2025-12-09 04:00:00,13840.67,
10296,10296,UPI,Success,2801.93,2025-07-13 05:00:00,0.0,NEWUSER
10297,10297,Cash on Delivery,Success,130867.58,2025-08-11 01:00:00,14540.84,SAVE15
10298,10298,EMI,Success,595.35,2026-04-08 01:00:00,148.84,SAVE15
10299,10299,UPI,Success,78874.53,2024-10-15 03:00:00,0.0,
10300,10300,UPI,Success,4471.97,2025-11-26 04:00:00,496.89,
10301,10301,UPI,Refunded,37614.55,2024-05-17 00:00:00,0.0,WELCOME10
10302,10302,UPI,Success,314.63,2025-08-01 05:00:00,78.66,
10303,10303,Credit Card,Success,3190.61,2025-11-20 02:00:00,797.65,FEST20
10304,10304,Credit Card,Success,10260.48,2026-04-17 00:00:00,1810.67,WELCOME10
10305,10305,UPI,Success,365.06,2025-09-19 04:00:00,40.56,SAVE15
10306,10306,UPI,Success,1123.94,2025-05-16 01:00:00,59.16,
10307,10307,Cash on Delivery,Success,17686.88,2025-12-24 05:00:00,0.0,
10308,10308,Cash on Delivery,Not Applicable,5731.56,2024-10-24 01:00:00,1011.45,NEWUSER
10309,10309,Debit Card,Success,372.38,2024-12-22 00:00:00,93.09,NEWUSER
10310,10310,Cash on Delivery,Success,2108.43,2024-06-11 04:00:00,110.97,
10311,10311,Credit Card,Success,20057.31,2026-04-18 05:00:00,3539.52,SAVE15
10312,10312,Cash on Delivery,Success,5721.47,2024-09-13 05:00:00,0.0,NEWUSER
10313,10313,UPI,Success,2835.66,2024-02-06 02:00:00,315.07,WELCOME10
10314,10314,EMI,Success,15802.16,2026-05-06 03:00:00,3950.54,FEST20
10315,10315,Cash on Delivery,Success,2824.97,2026-02-01 05:00:00,706.24,
10316,10316,UPI,Success,53611.08,2025-06-14 04:00:00,2821.64,SAVE15
10317,10317,Cash on Delivery,Success,22414.63,2026-07-06 02:00:00,0.0,SAVE15
10318,10318,Cash on Delivery,Success,69573.31,2025-12-07 04:00:00,12277.64,SAVE15
10319,10319,Credit Card,Success,835.87,2025-06-19 02:00:00,0.0,SAVE15
10320,10320,UPI,Pending,2812.22,2026-04-22 01:00:00,148.01,SAVE15
10321,10321,UPI,Success,873.86,2026-01-21 02:00:00,97.1,
10322,10322,UPI,Success,4422.9,2025-07-12 02:00:00,0.0,
10323,10323,Debit Card,Success,21909.64,2024-10-06 01:00:00,0.0,
10324,10324,Credit Card,Success,1204.26,2025-01-20 03:00:00,0.0,FEST20
10325,10325,Credit Card,Success,115.04,2025-12-24 00:00:00,0.0,FEST20
10326,10326,Cash on Delivery,Success,22289.54,2025-03-20 02:00:00,5572.39,
10327,10327,Cash on Delivery,Success,8606.74,2025-10-03 01:00:00,0.0,SAVE15
10328,10328,UPI,Success,73802.05,2026-02-06 03:00:00,13023.89,SAVE15
10329,10329,UPI,Success,534.69,2025-04-10 05:00:00,0.0,FEST20
10330,10330,UPI,Success,46220.47,2025-07-13 02:00:00,8156.55,NEWUSER
10331,10331,UPI,Success,5425.91,2026-07-09 00:00:00,957.51,
10332,10332,Debit Card,Pending,964.24,2026-06-05 03:00:00,107.14,FEST20
10333,10333,Cash on Delivery,Success,245.76,2024-05-07 03:00:00,0.0,WELCOME10
10334,10334,Net Banking,Success,8010.32,2025-09-24 01:00:00,890.04,WELCOME10
10335,10335,UPI,Success,232.77,2025-03-05 00:00:00,12.25,NEWUSER
10336,10336,Cash on Delivery,Success,2167.88,2025-05-06 05:00:00,382.57,FEST20
10337,10337,UPI,Success,2894.23,2025-11-29 02:00:00,510.75,WELCOME10
10338,10338,UPI,Pending,1110.33,2025-04-30 02:00:00,123.37,
10339,10339,UPI,Success,4490.37,2025-06-02 04:00:00,1122.59,NEWUSER
10340,10340,Debit Card,Success,4103.16,2025-05-30 03:00:00,215.96,
10341,10341,Debit Card,Pending,980.55,2026-04-30 02:00:00,0.0,
10342,10342,Net Banking,Success,2315.79,2025-10-04 01:00:00,578.95,
10343,10343,Credit Card,Success,30325.0,2025-11-23 02:00:00,7581.25,
10344,10344,Credit Card,Success,5887.71,2025-11-29 05:00:00,1039.01,WELCOME10
10345,10345,UPI,Success,8760.9,2026-05-28 02:00:00,0.0,NEWUSER
10346,10346,Cash on Delivery,Success,81469.16,2026-03-15 02:00:00,0.0,NEWUSER
10347,10347,UPI,Success,5893.24,2025-10-09 03:00:00,654.81,WELCOME10
10348,10348,UPI,Success,362.08,2025-06-03 03:00:00,0.0,FEST20
10349,10349,Credit Card,Success,2694.86,2025-11-16 04:00:00,0.0,WELCOME10
10350,10350,Credit Card,Success,111923.1,2025-05-03 03:00:00,12435.9,NEWUSER
10351,10351,UPI,Success,7164.74,2025-04-12 05:00:00,0.0,SAVE15
10352,10352,UPI,Success,2618.22,2026-04-08 01:00:00,0.0,WELCOME10
10353,10353,Debit Card,Success,77003.6,2024-05-29 02:00:00,4052.82,FEST20
10354,10354,UPI,Success,465.04,2026-05-03 04:00:00,82.07,
10355,10355,UPI,Success,81751.54,2026-05-07 00:00:00,0.0,FEST20
10356,10356,UPI,Success,2091.73,2025-09-30 03:00:00,0.0,NEWUSER
10357,10357,UPI,Success,7215.46,2026-03-22 02:00:00,1273.32,WELCOME10
10358,10358,Cash on Delivery,Success,74788.72,2024-11-22 05:00:00,8309.86,
10359,10359,Credit Card,Success,2879.3,2025-04-12 05:00:00,508.11,
10360,10360,Debit Card,Success,11924.61,2026-02-08 00:00:00,627.61,NEWUSER
10361,10361,Debit Card,Success,6644.2,2026-02-18 03:00:00,0.0,NEWUSER
10362,10362,Cash on Delivery,Success,109544.58,2026-03-16 02:00:00,0.0,
10363,10363,UPI,Success,12765.76,2024-12-29 05:00:00,0.0,WELCOME10
10364,10364,Cash on Delivery,Success,3049.61,2026-02-25 03:00:00,0.0,NEWUSER
10365,10365,Net Banking,Success,3159.73,2024-11-17 00:00:00,789.93,NEWUSER
10366,10366,UPI,Success,3498.76,2025-11-26 04:00:00,184.15,NEWUSER
10367,10367,Net Banking,Success,33422.67,2026-06-17 04:00:00,3713.63,
10368,10368,Credit Card,Success,4996.48,2026-08-14 05:00:00,0.0,
10369,10369,UPI,Refunded,907.61,2025-09-08 01:00:00,226.9,SAVE15
10370,10370,UPI,Success,10155.02,2024-12-20 04:00:00,1792.06,NEWUSER
10371,10371,Debit Card,Refunded,4005.21,2025-04-09 04:00:00,445.02,SAVE15
10372,10372,UPI,Success,330.02,2025-04-06 03:00:00,82.51,NEWUSER
10373,10373,UPI,Success,25372.21,2026-04-05 02:00:00,6343.05,FEST20
10374,10374,Credit Card,Success,4731.13,2025-05-18 04:00:00,0.0,
10375,10375,Net Banking,Success,769.52,2024-12-24 05:00:00,0.0,
10376,10376,UPI,Success,1128.05,2025-01-20 04:00:00,0.0,
10377,10377,Credit Card,Refunded,10234.23,2026-03-04 02:00:00,2558.56,WELCOME10
10378,10378,Credit Card,Success,5404.62,2025-04-07 03:00:00,600.51,FEST20
10379,10379,Credit Card,Success,1337.87,2025-04-30 01:00:00,236.09,
10380,10380,UPI,Success,1205.66,2026-01-13 05:00:00,63.46,
10381,10381,UPI,Success,3987.21,2026-03-30 00:00:00,0.0,
10382,10382,Credit Card,Success,761.78,2024-07-13 01:00:00,0.0,
10383,10383,Credit Card,Success,30015.18,2026-03-21 01:00:00,0.0,NEWUSER
10384,10384,Cash on Delivery,Success,349.47,2026-07-07 04:00:00,87.37,
10385,10385,UPI,Success,100043.34,2024-11-09 05:00:00,5265.44,
10386,10386,UPI,Refunded,2093.38,2024-05-05 03:00:00,523.35,WELCOME10
10387,10387,UPI,Success,1313.16,2025-03-15 04:00:00,231.74,FEST20
10388,10388,UPI,Success,1211.59,2025-06-13 03:00:00,134.62,NEWUSER
10389,10389,Debit Card,Success,491.06,2026-06-01 01:00:00,122.76,
10390,10390,UPI,Success,390.5,2026-06-10 05:00:00,68.91,WELCOME10
10391,10391,Cash on Delivery,Success,2237.02,2025-12-30 00:00:00,559.26,
10392,10392,Credit Card,Success,4432.46,2025-03-15 05:00:00,233.29,WELCOME10
10393,10393,Credit Card,Success,6890.44,2026-06-10 00:00:00,362.66,SAVE15
10394,10394,Cash on Delivery,Success,17123.18,2025-01-27 04:00:00,4280.8,FEST20
10395,10395,UPI,Refunded,68146.12,2026-05-09 00:00:00,3586.64,NEWUSER
10396,10396,UPI,Success,4951.29,2025-10-11 04:00:00,0.0,SAVE15
10397,10397,Debit Card,Success,9436.73,2025-08-25 04:00:00,0.0,
10398,10398,Debit Card,Refunded,2394.22,2025-10-12 04:00:00,422.51,NEWUSER
10399,10399,UPI,Success,1004.62,2025-12-12 05:00:00,111.62,FEST20
10400,10400,Cash on Delivery,Success,232.72,2025-09-01 03:00:00,0.0,SAVE15
10401,10401,UPI,Success,88433.78,2025-02-08 00:00:00,22108.45,SAVE15
10402,10402,Cash on Delivery,Success,65969.32,2025-04-13 03:00:00,11641.64,NEWUSER
10403,10403,Credit Card,Refunded,4660.42,2026-08-17 00:00:00,1165.1,
10404,10404,Net Banking,Success,300.48,2024-08-02 03:00:00,0.0,
10405,10405,Cash on Delivery,Success,2113.56,2025-11-19 05:00:00,234.84,
10406,10406,Credit Card,Success,3185.42,2025-01-18 03:00:00,562.13,SAVE15
10407,10407,UPI,Success,21091.52,2025-04-12 04:00:00,0.0,WELCOME10
10408,10408,Debit Card,Success,970.27,2026-06-05 01:00:00,0.0,
10409,10409,UPI,Success,405.09,2026-05-20 01:00:00,21.32,FEST20
10410,10410,UPI,Success,4330.71,2025-06-25 03:00:00,227.93,WELCOME10
10411,10411,Debit Card,Success,432.51,2025-09-12 01:00:00,76.32,SAVE15
10412,10412,Net Banking,Success,32488.94,2026-03-28 03:00:00,3609.88,SAVE15
10413,10413,Credit Card,Success,5367.46,2024-12-06 03:00:00,0.0,
10414,10414,Cash on Delivery,Success,34616.44,2025-02-11 04:00:00,3846.27,
10415,10415,Credit Card,Success,2111.41,2026-01-02 03:00:00,0.0,
10416,10416,Credit Card,Success,157290.29,2025-10-31 05:00:00,39322.57,
10417,10417,UPI,Success,1586.91,2025-10-22 02:00:00,83.52,NEWUSER
10418,10418,UPI,Success,1644.53,2024-09-04 00:00:00,86.55,
10419,10419,UPI,Success,5060.65,2025-10-25 00:00:00,1265.16,WELCOME10
10420,10420,Credit Card,Success,468.76,2024-10-15 05:00:00,117.19,
10421,10421,Cash on Delivery,Success,1010.4,2026-02-22 00:00:00,178.31,SAVE15
10422,10422,UPI,Success,9958.91,2024-10-12 03:00:00,2489.73,
10423,10423,Cash on Delivery,Success,9763.89,2025-10-20 03:00:00,513.89,SAVE15
10424,10424,EMI,Success,839.87,2025-12-16 00:00:00,0.0,FEST20
10425,10425,Credit Card,Success,3884.58,2025-12-26 02:00:00,0.0,SAVE15
10426,10426,UPI,Success,2400.18,2026-06-21 03:00:00,600.04,NEWUSER
10427,10427,Credit Card,Success,5386.61,2025-09-08 05:00:00,598.51,
10428,10428,Credit Card,Success,16560.01,2025-04-05 03:00:00,2922.35,
10429,10429,Credit Card,Success,4680.7,2025-08-15 00:00:00,246.35,
10430,10430,EMI,Success,321.96,2025-08-21 01:00:00,0.0,
10431,10431,UPI,Success,12370.52,2026-08-08 01:00:00,0.0,
10432,10432,UPI,Success,2341.16,2025-06-19 05:00:00,0.0,SAVE15
10433,10433,Cash on Delivery,Success,1822.67,2025-05-30 04:00:00,95.93,WELCOME10
10434,10434,UPI,Success,462.47,2025-04-02 05:00:00,0.0,
10435,10435,UPI,Success,8094.24,2026-05-11 02:00:00,1428.4,
10436,10436,Credit Card,Success,701.08,2026-07-17 05:00:00,36.9,WELCOME10
10437,10437,Debit Card,Success,1532.91,2025-11-10 00:00:00,80.68,SAVE15
10438,10438,UPI,Success,26271.18,2024-08-13 01:00:00,0.0,
10439,10439,Cash on Delivery,Success,3818.96,2026-02-12 02:00:00,0.0,FEST20
10440,10440,UPI,Success,1478.86,2025-12-30 04:00:00,0.0,
10441,10441,Cash on Delivery,Success,95652.18,2025-04-01 04:00:00,0.0,NEWUSER
10442,10442,Cash on Delivery,Success,4160.75,2026-04-04 01:00:00,734.25,
10443,10443,UPI,Success,27960.85,2025-12-05 03:00:00,4934.27,
10444,10444,Cash on Delivery,Success,3490.08,2026-01-30 02:00:00,183.69,
10445,10445,Cash on Delivery,Success,8413.48,2025-09-13 01:00:00,0.0,SAVE15
10446,10446,UPI,Success,36530.02,2024-04-21 05:00:00,4058.89,SAVE15
10447,10447,UPI,Success,833.93,2025-11-08 03:00:00,0.0,
10448,10448,Cash on Delivery,Success,36926.26,2025-07-26 05:00:00,6516.4,
10449,10449,Cash on Delivery,Success,253812.76,2024-12-10 03:00:00,13358.57,WELCOME10
10450,10450,Debit Card,Success,7769.44,2025-12-17 00:00:00,0.0,SAVE15
10451,10451,Cash on Delivery,Success,33369.12,2025-06-30 05:00:00,0.0,
10452,10452,Cash on Delivery,Success,838.1,2024-01-12 01:00:00,209.52,WELCOME10
10453,10453,Debit Card,Success,915.18,2026-02-28 00:00:00,0.0,
10454,10454,Cash on Delivery,Success,2751.76,2026-04-04 03:00:00,0.0,WELCOME10
10455,10455,Cash on Delivery,Not Applicable,4133.08,2026-08-17 05:00:00,0.0,
10456,10456,Debit Card,Success,1782.52,2024-10-22 02:00:00,0.0,NEWUSER
10457,10457,EMI,Success,789.8,2025-09-08 02:00:00,0.0,
10458,10458,UPI,Success,782.44,2025-11-06 05:00:00,0.0,FEST20
10459,10459,EMI,Pending,2459.47,2026-01-06 03:00:00,273.27,SAVE15
10460,10460,Credit Card,Success,5775.75,2025-10-28 02:00:00,0.0,NEWUSER
10461,10461,Cash on Delivery,Success,11487.84,2025-01-20 00:00:00,2027.26,
10462,10462,Net Banking,Success,1325.29,2025-12-27 04:00:00,69.75,
10463,10463,UPI,Success,732.21,2024-12-16 01:00:00,0.0,
10464,10464,Debit Card,Success,328.97,2025-02-14 01:00:00,58.05,NEWUSER
10465,10465,Net Banking,Success,21841.48,2026-04-24 03:00:00,3854.38,
10466,10466,Credit Card,Success,52831.77,2023-12-30 00:00:00,13207.94,FEST20
10467,10467,UPI,Success,87572.45,2024-07-25 04:00:00,0.0,
10468,10468,Cash on Delivery,Not Applicable,56331.85,2026-03-30 01:00:00,14082.96,SAVE15
10469,10469,UPI,Success,53902.08,2024-11-21 01:00:00,9512.13,SAVE15
10470,10470,EMI,Success,25417.56,2025-12-18 05:00:00,1337.77,
10471,10471,UPI,Success,26779.26,2025-05-10 00:00:00,4725.75,FEST20
10472,10472,Credit Card,Success,663.52,2026-07-02 01:00:00,73.72,NEWUSER
10473,10473,Credit Card,Success,337.98,2024-07-12 03:00:00,0.0,SAVE15
10474,10474,UPI,Success,1784.16,2025-11-22 03:00:00,0.0,SAVE15
10475,10475,UPI,Success,229.17,2025-11-15 01:00:00,0.0,WELCOME10
10476,10476,EMI,Success,1555.94,2026-01-17 00:00:00,388.98,
10477,10477,Cash on Delivery,Success,6355.13,2026-07-12 04:00:00,706.13,WELCOME10
10478,10478,UPI,Success,23124.62,2024-11-28 01:00:00,5781.15,
10479,10479,UPI,Success,4413.84,2025-04-07 03:00:00,1103.46,
10480,10480,Cash on Delivery,Success,772.86,2025-08-10 03:00:00,193.21,SAVE15
10481,10481,Net Banking,Success,10987.41,2026-05-04 05:00:00,1938.95,NEWUSER
10482,10482,UPI,Success,4914.61,2025-04-24 05:00:00,0.0,
10483,10483,Debit Card,Success,848.93,2025-08-18 03:00:00,0.0,
10484,10484,Cash on Delivery,Success,5535.09,2025-09-20 04:00:00,615.01,
10485,10485,Cash on Delivery,Success,9421.02,2025-02-14 01:00:00,2355.26,
10486,10486,Net Banking,Success,55496.54,2025-10-29 03:00:00,0.0,WELCOME10
10487,10487,Debit Card,Success,3335.74,2025-12-25 04:00:00,175.57,
10488,10488,UPI,Success,6092.81,2026-03-19 02:00:00,0.0,
10489,10489,UPI,Success,30520.17,2025-07-06 03:00:00,0.0,NEWUSER
10490,10490,UPI,Success,1168.62,2025-11-09 03:00:00,61.51,NEWUSER
10491,10491,UPI,Success,2859.08,2026-01-20 05:00:00,714.77,SAVE15
10492,10492,UPI,Success,2068.42,2026-07-17 05:00:00,0.0,
10493,10493,EMI,Success,1551.51,2026-02-15 00:00:00,81.66,
10494,10494,EMI,Success,1907.27,2026-01-26 02:00:00,0.0,
10495,10495,UPI,Success,1004.22,2026-07-19 05:00:00,177.21,NEWUSER
10496,10496,EMI,Success,2112.35,2026-06-17 04:00:00,372.77,SAVE15
10497,10497,UPI,Success,5797.02,2025-03-14 05:00:00,644.11,
10498,10498,Debit Card,Success,614.07,2026-02-12 03:00:00,68.23,WELCOME10
10499,10499,Cash on Delivery,Success,3886.2,2024-03-02 05:00:00,685.8,WELCOME10
10500,10500,Cash on Delivery,Success,3981.96,2025-07-21 02:00:00,995.49,
10501,10501,UPI,Success,685.53,2025-11-10 05:00:00,120.98,
10502,10502,UPI,Success,76340.34,2026-04-15 01:00:00,13471.82,FEST20
10503,10503,Credit Card,Success,2850.9,2026-03-24 02:00:00,0.0,
10504,10504,UPI,Success,1017.46,2026-06-15 00:00:00,254.36,WELCOME10
10505,10505,UPI,Success,3570.32,2025-12-09 04:00:00,0.0,
10506,10506,Debit Card,Success,1936.1,2026-02-19 01:00:00,0.0,
10507,10507,Credit Card,Success,4694.3,2026-03-01 00:00:00,828.4,
10508,10508,Debit Card,Success,17722.68,2026-02-07 05:00:00,3127.53,SAVE15
10509,10509,UPI,Success,63850.2,2025-03-04 00:00:00,0.0,FEST20
10510,10510,Credit Card,Success,854.79,2024-11-26 02:00:00,44.99,WELCOME10
10511,10511,Debit Card,Success,1690.29,2026-02-03 03:00:00,88.96,
10512,10512,Credit Card,Success,1931.88,2024-09-19 02:00:00,0.0,
10513,10513,UPI,Success,4386.34,2024-12-05 03:00:00,774.06,SAVE15
10514,10514,Cash on Delivery,Success,198.95,2025-05-02 01:00:00,22.11,WELCOME10
10515,10515,UPI,Refunded,6090.4,2024-12-07 01:00:00,1522.6,
10516,10516,Cash on Delivery,Not Applicable,49676.69,2026-05-15 00:00:00,8766.47,WELCOME10
10517,10517,Cash on Delivery,Not Applicable,1994.28,2026-03-03 01:00:00,0.0,SAVE15
10518,10518,EMI,Success,497.59,2025-10-13 05:00:00,55.29,FEST20
10519,10519,Debit Card,Success,7040.26,2026-01-28 02:00:00,782.25,NEWUSER
10520,10520,EMI,Success,166.59,2025-11-02 02:00:00,0.0,
10521,10521,UPI,Success,1910.64,2025-05-11 00:00:00,100.56,FEST20
10522,10522,Credit Card,Refunded,9342.92,2025-11-25 02:00:00,1648.75,FEST20
10523,10523,Cash on Delivery,Success,884.49,2026-06-06 04:00:00,46.55,
10524,10524,Credit Card,Success,36570.61,2026-07-20 01:00:00,9142.65,
10525,10525,EMI,Success,6295.3,2026-01-28 02:00:00,0.0,NEWUSER
10526,10526,Cash on Delivery,Success,2516.13,2024-09-06 00:00:00,0.0,FEST20
10527,10527,UPI,Success,11763.38,2025-12-19 05:00:00,0.0,NEWUSER
10528,10528,Cash on Delivery,Success,26140.87,2025-09-24 01:00:00,6535.22,
10529,10529,Cash on Delivery,Success,21228.14,2025-02-10 01:00:00,3746.14,
10530,10530,Credit Card,Success,2936.37,2026-04-25 03:00:00,734.09,SAVE15
10531,10531,UPI,Refunded,479.12,2024-07-16 05:00:00,53.24,NEWUSER
10532,10532,UPI,Success,12118.85,2024-12-15 04:00:00,0.0,SAVE15
10533,10533,EMI,Success,2811.69,2025-04-18 03:00:00,0.0,NEWUSER
10534,10534,UPI,Refunded,9045.68,2026-02-07 00:00:00,0.0,NEWUSER
10535,10535,Credit Card,Success,2907.2,2025-07-02 02:00:00,513.04,FEST20
10536,10536,UPI,Success,2357.35,2026-06-15 04:00:00,416.0,FEST20
10537,10537,Cash on Delivery,Success,5369.38,2026-04-25 04:00:00,0.0,
10538,10538,Debit Card,Success,459.63,2026-01-05 01:00:00,0.0,WELCOME10
10539,10539,Debit Card,Success,4919.76,2026-02-10 03:00:00,0.0,FEST20
10540,10540,UPI,Success,2344.31,2026-01-31 03:00:00,0.0,WELCOME10
10541,10541,UPI,Success,54290.18,2026-03-11 01:00:00,0.0,
10542,10542,Credit Card,Success,424.04,2025-12-10 01:00:00,47.12,
10543,10543,UPI,Refunded,493.08,2025-09-10 01:00:00,87.02,FEST20
10544,10544,Credit Card,Success,4874.13,2024-05-21 04:00:00,860.14,
10545,10545,EMI,Success,264094.5,2025-02-03 04:00:00,0.0,
10546,10546,UPI,Success,4368.66,2026-01-28 03:00:00,1092.16,
10547,10547,Debit Card,Success,12943.83,2025-07-20 02:00:00,681.25,NEWUSER
10548,10548,UPI,Success,11201.03,2025-08-09 04:00:00,1976.65,WELCOME10
10549,10549,UPI,Success,25188.94,2025-09-22 00:00:00,0.0,SAVE15
10550,10550,Credit Card,Refunded,6064.86,2025-03-15 05:00:00,0.0,
10551,10551,UPI,Success,5017.62,2025-12-13 03:00:00,557.51,WELCOME10
10552,10552,Debit Card,Success,4401.25,2026-04-11 00:00:00,231.64,NEWUSER
10553,10553,Net Banking,Success,22534.07,2024-11-27 05:00:00,0.0,
10554,10554,Credit Card,Success,286.21,2025-10-11 05:00:00,15.06,NEWUSER
10555,10555,Debit Card,Success,4524.61,2025-05-19 03:00:00,0.0,
10556,10556,UPI,Success,4327.11,2025-12-17 05:00:00,0.0,
10557,10557,UPI,Success,10757.13,2026-05-19 03:00:00,1195.24,NEWUSER
10558,10558,UPI,Success,3200.24,2025-11-22 01:00:00,564.75,WELCOME10
10559,10559,UPI,Success,245.4,2025-10-29 01:00:00,43.31,
10560,10560,EMI,Success,9622.3,2026-04-01 01:00:00,1069.14,WELCOME10
10561,10561,Credit Card,Success,481.45,2026-05-13 00:00:00,53.5,FEST20
10562,10562,Credit Card,Success,34907.19,2024-12-14 04:00:00,6160.09,
10563,10563,Credit Card,Success,1269.95,2024-09-26 04:00:00,0.0,FEST20
10564,10564,UPI,Success,1756.46,2026-02-16 03:00:00,0.0,SAVE15
10565,10565,Cash on Delivery,Success,74711.32,2025-04-28 05:00:00,13184.35,
10566,10566,UPI,Success,137958.78,2025-10-06 03:00:00,0.0,NEWUSER
10567,10567,UPI,Success,142.42,2025-04-24 05:00:00,15.82,FEST20
10568,10568,Credit Card,Refunded,2686.94,2026-08-06 03:00:00,474.17,NEWUSER
10569,10569,Cash on Delivery,Success,4313.45,2025-02-11 01:00:00,1078.36,WELCOME10
10570,10570,Credit Card,Success,638.6,2025-03-26 03:00:00,0.0,
10571,10571,UPI,Success,6528.72,2025-11-12 05:00:00,0.0,NEWUSER
10572,10572,UPI,Success,3312.56,2026-01-13 02:00:00,828.14,SAVE15
10573,10573,UPI,Success,20860.01,2025-09-16 03:00:00,2317.78,
10574,10574,Credit Card,Success,7175.6,2025-03-12 02:00:00,377.66,NEWUSER
10575,10575,Credit Card,Success,7510.54,2024-04-12 01:00:00,0.0,NEWUSER
10576,10576,Debit Card,Success,8740.74,2026-03-18 03:00:00,0.0,
10577,10577,EMI,Success,4062.1,2026-03-02 03:00:00,0.0,WELCOME10
10578,10578,Debit Card,Success,47400.26,2025-12-03 04:00:00,2494.75,FEST20
10579,10579,Credit Card,Refunded,2038.4,2024-12-25 02:00:00,226.49,NEWUSER
10580,10580,UPI,Success,608.18,2024-09-25 05:00:00,0.0,SAVE15
10581,10581,UPI,Success,8178.8,2025-01-09 05:00:00,0.0,NEWUSER
10582,10582,UPI,Success,2039.36,2025-10-03 03:00:00,0.0,SAVE15
10583,10583,Net Banking,Success,1533.51,2026-02-04 05:00:00,80.71,
10584,10584,Cash on Delivery,Success,3917.25,2026-05-08 03:00:00,435.25,NEWUSER
10585,10585,Net Banking,Success,206.58,2024-08-03 00:00:00,22.95,
10586,10586,EMI,Success,10507.3,2026-07-04 05:00:00,0.0,SAVE15
10587,10587,Net Banking,Success,2128.54,2025-05-24 04:00:00,375.62,
10588,10588,UPI,Success,20702.45,2025-11-17 01:00:00,3653.37,FEST20
10589,10589,Credit Card,Success,6764.72,2025-09-19 00:00:00,0.0,WELCOME10
10590,10590,UPI,Success,374.74,2025-12-03 03:00:00,93.69,NEWUSER
10591,10591,Credit Card,Success,6292.28,2026-07-02 04:00:00,1573.07,FEST20
10592,10592,EMI,Success,19628.97,2026-07-30 05:00:00,3463.93,SAVE15
10593,10593,Net Banking,Success,2988.53,2025-12-07 05:00:00,747.13,NEWUSER
10594,10594,UPI,Success,4678.6,2026-01-29 02:00:00,519.84,WELCOME10
10595,10595,Net Banking,Success,793.92,2026-02-26 00:00:00,198.48,
10596,10596,Credit Card,Success,1740.8,2026-06-03 00:00:00,435.2,SAVE15
10597,10597,Cash on Delivery,Success,11427.98,2025-11-21 05:00:00,0.0,
10598,10598,Debit Card,Success,95.29,2024-11-23 04:00:00,10.59,
10599,10599,UPI,Success,1610.37,2025-11-16 04:00:00,0.0,SAVE15
10600,10600,Cash on Delivery,Success,63431.87,2025-10-13 02:00:00,0.0,NEWUSER
10601,10601,EMI,Success,52328.9,2026-03-20 01:00:00,2754.15,
10602,10602,Cash on Delivery,Success,15891.9,2026-03-09 05:00:00,0.0,WELCOME10
10603,10603,Debit Card,Success,2444.79,2025-07-22 00:00:00,0.0,
10604,10604,UPI,Success,5752.67,2026-05-18 01:00:00,0.0,
10605,10605,UPI,Success,993.2,2025-06-25 02:00:00,0.0,
10606,10606,Credit Card,Refunded,6109.17,2025-04-28 03:00:00,321.54,SAVE15
10607,10607,UPI,Success,1689.97,2025-07-17 00:00:00,298.23,WELCOME10
10608,10608,Cash on Delivery,Not Applicable,54097.23,2026-05-04 00:00:00,6010.8,WELCOME10
10609,10609,UPI,Success,240342.06,2025-08-04 03:00:00,42413.3,NEWUSER
10610,10610,Credit Card,Success,11580.33,2026-02-06 04:00:00,1286.7,
10611,10611,UPI,Success,1494.53,2025-01-16 02:00:00,373.63,FEST20
10612,10612,UPI,Success,14742.23,2026-04-25 05:00:00,3685.56,
10613,10613,UPI,Success,267.91,2026-04-20 03:00:00,29.77,
10614,10614,UPI,Success,1105.94,2025-03-11 02:00:00,0.0,
10615,10615,UPI,Success,853.94,2026-02-13 02:00:00,44.94,NEWUSER
10616,10616,UPI,Success,1873.66,2024-10-25 00:00:00,330.65,NEWUSER
10617,10617,Net Banking,Success,46099.55,2025-11-11 03:00:00,8135.21,FEST20
10618,10618,Credit Card,Success,61379.64,2025-10-12 03:00:00,0.0,SAVE15
10619,10619,Credit Card,Success,381.28,2025-12-21 03:00:00,0.0,FEST20
10620,10620,Debit Card,Success,69670.35,2025-12-08 02:00:00,12294.77,
10621,10621,Debit Card,Success,1207.2,2025-07-30 03:00:00,213.04,
10622,10622,UPI,Success,2433.35,2026-05-09 01:00:00,0.0,NEWUSER
10623,10623,Cash on Delivery,Success,107107.86,2025-06-05 04:00:00,5637.26,WELCOME10
10624,10624,Debit Card,Success,9170.91,2025-08-25 01:00:00,1618.4,SAVE15
10625,10625,Debit Card,Refunded,5693.88,2024-09-04 02:00:00,1004.8,
10626,10626,Credit Card,Success,3282.4,2025-11-04 03:00:00,172.76,
10627,10627,Credit Card,Success,1414.43,2025-01-21 03:00:00,249.61,
10628,10628,UPI,Success,1441.37,2026-03-11 04:00:00,0.0,FEST20
10629,10629,UPI,Success,2994.64,2026-02-12 04:00:00,528.46,
10630,10630,UPI,Refunded,207.12,2025-11-03 03:00:00,36.55,
10631,10631,Debit Card,Success,1821.5,2026-01-04 02:00:00,321.44,
10632,10632,Net Banking,Success,2601.56,2026-04-04 04:00:00,0.0,
10633,10633,UPI,Success,1411.34,2025-07-28 05:00:00,352.83,
10634,10634,Credit Card,Success,5150.84,2026-01-25 04:00:00,0.0,WELCOME10
10635,10635,UPI,Success,51170.54,2026-06-07 03:00:00,5685.62,
10636,10636,UPI,Success,533.91,2025-06-04 03:00:00,28.1,SAVE15
10637,10637,UPI,Success,2578.53,2025-06-25 04:00:00,455.04,FEST20
10638,10638,Debit Card,Success,1094.33,2026-03-16 00:00:00,0.0,FEST20
10639,10639,Debit Card,Refunded,3542.04,2025-05-21 02:00:00,0.0,FEST20
10640,10640,UPI,Success,1613.36,2025-08-17 01:00:00,0.0,WELCOME10
10641,10641,EMI,Success,138050.25,2025-02-08 03:00:00,24361.81,
10642,10642,UPI,Pending,671.04,2025-05-20 02:00:00,0.0,
10643,10643,UPI,Success,5419.94,2025-02-22 04:00:00,1354.99,SAVE15
10644,10644,UPI,Success,6595.81,2025-06-03 05:00:00,0.0,
10645,10645,Cash on Delivery,Success,1419.79,2025-10-01 05:00:00,0.0,FEST20
10646,10646,Debit Card,Success,7814.07,2026-04-11 03:00:00,0.0,SAVE15
10647,10647,UPI,Success,697.44,2025-09-06 03:00:00,123.08,
10648,10648,UPI,Success,426.64,2026-05-28 01:00:00,47.41,
10649,10649,Debit Card,Pending,1514.68,2026-05-10 03:00:00,168.3,WELCOME10
10650,10650,UPI,Success,2340.23,2026-03-24 01:00:00,0.0,FEST20
10651,10651,Credit Card,Success,3866.76,2025-02-24 03:00:00,966.69,SAVE15
10652,10652,Credit Card,Refunded,28884.46,2026-07-02 04:00:00,1520.24,NEWUSER
10653,10653,Credit Card,Success,5514.66,2025-11-06 05:00:00,0.0,WELCOME10
10654,10654,UPI,Success,381.84,2025-05-09 03:00:00,0.0,
10655,10655,Debit Card,Success,2113.47,2025-08-01 00:00:00,111.23,WELCOME10
10656,10656,UPI,Success,1242.72,2025-07-08 02:00:00,0.0,NEWUSER
10657,10657,Debit Card,Pending,6646.34,2025-04-26 02:00:00,0.0,
10658,10658,Credit Card,Refunded,3711.05,2025-06-01 02:00:00,654.89,
10659,10659,Cash on Delivery,Success,939.84,2025-09-06 02:00:00,0.0,
10660,10660,UPI,Success,26952.23,2026-01-24 02:00:00,4756.27,NEWUSER
10661,10661,UPI,Success,4100.86,2025-04-13 00:00:00,215.83,
10662,10662,EMI,Success,8900.72,2025-10-06 05:00:00,1570.71,SAVE15
10663,10663,UPI,Success,36876.09,2025-02-27 05:00:00,4097.34,NEWUSER
10664,10664,Cash on Delivery,Success,1698.59,2026-06-04 00:00:00,89.4,
10665,10665,Cash on Delivery,Success,68054.35,2025-10-13 01:00:00,3581.81,SAVE15
10666,10666,Credit Card,Success,24023.86,2026-06-17 03:00:00,2669.32,
10667,10667,Debit Card,Success,2931.4,2025-09-08 04:00:00,154.28,WELCOME10
10668,10668,Credit Card,Success,501.77,2025-06-02 01:00:00,26.41,
10669,10669,UPI,Success,13446.62,2025-12-17 00:00:00,0.0,WELCOME10
10670,10670,UPI,Success,8728.83,2026-03-16 04:00:00,969.87,
10671,10671,EMI,Success,2566.22,2026-05-03 03:00:00,135.06,
10672,10672,Cash on Delivery,Success,92789.06,2025-06-30 05:00:00,16374.54,NEWUSER
10673,10673,UPI,Success,918.86,2025-06-19 03:00:00,0.0,WELCOME10
10674,10674,UPI,Success,1384.82,2025-07-12 00:00:00,244.38,
10675,10675,Net Banking,Success,1570.83,2026-01-06 03:00:00,0.0,
10676,10676,Credit Card,Success,2678.15,2025-02-13 01:00:00,669.54,WELCOME10
10677,10677,UPI,Success,6689.18,2026-04-11 02:00:00,1180.44,
10678,10678,UPI,Success,350.8,2026-05-27 02:00:00,87.7,
10679,10679,Net Banking,Success,1428.69,2025-07-02 02:00:00,75.19,
10680,10680,Credit Card,Success,7653.44,2024-12-31 01:00:00,0.0,
10681,10681,Debit Card,Success,2356.7,2025-08-25 04:00:00,0.0,FEST20
10682,10682,UPI,Success,79921.99,2025-05-22 04:00:00,0.0,FEST20
10683,10683,Net Banking,Success,5588.34,2026-03-26 05:00:00,620.93,WELCOME10
10684,10684,Cash on Delivery,Success,5344.63,2025-04-30 05:00:00,281.3,SAVE15
10685,10685,UPI,Success,5178.17,2026-04-05 03:00:00,272.54,
10686,10686,Credit Card,Success,59961.02,2025-12-08 05:00:00,3155.84,WELCOME10
10687,10687,Net Banking,Success,1726.5,2024-03-06 04:00:00,431.62,
10688,10688,UPI,Success,628.69,2026-01-27 03:00:00,157.17,WELCOME10
10689,10689,Credit Card,Success,8468.8,2025-08-31 01:00:00,2117.2,SAVE15
10690,10690,Credit Card,Success,2171.56,2025-01-31 02:00:00,0.0,FEST20
10691,10691,UPI,Success,5563.21,2024-06-27 05:00:00,0.0,
10692,10692,EMI,Success,1770.45,2025-10-25 03:00:00,0.0,WELCOME10
10693,10693,UPI,Success,2511.15,2025-01-06 00:00:00,279.02,FEST20
10694,10694,Cash on Delivery,Success,4292.69,2023-10-27 05:00:00,476.96,
10695,10695,UPI,Success,2253.88,2025-05-09 04:00:00,0.0,
10696,10696,Debit Card,Success,607.99,2025-12-02 00:00:00,0.0,FEST20
10697,10697,Credit Card,Success,7688.93,2025-01-17 04:00:00,1922.23,NEWUSER
10698,10698,Cash on Delivery,Success,10570.99,2024-09-15 05:00:00,1174.55,
10699,10699,Debit Card,Refunded,534.48,2025-12-09 00:00:00,0.0,FEST20
10700,10700,EMI,Success,11618.82,2026-07-14 00:00:00,611.52,
10701,10701,UPI,Success,1154.77,2026-08-08 05:00:00,288.69,WELCOME10
10702,10702,Debit Card,Success,34365.25,2025-05-10 04:00:00,0.0,
10703,10703,UPI,Success,1968.38,2024-09-06 02:00:00,492.1,NEWUSER
10704,10704,UPI,Success,1931.55,2026-02-05 03:00:00,340.86,SAVE15
10705,10705,UPI,Success,97944.94,2025-01-06 05:00:00,17284.4,WELCOME10
10706,10706,Credit Card,Success,38213.62,2025-10-24 04:00:00,9553.41,NEWUSER
10707,10707,UPI,Success,7628.0,2025-07-14 00:00:00,401.47,NEWUSER
10708,10708,Cash on Delivery,Success,13682.92,2025-12-12 00:00:00,1520.32,NEWUSER
10709,10709,EMI,Success,7872.79,2026-01-21 05:00:00,1968.2,
10710,10710,Cash on Delivery,Success,10890.63,2026-08-17 02:00:00,0.0,SAVE15
10711,10711,Debit Card,Success,1447.34,2026-06-18 03:00:00,361.84,SAVE15
10712,10712,Credit Card,Success,258.57,2024-05-03 03:00:00,28.73,WELCOME10
10713,10713,EMI,Success,742.07,2024-09-27 02:00:00,39.06,SAVE15
10714,10714,UPI,Success,1102.46,2025-01-13 01:00:00,194.55,
10715,10715,Cash on Delivery,Success,270.87,2025-02-09 01:00:00,47.8,WELCOME10
10716,10716,UPI,Success,10160.38,2025-07-30 05:00:00,0.0,WELCOME10
10717,10717,Debit Card,Success,5725.06,2026-03-21 04:00:00,1431.26,
10718,10718,Credit Card,Success,76063.64,2026-06-14 05:00:00,4003.35,
10719,10719,UPI,Success,506.58,2024-12-16 01:00:00,126.64,SAVE15
10720,10720,Net Banking,Success,2109.95,2025-06-26 05:00:00,111.05,
10721,10721,UPI,Success,4639.27,2026-03-22 02:00:00,244.17,FEST20
10722,10722,UPI,Success,1503.88,2026-02-07 00:00:00,0.0,
10723,10723,Cash on Delivery,Success,6097.3,2024-08-14 04:00:00,0.0,SAVE15
10724,10724,Credit Card,Success,237.47,2024-06-29 01:00:00,26.39,
10725,10725,EMI,Success,2055.64,2025-02-21 01:00:00,228.41,
10726,10726,Credit Card,Success,4299.84,2026-05-11 01:00:00,477.76,
10727,10727,UPI,Refunded,18438.82,2025-04-21 02:00:00,970.46,WELCOME10
10728,10728,EMI,Success,6095.68,2025-06-26 02:00:00,0.0,
10729,10729,UPI,Success,179.65,2025-09-10 02:00:00,9.46,WELCOME10
10730,10730,UPI,Success,24303.6,2026-04-19 01:00:00,0.0,SAVE15
10731,10731,Credit Card,Success,828.08,2025-09-18 00:00:00,0.0,
10732,10732,UPI,Success,869.28,2026-04-01 02:00:00,0.0,
10733,10733,UPI,Success,10311.02,2025-02-04 00:00:00,1819.59,
10734,10734,UPI,Success,2686.26,2025-08-24 02:00:00,671.57,WELCOME10
10735,10735,Debit Card,Success,523.88,2026-05-15 01:00:00,92.45,WELCOME10
10736,10736,Debit Card,Success,3797.26,2025-12-04 01:00:00,0.0,FEST20
10737,10737,UPI,Refunded,1517.08,2024-07-19 03:00:00,0.0,
10738,10738,Credit Card,Success,4407.55,2026-04-17 00:00:00,0.0,SAVE15
10739,10739,UPI,Success,67552.49,2026-03-22 04:00:00,7505.83,
10740,10740,Credit Card,Success,4258.77,2025-06-10 00:00:00,1064.69,
10741,10741,Debit Card,Success,31804.78,2025-08-20 00:00:00,7951.19,SAVE15
10742,10742,Debit Card,Success,9894.73,2025-08-03 04:00:00,520.78,
10743,10743,Credit Card,Refunded,876.93,2026-04-06 01:00:00,219.23,FEST20
10744,10744,UPI,Success,95817.72,2026-04-28 01:00:00,0.0,
10745,10745,Debit Card,Success,7098.63,2025-05-30 04:00:00,373.61,
10746,10746,Net Banking,Success,4493.69,2026-06-09 03:00:00,236.51,
10747,10747,Cash on Delivery,Success,49769.39,2026-08-02 01:00:00,8782.83,WELCOME10
10748,10748,Credit Card,Success,9352.84,2026-05-28 04:00:00,1650.5,
10749,10749,Cash on Delivery,Success,3960.12,2026-08-17 01:00:00,0.0,
10750,10750,UPI,Success,9869.53,2025-05-18 01:00:00,1741.68,SAVE15
10751,10751,UPI,Success,6343.81,2026-02-25 01:00:00,1119.49,
10752,10752,UPI,Success,6408.07,2026-01-15 02:00:00,1130.83,SAVE15
10753,10753,UPI,Success,17179.4,2025-06-20 01:00:00,904.18,
10754,10754,Credit Card,Success,10865.65,2025-12-10 04:00:00,571.88,
10755,10755,UPI,Success,63792.13,2026-04-06 02:00:00,15948.03,
10756,10756,UPI,Success,182.39,2026-06-22 03:00:00,32.19,
10757,10757,UPI,Success,1377.44,2026-06-20 04:00:00,344.36,WELCOME10
10758,10758,Debit Card,Success,13399.51,2025-07-25 03:00:00,2364.62,WELCOME10
10759,10759,Credit Card,Success,1253.93,2025-04-01 02:00:00,0.0,
10760,10760,UPI,Success,6569.0,2025-05-14 00:00:00,1159.24,SAVE15
10761,10761,Debit Card,Success,19295.25,2025-04-21 03:00:00,1015.54,NEWUSER
10762,10762,UPI,Success,758.58,2024-12-21 01:00:00,189.65,
10763,10763,Credit Card,Success,366.82,2026-07-06 03:00:00,64.73,
10764,10764,Debit Card,Success,34593.65,2026-03-01 04:00:00,0.0,SAVE15
10765,10765,Net Banking,Success,465.49,2026-01-07 04:00:00,24.5,
10766,10766,Net Banking,Success,1718.41,2025-02-21 03:00:00,429.6,WELCOME10
10767,10767,EMI,Success,14251.2,2025-11-16 04:00:00,0.0,SAVE15
10768,10768,UPI,Success,12233.55,2025-08-18 03:00:00,0.0,WELCOME10
10769,10769,UPI,Success,10526.17,2026-04-12 01:00:00,0.0,FEST20
10770,10770,UPI,Success,3314.07,2025-03-02 02:00:00,828.52,FEST20
10771,10771,Cash on Delivery,Success,6103.31,2024-01-07 04:00:00,678.14,
10772,10772,UPI,Success,1564.99,2025-12-23 05:00:00,391.25,FEST20
10773,10773,UPI,Success,62395.89,2025-07-12 03:00:00,0.0,WELCOME10
10774,10774,UPI,Success,863.05,2026-04-07 04:00:00,0.0,
10775,10775,UPI,Success,2579.8,2026-05-08 00:00:00,455.26,
10776,10776,Net Banking,Success,1326.46,2025-05-28 02:00:00,147.38,
10777,10777,EMI,Success,1400.0,2025-09-25 01:00:00,247.06,SAVE15
10778,10778,UPI,Success,1262.19,2026-03-27 00:00:00,0.0,
10779,10779,Net Banking,Success,852.0,2025-12-24 00:00:00,0.0,FEST20
10780,10780,Credit Card,Success,3811.85,2025-12-02 00:00:00,423.54,
10781,10781,UPI,Success,6763.55,2025-08-21 05:00:00,1193.57,
10782,10782,Cash on Delivery,Success,1297.32,2025-04-14 05:00:00,228.94,WELCOME10
10783,10783,Debit Card,Success,6764.41,2025-09-17 01:00:00,0.0,SAVE15
10784,10784,UPI,Success,8611.31,2026-02-12 02:00:00,956.81,WELCOME10
10785,10785,Debit Card,Success,11288.77,2026-01-14 00:00:00,1992.13,SAVE15
10786,10786,Cash on Delivery,Not Applicable,10413.92,2024-08-18 00:00:00,0.0,NEWUSER
10787,10787,Cash on Delivery,Success,7993.82,2026-01-25 02:00:00,0.0,FEST20
10788,10788,UPI,Success,2329.92,2024-09-22 02:00:00,0.0,WELCOME10
10789,10789,UPI,Success,780.38,2024-11-19 01:00:00,41.07,NEWUSER
10790,10790,Debit Card,Success,6067.5,2025-08-22 01:00:00,1070.73,
10791,10791,Cash on Delivery,Success,1501.06,2025-10-27 04:00:00,79.0,SAVE15
10792,10792,UPI,Success,58447.33,2026-03-13 00:00:00,6494.15,NEWUSER
10793,10793,Cash on Delivery,Success,1117.16,2025-03-21 04:00:00,58.8,FEST20
10794,10794,UPI,Success,6943.18,2024-10-23 03:00:00,1735.79,
10795,10795,Credit Card,Success,591.71,2025-07-17 05:00:00,147.93,
10796,10796,Cash on Delivery,Success,50715.01,2025-09-30 04:00:00,5635.0,NEWUSER
10797,10797,Debit Card,Success,10785.23,2024-07-20 00:00:00,0.0,NEWUSER
10798,10798,Debit Card,Success,2117.54,2026-02-07 01:00:00,235.28,NEWUSER
10799,10799,Debit Card,Success,3211.25,2026-02-04 00:00:00,356.81,
10800,10800,UPI,Success,7408.54,2026-07-07 05:00:00,1852.14,WELCOME10
10801,10801,Debit Card,Success,30727.34,2026-03-04 03:00:00,3414.15,WELCOME10
10802,10802,Net Banking,Success,549.41,2026-05-09 05:00:00,96.95,
10803,10803,UPI,Success,10709.32,2025-04-18 03:00:00,1189.92,
10804,10804,Cash on Delivery,Success,42278.41,2026-01-22 04:00:00,7460.9,FEST20
10805,10805,UPI,Success,2078.32,2025-05-13 04:00:00,0.0,WELCOME10
10806,10806,Cash on Delivery,Success,609.42,2025-10-01 03:00:00,0.0,SAVE15
10807,10807,Net Banking,Success,708.49,2026-06-22 03:00:00,125.03,WELCOME10
10808,10808,Credit Card,Success,734.32,2026-01-09 03:00:00,129.58,NEWUSER
10809,10809,Cash on Delivery,Success,4559.8,2026-03-04 05:00:00,1139.95,
10810,10810,Credit Card,Success,8293.64,2026-02-16 01:00:00,921.52,FEST20
10811,10811,Debit Card,Success,63527.74,2026-01-04 04:00:00,0.0,
10812,10812,UPI,Success,2356.58,2024-09-26 04:00:00,589.14,SAVE15
10813,10813,Cash on Delivery,Success,8623.08,2025-07-27 03:00:00,0.0,NEWUSER
10814,10814,Debit Card,Success,4052.57,2025-05-16 01:00:00,213.29,FEST20
10815,10815,Cash on Delivery,Success,667.15,2026-02-07 02:00:00,0.0,FEST20
10816,10816,UPI,Success,3261.39,2026-04-10 04:00:00,0.0,SAVE15
10817,10817,Cash on Delivery,Success,7690.76,2025-07-22 01:00:00,1357.19,SAVE15
10818,10818,Debit Card,Success,48669.12,2025-06-07 03:00:00,5407.68,
10819,10819,UPI,Success,6885.49,2025-07-01 04:00:00,765.05,FEST20
10820,10820,Debit Card,Success,66934.56,2025-04-08 05:00:00,0.0,FEST20
10821,10821,Cash on Delivery,Success,67627.46,2026-05-30 04:00:00,7514.16,
10822,10822,Cash on Delivery,Success,1866.82,2026-03-10 05:00:00,0.0,SAVE15
10823,10823,Debit Card,Success,590.25,2025-09-23 02:00:00,0.0,
10824,10824,UPI,Success,2685.11,2026-02-25 03:00:00,671.28,
10825,10825,Cash on Delivery,Success,3116.9,2025-06-12 00:00:00,550.04,SAVE15
10826,10826,Net Banking,Success,613.7,2025-12-25 03:00:00,153.42,SAVE15
10827,10827,Cash on Delivery,Success,7477.74,2025-10-24 01:00:00,1869.44,
10828,10828,Cash on Delivery,Success,3117.86,2026-03-07 05:00:00,0.0,FEST20
10829,10829,Net Banking,Success,11425.66,2025-08-14 05:00:00,2856.41,FEST20
10830,10830,Net Banking,Success,1345.03,2025-08-20 05:00:00,0.0,FEST20
10831,10831,UPI,Success,9767.74,2025-09-17 02:00:00,1085.3,NEWUSER
10832,10832,Net Banking,Success,3774.31,2025-02-01 03:00:00,0.0,WELCOME10
10833,10833,Credit Card,Success,194025.14,2025-09-12 00:00:00,48506.29,SAVE15
10834,10834,UPI,Success,3714.73,2024-06-02 05:00:00,412.75,
10835,10835,Debit Card,Success,4255.89,2026-01-04 04:00:00,0.0,NEWUSER
10836,10836,Cash on Delivery,Success,3728.02,2024-07-20 02:00:00,657.88,SAVE15
10837,10837,UPI,Success,3053.81,2024-10-04 01:00:00,0.0,WELCOME10
10838,10838,Debit Card,Pending,1591.76,2025-12-28 01:00:00,0.0,FEST20
10839,10839,Cash on Delivery,Success,12684.81,2026-01-07 01:00:00,0.0,
10840,10840,UPI,Success,2925.93,2024-05-29 00:00:00,0.0,WELCOME10
10841,10841,Credit Card,Refunded,848.51,2025-10-22 04:00:00,0.0,WELCOME10
10842,10842,UPI,Refunded,427.21,2026-02-19 04:00:00,75.39,
10843,10843,Credit Card,Success,4464.14,2026-03-21 03:00:00,787.79,WELCOME10
10844,10844,UPI,Refunded,338.97,2025-11-30 04:00:00,84.74,
10845,10845,Debit Card,Success,184.57,2025-05-07 05:00:00,20.51,WELCOME10
10846,10846,UPI,Success,4567.95,2024-11-08 02:00:00,1141.99,
10847,10847,UPI,Success,4326.1,2026-01-09 04:00:00,227.69,
10848,10848,UPI,Success,2461.51,2025-12-23 00:00:00,0.0,WELCOME10
10849,10849,Credit Card,Success,1809.76,2026-03-26 04:00:00,201.08,SAVE15
10850,10850,UPI,Success,3083.48,2024-11-09 03:00:00,544.14,NEWUSER
10851,10851,Debit Card,Success,3067.97,2026-03-04 03:00:00,541.41,FEST20
10852,10852,Cash on Delivery,Success,13306.1,2025-02-27 05:00:00,0.0,WELCOME10
10853,10853,Credit Card,Success,4325.7,2024-09-13 04:00:00,0.0,WELCOME10
10854,10854,Cash on Delivery,Not Applicable,11849.66,2026-02-03 04:00:00,2962.42,NEWUSER
10855,10855,Credit Card,Success,679.74,2026-01-10 02:00:00,75.53,NEWUSER
10856,10856,UPI,Success,13182.38,2026-01-31 03:00:00,0.0,
10857,10857,Net Banking,Refunded,100662.98,2026-02-22 02:00:00,17764.06,
10858,10858,UPI,Success,63784.55,2025-12-18 03:00:00,7087.17,
10859,10859,Cash on Delivery,Success,3205.4,2025-05-31 03:00:00,356.16,NEWUSER
10860,10860,UPI,Success,9537.31,2025-06-25 03:00:00,1683.05,
10861,10861,UPI,Success,8372.76,2025-10-04 01:00:00,0.0,
10862,10862,Debit Card,Success,24633.61,2026-07-20 03:00:00,1296.51,WELCOME10
10863,10863,UPI,Success,10248.69,2025-01-18 01:00:00,2562.17,
10864,10864,UPI,Success,876.53,2024-01-03 04:00:00,0.0,SAVE15
10865,10865,Credit Card,Success,6280.74,2025-10-17 01:00:00,330.57,SAVE15
10866,10866,Cash on Delivery,Success,63413.77,2026-06-10 03:00:00,11190.67,FEST20
10867,10867,Credit Card,Success,3696.93,2026-07-18 01:00:00,410.77,
10868,10868,Cash on Delivery,Success,6186.87,2025-08-11 01:00:00,325.62,
10869,10869,UPI,Success,60123.82,2026-08-17 00:00:00,6680.42,NEWUSER
10870,10870,Net Banking,Success,18789.79,2025-02-05 05:00:00,2087.75,NEWUSER
10871,10871,Debit Card,Success,321.7,2026-01-29 02:00:00,80.43,
10872,10872,Debit Card,Success,75453.61,2026-08-17 02:00:00,0.0,WELCOME10
10873,10873,UPI,Success,70045.42,2025-08-27 01:00:00,17511.35,
10874,10874,UPI,Success,823.59,2024-12-08 03:00:00,205.9,
10875,10875,Debit Card,Success,230090.8,2025-12-16 05:00:00,0.0,
10876,10876,Debit Card,Success,1507.02,2025-11-05 00:00:00,0.0,WELCOME10
10877,10877,Cash on Delivery,Success,1105.26,2025-06-01 00:00:00,0.0,
10878,10878,UPI,Success,48666.05,2025-08-20 00:00:00,8588.13,
10879,10879,Debit Card,Success,5516.92,2025-04-11 03:00:00,0.0,WELCOME10
10880,10880,Debit Card,Success,971.94,2025-04-11 05:00:00,51.15,NEWUSER
10881,10881,Cash on Delivery,Success,1880.98,2025-09-09 00:00:00,0.0,WELCOME10
10882,10882,Debit Card,Success,30465.43,2024-08-19 01:00:00,3385.05,
10883,10883,UPI,Success,2310.05,2024-01-15 03:00:00,0.0,NEWUSER
10884,10884,Cash on Delivery,Success,2514.65,2025-07-01 02:00:00,628.66,FEST20
10885,10885,Cash on Delivery,Success,2931.04,2025-09-23 01:00:00,0.0,
10886,10886,Cash on Delivery,Success,4212.46,2025-04-15 00:00:00,221.71,
10887,10887,Debit Card,Success,37759.58,2025-11-29 05:00:00,6663.46,NEWUSER
10888,10888,UPI,Success,625.65,2024-12-06 05:00:00,0.0,FEST20
10889,10889,Cash on Delivery,Success,1623.57,2024-12-10 03:00:00,0.0,SAVE15
10890,10890,UPI,Success,23022.84,2025-07-14 02:00:00,0.0,WELCOME10
10891,10891,UPI,Success,12818.21,2025-03-28 04:00:00,0.0,FEST20
10892,10892,UPI,Success,1985.22,2026-05-29 03:00:00,496.3,NEWUSER
10893,10893,Debit Card,Success,171530.32,2025-09-24 00:00:00,0.0,SAVE15
10894,10894,Debit Card,Success,17023.03,2026-04-13 05:00:00,1891.45,
10895,10895,Debit Card,Success,36361.52,2025-10-31 00:00:00,4040.17,
10896,10896,Cash on Delivery,Success,30023.52,2024-11-24 00:00:00,0.0,SAVE15
10897,10897,UPI,Success,2671.12,2026-02-18 02:00:00,667.78,
10898,10898,Net Banking,Success,3498.91,2025-05-16 05:00:00,184.15,FEST20
10899,10899,UPI,Success,83.08,2025-01-18 05:00:00,20.77,NEWUSER
10900,10900,UPI,Success,28475.86,2025-07-13 05:00:00,7118.96,
10901,10901,UPI,Success,25562.92,2026-04-27 01:00:00,0.0,WELCOME10
10902,10902,Credit Card,Success,2502.32,2026-03-18 01:00:00,278.04,
10903,10903,UPI,Success,2596.24,2025-12-13 05:00:00,0.0,
10904,10904,Debit Card,Success,1738.33,2025-01-06 03:00:00,193.15,SAVE15
10905,10905,UPI,Success,44874.42,2025-11-11 04:00:00,11218.6,SAVE15
10906,10906,Credit Card,Success,10883.34,2025-06-16 05:00:00,572.81,FEST20
10907,10907,EMI,Success,1221.6,2026-03-24 00:00:00,64.29,FEST20
10908,10908,Credit Card,Success,164.13,2025-11-13 00:00:00,18.24,
10909,10909,UPI,Success,22507.98,2025-06-17 00:00:00,0.0,
10910,10910,UPI,Success,1150.79,2025-04-08 05:00:00,127.87,
10911,10911,UPI,Success,7937.8,2025-04-27 00:00:00,1984.45,
10912,10912,Credit Card,Success,4301.92,2026-02-10 00:00:00,226.42,FEST20
10913,10913,Debit Card,Success,15115.64,2025-09-25 00:00:00,0.0,WELCOME10
10914,10914,Cash on Delivery,Not Applicable,49616.77,2024-11-11 00:00:00,5512.98,WELCOME10
10915,10915,UPI,Success,44083.9,2026-08-17 03:00:00,4898.21,SAVE15
10916,10916,Debit Card,Success,4432.34,2025-03-18 00:00:00,0.0,
10917,10917,Debit Card,Success,3271.1,2026-04-25 01:00:00,0.0,WELCOME10
10918,10918,Credit Card,Success,257.6,2026-01-09 00:00:00,64.4,
10919,10919,Credit Card,Success,66438.06,2024-08-16 05:00:00,3496.74,WELCOME10
10920,10920,UPI,Refunded,11398.96,2025-06-30 00:00:00,2011.58,NEWUSER
10921,10921,EMI,Success,1758.82,2025-09-11 03:00:00,195.42,
10922,10922,Credit Card,Success,381.23,2025-03-08 03:00:00,20.06,
10923,10923,Net Banking,Success,850.7,2025-08-17 04:00:00,212.68,
10924,10924,Cash on Delivery,Success,3562.13,2026-01-23 02:00:00,628.61,
10925,10925,Net Banking,Success,1228.48,2025-02-18 03:00:00,0.0,NEWUSER
10926,10926,Credit Card,Success,165.46,2025-02-09 04:00:00,29.2,NEWUSER
10927,10927,Cash on Delivery,Not Applicable,69483.2,2026-02-21 01:00:00,7720.36,FEST20
10928,10928,UPI,Success,1877.13,2025-05-17 00:00:00,0.0,
10929,10929,Cash on Delivery,Success,1435.34,2025-12-06 05:00:00,358.84,
10930,10930,Credit Card,Success,26400.15,2025-11-27 01:00:00,1389.48,SAVE15
10931,10931,UPI,Success,1476.08,2025-05-09 05:00:00,164.01,
10932,10932,Net Banking,Refunded,2578.55,2025-12-13 00:00:00,286.51,
10933,10933,UPI,Success,747.38,2025-06-13 03:00:00,0.0,
10934,10934,Net Banking,Refunded,409.31,2024-10-24 05:00:00,21.54,FEST20
10935,10935,Credit Card,Success,2439.82,2025-06-17 03:00:00,609.96,NEWUSER
10936,10936,Cash on Delivery,Success,12815.98,2024-10-01 04:00:00,3203.99,NEWUSER
10937,10937,Net Banking,Success,2971.54,2024-07-06 03:00:00,156.4,WELCOME10
10938,10938,Cash on Delivery,Success,8282.04,2026-05-13 03:00:00,0.0,
10939,10939,Cash on Delivery,Not Applicable,8859.11,2025-11-25 00:00:00,466.27,NEWUSER
10940,10940,Cash on Delivery,Success,2791.64,2025-08-23 01:00:00,0.0,
10941,10941,Credit Card,Refunded,55001.37,2025-01-13 05:00:00,6111.26,
10942,10942,Cash on Delivery,Success,15286.65,2026-07-30 04:00:00,804.56,FEST20
10943,10943,UPI,Success,13717.61,2025-09-30 04:00:00,2420.75,
10944,10944,Net Banking,Success,513.31,2024-10-19 05:00:00,27.02,SAVE15
10945,10945,UPI,Success,789.16,2023-11-23 02:00:00,0.0,
10946,10946,Cash on Delivery,Success,2038.19,2026-02-07 05:00:00,359.68,FEST20
10947,10947,Cash on Delivery,Success,2244.13,2026-07-07 00:00:00,0.0,WELCOME10
10948,10948,Credit Card,Success,1386.51,2025-08-05 04:00:00,72.97,WELCOME10
10949,10949,Credit Card,Success,379.7,2025-02-09 03:00:00,0.0,
10950,10950,Cash on Delivery,Success,1314.68,2025-09-28 02:00:00,146.08,SAVE15
10951,10951,UPI,Refunded,3182.93,2024-07-05 02:00:00,795.73,NEWUSER
10952,10952,Net Banking,Success,4078.72,2025-11-18 01:00:00,453.19,SAVE15
10953,10953,UPI,Success,20582.86,2026-06-02 05:00:00,0.0,
10954,10954,Cash on Delivery,Success,2474.86,2026-05-25 02:00:00,0.0,NEWUSER
10955,10955,Cash on Delivery,Success,4603.07,2025-04-16 05:00:00,812.31,
10956,10956,Net Banking,Success,746.23,2026-01-25 01:00:00,39.28,WELCOME10
10957,10957,Net Banking,Success,29142.62,2026-04-29 02:00:00,0.0,
10958,10958,Net Banking,Success,5363.52,2024-08-06 04:00:00,0.0,WELCOME10
10959,10959,UPI,Refunded,4712.55,2025-10-01 02:00:00,248.03,
10960,10960,Debit Card,Success,40159.73,2024-12-29 03:00:00,0.0,
10961,10961,Cash on Delivery,Success,2201.98,2025-10-15 03:00:00,388.58,SAVE15
10962,10962,Debit Card,Success,1364.02,2025-10-18 01:00:00,341.0,
10963,10963,Credit Card,Success,6072.24,2026-08-01 03:00:00,0.0,
10964,10964,Cash on Delivery,Success,13018.44,2026-03-16 00:00:00,0.0,NEWUSER
10965,10965,Debit Card,Success,61883.27,2025-01-27 00:00:00,3257.01,NEWUSER
10966,10966,UPI,Success,169.66,2024-05-03 00:00:00,29.94,
10967,10967,Cash on Delivery,Success,86105.87,2026-03-25 04:00:00,0.0,
10968,10968,UPI,Success,525.3,2026-07-04 01:00:00,0.0,FEST20
10969,10969,Debit Card,Success,321.7,2025-09-29 02:00:00,16.93,WELCOME10
10970,10970,Cash on Delivery,Success,1906.72,2025-11-06 01:00:00,100.35,
10971,10971,Credit Card,Success,1871.42,2025-07-06 03:00:00,98.5,
10972,10972,Credit Card,Success,9811.73,2026-08-17 02:00:00,2452.93,WELCOME10
10973,10973,Cash on Delivery,Success,6362.57,2025-10-16 03:00:00,1122.81,
10974,10974,Debit Card,Success,42740.71,2024-04-23 00:00:00,10685.18,
10975,10975,Cash on Delivery,Success,44331.62,2024-07-06 01:00:00,2333.24,SAVE15
10976,10976,Credit Card,Success,2132.61,2025-02-06 01:00:00,236.96,WELCOME10
10977,10977,Cash on Delivery,Success,3897.74,2025-12-06 03:00:00,0.0,FEST20
10978,10978,Credit Card,Success,2012.24,2026-04-21 03:00:00,355.1,
10979,10979,Net Banking,Success,717.29,2024-05-20 03:00:00,0.0,FEST20
10980,10980,UPI,Success,1059.92,2025-04-19 05:00:00,187.04,WELCOME10
10981,10981,Cash on Delivery,Success,2688.85,2024-09-09 04:00:00,0.0,
10982,10982,Debit Card,Success,2075.79,2024-10-29 01:00:00,230.64,NEWUSER
10983,10983,Cash on Delivery,Success,813.06,2026-06-08 02:00:00,42.79,
10984,10984,Cash on Delivery,Success,80289.2,2026-01-23 01:00:00,4225.75,FEST20
10985,10985,Credit Card,Success,642.94,2026-06-15 03:00:00,0.0,WELCOME10
10986,10986,Debit Card,Success,30259.82,2026-06-24 02:00:00,5339.97,FEST20
10987,10987,Cash on Delivery,Success,6904.69,2025-09-01 01:00:00,0.0,SAVE15
10988,10988,Cash on Delivery,Success,814.77,2026-05-15 01:00:00,90.53,WELCOME10
10989,10989,UPI,Refunded,1563.48,2025-08-11 02:00:00,275.91,WELCOME10
10990,10990,Debit Card,Success,69896.89,2025-11-18 04:00:00,7766.32,
10991,10991,Cash on Delivery,Success,5371.0,2025-09-01 03:00:00,282.68,NEWUSER
10992,10992,UPI,Success,891.32,2025-01-12 03:00:00,0.0,SAVE15
10993,10993,Debit Card,Success,920.94,2026-04-19 02:00:00,0.0,
10994,10994,Cash on Delivery,Success,5058.66,2025-09-30 04:00:00,0.0,
10995,10995,UPI,Success,8228.21,2026-02-08 00:00:00,1452.04,FEST20
10996,10996,Debit Card,Success,3932.12,2025-08-10 01:00:00,206.95,WELCOME10
10997,10997,Cash on Delivery,Success,8612.12,2025-09-03 04:00:00,956.9,SAVE15
10998,10998,UPI,Pending,3486.97,2024-07-16 05:00:00,387.44,WELCOME10
10999,10999,UPI,Success,920.78,2025-09-27 05:00:00,230.2,
11000,11000,UPI,Success,3143.5,2026-07-06 01:00:00,785.87,FEST20
11001,11001,UPI,Success,138.77,2026-01-29 00:00:00,24.49,FEST20
11002,11002,UPI,Success,2148.85,2025-11-25 00:00:00,238.76,FEST20
11003,11003,Debit Card,Success,9810.29,2025-07-23 00:00:00,1731.23,
11004,11004,Net Banking,Success,1015.58,2024-06-14 00:00:00,253.89,
11005,11005,UPI,Success,896.5,2026-02-05 03:00:00,224.12,WELCOME10
11006,11006,UPI,Success,6322.72,2025-02-12 05:00:00,702.52,WELCOME10
11007,11007,UPI,Success,1614.61,2024-12-25 01:00:00,403.65,
11008,11008,Cash on Delivery,Success,11794.9,2026-05-28 05:00:00,620.78,
11009,11009,Cash on Delivery,Success,147828.17,2026-04-14 04:00:00,26087.32,
11010,11010,Credit Card,Success,140917.02,2024-09-19 03:00:00,0.0,
11011,11011,UPI,Success,10196.79,2025-10-28 01:00:00,0.0,
11012,11012,UPI,Success,5781.98,2024-08-25 00:00:00,1445.5,
11013,11013,UPI,Success,4225.06,2024-09-12 04:00:00,1056.26,NEWUSER
11014,11014,UPI,Success,67974.94,2025-02-20 05:00:00,0.0,NEWUSER
11015,11015,Cash on Delivery,Success,50644.65,2025-08-28 01:00:00,12661.16,
11016,11016,EMI,Success,3123.46,2025-05-07 04:00:00,0.0,WELCOME10
11017,11017,UPI,Success,10739.83,2026-02-23 04:00:00,565.25,FEST20
11018,11018,UPI,Refunded,11437.85,2025-11-24 02:00:00,2018.44,
11019,11019,Credit Card,Success,3888.22,2026-02-10 03:00:00,204.64,
11020,11020,Net Banking,Success,1813.75,2026-04-09 02:00:00,95.46,
11021,11021,Credit Card,Success,8673.17,2025-02-17 02:00:00,0.0,WELCOME10
11022,11022,UPI,Success,1973.35,2026-03-29 02:00:00,103.86,
11023,11023,Credit Card,Success,710.2,2025-05-28 02:00:00,0.0,WELCOME10
11024,11024,Credit Card,Success,248.34,2026-03-05 04:00:00,43.82,FEST20
11025,11025,Credit Card,Refunded,11159.55,2025-03-24 02:00:00,1969.33,SAVE15
11026,11026,Cash on Delivery,Success,299.31,2025-09-08 05:00:00,0.0,
11027,11027,UPI,Success,543.32,2026-01-24 00:00:00,135.83,
11028,11028,UPI,Success,649.71,2026-04-27 04:00:00,72.19,
11029,11029,UPI,Success,10348.54,2024-11-21 04:00:00,2587.13,NEWUSER
11030,11030,UPI,Success,3633.74,2026-04-14 00:00:00,908.43,FEST20
11031,11031,Debit Card,Success,919.85,2025-12-16 05:00:00,48.41,
11032,11032,UPI,Success,29548.46,2025-08-30 04:00:00,1555.18,WELCOME10
11033,11033,Cash on Delivery,Success,8456.36,2025-09-21 03:00:00,0.0,
11034,11034,Cash on Delivery,Success,875.19,2026-01-18 04:00:00,154.44,SAVE15
11035,11035,Cash on Delivery,Success,1323.31,2024-09-08 05:00:00,233.52,
11036,11036,Net Banking,Success,5826.86,2025-05-11 02:00:00,1028.27,
11037,11037,Debit Card,Success,380.07,2025-08-05 05:00:00,20.0,
11038,11038,UPI,Success,10930.26,2026-06-17 05:00:00,0.0,
11039,11039,Debit Card,Success,855.34,2025-12-31 05:00:00,213.83,
11040,11040,UPI,Success,1788.17,2026-04-06 05:00:00,0.0,
11041,11041,UPI,Success,1870.76,2026-08-17 01:00:00,98.46,
11042,11042,UPI,Success,249.36,2026-02-25 02:00:00,13.12,WELCOME10
11043,11043,Credit Card,Success,7049.18,2025-07-13 03:00:00,1762.3,NEWUSER
11044,11044,Cash on Delivery,Success,1090.25,2025-03-12 01:00:00,121.14,
11045,11045,Debit Card,Success,5331.98,2025-04-23 05:00:00,0.0,
11046,11046,Credit Card,Refunded,42646.7,2026-04-27 04:00:00,4738.52,
11047,11047,UPI,Refunded,2363.07,2025-09-07 05:00:00,0.0,
11048,11048,UPI,Success,2990.41,2025-04-28 00:00:00,157.39,
11049,11049,UPI,Refunded,3399.22,2025-10-08 03:00:00,0.0,
11050,11050,Cash on Delivery,Success,6134.04,2024-07-08 03:00:00,1082.48,
11051,11051,Debit Card,Success,3307.27,2026-03-01 05:00:00,367.48,WELCOME10
11052,11052,UPI,Success,4163.88,2025-08-18 01:00:00,734.8,WELCOME10
11053,11053,Cash on Delivery,Success,3074.9,2025-04-12 04:00:00,161.84,FEST20
11054,11054,Credit Card,Success,1174.68,2025-05-20 01:00:00,61.83,
11055,11055,UPI,Success,2009.1,2026-06-20 04:00:00,0.0,FEST20
11056,11056,Debit Card,Success,2292.61,2024-05-02 03:00:00,0.0,WELCOME10
11057,11057,UPI,Success,243.94,2025-10-11 04:00:00,60.99,SAVE15
11058,11058,Net Banking,Success,2495.76,2024-12-20 00:00:00,0.0,WELCOME10
11059,11059,Cash on Delivery,Success,1754.34,2025-12-22 04:00:00,194.93,
11060,11060,UPI,Success,4018.88,2024-12-14 01:00:00,0.0,NEWUSER
11061,11061,Credit Card,Success,2251.14,2026-08-05 00:00:00,118.48,
11062,11062,Net Banking,Success,628.99,2025-07-06 03:00:00,69.89,SAVE15
11063,11063,Debit Card,Success,8852.19,2025-06-09 02:00:00,465.91,WELCOME10
11064,11064,Cash on Delivery,Success,55505.84,2026-02-14 01:00:00,0.0,
11065,11065,UPI,Success,17191.44,2026-05-21 01:00:00,0.0,
11066,11066,UPI,Success,1868.15,2025-01-26 01:00:00,98.32,NEWUSER
11067,11067,UPI,Refunded,299.39,2025-12-09 03:00:00,74.85,SAVE15
11068,11068,Cash on Delivery,Success,234.32,2025-11-24 02:00:00,0.0,
11069,11069,Debit Card,Refunded,297.95,2025-11-12 04:00:00,15.68,NEWUSER
11070,11070,Cash on Delivery,Success,672.53,2025-05-16 02:00:00,74.73,NEWUSER
11071,11071,Credit Card,Success,3972.12,2025-10-09 05:00:00,0.0,
11072,11072,Cash on Delivery,Success,6452.33,2026-08-04 00:00:00,716.93,
11073,11073,UPI,Success,631.46,2023-12-24 04:00:00,157.86,
11074,11074,Debit Card,Success,21881.52,2026-01-17 04:00:00,3861.44,FEST20
11075,11075,Credit Card,Success,3022.63,2025-10-28 03:00:00,533.41,SAVE15
11076,11076,Credit Card,Success,36602.78,2025-12-16 04:00:00,6459.31,SAVE15
11077,11077,Debit Card,Success,2250.04,2026-05-02 00:00:00,397.06,FEST20
11078,11078,Credit Card,Success,239.79,2026-02-04 02:00:00,59.95,
11079,11079,UPI,Success,5429.84,2026-03-24 05:00:00,958.21,WELCOME10
11080,11080,Cash on Delivery,Success,591.38,2025-12-02 03:00:00,0.0,WELCOME10
11081,11081,Credit Card,Success,11785.32,2026-01-31 05:00:00,620.28,
11082,11082,Net Banking,Success,3710.28,2024-07-02 01:00:00,654.75,SAVE15
11083,11083,UPI,Success,4700.98,2025-05-27 00:00:00,0.0,FEST20
11084,11084,UPI,Success,54012.76,2025-01-18 01:00:00,9531.66,FEST20
11085,11085,UPI,Success,845.65,2025-11-05 01:00:00,44.51,
11086,11086,Debit Card,Refunded,683.31,2025-11-04 03:00:00,120.58,NEWUSER
11087,11087,Cash on Delivery,Success,4630.48,2026-04-01 02:00:00,0.0,
11088,11088,Cash on Delivery,Success,8577.45,2026-02-25 02:00:00,451.44,WELCOME10
11089,11089,UPI,Success,1938.02,2025-06-27 03:00:00,342.0,WELCOME10
11090,11090,Credit Card,Success,1239.4,2025-11-08 04:00:00,218.72,WELCOME10
11091,11091,Credit Card,Success,6367.07,2025-11-11 05:00:00,0.0,
11092,11092,Cash on Delivery,Success,11240.3,2025-09-19 03:00:00,0.0,
11093,11093,Credit Card,Success,2938.41,2025-04-27 04:00:00,518.54,WELCOME10
11094,11094,UPI,Success,26336.01,2025-08-22 01:00:00,0.0,
11095,11095,UPI,Success,320.62,2026-05-23 04:00:00,80.15,WELCOME10
11096,11096,Net Banking,Success,5824.69,2024-09-20 04:00:00,1027.89,
11097,11097,Cash on Delivery,Success,2962.55,2026-05-10 01:00:00,329.17,FEST20
11098,11098,Credit Card,Success,6830.89,2025-08-20 02:00:00,1205.45,WELCOME10
11099,11099,Cash on Delivery,Success,59728.8,2025-06-17 04:00:00,0.0,
11100,11100,Debit Card,Success,950.32,2026-02-18 02:00:00,0.0,FEST20
11101,11101,Cash on Delivery,Success,5983.85,2025-01-13 01:00:00,0.0,
11102,11102,Debit Card,Success,1533.84,2025-12-14 04:00:00,80.73,NEWUSER
11103,11103,UPI,Success,1181.88,2025-11-14 02:00:00,0.0,
11104,11104,Debit Card,Refunded,2869.18,2025-10-30 04:00:00,506.32,
11105,11105,EMI,Success,870.66,2025-03-22 02:00:00,0.0,
11106,11106,UPI,Success,10941.06,2025-12-24 05:00:00,1930.77,
11107,11107,Credit Card,Success,3387.51,2025-12-20 01:00:00,0.0,
11108,11108,UPI,Success,7397.61,2025-08-01 02:00:00,0.0,
11109,11109,Net Banking,Success,84630.71,2026-02-15 02:00:00,4454.25,
11110,11110,EMI,Success,742.82,2025-09-01 01:00:00,82.54,WELCOME10
11111,11111,Credit Card,Success,239.52,2025-10-20 01:00:00,42.27,
11112,11112,Net Banking,Success,979.74,2026-06-10 01:00:00,51.56,WELCOME10
11113,11113,Credit Card,Success,5824.98,2025-12-29 04:00:00,1027.94,
11114,11114,UPI,Success,2913.86,2026-07-02 04:00:00,728.46,
11115,11115,UPI,Success,2370.92,2025-08-20 01:00:00,0.0,
11116,11116,UPI,Success,42345.44,2025-04-27 02:00:00,0.0,
11117,11117,Credit Card,Refunded,1392.61,2025-04-10 00:00:00,245.76,
11118,11118,UPI,Success,2841.75,2026-02-22 02:00:00,0.0,FEST20
11119,11119,UPI,Success,1334.15,2024-11-29 05:00:00,0.0,FEST20
11120,11120,EMI,Success,4980.74,2025-11-11 04:00:00,553.42,FEST20
11121,11121,Cash on Delivery,Not Applicable,8698.76,2025-11-06 01:00:00,1535.07,FEST20
11122,11122,Debit Card,Success,1460.5,2025-04-15 05:00:00,257.73,NEWUSER
11123,11123,UPI,Success,236.51,2025-08-18 04:00:00,26.28,SAVE15
11124,11124,Credit Card,Success,21834.5,2025-06-24 01:00:00,1149.18,NEWUSER
11125,11125,Debit Card,Success,50237.16,2025-03-20 05:00:00,8865.38,FEST20
11126,11126,UPI,Success,3463.54,2025-03-23 04:00:00,865.89,NEWUSER
11127,11127,UPI,Success,603.33,2025-10-30 01:00:00,67.04,FEST20
11128,11128,UPI,Success,11313.98,2025-09-04 04:00:00,0.0,
11129,11129,UPI,Success,597.51,2025-07-05 03:00:00,149.38,
11130,11130,UPI,Success,24458.03,2026-05-29 04:00:00,2717.56,NEWUSER
11131,11131,Credit Card,Success,3395.52,2026-05-29 01:00:00,848.88,
11132,11132,UPI,Success,4404.09,2026-04-27 05:00:00,1101.02,FEST20
11133,11133,Cash on Delivery,Success,4845.96,2025-11-30 03:00:00,538.44,
11134,11134,Cash on Delivery,Success,10205.22,2025-08-27 02:00:00,0.0,SAVE15
11135,11135,Debit Card,Success,2215.78,2025-03-17 00:00:00,553.94,FEST20
11136,11136,Cash on Delivery,Success,33722.82,2025-09-02 02:00:00,8430.71,NEWUSER
11137,11137,Cash on Delivery,Not Applicable,1000.14,2025-03-24 04:00:00,52.64,WELCOME10
11138,11138,Cash on Delivery,Success,12433.71,2025-12-31 05:00:00,0.0,
11139,11139,Cash on Delivery,Success,86909.23,2024-08-24 04:00:00,0.0,SAVE15
11140,11140,UPI,Success,27444.35,2026-02-14 05:00:00,4843.12,
11141,11141,Debit Card,Refunded,412.09,2026-05-15 01:00:00,0.0,
11142,11142,Credit Card,Success,132098.59,2024-12-16 04:00:00,33024.65,FEST20
11143,11143,UPI,Success,5446.29,2026-01-24 04:00:00,286.65,
11144,11144,UPI,Success,2588.99,2025-01-09 03:00:00,136.26,
11145,11145,Credit Card,Success,4013.37,2026-04-24 02:00:00,445.93,NEWUSER
11146,11146,UPI,Success,73890.97,2025-07-05 05:00:00,3889.0,FEST20
11147,11147,Net Banking,Success,3067.97,2025-10-09 05:00:00,766.99,SAVE15
11148,11148,UPI,Success,12747.28,2026-01-25 01:00:00,0.0,NEWUSER
11149,11149,Net Banking,Success,937.98,2026-04-26 04:00:00,49.37,WELCOME10
11150,11150,Credit Card,Success,5153.66,2026-05-29 02:00:00,572.63,
11151,11151,UPI,Success,790.42,2026-04-25 00:00:00,41.6,FEST20
11152,11152,UPI,Success,42597.76,2026-04-13 05:00:00,2241.99,FEST20
11153,11153,Debit Card,Success,9945.4,2025-11-24 03:00:00,1105.04,WELCOME10
11154,11154,Credit Card,Success,2114.81,2025-10-21 02:00:00,234.98,
11155,11155,UPI,Success,28589.89,2025-12-26 01:00:00,3176.65,WELCOME10
11156,11156,Net Banking,Success,2294.1,2025-03-05 04:00:00,0.0,
11157,11157,Debit Card,Success,10580.96,2025-08-09 03:00:00,0.0,NEWUSER
11158,11158,EMI,Success,1149.28,2025-05-16 00:00:00,60.49,SAVE15
11159,11159,EMI,Success,278.51,2025-01-07 03:00:00,69.63,
11160,11160,Cash on Delivery,Success,6056.67,2026-05-10 02:00:00,1514.17,FEST20
11161,11161,Credit Card,Success,9585.38,2026-03-19 03:00:00,2396.34,
11162,11162,Credit Card,Success,1223.44,2026-04-02 00:00:00,215.9,FEST20
11163,11163,UPI,Success,2751.48,2026-05-07 04:00:00,0.0,FEST20
11164,11164,UPI,Success,2278.94,2024-12-13 04:00:00,0.0,NEWUSER
11165,11165,UPI,Success,676.87,2025-12-10 04:00:00,119.45,NEWUSER
11166,11166,UPI,Success,4037.59,2026-01-10 03:00:00,712.52,FEST20
11167,11167,Net Banking,Success,2738.2,2024-11-16 02:00:00,144.12,SAVE15
11168,11168,UPI,Success,8279.88,2025-12-05 01:00:00,1461.16,
11169,11169,Cash on Delivery,Not Applicable,4587.44,2026-04-01 05:00:00,0.0,WELCOME10
11170,11170,UPI,Success,1273.4,2026-04-26 02:00:00,0.0,
11171,11171,Cash on Delivery,Success,4978.63,2025-09-04 02:00:00,1244.66,NEWUSER
11172,11172,Cash on Delivery,Success,643.43,2025-11-13 04:00:00,33.86,SAVE15
11173,11173,Cash on Delivery,Success,767.53,2025-10-30 00:00:00,191.88,
11174,11174,Cash on Delivery,Success,11062.55,2025-11-20 01:00:00,582.24,SAVE15
11175,11175,UPI,Success,23985.49,2025-08-04 04:00:00,0.0,
11176,11176,Debit Card,Success,4286.24,2025-12-27 05:00:00,0.0,WELCOME10
11177,11177,Debit Card,Refunded,100242.93,2026-05-14 04:00:00,0.0,
11178,11178,UPI,Success,8781.68,2026-05-05 01:00:00,975.74,FEST20
11179,11179,Credit Card,Success,6114.43,2026-04-17 02:00:00,1079.02,
11180,11180,UPI,Success,8700.34,2026-03-23 02:00:00,2175.09,NEWUSER
11181,11181,Credit Card,Pending,513.94,2025-02-11 01:00:00,27.05,
11182,11182,UPI,Success,318.24,2025-09-03 03:00:00,35.36,
11183,11183,Debit Card,Success,13166.74,2025-02-20 03:00:00,692.99,WELCOME10
11184,11184,UPI,Success,9672.84,2025-06-29 00:00:00,0.0,FEST20
11185,11185,UPI,Success,28382.29,2026-07-06 02:00:00,7095.57,WELCOME10
11186,11186,EMI,Success,1059.08,2026-04-09 00:00:00,117.68,
11187,11187,Debit Card,Success,3294.03,2026-04-01 05:00:00,173.37,
11188,11188,Debit Card,Success,4440.42,2025-10-18 05:00:00,0.0,SAVE15
11189,11189,Cash on Delivery,Not Applicable,304.34,2025-06-08 04:00:00,0.0,FEST20
11190,11190,EMI,Success,275.29,2024-10-16 04:00:00,0.0,
11191,11191,Cash on Delivery,Success,5056.69,2026-01-08 03:00:00,561.85,WELCOME10
11192,11192,Debit Card,Success,6231.62,2025-10-05 00:00:00,327.98,
11193,11193,Net Banking,Refunded,1659.67,2025-06-08 00:00:00,184.41,
11194,11194,UPI,Success,91.74,2026-03-05 05:00:00,22.94,NEWUSER
11195,11195,Net Banking,Success,4480.88,2025-11-23 05:00:00,790.74,
11196,11196,Credit Card,Success,1856.83,2025-01-29 04:00:00,97.73,WELCOME10
11197,11197,UPI,Success,32916.14,2025-10-26 05:00:00,0.0,FEST20
11198,11198,Credit Card,Success,4596.46,2025-11-29 03:00:00,1149.12,NEWUSER
11199,11199,UPI,Refunded,10844.21,2026-02-15 00:00:00,570.75,WELCOME10
11200,11200,UPI,Success,1183.42,2025-07-24 01:00:00,295.86,NEWUSER
11201,11201,Debit Card,Success,8650.94,2026-06-08 01:00:00,1526.64,NEWUSER
11202,11202,UPI,Success,6111.5,2026-07-05 03:00:00,679.06,NEWUSER
11203,11203,Debit Card,Success,8066.84,2025-02-04 02:00:00,1423.56,WELCOME10
11204,11204,Cash on Delivery,Success,26683.26,2026-02-08 02:00:00,6670.82,SAVE15
11205,11205,Credit Card,Success,9132.19,2026-06-24 01:00:00,1611.56,NEWUSER
11206,11206,Debit Card,Success,1990.39,2025-03-17 03:00:00,0.0,
11207,11207,UPI,Success,9788.74,2026-03-29 05:00:00,2447.18,WELCOME10
11208,11208,UPI,Success,2920.49,2025-07-16 02:00:00,730.12,
11209,11209,EMI,Success,938.78,2025-02-01 02:00:00,0.0,
11210,11210,Credit Card,Success,2089.14,2026-03-30 04:00:00,522.28,
11211,11211,UPI,Success,2570.76,2026-06-16 03:00:00,0.0,FEST20
11212,11212,Debit Card,Success,3379.49,2026-02-21 02:00:00,177.87,
11213,11213,UPI,Refunded,4275.7,2025-09-12 04:00:00,0.0,SAVE15
11214,11214,Cash on Delivery,Success,1144.99,2026-05-15 00:00:00,127.22,
11215,11215,Debit Card,Success,1091.12,2026-03-01 05:00:00,121.24,SAVE15
11216,11216,Credit Card,Success,682.11,2026-02-27 04:00:00,0.0,FEST20
11217,11217,Credit Card,Success,10510.16,2025-10-04 00:00:00,0.0,
11218,11218,Credit Card,Success,1407.92,2024-12-23 04:00:00,0.0,NEWUSER
11219,11219,UPI,Success,5498.47,2024-10-28 03:00:00,0.0,
11220,11220,UPI,Success,303.82,2025-07-14 01:00:00,75.96,
11221,11221,UPI,Success,28012.55,2025-08-09 00:00:00,1474.34,
11222,11222,UPI,Success,482.8,2025-12-01 04:00:00,85.2,WELCOME10
11223,11223,UPI,Success,11920.18,2026-04-08 04:00:00,0.0,SAVE15
11224,11224,Debit Card,Success,8804.44,2026-07-30 03:00:00,0.0,FEST20
11225,11225,UPI,Success,661.24,2026-03-05 02:00:00,73.47,SAVE15
11226,11226,Cash on Delivery,Success,43619.36,2026-05-05 02:00:00,4846.6,
11227,11227,UPI,Success,1800.44,2026-03-08 00:00:00,0.0,WELCOME10
11228,11228,UPI,Success,175084.46,2025-07-11 03:00:00,0.0,
11229,11229,UPI,Success,539.22,2024-10-25 03:00:00,28.38,FEST20
11230,11230,UPI,Success,1273.49,2026-06-15 01:00:00,0.0,FEST20
11231,11231,Credit Card,Success,1259.2,2026-01-07 01:00:00,0.0,
11232,11232,Cash on Delivery,Success,24911.86,2025-10-26 01:00:00,6227.96,SAVE15
11233,11233,EMI,Success,71397.53,2025-10-17 04:00:00,0.0,SAVE15
11234,11234,EMI,Success,11883.31,2026-02-20 04:00:00,2970.83,
11235,11235,Net Banking,Success,41837.88,2025-08-31 00:00:00,10459.47,NEWUSER
11236,11236,Cash on Delivery,Success,26869.32,2026-02-26 04:00:00,1414.17,
11237,11237,UPI,Success,2580.08,2025-04-01 05:00:00,0.0,NEWUSER
11238,11238,UPI,Success,2847.68,2025-08-23 04:00:00,711.92,SAVE15
11239,11239,UPI,Success,503.97,2026-05-29 03:00:00,26.52,SAVE15
11240,11240,UPI,Success,47489.4,2026-05-27 05:00:00,2499.44,WELCOME10
11241,11241,UPI,Success,4743.94,2026-05-26 04:00:00,0.0,WELCOME10
11242,11242,UPI,Success,72621.81,2026-03-13 01:00:00,0.0,NEWUSER
11243,11243,Net Banking,Success,8734.34,2025-07-19 02:00:00,970.48,
11244,11244,Cash on Delivery,Success,1271.3,2025-09-18 02:00:00,141.26,WELCOME10
11245,11245,Cash on Delivery,Success,37949.7,2025-04-14 00:00:00,4216.63,WELCOME10
11246,11246,Cash on Delivery,Success,3588.2,2026-03-09 01:00:00,0.0,
11247,11247,Cash on Delivery,Success,2633.5,2026-03-22 00:00:00,658.37,SAVE15
11248,11248,Cash on Delivery,Success,4570.48,2025-04-24 04:00:00,240.55,
11249,11249,UPI,Success,314906.24,2026-06-04 01:00:00,0.0,SAVE15
11250,11250,Debit Card,Success,1014.68,2026-03-27 01:00:00,0.0,
11251,11251,UPI,Pending,1368.27,2025-08-31 05:00:00,72.01,WELCOME10
11252,11252,Debit Card,Refunded,419.37,2025-12-12 05:00:00,74.01,
11253,11253,Debit Card,Success,817.9,2025-10-28 02:00:00,0.0,
11254,11254,UPI,Success,107952.72,2025-01-19 01:00:00,19050.48,
11255,11255,UPI,Success,824.42,2025-06-23 04:00:00,145.48,NEWUSER
11256,11256,UPI,Success,2209.33,2026-01-07 02:00:00,0.0,WELCOME10
11257,11257,Credit Card,Success,20562.71,2026-01-26 00:00:00,1082.25,WELCOME10
11258,11258,UPI,Success,3517.94,2026-04-05 01:00:00,620.81,WELCOME10
11259,11259,UPI,Success,1948.59,2026-04-15 05:00:00,216.51,SAVE15
11260,11260,UPI,Success,15752.62,2025-01-08 00:00:00,0.0,
11261,11261,Debit Card,Refunded,949.13,2026-07-20 05:00:00,49.95,
11262,11262,UPI,Success,3670.1,2026-03-02 05:00:00,917.53,
11263,11263,Debit Card,Success,84351.41,2026-03-01 04:00:00,0.0,
11264,11264,Debit Card,Success,6411.74,2026-02-04 03:00:00,337.46,WELCOME10
11265,11265,Cash on Delivery,Success,90655.05,2025-11-08 03:00:00,0.0,
11266,11266,Debit Card,Success,1881.77,2025-11-25 03:00:00,0.0,
11267,11267,Debit Card,Success,18504.06,2026-05-01 00:00:00,0.0,SAVE15
11268,11268,UPI,Success,1004.84,2024-10-16 03:00:00,0.0,SAVE15
11269,11269,Credit Card,Success,891.64,2025-06-16 03:00:00,0.0,
11270,11270,UPI,Refunded,5273.67,2025-05-31 01:00:00,0.0,WELCOME10
11271,11271,EMI,Success,9355.02,2025-01-29 05:00:00,1650.88,SAVE15
11272,11272,Credit Card,Success,63635.18,2026-04-20 05:00:00,15908.79,
11273,11273,UPI,Success,6112.26,2026-06-04 00:00:00,0.0,
11274,11274,Debit Card,Success,5842.5,2025-09-08 04:00:00,0.0,
11275,11275,Net Banking,Success,3255.41,2026-01-09 02:00:00,0.0,
11276,11276,UPI,Success,15310.45,2026-01-21 01:00:00,805.81,SAVE15
11277,11277,Credit Card,Success,848.49,2025-03-23 00:00:00,149.73,WELCOME10
11278,11278,Debit Card,Success,66937.32,2024-10-29 03:00:00,0.0,
11279,11279,Cash on Delivery,Success,579.27,2026-04-24 00:00:00,144.82,
11280,11280,UPI,Refunded,81239.53,2024-12-04 05:00:00,0.0,
11281,11281,UPI,Success,245.71,2025-08-30 02:00:00,0.0,FEST20
11282,11282,UPI,Success,4336.17,2026-03-17 00:00:00,0.0,FEST20
11283,11283,Debit Card,Success,10450.3,2025-06-14 05:00:00,0.0,SAVE15
11284,11284,Cash on Delivery,Success,3906.99,2026-07-29 00:00:00,434.11,WELCOME10
11285,11285,Cash on Delivery,Success,2230.15,2023-12-21 05:00:00,247.79,
11286,11286,Credit Card,Success,11107.62,2026-02-21 00:00:00,584.61,SAVE15
11287,11287,UPI,Success,7084.13,2024-05-18 00:00:00,787.13,
11288,11288,UPI,Success,3323.36,2025-09-09 05:00:00,830.84,
11289,11289,UPI,Success,7601.85,2026-04-02 01:00:00,0.0,
11290,11290,UPI,Success,1709.8,2025-03-07 02:00:00,301.73,
11291,11291,UPI,Success,139947.09,2025-08-30 00:00:00,24696.55,FEST20
11292,11292,UPI,Success,3011.19,2025-02-13 03:00:00,334.58,FEST20
11293,11293,UPI,Success,6647.34,2025-10-22 00:00:00,349.86,WELCOME10
11294,11294,UPI,Success,3891.94,2026-01-18 04:00:00,972.99,FEST20
11295,11295,UPI,Success,321.94,2025-03-07 01:00:00,80.48,
11296,11296,UPI,Success,3564.43,2025-03-18 03:00:00,396.05,FEST20
11297,11297,Cash on Delivery,Success,75962.4,2026-05-02 00:00:00,0.0,NEWUSER
11298,11298,UPI,Success,43263.54,2026-05-05 02:00:00,10815.88,
11299,11299,UPI,Success,8091.74,2026-06-08 02:00:00,0.0,WELCOME10
11300,11300,UPI,Success,8000.06,2026-02-05 00:00:00,421.06,
11301,11301,Cash on Delivery,Success,13715.98,2025-11-28 01:00:00,0.0,
11302,11302,Debit Card,Success,1850.76,2025-11-05 02:00:00,0.0,NEWUSER
11303,11303,UPI,Refunded,1097.55,2026-01-19 01:00:00,274.39,NEWUSER
11304,11304,UPI,Refunded,208604.67,2025-06-19 05:00:00,10979.19,SAVE15
11305,11305,UPI,Success,4891.45,2025-12-13 03:00:00,543.49,FEST20
11306,11306,Credit Card,Success,1660.14,2025-09-27 02:00:00,415.04,SAVE15
11307,11307,EMI,Success,2568.75,2026-02-27 02:00:00,0.0,NEWUSER
11308,11308,Credit Card,Success,5643.55,2026-07-28 02:00:00,0.0,
11309,11309,UPI,Success,556.73,2026-02-28 02:00:00,29.3,SAVE15
11310,11310,UPI,Success,2109.05,2026-02-16 03:00:00,372.19,WELCOME10
11311,11311,UPI,Success,3678.49,2026-05-23 02:00:00,0.0,
11312,11312,Debit Card,Success,2068.78,2025-07-06 04:00:00,229.87,FEST20
11313,11313,Cash on Delivery,Success,478.58,2026-03-18 05:00:00,84.45,
11314,11314,UPI,Success,811.6,2026-04-20 02:00:00,202.9,
11315,11315,Cash on Delivery,Pending,29104.19,2025-07-15 04:00:00,0.0,SAVE15
11316,11316,Debit Card,Success,26297.19,2026-04-19 03:00:00,6574.3,WELCOME10
11317,11317,Debit Card,Success,624.93,2025-08-14 00:00:00,0.0,
11318,11318,UPI,Success,10326.47,2025-03-18 03:00:00,0.0,
11319,11319,UPI,Success,1045.65,2026-03-08 05:00:00,55.03,NEWUSER
11320,11320,Cash on Delivery,Success,8574.32,2026-05-01 03:00:00,451.28,
11321,11321,Credit Card,Success,9709.69,2026-01-05 05:00:00,511.04,FEST20
11322,11322,Credit Card,Success,98336.16,2025-06-12 03:00:00,10926.24,NEWUSER
11323,11323,Debit Card,Success,8005.13,2025-11-08 03:00:00,1412.67,FEST20
11324,11324,Cash on Delivery,Success,11448.9,2026-05-23 04:00:00,602.57,
11325,11325,UPI,Success,2018.86,2025-04-23 01:00:00,504.72,
11326,11326,Debit Card,Success,9752.91,2025-04-10 01:00:00,1721.1,
11327,11327,Debit Card,Success,2001.8,2025-11-30 02:00:00,0.0,SAVE15
11328,11328,UPI,Success,25382.43,2025-02-04 01:00:00,4479.25,
11329,11329,Cash on Delivery,Success,3674.61,2025-10-30 01:00:00,0.0,FEST20
11330,11330,UPI,Refunded,2546.92,2024-09-10 02:00:00,282.99,
11331,11331,Credit Card,Success,448.42,2026-01-12 03:00:00,0.0,WELCOME10
11332,11332,Cash on Delivery,Success,435.62,2025-12-12 03:00:00,48.4,FEST20
11333,11333,UPI,Success,8744.51,2025-12-19 04:00:00,460.24,FEST20
11334,11334,UPI,Success,914.52,2025-10-02 00:00:00,101.61,FEST20
11335,11335,Cash on Delivery,Success,563.61,2025-03-10 00:00:00,140.9,NEWUSER
11336,11336,UPI,Success,7888.08,2024-01-09 01:00:00,0.0,
11337,11337,UPI,Success,297.34,2026-02-16 04:00:00,74.33,
11338,11338,UPI,Success,2589.53,2025-02-19 05:00:00,456.98,SAVE15
11339,11339,Debit Card,Success,1581.45,2025-10-08 04:00:00,175.72,NEWUSER
11340,11340,UPI,Success,4992.39,2025-02-12 04:00:00,554.71,WELCOME10
11341,11341,Debit Card,Success,1339.17,2026-03-20 01:00:00,334.79,
11342,11342,UPI,Success,551.22,2026-02-25 02:00:00,61.25,
11343,11343,Cash on Delivery,Success,847.85,2025-04-09 04:00:00,44.62,
11344,11344,Net Banking,Success,6361.04,2026-01-28 04:00:00,1590.26,
11345,11345,Credit Card,Success,4549.5,2024-11-04 05:00:00,239.45,
11346,11346,UPI,Success,6842.73,2025-03-22 01:00:00,0.0,NEWUSER
11347,11347,Credit Card,Success,54894.19,2026-02-11 01:00:00,0.0,
11348,11348,UPI,Success,13107.72,2025-01-12 02:00:00,3276.93,
11349,11349,Credit Card,Success,1425.54,2025-06-26 04:00:00,251.57,
11350,11350,UPI,Success,156.26,2026-07-12 00:00:00,0.0,SAVE15
11351,11351,Cash on Delivery,Success,1919.9,2025-12-27 03:00:00,338.8,FEST20
11352,11352,Credit Card,Success,2224.3,2025-05-06 00:00:00,0.0,
11353,11353,UPI,Success,1702.72,2025-11-01 02:00:00,0.0,NEWUSER
11354,11354,UPI,Success,129.56,2026-01-28 05:00:00,6.82,
11355,11355,Cash on Delivery,Success,77739.83,2026-08-17 04:00:00,0.0,FEST20
11356,11356,UPI,Success,6206.82,2025-11-30 05:00:00,0.0,SAVE15
11357,11357,Credit Card,Success,7416.09,2026-06-13 01:00:00,824.01,WELCOME10
11358,11358,Cash on Delivery,Success,1618.3,2026-04-11 01:00:00,404.57,NEWUSER
11359,11359,UPI,Success,5588.47,2025-09-07 01:00:00,0.0,
11360,11360,UPI,Success,5820.58,2026-06-12 03:00:00,0.0,
11361,11361,Credit Card,Success,7929.75,2025-08-12 04:00:00,1399.37,
11362,11362,Cash on Delivery,Success,2688.17,2026-01-01 05:00:00,298.69,NEWUSER
11363,11363,Debit Card,Success,2962.75,2026-07-08 05:00:00,740.69,FEST20
11364,11364,Credit Card,Refunded,46762.61,2025-12-04 01:00:00,8252.23,FEST20
11365,11365,Credit Card,Success,1502.64,2026-07-29 04:00:00,0.0,SAVE15
11366,11366,Cash on Delivery,Success,177451.74,2024-09-29 01:00:00,0.0,
11367,11367,Credit Card,Success,3936.17,2025-12-31 01:00:00,437.35,
11368,11368,Net Banking,Success,3656.42,2025-03-03 03:00:00,406.27,
11369,11369,Cash on Delivery,Success,879.48,2026-02-24 03:00:00,219.87,NEWUSER
11370,11370,UPI,Refunded,2823.41,2025-08-06 04:00:00,148.6,
11371,11371,Cash on Delivery,Success,785.73,2024-11-18 05:00:00,41.35,NEWUSER
11372,11372,Cash on Delivery,Success,3239.36,2026-01-17 05:00:00,0.0,
11373,11373,UPI,Success,1779.71,2025-12-31 04:00:00,93.67,WELCOME10
11374,11374,UPI,Success,28549.48,2026-02-03 02:00:00,1502.6,SAVE15
11375,11375,Net Banking,Success,4290.18,2025-07-15 04:00:00,1072.54,
11376,11376,UPI,Success,24574.43,2024-09-01 01:00:00,6143.61,
11377,11377,Debit Card,Success,26556.63,2024-10-26 02:00:00,0.0,
11378,11378,UPI,Success,1798.53,2025-05-14 01:00:00,0.0,FEST20
11379,11379,Credit Card,Success,2179.16,2025-12-07 01:00:00,242.13,NEWUSER
11380,11380,Cash on Delivery,Success,2404.72,2026-03-22 03:00:00,126.56,WELCOME10
11381,11381,UPI,Success,1831.95,2025-02-01 04:00:00,0.0,
11382,11382,UPI,Success,6902.53,2025-09-19 05:00:00,363.29,SAVE15
11383,11383,UPI,Success,1498.98,2025-04-24 05:00:00,264.53,SAVE15
11384,11384,UPI,Success,5383.08,2026-03-30 01:00:00,1345.77,
11385,11385,Credit Card,Success,2672.63,2026-02-08 05:00:00,140.67,SAVE15
11386,11386,Cash on Delivery,Not Applicable,9376.8,2025-09-10 00:00:00,1654.73,FEST20
11387,11387,UPI,Success,28267.62,2025-01-04 01:00:00,0.0,
11388,11388,UPI,Refunded,7942.58,2025-04-03 00:00:00,0.0,SAVE15
11389,11389,UPI,Success,13882.79,2025-09-17 00:00:00,1542.53,
11390,11390,UPI,Refunded,5420.79,2025-03-25 02:00:00,956.61,
11391,11391,UPI,Success,5643.0,2024-09-28 04:00:00,627.0,SAVE15
11392,11392,UPI,Success,411.32,2025-11-03 03:00:00,72.58,
11393,11393,Credit Card,Success,32485.85,2025-02-11 04:00:00,0.0,
11394,11394,Credit Card,Success,1620.25,2026-07-12 01:00:00,0.0,SAVE15
11395,11395,UPI,Success,981.37,2025-10-04 00:00:00,0.0,
11396,11396,Net Banking,Success,885.77,2026-06-16 03:00:00,156.31,
11397,11397,UPI,Success,705.09,2025-11-06 04:00:00,0.0,
11398,11398,UPI,Success,80441.43,2025-12-15 00:00:00,0.0,NEWUSER
11399,11399,Credit Card,Success,677.6,2026-08-17 02:00:00,35.66,WELCOME10
11400,11400,Cash on Delivery,Success,315.44,2025-06-01 02:00:00,55.66,
11401,11401,Cash on Delivery,Success,32673.58,2026-02-16 01:00:00,5765.93,
11402,11402,Debit Card,Success,2783.69,2024-07-04 04:00:00,146.51,WELCOME10
11403,11403,Cash on Delivery,Success,94103.38,2026-03-21 05:00:00,23525.84,
11404,11404,Cash on Delivery,Success,11279.84,2024-11-06 05:00:00,0.0,NEWUSER
11405,11405,Cash on Delivery,Success,16868.97,2025-02-15 00:00:00,1874.33,
11406,11406,UPI,Success,301.75,2025-01-29 05:00:00,33.53,
11407,11407,Cash on Delivery,Success,21639.42,2025-06-27 00:00:00,5409.85,NEWUSER
11408,11408,UPI,Success,1032.82,2024-10-06 05:00:00,0.0,NEWUSER
11409,11409,Debit Card,Success,43711.71,2026-01-14 05:00:00,0.0,FEST20
11410,11410,UPI,Success,1535.54,2026-02-13 03:00:00,80.82,FEST20
11411,11411,Credit Card,Success,58122.6,2026-02-03 04:00:00,0.0,
11412,11412,UPI,Pending,1608.16,2026-07-12 03:00:00,0.0,FEST20
11413,11413,UPI,Success,278.19,2025-03-09 02:00:00,30.91,
11414,11414,UPI,Success,7113.6,2026-06-16 02:00:00,790.4,SAVE15
11415,11415,Debit Card,Success,10923.97,2025-09-24 05:00:00,1927.76,WELCOME10
11416,11416,Debit Card,Success,987.02,2024-12-24 01:00:00,246.76,
11417,11417,Debit Card,Success,4815.46,2025-11-01 00:00:00,0.0,
11418,11418,UPI,Success,4331.29,2025-11-25 03:00:00,227.96,FEST20
11419,11419,Debit Card,Success,3516.59,2025-07-14 01:00:00,390.73,SAVE15
11420,11420,Credit Card,Success,6754.15,2025-04-10 00:00:00,1688.54,SAVE15
11421,11421,Net Banking,Success,213.32,2025-01-30 04:00:00,11.23,
11422,11422,Net Banking,Success,576.4,2025-12-29 01:00:00,144.1,FEST20
11423,11423,UPI,Success,1131.84,2026-07-03 04:00:00,199.74,FEST20
11424,11424,UPI,Refunded,59890.39,2025-07-24 02:00:00,10568.89,WELCOME10
11425,11425,Cash on Delivery,Success,1428.3,2024-10-30 01:00:00,75.17,
11426,11426,UPI,Success,23095.04,2025-09-23 02:00:00,0.0,SAVE15
11427,11427,UPI,Success,449.31,2026-03-26 04:00:00,0.0,WELCOME10
11428,11428,UPI,Success,3722.8,2025-01-11 02:00:00,413.64,
11429,11429,Cash on Delivery,Success,2138.4,2025-08-07 02:00:00,0.0,
11430,11430,Cash on Delivery,Success,2391.95,2024-12-31 05:00:00,0.0,
11431,11431,Cash on Delivery,Success,54314.2,2026-02-17 01:00:00,2858.64,NEWUSER
11432,11432,EMI,Success,4445.93,2025-01-01 03:00:00,0.0,FEST20
11433,11433,UPI,Success,1906.37,2026-02-16 04:00:00,0.0,
11434,11434,Credit Card,Success,532.7,2026-03-23 05:00:00,28.04,
11435,11435,Cash on Delivery,Success,12577.67,2025-12-27 02:00:00,661.98,
11436,11436,Net Banking,Success,2363.81,2025-07-22 05:00:00,590.95,FEST20
11437,11437,Debit Card,Success,556.42,2024-12-08 04:00:00,0.0,
11438,11438,Credit Card,Success,327.52,2026-02-26 04:00:00,57.8,
11439,11439,Cash on Delivery,Success,1790.97,2026-01-13 00:00:00,0.0,
11440,11440,UPI,Success,986.16,2024-05-29 02:00:00,174.03,FEST20
11441,11441,UPI,Success,5749.92,2025-06-09 01:00:00,638.88,
11442,11442,UPI,Success,4060.06,2025-03-21 02:00:00,213.69,
11443,11443,Debit Card,Success,552.06,2025-02-04 02:00:00,61.34,
11444,11444,UPI,Success,2921.11,2026-08-17 01:00:00,730.28,
11445,11445,Cash on Delivery,Success,1381.99,2024-10-11 05:00:00,345.5,
11446,11446,Cash on Delivery,Success,15809.66,2026-02-12 04:00:00,3952.42,SAVE15
11447,11447,Credit Card,Success,3850.39,2025-01-05 03:00:00,202.65,NEWUSER
11448,11448,Cash on Delivery,Success,4859.68,2024-09-30 05:00:00,1214.92,
11449,11449,UPI,Success,4668.6,2025-05-02 02:00:00,0.0,NEWUSER
11450,11450,UPI,Success,3418.2,2025-05-08 05:00:00,854.55,NEWUSER
11451,11451,UPI,Success,21986.99,2025-10-04 04:00:00,1157.21,NEWUSER
11452,11452,Debit Card,Success,529.9,2026-04-23 03:00:00,58.88,WELCOME10
11453,11453,Credit Card,Success,10969.91,2025-12-08 04:00:00,1218.88,
11454,11454,Debit Card,Success,1984.44,2026-03-15 03:00:00,220.49,
11455,11455,Debit Card,Success,3177.11,2025-02-18 01:00:00,0.0,FEST20
11456,11456,Credit Card,Success,223.9,2025-09-24 03:00:00,55.98,
11457,11457,UPI,Success,1859.7,2026-01-18 01:00:00,97.88,SAVE15
11458,11458,UPI,Success,445.39,2026-01-29 01:00:00,0.0,
11459,11459,UPI,Success,1547.46,2026-07-06 02:00:00,81.45,
11460,11460,UPI,Success,1040.35,2026-06-15 04:00:00,183.59,
11461,11461,Cash on Delivery,Success,70284.62,2025-08-15 01:00:00,7809.4,
11462,11462,Cash on Delivery,Success,4955.86,2026-02-24 00:00:00,0.0,
11463,11463,Cash on Delivery,Success,222896.59,2025-12-25 01:00:00,24766.29,SAVE15
11464,11464,UPI,Success,971.3,2026-06-29 01:00:00,0.0,SAVE15
11465,11465,UPI,Success,1014.64,2026-03-30 01:00:00,179.06,SAVE15
11466,11466,UPI,Refunded,2751.1,2025-09-15 04:00:00,144.8,SAVE15
11467,11467,Debit Card,Success,5874.18,2025-07-10 04:00:00,0.0,
11468,11468,UPI,Success,238.01,2025-04-10 02:00:00,59.5,SAVE15
11469,11469,Cash on Delivery,Success,2271.06,2025-08-03 05:00:00,252.34,FEST20
11470,11470,UPI,Success,465.05,2026-01-28 03:00:00,24.48,SAVE15
11471,11471,UPI,Success,21122.76,2025-09-01 03:00:00,1111.72,
11472,11472,Cash on Delivery,Success,55580.78,2024-12-29 03:00:00,9808.37,
11473,11473,UPI,Success,3113.7,2025-11-11 02:00:00,549.48,WELCOME10
11474,11474,Debit Card,Success,6191.41,2025-07-29 02:00:00,1092.6,
11475,11475,Cash on Delivery,Success,833.15,2026-06-19 00:00:00,0.0,WELCOME10
11476,11476,UPI,Success,2620.95,2026-07-13 04:00:00,137.95,FEST20
11477,11477,Cash on Delivery,Success,63406.28,2025-09-26 00:00:00,15851.57,
11478,11478,Credit Card,Success,3731.22,2024-08-02 05:00:00,0.0,FEST20
11479,11479,UPI,Success,1267.33,2025-09-27 05:00:00,140.82,
11480,11480,Cash on Delivery,Success,233.18,2025-06-03 04:00:00,41.15,WELCOME10
11481,11481,Credit Card,Success,4088.12,2026-03-29 04:00:00,721.43,SAVE15
11482,11482,UPI,Success,1601.37,2026-01-10 00:00:00,0.0,
11483,11483,Credit Card,Success,60820.78,2026-04-23 03:00:00,3201.09,
11484,11484,Credit Card,Success,4176.0,2025-10-07 03:00:00,219.79,SAVE15
11485,11485,UPI,Success,20858.18,2026-04-13 00:00:00,1097.8,
11486,11486,UPI,Success,7240.48,2026-08-01 03:00:00,381.08,NEWUSER
11487,11487,Debit Card,Success,15129.66,2024-04-21 05:00:00,2669.94,SAVE15
11488,11488,Cash on Delivery,Success,1211.5,2025-06-01 04:00:00,302.87,NEWUSER
11489,11489,UPI,Success,1322.62,2025-06-23 00:00:00,146.96,FEST20
11490,11490,Credit Card,Success,1677.26,2026-01-17 02:00:00,186.36,NEWUSER
11491,11491,UPI,Refunded,510.99,2025-11-16 02:00:00,127.75,FEST20
11492,11492,UPI,Success,137243.32,2024-01-15 01:00:00,0.0,SAVE15
11493,11493,Debit Card,Success,10878.43,2026-01-07 00:00:00,1919.72,
11494,11494,UPI,Success,5612.31,2026-05-27 04:00:00,0.0,WELCOME10
11495,11495,UPI,Success,548.51,2025-08-17 03:00:00,28.87,
11496,11496,UPI,Success,4358.23,2024-07-20 03:00:00,484.25,FEST20
11497,11497,Cash on Delivery,Success,1662.43,2026-05-15 02:00:00,0.0,SAVE15
11498,11498,UPI,Success,73429.37,2025-08-17 03:00:00,3864.7,
11499,11499,Debit Card,Success,4640.69,2026-05-02 03:00:00,515.63,
11500,11500,Cash on Delivery,Success,818.45,2025-05-23 03:00:00,0.0,FEST20
11501,11501,UPI,Refunded,2558.09,2025-12-25 05:00:00,284.23,FEST20
11502,11502,Cash on Delivery,Success,1221.51,2025-03-25 00:00:00,135.72,
11503,11503,Credit Card,Success,60781.78,2025-11-26 02:00:00,10726.2,
11504,11504,Cash on Delivery,Success,3637.53,2026-05-10 03:00:00,404.17,
11505,11505,UPI,Success,373.62,2024-09-07 02:00:00,0.0,NEWUSER
11506,11506,Credit Card,Success,3189.98,2026-03-03 04:00:00,0.0,FEST20
11507,11507,UPI,Success,2925.17,2025-02-05 00:00:00,325.02,FEST20
11508,11508,UPI,Success,6184.78,2025-09-03 05:00:00,0.0,
11509,11509,Credit Card,Success,183.41,2026-05-29 03:00:00,45.85,SAVE15
11510,11510,UPI,Success,979.55,2026-03-16 03:00:00,0.0,
11511,11511,UPI,Success,725.86,2026-06-21 00:00:00,80.65,
11512,11512,Cash on Delivery,Success,1687.38,2025-07-02 02:00:00,0.0,
11513,11513,UPI,Success,1414.92,2026-01-30 03:00:00,74.47,WELCOME10
11514,11514,UPI,Success,50979.01,2025-03-24 04:00:00,0.0,NEWUSER
11515,11515,Debit Card,Success,20000.97,2026-05-25 05:00:00,0.0,
11516,11516,Net Banking,Success,29050.84,2024-09-16 03:00:00,0.0,
11517,11517,UPI,Refunded,468.18,2024-08-18 03:00:00,117.05,WELCOME10
11518,11518,Debit Card,Success,2199.42,2026-07-14 02:00:00,0.0,SAVE15
11519,11519,Cash on Delivery,Success,4469.31,2025-05-20 05:00:00,788.7,
11520,11520,UPI,Success,614.06,2025-09-11 02:00:00,0.0,
11521,11521,UPI,Success,17022.06,2024-04-25 00:00:00,4255.52,FEST20
11522,11522,Cash on Delivery,Success,1391.2,2024-07-30 02:00:00,347.8,NEWUSER
11523,11523,UPI,Success,8752.12,2026-05-18 01:00:00,460.64,SAVE15
11524,11524,UPI,Success,1684.53,2026-06-14 03:00:00,421.13,
11525,11525,UPI,Success,1293.26,2026-02-16 05:00:00,323.31,SAVE15
11526,11526,EMI,Success,747.84,2026-03-14 00:00:00,0.0,FEST20
11527,11527,UPI,Success,3938.72,2026-04-02 00:00:00,0.0,FEST20
11528,11528,Cash on Delivery,Not Applicable,597.33,2025-04-19 00:00:00,0.0,SAVE15
11529,11529,UPI,Success,431.69,2025-10-10 02:00:00,76.18,
11530,11530,Cash on Delivery,Success,624.18,2025-04-26 02:00:00,69.35,FEST20
11531,11531,UPI,Success,5941.98,2024-12-03 00:00:00,660.22,NEWUSER
11532,11532,Debit Card,Success,2560.79,2026-01-22 03:00:00,284.53,FEST20
11533,11533,Debit Card,Success,627.44,2026-03-22 05:00:00,33.02,
11534,11534,UPI,Success,10427.24,2025-12-17 00:00:00,0.0,
11535,11535,UPI,Success,10247.02,2026-02-12 04:00:00,0.0,SAVE15
11536,11536,UPI,Success,5144.14,2026-02-03 02:00:00,907.79,FEST20
11537,11537,UPI,Success,600.21,2025-09-05 01:00:00,31.59,WELCOME10
11538,11538,Credit Card,Success,8178.82,2024-11-11 03:00:00,1443.32,WELCOME10
11539,11539,UPI,Success,41067.02,2026-05-02 02:00:00,10266.76,
11540,11540,EMI,Success,202.71,2025-11-02 03:00:00,22.52,SAVE15
11541,11541,Credit Card,Success,4006.4,2026-01-13 00:00:00,0.0,WELCOME10
11542,11542,Cash on Delivery,Success,1726.4,2025-01-10 03:00:00,191.82,SAVE15
11543,11543,UPI,Success,37393.8,2025-12-18 05:00:00,0.0,WELCOME10
11544,11544,UPI,Success,8322.69,2026-05-15 00:00:00,0.0,
11545,11545,Cash on Delivery,Success,66295.15,2026-03-28 02:00:00,11699.15,WELCOME10
11546,11546,UPI,Success,55027.48,2025-06-21 00:00:00,6114.16,
11547,11547,UPI,Success,583.78,2026-01-13 01:00:00,103.02,NEWUSER
11548,11548,UPI,Success,269140.17,2025-08-12 05:00:00,0.0,
11549,11549,Debit Card,Success,3880.23,2025-10-26 00:00:00,204.22,WELCOME10
11550,11550,Net Banking,Success,3525.09,2026-08-17 03:00:00,881.27,WELCOME10
11551,11551,Credit Card,Success,720.51,2025-01-22 00:00:00,0.0,
11552,11552,Debit Card,Success,202.94,2026-02-28 01:00:00,35.81,NEWUSER
11553,11553,Credit Card,Success,781.25,2026-02-28 00:00:00,0.0,WELCOME10
11554,11554,Credit Card,Success,1760.18,2026-04-12 03:00:00,92.64,
11555,11555,UPI,Success,2132.24,2025-12-17 03:00:00,236.92,
11556,11556,UPI,Success,8748.82,2026-06-04 00:00:00,0.0,
11557,11557,UPI,Success,19421.14,2025-11-22 01:00:00,4855.28,FEST20
11558,11558,Cash on Delivery,Success,7102.21,2025-07-18 00:00:00,789.13,
11559,11559,UPI,Success,284.5,2024-08-23 02:00:00,71.12,
11560,11560,Credit Card,Success,674.92,2025-03-13 05:00:00,0.0,SAVE15
11561,11561,Credit Card,Success,95222.71,2024-10-24 04:00:00,23805.68,
11562,11562,Cash on Delivery,Success,1104.01,2026-04-16 03:00:00,58.11,FEST20
11563,11563,UPI,Pending,2196.91,2024-02-02 01:00:00,0.0,
11564,11564,UPI,Success,4281.74,2025-03-14 02:00:00,0.0,WELCOME10
11565,11565,UPI,Success,1843.72,2024-12-26 03:00:00,325.36,
11566,11566,Cash on Delivery,Success,6185.13,2025-11-04 04:00:00,0.0,
11567,11567,UPI,Refunded,2063.19,2025-02-11 01:00:00,0.0,NEWUSER
11568,11568,Cash on Delivery,Success,5386.46,2024-12-17 01:00:00,1346.61,
11569,11569,Credit Card,Success,1803.55,2025-05-29 04:00:00,0.0,FEST20
11570,11570,EMI,Success,743.31,2025-10-26 01:00:00,185.83,
11571,11571,UPI,Success,1394.99,2026-01-07 02:00:00,155.0,
11572,11572,Cash on Delivery,Success,217.66,2025-02-09 05:00:00,11.46,SAVE15
11573,11573,Cash on Delivery,Success,1704.01,2026-06-17 05:00:00,0.0,FEST20
11574,11574,EMI,Success,1226.1,2026-04-04 00:00:00,136.23,
11575,11575,UPI,Success,3591.86,2024-03-31 02:00:00,399.1,
11576,11576,EMI,Success,41009.17,2026-02-17 03:00:00,7236.91,
11577,11577,UPI,Success,785.53,2025-12-14 04:00:00,0.0,FEST20
11578,11578,Debit Card,Success,440.07,2026-03-20 00:00:00,48.9,FEST20
11579,11579,UPI,Success,640.48,2025-08-18 04:00:00,0.0,WELCOME10
11580,11580,Debit Card,Success,405.52,2026-02-02 02:00:00,0.0,
11581,11581,Debit Card,Success,15300.48,2026-03-06 03:00:00,0.0,
11582,11582,EMI,Success,2642.78,2026-02-27 00:00:00,139.09,WELCOME10
11583,11583,Net Banking,Pending,22836.1,2024-11-07 04:00:00,5709.02,NEWUSER
11584,11584,Debit Card,Success,8530.45,2026-07-31 04:00:00,0.0,WELCOME10
11585,11585,Cash on Delivery,Success,9999.88,2024-06-01 03:00:00,0.0,
11586,11586,UPI,Success,3557.67,2024-09-24 02:00:00,395.3,
11587,11587,Debit Card,Success,1576.94,2026-04-11 04:00:00,394.24,
11588,11588,Cash on Delivery,Pending,88580.97,2026-02-18 05:00:00,0.0,
11589,11589,UPI,Success,589.08,2024-11-04 04:00:00,0.0,WELCOME10
11590,11590,UPI,Success,5834.52,2025-11-27 00:00:00,0.0,NEWUSER
11591,11591,UPI,Success,3056.24,2026-02-15 04:00:00,539.34,
11592,11592,Cash on Delivery,Not Applicable,809.31,2024-07-12 03:00:00,42.6,NEWUSER
11593,11593,Cash on Delivery,Success,2135.62,2025-03-04 00:00:00,0.0,
11594,11594,UPI,Success,5694.23,2025-05-21 01:00:00,1004.86,
11595,11595,Cash on Delivery,Success,3318.77,2026-04-25 05:00:00,829.69,
11596,11596,UPI,Success,3965.89,2025-10-23 00:00:00,0.0,SAVE15
11597,11597,Net Banking,Refunded,1255.84,2025-04-15 00:00:00,66.1,NEWUSER
11598,11598,UPI,Success,162.88,2026-03-31 01:00:00,40.72,FEST20
11599,11599,EMI,Success,961.79,2026-02-11 05:00:00,0.0,SAVE15
11600,11600,Debit Card,Success,966.39,2025-02-09 02:00:00,107.38,
11601,11601,UPI,Success,21321.88,2026-01-15 04:00:00,0.0,
11602,11602,UPI,Success,109325.02,2025-05-06 04:00:00,12147.22,NEWUSER
11603,11603,UPI,Refunded,4025.04,2025-09-02 04:00:00,447.23,NEWUSER
11604,11604,UPI,Success,119797.92,2025-11-28 02:00:00,13310.88,
11605,11605,UPI,Success,3009.02,2025-04-09 01:00:00,0.0,SAVE15
11606,11606,UPI,Refunded,6209.51,2025-08-10 02:00:00,0.0,FEST20
11607,11607,Cash on Delivery,Success,10910.94,2025-10-14 05:00:00,574.26,
11608,11608,UPI,Success,1194.08,2026-02-22 00:00:00,298.52,SAVE15
11609,11609,UPI,Success,317.26,2026-05-14 05:00:00,79.32,WELCOME10
11610,11610,UPI,Success,709.04,2026-06-18 03:00:00,177.26,SAVE15
11611,11611,EMI,Success,1566.16,2025-01-20 00:00:00,0.0,
11612,11612,UPI,Success,1265.52,2025-09-21 02:00:00,0.0,
11613,11613,UPI,Success,2941.09,2024-10-14 04:00:00,735.27,WELCOME10
11614,11614,Debit Card,Success,1666.82,2026-02-03 02:00:00,0.0,SAVE15
11615,11615,Debit Card,Success,6064.75,2024-11-20 00:00:00,1516.19,
11616,11616,Debit Card,Success,3479.6,2026-08-17 04:00:00,183.14,NEWUSER
11617,11617,Net Banking,Success,7223.93,2024-06-17 03:00:00,1274.81,SAVE15
11618,11618,Credit Card,Success,59222.25,2024-12-04 02:00:00,10450.98,
11619,11619,UPI,Success,3165.38,2025-09-18 02:00:00,0.0,
11620,11620,UPI,Pending,455.23,2025-04-01 00:00:00,23.96,
11621,11621,UPI,Success,2523.5,2026-02-19 00:00:00,0.0,FEST20
11622,11622,Debit Card,Success,2531.3,2024-09-03 03:00:00,632.82,
11623,11623,UPI,Success,3473.35,2025-02-24 04:00:00,385.93,FEST20
11624,11624,Cash on Delivery,Not Applicable,774.08,2026-07-25 00:00:00,193.52,
11625,11625,Credit Card,Success,20141.24,2026-01-20 04:00:00,2237.92,SAVE15
11626,11626,Cash on Delivery,Success,13750.2,2025-12-08 02:00:00,0.0,
11627,11627,UPI,Success,6331.18,2025-06-18 04:00:00,333.22,SAVE15
11628,11628,UPI,Success,1600.32,2025-08-24 04:00:00,0.0,FEST20
11629,11629,UPI,Success,13701.28,2025-06-26 03:00:00,721.12,SAVE15
11630,11630,Debit Card,Success,584.43,2025-12-12 02:00:00,146.11,
11631,11631,Debit Card,Success,28606.84,2025-04-16 02:00:00,5048.27,FEST20
11632,11632,Credit Card,Success,205.55,2025-04-27 00:00:00,0.0,WELCOME10
11633,11633,Credit Card,Success,4419.21,2026-04-12 03:00:00,779.86,NEWUSER
11634,11634,UPI,Success,26010.7,2026-02-07 03:00:00,4590.12,FEST20
11635,11635,UPI,Success,4862.73,2024-07-05 05:00:00,540.3,WELCOME10
11636,11636,Debit Card,Success,3929.42,2025-10-09 05:00:00,436.6,
11637,11637,Cash on Delivery,Success,875.5,2025-08-06 03:00:00,0.0,WELCOME10
11638,11638,UPI,Success,2099.9,2025-01-18 03:00:00,110.52,FEST20
11639,11639,Cash on Delivery,Success,25446.88,2025-01-25 03:00:00,0.0,
11640,11640,Debit Card,Success,6283.08,2025-07-22 02:00:00,698.12,
11641,11641,Credit Card,Refunded,4327.74,2025-09-27 01:00:00,480.86,
11642,11642,UPI,Success,3553.55,2025-11-20 04:00:00,627.1,
11643,11643,Credit Card,Success,3078.27,2025-08-07 05:00:00,342.03,SAVE15
11644,11644,Debit Card,Refunded,709.54,2025-09-22 05:00:00,78.84,FEST20
11645,11645,UPI,Success,3977.36,2026-05-12 00:00:00,994.34,SAVE15
11646,11646,Cash on Delivery,Success,891.24,2025-07-23 00:00:00,0.0,WELCOME10
11647,11647,UPI,Success,5552.15,2024-12-20 00:00:00,292.22,WELCOME10
11648,11648,UPI,Success,4681.29,2026-01-31 03:00:00,0.0,
11649,11649,Credit Card,Success,1737.36,2026-05-21 05:00:00,193.04,NEWUSER
11650,11650,Credit Card,Success,31941.08,2025-07-23 05:00:00,1681.11,FEST20
11651,11651,UPI,Success,2843.2,2026-06-25 00:00:00,710.8,
11652,11652,UPI,Success,5302.76,2026-04-16 04:00:00,0.0,WELCOME10
11653,11653,EMI,Success,54817.56,2024-04-30 05:00:00,2885.14,
11654,11654,Debit Card,Success,3348.28,2026-04-06 05:00:00,0.0,SAVE15
11655,11655,UPI,Success,11567.44,2026-04-14 03:00:00,608.81,
11656,11656,UPI,Success,2523.59,2026-07-10 04:00:00,0.0,
11657,11657,UPI,Success,12571.8,2025-06-21 05:00:00,0.0,WELCOME10
11658,11658,Net Banking,Success,3578.89,2026-05-18 02:00:00,397.65,SAVE15
11659,11659,Cash on Delivery,Success,23926.93,2025-11-03 01:00:00,1259.31,FEST20
11660,11660,Credit Card,Success,3739.41,2026-02-13 03:00:00,415.49,SAVE15
11661,11661,Debit Card,Success,2650.22,2025-10-10 00:00:00,0.0,SAVE15
11662,11662,Credit Card,Success,3414.68,2026-01-21 00:00:00,179.72,SAVE15
11663,11663,Debit Card,Success,9374.57,2026-03-13 00:00:00,2343.64,FEST20
11664,11664,Net Banking,Success,6595.22,2026-04-11 00:00:00,0.0,SAVE15
11665,11665,Credit Card,Success,1203.98,2025-11-28 02:00:00,0.0,
11666,11666,UPI,Success,1548.11,2026-07-17 05:00:00,0.0,WELCOME10
11667,11667,Debit Card,Success,49672.16,2025-10-27 01:00:00,0.0,
11668,11668,UPI,Success,833.23,2026-07-15 02:00:00,0.0,
11669,11669,Credit Card,Success,1721.64,2025-10-13 03:00:00,430.41,NEWUSER
11670,11670,UPI,Success,21810.84,2026-04-09 04:00:00,0.0,SAVE15
11671,11671,UPI,Success,1778.08,2025-03-12 00:00:00,444.52,FEST20
11672,11672,Cash on Delivery,Success,13772.34,2025-11-06 04:00:00,3443.08,FEST20
11673,11673,UPI,Success,460.51,2025-02-01 04:00:00,51.17,
11674,11674,Debit Card,Success,1970.1,2025-11-07 03:00:00,492.52,
11675,11675,UPI,Success,9647.72,2025-03-22 05:00:00,1702.54,
11676,11676,Debit Card,Success,718.51,2025-05-31 00:00:00,0.0,
11677,11677,UPI,Success,898.8,2025-09-25 05:00:00,0.0,SAVE15
11678,11678,Cash on Delivery,Success,8137.62,2026-02-12 02:00:00,0.0,
11679,11679,Cash on Delivery,Success,1901.73,2025-01-24 03:00:00,0.0,
11680,11680,Cash on Delivery,Success,126981.05,2025-10-05 05:00:00,6683.21,
11681,11681,EMI,Success,1359.0,2026-04-04 03:00:00,0.0,
11682,11682,Debit Card,Success,1492.86,2023-10-30 01:00:00,263.44,
11683,11683,Cash on Delivery,Success,3288.61,2025-10-11 01:00:00,822.15,
11684,11684,Cash on Delivery,Success,9406.92,2026-06-02 00:00:00,0.0,NEWUSER
11685,11685,EMI,Success,1759.8,2024-05-22 01:00:00,310.55,WELCOME10
11686,11686,Cash on Delivery,Pending,66226.26,2025-01-08 02:00:00,0.0,WELCOME10
11687,11687,Cash on Delivery,Pending,1724.22,2024-08-17 05:00:00,304.27,
11688,11688,Debit Card,Success,2142.1,2025-06-30 02:00:00,0.0,FEST20
11689,11689,Cash on Delivery,Success,4223.22,2025-03-07 02:00:00,0.0,NEWUSER
11690,11690,Net Banking,Success,1397.43,2025-07-23 03:00:00,246.61,SAVE15
11691,11691,Net Banking,Success,368.98,2026-04-17 00:00:00,92.25,
11692,11692,UPI,Success,3895.52,2025-02-09 01:00:00,432.84,FEST20
11693,11693,Net Banking,Success,4162.6,2025-10-07 05:00:00,734.58,
11694,11694,Debit Card,Success,3226.97,2025-05-27 03:00:00,806.74,NEWUSER
11695,11695,UPI,Success,417.72,2024-06-18 00:00:00,104.43,WELCOME10
11696,11696,Cash on Delivery,Not Applicable,34656.16,2025-04-14 05:00:00,3850.68,FEST20
11697,11697,UPI,Success,2737.65,2026-06-27 03:00:00,483.12,FEST20
11698,11698,Debit Card,Success,2309.55,2025-01-04 00:00:00,0.0,WELCOME10
11699,11699,UPI,Success,4607.41,2025-08-24 03:00:00,242.5,
11700,11700,Credit Card,Success,3487.23,2024-08-23 01:00:00,0.0,NEWUSER
11701,11701,Cash on Delivery,Success,3254.38,2026-01-31 04:00:00,574.3,WELCOME10
11702,11702,Debit Card,Success,8837.2,2025-07-19 03:00:00,981.91,SAVE15
11703,11703,Net Banking,Success,8875.22,2026-03-01 04:00:00,467.12,
11704,11704,Cash on Delivery,Success,183.22,2026-01-31 01:00:00,45.81,WELCOME10
11705,11705,Debit Card,Success,2191.52,2025-02-22 02:00:00,547.88,
11706,11706,UPI,Success,67869.62,2025-02-26 05:00:00,0.0,
11707,11707,Credit Card,Success,362.02,2026-02-19 02:00:00,90.51,
11708,11708,Cash on Delivery,Success,4489.64,2023-10-11 01:00:00,0.0,FEST20
11709,11709,Debit Card,Success,1678.36,2026-06-22 05:00:00,88.33,FEST20
11710,11710,Cash on Delivery,Success,138.94,2025-09-20 00:00:00,0.0,
11711,11711,UPI,Success,1928.13,2026-06-15 05:00:00,482.03,WELCOME10
11712,11712,Cash on Delivery,Success,2600.19,2025-11-03 05:00:00,0.0,
11713,11713,UPI,Success,3905.96,2024-08-14 04:00:00,0.0,
11714,11714,Credit Card,Success,2177.0,2024-07-25 02:00:00,241.89,
11715,11715,Cash on Delivery,Success,333.53,2026-08-08 05:00:00,17.55,FEST20
11716,11716,UPI,Success,1907.31,2026-02-24 04:00:00,0.0,FEST20
11717,11717,UPI,Success,5850.58,2025-12-31 02:00:00,1032.46,
11718,11718,Cash on Delivery,Success,3784.26,2025-11-17 04:00:00,0.0,SAVE15
11719,11719,UPI,Success,472.48,2025-02-05 04:00:00,24.87,WELCOME10
11720,11720,UPI,Success,6993.9,2024-09-17 02:00:00,1234.22,
11721,11721,UPI,Success,4690.46,2025-10-02 04:00:00,521.16,
11722,11722,Cash on Delivery,Success,37240.71,2025-07-20 01:00:00,9310.18,SAVE15
11723,11723,Cash on Delivery,Success,2797.58,2026-02-17 05:00:00,0.0,NEWUSER
11724,11724,Cash on Delivery,Success,176.63,2026-06-04 03:00:00,0.0,
11725,11725,Debit Card,Success,365.74,2025-11-17 01:00:00,0.0,
11726,11726,Credit Card,Success,1580.69,2025-12-14 01:00:00,395.17,
11727,11727,UPI,Success,1425.04,2024-11-07 00:00:00,356.26,NEWUSER
11728,11728,EMI,Success,6765.66,2026-03-02 00:00:00,0.0,
11729,11729,UPI,Success,397.87,2026-06-26 02:00:00,0.0,WELCOME10
11730,11730,Credit Card,Success,163195.76,2026-06-10 04:00:00,0.0,
11731,11731,UPI,Success,517.29,2026-07-15 00:00:00,57.48,WELCOME10
11732,11732,UPI,Success,55450.39,2025-07-14 02:00:00,2918.44,FEST20
11733,11733,UPI,Success,1711.56,2026-03-06 05:00:00,0.0,NEWUSER
11734,11734,Credit Card,Success,12482.43,2025-05-29 02:00:00,0.0,NEWUSER
11735,11735,UPI,Success,2844.13,2025-08-27 05:00:00,316.02,
11736,11736,Credit Card,Success,4668.7,2025-12-07 02:00:00,0.0,WELCOME10
11737,11737,UPI,Success,1083.0,2026-06-05 04:00:00,270.75,NEWUSER
11738,11738,Credit Card,Success,628.8,2025-03-12 03:00:00,33.09,
11739,11739,Net Banking,Success,1712.58,2025-12-21 02:00:00,90.14,
11740,11740,Net Banking,Success,12732.27,2026-06-08 02:00:00,3183.07,
11741,11741,Cash on Delivery,Success,1861.99,2026-02-06 00:00:00,206.89,
11742,11742,UPI,Success,3671.78,2024-06-02 04:00:00,407.98,
11743,11743,Net Banking,Success,3766.1,2026-03-24 00:00:00,0.0,NEWUSER
11744,11744,Credit Card,Success,19944.9,2024-08-19 00:00:00,4986.22,WELCOME10
11745,11745,Net Banking,Success,968.87,2025-03-26 04:00:00,0.0,
11746,11746,UPI,Success,3987.87,2025-01-25 04:00:00,209.89,
11747,11747,Credit Card,Success,11502.05,2026-01-27 02:00:00,1278.01,FEST20
11748,11748,Debit Card,Pending,936.13,2025-08-09 02:00:00,234.03,SAVE15
11749,11749,Net Banking,Success,38058.2,2024-11-03 03:00:00,4228.69,WELCOME10
11750,11750,EMI,Success,792.93,2026-06-25 04:00:00,41.73,SAVE15
11751,11751,UPI,Success,5433.89,2026-05-03 00:00:00,1358.47,
11752,11752,UPI,Success,76900.54,2026-04-26 03:00:00,8544.51,FEST20
11753,11753,UPI,Success,3056.24,2026-05-15 00:00:00,764.06,WELCOME10
11754,11754,Debit Card,Success,49779.52,2026-04-18 05:00:00,8784.62,WELCOME10
11755,11755,Cash on Delivery,Success,58506.83,2024-11-30 03:00:00,6500.76,WELCOME10
11756,11756,Credit Card,Success,1337.43,2026-06-01 03:00:00,148.6,WELCOME10
11757,11757,UPI,Success,15121.85,2025-06-08 05:00:00,3780.46,FEST20
11758,11758,Cash on Delivery,Success,1618.33,2025-03-24 03:00:00,179.81,SAVE15
11759,11759,Debit Card,Success,3012.95,2025-05-09 04:00:00,334.77,
11760,11760,Debit Card,Success,3787.05,2026-02-21 01:00:00,946.76,WELCOME10
11761,11761,Cash on Delivery,Success,3290.65,2026-03-28 01:00:00,365.63,WELCOME10
11762,11762,UPI,Success,1253.03,2026-05-15 01:00:00,0.0,
11763,11763,UPI,Success,4924.99,2025-09-17 04:00:00,869.12,
11764,11764,UPI,Success,25007.68,2025-07-24 02:00:00,0.0,SAVE15
11765,11765,UPI,Success,341.66,2024-08-13 05:00:00,60.29,FEST20
11766,11766,Credit Card,Success,10376.54,2026-06-13 04:00:00,1831.15,SAVE15
11767,11767,Credit Card,Success,32651.18,2025-11-30 04:00:00,0.0,NEWUSER
11768,11768,UPI,Success,5549.53,2024-06-03 00:00:00,0.0,
11769,11769,Credit Card,Success,2775.52,2025-12-29 02:00:00,146.08,
11770,11770,Cash on Delivery,Success,342.5,2025-10-07 04:00:00,85.63,WELCOME10
11771,11771,UPI,Success,2636.8,2026-02-25 02:00:00,465.32,
11772,11772,Debit Card,Success,184.76,2026-05-23 02:00:00,32.6,NEWUSER
11773,11773,Cash on Delivery,Not Applicable,80229.61,2025-05-17 05:00:00,8914.4,
11774,11774,EMI,Success,517.78,2024-08-18 03:00:00,91.37,
11775,11775,UPI,Success,1336.33,2026-02-26 02:00:00,235.82,NEWUSER
11776,11776,UPI,Success,44472.28,2024-06-11 02:00:00,7848.05,
11777,11777,UPI,Success,39898.3,2026-07-30 02:00:00,9974.58,SAVE15
11778,11778,UPI,Success,237991.08,2026-06-25 00:00:00,0.0,
11779,11779,Cash on Delivery,Success,552.43,2025-03-19 01:00:00,29.08,
11780,11780,Debit Card,Success,114027.44,2026-02-01 03:00:00,28506.86,
11781,11781,UPI,Success,60146.54,2025-09-21 00:00:00,0.0,NEWUSER
11782,11782,Debit Card,Success,266.09,2026-04-07 04:00:00,29.56,
11783,11783,Credit Card,Success,181457.01,2025-06-09 05:00:00,32021.82,WELCOME10
11784,11784,Cash on Delivery,Success,12297.9,2026-03-25 00:00:00,0.0,NEWUSER
11785,11785,Cash on Delivery,Success,3797.68,2025-09-11 01:00:00,0.0,FEST20
11786,11786,Cash on Delivery,Success,412.57,2026-01-18 00:00:00,21.71,
11787,11787,UPI,Success,211.34,2025-10-29 00:00:00,52.84,
11788,11788,UPI,Refunded,355.29,2025-03-23 05:00:00,62.7,WELCOME10
11789,11789,Debit Card,Success,327.88,2025-11-11 03:00:00,0.0,NEWUSER
11790,11790,UPI,Success,8520.12,2026-06-05 00:00:00,0.0,WELCOME10
11791,11791,Credit Card,Success,6542.37,2024-10-16 02:00:00,0.0,
11792,11792,UPI,Refunded,6019.69,2026-04-13 03:00:00,668.85,SAVE15
11793,11793,UPI,Success,4087.82,2025-01-17 03:00:00,721.38,
11794,11794,UPI,Pending,69368.32,2025-07-21 05:00:00,7707.59,NEWUSER
11795,11795,UPI,Success,170387.06,2026-06-03 02:00:00,0.0,
11796,11796,Credit Card,Refunded,72202.39,2025-06-23 05:00:00,3800.13,SAVE15
11797,11797,Net Banking,Success,5869.62,2024-05-05 04:00:00,0.0,WELCOME10
11798,11798,Cash on Delivery,Success,2934.85,2026-04-19 01:00:00,517.91,
11799,11799,Cash on Delivery,Success,3501.28,2023-11-15 02:00:00,184.28,
11800,11800,UPI,Refunded,3673.31,2026-05-22 02:00:00,193.33,
11801,11801,Debit Card,Success,3669.24,2026-07-12 05:00:00,647.51,WELCOME10
11802,11802,Credit Card,Success,37278.8,2026-02-22 01:00:00,0.0,NEWUSER
11803,11803,Net Banking,Success,663.53,2025-05-29 00:00:00,34.92,FEST20
11804,11804,Debit Card,Success,94.53,2026-03-31 01:00:00,16.68,NEWUSER
11805,11805,Cash on Delivery,Success,3046.3,2025-11-20 03:00:00,761.57,NEWUSER
11806,11806,Net Banking,Success,879.42,2025-10-16 01:00:00,0.0,
11807,11807,UPI,Success,7206.49,2025-05-11 05:00:00,379.29,WELCOME10
11808,11808,Debit Card,Success,7125.46,2025-05-13 04:00:00,1781.36,NEWUSER
11809,11809,UPI,Success,1281.73,2026-03-02 00:00:00,226.19,SAVE15
11810,11810,Debit Card,Refunded,20835.36,2025-03-26 04:00:00,3676.83,
11811,11811,Cash on Delivery,Success,633.76,2025-10-30 03:00:00,111.84,NEWUSER
11812,11812,Credit Card,Refunded,10350.48,2026-08-17 02:00:00,0.0,
11813,11813,EMI,Refunded,1042.41,2026-06-14 05:00:00,183.95,SAVE15
11814,11814,Net Banking,Refunded,2459.39,2024-08-02 03:00:00,0.0,
11815,11815,Cash on Delivery,Success,2356.39,2026-05-02 00:00:00,0.0,WELCOME10
11816,11816,UPI,Success,78860.45,2025-09-12 00:00:00,8762.27,
11817,11817,Cash on Delivery,Success,686.44,2026-03-28 01:00:00,76.27,
11818,11818,Credit Card,Success,679.01,2026-07-22 03:00:00,119.82,WELCOME10
11819,11819,UPI,Success,7905.05,2024-08-01 05:00:00,1976.26,SAVE15
11820,11820,UPI,Success,463.9,2025-11-10 01:00:00,115.98,FEST20
11821,11821,Net Banking,Success,1470.67,2026-07-29 02:00:00,259.53,SAVE15
11822,11822,EMI,Success,3640.39,2025-12-29 01:00:00,0.0,
11823,11823,UPI,Success,1684.93,2026-05-12 01:00:00,0.0,
11824,11824,Debit Card,Success,270.5,2025-09-30 04:00:00,0.0,
11825,11825,EMI,Success,435.06,2026-03-16 02:00:00,108.77,
11826,11826,UPI,Success,333.22,2025-10-11 00:00:00,0.0,SAVE15
11827,11827,Cash on Delivery,Success,3099.47,2026-03-24 01:00:00,0.0,SAVE15
11828,11828,Cash on Delivery,Success,3801.29,2024-05-17 04:00:00,422.37,
11829,11829,Cash on Delivery,Success,3760.67,2026-01-13 03:00:00,417.85,NEWUSER
11830,11830,Cash on Delivery,Success,445.69,2025-04-25 02:00:00,0.0,
11831,11831,UPI,Success,3718.82,2026-02-14 00:00:00,656.26,
11832,11832,Cash on Delivery,Success,489.61,2026-03-07 05:00:00,122.4,
11833,11833,Cash on Delivery,Success,24083.06,2026-02-12 00:00:00,6020.77,
11834,11834,UPI,Success,1468.02,2025-10-15 03:00:00,367.01,
11835,11835,Credit Card,Success,4136.32,2024-11-27 05:00:00,729.94,FEST20
11836,11836,UPI,Success,4251.19,2024-11-23 05:00:00,1062.8,FEST20
11837,11837,Credit Card,Success,1750.77,2026-04-10 03:00:00,0.0,FEST20
11838,11838,Cash on Delivery,Success,3691.17,2025-06-14 01:00:00,410.13,WELCOME10
11839,11839,Net Banking,Success,285.13,2024-01-12 03:00:00,31.68,
11840,11840,Cash on Delivery,Success,56082.92,2026-06-16 03:00:00,0.0,
11841,11841,Credit Card,Success,30882.4,2026-01-01 02:00:00,5449.84,SAVE15
11842,11842,Cash on Delivery,Success,155936.0,2026-07-21 03:00:00,0.0,
11843,11843,Credit Card,Success,79185.6,2025-01-18 00:00:00,0.0,
11844,11844,Debit Card,Success,5880.22,2025-01-23 04:00:00,1037.68,
11845,11845,UPI,Success,520.79,2026-04-06 00:00:00,130.2,
11846,11846,Debit Card,Success,2406.07,2026-05-18 02:00:00,126.64,NEWUSER
11847,11847,Debit Card,Refunded,2156.71,2026-02-10 05:00:00,0.0,SAVE15
11848,11848,UPI,Refunded,1788.74,2025-11-18 05:00:00,0.0,
11849,11849,Debit Card,Success,1764.97,2025-07-10 03:00:00,441.24,
11850,11850,UPI,Success,4411.93,2025-07-29 02:00:00,778.58,WELCOME10
11851,11851,Net Banking,Success,62092.76,2026-05-06 00:00:00,6899.2,
11852,11852,Cash on Delivery,Success,1741.12,2025-10-09 05:00:00,91.64,SAVE15
11853,11853,Cash on Delivery,Success,686.46,2024-11-30 01:00:00,36.13,
11854,11854,Credit Card,Success,29859.03,2025-10-16 00:00:00,0.0,
11855,11855,Debit Card,Success,5940.45,2026-01-24 02:00:00,1485.11,
11856,11856,Cash on Delivery,Success,64172.67,2025-12-11 05:00:00,0.0,
11857,11857,Net Banking,Success,4588.74,2025-09-05 00:00:00,1147.19,NEWUSER
11858,11858,Net Banking,Success,478.48,2025-06-20 01:00:00,25.18,SAVE15
11859,11859,UPI,Success,1034.33,2026-03-16 01:00:00,114.93,
11860,11860,Credit Card,Success,55798.63,2026-03-09 01:00:00,2936.77,
11861,11861,Cash on Delivery,Success,9395.19,2025-09-08 00:00:00,1043.91,
11862,11862,Cash on Delivery,Success,716.58,2026-01-08 02:00:00,126.45,SAVE15
11863,11863,UPI,Success,1215.64,2025-04-06 04:00:00,0.0,NEWUSER
11864,11864,UPI,Success,2804.35,2026-03-26 01:00:00,0.0,
11865,11865,UPI,Success,1825.26,2026-02-01 01:00:00,0.0,WELCOME10
11866,11866,UPI,Success,11098.55,2025-08-19 05:00:00,584.13,WELCOME10
11867,11867,UPI,Success,1409.88,2025-03-26 03:00:00,352.47,SAVE15
11868,11868,Net Banking,Success,121.76,2026-04-30 01:00:00,21.49,NEWUSER
11869,11869,Credit Card,Success,3800.59,2025-06-26 03:00:00,950.15,NEWUSER
11870,11870,UPI,Success,5137.82,2025-04-29 05:00:00,570.87,WELCOME10
11871,11871,Credit Card,Success,614.25,2025-01-08 04:00:00,0.0,FEST20
11872,11872,Net Banking,Success,62105.07,2025-12-10 05:00:00,10959.72,FEST20
11873,11873,Credit Card,Success,18531.98,2025-08-23 04:00:00,4633.0,FEST20
11874,11874,UPI,Success,70273.33,2026-04-05 04:00:00,0.0,
11875,11875,UPI,Success,3606.29,2025-05-19 04:00:00,189.81,SAVE15
11876,11876,Debit Card,Success,269.0,2026-01-28 04:00:00,67.25,FEST20
11877,11877,Debit Card,Success,72120.31,2026-03-11 05:00:00,3795.81,WELCOME10
11878,11878,Debit Card,Success,2895.4,2026-08-17 05:00:00,152.39,NEWUSER
11879,11879,Cash on Delivery,Success,410.17,2026-04-27 04:00:00,21.59,
11880,11880,Net Banking,Success,10698.19,2026-04-15 03:00:00,2674.55,NEWUSER
11881,11881,Credit Card,Success,2929.9,2025-01-20 00:00:00,0.0,
11882,11882,Credit Card,Success,74860.24,2025-11-15 02:00:00,8317.81,
11883,11883,Credit Card,Success,534.38,2025-04-23 04:00:00,0.0,NEWUSER
11884,11884,UPI,Success,343.85,2026-01-13 01:00:00,60.68,
11885,11885,Credit Card,Success,2690.54,2025-09-29 05:00:00,0.0,FEST20
11886,11886,UPI,Success,5159.86,2025-11-02 04:00:00,910.56,
11887,11887,Cash on Delivery,Not Applicable,339.88,2025-11-22 03:00:00,37.76,
11888,11888,EMI,Success,15704.27,2025-10-02 05:00:00,3926.07,SAVE15
11889,11889,Cash on Delivery,Success,1087.11,2024-03-21 04:00:00,191.84,FEST20
11890,11890,UPI,Success,3396.09,2026-08-09 01:00:00,0.0,WELCOME10
11891,11891,Cash on Delivery,Success,3516.6,2025-07-26 05:00:00,185.08,NEWUSER
11892,11892,Debit Card,Success,30805.81,2025-09-13 01:00:00,3422.87,NEWUSER
11893,11893,Credit Card,Success,2757.85,2025-07-06 02:00:00,145.15,
11894,11894,UPI,Success,2384.79,2026-05-28 02:00:00,0.0,NEWUSER
11895,11895,Credit Card,Success,4849.83,2024-08-09 03:00:00,538.87,
11896,11896,UPI,Success,47354.39,2026-04-22 01:00:00,0.0,WELCOME10
11897,11897,UPI,Success,2274.41,2025-04-09 03:00:00,568.6,WELCOME10
11898,11898,Net Banking,Success,5260.4,2026-03-27 04:00:00,0.0,
11899,11899,Debit Card,Refunded,1697.62,2026-05-11 01:00:00,424.41,
11900,11900,Debit Card,Success,23379.25,2026-01-04 04:00:00,2597.69,NEWUSER
11901,11901,UPI,Refunded,14049.84,2026-02-16 01:00:00,0.0,
11902,11902,UPI,Success,272.97,2025-08-01 02:00:00,0.0,
11903,11903,UPI,Success,40235.4,2026-08-06 01:00:00,10058.85,
11904,11904,Debit Card,Success,2426.58,2025-07-18 03:00:00,269.62,SAVE15
11905,11905,Net Banking,Success,47761.46,2026-05-04 01:00:00,0.0,FEST20
11906,11906,UPI,Success,2730.34,2026-02-13 01:00:00,143.7,
11907,11907,Cash on Delivery,Not Applicable,7404.44,2024-12-08 01:00:00,0.0,NEWUSER
11908,11908,Cash on Delivery,Not Applicable,6036.53,2025-09-08 04:00:00,1509.13,WELCOME10
11909,11909,Cash on Delivery,Success,2220.91,2026-02-27 04:00:00,246.77,NEWUSER
11910,11910,UPI,Success,2227.62,2025-10-27 05:00:00,0.0,
11911,11911,Cash on Delivery,Success,48296.37,2026-03-06 05:00:00,2541.91,SAVE15
11912,11912,UPI,Success,1808.04,2025-04-17 02:00:00,0.0,
11913,11913,Debit Card,Success,77676.59,2024-08-23 04:00:00,19419.15,WELCOME10
11914,11914,Credit Card,Success,700.8,2026-05-30 02:00:00,36.88,SAVE15
11915,11915,UPI,Success,72561.71,2026-04-24 04:00:00,18140.43,FEST20
11916,11916,Credit Card,Success,24411.45,2025-09-23 04:00:00,0.0,
11917,11917,Credit Card,Success,26232.98,2024-09-05 01:00:00,0.0,
11918,11918,UPI,Success,887.51,2024-11-06 02:00:00,0.0,
11919,11919,Debit Card,Success,4440.96,2025-09-15 01:00:00,0.0,NEWUSER
11920,11920,Credit Card,Success,44391.08,2026-04-13 04:00:00,2336.37,SAVE15
11921,11921,Debit Card,Success,1557.31,2026-07-14 02:00:00,173.03,
11922,11922,Cash on Delivery,Success,4202.24,2025-12-03 03:00:00,0.0,NEWUSER
11923,11923,UPI,Success,10831.39,2024-02-29 04:00:00,1203.49,WELCOME10
11924,11924,Credit Card,Pending,2146.49,2026-01-23 03:00:00,378.79,FEST20
11925,11925,Credit Card,Success,4803.39,2025-11-17 00:00:00,0.0,
11926,11926,Cash on Delivery,Success,8755.49,2024-11-20 04:00:00,2188.87,FEST20
11927,11927,Credit Card,Success,3362.3,2024-11-21 04:00:00,373.59,WELCOME10
11928,11928,Cash on Delivery,Success,59421.5,2025-11-18 03:00:00,14855.37,NEWUSER
11929,11929,Net Banking,Success,1995.29,2026-08-17 01:00:00,0.0,NEWUSER
11930,11930,UPI,Success,486.33,2025-08-23 00:00:00,0.0,NEWUSER
11931,11931,Cash on Delivery,Success,4926.58,2026-02-10 01:00:00,547.4,
11932,11932,Credit Card,Success,174.11,2025-10-15 04:00:00,0.0,
11933,11933,UPI,Success,946.38,2026-07-27 05:00:00,49.81,
11934,11934,UPI,Success,2725.92,2025-10-03 00:00:00,0.0,WELCOME10
11935,11935,Cash on Delivery,Success,4212.01,2026-01-24 05:00:00,0.0,
11936,11936,Cash on Delivery,Success,1367.63,2026-06-09 01:00:00,71.98,FEST20
11937,11937,Cash on Delivery,Success,56482.45,2025-10-07 04:00:00,0.0,
11938,11938,UPI,Success,8833.18,2025-07-27 05:00:00,0.0,
11939,11939,Debit Card,Refunded,66734.13,2025-06-29 00:00:00,16683.53,NEWUSER
11940,11940,UPI,Success,4287.34,2026-02-09 05:00:00,225.65,
11941,11941,UPI,Success,3481.09,2026-05-21 00:00:00,614.31,
11942,11942,UPI,Success,1291.62,2026-02-13 03:00:00,322.9,FEST20
11943,11943,Credit Card,Success,1126.72,2024-11-02 02:00:00,125.19,
11944,11944,Credit Card,Success,176.36,2025-06-02 02:00:00,0.0,
11945,11945,Net Banking,Success,6483.01,2025-03-12 01:00:00,341.21,
11946,11946,UPI,Success,4432.0,2025-11-26 04:00:00,233.26,FEST20
11947,11947,Credit Card,Success,492.05,2026-03-22 00:00:00,54.67,SAVE15
11948,11948,EMI,Success,10751.54,2026-04-17 02:00:00,1194.62,WELCOME10
11949,11949,Credit Card,Success,7813.77,2025-07-04 02:00:00,0.0,
11950,11950,Credit Card,Success,2110.38,2025-01-28 04:00:00,0.0,
11951,11951,UPI,Success,4789.18,2026-07-02 04:00:00,252.06,NEWUSER
11952,11952,Debit Card,Success,2425.55,2026-04-15 04:00:00,0.0,
11953,11953,UPI,Refunded,7212.13,2025-10-21 04:00:00,379.59,SAVE15
11954,11954,Debit Card,Success,2708.53,2024-04-29 03:00:00,677.13,FEST20
11955,11955,Debit Card,Success,6134.08,2024-10-13 05:00:00,1533.52,NEWUSER
11956,11956,Cash on Delivery,Success,878.37,2025-04-20 01:00:00,155.01,
11957,11957,Cash on Delivery,Success,386.33,2026-01-19 01:00:00,0.0,NEWUSER
11958,11958,Debit Card,Success,1703.65,2025-12-12 05:00:00,89.67,
11959,11959,Credit Card,Success,2720.91,2025-09-06 00:00:00,143.21,NEWUSER
11960,11960,UPI,Success,2946.64,2026-06-07 05:00:00,327.41,WELCOME10
11961,11961,Debit Card,Success,1896.92,2024-11-29 02:00:00,210.77,
11962,11962,Net Banking,Success,10221.85,2026-04-20 05:00:00,0.0,
11963,11963,UPI,Success,231.48,2025-07-18 05:00:00,12.18,SAVE15
11964,11964,Net Banking,Refunded,4376.78,2025-05-18 03:00:00,230.36,WELCOME10
11965,11965,UPI,Success,3960.04,2025-05-20 01:00:00,0.0,
11966,11966,UPI,Success,1351.72,2025-05-23 01:00:00,150.19,SAVE15
11967,11967,UPI,Success,21829.02,2024-05-31 01:00:00,0.0,WELCOME10
11968,11968,UPI,Success,4121.24,2025-12-21 01:00:00,0.0,FEST20
11969,11969,UPI,Success,2468.1,2026-06-30 03:00:00,274.23,FEST20
11970,11970,Debit Card,Success,1187.76,2025-08-16 00:00:00,209.6,
11971,11971,UPI,Success,17356.64,2024-12-29 02:00:00,1928.52,WELCOME10
11972,11972,Debit Card,Success,11803.75,2026-04-10 02:00:00,0.0,
11973,11973,Cash on Delivery,Pending,1249.58,2026-04-24 05:00:00,0.0,
11974,11974,Net Banking,Success,753.91,2025-06-05 03:00:00,133.04,
11975,11975,Cash on Delivery,Success,9584.84,2026-01-10 05:00:00,1691.44,WELCOME10
11976,11976,Credit Card,Refunded,8747.6,2024-07-13 05:00:00,0.0,
11977,11977,Credit Card,Success,2964.21,2026-01-09 04:00:00,156.01,NEWUSER
11978,11978,UPI,Success,123.64,2026-04-11 00:00:00,6.51,WELCOME10
11979,11979,UPI,Success,45375.04,2025-03-18 03:00:00,0.0,NEWUSER
11980,11980,Credit Card,Success,8688.64,2025-07-19 04:00:00,0.0,
11981,11981,Cash on Delivery,Success,1094.99,2025-09-04 01:00:00,57.63,
11982,11982,UPI,Success,6164.61,2024-03-02 05:00:00,324.45,WELCOME10
11983,11983,Credit Card,Success,8260.76,2025-10-15 00:00:00,917.86,WELCOME10
11984,11984,EMI,Success,8202.84,2026-03-24 05:00:00,1447.56,WELCOME10
11985,11985,Cash on Delivery,Success,1419.32,2025-02-24 03:00:00,250.47,
11986,11986,Cash on Delivery,Success,982.42,2026-01-14 02:00:00,0.0,FEST20
11987,11987,UPI,Success,3457.53,2026-01-06 05:00:00,0.0,
11988,11988,Cash on Delivery,Success,2082.76,2026-01-13 02:00:00,367.55,
11989,11989,Debit Card,Success,3824.13,2025-10-24 01:00:00,201.27,FEST20
11990,11990,Credit Card,Success,9326.4,2026-02-23 01:00:00,0.0,SAVE15
11991,11991,Credit Card,Success,295.33,2026-05-19 05:00:00,32.81,SAVE15
11992,11992,UPI,Success,756.54,2025-12-21 00:00:00,84.06,FEST20
11993,11993,Cash on Delivery,Success,4039.78,2026-07-21 02:00:00,448.86,SAVE15
11994,11994,UPI,Success,9521.82,2025-10-22 03:00:00,1680.32,
11995,11995,UPI,Success,88040.2,2025-11-06 02:00:00,0.0,
11996,11996,UPI,Success,57134.98,2026-01-08 04:00:00,0.0,WELCOME10
11997,11997,UPI,Success,3526.25,2026-05-25 02:00:00,391.81,
11998,11998,Credit Card,Refunded,1706.51,2026-02-13 01:00:00,301.15,SAVE15
11999,11999,UPI,Success,2881.0,2026-03-30 01:00:00,0.0,NEWUSER
12000,12000,Net Banking,Success,38202.75,2026-02-06 01:00:00,0.0,
