review_id,order_id,user_id,product_id,rating,review_text,review_date
1,3,76,77,4,"Good product overall, minor issues but satisfied with the purchase.",2024-11-10
2,4,1131,92,5,"Excellent product, exactly as described. Very happy with the purchase.",2024-12-15
3,10,1124,85,1,"Poor quality, does not match the images shown online.",2025-06-14
4,12,456,27,5,Superb quality and fast delivery. Highly recommend to everyone.,2025-05-07
5,13,1794,126,2,"Not satisfied, quality is below expectations.",2025-03-09
6,16,1052,33,4,"Decent product for the price, would recommend with minor caution.",2025-12-22
7,17,1881,95,4,"Nice quality, delivery was a bit delayed but product is good.",2026-01-08
8,18,1448,113,4,"Works well, matches the description. Happy with it.",2025-07-17
9,20,833,24,5,Best in this price range. Will buy again from this brand.,2026-02-01
10,24,1528,109,4,"Good product overall, minor issues but satisfied with the purchase.",2023-11-18
11,25,1514,11,4,"Works well, matches the description. Happy with it.",2025-11-27
12,26,1807,58,3,"Quality is average, packaging could have been better.",2026-01-29
13,28,693,64,2,"Not satisfied, quality is below expectations.",2026-04-23
14,30,807,79,5,Amazing value for money. Packaging was also very good.,2024-12-12
15,32,13,85,3,"Quality is average, packaging could have been better.",2025-10-31
16,33,1480,91,2,"Not satisfied, quality is below expectations.",2024-11-07
17,34,1084,40,3,"Quality is average, packaging could have been better.",2025-08-20
18,35,1576,58,5,Best in this price range. Will buy again from this brand.,2025-11-20
19,38,227,35,3,Product is fine but delivery took longer than expected.,2025-05-18
20,39,329,123,5,Best in this price range. Will buy again from this brand.,2025-11-29
21,40,1002,33,2,"Not satisfied, quality is below expectations.",2025-09-11
22,42,259,129,3,"It's okay, nothing special but does the job.",2024-10-05
23,44,1559,40,4,"Good product overall, minor issues but satisfied with the purchase.",2025-07-23
24,45,236,64,4,"Good product overall, minor issues but satisfied with the purchase.",2026-03-22
25,48,394,110,1,"Very disappointed, product stopped working within days.",2026-04-29
26,50,873,110,4,"Decent product for the price, would recommend with minor caution.",2025-11-30
27,51,575,108,4,"Decent product for the price, would recommend with minor caution.",2026-05-26
28,53,207,126,5,"Excellent product, exactly as described. Very happy with the purchase.",2026-06-08
29,54,28,34,4,"Decent product for the price, would recommend with minor caution.",2025-12-15
30,56,179,34,4,"Decent product for the price, would recommend with minor caution.",2026-04-12
31,57,1984,49,2,"Not worth the price, expected better quality.",2026-04-20
32,58,1929,88,5,Best in this price range. Will buy again from this brand.,2025-09-11
33,59,1093,12,4,"Works well, matches the description. Happy with it.",2026-01-04
34,64,1783,43,4,"Nice quality, delivery was a bit delayed but product is good.",2025-09-18
35,65,800,70,5,Best in this price range. Will buy again from this brand.,2025-05-25
36,66,1213,117,4,"Decent product for the price, would recommend with minor caution.",2025-12-14
37,67,1746,69,5,Superb quality and fast delivery. Highly recommend to everyone.,2024-12-14
38,68,488,38,5,"Excellent product, exactly as described. Very happy with the purchase.",2025-02-28
39,74,528,53,3,"Quality is average, packaging could have been better.",2026-04-06
40,75,1192,102,4,"Nice quality, delivery was a bit delayed but product is good.",2025-11-12
41,79,294,117,3,Product is fine but delivery took longer than expected.,2026-04-12
42,80,1079,4,3,Product is fine but delivery took longer than expected.,2024-09-04
43,81,1693,12,3,"Quality is average, packaging could have been better.",2024-06-04
44,83,1111,87,5,"Excellent product, exactly as described. Very happy with the purchase.",2026-01-16
45,86,211,27,5,"Excellent product, exactly as described. Very happy with the purchase.",2025-09-11
46,87,1869,59,3,"It's okay, nothing special but does the job.",2024-12-19
47,88,463,99,1,"Worst experience, will not order this brand again.",2026-05-04
48,89,1008,58,5,Amazing value for money. Packaging was also very good.,2026-03-18
49,92,308,78,2,"Not worth the price, expected better quality.",2026-04-14
50,93,556,95,5,Superb quality and fast delivery. Highly recommend to everyone.,2026-04-28
51,96,1489,24,5,Best in this price range. Will buy again from this brand.,2025-02-22
52,99,1009,59,5,Superb quality and fast delivery. Highly recommend to everyone.,2025-09-02
53,100,1184,57,5,Superb quality and fast delivery. Highly recommend to everyone.,2026-02-02
54,102,716,36,1,"Received a damaged item, requesting refund immediately.",2026-08-17
55,103,1991,108,5,Amazing value for money. Packaging was also very good.,2026-05-17
56,105,762,19,5,"Excellent product, exactly as described. Very happy with the purchase.",2024-05-03
57,107,853,47,5,"Excellent product, exactly as described. Very happy with the purchase.",2024-09-28
58,108,1944,106,3,"It's okay, nothing special but does the job.",2025-03-10
59,111,931,67,4,"Decent product for the price, would recommend with minor caution.",2026-06-10
60,114,1146,20,4,"Decent product for the price, would recommend with minor caution.",2025-10-19
61,115,1315,98,4,"Good product overall, minor issues but satisfied with the purchase.",2025-06-10
62,117,58,28,5,"Excellent product, exactly as described. Very happy with the purchase.",2025-08-04
63,118,634,9,5,"Excellent product, exactly as described. Very happy with the purchase.",2026-07-16
64,121,801,34,5,Superb quality and fast delivery. Highly recommend to everyone.,2026-01-04
65,123,783,10,5,Best in this price range. Will buy again from this brand.,2025-11-12
66,126,1906,115,4,"Nice quality, delivery was a bit delayed but product is good.",2026-01-25
67,127,1753,11,4,"Decent product for the price, would recommend with minor caution.",2026-05-29
68,130,1634,23,5,Amazing value for money. Packaging was also very good.,2026-02-15
69,131,606,72,3,"Quality is average, packaging could have been better.",2024-10-08
70,132,1456,122,4,"Good product overall, minor issues but satisfied with the purchase.",2026-03-04
71,135,643,106,1,"Received a damaged item, requesting refund immediately.",2025-05-16
72,137,17,75,2,"Product had minor defects, considering a return.",2026-02-07
73,138,457,24,3,"It's okay, nothing special but does the job.",2026-06-12
74,140,813,52,5,Amazing value for money. Packaging was also very good.,2026-01-28
75,141,1238,122,3,Product is fine but delivery took longer than expected.,2025-08-02
76,143,779,93,2,"Product had minor defects, considering a return.",2024-12-01
77,144,434,109,5,Amazing value for money. Packaging was also very good.,2026-03-23
78,145,142,77,5,Amazing value for money. Packaging was also very good.,2025-03-02
79,146,439,67,2,"Not worth the price, expected better quality.",2025-12-09
80,147,878,77,5,Superb quality and fast delivery. Highly recommend to everyone.,2026-03-16
81,149,1169,3,4,"Good product overall, minor issues but satisfied with the purchase.",2025-05-28
82,154,75,108,5,Superb quality and fast delivery. Highly recommend to everyone.,2025-09-07
83,157,1329,106,5,Amazing value for money. Packaging was also very good.,2026-08-13
84,164,401,32,3,"Quality is average, packaging could have been better.",2026-03-16
85,165,1860,102,4,"Decent product for the price, would recommend with minor caution.",2026-02-21
86,166,581,68,2,"Product had minor defects, considering a return.",2025-10-18
87,169,496,50,2,"Product had minor defects, considering a return.",2026-06-20
88,170,1909,33,5,"Excellent product, exactly as described. Very happy with the purchase.",2025-10-04
89,172,1033,101,3,"Quality is average, packaging could have been better.",2024-08-22
90,173,1133,53,3,Product is fine but delivery took longer than expected.,2025-05-18
91,175,1172,34,3,"Average product, expected a bit more for this price.",2025-05-24
92,179,291,47,5,"Excellent product, exactly as described. Very happy with the purchase.",2025-02-16
93,180,1717,26,3,"It's okay, nothing special but does the job.",2024-11-24
94,181,1965,108,2,"Not satisfied, quality is below expectations.",2026-03-19
95,182,1656,3,3,Product is fine but delivery took longer than expected.,2025-12-12
96,183,1751,89,3,"It's okay, nothing special but does the job.",2025-08-07
97,184,325,66,3,"It's okay, nothing special but does the job.",2025-09-05
98,185,48,40,2,"Not worth the price, expected better quality.",2025-08-30
99,186,61,22,3,Product is fine but delivery took longer than expected.,2026-05-19
100,188,1527,112,5,Superb quality and fast delivery. Highly recommend to everyone.,2026-02-25
101,190,1204,53,1,"Received a damaged item, requesting refund immediately.",2025-03-13
102,192,880,91,2,"Not satisfied, quality is below expectations.",2024-11-30
103,195,880,92,4,"Works well, matches the description. Happy with it.",2026-02-15
104,197,438,83,5,Amazing value for money. Packaging was also very good.,2025-07-13
105,199,1654,20,5,"Excellent product, exactly as described. Very happy with the purchase.",2026-03-29
106,200,892,51,4,"Decent product for the price, would recommend with minor caution.",2025-06-09
107,201,563,32,1,"Worst experience, will not order this brand again.",2025-06-08
108,205,1700,78,2,"Not worth the price, expected better quality.",2026-02-14
109,206,1140,127,5,Best in this price range. Will buy again from this brand.,2026-02-07
110,207,931,32,4,"Works well, matches the description. Happy with it.",2026-05-28
111,209,1484,23,5,Superb quality and fast delivery. Highly recommend to everyone.,2026-04-17
112,210,1850,2,2,"Not satisfied, quality is below expectations.",2025-09-10
113,211,1608,13,4,"Good product overall, minor issues but satisfied with the purchase.",2024-03-30
114,212,1255,70,5,Amazing value for money. Packaging was also very good.,2026-03-29
115,214,847,32,3,"It's okay, nothing special but does the job.",2025-11-11
116,215,1004,83,2,"Not worth the price, expected better quality.",2026-06-29
117,216,1570,91,5,Best in this price range. Will buy again from this brand.,2025-08-20
118,217,1506,20,1,"Received a damaged item, requesting refund immediately.",2026-03-22
119,220,316,28,5,Best in this price range. Will buy again from this brand.,2026-03-18
120,221,1997,52,5,Superb quality and fast delivery. Highly recommend to everyone.,2026-01-20
121,222,337,27,5,"Excellent product, exactly as described. Very happy with the purchase.",2026-07-25
122,223,493,48,4,"Decent product for the price, would recommend with minor caution.",2025-07-20
123,224,721,22,5,Best in this price range. Will buy again from this brand.,2025-02-05
124,225,883,14,5,Superb quality and fast delivery. Highly recommend to everyone.,2025-08-21
125,226,784,109,4,"Nice quality, delivery was a bit delayed but product is good.",2026-01-05
126,228,510,57,2,"Not satisfied, quality is below expectations.",2026-06-05
127,229,489,71,2,Delivery was late and product quality is average at best.,2025-02-21
128,230,803,57,3,"Average product, expected a bit more for this price.",2025-05-25
129,231,422,53,1,"Worst experience, will not order this brand again.",2024-10-17
130,233,1747,62,2,Delivery was late and product quality is average at best.,2026-04-16
131,234,681,37,3,"Quality is average, packaging could have been better.",2026-04-22
132,235,43,20,1,"Worst experience, will not order this brand again.",2026-05-09
133,236,722,1,5,Best in this price range. Will buy again from this brand.,2026-06-25
134,237,1678,75,2,"Not worth the price, expected better quality.",2024-01-03
135,238,301,26,1,"Very disappointed, product stopped working within days.",2026-02-06
136,240,1696,86,1,"Received a damaged item, requesting refund immediately.",2026-06-08
137,241,1848,29,5,Amazing value for money. Packaging was also very good.,2026-04-20
138,242,303,57,4,"Good product overall, minor issues but satisfied with the purchase.",2026-06-28
139,243,501,111,5,Superb quality and fast delivery. Highly recommend to everyone.,2025-10-06
140,244,1956,28,5,Amazing value for money. Packaging was also very good.,2025-05-05
141,245,1842,45,2,"Not worth the price, expected better quality.",2026-04-30
142,246,801,71,5,Amazing value for money. Packaging was also very good.,2025-10-18
143,251,253,2,4,"Good product overall, minor issues but satisfied with the purchase.",2025-07-07
144,253,1149,70,4,"Decent product for the price, would recommend with minor caution.",2024-12-18
145,256,619,45,5,Superb quality and fast delivery. Highly recommend to everyone.,2025-10-20
146,263,601,101,5,Amazing value for money. Packaging was also very good.,2026-03-14
147,264,1563,118,4,"Good product overall, minor issues but satisfied with the purchase.",2026-04-06
148,265,1331,25,2,"Not satisfied, quality is below expectations.",2024-12-08
149,266,1771,14,2,"Not worth the price, expected better quality.",2024-08-27
150,267,1981,58,3,"Average product, expected a bit more for this price.",2025-08-08
151,269,138,31,3,"Average product, expected a bit more for this price.",2024-01-04
152,270,51,114,3,"Quality is average, packaging could have been better.",2026-03-17
153,276,581,100,4,"Works well, matches the description. Happy with it.",2025-10-05
154,278,959,118,5,Amazing value for money. Packaging was also very good.,2026-04-02
155,279,1753,54,5,"Excellent product, exactly as described. Very happy with the purchase.",2026-03-20
156,280,129,39,4,"Nice quality, delivery was a bit delayed but product is good.",2024-10-29
157,281,1465,36,1,"Received a damaged item, requesting refund immediately.",2026-03-27
158,282,807,124,3,"It's okay, nothing special but does the job.",2024-10-08
159,285,475,128,2,Delivery was late and product quality is average at best.,2025-04-07
160,286,1581,61,3,"Quality is average, packaging could have been better.",2026-02-27
161,287,787,108,5,Best in this price range. Will buy again from this brand.,2026-01-31
162,288,77,19,3,"It's okay, nothing special but does the job.",2026-03-17
163,290,1176,51,5,Amazing value for money. Packaging was also very good.,2025-09-22
164,297,473,85,3,"Average product, expected a bit more for this price.",2025-09-25
165,299,154,62,3,"It's okay, nothing special but does the job.",2025-09-08
166,301,1338,87,1,"Poor quality, does not match the images shown online.",2024-02-20
167,302,122,85,1,"Worst experience, will not order this brand again.",2024-09-18
168,303,483,10,3,"Average product, expected a bit more for this price.",2025-08-06
169,304,1515,21,3,"Average product, expected a bit more for this price.",2025-10-31
170,306,622,59,5,Best in this price range. Will buy again from this brand.,2026-02-07
171,308,107,97,4,"Good product overall, minor issues but satisfied with the purchase.",2025-05-21
172,309,283,31,4,"Nice quality, delivery was a bit delayed but product is good.",2024-08-07
173,312,1665,33,4,"Decent product for the price, would recommend with minor caution.",2024-07-14
174,314,1345,65,4,"Nice quality, delivery was a bit delayed but product is good.",2024-06-07
175,315,1666,57,4,"Works well, matches the description. Happy with it.",2025-04-20
176,318,573,36,4,"Decent product for the price, would recommend with minor caution.",2024-06-01
177,320,1566,6,3,"It's okay, nothing special but does the job.",2025-08-16
178,322,39,114,4,"Good product overall, minor issues but satisfied with the purchase.",2026-08-17
179,325,1211,88,1,"Very disappointed, product stopped working within days.",2026-07-27
180,327,1910,119,4,"Nice quality, delivery was a bit delayed but product is good.",2026-08-14
181,329,32,71,5,Best in this price range. Will buy again from this brand.,2025-02-17
182,331,1660,4,5,Amazing value for money. Packaging was also very good.,2026-02-06
183,332,542,114,3,"Average product, expected a bit more for this price.",2026-03-21
184,333,1979,56,4,"Nice quality, delivery was a bit delayed but product is good.",2025-04-29
185,335,1612,127,4,"Decent product for the price, would recommend with minor caution.",2025-02-10
186,336,1266,60,5,"Excellent product, exactly as described. Very happy with the purchase.",2025-11-29
187,342,687,96,1,"Poor quality, does not match the images shown online.",2026-06-23
188,343,329,75,4,"Decent product for the price, would recommend with minor caution.",2025-05-14
189,344,1248,81,3,"Average product, expected a bit more for this price.",2024-12-05
190,345,1191,56,2,"Not satisfied, quality is below expectations.",2026-01-04
191,347,1158,108,1,"Worst experience, will not order this brand again.",2026-01-27
192,350,1420,105,3,Product is fine but delivery took longer than expected.,2025-09-04
193,352,1167,63,4,"Good product overall, minor issues but satisfied with the purchase.",2026-04-26
194,353,283,74,3,"Average product, expected a bit more for this price.",2025-10-28
195,355,1795,43,1,"Received a damaged item, requesting refund immediately.",2025-07-10
196,361,1552,35,5,Superb quality and fast delivery. Highly recommend to everyone.,2025-07-17
197,362,1680,22,5,Superb quality and fast delivery. Highly recommend to everyone.,2026-05-23
198,364,573,25,4,"Decent product for the price, would recommend with minor caution.",2026-05-19
199,367,644,43,3,Product is fine but delivery took longer than expected.,2025-01-25
200,369,1365,25,5,Superb quality and fast delivery. Highly recommend to everyone.,2025-02-10
201,370,57,50,3,"It's okay, nothing special but does the job.",2026-06-05
202,373,1771,72,4,"Good product overall, minor issues but satisfied with the purchase.",2024-09-16
203,377,1283,3,1,"Poor quality, does not match the images shown online.",2026-02-09
204,379,1018,51,3,Product is fine but delivery took longer than expected.,2025-02-12
205,383,1369,101,4,"Nice quality, delivery was a bit delayed but product is good.",2026-03-28
206,384,449,74,5,"Excellent product, exactly as described. Very happy with the purchase.",2026-06-02
207,385,871,119,3,"Average product, expected a bit more for this price.",2024-08-16
208,386,816,124,1,"Very disappointed, product stopped working within days.",2025-12-31
209,395,847,64,2,Delivery was late and product quality is average at best.,2025-05-07
210,396,1926,129,3,Product is fine but delivery took longer than expected.,2025-09-03
211,398,774,34,2,Delivery was late and product quality is average at best.,2025-11-26
212,399,157,107,1,"Poor quality, does not match the images shown online.",2024-09-27
213,400,1883,101,4,"Good product overall, minor issues but satisfied with the purchase.",2024-09-29
214,403,1149,73,4,"Works well, matches the description. Happy with it.",2025-02-11
215,405,927,7,3,"It's okay, nothing special but does the job.",2024-12-31
216,407,1149,126,3,"It's okay, nothing special but does the job.",2025-01-14
217,409,1517,39,5,"Excellent product, exactly as described. Very happy with the purchase.",2025-04-07
218,410,1785,54,3,"Quality is average, packaging could have been better.",2025-02-18
219,411,642,61,4,"Good product overall, minor issues but satisfied with the purchase.",2026-06-01
220,414,1782,10,1,"Very disappointed, product stopped working within days.",2026-06-24
221,415,1075,108,5,Superb quality and fast delivery. Highly recommend to everyone.,2025-08-02
222,417,1332,53,5,Superb quality and fast delivery. Highly recommend to everyone.,2026-01-18
223,418,1239,119,4,"Decent product for the price, would recommend with minor caution.",2025-01-22
224,419,1746,43,3,Product is fine but delivery took longer than expected.,2026-05-11
225,421,385,25,3,"It's okay, nothing special but does the job.",2024-11-17
226,422,960,18,3,"Quality is average, packaging could have been better.",2025-10-11
227,426,366,27,5,Amazing value for money. Packaging was also very good.,2025-01-27
228,427,785,71,4,"Nice quality, delivery was a bit delayed but product is good.",2026-03-04
229,428,1863,44,2,"Not satisfied, quality is below expectations.",2025-07-31
230,429,1904,38,5,Superb quality and fast delivery. Highly recommend to everyone.,2026-02-14
231,431,967,129,3,Product is fine but delivery took longer than expected.,2025-04-01
232,432,1585,122,3,Product is fine but delivery took longer than expected.,2025-05-28
233,435,1404,112,1,"Received a damaged item, requesting refund immediately.",2024-08-23
234,436,1752,89,3,Product is fine but delivery took longer than expected.,2025-07-24
235,438,402,50,1,"Received a damaged item, requesting refund immediately.",2025-06-26
236,439,756,129,4,"Good product overall, minor issues but satisfied with the purchase.",2026-04-28
237,440,564,102,2,"Not satisfied, quality is below expectations.",2025-11-11
238,448,1372,50,4,"Decent product for the price, would recommend with minor caution.",2024-05-06
239,449,172,71,5,Best in this price range. Will buy again from this brand.,2026-08-17
240,450,1302,1,4,"Decent product for the price, would recommend with minor caution.",2026-01-23
241,451,955,23,3,"It's okay, nothing special but does the job.",2025-10-04
242,453,347,56,2,"Not satisfied, quality is below expectations.",2026-02-13
243,455,777,46,3,"Quality is average, packaging could have been better.",2025-12-24
244,463,1155,9,4,"Works well, matches the description. Happy with it.",2025-05-20
245,464,1846,108,2,"Not worth the price, expected better quality.",2023-12-04
246,465,384,79,4,"Good product overall, minor issues but satisfied with the purchase.",2026-04-23
247,466,900,112,5,Best in this price range. Will buy again from this brand.,2026-04-22
248,472,2,52,1,"Very disappointed, product stopped working within days.",2025-11-27
249,473,484,112,2,"Not worth the price, expected better quality.",2026-03-22
250,474,1732,2,5,Amazing value for money. Packaging was also very good.,2026-02-04
251,477,819,73,3,"Quality is average, packaging could have been better.",2026-02-05
252,480,1686,102,2,"Not worth the price, expected better quality.",2024-04-12
253,483,1956,42,4,"Good product overall, minor issues but satisfied with the purchase.",2025-06-18
254,485,330,99,3,"Average product, expected a bit more for this price.",2025-03-23
255,487,1237,116,4,"Works well, matches the description. Happy with it.",2026-02-20
256,488,1729,29,4,"Nice quality, delivery was a bit delayed but product is good.",2026-03-17
257,490,1209,117,3,"Average product, expected a bit more for this price.",2025-07-02
258,492,692,7,5,Superb quality and fast delivery. Highly recommend to everyone.,2026-02-12
259,493,36,77,2,"Product had minor defects, considering a return.",2025-07-12
260,494,75,102,5,"Excellent product, exactly as described. Very happy with the purchase.",2025-09-05
261,502,563,48,4,"Good product overall, minor issues but satisfied with the purchase.",2026-01-25
262,506,1248,108,4,"Works well, matches the description. Happy with it.",2026-03-11
263,507,1905,88,4,"Nice quality, delivery was a bit delayed but product is good.",2025-09-25
264,508,947,128,1,"Very disappointed, product stopped working within days.",2026-03-22
265,509,524,21,5,Amazing value for money. Packaging was also very good.,2025-06-02
266,510,426,95,3,"It's okay, nothing special but does the job.",2026-01-13
267,515,1127,56,4,"Good product overall, minor issues but satisfied with the purchase.",2025-11-24
268,516,744,82,3,"It's okay, nothing special but does the job.",2026-02-16
269,517,828,119,5,Superb quality and fast delivery. Highly recommend to everyone.,2025-08-07
270,518,1789,1,5,Superb quality and fast delivery. Highly recommend to everyone.,2025-05-07
271,521,1228,105,5,"Excellent product, exactly as described. Very happy with the purchase.",2025-10-09
272,522,1166,24,4,"Decent product for the price, would recommend with minor caution.",2025-11-06
273,523,1618,50,3,Product is fine but delivery took longer than expected.,2026-04-14
274,524,1792,121,4,"Good product overall, minor issues but satisfied with the purchase.",2025-01-01
275,525,601,53,1,"Worst experience, will not order this brand again.",2026-02-24
276,526,909,46,3,"Average product, expected a bit more for this price.",2026-07-20
277,527,1238,41,3,"Quality is average, packaging could have been better.",2026-03-13
278,530,1244,7,4,"Good product overall, minor issues but satisfied with the purchase.",2025-11-15
279,531,1663,11,3,"Quality is average, packaging could have been better.",2026-07-21
280,532,1331,32,3,"Average product, expected a bit more for this price.",2025-07-01
281,533,1188,29,4,"Works well, matches the description. Happy with it.",2026-01-25
282,534,291,124,4,"Nice quality, delivery was a bit delayed but product is good.",2026-04-29
283,537,1560,74,5,Superb quality and fast delivery. Highly recommend to everyone.,2026-07-08
284,538,1462,41,5,"Excellent product, exactly as described. Very happy with the purchase.",2026-06-01
285,540,1305,55,3,"It's okay, nothing special but does the job.",2024-12-31
286,542,1319,129,1,"Poor quality, does not match the images shown online.",2024-09-30
287,543,994,124,4,"Works well, matches the description. Happy with it.",2025-11-23
288,544,1940,80,2,"Not satisfied, quality is below expectations.",2025-08-24
289,546,1857,59,4,"Decent product for the price, would recommend with minor caution.",2023-12-19
290,548,1102,15,5,Amazing value for money. Packaging was also very good.,2026-03-28
291,551,131,34,5,Best in this price range. Will buy again from this brand.,2026-04-13
292,553,654,19,3,Product is fine but delivery took longer than expected.,2026-02-10
293,554,405,56,5,Amazing value for money. Packaging was also very good.,2024-09-01
294,556,1207,117,2,"Not satisfied, quality is below expectations.",2026-02-26
295,558,1322,64,4,"Good product overall, minor issues but satisfied with the purchase.",2025-03-11
296,560,964,17,1,"Worst experience, will not order this brand again.",2025-12-16
297,561,1766,47,4,"Works well, matches the description. Happy with it.",2025-07-07
298,563,1900,40,5,Superb quality and fast delivery. Highly recommend to everyone.,2025-10-23
299,564,352,41,4,"Good product overall, minor issues but satisfied with the purchase.",2026-04-12
300,570,765,98,4,"Nice quality, delivery was a bit delayed but product is good.",2026-02-03
301,571,441,71,5,Amazing value for money. Packaging was also very good.,2026-08-12
302,573,799,125,5,Best in this price range. Will buy again from this brand.,2025-12-21
303,577,672,67,5,Best in this price range. Will buy again from this brand.,2025-10-07
304,578,288,18,5,Amazing value for money. Packaging was also very good.,2026-01-24
305,579,1961,115,1,"Worst experience, will not order this brand again.",2026-03-20
306,580,467,86,1,"Worst experience, will not order this brand again.",2025-07-09
307,583,765,9,3,"Average product, expected a bit more for this price.",2026-02-06
308,584,1104,86,5,"Excellent product, exactly as described. Very happy with the purchase.",2025-08-06
309,586,180,120,5,Amazing value for money. Packaging was also very good.,2025-10-04
310,588,312,19,5,Superb quality and fast delivery. Highly recommend to everyone.,2025-11-21
311,590,1278,5,5,Amazing value for money. Packaging was also very good.,2026-03-13
312,596,478,56,2,Delivery was late and product quality is average at best.,2026-05-17
313,597,1935,97,2,"Not satisfied, quality is below expectations.",2025-06-29
314,598,428,115,2,Delivery was late and product quality is average at best.,2025-05-17
315,599,1209,24,3,Product is fine but delivery took longer than expected.,2026-02-25
316,600,1058,54,3,Product is fine but delivery took longer than expected.,2024-12-07
317,602,737,29,4,"Nice quality, delivery was a bit delayed but product is good.",2025-07-22
318,604,890,77,1,"Received a damaged item, requesting refund immediately.",2026-05-23
319,605,1660,121,5,Superb quality and fast delivery. Highly recommend to everyone.,2025-05-20
320,609,354,39,5,Amazing value for money. Packaging was also very good.,2024-11-02
321,610,1801,42,3,Product is fine but delivery took longer than expected.,2026-05-02
322,612,59,9,2,Delivery was late and product quality is average at best.,2026-04-03
323,615,1754,113,3,Product is fine but delivery took longer than expected.,2026-04-19
324,617,1257,25,1,"Received a damaged item, requesting refund immediately.",2025-12-09
325,619,1523,104,3,"Average product, expected a bit more for this price.",2024-07-03
326,620,514,78,5,Best in this price range. Will buy again from this brand.,2025-12-17
327,621,1065,69,4,"Nice quality, delivery was a bit delayed but product is good.",2025-09-02
328,622,1355,9,5,Superb quality and fast delivery. Highly recommend to everyone.,2024-12-29
329,624,488,83,2,"Not satisfied, quality is below expectations.",2024-10-13
330,625,385,104,5,Amazing value for money. Packaging was also very good.,2025-11-09
331,626,1118,72,2,"Not satisfied, quality is below expectations.",2025-07-03
332,627,1828,88,5,Amazing value for money. Packaging was also very good.,2024-11-09
333,630,247,33,4,"Nice quality, delivery was a bit delayed but product is good.",2026-01-14
334,632,400,57,3,"Quality is average, packaging could have been better.",2024-11-02
335,633,1077,13,3,Product is fine but delivery took longer than expected.,2026-08-17
336,637,608,108,1,"Poor quality, does not match the images shown online.",2026-01-08
337,638,1922,65,5,Superb quality and fast delivery. Highly recommend to everyone.,2026-02-18
338,639,1503,18,3,"It's okay, nothing special but does the job.",2026-07-29
339,641,1212,90,4,"Nice quality, delivery was a bit delayed but product is good.",2024-11-19
340,642,1829,39,4,"Good product overall, minor issues but satisfied with the purchase.",2025-06-02
341,645,315,88,5,Amazing value for money. Packaging was also very good.,2024-10-22
342,646,1717,29,5,"Excellent product, exactly as described. Very happy with the purchase.",2026-04-08
343,647,1454,125,3,Product is fine but delivery took longer than expected.,2026-08-17
344,648,1499,93,5,"Excellent product, exactly as described. Very happy with the purchase.",2025-10-21
345,649,1437,108,3,"Average product, expected a bit more for this price.",2026-06-15
346,650,1726,71,5,Best in this price range. Will buy again from this brand.,2025-12-30
347,653,1600,125,4,"Good product overall, minor issues but satisfied with the purchase.",2026-03-03
348,655,1317,25,4,"Good product overall, minor issues but satisfied with the purchase.",2026-05-27
349,656,1378,108,4,"Good product overall, minor issues but satisfied with the purchase.",2026-06-14
350,658,1666,111,5,Best in this price range. Will buy again from this brand.,2026-02-23
351,660,1494,65,3,Product is fine but delivery took longer than expected.,2025-12-29
352,661,1978,115,4,"Works well, matches the description. Happy with it.",2025-01-18
353,663,660,90,5,Superb quality and fast delivery. Highly recommend to everyone.,2026-01-12
354,666,1754,90,4,"Works well, matches the description. Happy with it.",2025-12-24
355,667,327,83,3,Product is fine but delivery took longer than expected.,2026-06-08
356,668,1037,76,5,Superb quality and fast delivery. Highly recommend to everyone.,2025-12-28
357,669,1425,24,3,"It's okay, nothing special but does the job.",2024-06-07
358,671,1887,76,4,"Good product overall, minor issues but satisfied with the purchase.",2025-05-17
359,674,443,63,1,"Received a damaged item, requesting refund immediately.",2025-03-16
360,678,656,20,1,"Worst experience, will not order this brand again.",2025-09-07
361,681,714,58,5,Superb quality and fast delivery. Highly recommend to everyone.,2026-01-02
362,683,919,89,4,"Decent product for the price, would recommend with minor caution.",2026-08-01
363,692,197,111,1,"Poor quality, does not match the images shown online.",2025-05-04
364,693,823,90,5,Superb quality and fast delivery. Highly recommend to everyone.,2024-11-16
365,695,1399,44,5,Best in this price range. Will buy again from this brand.,2025-04-29
366,697,143,128,3,"Quality is average, packaging could have been better.",2026-06-29
367,698,1787,96,3,"Average product, expected a bit more for this price.",2026-01-29
368,699,1802,39,5,Best in this price range. Will buy again from this brand.,2026-07-31
369,700,1916,31,2,Delivery was late and product quality is average at best.,2026-01-28
370,702,1256,117,5,Superb quality and fast delivery. Highly recommend to everyone.,2026-05-01
371,707,278,75,4,"Nice quality, delivery was a bit delayed but product is good.",2026-01-21
372,708,169,126,1,"Worst experience, will not order this brand again.",2025-08-04
373,710,86,79,4,"Nice quality, delivery was a bit delayed but product is good.",2026-03-28
374,712,386,14,4,"Decent product for the price, would recommend with minor caution.",2025-04-19
375,713,1042,46,4,"Nice quality, delivery was a bit delayed but product is good.",2025-08-22
376,714,440,48,3,"Average product, expected a bit more for this price.",2024-11-21
377,715,417,4,1,"Poor quality, does not match the images shown online.",2025-08-03
378,719,1394,80,5,Best in this price range. Will buy again from this brand.,2025-10-02
379,720,559,3,4,"Nice quality, delivery was a bit delayed but product is good.",2025-06-08
380,721,1846,125,4,"Works well, matches the description. Happy with it.",2024-11-18
381,723,237,126,4,"Decent product for the price, would recommend with minor caution.",2025-05-25
382,724,1516,102,2,Delivery was late and product quality is average at best.,2025-01-17
383,728,496,113,5,Best in this price range. Will buy again from this brand.,2026-06-16
384,729,1358,49,4,"Decent product for the price, would recommend with minor caution.",2026-05-08
385,730,30,88,5,"Excellent product, exactly as described. Very happy with the purchase.",2026-05-28
386,734,117,105,3,"It's okay, nothing special but does the job.",2026-01-29
387,735,1483,95,4,"Decent product for the price, would recommend with minor caution.",2026-05-07
388,736,13,15,2,"Not satisfied, quality is below expectations.",2025-05-19
389,738,1866,99,3,"Quality is average, packaging could have been better.",2025-08-03
390,740,1883,117,1,"Very disappointed, product stopped working within days.",2026-04-23
391,741,1305,100,3,"It's okay, nothing special but does the job.",2026-01-04
392,742,43,37,3,Product is fine but delivery took longer than expected.,2026-05-11
393,744,863,118,5,Superb quality and fast delivery. Highly recommend to everyone.,2026-04-10
394,745,745,103,4,"Decent product for the price, would recommend with minor caution.",2025-04-15
395,746,1460,94,4,"Decent product for the price, would recommend with minor caution.",2026-02-08
396,747,837,79,4,"Decent product for the price, would recommend with minor caution.",2025-05-13
397,748,1336,106,5,"Excellent product, exactly as described. Very happy with the purchase.",2025-09-23
398,749,321,111,5,Amazing value for money. Packaging was also very good.,2025-11-23
399,750,791,70,5,Amazing value for money. Packaging was also very good.,2026-08-17
400,751,1314,51,3,"It's okay, nothing special but does the job.",2025-06-07
401,752,1513,125,4,"Decent product for the price, would recommend with minor caution.",2026-08-17
402,753,1506,25,3,Product is fine but delivery took longer than expected.,2025-12-11
403,754,1766,85,1,"Poor quality, does not match the images shown online.",2026-04-03
404,756,647,115,4,"Nice quality, delivery was a bit delayed but product is good.",2026-06-30
405,757,208,41,4,"Nice quality, delivery was a bit delayed but product is good.",2026-02-19
406,759,576,64,3,"Quality is average, packaging could have been better.",2025-12-15
407,760,912,35,4,"Works well, matches the description. Happy with it.",2026-02-10
408,767,1066,7,3,"Average product, expected a bit more for this price.",2026-04-19
409,771,1853,100,3,Product is fine but delivery took longer than expected.,2025-07-28
410,774,1376,82,4,"Decent product for the price, would recommend with minor caution.",2024-06-19
411,775,264,28,3,"Quality is average, packaging could have been better.",2026-02-16
412,777,1653,19,1,"Poor quality, does not match the images shown online.",2026-04-26
413,778,944,28,4,"Good product overall, minor issues but satisfied with the purchase.",2026-08-17
414,780,887,60,4,"Good product overall, minor issues but satisfied with the purchase.",2026-02-18
415,781,1281,122,5,Best in this price range. Will buy again from this brand.,2025-08-31
416,782,1447,16,4,"Good product overall, minor issues but satisfied with the purchase.",2026-04-20
417,786,494,65,4,"Works well, matches the description. Happy with it.",2025-09-09
418,787,1012,16,5,Superb quality and fast delivery. Highly recommend to everyone.,2026-06-06
419,788,1566,115,5,Best in this price range. Will buy again from this brand.,2026-04-12
420,793,1631,104,2,Delivery was late and product quality is average at best.,2026-03-15
421,796,1356,39,2,"Not satisfied, quality is below expectations.",2026-04-18
422,797,802,87,4,"Decent product for the price, would recommend with minor caution.",2025-10-05
423,798,1700,72,4,"Works well, matches the description. Happy with it.",2026-05-31
424,801,1013,107,5,"Excellent product, exactly as described. Very happy with the purchase.",2026-02-14
425,802,694,110,4,"Nice quality, delivery was a bit delayed but product is good.",2026-08-17
426,803,699,33,3,"Quality is average, packaging could have been better.",2026-01-01
427,805,1849,122,5,Amazing value for money. Packaging was also very good.,2025-03-14
428,806,679,33,3,Product is fine but delivery took longer than expected.,2025-12-18
429,808,1824,25,3,"Average product, expected a bit more for this price.",2024-12-04
430,812,1605,82,1,"Very disappointed, product stopped working within days.",2025-02-09
431,813,410,49,5,"Excellent product, exactly as described. Very happy with the purchase.",2026-03-01
432,814,1503,50,3,"Average product, expected a bit more for this price.",2026-07-15
433,815,771,3,1,"Poor quality, does not match the images shown online.",2025-06-16
434,816,60,108,2,Delivery was late and product quality is average at best.,2025-12-03
435,818,221,117,2,"Not worth the price, expected better quality.",2026-05-26
436,819,334,83,1,"Worst experience, will not order this brand again.",2025-10-15
437,820,1132,81,5,Best in this price range. Will buy again from this brand.,2026-03-13
438,822,1319,11,5,Amazing value for money. Packaging was also very good.,2025-02-12
439,823,271,18,5,Amazing value for money. Packaging was also very good.,2026-08-17
440,824,1462,93,2,"Not worth the price, expected better quality.",2026-06-04
441,825,1538,103,5,Amazing value for money. Packaging was also very good.,2024-05-21
442,827,1867,62,3,Product is fine but delivery took longer than expected.,2026-06-08
443,832,1438,95,5,Amazing value for money. Packaging was also very good.,2024-06-16
444,833,312,73,1,"Very disappointed, product stopped working within days.",2025-09-09
445,834,1710,66,5,"Excellent product, exactly as described. Very happy with the purchase.",2024-11-30
446,836,1049,48,5,Amazing value for money. Packaging was also very good.,2026-03-27
447,837,1911,52,5,Amazing value for money. Packaging was also very good.,2026-04-02
448,839,1161,65,3,"Average product, expected a bit more for this price.",2026-04-10
449,840,1699,86,4,"Good product overall, minor issues but satisfied with the purchase.",2024-11-11
450,841,671,101,2,"Product had minor defects, considering a return.",2025-07-22
451,844,782,41,5,Superb quality and fast delivery. Highly recommend to everyone.,2025-12-31
452,849,933,70,2,"Not satisfied, quality is below expectations.",2026-03-28
453,850,1498,56,2,"Not worth the price, expected better quality.",2025-12-18
454,851,1019,120,2,Delivery was late and product quality is average at best.,2025-06-28
455,852,91,72,3,"Quality is average, packaging could have been better.",2025-11-22
456,853,548,49,2,"Not satisfied, quality is below expectations.",2025-07-30
457,858,712,38,4,"Works well, matches the description. Happy with it.",2026-01-27
458,859,1111,111,5,"Excellent product, exactly as described. Very happy with the purchase.",2025-09-21
459,863,812,108,5,"Excellent product, exactly as described. Very happy with the purchase.",2024-06-10
460,864,1065,66,2,"Not satisfied, quality is below expectations.",2024-12-29
461,870,1110,49,2,Delivery was late and product quality is average at best.,2026-04-20
462,871,381,19,4,"Good product overall, minor issues but satisfied with the purchase.",2026-02-27
463,873,768,110,4,"Good product overall, minor issues but satisfied with the purchase.",2024-11-25
464,875,970,99,4,"Works well, matches the description. Happy with it.",2026-04-01
465,877,779,23,2,"Not worth the price, expected better quality.",2024-11-21
466,878,1484,25,4,"Nice quality, delivery was a bit delayed but product is good.",2026-05-10
467,879,962,116,4,"Works well, matches the description. Happy with it.",2025-11-02
468,881,949,100,3,"Average product, expected a bit more for this price.",2025-02-14
469,884,158,125,4,"Works well, matches the description. Happy with it.",2024-11-20
470,885,1340,97,5,Amazing value for money. Packaging was also very good.,2026-04-24
471,886,1399,127,3,"Average product, expected a bit more for this price.",2025-10-08
472,887,1868,36,3,"Average product, expected a bit more for this price.",2026-02-19
473,889,1839,28,3,Product is fine but delivery took longer than expected.,2025-12-20
474,890,1438,17,3,Product is fine but delivery took longer than expected.,2025-06-22
475,892,332,51,3,"It's okay, nothing special but does the job.",2026-07-28
476,895,231,3,5,Amazing value for money. Packaging was also very good.,2026-08-17
477,896,500,55,4,"Nice quality, delivery was a bit delayed but product is good.",2026-03-26
478,898,1764,19,4,"Works well, matches the description. Happy with it.",2026-05-26
479,899,1720,58,2,"Product had minor defects, considering a return.",2025-10-30
480,901,801,58,1,"Received a damaged item, requesting refund immediately.",2025-07-14
481,902,1619,105,5,Amazing value for money. Packaging was also very good.,2025-08-20
482,903,1227,20,3,"Average product, expected a bit more for this price.",2026-04-09
483,907,1410,36,4,"Nice quality, delivery was a bit delayed but product is good.",2025-10-14
484,908,702,17,4,"Good product overall, minor issues but satisfied with the purchase.",2025-09-12
485,909,592,59,2,Delivery was late and product quality is average at best.,2025-10-15
486,910,1160,50,5,Amazing value for money. Packaging was also very good.,2026-06-29
487,911,541,49,2,Delivery was late and product quality is average at best.,2025-10-20
488,912,1577,49,3,"It's okay, nothing special but does the job.",2025-12-14
489,915,504,70,4,"Works well, matches the description. Happy with it.",2025-05-17
490,916,522,65,5,Best in this price range. Will buy again from this brand.,2025-10-29
491,918,1196,108,1,"Received a damaged item, requesting refund immediately.",2026-03-01
492,919,1003,122,3,Product is fine but delivery took longer than expected.,2025-10-12
493,920,252,14,4,"Nice quality, delivery was a bit delayed but product is good.",2026-05-03
494,921,1097,25,2,Delivery was late and product quality is average at best.,2025-01-30
495,923,568,62,4,"Works well, matches the description. Happy with it.",2025-02-10
496,925,649,44,5,Best in this price range. Will buy again from this brand.,2026-01-30
497,927,553,25,3,Product is fine but delivery took longer than expected.,2026-04-27
498,928,1249,57,5,Superb quality and fast delivery. Highly recommend to everyone.,2025-03-22
499,930,837,114,2,"Not satisfied, quality is below expectations.",2026-01-06
500,931,1538,70,3,"It's okay, nothing special but does the job.",2025-05-18
501,932,1793,83,2,"Not worth the price, expected better quality.",2025-08-25
502,936,1406,63,4,"Decent product for the price, would recommend with minor caution.",2026-05-16
503,937,45,89,5,Superb quality and fast delivery. Highly recommend to everyone.,2025-05-27
504,939,1867,123,5,"Excellent product, exactly as described. Very happy with the purchase.",2026-08-12
505,941,1558,41,4,"Decent product for the price, would recommend with minor caution.",2026-06-13
506,942,163,116,4,"Nice quality, delivery was a bit delayed but product is good.",2025-10-01
507,943,1784,105,4,"Nice quality, delivery was a bit delayed but product is good.",2026-08-17
508,944,189,46,5,"Excellent product, exactly as described. Very happy with the purchase.",2025-11-08
509,947,367,48,2,"Not satisfied, quality is below expectations.",2024-09-23
510,949,343,34,3,"Quality is average, packaging could have been better.",2025-04-11
511,950,1604,63,4,"Good product overall, minor issues but satisfied with the purchase.",2025-02-09
512,951,332,11,2,"Not worth the price, expected better quality.",2026-08-10
513,952,944,102,2,Delivery was late and product quality is average at best.,2026-08-17
514,956,784,7,2,"Product had minor defects, considering a return.",2026-01-08
515,958,287,78,2,"Product had minor defects, considering a return.",2025-11-17
516,960,949,14,4,"Works well, matches the description. Happy with it.",2024-09-04
517,962,888,91,4,"Good product overall, minor issues but satisfied with the purchase.",2025-08-14
518,964,340,38,5,"Excellent product, exactly as described. Very happy with the purchase.",2026-03-29
519,966,943,84,3,Product is fine but delivery took longer than expected.,2025-04-13
520,967,253,125,3,"It's okay, nothing special but does the job.",2026-04-16
521,969,677,113,2,"Not worth the price, expected better quality.",2025-12-05
522,970,1561,24,4,"Nice quality, delivery was a bit delayed but product is good.",2026-04-26
523,974,136,43,2,"Product had minor defects, considering a return.",2024-12-21
524,976,1144,85,4,"Nice quality, delivery was a bit delayed but product is good.",2025-09-13
525,979,1484,14,1,"Poor quality, does not match the images shown online.",2026-07-25
526,981,951,26,4,"Decent product for the price, would recommend with minor caution.",2026-04-15
527,982,819,85,3,"Quality is average, packaging could have been better.",2025-06-12
528,984,832,40,5,Amazing value for money. Packaging was also very good.,2026-03-04
529,987,327,97,3,"It's okay, nothing special but does the job.",2025-10-22
530,989,1655,39,4,"Decent product for the price, would recommend with minor caution.",2025-12-19
531,991,1365,11,3,"Average product, expected a bit more for this price.",2025-10-07
532,992,1194,11,2,"Not worth the price, expected better quality.",2024-06-11
533,995,323,25,4,"Decent product for the price, would recommend with minor caution.",2025-11-17
534,996,806,42,2,"Product had minor defects, considering a return.",2026-03-29
535,998,1735,84,4,"Nice quality, delivery was a bit delayed but product is good.",2025-03-10
536,999,76,31,3,Product is fine but delivery took longer than expected.,2024-11-23
537,1000,1481,86,1,"Very disappointed, product stopped working within days.",2024-12-01
538,1004,1606,83,5,"Excellent product, exactly as described. Very happy with the purchase.",2025-12-24
539,1006,852,86,5,Amazing value for money. Packaging was also very good.,2024-06-30
540,1007,1237,72,3,"Average product, expected a bit more for this price.",2025-08-13
541,1008,1579,88,5,Best in this price range. Will buy again from this brand.,2025-04-04
542,1009,989,129,4,"Nice quality, delivery was a bit delayed but product is good.",2026-01-27
543,1012,932,75,2,"Not worth the price, expected better quality.",2026-06-14
544,1015,543,10,3,Product is fine but delivery took longer than expected.,2025-03-01
545,1019,1311,14,5,Amazing value for money. Packaging was also very good.,2026-02-13
546,1020,1132,61,2,"Not worth the price, expected better quality.",2026-03-05
547,1022,503,6,3,"Quality is average, packaging could have been better.",2026-05-26
548,1024,336,74,5,"Excellent product, exactly as described. Very happy with the purchase.",2025-04-25
549,1025,141,32,5,"Excellent product, exactly as described. Very happy with the purchase.",2026-07-22
550,1027,249,120,5,Amazing value for money. Packaging was also very good.,2025-08-08
551,1028,1609,24,5,Best in this price range. Will buy again from this brand.,2024-12-19
552,1032,886,104,4,"Nice quality, delivery was a bit delayed but product is good.",2024-11-19
553,1034,1913,127,4,"Decent product for the price, would recommend with minor caution.",2026-05-05
554,1035,756,10,4,"Works well, matches the description. Happy with it.",2025-09-14
555,1038,239,122,1,"Received a damaged item, requesting refund immediately.",2025-10-23
556,1039,698,9,4,"Good product overall, minor issues but satisfied with the purchase.",2024-08-22
557,1043,1021,77,3,"Quality is average, packaging could have been better.",2025-03-22
558,1047,1546,21,4,"Good product overall, minor issues but satisfied with the purchase.",2026-03-18
559,1050,281,2,4,"Works well, matches the description. Happy with it.",2024-05-31
560,1051,740,28,4,"Works well, matches the description. Happy with it.",2025-06-07
561,1052,1627,86,4,"Nice quality, delivery was a bit delayed but product is good.",2025-01-10
562,1053,1775,5,4,"Works well, matches the description. Happy with it.",2024-07-16
563,1055,560,49,3,"Average product, expected a bit more for this price.",2025-10-05
564,1057,1995,74,1,"Received a damaged item, requesting refund immediately.",2025-10-16
565,1058,1448,128,3,"Quality is average, packaging could have been better.",2025-06-16
566,1059,1530,33,3,"Average product, expected a bit more for this price.",2025-01-26
567,1060,1981,34,4,"Nice quality, delivery was a bit delayed but product is good.",2025-12-13
568,1062,1177,29,4,"Decent product for the price, would recommend with minor caution.",2024-06-11
569,1063,423,32,3,"Quality is average, packaging could have been better.",2026-06-13
570,1064,1351,71,5,Amazing value for money. Packaging was also very good.,2025-08-29
571,1065,424,49,5,Best in this price range. Will buy again from this brand.,2025-05-20
572,1067,325,16,5,Superb quality and fast delivery. Highly recommend to everyone.,2025-01-01
573,1068,227,37,4,"Works well, matches the description. Happy with it.",2026-04-01
574,1069,970,17,4,"Decent product for the price, would recommend with minor caution.",2026-02-05
575,1072,449,38,2,"Not worth the price, expected better quality.",2026-07-15
576,1073,1413,80,4,"Good product overall, minor issues but satisfied with the purchase.",2024-07-18
577,1075,1908,47,5,"Excellent product, exactly as described. Very happy with the purchase.",2025-09-25
578,1076,1964,108,5,Superb quality and fast delivery. Highly recommend to everyone.,2025-10-25
579,1078,1288,92,4,"Decent product for the price, would recommend with minor caution.",2025-06-05
580,1079,502,87,5,"Excellent product, exactly as described. Very happy with the purchase.",2026-08-17
581,1081,474,53,3,"Quality is average, packaging could have been better.",2025-09-17
582,1086,1559,71,4,"Works well, matches the description. Happy with it.",2025-07-15
583,1089,715,116,2,"Product had minor defects, considering a return.",2026-05-18
584,1090,1285,71,3,"Average product, expected a bit more for this price.",2025-10-10
585,1091,93,51,4,"Works well, matches the description. Happy with it.",2026-01-12
586,1092,126,58,4,"Decent product for the price, would recommend with minor caution.",2025-11-27
587,1093,1483,77,4,"Good product overall, minor issues but satisfied with the purchase.",2025-05-14
588,1094,1708,122,4,"Nice quality, delivery was a bit delayed but product is good.",2026-04-19
589,1095,359,108,5,Best in this price range. Will buy again from this brand.,2025-12-05
590,1096,315,112,3,"It's okay, nothing special but does the job.",2025-06-20
591,1101,1900,30,5,Best in this price range. Will buy again from this brand.,2024-07-03
592,1102,1510,29,4,"Decent product for the price, would recommend with minor caution.",2025-12-23
593,1103,1460,14,5,Best in this price range. Will buy again from this brand.,2026-02-10
594,1104,259,13,2,"Not satisfied, quality is below expectations.",2025-01-07
595,1105,495,22,4,"Works well, matches the description. Happy with it.",2025-09-13
596,1110,1588,7,3,"It's okay, nothing special but does the job.",2025-12-05
597,1115,1230,123,3,"Quality is average, packaging could have been better.",2025-12-02
598,1116,309,74,4,"Decent product for the price, would recommend with minor caution.",2025-01-08
599,1117,961,112,4,"Good product overall, minor issues but satisfied with the purchase.",2024-03-23
600,1118,1356,63,2,"Not satisfied, quality is below expectations.",2025-02-06
601,1119,1483,39,1,"Very disappointed, product stopped working within days.",2025-08-28
602,1120,306,59,3,Product is fine but delivery took longer than expected.,2026-02-19
603,1121,636,97,5,Superb quality and fast delivery. Highly recommend to everyone.,2026-03-03
604,1122,963,62,4,"Nice quality, delivery was a bit delayed but product is good.",2024-10-21
605,1125,1901,101,1,"Poor quality, does not match the images shown online.",2024-08-16
606,1126,1875,67,1,"Worst experience, will not order this brand again.",2026-08-17
607,1127,364,122,2,"Not worth the price, expected better quality.",2025-09-13
608,1130,350,79,5,Best in this price range. Will buy again from this brand.,2025-08-21
609,1133,598,100,3,"Quality is average, packaging could have been better.",2026-05-18
610,1134,596,11,3,"Average product, expected a bit more for this price.",2026-04-01
611,1138,1139,46,2,Delivery was late and product quality is average at best.,2025-12-19
612,1141,1567,50,4,"Nice quality, delivery was a bit delayed but product is good.",2026-03-05
613,1142,1452,57,4,"Nice quality, delivery was a bit delayed but product is good.",2024-08-22
614,1144,1243,62,3,"It's okay, nothing special but does the job.",2026-06-22
615,1146,72,22,3,"Average product, expected a bit more for this price.",2026-01-08
616,1149,1661,28,4,"Decent product for the price, would recommend with minor caution.",2024-02-24
617,1150,1716,4,5,Amazing value for money. Packaging was also very good.,2025-10-13
618,1153,1249,35,5,Best in this price range. Will buy again from this brand.,2026-02-09
619,1154,1656,74,5,Amazing value for money. Packaging was also very good.,2025-12-21
620,1155,1086,7,4,"Nice quality, delivery was a bit delayed but product is good.",2025-07-27
621,1156,350,41,4,"Works well, matches the description. Happy with it.",2026-02-22
622,1157,151,86,4,"Works well, matches the description. Happy with it.",2026-04-04
623,1159,88,6,3,"Average product, expected a bit more for this price.",2026-03-08
624,1161,874,5,2,"Not satisfied, quality is below expectations.",2026-02-04
625,1162,114,53,5,"Excellent product, exactly as described. Very happy with the purchase.",2025-08-29
626,1163,1676,7,4,"Good product overall, minor issues but satisfied with the purchase.",2026-04-01
627,1164,1926,26,4,"Decent product for the price, would recommend with minor caution.",2026-01-16
628,1165,698,111,2,Delivery was late and product quality is average at best.,2025-04-19
629,1167,1273,68,3,Product is fine but delivery took longer than expected.,2025-10-01
630,1170,1083,12,4,"Decent product for the price, would recommend with minor caution.",2024-09-01
631,1171,255,95,4,"Good product overall, minor issues but satisfied with the purchase.",2026-06-26
632,1173,33,116,2,"Product had minor defects, considering a return.",2026-01-06
633,1174,1549,108,4,"Good product overall, minor issues but satisfied with the purchase.",2026-01-13
634,1175,1599,117,5,"Excellent product, exactly as described. Very happy with the purchase.",2025-11-27
635,1180,836,122,3,"It's okay, nothing special but does the job.",2026-06-27
636,1185,1818,37,2,"Not worth the price, expected better quality.",2025-12-08
637,1188,706,19,1,"Poor quality, does not match the images shown online.",2025-06-03
638,1191,1109,80,3,"Average product, expected a bit more for this price.",2025-12-28
639,1192,1751,43,5,Amazing value for money. Packaging was also very good.,2025-08-24
640,1195,1668,7,5,"Excellent product, exactly as described. Very happy with the purchase.",2025-10-22
641,1196,1254,21,1,"Very disappointed, product stopped working within days.",2025-11-16
642,1197,659,105,5,Amazing value for money. Packaging was also very good.,2024-04-27
643,1198,1786,114,5,Superb quality and fast delivery. Highly recommend to everyone.,2025-10-05
644,1203,1891,42,2,"Not worth the price, expected better quality.",2024-04-08
645,1204,1593,102,1,"Very disappointed, product stopped working within days.",2025-02-02
646,1206,644,44,1,"Poor quality, does not match the images shown online.",2025-04-26
647,1209,449,82,4,"Good product overall, minor issues but satisfied with the purchase.",2026-05-13
648,1213,884,14,5,"Excellent product, exactly as described. Very happy with the purchase.",2025-02-06
649,1217,210,67,2,Delivery was late and product quality is average at best.,2025-11-18
650,1218,1119,126,1,"Received a damaged item, requesting refund immediately.",2026-08-17
651,1220,1737,82,5,Amazing value for money. Packaging was also very good.,2026-08-10
652,1222,1304,31,5,Best in this price range. Will buy again from this brand.,2025-06-21
653,1223,1922,104,2,"Product had minor defects, considering a return.",2026-03-16
654,1224,32,1,2,"Not satisfied, quality is below expectations.",2025-05-05
655,1227,1920,104,3,"It's okay, nothing special but does the job.",2025-11-09
656,1228,1578,19,2,"Product had minor defects, considering a return.",2026-05-18
657,1229,1985,11,3,"Average product, expected a bit more for this price.",2025-07-04
658,1232,1417,111,3,"Quality is average, packaging could have been better.",2026-06-29
659,1234,1249,17,3,"Quality is average, packaging could have been better.",2025-08-26
660,1235,1118,10,4,"Decent product for the price, would recommend with minor caution.",2025-08-18
661,1236,367,103,5,Amazing value for money. Packaging was also very good.,2024-12-30
662,1238,160,17,5,Best in this price range. Will buy again from this brand.,2026-06-07
663,1239,1251,99,4,"Works well, matches the description. Happy with it.",2025-09-06
664,1240,894,40,5,"Excellent product, exactly as described. Very happy with the purchase.",2025-08-18
665,1241,402,10,4,"Good product overall, minor issues but satisfied with the purchase.",2025-08-05
666,1242,2,61,2,"Product had minor defects, considering a return.",2025-07-15
667,1243,1359,100,5,Amazing value for money. Packaging was also very good.,2026-05-12
668,1244,1166,32,5,"Excellent product, exactly as described. Very happy with the purchase.",2025-07-07
669,1246,1216,36,5,Amazing value for money. Packaging was also very good.,2025-05-25
670,1251,990,88,4,"Decent product for the price, would recommend with minor caution.",2026-07-07
671,1252,1938,57,5,Amazing value for money. Packaging was also very good.,2025-10-16
672,1257,153,29,4,"Nice quality, delivery was a bit delayed but product is good.",2026-05-06
673,1258,408,86,5,Best in this price range. Will buy again from this brand.,2026-03-02
674,1260,670,52,2,"Not satisfied, quality is below expectations.",2026-03-15
675,1263,545,39,4,"Nice quality, delivery was a bit delayed but product is good.",2026-06-02
676,1264,1947,23,4,"Works well, matches the description. Happy with it.",2026-02-07
677,1265,1261,32,4,"Nice quality, delivery was a bit delayed but product is good.",2025-09-03
678,1266,1240,34,4,"Nice quality, delivery was a bit delayed but product is good.",2026-01-04
679,1270,284,87,4,"Works well, matches the description. Happy with it.",2026-07-30
680,1271,1295,109,2,"Product had minor defects, considering a return.",2025-12-08
681,1275,1201,60,2,"Not satisfied, quality is below expectations.",2025-11-20
682,1276,1692,30,2,"Not satisfied, quality is below expectations.",2026-04-10
683,1277,12,9,3,"Quality is average, packaging could have been better.",2026-08-17
684,1279,1264,126,4,"Decent product for the price, would recommend with minor caution.",2025-05-19
685,1280,1919,113,4,"Works well, matches the description. Happy with it.",2025-04-12
686,1282,143,45,4,"Good product overall, minor issues but satisfied with the purchase.",2026-07-11
687,1284,15,24,2,"Not worth the price, expected better quality.",2025-11-13
688,1285,1065,68,3,Product is fine but delivery took longer than expected.,2025-01-13
689,1286,707,121,3,Product is fine but delivery took longer than expected.,2025-03-23
690,1287,363,90,5,"Excellent product, exactly as described. Very happy with the purchase.",2026-02-13
691,1288,744,124,4,"Works well, matches the description. Happy with it.",2026-02-11
692,1289,67,24,1,"Very disappointed, product stopped working within days.",2025-04-04
693,1295,1501,84,4,"Decent product for the price, would recommend with minor caution.",2025-06-15
694,1298,251,119,4,"Decent product for the price, would recommend with minor caution.",2025-08-04
695,1300,1661,128,5,"Excellent product, exactly as described. Very happy with the purchase.",2026-05-27
696,1301,916,113,4,"Nice quality, delivery was a bit delayed but product is good.",2026-01-22
697,1302,332,120,2,"Not satisfied, quality is below expectations.",2026-07-22
698,1306,386,12,5,Amazing value for money. Packaging was also very good.,2024-10-23
699,1308,716,96,5,Superb quality and fast delivery. Highly recommend to everyone.,2026-08-07
700,1310,1667,52,4,"Nice quality, delivery was a bit delayed but product is good.",2026-01-24
701,1312,334,24,1,"Received a damaged item, requesting refund immediately.",2026-06-03
702,1315,1181,121,5,"Excellent product, exactly as described. Very happy with the purchase.",2025-06-16
703,1316,1247,38,4,"Works well, matches the description. Happy with it.",2026-06-08
704,1319,1871,9,3,"Average product, expected a bit more for this price.",2025-07-17
705,1320,1896,113,4,"Nice quality, delivery was a bit delayed but product is good.",2025-08-27
706,1322,1353,78,4,"Decent product for the price, would recommend with minor caution.",2025-03-14
707,1324,1281,87,2,"Product had minor defects, considering a return.",2025-08-27
708,1325,276,97,4,"Works well, matches the description. Happy with it.",2025-04-13
709,1326,1435,90,3,Product is fine but delivery took longer than expected.,2026-03-17
710,1327,1520,1,4,"Decent product for the price, would recommend with minor caution.",2026-01-08
711,1328,1222,128,4,"Good product overall, minor issues but satisfied with the purchase.",2025-04-13
712,1329,930,71,5,Amazing value for money. Packaging was also very good.,2024-08-14
713,1332,866,42,2,"Not satisfied, quality is below expectations.",2024-08-16
714,1333,341,16,1,"Very disappointed, product stopped working within days.",2025-10-29
715,1335,1088,28,1,"Poor quality, does not match the images shown online.",2025-11-29
716,1337,512,93,5,"Excellent product, exactly as described. Very happy with the purchase.",2024-08-04
717,1339,133,90,4,"Decent product for the price, would recommend with minor caution.",2025-05-09
718,1340,505,28,3,"Average product, expected a bit more for this price.",2026-01-24
719,1342,80,106,4,"Decent product for the price, would recommend with minor caution.",2024-12-04
720,1343,1564,126,5,Superb quality and fast delivery. Highly recommend to everyone.,2026-05-20
721,1345,1475,88,4,"Nice quality, delivery was a bit delayed but product is good.",2024-07-26
722,1347,1985,74,2,"Not worth the price, expected better quality.",2024-11-07
723,1353,724,62,3,Product is fine but delivery took longer than expected.,2026-05-24
724,1354,66,69,1,"Poor quality, does not match the images shown online.",2024-04-26
725,1359,1450,45,5,Amazing value for money. Packaging was also very good.,2025-10-20
726,1361,1010,17,2,Delivery was late and product quality is average at best.,2025-11-17
727,1363,305,13,4,"Good product overall, minor issues but satisfied with the purchase.",2025-02-28
728,1366,914,18,4,"Decent product for the price, would recommend with minor caution.",2026-03-01
729,1371,1171,115,5,"Excellent product, exactly as described. Very happy with the purchase.",2025-09-21
730,1373,1041,19,2,"Not worth the price, expected better quality.",2024-02-29
731,1376,1105,7,3,"It's okay, nothing special but does the job.",2024-10-26
732,1378,1220,22,4,"Good product overall, minor issues but satisfied with the purchase.",2025-10-08
733,1379,1674,43,1,"Worst experience, will not order this brand again.",2025-10-08
734,1381,978,13,4,"Good product overall, minor issues but satisfied with the purchase.",2025-12-03
735,1383,91,64,1,"Received a damaged item, requesting refund immediately.",2025-08-09
736,1384,1416,58,3,Product is fine but delivery took longer than expected.,2025-09-29
737,1385,1907,102,2,Delivery was late and product quality is average at best.,2026-01-31
738,1386,1897,73,2,"Not satisfied, quality is below expectations.",2025-06-09
739,1387,1476,110,5,"Excellent product, exactly as described. Very happy with the purchase.",2025-02-05
740,1390,257,57,1,"Very disappointed, product stopped working within days.",2026-08-17
741,1391,467,112,2,"Not satisfied, quality is below expectations.",2025-10-25
742,1392,1542,18,4,"Decent product for the price, would recommend with minor caution.",2025-09-07
743,1393,615,29,4,"Good product overall, minor issues but satisfied with the purchase.",2024-07-27
744,1394,733,42,3,"Average product, expected a bit more for this price.",2025-11-29
745,1396,510,83,3,Product is fine but delivery took longer than expected.,2024-12-03
746,1397,1700,43,3,"Average product, expected a bit more for this price.",2025-12-25
747,1400,963,124,4,"Nice quality, delivery was a bit delayed but product is good.",2026-01-28
748,1401,1057,67,5,"Excellent product, exactly as described. Very happy with the purchase.",2024-08-23
749,1402,86,1,3,"Average product, expected a bit more for this price.",2026-05-05
750,1405,1119,64,3,"It's okay, nothing special but does the job.",2026-08-17
751,1406,1126,98,1,"Poor quality, does not match the images shown online.",2025-06-29
752,1407,671,67,5,Best in this price range. Will buy again from this brand.,2025-04-17
753,1408,255,47,4,"Works well, matches the description. Happy with it.",2026-07-02
754,1409,740,98,4,"Nice quality, delivery was a bit delayed but product is good.",2025-03-21
755,1410,972,16,3,"Quality is average, packaging could have been better.",2025-06-15
756,1412,1327,67,5,Amazing value for money. Packaging was also very good.,2025-07-11
757,1414,513,97,5,Superb quality and fast delivery. Highly recommend to everyone.,2025-02-14
758,1415,1850,112,5,"Excellent product, exactly as described. Very happy with the purchase.",2026-01-20
759,1416,893,80,4,"Good product overall, minor issues but satisfied with the purchase.",2026-03-09
760,1417,908,8,4,"Decent product for the price, would recommend with minor caution.",2025-04-03
761,1418,654,50,4,"Good product overall, minor issues but satisfied with the purchase.",2026-06-04
762,1420,268,48,3,"It's okay, nothing special but does the job.",2026-03-25
763,1422,19,109,4,"Works well, matches the description. Happy with it.",2026-05-22
764,1423,603,116,4,"Nice quality, delivery was a bit delayed but product is good.",2026-07-25
765,1424,971,35,3,"It's okay, nothing special but does the job.",2025-03-17
766,1426,1670,100,1,"Poor quality, does not match the images shown online.",2026-06-04
767,1428,402,45,4,"Good product overall, minor issues but satisfied with the purchase.",2026-04-08
768,1429,1907,4,4,"Decent product for the price, would recommend with minor caution.",2026-02-09
769,1430,1472,68,4,"Good product overall, minor issues but satisfied with the purchase.",2025-06-10
770,1431,302,43,5,Best in this price range. Will buy again from this brand.,2026-01-08
771,1432,1556,88,4,"Works well, matches the description. Happy with it.",2026-04-12
772,1434,346,45,2,"Not worth the price, expected better quality.",2025-11-17
773,1435,1539,84,4,"Works well, matches the description. Happy with it.",2025-01-03
774,1438,158,50,2,Delivery was late and product quality is average at best.,2024-08-03
775,1441,1314,43,1,"Received a damaged item, requesting refund immediately.",2025-12-15
776,1446,547,59,5,Best in this price range. Will buy again from this brand.,2025-10-28
777,1447,74,27,2,"Product had minor defects, considering a return.",2026-03-23
778,1448,972,18,5,"Excellent product, exactly as described. Very happy with the purchase.",2025-08-09
779,1450,431,93,2,Delivery was late and product quality is average at best.,2026-03-05
780,1452,1640,62,5,Amazing value for money. Packaging was also very good.,2026-03-07
781,1454,1164,40,4,"Decent product for the price, would recommend with minor caution.",2025-10-14
782,1457,1766,98,4,"Good product overall, minor issues but satisfied with the purchase.",2026-01-07
783,1459,1164,39,5,Amazing value for money. Packaging was also very good.,2026-02-05
784,1461,1059,13,4,"Works well, matches the description. Happy with it.",2026-03-23
785,1463,34,99,4,"Nice quality, delivery was a bit delayed but product is good.",2024-05-07
786,1466,482,75,5,"Excellent product, exactly as described. Very happy with the purchase.",2026-04-16
787,1468,1570,36,3,"Average product, expected a bit more for this price.",2026-03-20
788,1469,1206,26,2,"Not satisfied, quality is below expectations.",2025-03-25
789,1471,572,98,3,Product is fine but delivery took longer than expected.,2026-05-30
790,1472,1412,111,5,Superb quality and fast delivery. Highly recommend to everyone.,2024-04-04
791,1473,189,101,4,"Good product overall, minor issues but satisfied with the purchase.",2025-01-11
792,1474,185,58,3,"It's okay, nothing special but does the job.",2025-12-26
793,1475,664,69,2,"Not worth the price, expected better quality.",2024-07-10
794,1478,1082,111,4,"Nice quality, delivery was a bit delayed but product is good.",2024-12-24
795,1480,1645,47,5,Best in this price range. Will buy again from this brand.,2025-10-10
796,1481,1837,61,3,"Quality is average, packaging could have been better.",2025-11-24
797,1482,1805,92,3,"Quality is average, packaging could have been better.",2025-12-20
798,1485,740,81,2,"Not satisfied, quality is below expectations.",2025-04-05
799,1486,596,36,5,"Excellent product, exactly as described. Very happy with the purchase.",2025-12-29
800,1487,153,38,4,"Nice quality, delivery was a bit delayed but product is good.",2024-11-27
801,1493,752,1,4,"Nice quality, delivery was a bit delayed but product is good.",2025-08-13
802,1496,1252,72,2,"Not satisfied, quality is below expectations.",2025-04-06
803,1497,1937,47,3,"It's okay, nothing special but does the job.",2026-06-03
804,1499,1628,2,4,"Nice quality, delivery was a bit delayed but product is good.",2026-02-08
805,1502,177,110,5,Best in this price range. Will buy again from this brand.,2025-03-16
806,1504,68,111,4,"Decent product for the price, would recommend with minor caution.",2025-07-11
807,1505,991,23,4,"Good product overall, minor issues but satisfied with the purchase.",2025-01-15
808,1507,1069,55,5,Amazing value for money. Packaging was also very good.,2025-07-21
809,1508,527,121,4,"Decent product for the price, would recommend with minor caution.",2025-02-12
810,1509,1965,37,2,Delivery was late and product quality is average at best.,2026-04-03
811,1511,1587,104,4,"Works well, matches the description. Happy with it.",2025-10-03
812,1514,1118,110,5,Best in this price range. Will buy again from this brand.,2025-07-03
813,1515,1470,77,4,"Decent product for the price, would recommend with minor caution.",2026-08-04
814,1516,1982,59,3,"Average product, expected a bit more for this price.",2024-10-23
815,1518,109,71,4,"Good product overall, minor issues but satisfied with the purchase.",2026-01-05
816,1519,688,94,4,"Works well, matches the description. Happy with it.",2025-04-20
817,1522,1822,22,2,"Not satisfied, quality is below expectations.",2025-12-28
818,1523,795,5,5,Amazing value for money. Packaging was also very good.,2025-12-15
819,1525,760,81,5,Superb quality and fast delivery. Highly recommend to everyone.,2026-05-05
820,1526,171,1,4,"Nice quality, delivery was a bit delayed but product is good.",2025-12-17
821,1527,1846,92,2,"Not satisfied, quality is below expectations.",2025-03-16
822,1531,1009,114,5,"Excellent product, exactly as described. Very happy with the purchase.",2024-07-08
823,1532,1128,94,1,"Received a damaged item, requesting refund immediately.",2024-10-06
824,1533,1699,3,4,"Decent product for the price, would recommend with minor caution.",2024-05-11
825,1534,443,4,3,"Quality is average, packaging could have been better.",2026-06-18
826,1535,569,9,3,Product is fine but delivery took longer than expected.,2025-04-10
827,1539,94,19,3,Product is fine but delivery took longer than expected.,2025-04-24
828,1543,257,56,3,"Average product, expected a bit more for this price.",2026-08-17
829,1544,1190,96,5,Best in this price range. Will buy again from this brand.,2025-12-23
830,1547,267,48,4,"Good product overall, minor issues but satisfied with the purchase.",2026-04-11
831,1548,1193,39,3,"Quality is average, packaging could have been better.",2024-07-23
832,1549,196,9,2,"Not worth the price, expected better quality.",2024-08-26
833,1550,1719,63,3,Product is fine but delivery took longer than expected.,2026-05-25
834,1552,787,57,1,"Very disappointed, product stopped working within days.",2025-05-20
835,1553,1836,117,3,"It's okay, nothing special but does the job.",2025-12-11
836,1556,1727,46,4,"Works well, matches the description. Happy with it.",2025-01-08
837,1557,758,48,1,"Received a damaged item, requesting refund immediately.",2025-04-15
838,1558,51,33,3,"Quality is average, packaging could have been better.",2025-12-23
839,1559,706,58,5,Superb quality and fast delivery. Highly recommend to everyone.,2026-03-18
840,1561,351,32,4,"Nice quality, delivery was a bit delayed but product is good.",2024-05-19
841,1563,1097,21,4,"Decent product for the price, would recommend with minor caution.",2025-05-10
842,1570,604,59,5,Superb quality and fast delivery. Highly recommend to everyone.,2025-09-08
843,1572,1762,17,5,Superb quality and fast delivery. Highly recommend to everyone.,2026-08-01
844,1574,262,13,5,"Excellent product, exactly as described. Very happy with the purchase.",2026-01-07
845,1575,1746,113,4,"Good product overall, minor issues but satisfied with the purchase.",2024-11-01
846,1577,192,13,4,"Nice quality, delivery was a bit delayed but product is good.",2026-03-23
847,1578,1690,60,5,Amazing value for money. Packaging was also very good.,2024-04-24
848,1579,815,25,5,Amazing value for money. Packaging was also very good.,2026-04-18
849,1582,326,56,5,Best in this price range. Will buy again from this brand.,2026-08-17
850,1583,1725,71,5,"Excellent product, exactly as described. Very happy with the purchase.",2026-06-17
851,1584,1163,52,3,"Average product, expected a bit more for this price.",2025-11-02
852,1589,802,79,4,"Good product overall, minor issues but satisfied with the purchase.",2026-07-03
853,1596,492,22,5,"Excellent product, exactly as described. Very happy with the purchase.",2026-01-04
854,1598,577,48,4,"Good product overall, minor issues but satisfied with the purchase.",2026-05-28
855,1599,484,67,4,"Works well, matches the description. Happy with it.",2024-12-18
856,1600,1413,21,5,Superb quality and fast delivery. Highly recommend to everyone.,2025-01-11
857,1601,1023,96,3,Product is fine but delivery took longer than expected.,2025-06-05
858,1602,1595,69,5,Superb quality and fast delivery. Highly recommend to everyone.,2026-01-13
859,1604,688,93,1,"Very disappointed, product stopped working within days.",2026-05-31
860,1605,1756,129,4,"Good product overall, minor issues but satisfied with the purchase.",2026-01-27
861,1609,1611,98,3,Product is fine but delivery took longer than expected.,2026-05-21
862,1610,1748,4,2,Delivery was late and product quality is average at best.,2026-05-04
863,1613,1838,30,5,Amazing value for money. Packaging was also very good.,2025-02-25
864,1615,463,5,3,Product is fine but delivery took longer than expected.,2025-07-06
865,1616,1016,92,5,"Excellent product, exactly as described. Very happy with the purchase.",2026-05-22
866,1617,755,115,3,"It's okay, nothing special but does the job.",2026-01-07
867,1618,321,72,3,"Average product, expected a bit more for this price.",2024-12-03
868,1620,1021,128,1,"Received a damaged item, requesting refund immediately.",2024-04-02
869,1624,571,12,5,Superb quality and fast delivery. Highly recommend to everyone.,2026-05-03
870,1625,313,17,4,"Nice quality, delivery was a bit delayed but product is good.",2026-03-04
871,1626,1064,12,4,"Decent product for the price, would recommend with minor caution.",2025-11-25
872,1627,1398,17,5,Best in this price range. Will buy again from this brand.,2025-08-29
873,1629,1622,56,4,"Works well, matches the description. Happy with it.",2024-08-19
874,1630,178,43,4,"Decent product for the price, would recommend with minor caution.",2025-08-08
875,1631,1275,40,2,"Not worth the price, expected better quality.",2025-05-04
876,1634,1351,61,5,Superb quality and fast delivery. Highly recommend to everyone.,2025-12-17
877,1635,1669,49,2,"Not worth the price, expected better quality.",2025-07-06
878,1638,717,121,4,"Good product overall, minor issues but satisfied with the purchase.",2026-06-20
879,1640,1036,52,5,"Excellent product, exactly as described. Very happy with the purchase.",2026-02-21
880,1642,456,47,2,"Not satisfied, quality is below expectations.",2026-04-10
881,1643,1626,112,4,"Good product overall, minor issues but satisfied with the purchase.",2026-03-12
882,1644,529,123,5,Superb quality and fast delivery. Highly recommend to everyone.,2026-02-11
883,1645,298,56,4,"Works well, matches the description. Happy with it.",2025-07-20
884,1647,316,40,5,"Excellent product, exactly as described. Very happy with the purchase.",2026-03-26
885,1650,497,123,2,Delivery was late and product quality is average at best.,2026-03-08
886,1651,235,102,2,Delivery was late and product quality is average at best.,2026-01-26
887,1652,484,81,5,Best in this price range. Will buy again from this brand.,2023-11-08
888,1653,250,83,4,"Good product overall, minor issues but satisfied with the purchase.",2025-12-01
889,1654,1587,103,1,"Poor quality, does not match the images shown online.",2025-05-25
890,1656,567,12,5,"Excellent product, exactly as described. Very happy with the purchase.",2026-02-18
891,1657,357,18,2,"Not worth the price, expected better quality.",2026-05-10
892,1658,148,88,2,"Product had minor defects, considering a return.",2024-09-23
893,1659,1374,97,4,"Decent product for the price, would recommend with minor caution.",2024-06-22
894,1666,1578,113,3,"It's okay, nothing special but does the job.",2024-11-08
895,1667,1965,122,2,"Not worth the price, expected better quality.",2026-04-01
896,1668,1306,80,3,"Average product, expected a bit more for this price.",2026-08-10
897,1671,142,7,5,Superb quality and fast delivery. Highly recommend to everyone.,2025-04-17
898,1673,103,119,3,"Quality is average, packaging could have been better.",2025-04-26
899,1676,1415,66,4,"Nice quality, delivery was a bit delayed but product is good.",2026-07-24
900,1680,422,95,5,Best in this price range. Will buy again from this brand.,2024-04-13
901,1681,717,42,3,"It's okay, nothing special but does the job.",2024-08-04
902,1682,481,81,5,"Excellent product, exactly as described. Very happy with the purchase.",2026-07-15
903,1684,1347,77,2,"Product had minor defects, considering a return.",2025-07-02
904,1685,1930,57,2,"Not satisfied, quality is below expectations.",2026-06-24
905,1688,1805,105,4,"Works well, matches the description. Happy with it.",2025-02-06
906,1689,1347,44,5,Superb quality and fast delivery. Highly recommend to everyone.,2025-12-27
907,1690,861,123,4,"Works well, matches the description. Happy with it.",2025-07-03
908,1692,1832,115,5,Superb quality and fast delivery. Highly recommend to everyone.,2026-01-29
909,1693,981,123,5,Best in this price range. Will buy again from this brand.,2026-01-27
910,1695,1760,63,3,"It's okay, nothing special but does the job.",2026-02-20
911,1698,1770,101,5,Amazing value for money. Packaging was also very good.,2025-07-20
912,1699,390,121,5,Best in this price range. Will buy again from this brand.,2026-07-15
913,1700,1652,56,4,"Works well, matches the description. Happy with it.",2025-10-01
914,1701,612,84,2,Delivery was late and product quality is average at best.,2026-01-25
915,1702,1914,13,2,"Not worth the price, expected better quality.",2026-02-09
916,1703,1698,35,5,Best in this price range. Will buy again from this brand.,2025-06-02
917,1704,600,105,3,"Quality is average, packaging could have been better.",2024-11-10
918,1707,1334,37,4,"Works well, matches the description. Happy with it.",2025-05-10
919,1708,1965,23,5,Best in this price range. Will buy again from this brand.,2026-04-04
920,1714,221,3,1,"Poor quality, does not match the images shown online.",2025-11-05
921,1715,960,32,4,"Good product overall, minor issues but satisfied with the purchase.",2025-08-22
922,1717,1250,81,5,Best in this price range. Will buy again from this brand.,2025-04-19
923,1719,1505,67,5,Amazing value for money. Packaging was also very good.,2025-10-11
924,1720,555,34,4,"Works well, matches the description. Happy with it.",2025-12-24
925,1722,1356,75,4,"Nice quality, delivery was a bit delayed but product is good.",2026-02-21
926,1726,1110,113,5,"Excellent product, exactly as described. Very happy with the purchase.",2026-04-30
927,1727,696,17,4,"Works well, matches the description. Happy with it.",2025-08-14
928,1728,1958,88,1,"Very disappointed, product stopped working within days.",2026-02-14
929,1733,931,125,4,"Decent product for the price, would recommend with minor caution.",2026-05-31
930,1735,1423,82,5,Superb quality and fast delivery. Highly recommend to everyone.,2025-04-24
931,1736,209,37,3,"It's okay, nothing special but does the job.",2024-10-24
932,1739,1211,50,2,Delivery was late and product quality is average at best.,2026-08-14
933,1740,1106,52,5,Superb quality and fast delivery. Highly recommend to everyone.,2026-03-06
934,1741,1854,79,3,"Average product, expected a bit more for this price.",2026-03-02
935,1743,1762,97,3,"Quality is average, packaging could have been better.",2026-08-17
936,1746,1798,82,2,"Not worth the price, expected better quality.",2025-10-11
937,1747,1020,44,4,"Decent product for the price, would recommend with minor caution.",2025-07-31
938,1749,275,41,5,Superb quality and fast delivery. Highly recommend to everyone.,2026-08-17
939,1751,1552,103,4,"Nice quality, delivery was a bit delayed but product is good.",2025-11-27
940,1752,1664,45,2,"Product had minor defects, considering a return.",2026-08-09
941,1753,1954,97,2,Delivery was late and product quality is average at best.,2026-08-13
942,1754,56,87,5,Superb quality and fast delivery. Highly recommend to everyone.,2025-11-17
943,1757,311,45,4,"Decent product for the price, would recommend with minor caution.",2025-06-08
944,1758,1358,29,1,"Very disappointed, product stopped working within days.",2026-04-30
945,1759,1113,103,4,"Nice quality, delivery was a bit delayed but product is good.",2025-11-14
946,1760,225,68,2,Delivery was late and product quality is average at best.,2025-09-01
947,1761,626,1,4,"Decent product for the price, would recommend with minor caution.",2026-01-23
948,1762,1030,128,4,"Nice quality, delivery was a bit delayed but product is good.",2026-04-28
949,1764,1534,31,5,Superb quality and fast delivery. Highly recommend to everyone.,2025-10-18
950,1766,154,5,5,Amazing value for money. Packaging was also very good.,2024-11-16
951,1767,1253,56,4,"Decent product for the price, would recommend with minor caution.",2025-01-23
952,1768,1921,29,1,"Poor quality, does not match the images shown online.",2025-08-22
953,1769,1691,72,3,Product is fine but delivery took longer than expected.,2026-01-28
954,1770,1053,29,5,Superb quality and fast delivery. Highly recommend to everyone.,2025-12-18
955,1771,885,6,5,Amazing value for money. Packaging was also very good.,2025-06-13
956,1772,128,51,4,"Decent product for the price, would recommend with minor caution.",2023-12-25
957,1773,812,25,4,"Decent product for the price, would recommend with minor caution.",2024-11-13
958,1774,368,61,5,Amazing value for money. Packaging was also very good.,2025-02-08
959,1775,1412,107,3,Product is fine but delivery took longer than expected.,2024-10-17
960,1777,336,112,5,Superb quality and fast delivery. Highly recommend to everyone.,2026-03-04
961,1779,1379,53,1,"Poor quality, does not match the images shown online.",2026-02-13
962,1781,1537,104,4,"Works well, matches the description. Happy with it.",2026-02-28
963,1783,1036,52,1,"Poor quality, does not match the images shown online.",2026-02-15
964,1784,1379,58,5,Amazing value for money. Packaging was also very good.,2025-09-09
965,1785,1492,123,5,Amazing value for money. Packaging was also very good.,2026-03-29
966,1788,1914,69,3,Product is fine but delivery took longer than expected.,2026-01-31
967,1789,1243,105,2,"Product had minor defects, considering a return.",2025-07-07
968,1794,284,79,1,"Poor quality, does not match the images shown online.",2026-07-21
969,1797,912,37,5,Amazing value for money. Packaging was also very good.,2026-02-21
970,1798,624,113,4,"Good product overall, minor issues but satisfied with the purchase.",2024-05-06
971,1800,721,73,4,"Nice quality, delivery was a bit delayed but product is good.",2025-12-19
972,1802,939,88,2,"Product had minor defects, considering a return.",2025-12-14
973,1803,1093,98,5,Superb quality and fast delivery. Highly recommend to everyone.,2024-07-22
974,1804,594,43,4,"Good product overall, minor issues but satisfied with the purchase.",2025-03-23
975,1805,21,44,5,Amazing value for money. Packaging was also very good.,2025-04-03
976,1806,817,11,1,"Worst experience, will not order this brand again.",2025-10-31
977,1807,126,46,3,"It's okay, nothing special but does the job.",2024-01-07
978,1809,625,61,1,"Very disappointed, product stopped working within days.",2025-12-07
979,1810,1751,28,2,Delivery was late and product quality is average at best.,2026-01-10
980,1811,30,115,1,"Worst experience, will not order this brand again.",2025-11-20
981,1813,1781,53,3,"Quality is average, packaging could have been better.",2026-04-21
982,1815,1109,76,4,"Nice quality, delivery was a bit delayed but product is good.",2026-01-09
983,1816,983,5,4,"Decent product for the price, would recommend with minor caution.",2026-05-03
984,1817,1799,9,3,"It's okay, nothing special but does the job.",2025-11-14
985,1825,984,78,4,"Decent product for the price, would recommend with minor caution.",2026-04-23
986,1829,1843,1,5,Best in this price range. Will buy again from this brand.,2025-10-19
987,1830,1939,18,5,Best in this price range. Will buy again from this brand.,2024-07-03
988,1831,1595,119,3,Product is fine but delivery took longer than expected.,2025-11-12
989,1833,658,47,3,Product is fine but delivery took longer than expected.,2025-11-14
990,1836,1084,13,4,"Nice quality, delivery was a bit delayed but product is good.",2026-03-26
991,1838,290,76,1,"Poor quality, does not match the images shown online.",2025-03-07
992,1840,417,126,5,Superb quality and fast delivery. Highly recommend to everyone.,2024-08-11
993,1841,1086,18,5,Best in this price range. Will buy again from this brand.,2025-05-30
994,1842,1881,110,5,Best in this price range. Will buy again from this brand.,2025-11-13
995,1843,1822,18,4,"Good product overall, minor issues but satisfied with the purchase.",2025-12-31
996,1844,403,112,3,"It's okay, nothing special but does the job.",2026-08-17
997,1845,251,79,2,"Product had minor defects, considering a return.",2025-07-13
998,1846,671,124,4,"Nice quality, delivery was a bit delayed but product is good.",2026-01-19
999,1848,1781,123,5,Best in this price range. Will buy again from this brand.,2026-04-07
1000,1854,839,75,4,"Works well, matches the description. Happy with it.",2025-12-02
1001,1856,1260,95,2,"Not satisfied, quality is below expectations.",2026-01-10
1002,1857,1688,126,3,"Quality is average, packaging could have been better.",2026-02-12
1003,1859,904,119,1,"Poor quality, does not match the images shown online.",2026-01-17
1004,1862,1538,77,5,Best in this price range. Will buy again from this brand.,2025-10-07
1005,1864,802,27,3,"Average product, expected a bit more for this price.",2026-07-08
1006,1865,430,88,5,Amazing value for money. Packaging was also very good.,2025-09-06
1007,1868,1979,43,5,Amazing value for money. Packaging was also very good.,2026-03-15
1008,1870,1617,81,3,Product is fine but delivery took longer than expected.,2025-05-08
1009,1871,1479,4,3,"It's okay, nothing special but does the job.",2025-07-15
1010,1872,1379,32,4,"Good product overall, minor issues but satisfied with the purchase.",2025-07-31
1011,1873,22,33,1,"Worst experience, will not order this brand again.",2026-05-20
1012,1875,121,26,2,"Product had minor defects, considering a return.",2026-04-28
1013,1876,672,35,5,Superb quality and fast delivery. Highly recommend to everyone.,2024-05-10
1014,1878,901,90,5,Superb quality and fast delivery. Highly recommend to everyone.,2024-06-06
1015,1879,429,16,3,"Quality is average, packaging could have been better.",2026-04-20
1016,1880,1998,111,5,Amazing value for money. Packaging was also very good.,2026-07-11
1017,1882,999,89,5,Best in this price range. Will buy again from this brand.,2025-12-19
1018,1884,966,117,3,"It's okay, nothing special but does the job.",2025-08-08
1019,1885,1569,105,4,"Decent product for the price, would recommend with minor caution.",2025-11-17
1020,1887,157,119,2,Delivery was late and product quality is average at best.,2024-09-16
1021,1889,1973,49,1,"Poor quality, does not match the images shown online.",2024-08-21
1022,1894,1763,1,4,"Nice quality, delivery was a bit delayed but product is good.",2026-04-25
1023,1896,719,61,5,Superb quality and fast delivery. Highly recommend to everyone.,2024-10-23
1024,1897,1829,126,4,"Good product overall, minor issues but satisfied with the purchase.",2025-07-09
1025,1899,1681,9,5,Amazing value for money. Packaging was also very good.,2026-06-22
1026,1900,1557,17,2,"Not satisfied, quality is below expectations.",2025-08-23
1027,1902,973,65,2,Delivery was late and product quality is average at best.,2025-07-09
1028,1903,1276,90,1,"Received a damaged item, requesting refund immediately.",2026-05-03
1029,1905,1987,68,1,"Worst experience, will not order this brand again.",2024-03-19
1030,1908,1212,70,1,"Very disappointed, product stopped working within days.",2026-03-12
1031,1909,1600,20,3,"It's okay, nothing special but does the job.",2026-01-09
1032,1911,58,122,5,Superb quality and fast delivery. Highly recommend to everyone.,2025-10-20
1033,1915,106,98,5,Superb quality and fast delivery. Highly recommend to everyone.,2025-12-04
1034,1916,103,39,4,"Decent product for the price, would recommend with minor caution.",2025-07-23
1035,1917,115,39,4,"Nice quality, delivery was a bit delayed but product is good.",2026-05-21
1036,1918,1623,107,5,"Excellent product, exactly as described. Very happy with the purchase.",2025-01-03
1037,1921,1978,119,4,"Good product overall, minor issues but satisfied with the purchase.",2023-12-24
1038,1922,1595,44,4,"Good product overall, minor issues but satisfied with the purchase.",2025-11-07
1039,1928,1849,93,3,"Average product, expected a bit more for this price.",2024-09-01
1040,1932,862,91,3,"It's okay, nothing special but does the job.",2025-11-07
1041,1934,275,92,5,Best in this price range. Will buy again from this brand.,2026-08-17
1042,1935,270,29,4,"Good product overall, minor issues but satisfied with the purchase.",2024-07-24
1043,1936,1724,111,4,"Good product overall, minor issues but satisfied with the purchase.",2024-07-01
1044,1939,1860,69,4,"Good product overall, minor issues but satisfied with the purchase.",2023-12-07
1045,1940,473,23,5,Superb quality and fast delivery. Highly recommend to everyone.,2025-10-04
1046,1941,598,34,5,Superb quality and fast delivery. Highly recommend to everyone.,2025-10-29
1047,1943,1708,84,3,"Average product, expected a bit more for this price.",2024-11-18
1048,1945,1081,71,2,"Not satisfied, quality is below expectations.",2025-06-10
1049,1947,304,92,4,"Nice quality, delivery was a bit delayed but product is good.",2026-04-01
1050,1949,1524,104,1,"Very disappointed, product stopped working within days.",2026-01-01
1051,1951,48,24,2,"Product had minor defects, considering a return.",2025-10-13
1052,1955,1751,109,2,"Not satisfied, quality is below expectations.",2026-03-27
1053,1957,199,63,4,"Works well, matches the description. Happy with it.",2026-01-07
1054,1959,1175,80,4,"Decent product for the price, would recommend with minor caution.",2026-06-10
1055,1961,569,8,5,Amazing value for money. Packaging was also very good.,2025-06-09
1056,1962,1224,70,5,"Excellent product, exactly as described. Very happy with the purchase.",2025-01-14
1057,1963,110,36,3,"It's okay, nothing special but does the job.",2026-08-17
1058,1964,286,24,5,Amazing value for money. Packaging was also very good.,2026-02-27
1059,1966,289,89,5,Amazing value for money. Packaging was also very good.,2024-03-06
1060,1968,395,57,5,Amazing value for money. Packaging was also very good.,2026-08-17
1061,1969,179,25,5,Superb quality and fast delivery. Highly recommend to everyone.,2024-10-05
1062,1971,1611,84,3,"Quality is average, packaging could have been better.",2025-11-11
1063,1972,1828,9,5,Amazing value for money. Packaging was also very good.,2025-06-01
1064,1979,1299,7,4,"Works well, matches the description. Happy with it.",2025-03-08
1065,1981,532,108,5,Superb quality and fast delivery. Highly recommend to everyone.,2024-12-20
1066,1989,299,81,5,Amazing value for money. Packaging was also very good.,2024-08-28
1067,1990,630,97,3,"Average product, expected a bit more for this price.",2025-12-30
1068,1992,336,45,4,"Decent product for the price, would recommend with minor caution.",2025-04-23
1069,1993,1641,23,5,"Excellent product, exactly as described. Very happy with the purchase.",2025-02-13
1070,1994,1010,21,3,"It's okay, nothing special but does the job.",2026-01-29
1071,1997,568,108,4,"Good product overall, minor issues but satisfied with the purchase.",2025-10-09
1072,2000,1643,64,4,"Decent product for the price, would recommend with minor caution.",2026-01-16
1073,2004,1962,23,5,"Excellent product, exactly as described. Very happy with the purchase.",2024-04-16
1074,2007,1552,40,3,"It's okay, nothing special but does the job.",2025-05-21
1075,2008,1264,14,2,Delivery was late and product quality is average at best.,2026-07-07
1076,2009,584,120,3,"Average product, expected a bit more for this price.",2026-07-21
1077,2010,20,20,4,"Nice quality, delivery was a bit delayed but product is good.",2025-11-16
1078,2011,1086,6,4,"Nice quality, delivery was a bit delayed but product is good.",2025-05-23
1079,2012,1777,1,4,"Decent product for the price, would recommend with minor caution.",2026-03-08
1080,2013,116,29,3,"Quality is average, packaging could have been better.",2026-07-18
1081,2014,1414,121,2,"Not worth the price, expected better quality.",2025-08-31
1082,2015,1387,99,2,"Product had minor defects, considering a return.",2025-10-23
1083,2016,406,59,5,"Excellent product, exactly as described. Very happy with the purchase.",2025-08-01
1084,2017,218,2,5,Best in this price range. Will buy again from this brand.,2026-04-18
1085,2021,801,99,5,Best in this price range. Will buy again from this brand.,2025-10-13
1086,2023,1398,17,1,"Received a damaged item, requesting refund immediately.",2025-12-14
1087,2028,1440,29,2,"Not satisfied, quality is below expectations.",2026-01-25
1088,2031,302,19,5,Amazing value for money. Packaging was also very good.,2025-01-28
1089,2034,668,71,5,Amazing value for money. Packaging was also very good.,2024-07-02
1090,2035,319,109,3,"Quality is average, packaging could have been better.",2025-08-03
1091,2036,1131,29,2,"Product had minor defects, considering a return.",2025-04-11
1092,2038,1020,88,2,Delivery was late and product quality is average at best.,2025-08-20
1093,2039,1310,119,3,"Quality is average, packaging could have been better.",2024-09-30
1094,2040,606,112,4,"Decent product for the price, would recommend with minor caution.",2026-02-14
1095,2041,574,119,2,Delivery was late and product quality is average at best.,2025-06-19
1096,2046,1734,47,5,Superb quality and fast delivery. Highly recommend to everyone.,2026-02-18
1097,2048,924,77,4,"Decent product for the price, would recommend with minor caution.",2024-11-07
1098,2051,975,36,1,"Poor quality, does not match the images shown online.",2025-06-15
1099,2052,884,122,5,Superb quality and fast delivery. Highly recommend to everyone.,2026-01-07
1100,2054,686,61,3,Product is fine but delivery took longer than expected.,2026-02-05
1101,2057,393,83,3,"It's okay, nothing special but does the job.",2025-12-07
1102,2058,1220,128,5,"Excellent product, exactly as described. Very happy with the purchase.",2026-04-15
1103,2060,1731,104,4,"Good product overall, minor issues but satisfied with the purchase.",2025-12-28
1104,2061,370,45,3,"It's okay, nothing special but does the job.",2026-01-30
1105,2062,1560,95,1,"Worst experience, will not order this brand again.",2026-07-04
1106,2063,1984,109,3,"Quality is average, packaging could have been better.",2025-08-07
1107,2064,1809,30,5,Amazing value for money. Packaging was also very good.,2025-09-17
1108,2068,1390,20,1,"Worst experience, will not order this brand again.",2025-08-18
1109,2071,597,54,4,"Good product overall, minor issues but satisfied with the purchase.",2025-10-06
1110,2072,1878,58,5,Best in this price range. Will buy again from this brand.,2025-02-14
1111,2074,1106,9,3,Product is fine but delivery took longer than expected.,2024-12-10
1112,2076,461,41,1,"Poor quality, does not match the images shown online.",2024-08-30
1113,2078,612,110,4,"Good product overall, minor issues but satisfied with the purchase.",2026-06-25
1114,2079,927,85,1,"Received a damaged item, requesting refund immediately.",2025-05-26
1115,2081,48,1,4,"Nice quality, delivery was a bit delayed but product is good.",2025-07-05
1116,2082,6,94,4,"Works well, matches the description. Happy with it.",2025-08-23
1117,2083,92,27,5,"Excellent product, exactly as described. Very happy with the purchase.",2026-03-29
1118,2086,1198,41,4,"Good product overall, minor issues but satisfied with the purchase.",2026-08-17
1119,2088,1856,85,5,Superb quality and fast delivery. Highly recommend to everyone.,2025-11-20
1120,2090,69,73,3,"It's okay, nothing special but does the job.",2025-01-15
1121,2094,1542,15,5,Superb quality and fast delivery. Highly recommend to everyone.,2025-03-01
1122,2095,642,35,3,"Quality is average, packaging could have been better.",2026-04-26
1123,2096,1017,124,5,"Excellent product, exactly as described. Very happy with the purchase.",2026-04-23
1124,2097,135,99,5,"Excellent product, exactly as described. Very happy with the purchase.",2026-04-20
1125,2099,272,20,5,Best in this price range. Will buy again from this brand.,2024-11-28
1126,2100,1480,109,3,"It's okay, nothing special but does the job.",2025-06-03
1127,2102,1437,109,5,Amazing value for money. Packaging was also very good.,2024-05-29
1128,2103,10,41,3,Product is fine but delivery took longer than expected.,2025-10-02
1129,2104,646,70,4,"Decent product for the price, would recommend with minor caution.",2026-04-09
1130,2107,1724,114,4,"Decent product for the price, would recommend with minor caution.",2024-04-07
1131,2108,535,33,1,"Received a damaged item, requesting refund immediately.",2025-07-20
1132,2109,315,129,3,"Quality is average, packaging could have been better.",2026-06-15
1133,2112,1699,54,3,Product is fine but delivery took longer than expected.,2025-09-29
1134,2113,1144,25,4,"Nice quality, delivery was a bit delayed but product is good.",2025-06-29
1135,2114,697,75,1,"Poor quality, does not match the images shown online.",2025-07-22
1136,2116,1109,83,3,"Average product, expected a bit more for this price.",2026-01-04
1137,2117,829,5,1,"Worst experience, will not order this brand again.",2026-02-17
1138,2122,353,49,5,Amazing value for money. Packaging was also very good.,2025-09-17
1139,2123,27,44,2,"Not worth the price, expected better quality.",2025-08-08
1140,2124,589,45,4,"Good product overall, minor issues but satisfied with the purchase.",2025-10-09
1141,2125,1342,44,4,"Good product overall, minor issues but satisfied with the purchase.",2025-06-10
1142,2126,817,88,5,Superb quality and fast delivery. Highly recommend to everyone.,2025-11-01
1143,2127,882,123,4,"Works well, matches the description. Happy with it.",2025-12-18
1144,2130,178,57,2,"Not worth the price, expected better quality.",2026-05-20
1145,2131,1977,37,2,Delivery was late and product quality is average at best.,2026-05-14
1146,2134,31,119,5,Superb quality and fast delivery. Highly recommend to everyone.,2026-02-10
1147,2135,1692,38,3,Product is fine but delivery took longer than expected.,2025-06-17
1148,2139,403,121,5,Superb quality and fast delivery. Highly recommend to everyone.,2026-08-10
1149,2142,970,88,4,"Nice quality, delivery was a bit delayed but product is good.",2025-04-09
1150,2143,178,127,5,Superb quality and fast delivery. Highly recommend to everyone.,2026-03-11
1151,2144,1429,44,5,Amazing value for money. Packaging was also very good.,2024-10-31
1152,2145,1581,128,5,Superb quality and fast delivery. Highly recommend to everyone.,2025-11-13
1153,2147,1559,43,4,"Works well, matches the description. Happy with it.",2026-08-03
1154,2148,1527,36,4,"Nice quality, delivery was a bit delayed but product is good.",2025-02-23
1155,2149,958,112,5,"Excellent product, exactly as described. Very happy with the purchase.",2024-10-24
1156,2151,987,69,4,"Works well, matches the description. Happy with it.",2026-01-18
1157,2155,1071,55,4,"Nice quality, delivery was a bit delayed but product is good.",2025-01-30
1158,2156,1111,90,3,Product is fine but delivery took longer than expected.,2026-01-19
1159,2158,1846,18,2,"Not satisfied, quality is below expectations.",2026-06-15
1160,2159,1064,9,5,Amazing value for money. Packaging was also very good.,2025-05-09
1161,2160,1425,29,3,Product is fine but delivery took longer than expected.,2024-10-12
1162,2164,990,55,3,"It's okay, nothing special but does the job.",2026-07-02
1163,2165,1818,35,3,"Quality is average, packaging could have been better.",2026-04-20
1164,2167,926,111,4,"Works well, matches the description. Happy with it.",2025-08-23
1165,2168,1225,12,1,"Worst experience, will not order this brand again.",2026-02-18
1166,2169,419,44,3,"Quality is average, packaging could have been better.",2025-03-15
1167,2171,1306,78,3,"It's okay, nothing special but does the job.",2026-07-09
1168,2173,823,114,1,"Poor quality, does not match the images shown online.",2025-12-21
1169,2175,1836,122,4,"Nice quality, delivery was a bit delayed but product is good.",2026-03-31
1170,2177,328,40,1,"Worst experience, will not order this brand again.",2025-08-11
1171,2180,324,61,3,"It's okay, nothing special but does the job.",2024-02-23
1172,2181,1962,5,5,"Excellent product, exactly as described. Very happy with the purchase.",2025-03-23
1173,2183,389,42,4,"Decent product for the price, would recommend with minor caution.",2024-12-25
1174,2185,1421,20,3,"Quality is average, packaging could have been better.",2026-05-15
1175,2186,1029,2,5,Best in this price range. Will buy again from this brand.,2026-03-27
1176,2189,1582,37,4,"Nice quality, delivery was a bit delayed but product is good.",2025-10-13
1177,2191,320,77,4,"Decent product for the price, would recommend with minor caution.",2025-06-14
1178,2194,1726,8,4,"Decent product for the price, would recommend with minor caution.",2025-08-30
1179,2195,1040,87,3,"It's okay, nothing special but does the job.",2025-12-02
1180,2198,803,9,4,"Nice quality, delivery was a bit delayed but product is good.",2024-08-31
1181,2199,246,45,3,"Average product, expected a bit more for this price.",2025-07-12
1182,2200,1808,56,5,Amazing value for money. Packaging was also very good.,2025-11-26
1183,2201,377,125,5,"Excellent product, exactly as described. Very happy with the purchase.",2026-04-24
1184,2203,836,24,3,"It's okay, nothing special but does the job.",2026-07-10
1185,2206,1545,97,1,"Very disappointed, product stopped working within days.",2025-03-04
1186,2207,632,57,4,"Good product overall, minor issues but satisfied with the purchase.",2025-03-30
1187,2211,510,71,5,Amazing value for money. Packaging was also very good.,2025-08-30
1188,2213,1238,105,4,"Decent product for the price, would recommend with minor caution.",2026-02-01
1189,2214,636,125,4,"Works well, matches the description. Happy with it.",2025-09-25
1190,2216,1969,33,5,Superb quality and fast delivery. Highly recommend to everyone.,2025-06-08
1191,2217,930,105,4,"Good product overall, minor issues but satisfied with the purchase.",2026-05-24
1192,2219,1504,83,1,"Worst experience, will not order this brand again.",2026-07-25
1193,2222,101,65,3,"It's okay, nothing special but does the job.",2025-09-04
1194,2223,410,49,5,Amazing value for money. Packaging was also very good.,2025-10-29
1195,2225,1337,120,5,Best in this price range. Will buy again from this brand.,2026-07-04
1196,2228,1663,39,5,Best in this price range. Will buy again from this brand.,2026-06-26
1197,2233,210,67,4,"Decent product for the price, would recommend with minor caution.",2025-11-01
1198,2234,1921,9,5,Best in this price range. Will buy again from this brand.,2025-10-02
1199,2235,270,22,4,"Good product overall, minor issues but satisfied with the purchase.",2026-04-08
1200,2236,6,105,5,Best in this price range. Will buy again from this brand.,2025-08-11
1201,2237,984,75,4,"Works well, matches the description. Happy with it.",2026-03-12
1202,2239,149,124,5,Superb quality and fast delivery. Highly recommend to everyone.,2025-11-22
1203,2243,1480,51,5,"Excellent product, exactly as described. Very happy with the purchase.",2024-05-20
1204,2244,389,48,4,"Works well, matches the description. Happy with it.",2025-03-01
1205,2245,1734,1,2,"Not worth the price, expected better quality.",2026-02-27
1206,2247,135,2,5,Amazing value for money. Packaging was also very good.,2026-05-05
1207,2250,341,89,5,Amazing value for money. Packaging was also very good.,2026-03-21
1208,2251,524,19,3,"It's okay, nothing special but does the job.",2024-03-14
1209,2252,710,21,4,"Decent product for the price, would recommend with minor caution.",2025-09-07
1210,2253,1711,70,5,Best in this price range. Will buy again from this brand.,2025-07-06
1211,2256,1469,80,5,Best in this price range. Will buy again from this brand.,2025-03-18
1212,2260,1524,114,5,"Excellent product, exactly as described. Very happy with the purchase.",2024-01-22
1213,2261,323,87,4,"Works well, matches the description. Happy with it.",2025-10-27
1214,2262,896,53,4,"Works well, matches the description. Happy with it.",2026-01-03
1215,2264,540,129,4,"Nice quality, delivery was a bit delayed but product is good.",2026-03-14
1216,2266,1985,11,5,Best in this price range. Will buy again from this brand.,2024-10-21
1217,2267,1260,73,5,Superb quality and fast delivery. Highly recommend to everyone.,2024-07-07
1218,2269,1134,13,4,"Works well, matches the description. Happy with it.",2025-04-12
1219,2271,1377,38,1,"Very disappointed, product stopped working within days.",2026-07-07
1220,2276,1624,105,4,"Decent product for the price, would recommend with minor caution.",2026-02-11
1221,2278,283,19,3,"Average product, expected a bit more for this price.",2026-01-15
1222,2279,996,115,4,"Works well, matches the description. Happy with it.",2026-02-21
1223,2280,100,14,4,"Works well, matches the description. Happy with it.",2025-07-10
1224,2283,248,12,3,"It's okay, nothing special but does the job.",2024-10-15
1225,2284,1518,37,4,"Works well, matches the description. Happy with it.",2025-09-13
1226,2285,324,118,3,"Quality is average, packaging could have been better.",2025-12-22
1227,2288,1941,83,5,Best in this price range. Will buy again from this brand.,2025-11-14
1228,2289,1950,74,4,"Decent product for the price, would recommend with minor caution.",2026-01-07
1229,2290,585,58,4,"Nice quality, delivery was a bit delayed but product is good.",2026-04-29
1230,2291,1150,100,3,"It's okay, nothing special but does the job.",2024-08-23
1231,2293,1776,95,3,Product is fine but delivery took longer than expected.,2026-08-17
1232,2295,861,80,5,"Excellent product, exactly as described. Very happy with the purchase.",2026-03-20
1233,2296,920,40,5,Amazing value for money. Packaging was also very good.,2026-03-22
1234,2298,1956,18,5,Amazing value for money. Packaging was also very good.,2025-02-24
1235,2300,1172,34,3,Product is fine but delivery took longer than expected.,2024-05-05
1236,2301,1210,114,2,"Product had minor defects, considering a return.",2025-03-30
1237,2302,542,94,4,"Nice quality, delivery was a bit delayed but product is good.",2026-01-05
1238,2304,1173,102,5,Amazing value for money. Packaging was also very good.,2026-08-11
1239,2305,1472,55,1,"Very disappointed, product stopped working within days.",2025-06-01
1240,2306,482,127,3,"It's okay, nothing special but does the job.",2025-07-31
1241,2307,1121,96,5,"Excellent product, exactly as described. Very happy with the purchase.",2026-06-03
1242,2308,498,123,2,"Not satisfied, quality is below expectations.",2026-07-24
1243,2309,544,2,1,"Worst experience, will not order this brand again.",2025-01-15
1244,2310,53,111,2,Delivery was late and product quality is average at best.,2025-10-25
1245,2315,1274,41,1,"Very disappointed, product stopped working within days.",2026-05-14
1246,2317,1411,17,5,"Excellent product, exactly as described. Very happy with the purchase.",2026-07-30
1247,2319,145,39,1,"Worst experience, will not order this brand again.",2025-11-02
1248,2321,1837,114,3,"Quality is average, packaging could have been better.",2025-11-27
1249,2323,1616,63,3,Product is fine but delivery took longer than expected.,2025-02-23
1250,2324,886,39,2,"Not worth the price, expected better quality.",2026-07-29
1251,2328,1259,129,3,"Quality is average, packaging could have been better.",2025-03-11
1252,2329,1491,122,3,"It's okay, nothing special but does the job.",2026-03-03
1253,2335,428,56,2,"Product had minor defects, considering a return.",2025-02-04
1254,2337,1227,110,1,"Very disappointed, product stopped working within days.",2026-04-23
1255,2338,1667,73,4,"Works well, matches the description. Happy with it.",2025-09-29
1256,2340,1998,98,4,"Nice quality, delivery was a bit delayed but product is good.",2026-06-30
1257,2341,1200,20,4,"Good product overall, minor issues but satisfied with the purchase.",2025-12-27
1258,2342,591,59,1,"Worst experience, will not order this brand again.",2025-11-15
1259,2343,1403,42,4,"Good product overall, minor issues but satisfied with the purchase.",2025-07-12
1260,2345,1903,88,5,Amazing value for money. Packaging was also very good.,2025-11-15
1261,2346,1007,129,5,"Excellent product, exactly as described. Very happy with the purchase.",2024-05-09
1262,2348,595,13,4,"Works well, matches the description. Happy with it.",2024-09-23
1263,2350,1228,70,5,Superb quality and fast delivery. Highly recommend to everyone.,2025-09-08
1264,2351,878,69,5,"Excellent product, exactly as described. Very happy with the purchase.",2026-03-16
1265,2352,1390,1,3,"Average product, expected a bit more for this price.",2025-09-10
1266,2353,413,13,1,"Worst experience, will not order this brand again.",2025-06-12
1267,2356,1071,83,2,Delivery was late and product quality is average at best.,2026-05-26
1268,2357,722,45,5,Superb quality and fast delivery. Highly recommend to everyone.,2026-06-19
1269,2359,1753,15,4,"Good product overall, minor issues but satisfied with the purchase.",2025-12-22
1270,2365,1050,45,4,"Nice quality, delivery was a bit delayed but product is good.",2026-07-15
1271,2367,1530,4,3,"It's okay, nothing special but does the job.",2024-11-24
1272,2368,1244,125,2,"Not worth the price, expected better quality.",2025-07-25
1273,2369,1798,70,5,Amazing value for money. Packaging was also very good.,2025-08-08
1274,2374,288,111,5,Best in this price range. Will buy again from this brand.,2025-11-28
1275,2377,36,80,5,Amazing value for money. Packaging was also very good.,2025-07-16
1276,2381,265,82,5,Amazing value for money. Packaging was also very good.,2026-03-09
1277,2382,1054,28,5,Superb quality and fast delivery. Highly recommend to everyone.,2026-07-06
1278,2383,451,110,5,Amazing value for money. Packaging was also very good.,2025-03-09
1279,2384,772,72,3,Product is fine but delivery took longer than expected.,2026-01-01
1280,2386,787,55,3,"Quality is average, packaging could have been better.",2025-06-08
1281,2387,761,24,5,Best in this price range. Will buy again from this brand.,2024-10-06
1282,2390,943,57,4,"Works well, matches the description. Happy with it.",2026-01-09
1283,2393,1111,115,3,"Quality is average, packaging could have been better.",2025-11-04
1284,2397,136,17,3,"It's okay, nothing special but does the job.",2025-04-29
1285,2398,620,100,5,Amazing value for money. Packaging was also very good.,2025-05-07
1286,2399,540,114,3,"It's okay, nothing special but does the job.",2025-09-18
1287,2400,1966,103,5,"Excellent product, exactly as described. Very happy with the purchase.",2025-04-23
1288,2401,223,8,5,Superb quality and fast delivery. Highly recommend to everyone.,2024-10-30
1289,2407,563,112,4,"Decent product for the price, would recommend with minor caution.",2026-04-24
1290,2408,95,81,4,"Good product overall, minor issues but satisfied with the purchase.",2025-01-07
1291,2411,1650,56,5,Best in this price range. Will buy again from this brand.,2026-04-29
1292,2412,1396,82,2,"Not worth the price, expected better quality.",2026-03-10
1293,2417,1625,13,4,"Works well, matches the description. Happy with it.",2025-03-26
1294,2418,665,20,2,"Product had minor defects, considering a return.",2026-02-26
1295,2419,1788,115,3,"Quality is average, packaging could have been better.",2025-07-19
1296,2420,1309,69,5,Superb quality and fast delivery. Highly recommend to everyone.,2026-06-17
1297,2421,2000,76,4,"Works well, matches the description. Happy with it.",2025-08-03
1298,2424,427,91,3,"Average product, expected a bit more for this price.",2026-03-29
1299,2425,1879,38,4,"Nice quality, delivery was a bit delayed but product is good.",2024-10-08
1300,2427,679,78,5,Amazing value for money. Packaging was also very good.,2025-09-24
1301,2428,359,97,5,Amazing value for money. Packaging was also very good.,2025-03-06
1302,2434,1943,20,4,"Nice quality, delivery was a bit delayed but product is good.",2025-06-08
1303,2437,523,53,3,"It's okay, nothing special but does the job.",2026-03-02
1304,2438,1508,33,2,"Product had minor defects, considering a return.",2026-08-08
1305,2439,495,8,2,Delivery was late and product quality is average at best.,2026-06-17
1306,2440,713,8,5,"Excellent product, exactly as described. Very happy with the purchase.",2026-06-18
1307,2441,1678,49,5,Amazing value for money. Packaging was also very good.,2024-11-09
1308,2442,1529,106,4,"Works well, matches the description. Happy with it.",2025-06-23
1309,2444,276,33,5,Amazing value for money. Packaging was also very good.,2026-02-22
1310,2446,1991,57,4,"Good product overall, minor issues but satisfied with the purchase.",2025-06-28
1311,2450,739,36,5,Superb quality and fast delivery. Highly recommend to everyone.,2026-01-16
1312,2451,1126,126,4,"Works well, matches the description. Happy with it.",2025-05-16
1313,2452,1198,98,5,Amazing value for money. Packaging was also very good.,2026-08-15
1314,2453,1553,125,3,"Quality is average, packaging could have been better.",2025-07-27
1315,2456,704,54,4,"Decent product for the price, would recommend with minor caution.",2024-05-15
1316,2458,1093,59,3,Product is fine but delivery took longer than expected.,2026-05-04
1317,2460,1425,124,4,"Works well, matches the description. Happy with it.",2024-06-25
1318,2462,438,3,2,"Not satisfied, quality is below expectations.",2024-07-24
1319,2463,903,109,3,Product is fine but delivery took longer than expected.,2025-09-08
1320,2464,1648,14,4,"Nice quality, delivery was a bit delayed but product is good.",2025-05-03
1321,2467,996,20,4,"Works well, matches the description. Happy with it.",2026-02-19
1322,2468,831,109,4,"Good product overall, minor issues but satisfied with the purchase.",2026-08-17
1323,2470,406,19,3,Product is fine but delivery took longer than expected.,2025-01-07
1324,2472,885,86,4,"Nice quality, delivery was a bit delayed but product is good.",2026-04-05
1325,2476,1064,35,5,Amazing value for money. Packaging was also very good.,2024-09-13
1326,2479,1742,54,5,Superb quality and fast delivery. Highly recommend to everyone.,2025-09-13
1327,2481,240,41,5,Best in this price range. Will buy again from this brand.,2026-02-13
1328,2482,1762,86,5,"Excellent product, exactly as described. Very happy with the purchase.",2026-08-01
1329,2483,612,77,4,"Decent product for the price, would recommend with minor caution.",2026-02-05
1330,2484,541,111,3,"Quality is average, packaging could have been better.",2025-10-12
1331,2485,1495,92,3,"It's okay, nothing special but does the job.",2026-03-02
1332,2486,970,63,4,"Good product overall, minor issues but satisfied with the purchase.",2025-11-11
1333,2487,739,60,5,"Excellent product, exactly as described. Very happy with the purchase.",2026-01-19
1334,2489,548,100,2,"Not satisfied, quality is below expectations.",2025-07-27
1335,2491,757,95,5,Amazing value for money. Packaging was also very good.,2026-06-29
1336,2492,1944,101,3,"Average product, expected a bit more for this price.",2025-02-10
1337,2493,427,105,5,Superb quality and fast delivery. Highly recommend to everyone.,2025-09-17
1338,2495,1547,127,5,Amazing value for money. Packaging was also very good.,2026-07-18
1339,2496,973,118,4,"Decent product for the price, would recommend with minor caution.",2024-06-15
1340,2498,842,110,5,Best in this price range. Will buy again from this brand.,2026-08-17
1341,2499,208,38,3,Product is fine but delivery took longer than expected.,2025-09-25
1342,2500,1262,20,5,Superb quality and fast delivery. Highly recommend to everyone.,2026-04-24
1343,2501,1939,26,3,"It's okay, nothing special but does the job.",2025-08-15
1344,2502,1423,8,3,"Average product, expected a bit more for this price.",2025-07-11
1345,2504,561,124,3,"It's okay, nothing special but does the job.",2026-08-02
1346,2506,585,77,3,"It's okay, nothing special but does the job.",2025-12-17
1347,2510,1292,3,5,Amazing value for money. Packaging was also very good.,2026-04-09
1348,2513,53,58,5,Superb quality and fast delivery. Highly recommend to everyone.,2025-06-07
1349,2514,215,28,3,"Average product, expected a bit more for this price.",2026-06-11
1350,2516,1560,58,5,Amazing value for money. Packaging was also very good.,2026-07-03
1351,2517,1880,124,3,"Quality is average, packaging could have been better.",2026-02-13
1352,2519,544,16,4,"Works well, matches the description. Happy with it.",2024-07-03
1353,2522,1842,10,1,"Worst experience, will not order this brand again.",2026-05-04
1354,2525,1577,129,5,Best in this price range. Will buy again from this brand.,2024-11-18
1355,2526,535,16,5,Superb quality and fast delivery. Highly recommend to everyone.,2026-04-04
1356,2527,1425,25,5,"Excellent product, exactly as described. Very happy with the purchase.",2025-08-02
1357,2528,421,98,5,Amazing value for money. Packaging was also very good.,2026-04-26
1358,2529,1752,23,2,"Not worth the price, expected better quality.",2025-12-18
1359,2531,622,2,4,"Nice quality, delivery was a bit delayed but product is good.",2026-04-29
1360,2535,1762,19,3,"It's okay, nothing special but does the job.",2026-08-17
1361,2540,1123,89,3,"Average product, expected a bit more for this price.",2025-01-22
1362,2542,1476,120,4,"Good product overall, minor issues but satisfied with the purchase.",2026-03-03
1363,2547,1307,117,5,"Excellent product, exactly as described. Very happy with the purchase.",2026-01-06
1364,2548,741,67,2,Delivery was late and product quality is average at best.,2026-06-08
1365,2551,1049,27,5,"Excellent product, exactly as described. Very happy with the purchase.",2026-04-13
1366,2553,206,37,5,Best in this price range. Will buy again from this brand.,2026-03-28
1367,2554,1475,90,3,"Average product, expected a bit more for this price.",2024-08-11
1368,2555,293,47,4,"Works well, matches the description. Happy with it.",2025-09-11
1369,2556,569,40,4,"Good product overall, minor issues but satisfied with the purchase.",2025-07-17
1370,2557,1220,70,4,"Nice quality, delivery was a bit delayed but product is good.",2025-09-17
1371,2562,1435,93,1,"Worst experience, will not order this brand again.",2026-05-05
1372,2564,150,27,4,"Decent product for the price, would recommend with minor caution.",2026-02-27
1373,2565,675,86,5,Best in this price range. Will buy again from this brand.,2025-08-15
1374,2567,590,33,3,"Quality is average, packaging could have been better.",2026-01-15
1375,2568,1381,58,3,Product is fine but delivery took longer than expected.,2025-09-23
1376,2569,1870,7,1,"Worst experience, will not order this brand again.",2025-09-29
1377,2570,1584,38,4,"Works well, matches the description. Happy with it.",2024-08-06
1378,2572,825,4,4,"Good product overall, minor issues but satisfied with the purchase.",2025-10-19
1379,2577,680,62,4,"Nice quality, delivery was a bit delayed but product is good.",2025-06-13
1380,2581,330,102,2,"Product had minor defects, considering a return.",2025-11-16
1381,2582,1022,47,5,Best in this price range. Will buy again from this brand.,2026-03-21
1382,2583,578,62,4,"Nice quality, delivery was a bit delayed but product is good.",2025-12-04
1383,2584,618,9,3,"Quality is average, packaging could have been better.",2025-08-24
1384,2586,671,81,5,"Excellent product, exactly as described. Very happy with the purchase.",2025-09-11
1385,2587,59,128,4,"Decent product for the price, would recommend with minor caution.",2025-05-20
1386,2588,337,62,2,"Not worth the price, expected better quality.",2026-06-20
1387,2591,1868,112,3,"Average product, expected a bit more for this price.",2026-03-09
1388,2592,1229,26,1,"Very disappointed, product stopped working within days.",2025-11-13
1389,2594,363,92,1,"Received a damaged item, requesting refund immediately.",2026-04-23
1390,2596,1540,32,5,Amazing value for money. Packaging was also very good.,2025-01-20
1391,2599,1268,125,4,"Works well, matches the description. Happy with it.",2025-11-25
1392,2604,445,60,2,"Not satisfied, quality is below expectations.",2024-09-13
1393,2605,954,20,4,"Nice quality, delivery was a bit delayed but product is good.",2026-04-20
1394,2606,590,114,2,"Not worth the price, expected better quality.",2026-03-17
1395,2608,165,128,3,Product is fine but delivery took longer than expected.,2025-12-11
1396,2611,977,105,5,Best in this price range. Will buy again from this brand.,2025-09-20
1397,2612,320,18,3,"It's okay, nothing special but does the job.",2024-09-02
1398,2613,1393,7,5,"Excellent product, exactly as described. Very happy with the purchase.",2026-05-02
1399,2618,502,63,2,"Product had minor defects, considering a return.",2026-08-12
1400,2619,305,19,4,"Nice quality, delivery was a bit delayed but product is good.",2026-03-24
1401,2623,431,36,5,Amazing value for money. Packaging was also very good.,2026-05-03
1402,2624,1784,91,4,"Nice quality, delivery was a bit delayed but product is good.",2026-08-17
1403,2627,510,94,2,Delivery was late and product quality is average at best.,2025-07-30
1404,2628,1257,106,4,"Good product overall, minor issues but satisfied with the purchase.",2025-07-22
1405,2629,873,74,4,"Nice quality, delivery was a bit delayed but product is good.",2025-11-29
1406,2630,834,81,4,"Decent product for the price, would recommend with minor caution.",2025-11-07
1407,2631,1163,86,4,"Nice quality, delivery was a bit delayed but product is good.",2025-10-25
1408,2632,1775,33,5,Best in this price range. Will buy again from this brand.,2025-06-25
1409,2633,368,60,3,"It's okay, nothing special but does the job.",2025-10-10
1410,2635,269,78,4,"Good product overall, minor issues but satisfied with the purchase.",2025-10-01
1411,2636,9,51,5,Amazing value for money. Packaging was also very good.,2025-10-14
1412,2637,1756,2,4,"Decent product for the price, would recommend with minor caution.",2026-02-16
1413,2638,1162,36,4,"Works well, matches the description. Happy with it.",2025-07-21
1414,2639,1343,53,3,"Quality is average, packaging could have been better.",2024-10-24
1415,2640,600,37,5,Superb quality and fast delivery. Highly recommend to everyone.,2025-07-09
1416,2642,820,114,2,"Not satisfied, quality is below expectations.",2026-01-30
1417,2645,1819,75,5,"Excellent product, exactly as described. Very happy with the purchase.",2026-07-17
1418,2646,519,53,5,Best in this price range. Will buy again from this brand.,2026-02-05
1419,2647,925,98,5,Best in this price range. Will buy again from this brand.,2025-12-06
1420,2648,1416,104,5,Amazing value for money. Packaging was also very good.,2025-09-12
1421,2651,574,14,5,Superb quality and fast delivery. Highly recommend to everyone.,2025-10-03
1422,2658,1055,123,5,Superb quality and fast delivery. Highly recommend to everyone.,2025-11-15
1423,2660,782,29,5,Amazing value for money. Packaging was also very good.,2025-02-15
1424,2662,211,53,2,Delivery was late and product quality is average at best.,2025-05-30
1425,2664,175,121,2,"Product had minor defects, considering a return.",2025-09-28
1426,2666,1782,8,5,Amazing value for money. Packaging was also very good.,2026-04-07
1427,2667,389,18,2,"Product had minor defects, considering a return.",2025-01-21
1428,2669,1344,42,3,"Quality is average, packaging could have been better.",2026-02-27
1429,2676,874,2,3,Product is fine but delivery took longer than expected.,2025-05-31
1430,2677,1875,121,2,"Product had minor defects, considering a return.",2026-08-17
1431,2679,991,121,2,"Not worth the price, expected better quality.",2026-02-27
1432,2681,985,100,3,"Average product, expected a bit more for this price.",2026-05-24
1433,2684,715,115,5,Superb quality and fast delivery. Highly recommend to everyone.,2026-02-08
1434,2687,825,105,3,"Quality is average, packaging could have been better.",2026-02-04
1435,2689,1260,39,5,Best in this price range. Will buy again from this brand.,2026-01-01
1436,2691,1423,23,5,"Excellent product, exactly as described. Very happy with the purchase.",2024-11-07
1437,2696,822,54,2,"Not worth the price, expected better quality.",2025-04-13
1438,2697,1225,53,4,"Nice quality, delivery was a bit delayed but product is good.",2025-07-09
1439,2698,424,23,3,Product is fine but delivery took longer than expected.,2025-04-22
1440,2699,967,65,5,"Excellent product, exactly as described. Very happy with the purchase.",2025-10-02
1441,2700,1893,100,2,Delivery was late and product quality is average at best.,2025-09-23
1442,2702,285,105,3,Product is fine but delivery took longer than expected.,2026-02-21
1443,2705,1804,37,1,"Very disappointed, product stopped working within days.",2026-07-08
1444,2706,623,97,4,"Decent product for the price, would recommend with minor caution.",2025-11-24
1445,2709,406,82,1,"Poor quality, does not match the images shown online.",2026-07-21
1446,2712,1133,30,2,"Product had minor defects, considering a return.",2025-06-30
1447,2716,1447,107,2,"Product had minor defects, considering a return.",2026-05-01
1448,2717,349,7,4,"Works well, matches the description. Happy with it.",2025-09-01
1449,2719,1559,118,3,"Average product, expected a bit more for this price.",2025-10-06
1450,2722,1256,52,3,"Quality is average, packaging could have been better.",2025-06-20
1451,2723,286,32,5,Superb quality and fast delivery. Highly recommend to everyone.,2026-03-08
1452,2724,477,92,3,"Quality is average, packaging could have been better.",2026-08-17
1453,2725,1664,26,2,"Not satisfied, quality is below expectations.",2026-08-11
1454,2730,1433,115,3,"Average product, expected a bit more for this price.",2025-12-10
1455,2731,1674,48,5,Superb quality and fast delivery. Highly recommend to everyone.,2025-03-26
1456,2732,1463,1,3,Product is fine but delivery took longer than expected.,2025-09-03
1457,2733,652,28,5,Superb quality and fast delivery. Highly recommend to everyone.,2025-09-29
1458,2738,1961,91,4,"Good product overall, minor issues but satisfied with the purchase.",2026-05-18
1459,2739,1092,30,5,Amazing value for money. Packaging was also very good.,2025-06-30
1460,2742,1007,119,1,"Received a damaged item, requesting refund immediately.",2025-04-18
1461,2744,1298,101,3,"Quality is average, packaging could have been better.",2023-12-27
1462,2748,41,67,5,Best in this price range. Will buy again from this brand.,2026-05-22
1463,2750,1301,7,1,"Received a damaged item, requesting refund immediately.",2025-02-19
1464,2752,753,127,2,"Product had minor defects, considering a return.",2026-04-10
1465,2753,1010,93,4,"Good product overall, minor issues but satisfied with the purchase.",2026-02-07
1466,2755,1998,108,3,Product is fine but delivery took longer than expected.,2026-06-27
1467,2758,1751,56,4,"Good product overall, minor issues but satisfied with the purchase.",2025-08-06
1468,2765,105,72,5,Superb quality and fast delivery. Highly recommend to everyone.,2025-07-13
1469,2766,402,120,5,"Excellent product, exactly as described. Very happy with the purchase.",2025-09-29
1470,2770,1428,77,4,"Nice quality, delivery was a bit delayed but product is good.",2025-11-22
1471,2772,1222,60,5,Amazing value for money. Packaging was also very good.,2025-01-31
1472,2774,229,91,1,"Received a damaged item, requesting refund immediately.",2024-09-19
1473,2775,822,118,3,"It's okay, nothing special but does the job.",2025-05-02
1474,2779,1635,21,5,Amazing value for money. Packaging was also very good.,2025-11-03
1475,2780,1364,78,4,"Decent product for the price, would recommend with minor caution.",2026-04-16
1476,2781,451,9,2,"Not worth the price, expected better quality.",2025-12-22
1477,2782,1114,107,3,"Average product, expected a bit more for this price.",2026-03-15
1478,2786,906,4,5,Best in this price range. Will buy again from this brand.,2025-05-20
1479,2787,480,111,5,Amazing value for money. Packaging was also very good.,2025-07-01
1480,2788,1267,19,5,Best in this price range. Will buy again from this brand.,2025-10-21
1481,2791,355,56,2,"Not worth the price, expected better quality.",2026-06-04
1482,2794,821,38,5,Best in this price range. Will buy again from this brand.,2026-04-29
1483,2795,505,93,4,"Good product overall, minor issues but satisfied with the purchase.",2026-01-10
1484,2796,1242,29,1,"Poor quality, does not match the images shown online.",2025-10-28
1485,2798,510,96,1,"Poor quality, does not match the images shown online.",2025-06-29
1486,2800,1389,83,1,"Worst experience, will not order this brand again.",2025-11-16
1487,2802,696,116,5,"Excellent product, exactly as described. Very happy with the purchase.",2026-02-28
1488,2804,1680,41,4,"Decent product for the price, would recommend with minor caution.",2025-11-01
1489,2806,234,92,1,"Received a damaged item, requesting refund immediately.",2026-01-31
1490,2809,1657,2,3,"It's okay, nothing special but does the job.",2026-07-18
1491,2810,1067,9,2,"Not satisfied, quality is below expectations.",2026-08-13
1492,2811,710,44,5,"Excellent product, exactly as described. Very happy with the purchase.",2026-04-06
1493,2812,813,13,5,Amazing value for money. Packaging was also very good.,2024-04-16
1494,2813,422,118,2,"Not worth the price, expected better quality.",2025-02-02
1495,2814,1457,62,3,"It's okay, nothing special but does the job.",2026-01-06
1496,2815,155,34,3,"Average product, expected a bit more for this price.",2026-04-11
1497,2816,643,72,4,"Works well, matches the description. Happy with it.",2024-11-18
1498,2817,305,44,5,Amazing value for money. Packaging was also very good.,2025-03-07
1499,2822,1328,124,1,"Received a damaged item, requesting refund immediately.",2025-08-10
1500,2825,1628,83,5,Superb quality and fast delivery. Highly recommend to everyone.,2025-11-29
1501,2827,532,108,5,"Excellent product, exactly as described. Very happy with the purchase.",2026-05-08
1502,2828,694,48,1,"Very disappointed, product stopped working within days.",2026-08-02
1503,2829,914,30,1,"Received a damaged item, requesting refund immediately.",2026-01-09
1504,2831,823,98,5,Superb quality and fast delivery. Highly recommend to everyone.,2026-01-26
1505,2833,1075,74,4,"Nice quality, delivery was a bit delayed but product is good.",2025-07-27
1506,2834,446,74,2,"Product had minor defects, considering a return.",2025-12-11
1507,2835,1613,46,3,"It's okay, nothing special but does the job.",2025-12-31
1508,2836,608,29,3,"It's okay, nothing special but does the job.",2026-05-22
1509,2837,1402,27,4,"Decent product for the price, would recommend with minor caution.",2025-02-23
1510,2839,56,100,5,"Excellent product, exactly as described. Very happy with the purchase.",2026-03-10
1511,2840,1215,124,3,Product is fine but delivery took longer than expected.,2025-08-13
1512,2841,1597,1,1,"Worst experience, will not order this brand again.",2026-06-08
1513,2844,1942,43,4,"Decent product for the price, would recommend with minor caution.",2026-07-14
1514,2845,457,68,1,"Poor quality, does not match the images shown online.",2026-05-30
1515,2846,1186,116,5,Superb quality and fast delivery. Highly recommend to everyone.,2025-02-25
1516,2847,255,23,3,"Quality is average, packaging could have been better.",2026-06-16
1517,2848,1938,14,5,Best in this price range. Will buy again from this brand.,2025-06-01
1518,2850,1259,15,5,"Excellent product, exactly as described. Very happy with the purchase.",2025-07-02
1519,2851,1005,72,4,"Good product overall, minor issues but satisfied with the purchase.",2024-08-25
1520,2853,1927,3,4,"Works well, matches the description. Happy with it.",2026-04-03
1521,2855,410,44,5,Amazing value for money. Packaging was also very good.,2026-03-06
1522,2856,722,107,4,"Good product overall, minor issues but satisfied with the purchase.",2026-05-22
1523,2857,447,19,5,"Excellent product, exactly as described. Very happy with the purchase.",2025-08-20
1524,2859,97,4,5,Best in this price range. Will buy again from this brand.,2026-04-24
1525,2861,399,31,2,"Product had minor defects, considering a return.",2025-06-18
1526,2862,1764,10,2,"Product had minor defects, considering a return.",2026-05-16
1527,2863,1710,122,2,Delivery was late and product quality is average at best.,2024-04-18
1528,2864,761,86,4,"Nice quality, delivery was a bit delayed but product is good.",2025-08-26
1529,2866,1702,72,4,"Nice quality, delivery was a bit delayed but product is good.",2026-07-07
1530,2867,298,88,4,"Nice quality, delivery was a bit delayed but product is good.",2026-04-30
1531,2868,1230,48,5,"Excellent product, exactly as described. Very happy with the purchase.",2025-12-14
1532,2869,1514,66,1,"Worst experience, will not order this brand again.",2026-03-11
1533,2870,1853,47,4,"Works well, matches the description. Happy with it.",2026-05-15
1534,2871,1426,67,4,"Decent product for the price, would recommend with minor caution.",2026-02-10
1535,2872,1583,82,4,"Good product overall, minor issues but satisfied with the purchase.",2025-09-24
1536,2873,108,121,1,"Poor quality, does not match the images shown online.",2026-01-12
1537,2875,743,119,4,"Works well, matches the description. Happy with it.",2026-03-29
1538,2876,1152,46,3,"Average product, expected a bit more for this price.",2026-07-14
1539,2877,1827,24,3,"Average product, expected a bit more for this price.",2024-11-12
1540,2879,1419,58,3,"Quality is average, packaging could have been better.",2025-06-22
1541,2881,193,59,1,"Very disappointed, product stopped working within days.",2025-12-21
1542,2882,504,61,3,"Quality is average, packaging could have been better.",2024-11-11
1543,2883,1826,80,4,"Decent product for the price, would recommend with minor caution.",2025-09-08
1544,2884,1133,70,5,Best in this price range. Will buy again from this brand.,2026-03-29
1545,2885,1420,95,2,"Product had minor defects, considering a return.",2025-08-30
1546,2886,719,24,4,"Works well, matches the description. Happy with it.",2025-12-28
1547,2888,584,90,2,"Not worth the price, expected better quality.",2026-07-05
1548,2889,1838,82,2,"Product had minor defects, considering a return.",2025-02-17
1549,2891,156,19,5,"Excellent product, exactly as described. Very happy with the purchase.",2025-12-07
1550,2892,1263,45,5,"Excellent product, exactly as described. Very happy with the purchase.",2025-02-02
1551,2893,783,111,5,"Excellent product, exactly as described. Very happy with the purchase.",2025-12-30
1552,2894,355,89,4,"Decent product for the price, would recommend with minor caution.",2026-02-06
1553,2896,473,79,1,"Poor quality, does not match the images shown online.",2026-02-13
1554,2897,603,46,4,"Decent product for the price, would recommend with minor caution.",2026-07-14
1555,2898,413,59,4,"Works well, matches the description. Happy with it.",2026-02-19
1556,2899,210,98,4,"Nice quality, delivery was a bit delayed but product is good.",2026-05-20
1557,2904,1728,3,2,Delivery was late and product quality is average at best.,2025-11-13
1558,2908,435,73,4,"Good product overall, minor issues but satisfied with the purchase.",2026-05-19
1559,2909,773,112,3,"Quality is average, packaging could have been better.",2025-08-25
1560,2910,529,28,3,Product is fine but delivery took longer than expected.,2026-01-06
1561,2911,1787,111,3,Product is fine but delivery took longer than expected.,2026-03-31
1562,2915,866,25,4,"Nice quality, delivery was a bit delayed but product is good.",2026-05-23
1563,2917,754,112,3,"It's okay, nothing special but does the job.",2025-10-27
1564,2919,1449,59,3,"Quality is average, packaging could have been better.",2025-12-09
1565,2920,1459,68,4,"Decent product for the price, would recommend with minor caution.",2026-01-15
1566,2921,966,43,5,Best in this price range. Will buy again from this brand.,2026-03-02
1567,2925,1325,63,5,Amazing value for money. Packaging was also very good.,2025-02-18
1568,2926,107,51,4,"Works well, matches the description. Happy with it.",2025-11-28
1569,2927,1721,21,1,"Worst experience, will not order this brand again.",2024-06-27
1570,2930,1451,90,5,Amazing value for money. Packaging was also very good.,2025-08-07
1571,2931,443,107,1,"Very disappointed, product stopped working within days.",2025-05-25
1572,2932,442,73,5,"Excellent product, exactly as described. Very happy with the purchase.",2025-01-19
1573,2933,1600,63,4,"Good product overall, minor issues but satisfied with the purchase.",2026-01-11
1574,2934,309,113,4,"Good product overall, minor issues but satisfied with the purchase.",2024-12-26
1575,2935,1522,57,5,Best in this price range. Will buy again from this brand.,2026-06-09
1576,2936,1775,119,2,"Not worth the price, expected better quality.",2025-05-03
1577,2937,279,101,1,"Worst experience, will not order this brand again.",2025-05-23
1578,2938,1258,126,4,"Decent product for the price, would recommend with minor caution.",2026-04-16
1579,2943,1775,120,5,"Excellent product, exactly as described. Very happy with the purchase.",2025-07-26
1580,2944,410,82,5,Superb quality and fast delivery. Highly recommend to everyone.,2025-05-28
1581,2946,1744,9,3,Product is fine but delivery took longer than expected.,2025-02-13
1582,2948,1964,109,5,"Excellent product, exactly as described. Very happy with the purchase.",2026-02-16
1583,2950,1400,4,4,"Good product overall, minor issues but satisfied with the purchase.",2026-05-03
1584,2952,1198,93,3,"Quality is average, packaging could have been better.",2026-08-17
1585,2953,1568,103,4,"Works well, matches the description. Happy with it.",2025-10-21
1586,2955,1903,110,2,"Not satisfied, quality is below expectations.",2025-02-17
1587,2959,273,88,4,"Decent product for the price, would recommend with minor caution.",2025-05-13
1588,2960,1315,71,4,"Nice quality, delivery was a bit delayed but product is good.",2025-10-26
1589,2961,8,48,2,Delivery was late and product quality is average at best.,2026-01-14
1590,2963,138,91,5,Best in this price range. Will buy again from this brand.,2025-01-21
1591,2967,538,5,2,Delivery was late and product quality is average at best.,2025-02-13
1592,2969,1101,105,3,"Average product, expected a bit more for this price.",2026-05-02
1593,2970,982,24,4,"Works well, matches the description. Happy with it.",2026-03-09
1594,2971,1381,37,5,Best in this price range. Will buy again from this brand.,2024-11-18
1595,2972,1935,82,3,Product is fine but delivery took longer than expected.,2026-06-20
1596,2973,1274,94,5,Amazing value for money. Packaging was also very good.,2026-05-18
1597,2974,1234,15,4,"Good product overall, minor issues but satisfied with the purchase.",2026-03-23
1598,2975,1388,20,3,"Average product, expected a bit more for this price.",2026-02-13
1599,2976,769,29,3,"It's okay, nothing special but does the job.",2025-04-02
1600,2977,441,25,2,"Product had minor defects, considering a return.",2026-08-17
1601,2979,134,99,5,Amazing value for money. Packaging was also very good.,2026-02-26
1602,2980,1673,41,4,"Works well, matches the description. Happy with it.",2024-10-27
1603,2983,396,76,4,"Decent product for the price, would recommend with minor caution.",2025-08-26
1604,2986,904,26,2,"Not satisfied, quality is below expectations.",2025-09-09
1605,2988,1519,111,3,"Quality is average, packaging could have been better.",2026-03-12
1606,2990,1258,69,4,"Works well, matches the description. Happy with it.",2026-03-27
1607,2992,1533,98,4,"Nice quality, delivery was a bit delayed but product is good.",2026-08-10
1608,2994,253,107,4,"Good product overall, minor issues but satisfied with the purchase.",2025-07-09
1609,2995,172,92,4,"Good product overall, minor issues but satisfied with the purchase.",2026-08-17
1610,2996,781,98,3,"It's okay, nothing special but does the job.",2026-03-08
1611,2997,555,23,3,"Quality is average, packaging could have been better.",2025-08-07
1612,2999,934,41,4,"Decent product for the price, would recommend with minor caution.",2025-09-20
1613,3001,521,119,3,"Average product, expected a bit more for this price.",2026-02-23
1614,3002,605,12,3,Product is fine but delivery took longer than expected.,2025-10-24
1615,3003,1645,38,4,"Decent product for the price, would recommend with minor caution.",2025-11-21
1616,3005,373,108,3,"It's okay, nothing special but does the job.",2025-01-30
1617,3006,540,103,4,"Good product overall, minor issues but satisfied with the purchase.",2025-07-07
1618,3007,1471,22,3,Product is fine but delivery took longer than expected.,2026-03-02
1619,3008,677,67,4,"Works well, matches the description. Happy with it.",2025-06-23
1620,3010,1088,114,5,"Excellent product, exactly as described. Very happy with the purchase.",2025-08-10
1621,3012,854,36,3,"It's okay, nothing special but does the job.",2025-11-23
1622,3013,201,50,3,"It's okay, nothing special but does the job.",2026-02-24
1623,3018,1961,79,5,"Excellent product, exactly as described. Very happy with the purchase.",2025-04-27
1624,3020,679,33,5,"Excellent product, exactly as described. Very happy with the purchase.",2026-01-04
1625,3021,1140,104,5,Amazing value for money. Packaging was also very good.,2025-10-07
1626,3022,1710,98,1,"Received a damaged item, requesting refund immediately.",2026-02-17
1627,3025,503,11,5,Amazing value for money. Packaging was also very good.,2025-05-10
1628,3028,1994,72,4,"Works well, matches the description. Happy with it.",2025-02-03
1629,3029,301,52,2,Delivery was late and product quality is average at best.,2024-11-19
1630,3030,1401,85,1,"Poor quality, does not match the images shown online.",2026-02-18
1631,3031,1276,118,2,"Not worth the price, expected better quality.",2026-01-15
1632,3032,1446,99,3,"Average product, expected a bit more for this price.",2025-12-05
1633,3034,1268,86,2,"Product had minor defects, considering a return.",2025-11-15
1634,3035,652,112,4,"Good product overall, minor issues but satisfied with the purchase.",2025-06-17
1635,3038,226,50,4,"Works well, matches the description. Happy with it.",2025-05-25
1636,3040,576,56,5,Amazing value for money. Packaging was also very good.,2026-01-31
1637,3041,782,13,3,Product is fine but delivery took longer than expected.,2025-05-29
1638,3045,1080,125,4,"Works well, matches the description. Happy with it.",2025-06-03
1639,3046,854,89,5,Best in this price range. Will buy again from this brand.,2026-03-26
1640,3048,826,36,5,"Excellent product, exactly as described. Very happy with the purchase.",2025-11-14
1641,3049,423,77,4,"Nice quality, delivery was a bit delayed but product is good.",2026-06-22
1642,3051,315,94,3,Product is fine but delivery took longer than expected.,2026-02-12
1643,3052,1805,83,2,"Product had minor defects, considering a return.",2026-05-26
1644,3053,1345,63,4,"Decent product for the price, would recommend with minor caution.",2024-12-11
1645,3054,1792,36,4,"Nice quality, delivery was a bit delayed but product is good.",2025-03-18
1646,3055,533,95,5,Amazing value for money. Packaging was also very good.,2024-12-13
1647,3056,1533,6,4,"Good product overall, minor issues but satisfied with the purchase.",2026-08-04
1648,3057,1601,26,5,Superb quality and fast delivery. Highly recommend to everyone.,2026-04-13
1649,3061,975,114,3,Product is fine but delivery took longer than expected.,2025-02-06
1650,3063,1626,79,3,"Average product, expected a bit more for this price.",2025-12-24
1651,3064,1347,87,5,Amazing value for money. Packaging was also very good.,2025-08-06
1652,3065,289,69,2,"Not worth the price, expected better quality.",2026-01-10
1653,3066,830,62,5,Amazing value for money. Packaging was also very good.,2026-05-19
1654,3067,1216,32,2,Delivery was late and product quality is average at best.,2025-07-19
1655,3068,1946,65,4,"Good product overall, minor issues but satisfied with the purchase.",2025-03-30
1656,3069,1259,62,5,Best in this price range. Will buy again from this brand.,2026-06-05
1657,3071,1025,66,4,"Works well, matches the description. Happy with it.",2025-04-03
1658,3072,1498,80,3,"It's okay, nothing special but does the job.",2025-11-14
1659,3073,767,81,1,"Very disappointed, product stopped working within days.",2025-07-14
1660,3075,1983,125,4,"Works well, matches the description. Happy with it.",2026-03-17
1661,3078,344,78,1,"Received a damaged item, requesting refund immediately.",2025-01-05
1662,3080,1010,126,4,"Nice quality, delivery was a bit delayed but product is good.",2025-12-13
1663,3084,943,8,2,"Product had minor defects, considering a return.",2025-04-17
1664,3086,1002,46,4,"Decent product for the price, would recommend with minor caution.",2025-09-20
1665,3088,1599,109,2,"Product had minor defects, considering a return.",2025-04-09
1666,3089,406,125,4,"Good product overall, minor issues but satisfied with the purchase.",2026-02-21
1667,3090,730,105,5,Best in this price range. Will buy again from this brand.,2025-12-25
1668,3091,1094,70,4,"Nice quality, delivery was a bit delayed but product is good.",2025-09-05
1669,3092,708,50,5,Superb quality and fast delivery. Highly recommend to everyone.,2026-03-03
1670,3094,465,58,3,"It's okay, nothing special but does the job.",2025-06-21
1671,3096,402,3,5,"Excellent product, exactly as described. Very happy with the purchase.",2025-12-26
1672,3097,468,112,4,"Works well, matches the description. Happy with it.",2026-03-01
1673,3098,1689,88,1,"Poor quality, does not match the images shown online.",2024-10-18
1674,3099,1837,68,4,"Good product overall, minor issues but satisfied with the purchase.",2026-01-06
1675,3100,1038,100,5,Amazing value for money. Packaging was also very good.,2026-03-26
1676,3101,259,51,4,"Nice quality, delivery was a bit delayed but product is good.",2025-12-09
1677,3102,1347,41,4,"Good product overall, minor issues but satisfied with the purchase.",2024-10-16
1678,3104,808,82,5,Amazing value for money. Packaging was also very good.,2026-07-04
1679,3105,774,55,3,"It's okay, nothing special but does the job.",2026-04-24
1680,3106,587,29,4,"Decent product for the price, would recommend with minor caution.",2026-04-30
1681,3107,1364,88,3,"Average product, expected a bit more for this price.",2026-03-22
1682,3109,1318,56,5,"Excellent product, exactly as described. Very happy with the purchase.",2025-09-03
1683,3110,617,72,4,"Good product overall, minor issues but satisfied with the purchase.",2026-02-08
1684,3114,809,120,2,"Not satisfied, quality is below expectations.",2026-05-04
1685,3115,864,124,5,Best in this price range. Will buy again from this brand.,2025-11-26
1686,3116,953,96,4,"Works well, matches the description. Happy with it.",2025-05-10
1687,3119,799,57,3,"It's okay, nothing special but does the job.",2026-03-03
1688,3120,793,85,2,"Product had minor defects, considering a return.",2026-03-21
1689,3123,1166,125,3,"It's okay, nothing special but does the job.",2025-06-30
1690,3127,242,64,1,"Worst experience, will not order this brand again.",2026-06-11
1691,3133,669,80,5,"Excellent product, exactly as described. Very happy with the purchase.",2026-04-27
1692,3134,1581,89,2,"Not worth the price, expected better quality.",2025-12-16
1693,3135,624,23,4,"Works well, matches the description. Happy with it.",2024-04-06
1694,3136,1171,124,4,"Decent product for the price, would recommend with minor caution.",2025-09-18
1695,3137,1655,117,4,"Works well, matches the description. Happy with it.",2026-01-29
1696,3140,783,101,4,"Decent product for the price, would recommend with minor caution.",2025-10-22
1697,3141,1293,54,2,"Not satisfied, quality is below expectations.",2026-04-01
1698,3142,1549,104,2,"Product had minor defects, considering a return.",2026-01-29
1699,3144,1464,117,5,Best in this price range. Will buy again from this brand.,2026-05-16
1700,3148,1837,78,4,"Works well, matches the description. Happy with it.",2025-10-28
1701,3150,1731,14,2,"Not worth the price, expected better quality.",2025-12-30
1702,3153,1380,108,3,"Quality is average, packaging could have been better.",2026-01-18
1703,3156,1083,107,5,Best in this price range. Will buy again from this brand.,2026-03-27
1704,3159,1824,96,5,"Excellent product, exactly as described. Very happy with the purchase.",2025-07-05
1705,3160,1158,105,4,"Good product overall, minor issues but satisfied with the purchase.",2026-04-12
1706,3162,897,32,5,"Excellent product, exactly as described. Very happy with the purchase.",2026-03-14
1707,3164,589,50,5,"Excellent product, exactly as described. Very happy with the purchase.",2025-01-02
1708,3167,1996,1,3,Product is fine but delivery took longer than expected.,2025-09-08
1709,3171,589,88,1,"Very disappointed, product stopped working within days.",2025-09-09
1710,3173,1853,2,1,"Poor quality, does not match the images shown online.",2025-02-22
1711,3174,620,94,4,"Good product overall, minor issues but satisfied with the purchase.",2026-06-15
1712,3175,1989,115,2,Delivery was late and product quality is average at best.,2026-06-06
1713,3177,985,24,4,"Works well, matches the description. Happy with it.",2026-05-26
1714,3178,822,54,2,"Not satisfied, quality is below expectations.",2026-06-18
1715,3180,1693,20,3,"Average product, expected a bit more for this price.",2026-02-22
1716,3182,1183,30,3,"Quality is average, packaging could have been better.",2026-04-04
1717,3187,1349,18,2,"Not satisfied, quality is below expectations.",2026-03-21
1718,3188,270,82,5,Amazing value for money. Packaging was also very good.,2026-03-29
1719,3190,1778,124,4,"Decent product for the price, would recommend with minor caution.",2026-05-08
1720,3191,1112,49,5,"Excellent product, exactly as described. Very happy with the purchase.",2026-05-17
1721,3192,1951,61,4,"Nice quality, delivery was a bit delayed but product is good.",2025-08-02
1722,3194,315,103,2,"Not satisfied, quality is below expectations.",2024-12-26
1723,3195,701,26,4,"Good product overall, minor issues but satisfied with the purchase.",2025-08-10
1724,3197,1371,34,3,"Average product, expected a bit more for this price.",2025-12-05
1725,3198,1738,91,4,"Decent product for the price, would recommend with minor caution.",2025-09-20
1726,3199,1158,69,3,"Average product, expected a bit more for this price.",2026-01-11
1727,3208,890,119,1,"Worst experience, will not order this brand again.",2025-12-31
1728,3209,392,51,3,"It's okay, nothing special but does the job.",2025-11-08
1729,3211,226,104,4,"Works well, matches the description. Happy with it.",2025-04-08
1730,3212,1062,12,5,"Excellent product, exactly as described. Very happy with the purchase.",2026-03-27
1731,3215,1163,17,3,Product is fine but delivery took longer than expected.,2025-10-25
1732,3217,1707,94,2,Delivery was late and product quality is average at best.,2024-08-31
1733,3218,845,60,4,"Good product overall, minor issues but satisfied with the purchase.",2026-02-09
1734,3219,550,16,5,Best in this price range. Will buy again from this brand.,2026-05-04
1735,3220,496,30,4,"Works well, matches the description. Happy with it.",2026-06-26
1736,3221,637,67,1,"Received a damaged item, requesting refund immediately.",2026-04-26
1737,3222,1986,3,3,Product is fine but delivery took longer than expected.,2026-02-07
1738,3224,559,79,5,Amazing value for money. Packaging was also very good.,2025-07-16
1739,3226,986,22,5,Superb quality and fast delivery. Highly recommend to everyone.,2026-02-13
1740,3227,1618,42,5,Superb quality and fast delivery. Highly recommend to everyone.,2026-04-17
1741,3228,825,11,2,"Not worth the price, expected better quality.",2025-03-29
1742,3229,1177,15,4,"Good product overall, minor issues but satisfied with the purchase.",2024-06-17
1743,3233,1483,16,4,"Nice quality, delivery was a bit delayed but product is good.",2025-12-26
1744,3235,1177,5,2,Delivery was late and product quality is average at best.,2025-05-26
1745,3238,1692,57,3,"Average product, expected a bit more for this price.",2025-08-22
1746,3239,698,54,1,"Worst experience, will not order this brand again.",2025-01-13
1747,3240,208,40,5,Best in this price range. Will buy again from this brand.,2026-03-24
1748,3241,1298,96,1,"Worst experience, will not order this brand again.",2025-09-30
1749,3243,1683,25,4,"Nice quality, delivery was a bit delayed but product is good.",2024-08-25
1750,3245,1299,14,5,"Excellent product, exactly as described. Very happy with the purchase.",2026-08-07
1751,3247,321,96,4,"Decent product for the price, would recommend with minor caution.",2025-04-29
1752,3248,1641,125,5,Superb quality and fast delivery. Highly recommend to everyone.,2026-02-20
1753,3250,1494,66,2,Delivery was late and product quality is average at best.,2025-12-15
1754,3255,1099,111,2,Delivery was late and product quality is average at best.,2025-12-05
1755,3256,2,19,5,Superb quality and fast delivery. Highly recommend to everyone.,2025-07-10
1756,3257,1244,99,3,"It's okay, nothing special but does the job.",2025-09-29
1757,3258,1220,20,5,Superb quality and fast delivery. Highly recommend to everyone.,2025-10-13
1758,3260,162,107,4,"Nice quality, delivery was a bit delayed but product is good.",2026-07-22
1759,3261,1229,129,4,"Nice quality, delivery was a bit delayed but product is good.",2025-12-08
1760,3263,1072,122,4,"Decent product for the price, would recommend with minor caution.",2025-08-28
1761,3267,1464,1,1,"Received a damaged item, requesting refund immediately.",2025-08-04
1762,3268,1370,75,2,"Not satisfied, quality is below expectations.",2026-05-26
1763,3270,1600,57,5,Amazing value for money. Packaging was also very good.,2026-01-12
1764,3275,624,12,3,"It's okay, nothing special but does the job.",2025-05-01
1765,3276,824,78,5,Amazing value for money. Packaging was also very good.,2024-11-27
1766,3277,1877,113,4,"Decent product for the price, would recommend with minor caution.",2025-10-30
1767,3278,67,89,3,"Average product, expected a bit more for this price.",2024-09-07
1768,3279,1579,123,4,"Good product overall, minor issues but satisfied with the purchase.",2025-07-22
1769,3281,221,124,1,"Very disappointed, product stopped working within days.",2025-10-21
1770,3283,658,88,5,Best in this price range. Will buy again from this brand.,2025-11-04
1771,3284,1525,54,2,"Product had minor defects, considering a return.",2026-01-10
1772,3285,486,123,4,"Works well, matches the description. Happy with it.",2025-08-24
1773,3286,28,73,4,"Works well, matches the description. Happy with it.",2024-11-21
1774,3287,57,75,3,"It's okay, nothing special but does the job.",2026-05-27
1775,3288,1919,126,4,"Decent product for the price, would recommend with minor caution.",2025-03-25
1776,3289,1164,106,3,Product is fine but delivery took longer than expected.,2025-10-08
1777,3290,313,128,5,Best in this price range. Will buy again from this brand.,2025-08-16
1778,3291,1636,87,3,"It's okay, nothing special but does the job.",2026-04-11
1779,3294,1953,93,2,"Not worth the price, expected better quality.",2024-07-12
1780,3295,90,27,4,"Nice quality, delivery was a bit delayed but product is good.",2026-03-11
1781,3296,1766,4,4,"Works well, matches the description. Happy with it.",2025-08-16
1782,3298,602,125,3,"It's okay, nothing special but does the job.",2026-02-13
1783,3299,1638,84,3,Product is fine but delivery took longer than expected.,2026-06-05
1784,3300,1130,73,2,"Not satisfied, quality is below expectations.",2026-02-28
1785,3301,1637,39,3,"It's okay, nothing special but does the job.",2026-06-23
1786,3302,1484,119,4,"Works well, matches the description. Happy with it.",2026-05-03
1787,3303,464,29,5,"Excellent product, exactly as described. Very happy with the purchase.",2026-05-18
1788,3304,1391,32,5,"Excellent product, exactly as described. Very happy with the purchase.",2025-06-07
1789,3305,510,105,4,"Nice quality, delivery was a bit delayed but product is good.",2025-12-12
1790,3306,1907,24,2,"Product had minor defects, considering a return.",2026-01-29
1791,3309,1131,55,2,"Not satisfied, quality is below expectations.",2025-12-01
1792,3311,1757,27,4,"Nice quality, delivery was a bit delayed but product is good.",2026-08-17
1793,3312,176,60,3,"Quality is average, packaging could have been better.",2025-12-16
1794,3315,929,129,3,"Quality is average, packaging could have been better.",2026-06-15
1795,3317,257,118,4,"Good product overall, minor issues but satisfied with the purchase.",2026-08-11
1796,3320,219,101,5,Superb quality and fast delivery. Highly recommend to everyone.,2025-12-23
1797,3323,1140,102,4,"Works well, matches the description. Happy with it.",2025-09-29
1798,3326,903,103,4,"Good product overall, minor issues but satisfied with the purchase.",2025-09-08
1799,3332,152,109,4,"Works well, matches the description. Happy with it.",2025-06-27
1800,3334,1660,109,5,Amazing value for money. Packaging was also very good.,2025-04-19
1801,3335,1356,105,3,"It's okay, nothing special but does the job.",2025-08-22
1802,3336,332,123,5,"Excellent product, exactly as described. Very happy with the purchase.",2026-07-24
1803,3337,480,1,5,"Excellent product, exactly as described. Very happy with the purchase.",2025-07-14
1804,3338,1423,47,4,"Nice quality, delivery was a bit delayed but product is good.",2026-02-23
1805,3339,1474,29,4,"Decent product for the price, would recommend with minor caution.",2025-05-16
1806,3342,1881,90,5,"Excellent product, exactly as described. Very happy with the purchase.",2025-12-05
1807,3344,929,21,2,Delivery was late and product quality is average at best.,2026-06-02
1808,3346,882,26,5,Superb quality and fast delivery. Highly recommend to everyone.,2025-12-24
1809,3348,1662,49,5,Superb quality and fast delivery. Highly recommend to everyone.,2026-04-09
1810,3349,620,115,5,Amazing value for money. Packaging was also very good.,2025-06-01
1811,3351,1470,34,5,"Excellent product, exactly as described. Very happy with the purchase.",2025-12-13
1812,3353,660,15,5,Amazing value for money. Packaging was also very good.,2024-08-21
1813,3354,110,21,3,"It's okay, nothing special but does the job.",2026-08-17
1814,3355,1579,22,2,"Not worth the price, expected better quality.",2026-01-14
1815,3357,1530,21,5,Amazing value for money. Packaging was also very good.,2025-11-06
1816,3358,97,36,2,Delivery was late and product quality is average at best.,2026-05-04
1817,3359,1364,14,2,"Not worth the price, expected better quality.",2026-06-19
1818,3362,955,63,1,"Very disappointed, product stopped working within days.",2026-05-23
1819,3365,168,102,4,"Works well, matches the description. Happy with it.",2025-09-07
1820,3366,1307,58,5,Amazing value for money. Packaging was also very good.,2025-11-03
1821,3367,1566,112,5,Superb quality and fast delivery. Highly recommend to everyone.,2025-08-25
1822,3370,704,39,2,"Not satisfied, quality is below expectations.",2024-09-14
1823,3371,931,98,5,Amazing value for money. Packaging was also very good.,2026-05-19
1824,3372,1240,83,2,Delivery was late and product quality is average at best.,2026-03-14
1825,3373,379,107,5,Best in this price range. Will buy again from this brand.,2026-04-30
1826,3374,571,64,5,Best in this price range. Will buy again from this brand.,2026-02-02
1827,3375,1441,112,2,Delivery was late and product quality is average at best.,2026-01-03
1828,3376,153,57,5,Best in this price range. Will buy again from this brand.,2025-03-20
1829,3377,1450,128,5,Superb quality and fast delivery. Highly recommend to everyone.,2025-09-30
1830,3385,1632,92,5,"Excellent product, exactly as described. Very happy with the purchase.",2026-03-26
1831,3386,710,38,2,Delivery was late and product quality is average at best.,2024-05-20
1832,3387,151,56,5,Best in this price range. Will buy again from this brand.,2026-04-20
1833,3389,949,27,4,"Works well, matches the description. Happy with it.",2026-03-21
1834,3392,1975,36,2,"Product had minor defects, considering a return.",2025-08-10
1835,3393,1771,29,5,Best in this price range. Will buy again from this brand.,2024-10-21
1836,3394,1075,44,2,"Not worth the price, expected better quality.",2024-11-26
1837,3395,724,90,5,"Excellent product, exactly as described. Very happy with the purchase.",2026-05-11
1838,3396,132,6,3,"Quality is average, packaging could have been better.",2025-10-28
1839,3399,1498,91,4,"Nice quality, delivery was a bit delayed but product is good.",2026-01-10
1840,3401,1102,33,5,"Excellent product, exactly as described. Very happy with the purchase.",2026-02-01
1841,3402,98,108,1,"Very disappointed, product stopped working within days.",2023-12-23
1842,3403,660,60,4,"Nice quality, delivery was a bit delayed but product is good.",2024-06-01
1843,3408,1385,64,3,Product is fine but delivery took longer than expected.,2025-03-11
1844,3409,1864,5,4,"Decent product for the price, would recommend with minor caution.",2026-04-19
1845,3410,951,74,5,"Excellent product, exactly as described. Very happy with the purchase.",2025-01-25
1846,3411,205,25,3,"Quality is average, packaging could have been better.",2025-03-29
1847,3412,846,44,3,Product is fine but delivery took longer than expected.,2026-03-06
1848,3415,676,85,5,Best in this price range. Will buy again from this brand.,2026-03-06
1849,3416,273,13,4,"Works well, matches the description. Happy with it.",2025-11-26
1850,3417,934,78,3,Product is fine but delivery took longer than expected.,2025-11-19
1851,3419,1529,51,5,"Excellent product, exactly as described. Very happy with the purchase.",2026-03-29
1852,3425,1821,80,2,"Not worth the price, expected better quality.",2026-03-09
1853,3426,1829,85,4,"Works well, matches the description. Happy with it.",2025-05-21
1854,3427,747,47,2,"Not satisfied, quality is below expectations.",2025-10-18
1855,3428,834,114,1,"Received a damaged item, requesting refund immediately.",2025-06-29
1856,3432,1828,119,3,"Quality is average, packaging could have been better.",2026-03-12
1857,3433,1799,43,2,Delivery was late and product quality is average at best.,2025-04-10
1858,3434,1453,97,4,"Decent product for the price, would recommend with minor caution.",2025-08-23
1859,3435,940,19,5,Amazing value for money. Packaging was also very good.,2025-06-26
1860,3437,800,30,5,Best in this price range. Will buy again from this brand.,2026-04-17
1861,3439,1426,57,3,Product is fine but delivery took longer than expected.,2026-01-25
1862,3440,1807,91,2,"Product had minor defects, considering a return.",2025-08-30
1863,3441,1317,102,4,"Works well, matches the description. Happy with it.",2026-06-17
1864,3442,529,120,3,"Average product, expected a bit more for this price.",2026-01-31
1865,3443,1837,2,5,Best in this price range. Will buy again from this brand.,2025-11-12
1866,3444,1193,77,3,"Average product, expected a bit more for this price.",2026-07-06
1867,3445,1316,80,5,"Excellent product, exactly as described. Very happy with the purchase.",2025-12-07
1868,3448,1164,8,5,"Excellent product, exactly as described. Very happy with the purchase.",2025-08-23
1869,3454,907,26,5,Best in this price range. Will buy again from this brand.,2025-11-18
1870,3456,1008,100,5,Superb quality and fast delivery. Highly recommend to everyone.,2026-04-08
1871,3457,1458,73,4,"Good product overall, minor issues but satisfied with the purchase.",2025-08-14
1872,3460,1400,51,2,"Not satisfied, quality is below expectations.",2026-04-19
1873,3461,1456,73,3,"Quality is average, packaging could have been better.",2026-03-01
1874,3462,110,33,4,"Decent product for the price, would recommend with minor caution.",2026-08-17
1875,3463,869,85,4,"Decent product for the price, would recommend with minor caution.",2026-02-17
1876,3468,303,4,1,"Received a damaged item, requesting refund immediately.",2025-07-29
1877,3469,830,44,4,"Decent product for the price, would recommend with minor caution.",2025-06-14
1878,3470,486,7,2,"Not satisfied, quality is below expectations.",2025-11-23
1879,3471,1424,2,5,Superb quality and fast delivery. Highly recommend to everyone.,2026-01-08
1880,3472,1925,86,4,"Decent product for the price, would recommend with minor caution.",2025-04-02
1881,3473,682,128,1,"Poor quality, does not match the images shown online.",2025-06-22
1882,3475,393,16,2,"Product had minor defects, considering a return.",2025-09-28
1883,3478,1405,114,5,Amazing value for money. Packaging was also very good.,2025-02-10
1884,3479,214,10,3,Product is fine but delivery took longer than expected.,2026-08-07
1885,3480,1880,88,4,"Works well, matches the description. Happy with it.",2026-02-08
1886,3481,1197,65,2,Delivery was late and product quality is average at best.,2026-03-17
1887,3484,1517,97,4,"Works well, matches the description. Happy with it.",2025-10-27
1888,3485,1742,123,4,"Nice quality, delivery was a bit delayed but product is good.",2025-08-27
1889,3486,1774,33,5,Superb quality and fast delivery. Highly recommend to everyone.,2024-04-25
1890,3494,1423,88,4,"Works well, matches the description. Happy with it.",2025-10-30
1891,3496,905,70,5,"Excellent product, exactly as described. Very happy with the purchase.",2024-06-30
1892,3497,1777,23,2,"Not satisfied, quality is below expectations.",2024-07-27
1893,3498,930,40,4,"Nice quality, delivery was a bit delayed but product is good.",2026-06-06
1894,3499,1630,38,4,"Good product overall, minor issues but satisfied with the purchase.",2025-10-24
1895,3500,1319,66,4,"Nice quality, delivery was a bit delayed but product is good.",2026-01-24
1896,3501,1773,109,4,"Decent product for the price, would recommend with minor caution.",2025-08-09
1897,3502,1112,52,4,"Decent product for the price, would recommend with minor caution.",2025-08-22
1898,3503,775,121,5,Best in this price range. Will buy again from this brand.,2025-03-10
1899,3504,132,49,4,"Works well, matches the description. Happy with it.",2024-09-13
1900,3507,1140,6,4,"Good product overall, minor issues but satisfied with the purchase.",2025-12-02
1901,3508,966,103,5,Amazing value for money. Packaging was also very good.,2025-02-06
1902,3510,120,109,5,Superb quality and fast delivery. Highly recommend to everyone.,2025-09-04
1903,3511,1223,39,4,"Works well, matches the description. Happy with it.",2026-04-02
1904,3513,105,14,5,Amazing value for money. Packaging was also very good.,2025-12-13
1905,3514,58,4,3,"It's okay, nothing special but does the job.",2025-12-28
1906,3515,1158,59,5,Best in this price range. Will buy again from this brand.,2026-02-08
1907,3516,25,45,4,"Good product overall, minor issues but satisfied with the purchase.",2026-07-12
1908,3517,1279,122,2,Delivery was late and product quality is average at best.,2026-02-10
1909,3518,1360,86,4,"Nice quality, delivery was a bit delayed but product is good.",2026-03-24
1910,3519,1219,116,5,Amazing value for money. Packaging was also very good.,2026-03-25
1911,3520,710,67,5,"Excellent product, exactly as described. Very happy with the purchase.",2024-09-27
1912,3521,829,90,3,"Average product, expected a bit more for this price.",2025-02-13
1913,3522,1928,94,4,"Decent product for the price, would recommend with minor caution.",2026-02-14
1914,3524,810,115,2,"Not satisfied, quality is below expectations.",2026-01-16
1915,3525,772,2,5,Best in this price range. Will buy again from this brand.,2026-02-01
1916,3527,1067,101,5,Superb quality and fast delivery. Highly recommend to everyone.,2026-08-14
1917,3528,1254,55,5,Best in this price range. Will buy again from this brand.,2025-02-06
1918,3529,351,12,3,Product is fine but delivery took longer than expected.,2025-02-20
1919,3531,650,28,5,"Excellent product, exactly as described. Very happy with the purchase.",2025-06-18
1920,3533,513,109,4,"Decent product for the price, would recommend with minor caution.",2025-05-31
1921,3534,1489,57,5,"Excellent product, exactly as described. Very happy with the purchase.",2025-03-29
1922,3535,1182,54,4,"Works well, matches the description. Happy with it.",2025-12-03
1923,3536,407,3,5,Best in this price range. Will buy again from this brand.,2026-06-23
1924,3543,1627,21,2,Delivery was late and product quality is average at best.,2026-04-10
1925,3545,371,110,3,"Quality is average, packaging could have been better.",2026-01-27
1926,3548,1881,55,2,Delivery was late and product quality is average at best.,2025-11-09
1927,3550,132,54,5,Best in this price range. Will buy again from this brand.,2026-07-12
1928,3552,981,109,5,Amazing value for money. Packaging was also very good.,2025-10-18
1929,3556,72,34,5,Superb quality and fast delivery. Highly recommend to everyone.,2024-09-03
1930,3557,109,46,3,"It's okay, nothing special but does the job.",2026-01-01
1931,3560,267,54,1,"Poor quality, does not match the images shown online.",2025-11-08
1932,3561,381,125,2,"Not satisfied, quality is below expectations.",2025-09-20
1933,3562,853,77,5,Superb quality and fast delivery. Highly recommend to everyone.,2024-06-01
1934,3565,694,44,4,"Nice quality, delivery was a bit delayed but product is good.",2026-08-17
1935,3566,887,81,2,"Not worth the price, expected better quality.",2025-10-09
1936,3567,1889,80,1,"Worst experience, will not order this brand again.",2026-01-05
1937,3568,1419,74,3,"It's okay, nothing special but does the job.",2026-03-09
1938,3570,1138,118,1,"Worst experience, will not order this brand again.",2026-03-30
1939,3571,430,5,4,"Good product overall, minor issues but satisfied with the purchase.",2026-01-13
1940,3572,894,33,2,"Not satisfied, quality is below expectations.",2026-07-03
1941,3573,1117,87,5,Superb quality and fast delivery. Highly recommend to everyone.,2025-08-19
1942,3575,920,69,2,"Not satisfied, quality is below expectations.",2025-09-30
1943,3577,1666,95,3,"Quality is average, packaging could have been better.",2026-03-30
1944,3578,396,34,3,Product is fine but delivery took longer than expected.,2026-05-31
1945,3580,731,121,3,"It's okay, nothing special but does the job.",2025-12-25
1946,3583,1564,85,5,Best in this price range. Will buy again from this brand.,2026-04-23
1947,3585,939,27,5,Amazing value for money. Packaging was also very good.,2025-12-09
1948,3588,1790,3,3,Product is fine but delivery took longer than expected.,2025-04-12
1949,3593,1194,72,4,"Nice quality, delivery was a bit delayed but product is good.",2026-03-16
1950,3595,97,63,1,"Very disappointed, product stopped working within days.",2026-05-17
1951,3596,1478,128,5,"Excellent product, exactly as described. Very happy with the purchase.",2026-05-28
1952,3597,459,109,1,"Received a damaged item, requesting refund immediately.",2025-01-20
1953,3599,750,53,4,"Decent product for the price, would recommend with minor caution.",2026-02-26
1954,3600,827,116,1,"Received a damaged item, requesting refund immediately.",2026-08-17
1955,3601,653,94,5,Best in this price range. Will buy again from this brand.,2026-05-13
1956,3602,1428,76,4,"Decent product for the price, would recommend with minor caution.",2026-04-29
1957,3604,492,100,4,"Good product overall, minor issues but satisfied with the purchase.",2025-12-16
1958,3605,235,74,5,Best in this price range. Will buy again from this brand.,2026-01-29
1959,3606,1930,34,4,"Nice quality, delivery was a bit delayed but product is good.",2026-06-11
1960,3607,1657,117,3,"It's okay, nothing special but does the job.",2026-05-20
1961,3609,1250,48,3,"Quality is average, packaging could have been better.",2025-11-18
1962,3610,605,82,5,Best in this price range. Will buy again from this brand.,2026-01-03
1963,3611,1653,99,4,"Nice quality, delivery was a bit delayed but product is good.",2026-04-07
1964,3614,1512,74,5,Superb quality and fast delivery. Highly recommend to everyone.,2026-07-27
1965,3616,514,23,5,Best in this price range. Will buy again from this brand.,2025-12-23
1966,3617,1701,123,5,Superb quality and fast delivery. Highly recommend to everyone.,2026-07-29
1967,3619,1866,40,5,"Excellent product, exactly as described. Very happy with the purchase.",2025-11-26
1968,3621,478,129,5,Superb quality and fast delivery. Highly recommend to everyone.,2025-01-31
1969,3622,1231,111,4,"Nice quality, delivery was a bit delayed but product is good.",2026-01-29
1970,3623,852,127,2,"Product had minor defects, considering a return.",2024-06-23
1971,3626,71,13,5,Best in this price range. Will buy again from this brand.,2024-10-05
1972,3628,1689,10,2,Delivery was late and product quality is average at best.,2025-10-01
1973,3631,1458,18,2,"Not worth the price, expected better quality.",2026-04-11
1974,3634,47,64,2,"Not satisfied, quality is below expectations.",2026-01-30
1975,3636,707,127,3,"Quality is average, packaging could have been better.",2025-04-07
1976,3637,1449,118,5,Amazing value for money. Packaging was also very good.,2026-03-22
1977,3639,1032,24,5,Superb quality and fast delivery. Highly recommend to everyone.,2026-01-07
1978,3641,1556,98,1,"Received a damaged item, requesting refund immediately.",2026-03-18
1979,3644,281,64,4,"Works well, matches the description. Happy with it.",2026-07-02
1980,3645,222,82,5,"Excellent product, exactly as described. Very happy with the purchase.",2026-01-21
1981,3646,1015,17,5,Superb quality and fast delivery. Highly recommend to everyone.,2026-04-01
1982,3648,692,126,2,Delivery was late and product quality is average at best.,2026-04-08
1983,3649,1078,44,4,"Decent product for the price, would recommend with minor caution.",2025-09-12
1984,3653,862,55,1,"Poor quality, does not match the images shown online.",2026-02-17
1985,3654,1539,127,2,"Not satisfied, quality is below expectations.",2025-01-02
1986,3656,529,106,5,Amazing value for money. Packaging was also very good.,2025-12-24
1987,3658,545,60,5,"Excellent product, exactly as described. Very happy with the purchase.",2024-07-17
1988,3660,77,78,5,Superb quality and fast delivery. Highly recommend to everyone.,2025-05-27
1989,3662,1457,98,1,"Worst experience, will not order this brand again.",2024-12-12
1990,3663,243,8,3,"Average product, expected a bit more for this price.",2026-01-08
1991,3664,1058,103,5,Superb quality and fast delivery. Highly recommend to everyone.,2025-10-25
1992,3667,1932,60,4,"Decent product for the price, would recommend with minor caution.",2026-02-01
1993,3669,1736,106,5,Amazing value for money. Packaging was also very good.,2025-09-20
1994,3674,1087,15,4,"Decent product for the price, would recommend with minor caution.",2026-02-20
1995,3675,924,50,4,"Nice quality, delivery was a bit delayed but product is good.",2024-01-17
1996,3676,175,93,4,"Decent product for the price, would recommend with minor caution.",2025-06-13
1997,3678,493,65,3,"Average product, expected a bit more for this price.",2025-07-30
1998,3683,1425,91,5,Superb quality and fast delivery. Highly recommend to everyone.,2025-12-25
1999,3684,1026,29,1,"Received a damaged item, requesting refund immediately.",2024-01-14
2000,3686,945,73,4,"Nice quality, delivery was a bit delayed but product is good.",2025-10-01
2001,3688,866,125,1,"Poor quality, does not match the images shown online.",2025-02-11
2002,3690,257,73,4,"Decent product for the price, would recommend with minor caution.",2026-08-17
2003,3693,591,63,3,"It's okay, nothing special but does the job.",2025-11-16
2004,3694,1817,52,5,Amazing value for money. Packaging was also very good.,2026-02-20
2005,3696,1351,36,3,"It's okay, nothing special but does the job.",2024-11-26
2006,3697,935,121,2,"Product had minor defects, considering a return.",2026-05-24
2007,3699,1966,72,2,"Not satisfied, quality is below expectations.",2025-04-27
2008,3700,1491,30,5,"Excellent product, exactly as described. Very happy with the purchase.",2025-09-30
2009,3701,822,98,1,"Poor quality, does not match the images shown online.",2025-01-30
2010,3702,1194,62,4,"Nice quality, delivery was a bit delayed but product is good.",2026-03-29
2011,3704,1666,87,5,"Excellent product, exactly as described. Very happy with the purchase.",2026-02-03
2012,3705,1478,75,3,"It's okay, nothing special but does the job.",2025-12-04
2013,3708,64,42,4,"Good product overall, minor issues but satisfied with the purchase.",2025-09-15
2014,3711,740,105,4,"Nice quality, delivery was a bit delayed but product is good.",2025-07-03
2015,3714,1591,107,2,Delivery was late and product quality is average at best.,2026-08-17
2016,3718,361,89,4,"Decent product for the price, would recommend with minor caution.",2025-10-28
2017,3719,1769,88,3,"Average product, expected a bit more for this price.",2025-02-07
2018,3720,810,71,5,Best in this price range. Will buy again from this brand.,2025-05-02
2019,3721,211,70,4,"Good product overall, minor issues but satisfied with the purchase.",2025-07-01
2020,3722,1884,50,4,"Good product overall, minor issues but satisfied with the purchase.",2026-02-15
2021,3723,125,102,5,Superb quality and fast delivery. Highly recommend to everyone.,2026-02-25
2022,3724,257,66,4,"Works well, matches the description. Happy with it.",2026-08-17
2023,3725,908,3,2,"Product had minor defects, considering a return.",2024-12-13
2024,3727,687,88,3,"Average product, expected a bit more for this price.",2024-07-02
2025,3728,1526,33,4,"Good product overall, minor issues but satisfied with the purchase.",2026-01-11
2026,3731,890,34,4,"Good product overall, minor issues but satisfied with the purchase.",2025-06-19
2027,3734,73,121,2,"Not worth the price, expected better quality.",2026-06-25
2028,3736,70,3,1,"Received a damaged item, requesting refund immediately.",2026-04-18
2029,3737,403,54,4,"Good product overall, minor issues but satisfied with the purchase.",2026-08-07
2030,3740,1315,30,5,Superb quality and fast delivery. Highly recommend to everyone.,2025-11-08
2031,3743,1622,41,2,"Not satisfied, quality is below expectations.",2024-12-19
2032,3745,878,53,5,Superb quality and fast delivery. Highly recommend to everyone.,2026-03-02
2033,3747,960,56,2,"Not satisfied, quality is below expectations.",2026-04-24
2034,3748,488,96,5,"Excellent product, exactly as described. Very happy with the purchase.",2024-10-18
2035,3749,708,21,5,Superb quality and fast delivery. Highly recommend to everyone.,2026-02-19
2036,3750,24,112,3,"Average product, expected a bit more for this price.",2025-05-28
2037,3752,1013,24,5,Superb quality and fast delivery. Highly recommend to everyone.,2025-06-08
2038,3754,474,80,5,"Excellent product, exactly as described. Very happy with the purchase.",2025-09-24
2039,3755,212,103,3,"It's okay, nothing special but does the job.",2025-04-01
2040,3756,1174,107,3,"Quality is average, packaging could have been better.",2025-12-13
2041,3757,1878,2,1,"Received a damaged item, requesting refund immediately.",2025-10-19
2042,3759,153,126,1,"Worst experience, will not order this brand again.",2025-07-25
2043,3761,779,57,4,"Works well, matches the description. Happy with it.",2025-12-07
2044,3762,800,119,3,"Quality is average, packaging could have been better.",2025-11-22
2045,3765,254,78,1,"Poor quality, does not match the images shown online.",2026-04-06
2046,3766,1490,114,4,"Works well, matches the description. Happy with it.",2024-01-19
2047,3767,634,115,4,"Decent product for the price, would recommend with minor caution.",2026-07-27
2048,3768,1415,121,2,"Not satisfied, quality is below expectations.",2024-11-23
2049,3769,573,111,4,"Good product overall, minor issues but satisfied with the purchase.",2024-06-30
2050,3775,667,8,5,Best in this price range. Will buy again from this brand.,2025-07-01
2051,3776,180,114,5,"Excellent product, exactly as described. Very happy with the purchase.",2025-09-21
2052,3778,541,104,3,"It's okay, nothing special but does the job.",2025-04-15
2053,3779,810,83,2,"Not worth the price, expected better quality.",2024-10-11
2054,3782,831,29,5,Superb quality and fast delivery. Highly recommend to everyone.,2026-08-17
2055,3786,942,32,4,"Good product overall, minor issues but satisfied with the purchase.",2026-05-02
2056,3787,382,87,4,"Good product overall, minor issues but satisfied with the purchase.",2024-11-01
2057,3788,1672,81,5,Best in this price range. Will buy again from this brand.,2025-12-10
2058,3789,1030,18,4,"Nice quality, delivery was a bit delayed but product is good.",2025-12-25
2059,3790,1614,32,2,"Product had minor defects, considering a return.",2026-02-27
2060,3791,764,107,2,"Product had minor defects, considering a return.",2024-11-25
2061,3793,343,124,5,"Excellent product, exactly as described. Very happy with the purchase.",2025-10-08
2062,3794,1794,18,2,"Product had minor defects, considering a return.",2026-04-14
2063,3802,1230,57,4,"Nice quality, delivery was a bit delayed but product is good.",2025-10-25
2064,3803,573,42,2,Delivery was late and product quality is average at best.,2025-10-10
2065,3805,979,19,4,"Nice quality, delivery was a bit delayed but product is good.",2026-03-28
2066,3809,1701,110,5,"Excellent product, exactly as described. Very happy with the purchase.",2026-07-17
2067,3811,270,59,4,"Works well, matches the description. Happy with it.",2026-03-17
2068,3812,454,47,2,Delivery was late and product quality is average at best.,2024-11-25
2069,3814,1620,88,4,"Works well, matches the description. Happy with it.",2026-06-29
2070,3816,1297,104,4,"Decent product for the price, would recommend with minor caution.",2024-07-25
2071,3817,64,17,2,"Not satisfied, quality is below expectations.",2025-05-02
2072,3820,88,20,3,"It's okay, nothing special but does the job.",2026-04-11
2073,3821,79,61,3,"Average product, expected a bit more for this price.",2026-02-22
2074,3824,936,102,4,"Decent product for the price, would recommend with minor caution.",2025-02-01
2075,3826,1246,21,5,Amazing value for money. Packaging was also very good.,2026-07-03
2076,3827,595,117,3,"Quality is average, packaging could have been better.",2025-10-29
2077,3828,883,49,5,Superb quality and fast delivery. Highly recommend to everyone.,2024-10-30
2078,3829,832,22,4,"Works well, matches the description. Happy with it.",2026-01-28
2079,3830,197,74,5,"Excellent product, exactly as described. Very happy with the purchase.",2025-05-23
2080,3831,253,76,3,"It's okay, nothing special but does the job.",2025-07-24
2081,3833,1247,100,3,"Average product, expected a bit more for this price.",2026-02-18
2082,3834,1575,103,2,Delivery was late and product quality is average at best.,2025-12-28
2083,3836,1610,124,2,"Not satisfied, quality is below expectations.",2025-12-07
2084,3837,323,126,4,"Good product overall, minor issues but satisfied with the purchase.",2026-03-09
2085,3838,1837,128,2,"Not satisfied, quality is below expectations.",2025-11-29
2086,3839,303,71,4,"Nice quality, delivery was a bit delayed but product is good.",2025-03-26
2087,3843,1500,85,1,"Received a damaged item, requesting refund immediately.",2026-04-15
2088,3845,471,63,1,"Worst experience, will not order this brand again.",2026-04-12
2089,3849,1049,51,1,"Very disappointed, product stopped working within days.",2026-04-10
2090,3854,705,112,3,Product is fine but delivery took longer than expected.,2026-08-01
2091,3855,970,73,2,"Not satisfied, quality is below expectations.",2025-07-07
2092,3856,855,77,3,"Average product, expected a bit more for this price.",2026-04-22
2093,3857,1534,127,3,"Quality is average, packaging could have been better.",2026-01-23
2094,3858,1532,83,1,"Worst experience, will not order this brand again.",2025-03-31
2095,3860,516,48,3,"Quality is average, packaging could have been better.",2026-02-28
2096,3861,537,122,4,"Decent product for the price, would recommend with minor caution.",2025-07-06
2097,3863,915,34,2,"Product had minor defects, considering a return.",2024-07-31
2098,3864,1401,56,4,"Works well, matches the description. Happy with it.",2026-03-21
2099,3868,729,98,1,"Poor quality, does not match the images shown online.",2025-05-06
2100,3869,556,55,3,"Average product, expected a bit more for this price.",2026-05-20
2101,3870,199,93,2,"Product had minor defects, considering a return.",2026-02-25
2102,3874,1667,106,3,"Average product, expected a bit more for this price.",2025-09-16
2103,3876,1808,40,2,Delivery was late and product quality is average at best.,2025-11-29
2104,3878,1884,31,2,Delivery was late and product quality is average at best.,2024-12-08
2105,3880,424,80,2,"Not worth the price, expected better quality.",2025-12-10
2106,3881,1076,119,1,"Worst experience, will not order this brand again.",2025-12-28
2107,3882,524,5,3,"Average product, expected a bit more for this price.",2023-11-17
2108,3887,274,56,5,Superb quality and fast delivery. Highly recommend to everyone.,2025-06-21
2109,3888,614,93,1,"Received a damaged item, requesting refund immediately.",2026-01-09
2110,3890,67,91,4,"Decent product for the price, would recommend with minor caution.",2026-04-07
2111,3893,1762,26,2,"Product had minor defects, considering a return.",2026-08-05
2112,3894,1788,61,4,"Nice quality, delivery was a bit delayed but product is good.",2025-05-19
2113,3899,397,101,4,"Nice quality, delivery was a bit delayed but product is good.",2026-04-25
2114,3902,1220,57,1,"Worst experience, will not order this brand again.",2025-09-20
2115,3903,1122,77,2,"Product had minor defects, considering a return.",2026-08-17
2116,3906,685,1,3,"Quality is average, packaging could have been better.",2025-03-11
2117,3907,1991,41,4,"Decent product for the price, would recommend with minor caution.",2025-01-17
2118,3912,1365,116,5,"Excellent product, exactly as described. Very happy with the purchase.",2025-01-02
2119,3913,243,50,4,"Decent product for the price, would recommend with minor caution.",2025-12-17
2120,3914,356,100,3,"Quality is average, packaging could have been better.",2025-08-12
2121,3916,742,114,1,"Worst experience, will not order this brand again.",2026-04-21
2122,3919,848,109,5,Superb quality and fast delivery. Highly recommend to everyone.,2026-08-15
2123,3923,1752,70,1,"Worst experience, will not order this brand again.",2025-06-13
2124,3924,308,127,2,Delivery was late and product quality is average at best.,2025-07-31
2125,3925,719,68,5,Best in this price range. Will buy again from this brand.,2025-10-10
2126,3927,1525,91,4,"Nice quality, delivery was a bit delayed but product is good.",2024-06-13
2127,3929,49,62,5,Best in this price range. Will buy again from this brand.,2026-02-01
2128,3930,1146,102,4,"Nice quality, delivery was a bit delayed but product is good.",2026-01-03
2129,3932,1776,124,3,"Average product, expected a bit more for this price.",2026-08-17
2130,3934,508,78,4,"Works well, matches the description. Happy with it.",2025-10-07
2131,3935,567,8,4,"Good product overall, minor issues but satisfied with the purchase.",2026-03-01
2132,3938,1512,105,1,"Poor quality, does not match the images shown online.",2026-04-09
2133,3939,1294,53,2,"Product had minor defects, considering a return.",2025-10-07
2134,3942,1851,122,3,Product is fine but delivery took longer than expected.,2026-06-04
2135,3943,110,73,1,"Poor quality, does not match the images shown online.",2026-08-17
2136,3944,44,126,5,Superb quality and fast delivery. Highly recommend to everyone.,2024-10-26
2137,3947,484,6,3,Product is fine but delivery took longer than expected.,2026-03-24
2138,3948,659,96,2,Delivery was late and product quality is average at best.,2025-07-10
2139,3949,431,6,4,"Nice quality, delivery was a bit delayed but product is good.",2026-03-17
2140,3951,827,86,2,"Product had minor defects, considering a return.",2026-08-17
2141,3954,520,77,5,Superb quality and fast delivery. Highly recommend to everyone.,2025-04-27
2142,3955,425,64,2,"Product had minor defects, considering a return.",2026-05-04
2143,3956,685,3,4,"Nice quality, delivery was a bit delayed but product is good.",2026-05-07
2144,3957,1644,94,5,Best in this price range. Will buy again from this brand.,2026-03-08
2145,3960,521,90,2,"Not worth the price, expected better quality.",2025-09-05
2146,3962,982,3,5,Best in this price range. Will buy again from this brand.,2026-02-25
2147,3963,1678,100,3,Product is fine but delivery took longer than expected.,2025-08-23
2148,3969,1868,34,1,"Poor quality, does not match the images shown online.",2026-03-14
2149,3970,781,6,5,Superb quality and fast delivery. Highly recommend to everyone.,2024-11-17
2150,3973,124,119,4,"Works well, matches the description. Happy with it.",2026-02-16
2151,3975,9,52,2,"Not worth the price, expected better quality.",2025-09-15
2152,3980,1077,70,4,"Nice quality, delivery was a bit delayed but product is good.",2026-08-17
2153,3981,485,27,5,Superb quality and fast delivery. Highly recommend to everyone.,2025-08-29
2154,3983,563,91,3,"Quality is average, packaging could have been better.",2026-03-17
2155,3985,1355,87,5,Best in this price range. Will buy again from this brand.,2026-01-07
2156,3988,31,76,4,"Good product overall, minor issues but satisfied with the purchase.",2026-03-11
2157,3990,523,75,3,"Quality is average, packaging could have been better.",2025-03-05
2158,3992,1585,95,2,"Not satisfied, quality is below expectations.",2026-05-06
2159,3993,127,35,4,"Works well, matches the description. Happy with it.",2025-08-14
2160,3994,615,116,5,Amazing value for money. Packaging was also very good.,2025-06-30
2161,3995,1177,95,5,"Excellent product, exactly as described. Very happy with the purchase.",2026-04-04
2162,3996,1054,74,5,Best in this price range. Will buy again from this brand.,2026-07-23
2163,3997,1221,10,4,"Good product overall, minor issues but satisfied with the purchase.",2025-07-19
2164,3998,678,73,4,"Good product overall, minor issues but satisfied with the purchase.",2026-04-11
2165,4000,874,88,2,Delivery was late and product quality is average at best.,2025-06-18
2166,4001,316,57,4,"Works well, matches the description. Happy with it.",2026-03-26
2167,4003,254,40,4,"Good product overall, minor issues but satisfied with the purchase.",2026-04-23
2168,4006,695,87,4,"Good product overall, minor issues but satisfied with the purchase.",2026-03-23
2169,4011,1030,14,3,Product is fine but delivery took longer than expected.,2025-11-29
2170,4013,1471,60,1,"Very disappointed, product stopped working within days.",2026-03-19
2171,4014,1595,63,1,"Worst experience, will not order this brand again.",2026-05-18
2172,4015,1073,90,4,"Nice quality, delivery was a bit delayed but product is good.",2025-10-08
2173,4017,420,42,5,"Excellent product, exactly as described. Very happy with the purchase.",2024-10-27
2174,4018,389,61,4,"Nice quality, delivery was a bit delayed but product is good.",2025-12-10
2175,4019,1024,48,2,"Not satisfied, quality is below expectations.",2025-10-10
2176,4020,1113,44,2,Delivery was late and product quality is average at best.,2025-11-13
2177,4021,1091,77,3,"Quality is average, packaging could have been better.",2025-10-29
2178,4022,1542,116,1,"Received a damaged item, requesting refund immediately.",2026-01-15
2179,4023,1804,3,5,"Excellent product, exactly as described. Very happy with the purchase.",2026-06-22
2180,4025,1672,71,1,"Received a damaged item, requesting refund immediately.",2025-06-13
2181,4026,398,43,4,"Works well, matches the description. Happy with it.",2026-02-04
2182,4027,491,84,5,Best in this price range. Will buy again from this brand.,2026-05-17
2183,4028,909,78,3,"Quality is average, packaging could have been better.",2026-03-02
2184,4029,1079,23,5,"Excellent product, exactly as described. Very happy with the purchase.",2025-07-10
2185,4036,1805,69,4,"Works well, matches the description. Happy with it.",2025-11-21
2186,4037,108,59,5,Superb quality and fast delivery. Highly recommend to everyone.,2026-01-12
2187,4040,1613,99,5,Best in this price range. Will buy again from this brand.,2026-01-10
2188,4042,762,118,4,"Nice quality, delivery was a bit delayed but product is good.",2026-03-07
2189,4044,1534,67,4,"Nice quality, delivery was a bit delayed but product is good.",2025-09-28
2190,4045,1983,43,5,Amazing value for money. Packaging was also very good.,2025-06-30
2191,4046,1971,50,5,Amazing value for money. Packaging was also very good.,2025-06-18
2192,4048,934,95,2,"Not worth the price, expected better quality.",2026-01-07
2193,4050,838,61,4,"Works well, matches the description. Happy with it.",2025-12-07
2194,4054,197,20,2,Delivery was late and product quality is average at best.,2025-05-01
2195,4055,310,21,1,"Worst experience, will not order this brand again.",2024-08-20
2196,4057,1226,34,5,Amazing value for money. Packaging was also very good.,2024-04-22
2197,4058,1271,29,3,"Quality is average, packaging could have been better.",2025-06-26
2198,4059,1032,12,5,Best in this price range. Will buy again from this brand.,2026-03-02
2199,4060,982,94,5,Best in this price range. Will buy again from this brand.,2026-03-18
2200,4061,1220,36,2,Delivery was late and product quality is average at best.,2026-01-15
2201,4062,695,118,3,Product is fine but delivery took longer than expected.,2026-03-25
2202,4063,1709,73,4,"Good product overall, minor issues but satisfied with the purchase.",2024-10-08
2203,4064,510,46,5,Superb quality and fast delivery. Highly recommend to everyone.,2026-02-19
2204,4065,89,103,4,"Good product overall, minor issues but satisfied with the purchase.",2026-03-03
2205,4067,863,36,5,Best in this price range. Will buy again from this brand.,2025-07-20
2206,4068,1827,15,3,"Average product, expected a bit more for this price.",2025-07-19
2207,4070,1891,125,4,"Decent product for the price, would recommend with minor caution.",2025-07-01
2208,4071,1960,19,1,"Very disappointed, product stopped working within days.",2024-06-05
2209,4072,1740,52,3,"It's okay, nothing special but does the job.",2026-03-11
2210,4076,386,28,3,"Quality is average, packaging could have been better.",2024-09-25
2211,4077,362,68,3,"Quality is average, packaging could have been better.",2025-05-25
2212,4078,1903,29,3,Product is fine but delivery took longer than expected.,2025-12-18
2213,4079,141,17,4,"Decent product for the price, would recommend with minor caution.",2026-08-02
2214,4080,1596,13,5,"Excellent product, exactly as described. Very happy with the purchase.",2025-03-21
2215,4082,647,95,4,"Good product overall, minor issues but satisfied with the purchase.",2026-06-26
2216,4083,109,73,4,"Nice quality, delivery was a bit delayed but product is good.",2026-01-20
2217,4085,22,70,5,Best in this price range. Will buy again from this brand.,2026-05-09
2218,4088,767,28,3,"Quality is average, packaging could have been better.",2025-05-13
2219,4089,727,127,5,"Excellent product, exactly as described. Very happy with the purchase.",2025-10-23
2220,4090,1153,18,5,Best in this price range. Will buy again from this brand.,2024-12-31
2221,4091,1828,22,3,"Quality is average, packaging could have been better.",2026-02-27
2222,4092,507,19,1,"Very disappointed, product stopped working within days.",2025-12-25
2223,4093,589,8,4,"Good product overall, minor issues but satisfied with the purchase.",2025-11-09
2224,4095,1516,52,2,"Not worth the price, expected better quality.",2025-04-14
2225,4096,1019,98,4,"Nice quality, delivery was a bit delayed but product is good.",2026-03-26
2226,4097,369,121,5,Best in this price range. Will buy again from this brand.,2026-04-04
2227,4099,842,99,4,"Decent product for the price, would recommend with minor caution.",2026-08-17
2228,4103,101,35,4,"Nice quality, delivery was a bit delayed but product is good.",2026-03-31
2229,4104,50,119,5,Superb quality and fast delivery. Highly recommend to everyone.,2025-04-17
2230,4105,102,119,5,"Excellent product, exactly as described. Very happy with the purchase.",2025-02-13
2231,4106,1964,86,5,Amazing value for money. Packaging was also very good.,2025-10-25
2232,4107,1862,112,4,"Works well, matches the description. Happy with it.",2025-05-24
2233,4109,1215,39,1,"Poor quality, does not match the images shown online.",2026-03-01
2234,4113,545,107,3,"Quality is average, packaging could have been better.",2026-04-04
2235,4114,1129,29,2,"Not satisfied, quality is below expectations.",2024-09-03
2236,4116,1258,86,5,Best in this price range. Will buy again from this brand.,2026-05-13
2237,4118,74,52,5,Amazing value for money. Packaging was also very good.,2026-03-15
2238,4119,1312,39,4,"Works well, matches the description. Happy with it.",2025-10-05
2239,4121,1285,123,5,Amazing value for money. Packaging was also very good.,2024-06-05
2240,4123,365,14,4,"Decent product for the price, would recommend with minor caution.",2026-07-06
2241,4124,1959,123,5,Superb quality and fast delivery. Highly recommend to everyone.,2025-08-01
2242,4125,826,51,5,Superb quality and fast delivery. Highly recommend to everyone.,2025-10-07
2243,4126,1169,33,5,Best in this price range. Will buy again from this brand.,2026-06-24
2244,4127,943,86,3,"Average product, expected a bit more for this price.",2025-08-27
2245,4128,1334,113,4,"Good product overall, minor issues but satisfied with the purchase.",2025-05-14
2246,4132,1413,91,3,"Average product, expected a bit more for this price.",2025-04-06
2247,4134,1212,96,2,"Not worth the price, expected better quality.",2025-12-21
2248,4136,1823,118,4,"Good product overall, minor issues but satisfied with the purchase.",2026-03-07
2249,4137,665,70,3,"Quality is average, packaging could have been better.",2026-03-09
2250,4138,559,28,4,"Good product overall, minor issues but satisfied with the purchase.",2025-01-23
2251,4139,299,122,5,"Excellent product, exactly as described. Very happy with the purchase.",2026-03-19
2252,4142,439,63,2,"Not worth the price, expected better quality.",2026-05-28
2253,4144,1468,49,5,Amazing value for money. Packaging was also very good.,2025-08-15
2254,4147,7,32,3,Product is fine but delivery took longer than expected.,2026-08-09
2255,4149,1004,22,5,Superb quality and fast delivery. Highly recommend to everyone.,2026-03-09
2256,4151,1707,121,1,"Worst experience, will not order this brand again.",2026-05-08
2257,4153,106,92,1,"Worst experience, will not order this brand again.",2026-01-01
2258,4154,532,22,3,"Average product, expected a bit more for this price.",2025-11-06
2259,4157,1955,70,4,"Works well, matches the description. Happy with it.",2026-04-17
2260,4162,176,30,2,"Product had minor defects, considering a return.",2026-03-10
2261,4163,1169,70,2,Delivery was late and product quality is average at best.,2025-10-08
2262,4164,1539,93,5,"Excellent product, exactly as described. Very happy with the purchase.",2024-06-13
2263,4165,389,73,4,"Decent product for the price, would recommend with minor caution.",2025-10-14
2264,4166,1856,42,3,"Quality is average, packaging could have been better.",2024-08-21
2265,4168,1052,101,4,"Decent product for the price, would recommend with minor caution.",2026-05-29
2266,4171,640,32,3,"It's okay, nothing special but does the job.",2026-07-16
2267,4172,307,7,5,Amazing value for money. Packaging was also very good.,2025-12-23
2268,4173,645,27,4,"Decent product for the price, would recommend with minor caution.",2026-04-26
2269,4183,1626,14,1,"Received a damaged item, requesting refund immediately.",2025-02-27
2270,4186,1648,89,5,"Excellent product, exactly as described. Very happy with the purchase.",2026-06-23
2271,4190,781,43,1,"Very disappointed, product stopped working within days.",2025-11-20
2272,4192,1851,60,5,Superb quality and fast delivery. Highly recommend to everyone.,2026-06-13
2273,4196,1130,77,3,"Quality is average, packaging could have been better.",2026-04-29
2274,4199,1663,92,5,"Excellent product, exactly as described. Very happy with the purchase.",2026-07-06
2275,4200,573,72,3,"Average product, expected a bit more for this price.",2026-01-14
2276,4201,682,51,4,"Nice quality, delivery was a bit delayed but product is good.",2025-04-12
2277,4202,1521,18,3,"Average product, expected a bit more for this price.",2025-03-31
2278,4207,1888,37,3,Product is fine but delivery took longer than expected.,2026-04-26
2279,4213,1850,82,3,Product is fine but delivery took longer than expected.,2024-10-05
2280,4215,422,27,3,"Average product, expected a bit more for this price.",2025-01-05
2281,4217,1820,7,5,Best in this price range. Will buy again from this brand.,2025-02-02
2282,4220,1447,23,3,"It's okay, nothing special but does the job.",2026-05-06
2283,4222,377,123,5,Best in this price range. Will buy again from this brand.,2026-04-22
2284,4223,263,72,5,"Excellent product, exactly as described. Very happy with the purchase.",2026-06-04
2285,4224,437,79,4,"Works well, matches the description. Happy with it.",2026-01-11
2286,4227,1527,78,5,Superb quality and fast delivery. Highly recommend to everyone.,2025-07-23
2287,4231,1006,113,5,Amazing value for money. Packaging was also very good.,2025-06-15
2288,4232,984,33,2,Delivery was late and product quality is average at best.,2026-02-18
2289,4234,1038,10,3,"It's okay, nothing special but does the job.",2025-08-02
2290,4235,700,105,4,"Nice quality, delivery was a bit delayed but product is good.",2026-01-09
2291,4236,1509,58,3,"Average product, expected a bit more for this price.",2026-02-11
2292,4237,63,104,2,"Product had minor defects, considering a return.",2025-08-09
2293,4238,1283,90,4,"Decent product for the price, would recommend with minor caution.",2026-01-25
2294,4241,1231,47,3,"It's okay, nothing special but does the job.",2025-04-03
2295,4242,64,59,3,"It's okay, nothing special but does the job.",2026-05-25
2296,4243,18,120,4,"Decent product for the price, would recommend with minor caution.",2025-12-25
2297,4244,940,72,5,"Excellent product, exactly as described. Very happy with the purchase.",2025-09-14
2298,4245,1398,87,3,"Quality is average, packaging could have been better.",2025-11-21
2299,4246,1919,10,1,"Received a damaged item, requesting refund immediately.",2026-01-31
2300,4248,1102,43,3,"Quality is average, packaging could have been better.",2026-06-29
2301,4250,1365,6,5,"Excellent product, exactly as described. Very happy with the purchase.",2024-01-10
2302,4253,195,6,5,"Excellent product, exactly as described. Very happy with the purchase.",2026-05-21
2303,4256,530,107,5,Amazing value for money. Packaging was also very good.,2025-09-20
2304,4258,949,74,4,"Works well, matches the description. Happy with it.",2026-02-09
2305,4259,950,79,4,"Good product overall, minor issues but satisfied with the purchase.",2025-01-09
2306,4262,208,114,5,Superb quality and fast delivery. Highly recommend to everyone.,2026-02-24
2307,4263,1209,67,5,"Excellent product, exactly as described. Very happy with the purchase.",2025-10-11
2308,4264,46,32,4,"Nice quality, delivery was a bit delayed but product is good.",2025-12-07
2309,4271,1376,32,2,"Product had minor defects, considering a return.",2024-09-28
2310,4272,137,7,2,"Product had minor defects, considering a return.",2026-07-18
2311,4276,749,68,4,"Good product overall, minor issues but satisfied with the purchase.",2026-02-19
2312,4278,638,37,4,"Works well, matches the description. Happy with it.",2025-02-05
2313,4280,649,40,4,"Good product overall, minor issues but satisfied with the purchase.",2025-09-03
2314,4281,756,70,1,"Very disappointed, product stopped working within days.",2025-09-25
2315,4284,1509,86,5,"Excellent product, exactly as described. Very happy with the purchase.",2026-05-15
2316,4291,800,112,3,"Quality is average, packaging could have been better.",2025-02-28
2317,4294,287,66,2,Delivery was late and product quality is average at best.,2025-11-28
2318,4296,124,57,3,"Average product, expected a bit more for this price.",2025-09-24
2319,4298,1829,123,4,"Nice quality, delivery was a bit delayed but product is good.",2026-02-21
2320,4299,117,16,5,"Excellent product, exactly as described. Very happy with the purchase.",2026-01-27
2321,4301,1088,69,3,"Quality is average, packaging could have been better.",2025-01-25
2322,4302,319,63,5,Best in this price range. Will buy again from this brand.,2025-12-13
2323,4305,1039,45,4,"Decent product for the price, would recommend with minor caution.",2026-04-01
2324,4306,1454,37,3,"It's okay, nothing special but does the job.",2026-08-17
2325,4310,1492,87,5,"Excellent product, exactly as described. Very happy with the purchase.",2026-05-04
2326,4311,774,21,5,Amazing value for money. Packaging was also very good.,2024-12-24
2327,4312,1921,34,3,"Quality is average, packaging could have been better.",2024-09-04
2328,4316,445,59,2,"Product had minor defects, considering a return.",2026-04-22
2329,4318,1529,21,3,Product is fine but delivery took longer than expected.,2025-10-12
2330,4319,283,126,4,"Decent product for the price, would recommend with minor caution.",2025-05-20
2331,4322,731,29,5,Amazing value for money. Packaging was also very good.,2025-07-24
2332,4325,1853,122,4,"Works well, matches the description. Happy with it.",2025-01-29
2333,4328,1077,5,3,"It's okay, nothing special but does the job.",2026-08-17
2334,4329,57,123,5,"Excellent product, exactly as described. Very happy with the purchase.",2026-06-10
2335,4332,1661,119,5,Best in this price range. Will buy again from this brand.,2025-11-03
2336,4335,689,72,5,Superb quality and fast delivery. Highly recommend to everyone.,2024-01-21
2337,4336,909,109,5,Best in this price range. Will buy again from this brand.,2025-08-18
2338,4337,993,87,5,Superb quality and fast delivery. Highly recommend to everyone.,2026-06-09
2339,4338,1543,12,3,"It's okay, nothing special but does the job.",2024-12-25
2340,4339,1846,106,3,"It's okay, nothing special but does the job.",2025-01-13
2341,4340,365,87,4,"Works well, matches the description. Happy with it.",2026-07-26
2342,4341,1413,79,1,"Poor quality, does not match the images shown online.",2024-08-31
2343,4342,554,83,4,"Nice quality, delivery was a bit delayed but product is good.",2026-02-07
2344,4344,1903,52,2,"Not worth the price, expected better quality.",2025-02-23
2345,4346,1832,108,3,"Average product, expected a bit more for this price.",2025-11-30
2346,4348,1962,14,2,"Not satisfied, quality is below expectations.",2026-01-19
2347,4349,1313,110,3,"Quality is average, packaging could have been better.",2024-09-29
2348,4350,484,116,4,"Decent product for the price, would recommend with minor caution.",2025-11-18
2349,4354,81,52,5,Amazing value for money. Packaging was also very good.,2026-02-12
2350,4356,286,57,4,"Works well, matches the description. Happy with it.",2026-03-11
2351,4357,1952,88,1,"Worst experience, will not order this brand again.",2024-12-06
2352,4359,56,88,3,"Quality is average, packaging could have been better.",2025-09-17
2353,4360,1614,95,3,"Average product, expected a bit more for this price.",2025-10-11
2354,4361,1589,6,4,"Decent product for the price, would recommend with minor caution.",2025-05-22
2355,4363,1339,53,2,Delivery was late and product quality is average at best.,2025-10-21
2356,4364,1682,63,5,Best in this price range. Will buy again from this brand.,2026-04-29
2357,4365,257,112,4,"Good product overall, minor issues but satisfied with the purchase.",2026-08-15
2358,4367,57,12,5,"Excellent product, exactly as described. Very happy with the purchase.",2026-06-25
2359,4370,1827,51,3,"Average product, expected a bit more for this price.",2026-05-24
2360,4371,1305,98,5,"Excellent product, exactly as described. Very happy with the purchase.",2026-02-27
2361,4373,1705,66,5,Amazing value for money. Packaging was also very good.,2024-07-21
2362,4376,1487,129,3,"Average product, expected a bit more for this price.",2026-01-12
2363,4377,529,22,1,"Very disappointed, product stopped working within days.",2025-12-22
2364,4379,945,32,3,"Quality is average, packaging could have been better.",2025-12-18
2365,4381,860,124,5,"Excellent product, exactly as described. Very happy with the purchase.",2026-04-18
2366,4382,227,119,5,Best in this price range. Will buy again from this brand.,2026-01-06
2367,4383,647,60,5,"Excellent product, exactly as described. Very happy with the purchase.",2026-06-09
2368,4386,789,124,4,"Good product overall, minor issues but satisfied with the purchase.",2026-07-08
2369,4392,1099,60,2,"Not satisfied, quality is below expectations.",2025-07-30
2370,4394,415,63,5,"Excellent product, exactly as described. Very happy with the purchase.",2025-10-13
2371,4398,655,75,1,"Received a damaged item, requesting refund immediately.",2026-08-17
2372,4399,154,106,3,"It's okay, nothing special but does the job.",2025-02-03
2373,4402,673,102,3,"Quality is average, packaging could have been better.",2025-04-13
2374,4404,728,112,4,"Decent product for the price, would recommend with minor caution.",2025-12-23
2375,4405,1892,100,5,Amazing value for money. Packaging was also very good.,2025-06-19
2376,4406,1536,29,4,"Works well, matches the description. Happy with it.",2025-10-05
2377,4408,1213,73,2,Delivery was late and product quality is average at best.,2024-11-23
2378,4409,240,118,5,"Excellent product, exactly as described. Very happy with the purchase.",2025-08-11
2379,4410,1242,13,3,Product is fine but delivery took longer than expected.,2026-04-07
2380,4411,1906,127,5,Amazing value for money. Packaging was also very good.,2026-03-05
2381,4412,1612,81,3,Product is fine but delivery took longer than expected.,2026-08-06
2382,4414,1763,20,1,"Worst experience, will not order this brand again.",2026-02-11
2383,4415,1498,44,2,"Product had minor defects, considering a return.",2026-02-15
2384,4416,855,10,5,Superb quality and fast delivery. Highly recommend to everyone.,2026-04-17
2385,4419,1955,61,4,"Decent product for the price, would recommend with minor caution.",2025-02-11
2386,4420,1752,73,5,Amazing value for money. Packaging was also very good.,2025-10-20
2387,4421,290,77,5,Superb quality and fast delivery. Highly recommend to everyone.,2026-04-16
2388,4423,111,120,1,"Worst experience, will not order this brand again.",2026-03-19
2389,4426,1923,126,4,"Nice quality, delivery was a bit delayed but product is good.",2026-05-07
2390,4427,727,102,4,"Nice quality, delivery was a bit delayed but product is good.",2025-07-23
2391,4428,1940,80,4,"Decent product for the price, would recommend with minor caution.",2025-08-24
2392,4429,200,100,3,"Average product, expected a bit more for this price.",2024-10-30
2393,4430,506,33,2,"Not satisfied, quality is below expectations.",2025-09-28
2394,4434,970,18,4,"Works well, matches the description. Happy with it.",2024-11-12
2395,4438,383,9,2,Delivery was late and product quality is average at best.,2026-07-10
2396,4440,389,56,3,Product is fine but delivery took longer than expected.,2025-05-30
2397,4441,329,108,5,"Excellent product, exactly as described. Very happy with the purchase.",2026-01-24
2398,4442,1557,2,5,"Excellent product, exactly as described. Very happy with the purchase.",2026-07-07
2399,4443,1884,114,3,"It's okay, nothing special but does the job.",2026-04-20
2400,4444,946,115,4,"Nice quality, delivery was a bit delayed but product is good.",2025-08-21
2401,4448,678,106,2,Delivery was late and product quality is average at best.,2025-08-14
2402,4449,1975,62,4,"Works well, matches the description. Happy with it.",2025-08-03
2403,4450,452,97,5,"Excellent product, exactly as described. Very happy with the purchase.",2025-08-27
2404,4451,847,73,3,"It's okay, nothing special but does the job.",2026-03-31
2405,4452,1534,86,5,Amazing value for money. Packaging was also very good.,2025-09-19
2406,4453,1993,18,5,Amazing value for money. Packaging was also very good.,2026-07-20
2407,4454,1494,128,3,"Quality is average, packaging could have been better.",2026-03-21
2408,4455,1674,105,2,"Product had minor defects, considering a return.",2025-09-29
2409,4456,1902,59,5,Superb quality and fast delivery. Highly recommend to everyone.,2026-03-15
2410,4457,374,102,5,"Excellent product, exactly as described. Very happy with the purchase.",2025-09-28
2411,4460,406,34,4,"Decent product for the price, would recommend with minor caution.",2025-07-09
2412,4461,144,110,5,Amazing value for money. Packaging was also very good.,2025-08-28
2413,4463,1146,52,3,"It's okay, nothing special but does the job.",2024-09-12
2414,4464,1375,43,5,"Excellent product, exactly as described. Very happy with the purchase.",2025-10-03
2415,4465,1380,79,3,Product is fine but delivery took longer than expected.,2025-12-06
2416,4470,633,57,5,Amazing value for money. Packaging was also very good.,2025-12-15
2417,4471,1982,80,5,Best in this price range. Will buy again from this brand.,2025-09-30
2418,4472,1398,5,3,"Quality is average, packaging could have been better.",2026-01-18
2419,4473,1613,123,4,"Nice quality, delivery was a bit delayed but product is good.",2025-12-29
2420,4476,340,70,3,"It's okay, nothing special but does the job.",2026-03-26
2421,4478,216,26,4,"Works well, matches the description. Happy with it.",2024-04-09
2422,4483,1862,22,2,"Product had minor defects, considering a return.",2025-11-07
2423,4486,249,49,4,"Good product overall, minor issues but satisfied with the purchase.",2025-06-28
2424,4489,1906,20,5,Superb quality and fast delivery. Highly recommend to everyone.,2026-02-15
2425,4490,370,40,4,"Good product overall, minor issues but satisfied with the purchase.",2026-02-09
2426,4494,992,29,4,"Good product overall, minor issues but satisfied with the purchase.",2025-01-11
2427,4498,1966,45,4,"Decent product for the price, would recommend with minor caution.",2026-04-01
2428,4499,527,124,1,"Very disappointed, product stopped working within days.",2026-07-25
2429,4500,1473,30,2,"Not satisfied, quality is below expectations.",2025-12-10
2430,4504,367,43,2,"Not worth the price, expected better quality.",2026-03-11
2431,4507,303,11,5,"Excellent product, exactly as described. Very happy with the purchase.",2025-11-25
2432,4509,1526,99,4,"Decent product for the price, would recommend with minor caution.",2026-02-10
2433,4513,886,5,4,"Nice quality, delivery was a bit delayed but product is good.",2025-07-02
2434,4514,172,87,2,"Not worth the price, expected better quality.",2026-08-17
2435,4516,125,115,3,"It's okay, nothing special but does the job.",2026-02-25
2436,4518,1601,65,5,Amazing value for money. Packaging was also very good.,2025-08-09
2437,4519,15,59,4,"Good product overall, minor issues but satisfied with the purchase.",2025-09-27
2438,4520,1352,87,3,"It's okay, nothing special but does the job.",2026-08-04
2439,4525,1094,11,2,Delivery was late and product quality is average at best.,2025-02-18
2440,4526,645,121,1,"Received a damaged item, requesting refund immediately.",2026-05-10
2441,4527,973,23,5,Best in this price range. Will buy again from this brand.,2026-02-19
2442,4528,721,113,5,Superb quality and fast delivery. Highly recommend to everyone.,2026-05-12
2443,4530,1699,7,4,"Good product overall, minor issues but satisfied with the purchase.",2024-04-24
2444,4531,1926,31,3,Product is fine but delivery took longer than expected.,2025-01-12
2445,4534,693,103,4,"Nice quality, delivery was a bit delayed but product is good.",2025-07-28
2446,4536,990,11,3,"Quality is average, packaging could have been better.",2026-06-20
2447,4537,9,59,1,"Received a damaged item, requesting refund immediately.",2025-09-23
2448,4539,1879,47,5,Best in this price range. Will buy again from this brand.,2025-04-26
2449,4541,1269,49,5,Superb quality and fast delivery. Highly recommend to everyone.,2025-11-01
2450,4542,1827,5,5,Best in this price range. Will buy again from this brand.,2025-12-04
2451,4544,1639,99,5,Best in this price range. Will buy again from this brand.,2025-08-26
2452,4546,711,62,4,"Good product overall, minor issues but satisfied with the purchase.",2024-08-24
2453,4547,1355,43,1,"Very disappointed, product stopped working within days.",2025-07-14
2454,4548,1994,58,1,"Received a damaged item, requesting refund immediately.",2026-07-03
2455,4549,1924,41,5,Amazing value for money. Packaging was also very good.,2025-05-23
2456,4551,767,51,2,"Product had minor defects, considering a return.",2025-06-06
2457,4555,417,75,4,"Nice quality, delivery was a bit delayed but product is good.",2025-02-02
2458,4556,696,68,4,"Good product overall, minor issues but satisfied with the purchase.",2025-01-27
2459,4558,1754,77,1,"Worst experience, will not order this brand again.",2025-11-12
2460,4559,153,32,1,"Received a damaged item, requesting refund immediately.",2024-11-05
2461,4561,1800,45,5,Amazing value for money. Packaging was also very good.,2025-09-27
2462,4564,755,20,2,"Not satisfied, quality is below expectations.",2026-07-07
2463,4566,1143,51,5,Superb quality and fast delivery. Highly recommend to everyone.,2025-02-14
2464,4569,146,107,5,Amazing value for money. Packaging was also very good.,2026-05-02
2465,4570,798,97,4,"Decent product for the price, would recommend with minor caution.",2026-03-29
2466,4571,1536,80,2,"Not satisfied, quality is below expectations.",2025-07-10
2467,4573,693,69,4,"Decent product for the price, would recommend with minor caution.",2025-07-01
2468,4576,339,107,3,"It's okay, nothing special but does the job.",2025-12-03
2469,4577,465,29,4,"Works well, matches the description. Happy with it.",2025-11-16
2470,4578,164,76,5,Amazing value for money. Packaging was also very good.,2026-02-13
2471,4580,127,74,2,"Product had minor defects, considering a return.",2025-11-24
2472,4581,804,58,3,"It's okay, nothing special but does the job.",2026-02-22
2473,4583,1063,83,4,"Decent product for the price, would recommend with minor caution.",2026-01-02
2474,4584,936,121,3,"Quality is average, packaging could have been better.",2026-06-23
2475,4585,1004,129,5,Superb quality and fast delivery. Highly recommend to everyone.,2025-12-20
2476,4586,1022,121,3,Product is fine but delivery took longer than expected.,2025-07-24
2477,4588,83,56,4,"Works well, matches the description. Happy with it.",2025-05-07
2478,4589,649,72,4,"Nice quality, delivery was a bit delayed but product is good.",2023-11-01
2479,4593,1879,125,3,"Average product, expected a bit more for this price.",2025-05-23
2480,4594,117,34,5,Amazing value for money. Packaging was also very good.,2026-01-24
2481,4595,1718,27,5,Superb quality and fast delivery. Highly recommend to everyone.,2025-11-30
2482,4598,1313,117,2,"Product had minor defects, considering a return.",2025-01-09
2483,4599,1686,107,3,"It's okay, nothing special but does the job.",2025-07-03
2484,4601,1535,91,4,"Good product overall, minor issues but satisfied with the purchase.",2026-02-24
2485,4604,348,123,4,"Good product overall, minor issues but satisfied with the purchase.",2026-03-21
2486,4606,814,14,4,"Works well, matches the description. Happy with it.",2025-08-06
2487,4609,1516,82,2,Delivery was late and product quality is average at best.,2025-03-30
2488,4611,583,80,1,"Worst experience, will not order this brand again.",2025-06-14
2489,4612,556,37,3,"Quality is average, packaging could have been better.",2025-03-22
2490,4613,1813,18,1,"Poor quality, does not match the images shown online.",2025-06-08
2491,4614,920,98,2,"Product had minor defects, considering a return.",2025-01-19
2492,4615,387,11,5,"Excellent product, exactly as described. Very happy with the purchase.",2025-11-21
2493,4618,178,78,1,"Received a damaged item, requesting refund immediately.",2025-09-08
2494,4622,1022,119,1,"Poor quality, does not match the images shown online.",2026-05-23
2495,4623,1955,80,2,Delivery was late and product quality is average at best.,2025-07-09
2496,4624,120,29,5,Superb quality and fast delivery. Highly recommend to everyone.,2025-09-23
2497,4625,414,29,3,Product is fine but delivery took longer than expected.,2025-04-21
2498,4628,169,18,3,"Quality is average, packaging could have been better.",2024-12-02
2499,4629,1530,119,4,"Nice quality, delivery was a bit delayed but product is good.",2026-02-13
2500,4630,284,4,3,Product is fine but delivery took longer than expected.,2026-07-29
2501,4631,1295,77,3,"It's okay, nothing special but does the job.",2026-08-17
2502,4632,220,108,1,"Poor quality, does not match the images shown online.",2026-05-17
2503,4633,523,117,4,"Works well, matches the description. Happy with it.",2025-12-08
2504,4636,740,53,3,Product is fine but delivery took longer than expected.,2025-08-23
2505,4637,1119,22,5,Superb quality and fast delivery. Highly recommend to everyone.,2026-07-29
2506,4638,1954,92,5,Superb quality and fast delivery. Highly recommend to everyone.,2026-08-17
2507,4639,1280,71,2,"Not worth the price, expected better quality.",2025-10-19
2508,4640,601,111,1,"Very disappointed, product stopped working within days.",2026-08-06
2509,4641,1197,19,1,"Poor quality, does not match the images shown online.",2025-03-22
2510,4642,1795,97,2,"Not satisfied, quality is below expectations.",2026-04-09
2511,4643,1824,129,3,Product is fine but delivery took longer than expected.,2024-11-16
2512,4644,710,32,3,"Quality is average, packaging could have been better.",2026-01-27
2513,4645,90,59,5,Amazing value for money. Packaging was also very good.,2026-01-23
2514,4646,704,33,4,"Decent product for the price, would recommend with minor caution.",2026-04-12
2515,4650,1266,23,4,"Nice quality, delivery was a bit delayed but product is good.",2024-08-18
2516,4652,1888,52,5,Superb quality and fast delivery. Highly recommend to everyone.,2025-12-06
2517,4653,1004,129,4,"Works well, matches the description. Happy with it.",2025-12-07
2518,4654,107,101,4,"Good product overall, minor issues but satisfied with the purchase.",2025-06-14
2519,4655,1522,84,3,"Average product, expected a bit more for this price.",2026-06-20
2520,4656,1761,78,2,"Product had minor defects, considering a return.",2026-06-21
2521,4657,1529,105,2,"Product had minor defects, considering a return.",2025-06-12
2522,4659,685,49,4,"Nice quality, delivery was a bit delayed but product is good.",2025-06-14
2523,4661,167,110,3,"Quality is average, packaging could have been better.",2026-05-26
2524,4662,639,100,1,"Worst experience, will not order this brand again.",2025-10-02
2525,4664,460,42,4,"Good product overall, minor issues but satisfied with the purchase.",2024-05-07
2526,4666,161,35,4,"Decent product for the price, would recommend with minor caution.",2025-06-19
2527,4669,1335,93,5,"Excellent product, exactly as described. Very happy with the purchase.",2024-03-24
2528,4671,964,91,4,"Works well, matches the description. Happy with it.",2025-12-27
2529,4672,593,80,4,"Nice quality, delivery was a bit delayed but product is good.",2026-08-07
2530,4673,18,10,1,"Very disappointed, product stopped working within days.",2026-03-09
2531,4674,38,79,5,Amazing value for money. Packaging was also very good.,2025-10-20
2532,4677,310,63,5,Superb quality and fast delivery. Highly recommend to everyone.,2023-12-23
2533,4679,1355,52,1,"Very disappointed, product stopped working within days.",2024-12-17
2534,4680,1455,42,3,"Quality is average, packaging could have been better.",2025-08-19
2535,4681,1235,54,1,"Worst experience, will not order this brand again.",2024-02-19
2536,4683,325,84,5,Amazing value for money. Packaging was also very good.,2025-06-12
2537,4684,412,126,5,Superb quality and fast delivery. Highly recommend to everyone.,2026-06-30
2538,4685,1232,8,3,"Average product, expected a bit more for this price.",2025-02-12
2539,4686,1297,28,2,"Not satisfied, quality is below expectations.",2025-12-23
2540,4687,703,115,5,Best in this price range. Will buy again from this brand.,2026-08-02
2541,4690,258,102,2,Delivery was late and product quality is average at best.,2025-12-30
2542,4691,599,19,3,"It's okay, nothing special but does the job.",2026-02-22
2543,4693,152,71,4,"Good product overall, minor issues but satisfied with the purchase.",2025-03-25
2544,4694,1177,103,4,"Works well, matches the description. Happy with it.",2024-06-27
2545,4696,793,84,1,"Very disappointed, product stopped working within days.",2024-07-31
2546,4697,1669,34,5,Best in this price range. Will buy again from this brand.,2024-03-18
2547,4702,1526,37,4,"Good product overall, minor issues but satisfied with the purchase.",2026-01-13
2548,4703,1519,94,5,Best in this price range. Will buy again from this brand.,2026-02-09
2549,4704,786,30,4,"Nice quality, delivery was a bit delayed but product is good.",2026-02-24
2550,4706,71,127,3,"Average product, expected a bit more for this price.",2025-12-23
2551,4710,336,52,5,Amazing value for money. Packaging was also very good.,2026-05-18
2552,4711,1031,97,4,"Good product overall, minor issues but satisfied with the purchase.",2025-11-05
2553,4712,207,1,5,Best in this price range. Will buy again from this brand.,2026-06-23
2554,4713,1650,50,4,"Decent product for the price, would recommend with minor caution.",2026-04-27
2555,4714,534,52,5,Best in this price range. Will buy again from this brand.,2025-11-15
2556,4715,1223,88,4,"Decent product for the price, would recommend with minor caution.",2026-04-07
2557,4716,1091,62,2,"Not worth the price, expected better quality.",2025-08-16
2558,4719,558,13,5,Amazing value for money. Packaging was also very good.,2026-07-06
2559,4720,627,76,3,"Quality is average, packaging could have been better.",2026-03-19
2560,4721,957,4,5,Amazing value for money. Packaging was also very good.,2026-02-02
2561,4723,528,60,4,"Works well, matches the description. Happy with it.",2025-05-28
2562,4724,1730,60,5,Amazing value for money. Packaging was also very good.,2025-06-02
2563,4725,1238,28,5,Superb quality and fast delivery. Highly recommend to everyone.,2025-08-03
2564,4727,602,65,2,"Product had minor defects, considering a return.",2025-01-07
2565,4730,643,10,4,"Works well, matches the description. Happy with it.",2025-09-25
2566,4731,506,115,3,"Quality is average, packaging could have been better.",2025-09-28
2567,4734,35,121,5,Best in this price range. Will buy again from this brand.,2025-11-16
2568,4738,251,80,3,"Average product, expected a bit more for this price.",2025-04-22
2569,4739,458,27,3,"Average product, expected a bit more for this price.",2026-02-27
2570,4740,699,115,5,Superb quality and fast delivery. Highly recommend to everyone.,2025-06-26
2571,4741,280,35,4,"Works well, matches the description. Happy with it.",2026-07-17
2572,4742,320,114,4,"Good product overall, minor issues but satisfied with the purchase.",2025-09-02
2573,4743,1032,48,2,Delivery was late and product quality is average at best.,2025-11-04
2574,4744,27,124,2,"Not satisfied, quality is below expectations.",2025-07-25
2575,4745,1556,45,1,"Poor quality, does not match the images shown online.",2025-10-13
2576,4749,1389,38,4,"Decent product for the price, would recommend with minor caution.",2026-02-17
2577,4751,214,29,1,"Poor quality, does not match the images shown online.",2026-07-23
2578,4753,862,10,3,Product is fine but delivery took longer than expected.,2025-07-31
2579,4755,430,58,5,Best in this price range. Will buy again from this brand.,2026-07-19
2580,4756,1556,110,2,"Not worth the price, expected better quality.",2025-08-03
2581,4757,1527,97,3,Product is fine but delivery took longer than expected.,2026-04-18
2582,4761,825,2,4,"Good product overall, minor issues but satisfied with the purchase.",2024-11-18
2583,4762,552,38,2,"Not satisfied, quality is below expectations.",2026-07-28
2584,4763,1531,42,3,"Average product, expected a bit more for this price.",2025-11-30
2585,4764,774,119,5,"Excellent product, exactly as described. Very happy with the purchase.",2025-10-08
2586,4765,1650,56,2,"Product had minor defects, considering a return.",2026-04-30
2587,4770,1924,101,4,"Nice quality, delivery was a bit delayed but product is good.",2026-01-27
2588,4771,1777,129,1,"Worst experience, will not order this brand again.",2026-01-09
2589,4772,1728,43,2,"Not satisfied, quality is below expectations.",2025-09-05
2590,4773,1877,67,5,"Excellent product, exactly as described. Very happy with the purchase.",2025-01-06
2591,4774,824,52,4,"Nice quality, delivery was a bit delayed but product is good.",2024-12-18
2592,4777,1032,112,4,"Nice quality, delivery was a bit delayed but product is good.",2025-10-15
2593,4778,1514,16,4,"Works well, matches the description. Happy with it.",2026-02-12
2594,4779,1858,99,3,"Average product, expected a bit more for this price.",2025-09-11
2595,4781,1115,75,3,"It's okay, nothing special but does the job.",2025-06-26
2596,4782,805,102,4,"Nice quality, delivery was a bit delayed but product is good.",2024-12-08
2597,4784,1576,54,5,"Excellent product, exactly as described. Very happy with the purchase.",2024-08-02
2598,4785,1056,73,3,"Quality is average, packaging could have been better.",2026-03-02
2599,4786,166,111,3,Product is fine but delivery took longer than expected.,2025-11-11
2600,4787,1449,9,3,"Quality is average, packaging could have been better.",2025-12-13
2601,4788,1413,106,4,"Nice quality, delivery was a bit delayed but product is good.",2024-07-16
2602,4789,1540,71,5,Best in this price range. Will buy again from this brand.,2026-06-16
2603,4790,1537,85,2,Delivery was late and product quality is average at best.,2025-06-04
2604,4791,775,91,3,"Quality is average, packaging could have been better.",2024-10-07
2605,4793,850,16,4,"Good product overall, minor issues but satisfied with the purchase.",2026-01-16
2606,4795,1047,28,1,"Worst experience, will not order this brand again.",2026-03-01
2607,4796,275,19,3,Product is fine but delivery took longer than expected.,2026-08-17
2608,4797,1118,82,3,"It's okay, nothing special but does the job.",2025-09-13
2609,4800,29,18,3,"It's okay, nothing special but does the job.",2026-07-28
2610,4801,352,7,5,"Excellent product, exactly as described. Very happy with the purchase.",2026-04-09
2611,4803,1108,57,5,Amazing value for money. Packaging was also very good.,2025-04-20
2612,4804,166,82,2,"Product had minor defects, considering a return.",2025-01-21
2613,4805,1153,43,4,"Nice quality, delivery was a bit delayed but product is good.",2026-04-29
2614,4806,12,19,5,Amazing value for money. Packaging was also very good.,2026-08-16
2615,4808,1122,41,3,"Average product, expected a bit more for this price.",2026-08-17
2616,4810,571,17,2,"Not worth the price, expected better quality.",2026-01-19
2617,4811,506,44,3,Product is fine but delivery took longer than expected.,2026-03-07
2618,4812,514,39,3,"Quality is average, packaging could have been better.",2026-01-02
2619,4814,1221,69,4,"Good product overall, minor issues but satisfied with the purchase.",2025-10-12
2620,4815,1511,49,4,"Works well, matches the description. Happy with it.",2025-08-31
2621,4818,1700,127,2,"Product had minor defects, considering a return.",2025-05-23
2622,4819,646,55,3,"Average product, expected a bit more for this price.",2025-04-29
2623,4821,220,121,1,"Very disappointed, product stopped working within days.",2025-12-11
2624,4822,21,66,2,"Not worth the price, expected better quality.",2024-02-24
2625,4823,1409,102,5,Superb quality and fast delivery. Highly recommend to everyone.,2025-02-14
2626,4825,907,101,2,Delivery was late and product quality is average at best.,2024-09-01
2627,4826,1806,68,4,"Good product overall, minor issues but satisfied with the purchase.",2026-02-14
2628,4830,1996,111,5,Amazing value for money. Packaging was also very good.,2025-09-07
2629,4833,549,59,3,Product is fine but delivery took longer than expected.,2024-10-02
2630,4834,1279,92,3,"Quality is average, packaging could have been better.",2026-02-03
2631,4836,371,120,3,"Quality is average, packaging could have been better.",2026-01-22
2632,4839,76,11,4,"Nice quality, delivery was a bit delayed but product is good.",2025-02-12
2633,4842,1584,6,2,Delivery was late and product quality is average at best.,2025-12-20
2634,4843,1109,25,5,Amazing value for money. Packaging was also very good.,2026-04-17
2635,4847,870,26,1,"Received a damaged item, requesting refund immediately.",2026-05-28
2636,4851,1723,31,5,Amazing value for money. Packaging was also very good.,2026-03-08
2637,4852,1314,94,3,"Quality is average, packaging could have been better.",2026-03-27
2638,4854,1425,86,1,"Very disappointed, product stopped working within days.",2025-04-20
2639,4858,555,1,5,"Excellent product, exactly as described. Very happy with the purchase.",2026-01-14
2640,4859,1607,106,2,"Not worth the price, expected better quality.",2025-07-04
2641,4860,252,80,3,"It's okay, nothing special but does the job.",2026-04-20
2642,4861,1244,106,5,Best in this price range. Will buy again from this brand.,2025-08-06
2643,4862,1031,85,3,"Quality is average, packaging could have been better.",2025-11-30
2644,4864,1770,123,3,"It's okay, nothing special but does the job.",2025-05-08
2645,4865,1688,71,4,"Nice quality, delivery was a bit delayed but product is good.",2026-03-31
2646,4866,1712,63,3,"Average product, expected a bit more for this price.",2026-01-17
2647,4867,123,83,4,"Good product overall, minor issues but satisfied with the purchase.",2026-03-13
2648,4869,247,103,5,Amazing value for money. Packaging was also very good.,2026-01-17
2649,4870,1902,66,3,Product is fine but delivery took longer than expected.,2026-02-27
2650,4879,137,108,3,"Quality is average, packaging could have been better.",2026-07-04
2651,4880,111,99,3,Product is fine but delivery took longer than expected.,2026-03-08
2652,4881,1339,112,1,"Received a damaged item, requesting refund immediately.",2025-08-22
2653,4885,1459,113,4,"Nice quality, delivery was a bit delayed but product is good.",2025-06-28
2654,4886,9,46,5,Amazing value for money. Packaging was also very good.,2025-10-02
2655,4887,1417,72,2,"Product had minor defects, considering a return.",2026-06-30
2656,4888,1980,112,4,"Nice quality, delivery was a bit delayed but product is good.",2025-08-10
2657,4891,1756,99,5,Superb quality and fast delivery. Highly recommend to everyone.,2026-02-17
2658,4893,749,3,3,"It's okay, nothing special but does the job.",2026-07-05
2659,4894,765,127,3,"It's okay, nothing special but does the job.",2026-02-06
2660,4896,814,103,5,Superb quality and fast delivery. Highly recommend to everyone.,2025-10-13
2661,4898,1949,115,1,"Worst experience, will not order this brand again.",2025-10-11
2662,4902,1409,69,5,Superb quality and fast delivery. Highly recommend to everyone.,2025-02-05
2663,4903,772,39,2,"Product had minor defects, considering a return.",2024-05-30
2664,4908,1349,115,5,"Excellent product, exactly as described. Very happy with the purchase.",2025-01-18
2665,4909,1566,31,4,"Nice quality, delivery was a bit delayed but product is good.",2026-05-01
2666,4910,999,64,1,"Received a damaged item, requesting refund immediately.",2026-01-19
2667,4918,1589,30,3,"It's okay, nothing special but does the job.",2025-01-30
2668,4920,548,68,4,"Decent product for the price, would recommend with minor caution.",2025-10-31
2669,4921,154,100,5,Amazing value for money. Packaging was also very good.,2026-03-12
2670,4924,1763,25,3,Product is fine but delivery took longer than expected.,2026-04-30
2671,4926,812,26,3,"Quality is average, packaging could have been better.",2025-02-18
2672,4927,296,83,3,"It's okay, nothing special but does the job.",2026-03-31
2673,4928,1735,121,3,"Quality is average, packaging could have been better.",2024-12-25
2674,4931,515,102,2,Delivery was late and product quality is average at best.,2025-03-16
2675,4932,1752,63,3,"Average product, expected a bit more for this price.",2025-08-16
2676,4934,1087,32,4,"Works well, matches the description. Happy with it.",2026-03-10
2677,4935,764,51,4,"Good product overall, minor issues but satisfied with the purchase.",2025-05-13
2678,4941,1994,76,4,"Nice quality, delivery was a bit delayed but product is good.",2024-08-12
2679,4943,438,73,4,"Nice quality, delivery was a bit delayed but product is good.",2025-02-09
2680,4952,275,127,3,"Quality is average, packaging could have been better.",2026-08-17
2681,4953,517,87,2,"Not worth the price, expected better quality.",2026-05-27
2682,4955,1078,9,3,"Quality is average, packaging could have been better.",2025-03-13
2683,4956,1193,126,5,Best in this price range. Will buy again from this brand.,2026-03-11
2684,4958,1812,64,4,"Good product overall, minor issues but satisfied with the purchase.",2025-12-07
2685,4960,1699,46,3,"It's okay, nothing special but does the job.",2025-01-05
2686,4961,112,82,5,Superb quality and fast delivery. Highly recommend to everyone.,2024-12-13
2687,4962,1363,122,4,"Works well, matches the description. Happy with it.",2025-12-21
2688,4963,912,18,5,"Excellent product, exactly as described. Very happy with the purchase.",2026-02-20
2689,4964,890,21,5,Amazing value for money. Packaging was also very good.,2025-06-26
2690,4965,1472,84,5,Amazing value for money. Packaging was also very good.,2025-02-24
2691,4967,681,14,4,"Works well, matches the description. Happy with it.",2026-06-11
2692,4971,1294,35,4,"Good product overall, minor issues but satisfied with the purchase.",2025-01-12
2693,4975,1429,4,2,"Not satisfied, quality is below expectations.",2026-02-06
2694,4976,1293,124,3,"It's okay, nothing special but does the job.",2026-05-12
2695,4977,991,76,2,"Product had minor defects, considering a return.",2026-03-31
2696,4978,808,33,4,"Nice quality, delivery was a bit delayed but product is good.",2025-11-12
2697,4979,92,89,4,"Nice quality, delivery was a bit delayed but product is good.",2026-05-27
2698,4980,1522,56,4,"Good product overall, minor issues but satisfied with the purchase.",2026-06-13
2699,4981,482,111,1,"Very disappointed, product stopped working within days.",2025-08-19
2700,4984,1364,113,4,"Good product overall, minor issues but satisfied with the purchase.",2024-11-12
2701,4986,175,10,5,"Excellent product, exactly as described. Very happy with the purchase.",2026-05-16
2702,4991,1879,37,4,"Good product overall, minor issues but satisfied with the purchase.",2025-10-04
2703,4992,1508,126,5,Best in this price range. Will buy again from this brand.,2026-04-14
2704,4994,1337,119,5,Amazing value for money. Packaging was also very good.,2025-10-11
2705,4996,1429,53,4,"Works well, matches the description. Happy with it.",2025-11-07
2706,4997,1579,46,3,"Quality is average, packaging could have been better.",2025-10-09
2707,4998,1430,10,3,"Quality is average, packaging could have been better.",2025-12-11
2708,4999,690,103,2,"Not worth the price, expected better quality.",2025-05-27
2709,5000,412,31,4,"Works well, matches the description. Happy with it.",2026-02-09
2710,5003,1518,51,5,Best in this price range. Will buy again from this brand.,2025-11-18
2711,5005,1889,42,1,"Worst experience, will not order this brand again.",2025-11-06
2712,5006,1115,118,3,Product is fine but delivery took longer than expected.,2025-05-22
2713,5007,1059,10,2,"Not worth the price, expected better quality.",2025-10-23
2714,5008,1885,25,4,"Nice quality, delivery was a bit delayed but product is good.",2025-10-30
2715,5010,1590,27,4,"Decent product for the price, would recommend with minor caution.",2025-12-22
2716,5012,1553,74,1,"Very disappointed, product stopped working within days.",2025-09-25
2717,5016,266,83,2,"Not satisfied, quality is below expectations.",2025-12-17
2718,5017,1840,2,2,"Not satisfied, quality is below expectations.",2025-07-02
2719,5018,1594,46,5,Superb quality and fast delivery. Highly recommend to everyone.,2026-04-04
2720,5020,1831,105,5,Best in this price range. Will buy again from this brand.,2026-05-07
2721,5021,1361,128,4,"Decent product for the price, would recommend with minor caution.",2025-03-20
2722,5025,228,3,4,"Works well, matches the description. Happy with it.",2026-05-10
2723,5026,1823,125,2,Delivery was late and product quality is average at best.,2025-12-27
2724,5027,1024,55,5,Best in this price range. Will buy again from this brand.,2025-06-23
2725,5028,1956,50,2,"Product had minor defects, considering a return.",2025-06-15
2726,5029,1563,57,5,Superb quality and fast delivery. Highly recommend to everyone.,2025-03-30
2727,5030,1524,59,1,"Poor quality, does not match the images shown online.",2025-10-04
2728,5031,303,111,3,"Average product, expected a bit more for this price.",2024-09-28
2729,5034,237,3,4,"Nice quality, delivery was a bit delayed but product is good.",2025-10-27
2730,5036,875,20,2,"Product had minor defects, considering a return.",2024-10-15
2731,5037,484,105,3,"Average product, expected a bit more for this price.",2026-06-23
2732,5040,1323,90,5,Amazing value for money. Packaging was also very good.,2025-08-25
2733,5044,371,123,4,"Works well, matches the description. Happy with it.",2025-12-29
2734,5045,324,57,5,"Excellent product, exactly as described. Very happy with the purchase.",2024-06-11
2735,5046,786,19,3,Product is fine but delivery took longer than expected.,2026-04-22
2736,5047,1123,121,3,"Quality is average, packaging could have been better.",2026-01-30
2737,5050,1515,59,4,"Works well, matches the description. Happy with it.",2024-08-12
2738,5056,381,31,4,"Decent product for the price, would recommend with minor caution.",2026-01-12
2739,5057,1148,84,1,"Received a damaged item, requesting refund immediately.",2025-07-28
2740,5065,474,38,5,Best in this price range. Will buy again from this brand.,2025-12-29
2741,5067,1512,128,4,"Decent product for the price, would recommend with minor caution.",2025-04-20
2742,5068,1197,114,2,"Product had minor defects, considering a return.",2025-10-01
2743,5071,747,101,2,"Not satisfied, quality is below expectations.",2024-11-19
2744,5072,1069,95,3,Product is fine but delivery took longer than expected.,2025-03-19
2745,5073,50,49,4,"Good product overall, minor issues but satisfied with the purchase.",2025-04-15
2746,5074,373,33,5,Amazing value for money. Packaging was also very good.,2024-05-17
2747,5075,1133,8,3,"It's okay, nothing special but does the job.",2025-07-09
2748,5076,1067,116,2,"Not satisfied, quality is below expectations.",2026-08-01
2749,5077,229,44,5,Best in this price range. Will buy again from this brand.,2025-03-01
2750,5081,868,51,5,"Excellent product, exactly as described. Very happy with the purchase.",2025-06-30
2751,5082,95,122,3,Product is fine but delivery took longer than expected.,2026-05-12
2752,5086,1334,129,2,"Not satisfied, quality is below expectations.",2025-11-05
2753,5088,1549,39,5,"Excellent product, exactly as described. Very happy with the purchase.",2026-01-22
2754,5089,234,74,4,"Works well, matches the description. Happy with it.",2024-01-07
2755,5091,1072,110,4,"Nice quality, delivery was a bit delayed but product is good.",2025-12-06
2756,5093,35,113,3,Product is fine but delivery took longer than expected.,2025-12-19
2757,5094,1786,86,5,"Excellent product, exactly as described. Very happy with the purchase.",2026-03-06
2758,5095,1203,123,5,Superb quality and fast delivery. Highly recommend to everyone.,2024-10-06
2759,5098,1037,58,2,"Product had minor defects, considering a return.",2026-05-28
2760,5099,827,43,4,"Nice quality, delivery was a bit delayed but product is good.",2026-08-15
2761,5100,1524,10,3,"It's okay, nothing special but does the job.",2024-07-16
2762,5101,1603,76,5,Best in this price range. Will buy again from this brand.,2026-02-01
2763,5103,1578,9,1,"Worst experience, will not order this brand again.",2024-03-22
2764,5105,1778,107,1,"Received a damaged item, requesting refund immediately.",2026-05-20
2765,5109,211,59,5,Superb quality and fast delivery. Highly recommend to everyone.,2025-02-10
2766,5110,223,25,5,Amazing value for money. Packaging was also very good.,2025-12-12
2767,5111,535,99,2,"Not satisfied, quality is below expectations.",2026-05-08
2768,5112,318,57,3,"Quality is average, packaging could have been better.",2026-03-22
2769,5115,1001,10,4,"Good product overall, minor issues but satisfied with the purchase.",2025-02-09
2770,5116,1264,31,5,Amazing value for money. Packaging was also very good.,2026-02-16
2771,5117,1554,25,4,"Decent product for the price, would recommend with minor caution.",2025-12-02
2772,5120,758,67,4,"Decent product for the price, would recommend with minor caution.",2024-11-14
2773,5125,1508,45,1,"Poor quality, does not match the images shown online.",2025-08-12
2774,5126,1642,31,3,"Average product, expected a bit more for this price.",2026-04-15
2775,5129,1674,40,4,"Good product overall, minor issues but satisfied with the purchase.",2026-05-28
2776,5130,252,89,3,Product is fine but delivery took longer than expected.,2026-04-19
2777,5132,754,129,5,"Excellent product, exactly as described. Very happy with the purchase.",2025-09-08
2778,5133,1796,45,3,"Average product, expected a bit more for this price.",2025-08-29
2779,5136,325,63,5,Superb quality and fast delivery. Highly recommend to everyone.,2025-07-05
2780,5138,1626,32,5,"Excellent product, exactly as described. Very happy with the purchase.",2025-08-22
2781,5139,1101,118,4,"Good product overall, minor issues but satisfied with the purchase.",2026-06-18
2782,5140,1178,50,5,Amazing value for money. Packaging was also very good.,2026-01-08
2783,5141,1305,41,3,"Quality is average, packaging could have been better.",2026-04-15
2784,5142,826,67,1,"Poor quality, does not match the images shown online.",2025-06-04
2785,5144,429,49,4,"Decent product for the price, would recommend with minor caution.",2026-03-26
2786,5146,620,57,3,"Average product, expected a bit more for this price.",2024-08-05
2787,5147,1993,25,4,"Nice quality, delivery was a bit delayed but product is good.",2025-12-03
2788,5148,1108,41,4,"Works well, matches the description. Happy with it.",2026-03-06
2789,5150,1259,94,4,"Decent product for the price, would recommend with minor caution.",2025-11-13
2790,5154,1466,75,5,"Excellent product, exactly as described. Very happy with the purchase.",2026-06-27
2791,5158,502,107,1,"Received a damaged item, requesting refund immediately.",2026-08-17
2792,5159,159,123,5,Superb quality and fast delivery. Highly recommend to everyone.,2025-03-31
2793,5160,1335,17,5,"Excellent product, exactly as described. Very happy with the purchase.",2024-03-13
2794,5161,725,109,4,"Good product overall, minor issues but satisfied with the purchase.",2024-11-05
2795,5164,402,117,5,Best in this price range. Will buy again from this brand.,2024-08-27
2796,5166,1514,46,5,"Excellent product, exactly as described. Very happy with the purchase.",2025-12-02
2797,5168,1338,44,5,"Excellent product, exactly as described. Very happy with the purchase.",2025-07-11
2798,5169,241,45,5,"Excellent product, exactly as described. Very happy with the purchase.",2026-04-06
2799,5170,277,45,4,"Nice quality, delivery was a bit delayed but product is good.",2025-10-02
2800,5172,1003,95,5,Superb quality and fast delivery. Highly recommend to everyone.,2026-02-06
2801,5174,974,45,2,"Not satisfied, quality is below expectations.",2026-03-06
2802,5176,1331,5,5,"Excellent product, exactly as described. Very happy with the purchase.",2025-05-02
2803,5177,1106,10,5,Best in this price range. Will buy again from this brand.,2025-08-18
2804,5179,195,59,5,Superb quality and fast delivery. Highly recommend to everyone.,2026-03-04
2805,5180,5,54,3,"It's okay, nothing special but does the job.",2025-02-22
2806,5181,862,68,2,Delivery was late and product quality is average at best.,2025-10-16
2807,5182,64,52,3,"It's okay, nothing special but does the job.",2025-05-11
2808,5184,112,54,5,Amazing value for money. Packaging was also very good.,2025-12-05
2809,5185,1558,59,5,"Excellent product, exactly as described. Very happy with the purchase.",2026-06-18
2810,5187,1416,76,3,"Quality is average, packaging could have been better.",2025-07-15
2811,5188,685,93,2,"Not worth the price, expected better quality.",2026-01-30
2812,5190,1306,107,5,"Excellent product, exactly as described. Very happy with the purchase.",2026-07-22
2813,5193,771,26,5,Amazing value for money. Packaging was also very good.,2025-08-02
2814,5194,45,43,5,"Excellent product, exactly as described. Very happy with the purchase.",2024-10-20
2815,5198,807,81,3,"It's okay, nothing special but does the job.",2026-07-03
2816,5200,203,82,3,"Quality is average, packaging could have been better.",2026-06-05
2817,5202,747,107,4,"Nice quality, delivery was a bit delayed but product is good.",2026-04-05
2818,5203,418,121,3,"It's okay, nothing special but does the job.",2025-07-07
2819,5204,1175,1,4,"Good product overall, minor issues but satisfied with the purchase.",2026-04-16
2820,5207,826,23,5,Best in this price range. Will buy again from this brand.,2026-03-28
2821,5210,652,98,5,Amazing value for money. Packaging was also very good.,2025-07-29
2822,5211,63,82,3,Product is fine but delivery took longer than expected.,2024-07-22
2823,5212,118,113,1,"Worst experience, will not order this brand again.",2026-01-03
2824,5213,154,72,1,"Worst experience, will not order this brand again.",2024-08-14
2825,5216,1082,59,5,"Excellent product, exactly as described. Very happy with the purchase.",2024-09-21
2826,5220,1015,84,5,Best in this price range. Will buy again from this brand.,2025-04-12
2827,5222,1596,74,4,"Good product overall, minor issues but satisfied with the purchase.",2025-03-27
2828,5223,1902,58,4,"Nice quality, delivery was a bit delayed but product is good.",2026-03-23
2829,5224,1813,27,1,"Very disappointed, product stopped working within days.",2026-02-13
2830,5225,1226,12,3,"Quality is average, packaging could have been better.",2026-03-24
2831,5226,1402,116,5,Amazing value for money. Packaging was also very good.,2026-01-15
2832,5227,1569,4,5,"Excellent product, exactly as described. Very happy with the purchase.",2025-08-28
2833,5229,548,96,1,"Received a damaged item, requesting refund immediately.",2025-12-21
2834,5230,961,123,4,"Works well, matches the description. Happy with it.",2025-01-12
2835,5234,815,115,3,Product is fine but delivery took longer than expected.,2025-09-22
2836,5235,347,84,4,"Decent product for the price, would recommend with minor caution.",2025-09-28
2837,5236,1227,40,2,"Not satisfied, quality is below expectations.",2026-04-26
2838,5237,314,13,3,Product is fine but delivery took longer than expected.,2025-11-03
2839,5238,1241,45,2,"Product had minor defects, considering a return.",2025-11-13
2840,5239,186,69,3,Product is fine but delivery took longer than expected.,2026-05-02
2841,5242,252,31,3,"It's okay, nothing special but does the job.",2026-04-27
2842,5246,359,30,5,"Excellent product, exactly as described. Very happy with the purchase.",2025-12-10
2843,5248,477,66,4,"Good product overall, minor issues but satisfied with the purchase.",2026-08-17
2844,5249,634,65,2,"Not worth the price, expected better quality.",2026-07-08
2845,5250,986,95,4,"Decent product for the price, would recommend with minor caution.",2025-01-28
2846,5252,1161,85,5,Amazing value for money. Packaging was also very good.,2025-10-14
2847,5253,1858,94,3,Product is fine but delivery took longer than expected.,2024-10-23
2848,5255,432,117,3,"It's okay, nothing special but does the job.",2025-10-31
2849,5256,865,19,4,"Works well, matches the description. Happy with it.",2026-06-12
2850,5257,213,19,3,Product is fine but delivery took longer than expected.,2026-08-17
2851,5258,974,96,4,"Works well, matches the description. Happy with it.",2025-04-04
2852,5262,1073,122,1,"Poor quality, does not match the images shown online.",2026-01-22
2853,5264,724,53,4,"Decent product for the price, would recommend with minor caution.",2026-05-21
2854,5265,229,48,4,"Nice quality, delivery was a bit delayed but product is good.",2025-06-18
2855,5266,1265,54,3,Product is fine but delivery took longer than expected.,2026-08-09
2856,5267,153,78,3,"Quality is average, packaging could have been better.",2026-05-06
2857,5270,913,69,5,Amazing value for money. Packaging was also very good.,2025-09-15
2858,5271,632,125,4,"Nice quality, delivery was a bit delayed but product is good.",2025-04-17
2859,5275,1096,124,4,"Good product overall, minor issues but satisfied with the purchase.",2025-02-10
2860,5276,698,91,2,"Not satisfied, quality is below expectations.",2025-09-02
2861,5281,1973,87,5,Best in this price range. Will buy again from this brand.,2025-10-13
2862,5283,1276,3,3,Product is fine but delivery took longer than expected.,2026-01-04
2863,5284,1336,25,3,"It's okay, nothing special but does the job.",2025-09-10
2864,5285,1836,95,5,"Excellent product, exactly as described. Very happy with the purchase.",2024-02-20
2865,5288,658,85,3,"It's okay, nothing special but does the job.",2025-11-23
2866,5289,687,57,5,"Excellent product, exactly as described. Very happy with the purchase.",2026-01-02
2867,5291,71,123,5,Best in this price range. Will buy again from this brand.,2025-10-28
2868,5292,1735,83,5,Amazing value for money. Packaging was also very good.,2024-12-29
2869,5295,1428,21,3,"Quality is average, packaging could have been better.",2026-01-03
2870,5299,807,81,2,"Not worth the price, expected better quality.",2025-11-21
2871,5300,1894,19,5,Amazing value for money. Packaging was also very good.,2026-07-08
2872,5302,981,66,5,Best in this price range. Will buy again from this brand.,2025-01-24
2873,5303,634,13,3,"Quality is average, packaging could have been better.",2026-07-22
2874,5305,1083,76,4,"Good product overall, minor issues but satisfied with the purchase.",2026-02-20
2875,5310,787,96,3,"Quality is average, packaging could have been better.",2025-04-20
2876,5311,676,79,3,Product is fine but delivery took longer than expected.,2025-10-18
2877,5312,1778,19,5,Amazing value for money. Packaging was also very good.,2026-05-20
2878,5313,1401,124,4,"Nice quality, delivery was a bit delayed but product is good.",2025-07-25
2879,5315,1592,64,4,"Nice quality, delivery was a bit delayed but product is good.",2026-03-03
2880,5318,1849,65,2,Delivery was late and product quality is average at best.,2026-01-26
2881,5320,1770,33,4,"Good product overall, minor issues but satisfied with the purchase.",2025-06-28
2882,5321,1572,41,4,"Works well, matches the description. Happy with it.",2025-08-14
2883,5325,1188,75,5,"Excellent product, exactly as described. Very happy with the purchase.",2025-11-05
2884,5326,1148,123,3,"Average product, expected a bit more for this price.",2024-05-06
2885,5330,915,112,5,"Excellent product, exactly as described. Very happy with the purchase.",2025-03-17
2886,5331,820,21,3,"It's okay, nothing special but does the job.",2026-01-31
2887,5335,1733,55,5,Amazing value for money. Packaging was also very good.,2025-11-19
2888,5336,1689,125,2,"Not satisfied, quality is below expectations.",2026-07-02
2889,5337,913,29,4,"Nice quality, delivery was a bit delayed but product is good.",2025-09-28
2890,5339,38,93,3,"Average product, expected a bit more for this price.",2025-12-23
2891,5342,552,87,5,Amazing value for money. Packaging was also very good.,2026-05-04
2892,5344,1990,86,5,Amazing value for money. Packaging was also very good.,2024-11-04
2893,5348,1322,104,5,Amazing value for money. Packaging was also very good.,2026-07-01
2894,5350,542,74,2,"Not satisfied, quality is below expectations.",2025-09-10
2895,5351,988,102,5,Best in this price range. Will buy again from this brand.,2025-10-23
2896,5353,218,74,5,Amazing value for money. Packaging was also very good.,2025-06-13
2897,5355,965,88,4,"Decent product for the price, would recommend with minor caution.",2026-02-23
2898,5356,1242,122,3,"Average product, expected a bit more for this price.",2024-12-29
2899,5358,1741,5,2,"Not satisfied, quality is below expectations.",2026-02-01
2900,5360,1131,98,3,Product is fine but delivery took longer than expected.,2024-11-12
2901,5361,1256,45,1,"Received a damaged item, requesting refund immediately.",2024-08-09
2902,5362,81,40,1,"Very disappointed, product stopped working within days.",2026-02-09
2903,5363,539,90,4,"Decent product for the price, would recommend with minor caution.",2025-08-31
2904,5366,1694,54,2,"Not worth the price, expected better quality.",2026-02-11
2905,5367,1528,74,5,Superb quality and fast delivery. Highly recommend to everyone.,2026-04-13
2906,5368,497,123,3,"Quality is average, packaging could have been better.",2025-07-27
2907,5369,665,3,2,"Not worth the price, expected better quality.",2026-02-15
2908,5372,870,38,5,Best in this price range. Will buy again from this brand.,2026-05-23
2909,5377,1615,22,3,"Quality is average, packaging could have been better.",2025-09-03
2910,5379,781,73,3,"Quality is average, packaging could have been better.",2025-03-18
2911,5380,1364,37,2,"Product had minor defects, considering a return.",2025-08-20
2912,5381,1835,27,5,"Excellent product, exactly as described. Very happy with the purchase.",2024-11-17
2913,5382,574,64,4,"Decent product for the price, would recommend with minor caution.",2025-01-12
2914,5384,651,54,3,"Average product, expected a bit more for this price.",2024-02-17
2915,5385,63,83,3,"Average product, expected a bit more for this price.",2026-04-02
2916,5386,462,24,3,"Average product, expected a bit more for this price.",2026-06-08
2917,5387,1483,17,2,"Not worth the price, expected better quality.",2025-12-12
2918,5391,1350,2,3,"Average product, expected a bit more for this price.",2025-04-03
2919,5392,352,41,4,"Good product overall, minor issues but satisfied with the purchase.",2026-04-12
2920,5393,1836,1,2,"Not worth the price, expected better quality.",2025-01-24
2921,5395,642,70,5,Best in this price range. Will buy again from this brand.,2026-03-23
2922,5397,1611,87,3,"It's okay, nothing special but does the job.",2024-11-29
2923,5399,1665,15,2,"Not worth the price, expected better quality.",2025-11-02
2924,5400,1599,71,5,Superb quality and fast delivery. Highly recommend to everyone.,2025-04-20
2925,5401,993,13,2,"Not satisfied, quality is below expectations.",2026-06-03
2926,5403,347,103,2,"Not satisfied, quality is below expectations.",2024-11-10
2927,5405,1008,28,5,Best in this price range. Will buy again from this brand.,2026-03-29
2928,5408,1768,126,4,"Works well, matches the description. Happy with it.",2025-04-01
2929,5409,1124,84,2,"Not satisfied, quality is below expectations.",2025-05-15
2930,5411,1569,127,3,"Quality is average, packaging could have been better.",2024-10-17
2931,5412,1434,12,1,"Poor quality, does not match the images shown online.",2025-04-18
2932,5416,900,110,3,"It's okay, nothing special but does the job.",2026-04-09
2933,5419,249,22,3,Product is fine but delivery took longer than expected.,2026-03-29
2934,5420,29,118,5,Best in this price range. Will buy again from this brand.,2026-07-23
2935,5422,367,95,5,"Excellent product, exactly as described. Very happy with the purchase.",2025-08-24
2936,5423,877,124,2,"Not satisfied, quality is below expectations.",2026-05-08
2937,5424,1410,41,2,Delivery was late and product quality is average at best.,2025-08-28
2938,5425,614,31,4,"Works well, matches the description. Happy with it.",2025-10-09
2939,5426,1630,41,1,"Received a damaged item, requesting refund immediately.",2025-06-09
2940,5428,575,14,5,Superb quality and fast delivery. Highly recommend to everyone.,2026-02-06
2941,5431,1105,43,3,"Average product, expected a bit more for this price.",2024-06-07
2942,5432,1090,4,4,"Good product overall, minor issues but satisfied with the purchase.",2025-10-07
2943,5434,345,102,5,"Excellent product, exactly as described. Very happy with the purchase.",2026-01-08
2944,5437,832,89,1,"Very disappointed, product stopped working within days.",2026-03-31
2945,5438,395,34,1,"Poor quality, does not match the images shown online.",2026-08-17
2946,5439,1052,37,5,Best in this price range. Will buy again from this brand.,2025-08-12
2947,5440,1789,6,1,"Worst experience, will not order this brand again.",2025-05-08
2948,5442,1766,25,2,"Not satisfied, quality is below expectations.",2025-09-29
2949,5443,1821,15,4,"Nice quality, delivery was a bit delayed but product is good.",2025-06-18
2950,5444,661,74,4,"Works well, matches the description. Happy with it.",2025-09-11
2951,5447,1093,128,3,"It's okay, nothing special but does the job.",2025-10-24
2952,5448,1739,121,5,"Excellent product, exactly as described. Very happy with the purchase.",2025-12-14
2953,5452,9,13,3,"Quality is average, packaging could have been better.",2025-12-07
2954,5454,1850,1,3,"Quality is average, packaging could have been better.",2025-09-01
2955,5456,645,95,5,Superb quality and fast delivery. Highly recommend to everyone.,2026-04-18
2956,5457,655,15,4,"Works well, matches the description. Happy with it.",2026-08-17
2957,5459,1587,93,5,Amazing value for money. Packaging was also very good.,2025-04-09
2958,5460,1417,69,2,"Not satisfied, quality is below expectations.",2026-07-01
2959,5462,1009,11,3,"Quality is average, packaging could have been better.",2025-01-28
2960,5464,1434,98,2,"Not worth the price, expected better quality.",2025-11-11
2961,5470,1831,74,5,Superb quality and fast delivery. Highly recommend to everyone.,2026-04-26
2962,5471,876,50,4,"Decent product for the price, would recommend with minor caution.",2026-03-17
2963,5473,754,82,3,"Quality is average, packaging could have been better.",2025-09-01
2964,5474,477,28,4,"Works well, matches the description. Happy with it.",2026-08-17
2965,5477,1294,27,4,"Works well, matches the description. Happy with it.",2026-01-21
2966,5478,665,40,4,"Works well, matches the description. Happy with it.",2026-03-04
2967,5479,636,112,3,"Average product, expected a bit more for this price.",2025-01-18
2968,5480,83,40,1,"Worst experience, will not order this brand again.",2026-02-22
2969,5482,731,125,5,"Excellent product, exactly as described. Very happy with the purchase.",2024-11-29
2970,5484,61,44,5,Superb quality and fast delivery. Highly recommend to everyone.,2026-06-10
2971,5485,956,102,3,"Quality is average, packaging could have been better.",2025-05-03
2972,5486,1281,106,5,Amazing value for money. Packaging was also very good.,2026-03-31
2973,5487,1405,18,5,Superb quality and fast delivery. Highly recommend to everyone.,2025-03-03
2974,5488,24,103,3,"Quality is average, packaging could have been better.",2023-12-27
2975,5490,335,69,5,Amazing value for money. Packaging was also very good.,2025-05-05
2976,5491,1119,116,5,Best in this price range. Will buy again from this brand.,2026-08-17
2977,5492,1364,117,3,Product is fine but delivery took longer than expected.,2025-10-28
2978,5493,85,55,4,"Decent product for the price, would recommend with minor caution.",2026-06-09
2979,5494,1873,67,4,"Nice quality, delivery was a bit delayed but product is good.",2026-03-26
2980,5498,1033,109,4,"Good product overall, minor issues but satisfied with the purchase.",2025-12-19
2981,5499,115,122,3,"Quality is average, packaging could have been better.",2025-03-22
2982,5501,1889,86,4,"Decent product for the price, would recommend with minor caution.",2026-07-03
2983,5502,260,128,3,"Average product, expected a bit more for this price.",2025-12-30
2984,5505,1722,87,5,Superb quality and fast delivery. Highly recommend to everyone.,2025-07-31
2985,5507,1116,58,5,"Excellent product, exactly as described. Very happy with the purchase.",2024-09-29
2986,5510,1565,115,5,Superb quality and fast delivery. Highly recommend to everyone.,2026-06-05
2987,5513,824,46,5,Superb quality and fast delivery. Highly recommend to everyone.,2025-07-12
2988,5514,278,108,5,Superb quality and fast delivery. Highly recommend to everyone.,2026-07-09
2989,5515,49,67,4,"Good product overall, minor issues but satisfied with the purchase.",2024-08-09
2990,5518,867,108,2,Delivery was late and product quality is average at best.,2025-11-21
2991,5519,178,103,4,"Good product overall, minor issues but satisfied with the purchase.",2025-07-28
2992,5520,1146,52,4,"Decent product for the price, would recommend with minor caution.",2026-04-26
2993,5525,1224,92,5,"Excellent product, exactly as described. Very happy with the purchase.",2024-09-05
2994,5526,696,64,2,Delivery was late and product quality is average at best.,2026-05-17
2995,5527,1781,34,5,"Excellent product, exactly as described. Very happy with the purchase.",2026-04-17
2996,5528,1766,41,4,"Works well, matches the description. Happy with it.",2026-01-27
2997,5530,1913,51,3,Product is fine but delivery took longer than expected.,2026-04-11
2998,5531,224,102,5,"Excellent product, exactly as described. Very happy with the purchase.",2025-06-07
2999,5532,1816,115,5,Superb quality and fast delivery. Highly recommend to everyone.,2024-07-24
3000,5534,518,38,4,"Nice quality, delivery was a bit delayed but product is good.",2023-10-07
3001,5536,636,79,5,Amazing value for money. Packaging was also very good.,2026-03-03
3002,5537,883,92,5,"Excellent product, exactly as described. Very happy with the purchase.",2025-12-08
3003,5539,1042,91,2,"Not worth the price, expected better quality.",2025-07-20
3004,5541,1011,48,5,Amazing value for money. Packaging was also very good.,2026-05-10
3005,5543,818,71,4,"Good product overall, minor issues but satisfied with the purchase.",2026-05-03
3006,5544,1285,35,2,"Not satisfied, quality is below expectations.",2026-06-22
3007,5549,1474,124,2,"Product had minor defects, considering a return.",2025-02-04
3008,5552,598,45,3,Product is fine but delivery took longer than expected.,2025-02-16
3009,5553,136,67,3,Product is fine but delivery took longer than expected.,2025-05-20
3010,5556,1174,67,3,"Average product, expected a bit more for this price.",2025-11-15
3011,5557,776,30,3,"Quality is average, packaging could have been better.",2025-04-24
3012,5560,491,75,4,"Nice quality, delivery was a bit delayed but product is good.",2026-05-18
3013,5562,429,32,4,"Good product overall, minor issues but satisfied with the purchase.",2026-08-17
3014,5563,1627,79,3,Product is fine but delivery took longer than expected.,2024-10-11
3015,5565,952,14,3,"Average product, expected a bit more for this price.",2026-03-26
3016,5566,52,6,2,Delivery was late and product quality is average at best.,2026-01-16
3017,5568,1797,34,3,Product is fine but delivery took longer than expected.,2026-07-17
3018,5569,1575,14,5,Superb quality and fast delivery. Highly recommend to everyone.,2025-08-07
3019,5570,1273,62,4,"Good product overall, minor issues but satisfied with the purchase.",2026-08-10
3020,5572,400,28,4,"Works well, matches the description. Happy with it.",2025-05-22
3021,5573,221,58,4,"Good product overall, minor issues but satisfied with the purchase.",2026-04-01
3022,5574,1471,40,5,Best in this price range. Will buy again from this brand.,2026-04-04
3023,5576,340,115,5,"Excellent product, exactly as described. Very happy with the purchase.",2026-03-29
3024,5578,420,115,4,"Good product overall, minor issues but satisfied with the purchase.",2024-05-27
3025,5580,1704,119,4,"Works well, matches the description. Happy with it.",2025-12-08
3026,5581,1644,12,4,"Good product overall, minor issues but satisfied with the purchase.",2026-02-11
3027,5582,1251,92,5,Best in this price range. Will buy again from this brand.,2026-02-02
3028,5583,1547,119,3,"Quality is average, packaging could have been better.",2026-04-02
3029,5587,1858,43,4,"Nice quality, delivery was a bit delayed but product is good.",2026-03-08
3030,5589,1386,82,3,"Quality is average, packaging could have been better.",2025-11-01
3031,5590,335,53,3,"Quality is average, packaging could have been better.",2025-11-26
3032,5591,911,50,4,"Works well, matches the description. Happy with it.",2026-07-31
3033,5594,1556,99,4,"Good product overall, minor issues but satisfied with the purchase.",2026-02-02
3034,5595,570,37,2,"Not satisfied, quality is below expectations.",2026-03-21
3035,5597,1326,83,5,Amazing value for money. Packaging was also very good.,2025-07-12
3036,5599,928,5,3,"It's okay, nothing special but does the job.",2024-08-25
3037,5600,1698,107,3,"Quality is average, packaging could have been better.",2026-01-13
3038,5605,286,123,4,"Decent product for the price, would recommend with minor caution.",2026-03-03
3039,5606,6,6,4,"Nice quality, delivery was a bit delayed but product is good.",2025-08-09
3040,5607,500,77,3,Product is fine but delivery took longer than expected.,2024-04-17
3041,5610,1713,4,2,"Product had minor defects, considering a return.",2026-03-14
3042,5611,338,1,5,Best in this price range. Will buy again from this brand.,2025-09-08
3043,5614,816,14,5,"Excellent product, exactly as described. Very happy with the purchase.",2025-03-31
3044,5619,307,57,4,"Decent product for the price, would recommend with minor caution.",2026-01-16
3045,5620,1059,121,3,Product is fine but delivery took longer than expected.,2025-03-22
3046,5622,1518,111,1,"Very disappointed, product stopped working within days.",2025-10-08
3047,5623,1029,60,4,"Nice quality, delivery was a bit delayed but product is good.",2025-02-21
3048,5625,727,50,5,Superb quality and fast delivery. Highly recommend to everyone.,2025-08-02
3049,5626,927,23,4,"Decent product for the price, would recommend with minor caution.",2026-03-26
3050,5627,1499,17,2,"Not satisfied, quality is below expectations.",2025-09-05
3051,5629,1630,31,3,"It's okay, nothing special but does the job.",2026-02-21
3052,5630,668,43,5,Superb quality and fast delivery. Highly recommend to everyone.,2024-07-04
3053,5632,1631,17,2,"Not worth the price, expected better quality.",2024-12-21
3054,5639,1889,75,3,"Quality is average, packaging could have been better.",2025-09-01
3055,5640,874,100,3,"Quality is average, packaging could have been better.",2026-03-20
3056,5643,1136,3,5,Best in this price range. Will buy again from this brand.,2024-09-19
3057,5645,69,22,1,"Very disappointed, product stopped working within days.",2025-01-15
3058,5646,848,112,4,"Good product overall, minor issues but satisfied with the purchase.",2026-08-04
3059,5649,744,10,1,"Very disappointed, product stopped working within days.",2026-02-21
3060,5650,827,35,3,Product is fine but delivery took longer than expected.,2026-08-17
3061,5651,1429,15,2,"Not worth the price, expected better quality.",2026-01-26
3062,5653,541,72,5,Superb quality and fast delivery. Highly recommend to everyone.,2024-11-14
3063,5656,432,93,5,"Excellent product, exactly as described. Very happy with the purchase.",2025-11-13
3064,5657,1855,121,4,"Good product overall, minor issues but satisfied with the purchase.",2026-05-12
3065,5659,1396,57,5,Best in this price range. Will buy again from this brand.,2026-07-03
3066,5660,197,90,5,"Excellent product, exactly as described. Very happy with the purchase.",2026-01-11
3067,5664,1256,11,5,"Excellent product, exactly as described. Very happy with the purchase.",2026-04-17
3068,5665,777,89,5,Amazing value for money. Packaging was also very good.,2024-11-02
3069,5666,1777,116,1,"Worst experience, will not order this brand again.",2026-01-03
3070,5670,173,35,5,Superb quality and fast delivery. Highly recommend to everyone.,2025-12-11
3071,5672,1920,123,3,"Average product, expected a bit more for this price.",2026-05-21
3072,5673,1116,108,4,"Nice quality, delivery was a bit delayed but product is good.",2025-08-16
3073,5677,1350,100,2,"Not worth the price, expected better quality.",2026-03-23
3074,5679,681,84,4,"Decent product for the price, would recommend with minor caution.",2024-08-06
3075,5684,1227,10,4,"Decent product for the price, would recommend with minor caution.",2026-03-21
3076,5685,1063,37,3,"Average product, expected a bit more for this price.",2026-01-05
3077,5687,1015,28,5,Best in this price range. Will buy again from this brand.,2026-02-20
3078,5690,615,82,5,Best in this price range. Will buy again from this brand.,2024-07-07
3079,5691,1383,1,2,"Product had minor defects, considering a return.",2026-02-21
3080,5696,1706,29,2,"Product had minor defects, considering a return.",2025-08-10
3081,5697,1463,127,4,"Good product overall, minor issues but satisfied with the purchase.",2025-12-30
3082,5699,113,60,4,"Works well, matches the description. Happy with it.",2026-02-26
3083,5700,1580,125,1,"Poor quality, does not match the images shown online.",2026-02-09
3084,5702,135,121,1,"Worst experience, will not order this brand again.",2026-02-23
3085,5703,1954,27,4,"Decent product for the price, would recommend with minor caution.",2026-08-13
3086,5704,1417,2,5,"Excellent product, exactly as described. Very happy with the purchase.",2026-06-18
3087,5705,273,30,2,"Product had minor defects, considering a return.",2024-06-01
3088,5708,50,30,5,"Excellent product, exactly as described. Very happy with the purchase.",2026-03-16
3089,5709,1796,27,2,Delivery was late and product quality is average at best.,2025-05-30
3090,5710,88,18,2,Delivery was late and product quality is average at best.,2024-01-14
3091,5711,664,102,3,"It's okay, nothing special but does the job.",2024-05-10
3092,5712,1336,115,1,"Worst experience, will not order this brand again.",2025-09-14
3093,5716,1522,2,5,Best in this price range. Will buy again from this brand.,2026-05-29
3094,5717,1404,90,2,Delivery was late and product quality is average at best.,2026-04-09
3095,5719,640,70,5,"Excellent product, exactly as described. Very happy with the purchase.",2026-07-12
3096,5721,454,8,3,"It's okay, nothing special but does the job.",2025-11-24
3097,5724,490,13,2,Delivery was late and product quality is average at best.,2025-01-05
3098,5725,1060,93,4,"Nice quality, delivery was a bit delayed but product is good.",2026-06-07
3099,5726,1205,5,3,"Average product, expected a bit more for this price.",2025-05-23
3100,5729,1601,66,4,"Decent product for the price, would recommend with minor caution.",2024-01-12
3101,5730,1725,75,4,"Good product overall, minor issues but satisfied with the purchase.",2025-05-06
3102,5731,121,6,4,"Decent product for the price, would recommend with minor caution.",2026-04-17
3103,5732,713,2,4,"Nice quality, delivery was a bit delayed but product is good.",2024-07-17
3104,5734,1522,100,3,"Average product, expected a bit more for this price.",2026-06-08
3105,5736,1380,73,2,"Not worth the price, expected better quality.",2025-11-16
3106,5737,709,128,5,Superb quality and fast delivery. Highly recommend to everyone.,2025-06-16
3107,5739,1604,59,4,"Decent product for the price, would recommend with minor caution.",2025-12-04
3108,5740,518,37,5,Amazing value for money. Packaging was also very good.,2025-02-24
3109,5746,1250,41,5,Amazing value for money. Packaging was also very good.,2024-02-04
3110,5749,356,83,3,"Quality is average, packaging could have been better.",2025-08-14
3111,5751,58,89,4,"Nice quality, delivery was a bit delayed but product is good.",2026-04-15
3112,5752,1391,64,5,"Excellent product, exactly as described. Very happy with the purchase.",2025-05-20
3113,5754,433,104,4,"Nice quality, delivery was a bit delayed but product is good.",2026-08-15
3114,5755,1879,42,4,"Decent product for the price, would recommend with minor caution.",2026-06-17
3115,5758,950,92,3,"Quality is average, packaging could have been better.",2025-09-25
3116,5760,1814,64,4,"Good product overall, minor issues but satisfied with the purchase.",2026-05-20
3117,5762,885,89,5,"Excellent product, exactly as described. Very happy with the purchase.",2025-04-14
3118,5765,1976,10,2,"Not satisfied, quality is below expectations.",2026-04-19
3119,5768,465,75,2,"Not worth the price, expected better quality.",2025-09-26
3120,5773,239,64,4,"Decent product for the price, would recommend with minor caution.",2026-04-09
3121,5776,1280,47,4,"Decent product for the price, would recommend with minor caution.",2025-05-24
3122,5777,448,59,4,"Nice quality, delivery was a bit delayed but product is good.",2024-12-23
3123,5780,1829,60,4,"Works well, matches the description. Happy with it.",2025-07-03
3124,5781,788,22,5,Amazing value for money. Packaging was also very good.,2026-02-21
3125,5782,726,23,4,"Decent product for the price, would recommend with minor caution.",2026-03-05
3126,5784,1355,12,4,"Decent product for the price, would recommend with minor caution.",2024-12-14
3127,5785,539,49,4,"Works well, matches the description. Happy with it.",2025-08-16
3128,5787,588,44,4,"Decent product for the price, would recommend with minor caution.",2025-07-23
3129,5791,825,5,3,"Average product, expected a bit more for this price.",2024-12-20
3130,5792,1238,50,5,"Excellent product, exactly as described. Very happy with the purchase.",2025-08-17
3131,5793,971,27,4,"Works well, matches the description. Happy with it.",2025-08-23
3132,5799,1866,52,4,"Works well, matches the description. Happy with it.",2025-03-22
3133,5801,471,21,1,"Received a damaged item, requesting refund immediately.",2026-04-02
3134,5803,197,122,5,Superb quality and fast delivery. Highly recommend to everyone.,2025-05-03
3135,5805,1350,94,1,"Worst experience, will not order this brand again.",2025-10-12
3136,5806,359,102,2,Delivery was late and product quality is average at best.,2024-06-26
3137,5807,501,19,2,Delivery was late and product quality is average at best.,2025-08-11
3138,5808,827,127,4,"Good product overall, minor issues but satisfied with the purchase.",2026-08-17
3139,5809,848,65,1,"Very disappointed, product stopped working within days.",2026-08-11
3140,5811,1046,57,2,Delivery was late and product quality is average at best.,2026-06-07
3141,5813,1624,25,2,Delivery was late and product quality is average at best.,2026-02-26
3142,5816,849,22,5,"Excellent product, exactly as described. Very happy with the purchase.",2024-07-12
3143,5818,1021,17,5,Best in this price range. Will buy again from this brand.,2025-09-21
3144,5819,174,39,1,"Worst experience, will not order this brand again.",2026-02-28
3145,5820,897,41,2,"Not worth the price, expected better quality.",2026-03-22
3146,5821,263,115,4,"Good product overall, minor issues but satisfied with the purchase.",2025-02-20
3147,5833,9,100,1,"Poor quality, does not match the images shown online.",2025-10-08
3148,5834,982,86,5,Superb quality and fast delivery. Highly recommend to everyone.,2026-03-10
3149,5835,147,28,4,"Works well, matches the description. Happy with it.",2026-04-20
3150,5836,842,75,4,"Works well, matches the description. Happy with it.",2026-08-17
3151,5838,896,3,4,"Works well, matches the description. Happy with it.",2025-10-21
3152,5841,482,9,2,Delivery was late and product quality is average at best.,2025-07-27
3153,5842,596,11,4,"Works well, matches the description. Happy with it.",2024-11-09
3154,5843,747,122,4,"Decent product for the price, would recommend with minor caution.",2025-04-26
3155,5844,1138,3,2,"Not satisfied, quality is below expectations.",2024-05-27
3156,5848,1381,88,4,"Nice quality, delivery was a bit delayed but product is good.",2026-03-25
3157,5849,43,76,2,Delivery was late and product quality is average at best.,2026-05-09
3158,5850,1439,22,3,"Quality is average, packaging could have been better.",2026-03-20
3159,5854,636,112,4,"Works well, matches the description. Happy with it.",2025-10-20
3160,5855,1443,30,4,"Works well, matches the description. Happy with it.",2026-02-15
3161,5857,1079,86,4,"Nice quality, delivery was a bit delayed but product is good.",2025-07-11
3162,5858,1860,62,1,"Received a damaged item, requesting refund immediately.",2025-10-03
3163,5861,1741,85,4,"Good product overall, minor issues but satisfied with the purchase.",2025-12-26
3164,5863,1548,34,5,Best in this price range. Will buy again from this brand.,2025-10-03
3165,5864,1928,115,2,"Not worth the price, expected better quality.",2025-06-11
3166,5869,643,116,5,Amazing value for money. Packaging was also very good.,2025-04-03
3167,5870,1716,86,4,"Works well, matches the description. Happy with it.",2025-10-22
3168,5874,1037,101,5,Amazing value for money. Packaging was also very good.,2025-10-20
3169,5875,1062,21,3,Product is fine but delivery took longer than expected.,2025-06-17
3170,5877,534,118,5,Best in this price range. Will buy again from this brand.,2025-10-24
3171,5879,518,42,4,"Good product overall, minor issues but satisfied with the purchase.",2025-07-22
3172,5880,651,63,4,"Works well, matches the description. Happy with it.",2026-07-05
3173,5881,15,44,5,Best in this price range. Will buy again from this brand.,2025-04-21
3174,5882,644,30,5,Superb quality and fast delivery. Highly recommend to everyone.,2025-06-03
3175,5883,763,123,4,"Nice quality, delivery was a bit delayed but product is good.",2025-09-13
3176,5884,61,56,4,"Works well, matches the description. Happy with it.",2026-06-08
3177,5890,406,105,5,"Excellent product, exactly as described. Very happy with the purchase.",2025-01-04
3178,5892,1162,8,3,Product is fine but delivery took longer than expected.,2025-08-04
3179,5893,1974,64,3,"Quality is average, packaging could have been better.",2026-05-30
3180,5894,589,120,2,Delivery was late and product quality is average at best.,2025-01-10
3181,5895,65,46,1,"Very disappointed, product stopped working within days.",2026-06-25
3182,5896,1880,3,2,"Not worth the price, expected better quality.",2026-01-27
3183,5898,1075,108,3,"Quality is average, packaging could have been better.",2025-06-22
3184,5900,616,70,5,Amazing value for money. Packaging was also very good.,2024-01-05
3185,5904,893,80,4,"Works well, matches the description. Happy with it.",2026-05-12
3186,5907,1580,107,3,"Quality is average, packaging could have been better.",2026-03-03
3187,5908,629,125,4,"Nice quality, delivery was a bit delayed but product is good.",2024-05-07
3188,5911,1639,72,3,"Average product, expected a bit more for this price.",2024-05-11
3189,5916,1047,64,5,Amazing value for money. Packaging was also very good.,2024-08-13
3190,5918,1587,70,2,"Product had minor defects, considering a return.",2024-03-29
3191,5922,715,117,3,"It's okay, nothing special but does the job.",2026-02-02
3192,5924,1565,70,4,"Decent product for the price, would recommend with minor caution.",2026-05-23
3193,5925,1409,5,5,"Excellent product, exactly as described. Very happy with the purchase.",2025-03-16
3194,5928,1192,62,4,"Decent product for the price, would recommend with minor caution.",2025-10-23
3195,5933,1234,54,4,"Decent product for the price, would recommend with minor caution.",2026-02-27
3196,5934,1989,91,2,Delivery was late and product quality is average at best.,2025-09-12
3197,5936,1487,63,4,"Works well, matches the description. Happy with it.",2026-04-07
3198,5937,1749,111,5,Superb quality and fast delivery. Highly recommend to everyone.,2026-02-18
3199,5938,1571,75,3,"It's okay, nothing special but does the job.",2025-12-05
3200,5940,1391,120,4,"Good product overall, minor issues but satisfied with the purchase.",2026-01-17
3201,5943,1358,12,3,"Average product, expected a bit more for this price.",2026-04-25
3202,5946,306,66,4,"Works well, matches the description. Happy with it.",2025-03-14
3203,5953,277,7,3,"Average product, expected a bit more for this price.",2026-07-14
3204,5954,1834,50,1,"Very disappointed, product stopped working within days.",2026-01-27
3205,5957,774,69,3,"It's okay, nothing special but does the job.",2025-12-27
3206,5958,1645,61,5,"Excellent product, exactly as described. Very happy with the purchase.",2025-03-02
3207,5960,237,101,5,Best in this price range. Will buy again from this brand.,2025-05-03
3208,5961,1007,43,4,"Works well, matches the description. Happy with it.",2026-04-17
3209,5962,123,7,5,Superb quality and fast delivery. Highly recommend to everyone.,2025-07-21
3210,5963,1934,12,4,"Decent product for the price, would recommend with minor caution.",2026-03-09
3211,5964,1505,70,5,Best in this price range. Will buy again from this brand.,2025-06-07
3212,5965,678,95,3,Product is fine but delivery took longer than expected.,2025-09-11
3213,5966,1816,58,4,"Decent product for the price, would recommend with minor caution.",2024-12-27
3214,5968,1707,56,3,Product is fine but delivery took longer than expected.,2026-06-19
3215,5969,1106,103,3,"Average product, expected a bit more for this price.",2026-01-05
3216,5973,1664,112,4,"Decent product for the price, would recommend with minor caution.",2026-08-16
3217,5976,336,45,5,Superb quality and fast delivery. Highly recommend to everyone.,2024-06-21
3218,5977,1773,14,4,"Nice quality, delivery was a bit delayed but product is good.",2024-09-29
3219,5978,1912,4,5,Superb quality and fast delivery. Highly recommend to everyone.,2026-06-25
3220,5979,1804,43,5,Superb quality and fast delivery. Highly recommend to everyone.,2026-06-17
3221,5981,952,33,5,Superb quality and fast delivery. Highly recommend to everyone.,2026-05-06
3222,5984,1870,22,3,"Quality is average, packaging could have been better.",2025-04-26
3223,5987,207,61,5,Superb quality and fast delivery. Highly recommend to everyone.,2026-07-01
3224,5988,1125,50,5,"Excellent product, exactly as described. Very happy with the purchase.",2025-09-26
3225,5992,1333,8,5,Best in this price range. Will buy again from this brand.,2025-07-03
3226,5999,1400,5,4,"Decent product for the price, would recommend with minor caution.",2026-05-08
3227,6001,396,15,5,Superb quality and fast delivery. Highly recommend to everyone.,2025-09-17
3228,6002,539,71,2,Delivery was late and product quality is average at best.,2026-05-08
3229,6003,892,128,2,"Not satisfied, quality is below expectations.",2025-08-28
3230,6005,1442,100,3,"Average product, expected a bit more for this price.",2025-06-12
3231,6006,595,105,4,"Works well, matches the description. Happy with it.",2025-01-13
3232,6007,412,61,5,Best in this price range. Will buy again from this brand.,2026-02-07
3233,6009,346,11,4,"Good product overall, minor issues but satisfied with the purchase.",2025-11-21
3234,6010,317,113,3,"It's okay, nothing special but does the job.",2025-05-07
3235,6014,1465,34,5,Best in this price range. Will buy again from this brand.,2024-12-11
3236,6015,1635,30,3,"It's okay, nothing special but does the job.",2025-04-08
3237,6017,609,117,5,"Excellent product, exactly as described. Very happy with the purchase.",2025-04-03
3238,6018,1282,113,4,"Works well, matches the description. Happy with it.",2024-01-23
3239,6021,1098,51,4,"Good product overall, minor issues but satisfied with the purchase.",2026-01-28
3240,6022,1879,33,3,"It's okay, nothing special but does the job.",2026-03-30
3241,6026,224,75,4,"Good product overall, minor issues but satisfied with the purchase.",2024-08-18
3242,6027,1313,21,2,"Product had minor defects, considering a return.",2025-12-01
3243,6029,1455,35,3,"Average product, expected a bit more for this price.",2025-07-25
3244,6033,59,41,3,"It's okay, nothing special but does the job.",2026-02-12
3245,6034,536,100,4,"Decent product for the price, would recommend with minor caution.",2026-03-11
3246,6037,488,99,5,Best in this price range. Will buy again from this brand.,2025-09-19
3247,6038,28,94,1,"Worst experience, will not order this brand again.",2025-09-16
3248,6039,1768,4,5,Amazing value for money. Packaging was also very good.,2025-08-31
3249,6040,1901,40,4,"Works well, matches the description. Happy with it.",2024-11-17
3250,6041,982,40,5,Best in this price range. Will buy again from this brand.,2026-03-31
3251,6042,931,17,1,"Poor quality, does not match the images shown online.",2026-06-07
3252,6043,1925,120,3,"Quality is average, packaging could have been better.",2024-12-08
3253,6045,6,33,5,Amazing value for money. Packaging was also very good.,2026-03-09
3254,6046,1704,79,5,"Excellent product, exactly as described. Very happy with the purchase.",2026-03-07
3255,6047,838,61,2,"Product had minor defects, considering a return.",2025-12-15
3256,6050,737,90,1,"Received a damaged item, requesting refund immediately.",2025-04-26
3257,6055,1915,110,5,Amazing value for money. Packaging was also very good.,2026-06-07
3258,6057,166,31,1,"Poor quality, does not match the images shown online.",2026-02-28
3259,6059,1181,108,4,"Decent product for the price, would recommend with minor caution.",2026-04-03
3260,6060,815,6,3,Product is fine but delivery took longer than expected.,2025-04-22
3261,6061,44,6,5,Amazing value for money. Packaging was also very good.,2026-03-10
3262,6066,696,29,1,"Poor quality, does not match the images shown online.",2025-12-22
3263,6067,560,76,5,"Excellent product, exactly as described. Very happy with the purchase.",2025-12-28
3264,6068,991,2,4,"Works well, matches the description. Happy with it.",2025-12-15
3265,6069,1419,115,5,Best in this price range. Will buy again from this brand.,2025-07-06
3266,6071,327,123,1,"Worst experience, will not order this brand again.",2026-03-05
3267,6072,1839,55,4,"Nice quality, delivery was a bit delayed but product is good.",2026-06-07
3268,6073,61,25,2,"Not worth the price, expected better quality.",2026-05-29
3269,6075,1383,68,2,Delivery was late and product quality is average at best.,2024-12-12
3270,6076,322,123,5,Best in this price range. Will buy again from this brand.,2026-05-16
3271,6077,1592,48,4,"Decent product for the price, would recommend with minor caution.",2026-03-10
3272,6078,1962,92,5,Amazing value for money. Packaging was also very good.,2025-07-07
3273,6079,664,93,4,"Nice quality, delivery was a bit delayed but product is good.",2026-05-10
3274,6080,548,129,5,"Excellent product, exactly as described. Very happy with the purchase.",2026-07-04
3275,6084,1042,2,5,"Excellent product, exactly as described. Very happy with the purchase.",2025-07-04
3276,6085,762,99,3,"Average product, expected a bit more for this price.",2024-05-28
3277,6087,1328,113,4,"Decent product for the price, would recommend with minor caution.",2025-04-03
3278,6088,668,42,2,Delivery was late and product quality is average at best.,2025-09-23
3279,6089,392,39,2,"Not worth the price, expected better quality.",2025-12-10
3280,6091,222,97,3,Product is fine but delivery took longer than expected.,2026-01-07
3281,6095,1303,100,3,"It's okay, nothing special but does the job.",2025-06-11
3282,6096,1465,21,4,"Nice quality, delivery was a bit delayed but product is good.",2025-08-16
3283,6097,1079,118,3,Product is fine but delivery took longer than expected.,2025-11-25
3284,6099,652,115,3,"Quality is average, packaging could have been better.",2025-06-17
3285,6102,1089,78,4,"Decent product for the price, would recommend with minor caution.",2026-01-18
3286,6103,1984,109,1,"Poor quality, does not match the images shown online.",2026-05-15
3287,6104,193,107,5,Best in this price range. Will buy again from this brand.,2025-11-13
3288,6105,496,28,3,Product is fine but delivery took longer than expected.,2026-06-18
3289,6109,1879,99,5,Amazing value for money. Packaging was also very good.,2024-07-11
3290,6110,1580,73,4,"Nice quality, delivery was a bit delayed but product is good.",2026-02-11
3291,6113,1748,76,5,Amazing value for money. Packaging was also very good.,2026-04-15
3292,6114,5,97,4,"Good product overall, minor issues but satisfied with the purchase.",2024-11-02
3293,6116,1931,44,4,"Works well, matches the description. Happy with it.",2025-10-27
3294,6118,268,98,5,Superb quality and fast delivery. Highly recommend to everyone.,2025-11-20
3295,6119,1525,80,4,"Good product overall, minor issues but satisfied with the purchase.",2026-02-13
3296,6124,746,43,4,"Works well, matches the description. Happy with it.",2026-03-12
3297,6125,1541,58,5,Amazing value for money. Packaging was also very good.,2025-08-05
3298,6126,492,17,5,Best in this price range. Will buy again from this brand.,2025-08-18
3299,6127,430,113,4,"Decent product for the price, would recommend with minor caution.",2025-11-01
3300,6130,832,1,5,Best in this price range. Will buy again from this brand.,2025-11-15
3301,6131,934,95,1,"Very disappointed, product stopped working within days.",2026-04-12
3302,6132,683,101,5,Superb quality and fast delivery. Highly recommend to everyone.,2025-06-14
3303,6134,1777,35,2,"Not worth the price, expected better quality.",2025-10-07
3304,6135,517,103,1,"Poor quality, does not match the images shown online.",2026-05-14
3305,6139,815,37,2,"Product had minor defects, considering a return.",2024-08-08
3306,6140,1877,31,5,Superb quality and fast delivery. Highly recommend to everyone.,2026-06-23
3307,6141,589,77,5,Best in this price range. Will buy again from this brand.,2026-05-01
3308,6142,350,6,5,Amazing value for money. Packaging was also very good.,2025-02-27
3309,6144,351,42,2,Delivery was late and product quality is average at best.,2025-09-08
3310,6145,1201,25,4,"Good product overall, minor issues but satisfied with the purchase.",2026-03-06
3311,6146,332,30,5,"Excellent product, exactly as described. Very happy with the purchase.",2026-08-02
3312,6149,142,1,3,"Quality is average, packaging could have been better.",2026-04-30
3313,6151,1864,109,1,"Very disappointed, product stopped working within days.",2026-03-22
3314,6153,1663,121,5,Amazing value for money. Packaging was also very good.,2026-07-10
3315,6156,457,22,5,Amazing value for money. Packaging was also very good.,2026-06-07
3316,6157,1479,87,2,"Not satisfied, quality is below expectations.",2024-10-17
3317,6159,1473,72,5,"Excellent product, exactly as described. Very happy with the purchase.",2025-12-10
3318,6163,388,118,4,"Nice quality, delivery was a bit delayed but product is good.",2026-07-28
3319,6165,1932,21,5,Amazing value for money. Packaging was also very good.,2025-10-11
3320,6166,698,9,2,"Not worth the price, expected better quality.",2025-01-14
3321,6167,988,89,2,"Not worth the price, expected better quality.",2025-04-22
3322,6168,1657,34,4,"Decent product for the price, would recommend with minor caution.",2026-04-20
3323,6169,29,108,5,Best in this price range. Will buy again from this brand.,2026-06-27
3324,6170,1666,77,5,Best in this price range. Will buy again from this brand.,2025-03-07
3325,6171,1291,44,5,Superb quality and fast delivery. Highly recommend to everyone.,2026-01-28
3326,6172,1516,98,4,"Nice quality, delivery was a bit delayed but product is good.",2025-05-10
3327,6176,1368,95,1,"Worst experience, will not order this brand again.",2025-12-17
3328,6177,147,105,2,"Product had minor defects, considering a return.",2024-09-17
3329,6178,1610,68,5,"Excellent product, exactly as described. Very happy with the purchase.",2025-11-27
3330,6179,619,64,5,"Excellent product, exactly as described. Very happy with the purchase.",2025-08-08
3331,6180,592,84,4,"Decent product for the price, would recommend with minor caution.",2026-03-09
3332,6181,881,58,2,Delivery was late and product quality is average at best.,2025-03-17
3333,6182,452,54,1,"Worst experience, will not order this brand again.",2025-08-21
3334,6183,1457,31,4,"Nice quality, delivery was a bit delayed but product is good.",2025-02-08
3335,6186,335,103,5,Superb quality and fast delivery. Highly recommend to everyone.,2026-01-08
3336,6188,1918,10,5,Best in this price range. Will buy again from this brand.,2026-03-26
3337,6190,1719,3,5,Superb quality and fast delivery. Highly recommend to everyone.,2026-06-25
3338,6191,264,124,3,"Quality is average, packaging could have been better.",2024-07-21
3339,6194,1880,73,3,"Average product, expected a bit more for this price.",2026-01-08
3340,6195,849,68,1,"Worst experience, will not order this brand again.",2025-02-26
3341,6197,20,117,3,"Average product, expected a bit more for this price.",2025-06-19
3342,6198,1579,92,5,Amazing value for money. Packaging was also very good.,2025-06-18
3343,6199,467,19,5,"Excellent product, exactly as described. Very happy with the purchase.",2025-04-22
3344,6200,545,118,5,Amazing value for money. Packaging was also very good.,2025-12-26
3345,6203,426,50,5,Best in this price range. Will buy again from this brand.,2026-01-24
3346,6204,1756,3,1,"Received a damaged item, requesting refund immediately.",2026-01-26
3347,6205,383,90,2,"Not worth the price, expected better quality.",2026-05-29
3348,6206,410,20,4,"Decent product for the price, would recommend with minor caution.",2025-08-16
3349,6207,1503,79,4,"Good product overall, minor issues but satisfied with the purchase.",2026-07-18
3350,6208,1898,112,4,"Nice quality, delivery was a bit delayed but product is good.",2026-08-11
3351,6210,80,4,2,"Not worth the price, expected better quality.",2024-07-15
3352,6212,121,30,5,Best in this price range. Will buy again from this brand.,2026-05-03
3353,6216,1450,39,4,"Works well, matches the description. Happy with it.",2025-09-27
3354,6218,1832,17,3,"Quality is average, packaging could have been better.",2025-02-13
3355,6221,790,18,4,"Works well, matches the description. Happy with it.",2026-01-07
3356,6222,276,129,1,"Very disappointed, product stopped working within days.",2025-04-03
3357,6224,931,47,5,"Excellent product, exactly as described. Very happy with the purchase.",2026-05-11
3358,6227,1726,15,2,Delivery was late and product quality is average at best.,2026-03-30
3359,6229,555,62,3,Product is fine but delivery took longer than expected.,2023-10-13
3360,6230,1342,123,5,Superb quality and fast delivery. Highly recommend to everyone.,2025-12-07
3361,6232,1220,89,2,Delivery was late and product quality is average at best.,2025-11-19
3362,6233,1011,88,4,"Good product overall, minor issues but satisfied with the purchase.",2025-06-13
3363,6236,1035,90,2,Delivery was late and product quality is average at best.,2026-03-15
3364,6237,1901,20,5,Amazing value for money. Packaging was also very good.,2025-02-23
3365,6239,369,11,3,"It's okay, nothing special but does the job.",2025-10-23
3366,6240,1291,80,1,"Poor quality, does not match the images shown online.",2025-08-22
3367,6241,1069,61,4,"Good product overall, minor issues but satisfied with the purchase.",2025-03-04
3368,6243,682,11,5,Best in this price range. Will buy again from this brand.,2025-05-02
3369,6244,1784,27,3,"It's okay, nothing special but does the job.",2026-08-17
3370,6245,1362,46,4,"Decent product for the price, would recommend with minor caution.",2026-03-25
3371,6246,1687,51,5,"Excellent product, exactly as described. Very happy with the purchase.",2025-10-30
3372,6247,597,114,3,"Quality is average, packaging could have been better.",2025-09-28
3373,6249,1355,127,3,"It's okay, nothing special but does the job.",2025-12-19
3374,6250,3,44,3,Product is fine but delivery took longer than expected.,2025-08-20
3375,6251,1465,23,5,Amazing value for money. Packaging was also very good.,2024-12-04
3376,6253,1665,3,5,Best in this price range. Will buy again from this brand.,2026-02-04
3377,6254,712,91,5,Best in this price range. Will buy again from this brand.,2025-08-14
3378,6255,38,67,4,"Works well, matches the description. Happy with it.",2025-10-28
3379,6259,1328,10,3,Product is fine but delivery took longer than expected.,2026-02-19
3380,6260,369,78,3,"Average product, expected a bit more for this price.",2025-08-31
3381,6262,513,56,2,"Not worth the price, expected better quality.",2026-04-01
3382,6263,563,17,4,"Nice quality, delivery was a bit delayed but product is good.",2025-04-26
3383,6265,460,113,5,"Excellent product, exactly as described. Very happy with the purchase.",2025-12-04
3384,6270,322,103,3,"It's okay, nothing special but does the job.",2026-05-18
3385,6271,1617,41,4,"Nice quality, delivery was a bit delayed but product is good.",2026-06-26
3386,6273,875,115,2,"Not satisfied, quality is below expectations.",2026-04-11
3387,6274,1506,93,5,Superb quality and fast delivery. Highly recommend to everyone.,2025-12-23
3388,6275,1676,11,5,Superb quality and fast delivery. Highly recommend to everyone.,2025-03-30
3389,6281,46,27,4,"Good product overall, minor issues but satisfied with the purchase.",2025-12-06
3390,6282,1426,6,5,Superb quality and fast delivery. Highly recommend to everyone.,2026-02-12
3391,6283,1306,62,4,"Nice quality, delivery was a bit delayed but product is good.",2026-08-12
3392,6289,682,9,3,"Average product, expected a bit more for this price.",2025-04-08
3393,6292,576,24,5,Best in this price range. Will buy again from this brand.,2024-10-04
3394,6293,648,17,3,Product is fine but delivery took longer than expected.,2026-08-17
3395,6294,1630,68,5,Amazing value for money. Packaging was also very good.,2025-12-22
3396,6296,971,100,5,Superb quality and fast delivery. Highly recommend to everyone.,2024-11-29
3397,6299,1854,85,5,"Excellent product, exactly as described. Very happy with the purchase.",2026-03-20
3398,6302,965,73,1,"Poor quality, does not match the images shown online.",2026-01-30
3399,6303,1350,33,5,Best in this price range. Will buy again from this brand.,2026-03-28
3400,6305,1368,100,5,Amazing value for money. Packaging was also very good.,2025-11-25
3401,6310,1452,3,4,"Decent product for the price, would recommend with minor caution.",2025-12-20
3402,6311,789,43,1,"Poor quality, does not match the images shown online.",2026-07-20
3403,6312,1048,38,3,"Quality is average, packaging could have been better.",2025-09-13
3404,6313,1795,60,5,Amazing value for money. Packaging was also very good.,2025-04-15
3405,6314,461,120,4,"Nice quality, delivery was a bit delayed but product is good.",2024-02-07
3406,6315,554,46,5,Best in this price range. Will buy again from this brand.,2026-04-04
3407,6316,1576,2,5,Amazing value for money. Packaging was also very good.,2025-01-17
3408,6319,213,117,1,"Received a damaged item, requesting refund immediately.",2026-08-17
3409,6321,1002,122,2,"Not worth the price, expected better quality.",2024-11-29
3410,6323,1166,31,5,Superb quality and fast delivery. Highly recommend to everyone.,2025-12-22
3411,6324,247,102,4,"Nice quality, delivery was a bit delayed but product is good.",2026-01-27
3412,6326,156,47,5,Amazing value for money. Packaging was also very good.,2025-08-20
3413,6328,868,117,5,"Excellent product, exactly as described. Very happy with the purchase.",2025-07-01
3414,6329,549,92,2,"Not worth the price, expected better quality.",2025-08-22
3415,6330,759,81,2,"Product had minor defects, considering a return.",2026-06-09
3416,6333,1549,89,4,"Works well, matches the description. Happy with it.",2026-01-15
3417,6334,371,29,3,Product is fine but delivery took longer than expected.,2026-05-24
3418,6336,1338,51,5,Amazing value for money. Packaging was also very good.,2025-06-26
3419,6337,1737,77,3,"It's okay, nothing special but does the job.",2026-08-06
3420,6341,599,92,4,"Works well, matches the description. Happy with it.",2025-10-05
3421,6342,966,123,4,"Decent product for the price, would recommend with minor caution.",2025-01-26
3422,6343,258,51,5,Superb quality and fast delivery. Highly recommend to everyone.,2025-05-12
3423,6348,240,104,5,"Excellent product, exactly as described. Very happy with the purchase.",2024-02-25
3424,6349,845,50,3,Product is fine but delivery took longer than expected.,2026-03-27
3425,6350,1454,36,5,Superb quality and fast delivery. Highly recommend to everyone.,2026-08-10
3426,6351,1249,20,5,Amazing value for money. Packaging was also very good.,2026-03-21
3427,6352,538,88,2,"Not satisfied, quality is below expectations.",2026-05-30
3428,6353,1843,54,3,"Average product, expected a bit more for this price.",2025-04-14
3429,6357,873,16,1,"Received a damaged item, requesting refund immediately.",2025-12-02
3430,6358,1946,80,4,"Works well, matches the description. Happy with it.",2024-12-31
3431,6359,1992,70,4,"Nice quality, delivery was a bit delayed but product is good.",2025-03-31
3432,6360,1436,31,5,"Excellent product, exactly as described. Very happy with the purchase.",2026-01-28
3433,6361,493,92,2,"Not satisfied, quality is below expectations.",2025-08-03
3434,6362,1808,89,1,"Poor quality, does not match the images shown online.",2025-12-27
3435,6363,1343,34,3,"Quality is average, packaging could have been better.",2025-11-12
3436,6365,1348,18,2,"Not worth the price, expected better quality.",2025-05-26
3437,6366,853,33,2,"Product had minor defects, considering a return.",2025-03-28
3438,6367,1176,53,5,Superb quality and fast delivery. Highly recommend to everyone.,2025-03-13
3439,6368,56,20,4,"Works well, matches the description. Happy with it.",2026-04-13
3440,6369,169,56,3,"Quality is average, packaging could have been better.",2025-04-09
3441,6371,547,127,2,"Not worth the price, expected better quality.",2026-04-22
3442,6373,1996,92,4,"Good product overall, minor issues but satisfied with the purchase.",2026-02-18
3443,6375,1759,5,3,Product is fine but delivery took longer than expected.,2025-12-04
3444,6376,89,85,2,"Not satisfied, quality is below expectations.",2026-03-06
3445,6379,205,53,4,"Good product overall, minor issues but satisfied with the purchase.",2025-02-16
3446,6382,681,97,2,Delivery was late and product quality is average at best.,2025-12-08
3447,6383,388,4,3,"It's okay, nothing special but does the job.",2026-07-02
3448,6384,1088,37,5,Amazing value for money. Packaging was also very good.,2025-10-17
3449,6385,1300,52,2,"Not worth the price, expected better quality.",2025-04-01
3450,6389,1647,6,4,"Nice quality, delivery was a bit delayed but product is good.",2024-11-02
3451,6392,566,92,1,"Very disappointed, product stopped working within days.",2025-08-14
3452,6397,1503,115,3,"It's okay, nothing special but does the job.",2026-06-24
3453,6398,391,32,4,"Decent product for the price, would recommend with minor caution.",2025-11-22
3454,6405,1282,119,4,"Works well, matches the description. Happy with it.",2026-07-13
3455,6406,1326,50,2,"Not worth the price, expected better quality.",2026-02-09
3456,6409,1761,4,2,Delivery was late and product quality is average at best.,2026-06-18
3457,6410,1564,70,5,Best in this price range. Will buy again from this brand.,2026-05-15
3458,6411,474,115,4,"Decent product for the price, would recommend with minor caution.",2025-09-28
3459,6412,1005,74,3,"It's okay, nothing special but does the job.",2024-11-08
3460,6413,1921,21,4,"Nice quality, delivery was a bit delayed but product is good.",2025-05-08
3461,6415,1215,95,5,"Excellent product, exactly as described. Very happy with the purchase.",2025-04-18
3462,6416,651,25,3,Product is fine but delivery took longer than expected.,2024-09-17
3463,6417,542,123,4,"Nice quality, delivery was a bit delayed but product is good.",2026-02-13
3464,6419,940,99,3,"Quality is average, packaging could have been better.",2026-07-15
3465,6420,1473,80,5,"Excellent product, exactly as described. Very happy with the purchase.",2025-11-29
3466,6421,228,63,3,"It's okay, nothing special but does the job.",2026-07-09
3467,6422,778,59,1,"Very disappointed, product stopped working within days.",2024-11-01
3468,6423,1741,4,4,"Decent product for the price, would recommend with minor caution.",2024-11-12
3469,6425,1029,8,3,Product is fine but delivery took longer than expected.,2025-12-10
3470,6426,1264,35,5,Best in this price range. Will buy again from this brand.,2024-09-04
3471,6429,894,79,5,"Excellent product, exactly as described. Very happy with the purchase.",2025-11-15
3472,6430,918,75,5,Superb quality and fast delivery. Highly recommend to everyone.,2025-12-23
3473,6432,83,28,4,"Nice quality, delivery was a bit delayed but product is good.",2025-06-26
3474,6434,295,124,3,"Quality is average, packaging could have been better.",2026-04-13
3475,6435,292,95,4,"Decent product for the price, would recommend with minor caution.",2025-10-25
3476,6436,1470,54,5,"Excellent product, exactly as described. Very happy with the purchase.",2026-05-05
3477,6437,435,20,1,"Worst experience, will not order this brand again.",2024-12-14
3478,6439,999,85,5,"Excellent product, exactly as described. Very happy with the purchase.",2025-12-15
3479,6440,1012,33,4,"Nice quality, delivery was a bit delayed but product is good.",2026-06-02
3480,6441,241,95,2,"Not worth the price, expected better quality.",2025-03-28
3481,6443,695,74,2,"Not worth the price, expected better quality.",2026-03-22
3482,6444,914,119,1,"Received a damaged item, requesting refund immediately.",2024-11-24
3483,6445,1064,92,1,"Received a damaged item, requesting refund immediately.",2025-12-05
3484,6446,1821,128,3,"It's okay, nothing special but does the job.",2026-06-24
3485,6447,124,125,3,"Quality is average, packaging could have been better.",2024-09-29
3486,6448,349,60,5,Superb quality and fast delivery. Highly recommend to everyone.,2025-02-08
3487,6451,346,113,4,"Works well, matches the description. Happy with it.",2026-01-16
3488,6453,1417,27,2,"Product had minor defects, considering a return.",2026-07-20
3489,6454,215,84,4,"Decent product for the price, would recommend with minor caution.",2026-04-04
3490,6455,687,91,4,"Decent product for the price, would recommend with minor caution.",2025-02-14
3491,6459,353,45,5,Superb quality and fast delivery. Highly recommend to everyone.,2026-06-01
3492,6460,732,33,3,"It's okay, nothing special but does the job.",2025-05-13
3493,6461,1323,42,5,"Excellent product, exactly as described. Very happy with the purchase.",2026-05-07
3494,6463,631,70,5,Amazing value for money. Packaging was also very good.,2026-04-21
3495,6464,277,7,2,"Product had minor defects, considering a return.",2026-02-17
3496,6465,857,104,5,Amazing value for money. Packaging was also very good.,2025-03-03
3497,6469,1275,16,3,"It's okay, nothing special but does the job.",2025-04-24
3498,6470,86,100,2,"Not worth the price, expected better quality.",2026-04-23
3499,6471,688,65,5,Best in this price range. Will buy again from this brand.,2026-05-01
3500,6472,513,68,5,Best in this price range. Will buy again from this brand.,2025-10-09
3501,6473,69,44,4,"Decent product for the price, would recommend with minor caution.",2026-02-13
3502,6476,1624,105,4,"Good product overall, minor issues but satisfied with the purchase.",2026-02-26
3503,6477,166,55,3,Product is fine but delivery took longer than expected.,2026-05-27
3504,6480,1224,50,5,Superb quality and fast delivery. Highly recommend to everyone.,2026-03-21
3505,6482,1416,116,5,Amazing value for money. Packaging was also very good.,2025-11-22
3506,6483,1057,27,4,"Decent product for the price, would recommend with minor caution.",2024-04-30
3507,6484,353,39,3,Product is fine but delivery took longer than expected.,2025-12-12
3508,6490,1170,31,2,"Not worth the price, expected better quality.",2026-07-13
3509,6491,1519,9,5,"Excellent product, exactly as described. Very happy with the purchase.",2025-05-21
3510,6493,540,12,4,"Works well, matches the description. Happy with it.",2025-03-01
3511,6494,1776,107,3,Product is fine but delivery took longer than expected.,2026-08-17
3512,6497,20,92,5,Amazing value for money. Packaging was also very good.,2025-06-28
3513,6498,1867,101,4,"Works well, matches the description. Happy with it.",2026-06-29
3514,6499,828,19,5,Amazing value for money. Packaging was also very good.,2025-08-08
3515,6500,690,89,3,"It's okay, nothing special but does the job.",2024-08-06
3516,6502,299,37,4,"Good product overall, minor issues but satisfied with the purchase.",2024-09-04
3517,6505,746,61,3,"Average product, expected a bit more for this price.",2026-03-09
3518,6507,399,56,4,"Works well, matches the description. Happy with it.",2025-07-19
3519,6508,1300,100,4,"Works well, matches the description. Happy with it.",2025-10-05
3520,6514,1165,37,4,"Works well, matches the description. Happy with it.",2025-12-18
3521,6517,1498,55,4,"Nice quality, delivery was a bit delayed but product is good.",2025-10-06
3522,6520,1638,8,5,Best in this price range. Will buy again from this brand.,2026-06-24
3523,6521,40,60,1,"Received a damaged item, requesting refund immediately.",2025-11-04
3524,6522,551,33,2,"Not worth the price, expected better quality.",2026-02-15
3525,6523,799,35,4,"Decent product for the price, would recommend with minor caution.",2025-08-04
3526,6526,1790,114,3,"It's okay, nothing special but does the job.",2024-11-08
3527,6531,135,24,1,"Very disappointed, product stopped working within days.",2026-06-24
3528,6532,1349,50,4,"Decent product for the price, would recommend with minor caution.",2024-06-30
3529,6538,563,89,4,"Good product overall, minor issues but satisfied with the purchase.",2026-06-30
3530,6540,608,108,5,"Excellent product, exactly as described. Very happy with the purchase.",2026-01-03
3531,6541,962,70,1,"Received a damaged item, requesting refund immediately.",2026-01-28
3532,6543,393,24,2,"Not worth the price, expected better quality.",2026-06-18
3533,6544,58,66,5,Amazing value for money. Packaging was also very good.,2026-04-26
3534,6545,65,94,3,"Average product, expected a bit more for this price.",2026-06-21
3535,6547,425,83,5,Amazing value for money. Packaging was also very good.,2026-01-14
3536,6550,401,67,5,Amazing value for money. Packaging was also very good.,2026-01-27
3537,6552,1843,28,4,"Good product overall, minor issues but satisfied with the purchase.",2025-04-12
3538,6553,289,38,3,"Quality is average, packaging could have been better.",2025-12-13
3539,6555,1904,78,4,"Good product overall, minor issues but satisfied with the purchase.",2025-08-26
3540,6556,1174,26,4,"Works well, matches the description. Happy with it.",2026-06-01
3541,6557,175,46,5,"Excellent product, exactly as described. Very happy with the purchase.",2025-06-22
3542,6558,219,83,5,Best in this price range. Will buy again from this brand.,2026-04-24
3543,6559,445,112,4,"Nice quality, delivery was a bit delayed but product is good.",2026-05-06
3544,6560,596,21,3,"Quality is average, packaging could have been better.",2026-03-19
3545,6562,1422,98,2,Delivery was late and product quality is average at best.,2026-03-05
3546,6564,929,78,4,"Decent product for the price, would recommend with minor caution.",2026-06-15
3547,6565,1577,110,4,"Works well, matches the description. Happy with it.",2025-07-13
3548,6568,1523,99,2,"Not satisfied, quality is below expectations.",2025-12-21
3549,6569,1820,30,2,"Not satisfied, quality is below expectations.",2026-02-18
3550,6570,506,116,4,"Nice quality, delivery was a bit delayed but product is good.",2026-04-05
3551,6572,1502,13,5,Best in this price range. Will buy again from this brand.,2026-05-23
3552,6573,776,73,3,"It's okay, nothing special but does the job.",2025-07-23
3553,6574,118,23,4,"Good product overall, minor issues but satisfied with the purchase.",2025-09-30
3554,6575,127,101,5,Superb quality and fast delivery. Highly recommend to everyone.,2025-10-30
3555,6576,1044,42,4,"Good product overall, minor issues but satisfied with the purchase.",2025-09-17
3556,6578,633,94,3,"Quality is average, packaging could have been better.",2025-03-02
3557,6581,553,105,3,Product is fine but delivery took longer than expected.,2026-05-23
3558,6583,1977,86,2,"Not worth the price, expected better quality.",2026-05-21
3559,6584,757,87,4,"Works well, matches the description. Happy with it.",2026-07-09
3560,6587,1575,57,4,"Works well, matches the description. Happy with it.",2025-10-25
3561,6596,1743,125,3,"Average product, expected a bit more for this price.",2025-02-11
3562,6597,1947,27,2,Delivery was late and product quality is average at best.,2026-03-02
3563,6599,1204,82,4,"Works well, matches the description. Happy with it.",2024-09-13
3564,6600,9,92,2,"Not satisfied, quality is below expectations.",2025-10-01
3565,6601,904,115,2,"Not worth the price, expected better quality.",2025-01-21
3566,6603,1256,127,2,Delivery was late and product quality is average at best.,2026-06-09
3567,6604,772,73,4,"Works well, matches the description. Happy with it.",2026-05-10
3568,6605,432,63,4,"Nice quality, delivery was a bit delayed but product is good.",2026-03-06
3569,6606,1827,107,2,Delivery was late and product quality is average at best.,2025-03-05
3570,6608,427,109,5,Best in this price range. Will buy again from this brand.,2024-03-16
3571,6609,522,68,4,"Nice quality, delivery was a bit delayed but product is good.",2025-12-04
3572,6611,992,50,2,"Not worth the price, expected better quality.",2026-01-23
3573,6613,930,39,1,"Poor quality, does not match the images shown online.",2024-08-07
3574,6614,327,99,1,"Very disappointed, product stopped working within days.",2024-06-24
3575,6622,1437,79,4,"Works well, matches the description. Happy with it.",2025-05-21
3576,6623,1439,37,2,"Not worth the price, expected better quality.",2026-03-25
3577,6624,1276,3,4,"Decent product for the price, would recommend with minor caution.",2026-01-02
3578,6625,392,123,1,"Poor quality, does not match the images shown online.",2025-11-16
3579,6627,451,48,4,"Decent product for the price, would recommend with minor caution.",2025-02-25
3580,6629,615,101,4,"Works well, matches the description. Happy with it.",2025-10-10
3581,6630,1972,89,5,Amazing value for money. Packaging was also very good.,2025-09-23
3582,6631,4,29,2,"Not worth the price, expected better quality.",2025-12-16
3583,6633,1740,37,5,Best in this price range. Will buy again from this brand.,2026-03-05
3584,6634,1636,120,5,Best in this price range. Will buy again from this brand.,2026-04-16
3585,6637,361,71,2,Delivery was late and product quality is average at best.,2023-11-11
3586,6638,269,18,4,"Decent product for the price, would recommend with minor caution.",2025-08-17
3587,6642,715,110,5,Best in this price range. Will buy again from this brand.,2026-02-16
3588,6643,242,74,5,"Excellent product, exactly as described. Very happy with the purchase.",2026-05-30
3589,6646,1225,84,2,"Not worth the price, expected better quality.",2026-05-20
3590,6648,1559,51,1,"Very disappointed, product stopped working within days.",2025-07-06
3591,6651,663,125,5,Best in this price range. Will buy again from this brand.,2025-12-14
3592,6652,1765,14,5,Superb quality and fast delivery. Highly recommend to everyone.,2025-11-21
3593,6653,847,87,4,"Works well, matches the description. Happy with it.",2026-05-07
3594,6654,642,85,4,"Good product overall, minor issues but satisfied with the purchase.",2026-01-04
3595,6658,856,119,5,Superb quality and fast delivery. Highly recommend to everyone.,2024-09-12
3596,6659,334,41,2,Delivery was late and product quality is average at best.,2025-06-07
3597,6661,544,98,1,"Poor quality, does not match the images shown online.",2025-12-21
3598,6666,679,76,5,"Excellent product, exactly as described. Very happy with the purchase.",2025-08-06
3599,6668,1889,87,4,"Good product overall, minor issues but satisfied with the purchase.",2026-01-20
3600,6669,1392,2,4,"Works well, matches the description. Happy with it.",2025-08-07
3601,6670,1017,118,3,"Average product, expected a bit more for this price.",2026-05-22
3602,6673,1539,100,5,Amazing value for money. Packaging was also very good.,2025-03-18
3603,6676,1230,44,3,"It's okay, nothing special but does the job.",2026-01-19
3604,6677,1385,76,3,"Quality is average, packaging could have been better.",2025-08-24
3605,6680,686,31,5,Best in this price range. Will buy again from this brand.,2026-07-17
3606,6681,1710,120,1,"Worst experience, will not order this brand again.",2025-07-01
3607,6685,1608,94,2,"Not satisfied, quality is below expectations.",2025-05-07
3608,6688,59,6,2,Delivery was late and product quality is average at best.,2025-06-23
3609,6689,255,58,4,"Nice quality, delivery was a bit delayed but product is good.",2026-06-24
3610,6696,1250,41,3,"Quality is average, packaging could have been better.",2025-04-05
3611,6698,202,125,5,Best in this price range. Will buy again from this brand.,2026-07-03
3612,6699,1045,11,4,"Decent product for the price, would recommend with minor caution.",2026-08-05
3613,6702,230,26,5,Superb quality and fast delivery. Highly recommend to everyone.,2025-10-20
3614,6704,698,5,4,"Good product overall, minor issues but satisfied with the purchase.",2026-07-17
3615,6706,255,58,1,"Received a damaged item, requesting refund immediately.",2026-06-28
3616,6707,1009,54,2,"Not satisfied, quality is below expectations.",2025-12-11
3617,6709,187,58,4,"Decent product for the price, would recommend with minor caution.",2025-08-17
3618,6710,837,42,5,"Excellent product, exactly as described. Very happy with the purchase.",2025-08-19
3619,6713,337,28,1,"Received a damaged item, requesting refund immediately.",2026-07-04
3620,6714,1588,111,4,"Nice quality, delivery was a bit delayed but product is good.",2025-11-26
3621,6716,503,86,4,"Nice quality, delivery was a bit delayed but product is good.",2026-04-14
3622,6719,585,66,3,Product is fine but delivery took longer than expected.,2025-12-24
3623,6721,1842,74,3,"Average product, expected a bit more for this price.",2026-01-31
3624,6722,258,115,5,Best in this price range. Will buy again from this brand.,2025-12-04
3625,6723,1202,68,1,"Worst experience, will not order this brand again.",2023-10-17
3626,6724,617,108,3,"Quality is average, packaging could have been better.",2025-01-28
3627,6725,140,82,1,"Poor quality, does not match the images shown online.",2026-02-20
3628,6726,1549,101,4,"Works well, matches the description. Happy with it.",2026-01-27
3629,6727,1148,7,5,Superb quality and fast delivery. Highly recommend to everyone.,2025-10-19
3630,6729,895,128,4,"Good product overall, minor issues but satisfied with the purchase.",2025-12-23
3631,6733,564,48,2,"Not satisfied, quality is below expectations.",2026-01-20
3632,6739,368,58,4,"Works well, matches the description. Happy with it.",2026-06-18
3633,6740,1639,95,2,Delivery was late and product quality is average at best.,2026-07-06
3634,6742,1233,31,1,"Worst experience, will not order this brand again.",2026-02-17
3635,6744,1205,82,4,"Nice quality, delivery was a bit delayed but product is good.",2026-01-25
3636,6746,1281,56,5,Best in this price range. Will buy again from this brand.,2024-03-23
3637,6747,1696,9,3,"It's okay, nothing special but does the job.",2026-06-14
3638,6748,1517,118,1,"Poor quality, does not match the images shown online.",2026-06-11
3639,6749,601,128,4,"Decent product for the price, would recommend with minor caution.",2026-02-13
3640,6750,1030,8,2,"Product had minor defects, considering a return.",2025-12-01
3641,6756,185,119,4,"Decent product for the price, would recommend with minor caution.",2026-05-19
3642,6759,240,33,5,"Excellent product, exactly as described. Very happy with the purchase.",2025-12-04
3643,6762,973,61,4,"Decent product for the price, would recommend with minor caution.",2026-07-31
3644,6764,750,100,4,"Decent product for the price, would recommend with minor caution.",2026-03-12
3645,6765,357,20,4,"Decent product for the price, would recommend with minor caution.",2025-10-08
3646,6766,1748,85,3,"Quality is average, packaging could have been better.",2026-04-11
3647,6770,1180,101,4,"Works well, matches the description. Happy with it.",2024-11-08
3648,6771,571,20,1,"Worst experience, will not order this brand again.",2025-11-27
3649,6772,1842,14,3,"It's okay, nothing special but does the job.",2025-10-19
3650,6773,1532,73,4,"Decent product for the price, would recommend with minor caution.",2026-05-07
3651,6774,524,116,4,"Works well, matches the description. Happy with it.",2025-06-21
3652,6775,839,124,5,Amazing value for money. Packaging was also very good.,2026-04-25
3653,6776,1205,92,4,"Nice quality, delivery was a bit delayed but product is good.",2025-05-22
3654,6778,534,38,5,Superb quality and fast delivery. Highly recommend to everyone.,2026-06-18
3655,6780,1899,49,5,"Excellent product, exactly as described. Very happy with the purchase.",2025-05-26
3656,6781,995,57,2,"Product had minor defects, considering a return.",2026-04-22
3657,6783,1899,82,3,"It's okay, nothing special but does the job.",2024-07-02
3658,6784,712,67,1,"Received a damaged item, requesting refund immediately.",2024-01-29
3659,6786,494,95,5,Amazing value for money. Packaging was also very good.,2025-04-10
3660,6787,1945,67,3,Product is fine but delivery took longer than expected.,2024-12-25
3661,6788,1568,124,5,Amazing value for money. Packaging was also very good.,2025-10-29
3662,6792,1071,111,2,Delivery was late and product quality is average at best.,2026-04-03
3663,6798,1779,99,5,Superb quality and fast delivery. Highly recommend to everyone.,2025-11-01
3664,6799,1736,116,3,"Average product, expected a bit more for this price.",2025-08-04
3665,6802,323,74,4,"Nice quality, delivery was a bit delayed but product is good.",2025-12-30
3666,6803,672,4,5,Amazing value for money. Packaging was also very good.,2025-09-04
3667,6804,1453,69,3,"It's okay, nothing special but does the job.",2026-01-15
3668,6805,1705,9,5,Best in this price range. Will buy again from this brand.,2024-11-17
3669,6806,1268,68,4,"Works well, matches the description. Happy with it.",2025-11-18
3670,6807,953,60,2,Delivery was late and product quality is average at best.,2025-07-30
3671,6813,1865,63,4,"Decent product for the price, would recommend with minor caution.",2025-04-02
3672,6814,1699,2,2,"Not satisfied, quality is below expectations.",2024-01-22
3673,6818,1488,2,2,Delivery was late and product quality is average at best.,2025-10-24
3674,6819,1062,17,5,Amazing value for money. Packaging was also very good.,2026-04-10
3675,6820,625,109,5,Amazing value for money. Packaging was also very good.,2025-11-14
3676,6825,565,41,3,"Quality is average, packaging could have been better.",2026-05-10
3677,6829,1977,30,3,Product is fine but delivery took longer than expected.,2026-05-13
3678,6830,907,32,4,"Works well, matches the description. Happy with it.",2025-08-13
3679,6831,317,24,5,"Excellent product, exactly as described. Very happy with the purchase.",2024-01-05
3680,6834,1022,16,4,"Good product overall, minor issues but satisfied with the purchase.",2026-04-20
3681,6837,1247,80,1,"Received a damaged item, requesting refund immediately.",2026-03-21
3682,6839,1220,83,4,"Works well, matches the description. Happy with it.",2025-09-25
3683,6840,1863,120,5,"Excellent product, exactly as described. Very happy with the purchase.",2025-06-09
3684,6841,1670,116,5,Amazing value for money. Packaging was also very good.,2026-04-15
3685,6842,1029,55,1,"Poor quality, does not match the images shown online.",2026-01-24
3686,6845,263,79,5,"Excellent product, exactly as described. Very happy with the purchase.",2025-08-20
3687,6846,878,71,4,"Works well, matches the description. Happy with it.",2026-03-06
3688,6848,1550,76,5,"Excellent product, exactly as described. Very happy with the purchase.",2026-03-14
3689,6851,1586,107,5,"Excellent product, exactly as described. Very happy with the purchase.",2026-01-25
3690,6853,1723,1,3,"It's okay, nothing special but does the job.",2026-03-04
3691,6855,17,23,4,"Good product overall, minor issues but satisfied with the purchase.",2026-02-10
3692,6856,1083,98,3,"Average product, expected a bit more for this price.",2024-07-31
3693,6858,1884,10,2,"Not worth the price, expected better quality.",2025-06-02
3694,6860,1241,36,1,"Worst experience, will not order this brand again.",2026-01-22
3695,6861,1343,24,2,"Product had minor defects, considering a return.",2026-05-16
3696,6862,604,10,5,Superb quality and fast delivery. Highly recommend to everyone.,2024-12-13
3697,6865,405,101,4,"Decent product for the price, would recommend with minor caution.",2026-05-14
3698,6866,1314,64,4,"Nice quality, delivery was a bit delayed but product is good.",2025-02-19
3699,6867,1761,122,4,"Good product overall, minor issues but satisfied with the purchase.",2026-06-25
3700,6870,408,17,5,Best in this price range. Will buy again from this brand.,2026-02-24
3701,6871,1415,81,5,Superb quality and fast delivery. Highly recommend to everyone.,2025-09-02
3702,6873,1797,124,4,"Works well, matches the description. Happy with it.",2025-04-01
3703,6874,1673,46,5,Amazing value for money. Packaging was also very good.,2025-10-26
3704,6879,1218,56,5,"Excellent product, exactly as described. Very happy with the purchase.",2026-07-08
3705,6880,1904,3,2,Delivery was late and product quality is average at best.,2026-01-09
3706,6881,1341,51,4,"Nice quality, delivery was a bit delayed but product is good.",2025-08-12
3707,6883,447,92,2,"Not satisfied, quality is below expectations.",2025-09-08
3708,6887,178,80,1,"Worst experience, will not order this brand again.",2025-08-08
3709,6888,975,18,1,"Received a damaged item, requesting refund immediately.",2024-05-21
3710,6890,571,45,2,"Not satisfied, quality is below expectations.",2025-12-05
3711,6891,437,72,1,"Poor quality, does not match the images shown online.",2025-11-04
3712,6895,97,91,5,Amazing value for money. Packaging was also very good.,2026-04-25
3713,6897,1512,85,5,Superb quality and fast delivery. Highly recommend to everyone.,2025-05-22
3714,6898,585,61,3,"Average product, expected a bit more for this price.",2026-02-28
3715,6899,656,82,4,"Good product overall, minor issues but satisfied with the purchase.",2025-05-18
3716,6901,1466,64,4,"Good product overall, minor issues but satisfied with the purchase.",2026-07-07
3717,6905,1396,70,5,Superb quality and fast delivery. Highly recommend to everyone.,2025-03-27
3718,6907,1512,75,3,"It's okay, nothing special but does the job.",2025-08-12
3719,6908,1684,89,1,"Received a damaged item, requesting refund immediately.",2026-04-13
3720,6910,1821,51,5,Best in this price range. Will buy again from this brand.,2025-06-20
3721,6912,383,87,4,"Nice quality, delivery was a bit delayed but product is good.",2026-03-09
3722,6913,874,92,4,"Nice quality, delivery was a bit delayed but product is good.",2025-06-03
3723,6915,1736,35,3,"Average product, expected a bit more for this price.",2026-01-15
3724,6917,1542,51,4,"Nice quality, delivery was a bit delayed but product is good.",2026-03-07
3725,6920,1130,38,3,"Average product, expected a bit more for this price.",2025-05-09
3726,6921,1180,28,3,"It's okay, nothing special but does the job.",2026-02-18
3727,6924,1977,113,3,"Quality is average, packaging could have been better.",2026-05-22
3728,6925,843,23,4,"Good product overall, minor issues but satisfied with the purchase.",2024-08-29
3729,6927,999,52,5,"Excellent product, exactly as described. Very happy with the purchase.",2026-06-02
3730,6928,1647,75,3,"It's okay, nothing special but does the job.",2025-07-21
3731,6929,1461,126,4,"Good product overall, minor issues but satisfied with the purchase.",2026-06-18
3732,6930,1642,64,1,"Poor quality, does not match the images shown online.",2026-04-08
3733,6931,191,33,4,"Nice quality, delivery was a bit delayed but product is good.",2026-03-15
3734,6933,1572,50,2,Delivery was late and product quality is average at best.,2025-04-01
3735,6934,1936,32,5,Amazing value for money. Packaging was also very good.,2024-11-23
3736,6936,1969,84,4,"Works well, matches the description. Happy with it.",2025-08-25
3737,6941,426,98,4,"Decent product for the price, would recommend with minor caution.",2025-03-13
3738,6942,662,110,3,"Average product, expected a bit more for this price.",2026-05-01
3739,6944,1525,64,4,"Nice quality, delivery was a bit delayed but product is good.",2025-01-10
3740,6947,1584,108,2,"Not worth the price, expected better quality.",2024-03-29
3741,6948,1827,55,3,"Quality is average, packaging could have been better.",2025-11-01
3742,6952,564,63,4,"Good product overall, minor issues but satisfied with the purchase.",2025-12-07
3743,6953,1508,125,2,"Product had minor defects, considering a return.",2025-12-20
3744,6954,1966,55,5,"Excellent product, exactly as described. Very happy with the purchase.",2026-05-02
3745,6957,1125,78,5,Best in this price range. Will buy again from this brand.,2025-08-31
3746,6958,1007,92,5,Superb quality and fast delivery. Highly recommend to everyone.,2025-11-05
3747,6960,854,14,3,"It's okay, nothing special but does the job.",2025-10-04
3748,6961,363,91,1,"Very disappointed, product stopped working within days.",2026-02-22
3749,6962,1753,53,5,Superb quality and fast delivery. Highly recommend to everyone.,2025-12-27
3750,6965,678,13,5,"Excellent product, exactly as described. Very happy with the purchase.",2025-08-13
3751,6966,198,44,4,"Nice quality, delivery was a bit delayed but product is good.",2025-02-09
3752,6967,1729,58,4,"Works well, matches the description. Happy with it.",2026-04-02
3753,6968,1230,14,2,"Not satisfied, quality is below expectations.",2025-10-29
3754,6970,1929,43,3,Product is fine but delivery took longer than expected.,2025-11-15
3755,6971,1583,109,5,Best in this price range. Will buy again from this brand.,2025-03-25
3756,6973,1926,86,3,"It's okay, nothing special but does the job.",2026-03-23
3757,6974,575,31,4,"Good product overall, minor issues but satisfied with the purchase.",2025-12-31
3758,6975,1049,78,3,"Average product, expected a bit more for this price.",2026-04-14
3759,6976,1201,93,3,Product is fine but delivery took longer than expected.,2025-12-30
3760,6977,1869,85,4,"Good product overall, minor issues but satisfied with the purchase.",2024-04-11
3761,6978,1595,72,1,"Worst experience, will not order this brand again.",2025-10-26
3762,6979,829,47,5,"Excellent product, exactly as described. Very happy with the purchase.",2026-01-04
3763,6983,1490,37,4,"Works well, matches the description. Happy with it.",2026-05-29
3764,6987,124,71,4,"Good product overall, minor issues but satisfied with the purchase.",2025-11-30
3765,6988,860,82,2,"Product had minor defects, considering a return.",2026-04-20
3766,6991,1891,114,1,"Poor quality, does not match the images shown online.",2026-03-13
3767,6992,198,119,3,"Quality is average, packaging could have been better.",2025-12-04
3768,6993,1982,23,4,"Nice quality, delivery was a bit delayed but product is good.",2024-11-14
3769,6994,1364,126,3,Product is fine but delivery took longer than expected.,2026-03-30
3770,6998,1604,109,4,"Good product overall, minor issues but satisfied with the purchase.",2026-06-10
3771,7000,1231,125,1,"Worst experience, will not order this brand again.",2025-11-18
3772,7003,1624,74,2,"Not worth the price, expected better quality.",2026-03-01
3773,7004,1817,37,5,Best in this price range. Will buy again from this brand.,2025-05-28
3774,7005,37,29,2,"Not worth the price, expected better quality.",2026-04-25
3775,7006,944,20,4,"Decent product for the price, would recommend with minor caution.",2026-08-17
3776,7007,489,96,4,"Nice quality, delivery was a bit delayed but product is good.",2025-12-13
3777,7008,1856,114,4,"Decent product for the price, would recommend with minor caution.",2025-03-16
3778,7010,898,39,4,"Good product overall, minor issues but satisfied with the purchase.",2025-10-07
3779,7013,491,100,5,Amazing value for money. Packaging was also very good.,2026-05-13
3780,7014,1550,58,4,"Good product overall, minor issues but satisfied with the purchase.",2026-01-31
3781,7015,1036,115,3,"It's okay, nothing special but does the job.",2025-09-17
3782,7016,1474,39,3,"Average product, expected a bit more for this price.",2026-02-22
3783,7021,1058,104,4,"Decent product for the price, would recommend with minor caution.",2025-01-14
3784,7024,828,114,3,Product is fine but delivery took longer than expected.,2025-06-24
3785,7025,908,59,4,"Decent product for the price, would recommend with minor caution.",2025-11-30
3786,7028,575,41,3,"Quality is average, packaging could have been better.",2024-06-11
3787,7029,1453,39,4,"Works well, matches the description. Happy with it.",2024-12-31
3788,7033,1738,90,5,Amazing value for money. Packaging was also very good.,2024-11-27
3789,7035,1448,59,3,"Quality is average, packaging could have been better.",2025-03-06
3790,7039,59,120,5,"Excellent product, exactly as described. Very happy with the purchase.",2025-03-22
3791,7041,1723,101,5,"Excellent product, exactly as described. Very happy with the purchase.",2026-02-15
3792,7042,1881,114,3,"Average product, expected a bit more for this price.",2025-11-29
3793,7044,1914,9,2,"Not satisfied, quality is below expectations.",2026-02-19
3794,7046,1253,112,2,"Not worth the price, expected better quality.",2025-07-21
3795,7047,80,28,5,Best in this price range. Will buy again from this brand.,2026-04-11
3796,7048,1330,3,1,"Very disappointed, product stopped working within days.",2025-10-14
3797,7050,825,21,1,"Received a damaged item, requesting refund immediately.",2025-10-27
3798,7051,710,57,3,"It's okay, nothing special but does the job.",2026-05-15
3799,7053,435,78,5,Amazing value for money. Packaging was also very good.,2024-11-20
3800,7054,573,49,4,"Good product overall, minor issues but satisfied with the purchase.",2026-01-28
3801,7057,987,112,5,Best in this price range. Will buy again from this brand.,2024-10-24
3802,7061,1232,38,4,"Works well, matches the description. Happy with it.",2024-12-26
3803,7065,219,39,5,Superb quality and fast delivery. Highly recommend to everyone.,2025-10-04
3804,7066,1119,108,4,"Good product overall, minor issues but satisfied with the purchase.",2026-08-06
3805,7067,1123,70,3,"Average product, expected a bit more for this price.",2026-06-23
3806,7068,1933,110,3,"Quality is average, packaging could have been better.",2026-05-25
3807,7072,1329,70,4,"Decent product for the price, would recommend with minor caution.",2026-08-17
3808,7075,60,6,4,"Decent product for the price, would recommend with minor caution.",2026-07-02
3809,7077,976,64,3,"Quality is average, packaging could have been better.",2025-10-11
3810,7078,546,11,4,"Good product overall, minor issues but satisfied with the purchase.",2025-12-14
3811,7079,1422,100,5,Best in this price range. Will buy again from this brand.,2026-02-18
3812,7080,283,70,5,Superb quality and fast delivery. Highly recommend to everyone.,2025-07-18
3813,7082,1190,107,5,Superb quality and fast delivery. Highly recommend to everyone.,2024-04-25
3814,7086,1512,114,4,"Nice quality, delivery was a bit delayed but product is good.",2026-04-09
3815,7088,1963,11,3,"Average product, expected a bit more for this price.",2026-08-17
3816,7091,1410,86,5,Superb quality and fast delivery. Highly recommend to everyone.,2026-01-18
3817,7093,578,30,1,"Received a damaged item, requesting refund immediately.",2026-04-04
3818,7094,1612,76,1,"Worst experience, will not order this brand again.",2026-03-17
3819,7096,1712,107,4,"Nice quality, delivery was a bit delayed but product is good.",2025-12-31
3820,7097,1099,75,5,Superb quality and fast delivery. Highly recommend to everyone.,2025-09-16
3821,7100,565,34,3,"It's okay, nothing special but does the job.",2025-02-15
3822,7102,1324,101,4,"Works well, matches the description. Happy with it.",2025-02-02
3823,7105,159,51,4,"Works well, matches the description. Happy with it.",2025-12-18
3824,7108,1271,29,5,"Excellent product, exactly as described. Very happy with the purchase.",2026-04-12
3825,7109,1991,42,4,"Nice quality, delivery was a bit delayed but product is good.",2026-03-29
3826,7110,1365,70,4,"Good product overall, minor issues but satisfied with the purchase.",2026-05-24
3827,7111,1539,127,4,"Good product overall, minor issues but satisfied with the purchase.",2025-03-23
3828,7113,214,105,2,Delivery was late and product quality is average at best.,2026-07-23
3829,7114,1738,32,5,Best in this price range. Will buy again from this brand.,2024-04-19
3830,7115,306,23,4,"Works well, matches the description. Happy with it.",2025-03-28
3831,7116,642,33,5,Best in this price range. Will buy again from this brand.,2026-01-01
3832,7119,1243,78,3,"It's okay, nothing special but does the job.",2026-04-20
3833,7123,554,23,3,"Quality is average, packaging could have been better.",2023-12-01
3834,7124,141,125,5,Best in this price range. Will buy again from this brand.,2026-07-09
3835,7125,1346,89,1,"Very disappointed, product stopped working within days.",2026-06-11
3836,7127,1757,10,4,"Good product overall, minor issues but satisfied with the purchase.",2024-12-12
3837,7128,874,13,5,Superb quality and fast delivery. Highly recommend to everyone.,2025-12-31
3838,7129,1813,80,4,"Nice quality, delivery was a bit delayed but product is good.",2024-12-28
3839,7131,36,99,5,Superb quality and fast delivery. Highly recommend to everyone.,2026-02-09
3840,7132,1358,1,5,Superb quality and fast delivery. Highly recommend to everyone.,2025-02-01
3841,7133,1250,22,2,Delivery was late and product quality is average at best.,2025-10-31
3842,7135,936,53,2,"Product had minor defects, considering a return.",2024-10-31
3843,7137,680,67,2,"Not worth the price, expected better quality.",2025-10-05
3844,7139,1672,54,1,"Worst experience, will not order this brand again.",2026-01-26
3845,7140,1575,95,3,"Average product, expected a bit more for this price.",2025-03-19
3846,7141,1259,76,5,Amazing value for money. Packaging was also very good.,2025-10-18
3847,7143,644,63,5,Best in this price range. Will buy again from this brand.,2025-02-09
3848,7144,1621,23,5,Amazing value for money. Packaging was also very good.,2025-01-03
3849,7145,1469,41,1,"Worst experience, will not order this brand again.",2024-11-01
3850,7147,376,67,5,Superb quality and fast delivery. Highly recommend to everyone.,2024-10-21
3851,7148,1262,82,2,Delivery was late and product quality is average at best.,2026-04-15
3852,7149,1152,84,1,"Poor quality, does not match the images shown online.",2026-03-24
3853,7150,660,70,5,Amazing value for money. Packaging was also very good.,2024-10-22
3854,7151,645,86,3,"Average product, expected a bit more for this price.",2026-04-27
3855,7152,1005,89,4,"Decent product for the price, would recommend with minor caution.",2025-06-15
3856,7154,1978,92,4,"Nice quality, delivery was a bit delayed but product is good.",2025-08-21
3857,7156,688,85,5,"Excellent product, exactly as described. Very happy with the purchase.",2025-02-17
3858,7158,1151,93,1,"Worst experience, will not order this brand again.",2025-12-24
3859,7159,1277,88,3,"Quality is average, packaging could have been better.",2026-08-17
3860,7161,861,6,4,"Decent product for the price, would recommend with minor caution.",2026-05-26
3861,7163,734,107,4,"Works well, matches the description. Happy with it.",2026-05-23
3862,7165,1466,87,5,Superb quality and fast delivery. Highly recommend to everyone.,2026-07-08
3863,7169,973,10,1,"Very disappointed, product stopped working within days.",2024-08-01
3864,7170,1001,113,3,"Quality is average, packaging could have been better.",2025-09-06
3865,7172,366,77,5,Superb quality and fast delivery. Highly recommend to everyone.,2025-06-26
3866,7175,72,88,5,"Excellent product, exactly as described. Very happy with the purchase.",2026-04-08
3867,7179,1195,111,5,Best in this price range. Will buy again from this brand.,2025-08-07
3868,7180,765,112,4,"Good product overall, minor issues but satisfied with the purchase.",2026-02-16
3869,7183,559,45,2,Delivery was late and product quality is average at best.,2025-05-21
3870,7184,1357,75,5,Amazing value for money. Packaging was also very good.,2025-12-17
3871,7188,1818,95,5,Best in this price range. Will buy again from this brand.,2026-05-13
3872,7189,143,18,5,"Excellent product, exactly as described. Very happy with the purchase.",2026-06-19
3873,7191,424,104,5,Best in this price range. Will buy again from this brand.,2026-02-17
3874,7192,412,91,5,Superb quality and fast delivery. Highly recommend to everyone.,2026-01-27
3875,7193,420,37,3,Product is fine but delivery took longer than expected.,2025-12-16
3876,7196,537,86,2,Delivery was late and product quality is average at best.,2025-09-30
3877,7199,1177,30,3,"Average product, expected a bit more for this price.",2026-03-26
3878,7202,1862,107,4,"Good product overall, minor issues but satisfied with the purchase.",2024-12-09
3879,7205,815,33,5,Amazing value for money. Packaging was also very good.,2024-06-17
3880,7208,927,111,5,"Excellent product, exactly as described. Very happy with the purchase.",2026-02-20
3881,7210,787,67,3,"Average product, expected a bit more for this price.",2025-05-26
3882,7213,1702,20,5,Amazing value for money. Packaging was also very good.,2026-06-26
3883,7214,241,35,2,"Not satisfied, quality is below expectations.",2025-06-28
3884,7215,1022,1,1,"Poor quality, does not match the images shown online.",2025-10-25
3885,7217,754,127,4,"Works well, matches the description. Happy with it.",2025-08-07
3886,7222,324,111,1,"Received a damaged item, requesting refund immediately.",2024-09-15
3887,7223,37,8,2,"Product had minor defects, considering a return.",2025-10-20
3888,7224,638,31,5,Superb quality and fast delivery. Highly recommend to everyone.,2025-12-20
3889,7225,702,98,3,"It's okay, nothing special but does the job.",2024-11-17
3890,7226,858,51,4,"Works well, matches the description. Happy with it.",2026-04-07
3891,7227,346,35,4,"Decent product for the price, would recommend with minor caution.",2025-12-02
3892,7228,1702,83,4,"Works well, matches the description. Happy with it.",2026-07-07
3893,7231,362,128,1,"Poor quality, does not match the images shown online.",2025-03-20
3894,7236,552,27,2,Delivery was late and product quality is average at best.,2026-04-23
3895,7239,1940,81,1,"Worst experience, will not order this brand again.",2026-05-24
3896,7240,1044,124,4,"Decent product for the price, would recommend with minor caution.",2025-11-25
3897,7241,799,48,5,Best in this price range. Will buy again from this brand.,2025-07-29
3898,7242,10,23,4,"Good product overall, minor issues but satisfied with the purchase.",2026-04-20
3899,7243,1260,35,1,"Very disappointed, product stopped working within days.",2026-02-06
3900,7245,1755,25,5,Superb quality and fast delivery. Highly recommend to everyone.,2026-04-14
3901,7249,828,22,2,"Product had minor defects, considering a return.",2025-07-07
3902,7250,144,95,4,"Works well, matches the description. Happy with it.",2025-12-10
3903,7252,687,12,5,Best in this price range. Will buy again from this brand.,2026-02-12
3904,7253,1441,57,3,"Quality is average, packaging could have been better.",2026-04-03
3905,7255,51,36,4,"Works well, matches the description. Happy with it.",2026-03-18
3906,7256,1966,85,4,"Good product overall, minor issues but satisfied with the purchase.",2025-05-07
3907,7257,286,10,5,"Excellent product, exactly as described. Very happy with the purchase.",2026-02-20
3908,7258,420,39,2,"Product had minor defects, considering a return.",2025-01-13
3909,7262,1930,63,5,Best in this price range. Will buy again from this brand.,2026-06-15
3910,7265,942,104,5,Best in this price range. Will buy again from this brand.,2026-03-26
3911,7268,129,2,4,"Works well, matches the description. Happy with it.",2024-12-03
3912,7270,155,113,4,"Works well, matches the description. Happy with it.",2025-12-27
3913,7271,1282,1,4,"Decent product for the price, would recommend with minor caution.",2025-04-14
3914,7272,1966,73,4,"Decent product for the price, would recommend with minor caution.",2025-04-08
3915,7274,291,72,5,Superb quality and fast delivery. Highly recommend to everyone.,2025-12-25
3916,7275,229,105,5,Best in this price range. Will buy again from this brand.,2026-02-14
3917,7276,1401,46,1,"Received a damaged item, requesting refund immediately.",2026-06-11
3918,7277,1571,30,1,"Received a damaged item, requesting refund immediately.",2025-04-12
3919,7278,272,27,3,"Quality is average, packaging could have been better.",2025-01-03
3920,7280,326,86,5,Superb quality and fast delivery. Highly recommend to everyone.,2026-08-17
3921,7281,738,54,4,"Good product overall, minor issues but satisfied with the purchase.",2026-05-20
3922,7282,645,31,3,"Average product, expected a bit more for this price.",2026-04-18
3923,7288,1569,64,2,"Not worth the price, expected better quality.",2026-01-20
3924,7289,814,4,3,Product is fine but delivery took longer than expected.,2025-08-30
3925,7290,233,63,5,Best in this price range. Will buy again from this brand.,2026-03-25
3926,7291,1015,102,4,"Decent product for the price, would recommend with minor caution.",2026-02-27
3927,7296,1137,43,3,Product is fine but delivery took longer than expected.,2024-02-16
3928,7302,213,23,3,"It's okay, nothing special but does the job.",2026-08-12
3929,7304,218,103,5,"Excellent product, exactly as described. Very happy with the purchase.",2025-06-23
3930,7306,1070,80,1,"Very disappointed, product stopped working within days.",2025-08-07
3931,7307,1049,101,5,"Excellent product, exactly as described. Very happy with the purchase.",2026-03-30
3932,7309,1549,57,4,"Nice quality, delivery was a bit delayed but product is good.",2026-01-06
3933,7313,868,97,4,"Works well, matches the description. Happy with it.",2026-07-13
3934,7315,1474,14,4,"Works well, matches the description. Happy with it.",2026-04-28
3935,7317,854,89,5,Best in this price range. Will buy again from this brand.,2025-10-12
3936,7318,1394,102,5,Superb quality and fast delivery. Highly recommend to everyone.,2025-06-29
3937,7319,1584,29,2,"Product had minor defects, considering a return.",2026-02-19
3938,7321,393,109,2,"Not satisfied, quality is below expectations.",2026-02-07
3939,7322,1942,93,3,Product is fine but delivery took longer than expected.,2026-06-25
3940,7324,1287,67,2,Delivery was late and product quality is average at best.,2025-08-30
3941,7327,254,17,3,Product is fine but delivery took longer than expected.,2026-03-30
3942,7328,1158,3,2,"Not satisfied, quality is below expectations.",2026-03-06
3943,7330,1830,5,1,"Poor quality, does not match the images shown online.",2025-11-30
3944,7331,887,1,4,"Decent product for the price, would recommend with minor caution.",2025-04-07
3945,7332,77,12,4,"Nice quality, delivery was a bit delayed but product is good.",2025-11-27
3946,7333,1879,2,4,"Works well, matches the description. Happy with it.",2025-07-17
3947,7335,1805,49,2,"Product had minor defects, considering a return.",2025-01-23
3948,7338,1395,77,5,Superb quality and fast delivery. Highly recommend to everyone.,2025-10-07
3949,7339,1276,70,5,Best in this price range. Will buy again from this brand.,2026-01-17
3950,7340,1106,23,4,"Nice quality, delivery was a bit delayed but product is good.",2025-09-13
3951,7342,1624,87,5,"Excellent product, exactly as described. Very happy with the purchase.",2026-02-27
3952,7345,1770,29,3,"Quality is average, packaging could have been better.",2024-05-24
3953,7346,898,21,3,Product is fine but delivery took longer than expected.,2026-05-07
3954,7347,567,80,4,"Nice quality, delivery was a bit delayed but product is good.",2026-03-07
3955,7349,363,112,5,Amazing value for money. Packaging was also very good.,2025-03-10
3956,7350,902,48,3,"Average product, expected a bit more for this price.",2026-05-11
3957,7351,466,3,4,"Works well, matches the description. Happy with it.",2025-01-23
3958,7353,1711,11,3,"Quality is average, packaging could have been better.",2024-05-07
3959,7354,1232,108,4,"Nice quality, delivery was a bit delayed but product is good.",2025-05-27
3960,7356,1424,129,2,Delivery was late and product quality is average at best.,2026-04-04
3961,7362,151,98,3,"It's okay, nothing special but does the job.",2026-04-26
3962,7364,1854,6,4,"Decent product for the price, would recommend with minor caution.",2026-04-01
3963,7365,367,55,2,"Not worth the price, expected better quality.",2026-03-08
3964,7367,1931,48,3,Product is fine but delivery took longer than expected.,2025-11-23
3965,7368,1499,50,2,"Not satisfied, quality is below expectations.",2025-02-09
3966,7370,1916,84,4,"Nice quality, delivery was a bit delayed but product is good.",2026-01-19
3967,7371,1562,73,4,"Good product overall, minor issues but satisfied with the purchase.",2025-02-27
3968,7373,1298,112,2,"Product had minor defects, considering a return.",2026-05-19
3969,7374,900,77,5,Superb quality and fast delivery. Highly recommend to everyone.,2026-04-23
3970,7375,568,62,4,"Decent product for the price, would recommend with minor caution.",2024-09-07
3971,7376,1337,93,3,"Average product, expected a bit more for this price.",2025-10-30
3972,7377,1068,54,2,"Not worth the price, expected better quality.",2025-07-27
3973,7378,1087,18,4,"Works well, matches the description. Happy with it.",2026-02-27
3974,7379,994,114,5,Best in this price range. Will buy again from this brand.,2025-06-26
3975,7382,1984,105,4,"Works well, matches the description. Happy with it.",2024-04-15
3976,7383,783,73,3,Product is fine but delivery took longer than expected.,2025-11-02
3977,7384,1406,84,4,"Works well, matches the description. Happy with it.",2025-12-21
3978,7386,1089,82,4,"Decent product for the price, would recommend with minor caution.",2026-01-07
3979,7387,131,60,3,Product is fine but delivery took longer than expected.,2025-03-19
3980,7388,1315,13,4,"Nice quality, delivery was a bit delayed but product is good.",2026-03-19
3981,7390,1655,27,4,"Decent product for the price, would recommend with minor caution.",2025-08-21
3982,7395,401,30,4,"Nice quality, delivery was a bit delayed but product is good.",2026-04-27
3983,7396,1672,119,5,"Excellent product, exactly as described. Very happy with the purchase.",2024-10-27
3984,7401,136,62,4,"Nice quality, delivery was a bit delayed but product is good.",2025-09-23
3985,7404,1828,70,4,"Nice quality, delivery was a bit delayed but product is good.",2025-03-16
3986,7406,804,71,3,"Quality is average, packaging could have been better.",2026-03-22
3987,7407,60,98,1,"Poor quality, does not match the images shown online.",2025-10-17
3988,7409,596,85,1,"Received a damaged item, requesting refund immediately.",2025-06-07
3989,7413,1695,24,4,"Decent product for the price, would recommend with minor caution.",2025-03-29
3990,7414,1962,88,4,"Good product overall, minor issues but satisfied with the purchase.",2026-01-17
3991,7415,1040,99,5,"Excellent product, exactly as described. Very happy with the purchase.",2025-07-13
3992,7416,222,85,4,"Works well, matches the description. Happy with it.",2026-01-02
3993,7418,1538,46,5,Superb quality and fast delivery. Highly recommend to everyone.,2024-04-11
3994,7420,958,80,5,Amazing value for money. Packaging was also very good.,2026-05-25
3995,7421,1591,54,4,"Decent product for the price, would recommend with minor caution.",2026-08-17
3996,7423,986,92,5,Amazing value for money. Packaging was also very good.,2024-12-27
3997,7424,866,72,1,"Worst experience, will not order this brand again.",2026-04-07
3998,7425,1118,70,3,Product is fine but delivery took longer than expected.,2024-09-21
3999,7426,1801,94,4,"Works well, matches the description. Happy with it.",2024-12-15
4000,7427,1507,53,5,Best in this price range. Will buy again from this brand.,2025-10-29
4001,7428,262,85,4,"Nice quality, delivery was a bit delayed but product is good.",2026-05-11
4002,7429,120,48,1,"Worst experience, will not order this brand again.",2025-09-24
4003,7432,1640,54,3,"It's okay, nothing special but does the job.",2026-03-12
4004,7435,204,4,4,"Decent product for the price, would recommend with minor caution.",2026-02-21
4005,7436,1032,35,5,Amazing value for money. Packaging was also very good.,2025-12-29
4006,7437,970,48,5,Amazing value for money. Packaging was also very good.,2025-04-22
4007,7441,1280,1,4,"Good product overall, minor issues but satisfied with the purchase.",2026-02-24
4008,7442,1683,69,2,"Not worth the price, expected better quality.",2025-06-06
4009,7443,708,49,2,"Product had minor defects, considering a return.",2025-06-16
4010,7444,1823,121,5,Superb quality and fast delivery. Highly recommend to everyone.,2026-01-02
4011,7449,372,120,1,"Received a damaged item, requesting refund immediately.",2025-01-30
4012,7450,205,125,4,"Good product overall, minor issues but satisfied with the purchase.",2026-02-07
4013,7451,664,104,4,"Good product overall, minor issues but satisfied with the purchase.",2024-05-03
4014,7452,947,10,3,"It's okay, nothing special but does the job.",2026-01-01
4015,7457,1523,77,4,"Good product overall, minor issues but satisfied with the purchase.",2025-03-13
4016,7458,1584,66,4,"Decent product for the price, would recommend with minor caution.",2025-11-12
4017,7460,1714,55,4,"Works well, matches the description. Happy with it.",2025-12-22
4018,7463,1929,58,2,Delivery was late and product quality is average at best.,2025-12-08
4019,7464,337,54,1,"Received a damaged item, requesting refund immediately.",2026-06-22
4020,7465,702,121,2,"Not satisfied, quality is below expectations.",2025-02-11
4021,7467,39,23,2,Delivery was late and product quality is average at best.,2026-08-17
4022,7468,334,69,5,Best in this price range. Will buy again from this brand.,2025-11-22
4023,7469,1282,78,3,"Average product, expected a bit more for this price.",2026-05-27
4024,7470,263,100,3,Product is fine but delivery took longer than expected.,2025-05-24
4025,7472,39,128,4,"Decent product for the price, would recommend with minor caution.",2026-08-17
4026,7477,1262,104,4,"Nice quality, delivery was a bit delayed but product is good.",2026-04-27
4027,7478,135,115,3,"Quality is average, packaging could have been better.",2026-03-02
4028,7479,78,109,5,Best in this price range. Will buy again from this brand.,2024-05-19
4029,7480,1618,125,3,"Quality is average, packaging could have been better.",2026-04-18
4030,7481,1285,40,3,"Quality is average, packaging could have been better.",2024-03-22
4031,7482,959,1,2,"Not satisfied, quality is below expectations.",2025-03-12
4032,7483,889,100,3,Product is fine but delivery took longer than expected.,2025-10-28
4033,7484,1770,22,5,"Excellent product, exactly as described. Very happy with the purchase.",2026-03-12
4034,7486,450,61,2,"Product had minor defects, considering a return.",2025-04-27
4035,7487,406,51,3,"Quality is average, packaging could have been better.",2025-12-24
4036,7488,1935,105,5,"Excellent product, exactly as described. Very happy with the purchase.",2024-09-05
4037,7489,246,82,5,Best in this price range. Will buy again from this brand.,2025-11-29
4038,7493,1592,104,4,"Good product overall, minor issues but satisfied with the purchase.",2025-07-22
4039,7494,594,11,2,"Not satisfied, quality is below expectations.",2025-11-05
4040,7501,1786,17,4,"Good product overall, minor issues but satisfied with the purchase.",2024-12-15
4041,7502,536,17,3,Product is fine but delivery took longer than expected.,2025-09-27
4042,7503,1623,4,5,Best in this price range. Will buy again from this brand.,2024-08-16
4043,7504,1708,44,4,"Works well, matches the description. Happy with it.",2026-03-06
4044,7505,38,21,4,"Decent product for the price, would recommend with minor caution.",2025-10-14
4045,7506,1613,42,3,"It's okay, nothing special but does the job.",2026-01-29
4046,7509,1498,80,3,"It's okay, nothing special but does the job.",2026-04-30
4047,7510,1852,51,2,Delivery was late and product quality is average at best.,2025-12-18
4048,7512,1210,119,3,Product is fine but delivery took longer than expected.,2024-07-25
4049,7514,1070,97,5,"Excellent product, exactly as described. Very happy with the purchase.",2026-04-04
4050,7515,1301,97,3,Product is fine but delivery took longer than expected.,2026-02-28
4051,7518,1029,109,4,"Nice quality, delivery was a bit delayed but product is good.",2026-02-26
4052,7519,1854,109,5,Best in this price range. Will buy again from this brand.,2026-02-07
4053,7520,1953,119,1,"Worst experience, will not order this brand again.",2025-03-27
4054,7521,1623,5,5,Superb quality and fast delivery. Highly recommend to everyone.,2026-02-21
4055,7522,1670,50,3,Product is fine but delivery took longer than expected.,2026-02-25
4056,7523,1716,62,4,"Decent product for the price, would recommend with minor caution.",2026-04-15
4057,7525,920,95,3,Product is fine but delivery took longer than expected.,2025-01-17
4058,7527,278,1,3,"It's okay, nothing special but does the job.",2026-01-27
4059,7528,1148,4,4,"Decent product for the price, would recommend with minor caution.",2025-10-16
4060,7530,816,56,3,Product is fine but delivery took longer than expected.,2025-10-25
4061,7531,1668,113,5,"Excellent product, exactly as described. Very happy with the purchase.",2025-12-12
4062,7532,1424,3,4,"Works well, matches the description. Happy with it.",2026-01-06
4063,7536,1580,81,3,Product is fine but delivery took longer than expected.,2026-03-01
4064,7537,866,13,2,Delivery was late and product quality is average at best.,2025-05-13
4065,7538,290,101,2,Delivery was late and product quality is average at best.,2025-11-05
4066,7539,1243,127,3,"It's okay, nothing special but does the job.",2025-05-19
4067,7543,1864,6,5,Best in this price range. Will buy again from this brand.,2026-04-04
4068,7549,618,23,5,Amazing value for money. Packaging was also very good.,2026-01-22
4069,7550,1414,60,2,"Product had minor defects, considering a return.",2025-01-13
4070,7552,650,1,5,Superb quality and fast delivery. Highly recommend to everyone.,2026-03-19
4071,7557,648,7,4,"Nice quality, delivery was a bit delayed but product is good.",2026-08-17
4072,7560,746,53,4,"Works well, matches the description. Happy with it.",2025-05-05
4073,7562,1852,61,2,"Not worth the price, expected better quality.",2026-02-03
4074,7563,53,26,5,"Excellent product, exactly as described. Very happy with the purchase.",2026-01-06
4075,7564,100,25,1,"Worst experience, will not order this brand again.",2026-05-18
4076,7566,261,57,1,"Very disappointed, product stopped working within days.",2025-03-16
4077,7569,434,110,1,"Received a damaged item, requesting refund immediately.",2025-10-22
4078,7570,1050,44,3,"Quality is average, packaging could have been better.",2026-08-11
4079,7571,183,103,5,Superb quality and fast delivery. Highly recommend to everyone.,2025-08-12
4080,7573,1776,84,4,"Works well, matches the description. Happy with it.",2026-08-10
4081,7574,423,64,2,"Not satisfied, quality is below expectations.",2026-06-15
4082,7575,1758,36,4,"Good product overall, minor issues but satisfied with the purchase.",2025-07-19
4083,7576,1298,70,5,Amazing value for money. Packaging was also very good.,2024-02-06
4084,7577,1177,69,5,Amazing value for money. Packaging was also very good.,2025-01-09
4085,7578,1706,43,1,"Received a damaged item, requesting refund immediately.",2025-06-18
4086,7580,199,97,4,"Decent product for the price, would recommend with minor caution.",2025-05-25
4087,7585,214,125,5,"Excellent product, exactly as described. Very happy with the purchase.",2026-07-21
4088,7593,877,1,2,"Not satisfied, quality is below expectations.",2025-10-08
4089,7594,54,115,2,"Not satisfied, quality is below expectations.",2026-06-12
4090,7596,880,45,5,Amazing value for money. Packaging was also very good.,2024-08-12
4091,7597,1390,109,3,"Quality is average, packaging could have been better.",2025-08-13
4092,7598,1147,45,3,"Quality is average, packaging could have been better.",2026-03-16
4093,7600,730,30,4,"Works well, matches the description. Happy with it.",2024-11-01
4094,7601,1572,89,4,"Good product overall, minor issues but satisfied with the purchase.",2025-04-19
4095,7602,102,126,3,"Average product, expected a bit more for this price.",2026-01-12
4096,7603,1965,81,3,"It's okay, nothing special but does the job.",2026-03-16
4097,7606,1367,44,5,"Excellent product, exactly as described. Very happy with the purchase.",2025-06-25
4098,7607,350,2,4,"Good product overall, minor issues but satisfied with the purchase.",2025-03-12
4099,7608,26,27,4,"Decent product for the price, would recommend with minor caution.",2025-01-01
4100,7613,1980,72,5,"Excellent product, exactly as described. Very happy with the purchase.",2025-12-14
4101,7615,1476,121,5,Best in this price range. Will buy again from this brand.,2025-08-05
4102,7617,572,53,2,"Not worth the price, expected better quality.",2025-08-25
4103,7619,153,48,4,"Nice quality, delivery was a bit delayed but product is good.",2025-04-11
4104,7620,1562,83,5,Amazing value for money. Packaging was also very good.,2026-04-08
4105,7621,900,128,1,"Poor quality, does not match the images shown online.",2026-05-05
4106,7623,457,39,2,"Not satisfied, quality is below expectations.",2026-06-18
4107,7624,545,87,3,"Quality is average, packaging could have been better.",2023-12-18
4108,7628,1025,87,2,"Not worth the price, expected better quality.",2025-11-05
4109,7629,1278,99,4,"Good product overall, minor issues but satisfied with the purchase.",2025-05-17
4110,7630,421,100,4,"Works well, matches the description. Happy with it.",2025-01-03
4111,7631,181,116,4,"Nice quality, delivery was a bit delayed but product is good.",2024-12-15
4112,7632,2,15,3,Product is fine but delivery took longer than expected.,2025-12-25
4113,7633,840,43,2,Delivery was late and product quality is average at best.,2025-01-22
4114,7635,165,129,2,Delivery was late and product quality is average at best.,2025-12-05
4115,7638,1234,53,5,"Excellent product, exactly as described. Very happy with the purchase.",2026-03-04
4116,7639,102,18,5,Best in this price range. Will buy again from this brand.,2025-08-27
4117,7641,176,44,3,"It's okay, nothing special but does the job.",2025-05-29
4118,7643,1177,111,5,Amazing value for money. Packaging was also very good.,2025-10-01
4119,7644,917,27,2,Delivery was late and product quality is average at best.,2025-09-07
4120,7645,1648,84,3,"It's okay, nothing special but does the job.",2026-02-15
4121,7648,891,86,3,"Quality is average, packaging could have been better.",2025-05-26
4122,7651,1519,97,3,Product is fine but delivery took longer than expected.,2025-09-22
4123,7652,361,119,4,"Nice quality, delivery was a bit delayed but product is good.",2024-05-03
4124,7653,1286,31,4,"Nice quality, delivery was a bit delayed but product is good.",2026-01-30
4125,7654,1472,86,4,"Good product overall, minor issues but satisfied with the purchase.",2024-10-25
4126,7657,260,112,3,"Average product, expected a bit more for this price.",2025-12-08
4127,7658,521,36,2,"Not worth the price, expected better quality.",2026-03-27
4128,7659,843,24,2,"Product had minor defects, considering a return.",2025-03-28
4129,7663,1754,44,5,Amazing value for money. Packaging was also very good.,2025-10-04
4130,7667,311,77,3,Product is fine but delivery took longer than expected.,2026-03-13
4131,7670,120,113,4,"Good product overall, minor issues but satisfied with the purchase.",2026-02-17
4132,7672,285,118,5,Superb quality and fast delivery. Highly recommend to everyone.,2026-07-24
4133,7673,423,59,5,Best in this price range. Will buy again from this brand.,2026-06-16
4134,7674,945,115,2,"Not worth the price, expected better quality.",2026-08-06
4135,7675,138,53,3,Product is fine but delivery took longer than expected.,2026-03-11
4136,7682,1922,118,5,Amazing value for money. Packaging was also very good.,2026-03-11
4137,7683,530,61,5,Amazing value for money. Packaging was also very good.,2025-09-07
4138,7684,706,107,4,"Decent product for the price, would recommend with minor caution.",2024-12-14
4139,7685,130,54,3,"Average product, expected a bit more for this price.",2026-02-14
4140,7686,197,12,4,"Good product overall, minor issues but satisfied with the purchase.",2025-07-01
4141,7690,1178,78,3,"Quality is average, packaging could have been better.",2026-01-06
4142,7692,772,52,4,"Decent product for the price, would recommend with minor caution.",2024-09-22
4143,7694,1418,114,1,"Very disappointed, product stopped working within days.",2026-06-14
4144,7696,379,34,3,Product is fine but delivery took longer than expected.,2025-09-21
4145,7700,1994,55,5,Amazing value for money. Packaging was also very good.,2025-10-30
4146,7703,235,68,5,Best in this price range. Will buy again from this brand.,2026-02-17
4147,7704,1328,80,1,"Worst experience, will not order this brand again.",2026-05-12
4148,7706,734,47,1,"Received a damaged item, requesting refund immediately.",2026-06-02
4149,7709,1008,112,5,"Excellent product, exactly as described. Very happy with the purchase.",2026-04-02
4150,7712,1192,17,4,"Works well, matches the description. Happy with it.",2026-01-03
4151,7716,810,80,5,Amazing value for money. Packaging was also very good.,2026-02-04
4152,7719,175,34,3,"Quality is average, packaging could have been better.",2025-05-11
4153,7720,237,34,3,"Average product, expected a bit more for this price.",2026-05-23
4154,7722,1713,45,5,Best in this price range. Will buy again from this brand.,2024-12-08
4155,7723,960,56,5,Amazing value for money. Packaging was also very good.,2025-08-30
4156,7724,1151,55,4,"Good product overall, minor issues but satisfied with the purchase.",2025-01-15
4157,7727,1156,54,2,"Not worth the price, expected better quality.",2026-06-12
4158,7728,484,78,1,"Worst experience, will not order this brand again.",2025-11-08
4159,7729,744,31,5,"Excellent product, exactly as described. Very happy with the purchase.",2026-02-21
4160,7732,363,32,3,"Quality is average, packaging could have been better.",2025-03-09
4161,7733,839,90,1,"Very disappointed, product stopped working within days.",2026-03-26
4162,7734,1234,9,1,"Worst experience, will not order this brand again.",2026-02-23
4163,7735,500,83,4,"Works well, matches the description. Happy with it.",2025-09-07
4164,7737,1326,77,2,Delivery was late and product quality is average at best.,2026-06-06
4165,7738,110,63,5,Amazing value for money. Packaging was also very good.,2026-08-17
4166,7740,338,80,4,"Works well, matches the description. Happy with it.",2026-01-04
4167,7742,1784,41,3,"Quality is average, packaging could have been better.",2026-08-17
4168,7744,985,76,4,"Good product overall, minor issues but satisfied with the purchase.",2026-05-05
4169,7746,681,14,5,Best in this price range. Will buy again from this brand.,2026-04-28
4170,7747,407,100,2,"Product had minor defects, considering a return.",2026-06-16
4171,7748,974,112,4,"Decent product for the price, would recommend with minor caution.",2025-11-19
4172,7749,549,47,5,"Excellent product, exactly as described. Very happy with the purchase.",2025-08-19
4173,7750,1643,127,4,"Nice quality, delivery was a bit delayed but product is good.",2025-10-03
4174,7756,1693,105,4,"Nice quality, delivery was a bit delayed but product is good.",2025-09-08
4175,7757,201,88,3,"Quality is average, packaging could have been better.",2024-02-27
4176,7758,1086,80,2,"Product had minor defects, considering a return.",2025-06-22
4177,7759,433,27,3,"It's okay, nothing special but does the job.",2026-08-04
4178,7764,907,22,4,"Works well, matches the description. Happy with it.",2025-08-05
4179,7765,206,7,5,Superb quality and fast delivery. Highly recommend to everyone.,2026-05-22
4180,7768,1859,119,5,"Excellent product, exactly as described. Very happy with the purchase.",2026-02-11
4181,7771,130,73,3,Product is fine but delivery took longer than expected.,2026-02-15
4182,7776,911,97,5,Amazing value for money. Packaging was also very good.,2026-07-31
4183,7777,859,114,1,"Very disappointed, product stopped working within days.",2024-11-29
4184,7781,559,53,2,Delivery was late and product quality is average at best.,2026-01-08
4185,7783,1584,20,5,Best in this price range. Will buy again from this brand.,2024-05-20
4186,7786,1815,129,4,"Nice quality, delivery was a bit delayed but product is good.",2024-09-01
4187,7787,660,40,5,Best in this price range. Will buy again from this brand.,2026-02-15
4188,7788,1043,128,2,"Not worth the price, expected better quality.",2026-06-22
4189,7790,676,80,3,"Quality is average, packaging could have been better.",2025-02-04
4190,7792,894,34,1,"Received a damaged item, requesting refund immediately.",2025-11-03
4191,7794,238,113,4,"Decent product for the price, would recommend with minor caution.",2026-01-02
4192,7795,1418,78,2,"Not satisfied, quality is below expectations.",2026-06-16
4193,7796,901,12,5,"Excellent product, exactly as described. Very happy with the purchase.",2026-05-18
4194,7797,1410,83,4,"Good product overall, minor issues but satisfied with the purchase.",2025-08-13
4195,7800,1860,76,2,"Not satisfied, quality is below expectations.",2025-02-08
4196,7801,1655,15,5,"Excellent product, exactly as described. Very happy with the purchase.",2026-06-27
4197,7805,987,36,3,"Average product, expected a bit more for this price.",2026-01-08
4198,7806,415,39,3,"Average product, expected a bit more for this price.",2024-11-02
4199,7809,295,67,4,"Nice quality, delivery was a bit delayed but product is good.",2024-12-25
4200,7812,337,50,3,"Quality is average, packaging could have been better.",2026-07-30
4201,7813,871,102,4,"Good product overall, minor issues but satisfied with the purchase.",2026-01-26
4202,7816,1936,46,3,Product is fine but delivery took longer than expected.,2025-12-16
4203,7817,1691,115,3,"Average product, expected a bit more for this price.",2025-03-01
4204,7819,359,116,2,Delivery was late and product quality is average at best.,2025-11-26
4205,7820,1761,14,2,"Not worth the price, expected better quality.",2026-06-07
4206,7822,107,2,4,"Works well, matches the description. Happy with it.",2025-06-06
4207,7823,1309,125,4,"Decent product for the price, would recommend with minor caution.",2026-05-27
4208,7824,990,92,4,"Works well, matches the description. Happy with it.",2026-07-07
4209,7826,456,128,3,"Average product, expected a bit more for this price.",2025-08-18
4210,7828,1498,118,5,Superb quality and fast delivery. Highly recommend to everyone.,2025-02-27
4211,7829,949,31,4,"Decent product for the price, would recommend with minor caution.",2026-05-26
4212,7830,1241,40,2,"Not satisfied, quality is below expectations.",2025-11-12
4213,7831,1257,68,2,"Product had minor defects, considering a return.",2025-05-03
4214,7833,975,6,4,"Works well, matches the description. Happy with it.",2026-03-21
4215,7834,682,117,4,"Decent product for the price, would recommend with minor caution.",2025-12-12
4216,7835,230,117,5,"Excellent product, exactly as described. Very happy with the purchase.",2025-08-14
4217,7836,1239,11,4,"Good product overall, minor issues but satisfied with the purchase.",2026-02-10
4218,7838,1539,35,2,Delivery was late and product quality is average at best.,2025-09-29
4219,7839,1884,55,2,"Product had minor defects, considering a return.",2023-12-14
4220,7840,1650,82,5,Amazing value for money. Packaging was also very good.,2026-07-01
4221,7841,1657,50,5,Best in this price range. Will buy again from this brand.,2025-05-29
4222,7842,1754,49,5,Best in this price range. Will buy again from this brand.,2026-05-19
4223,7843,1888,57,4,"Works well, matches the description. Happy with it.",2025-01-22
4224,7844,1631,70,1,"Received a damaged item, requesting refund immediately.",2025-12-21
4225,7848,1069,102,5,Best in this price range. Will buy again from this brand.,2025-03-24
4226,7850,1860,57,5,Amazing value for money. Packaging was also very good.,2024-03-26
4227,7851,1871,66,3,"It's okay, nothing special but does the job.",2025-10-01
4228,7854,539,113,4,"Decent product for the price, would recommend with minor caution.",2025-11-29
4229,7855,941,27,4,"Works well, matches the description. Happy with it.",2025-01-31
4230,7857,1499,47,4,"Decent product for the price, would recommend with minor caution.",2025-08-01
4231,7860,589,99,5,"Excellent product, exactly as described. Very happy with the purchase.",2025-01-16
4232,7863,617,85,2,"Not worth the price, expected better quality.",2026-06-03
4233,7867,396,84,3,Product is fine but delivery took longer than expected.,2025-08-18
4234,7868,1884,17,5,Superb quality and fast delivery. Highly recommend to everyone.,2026-07-25
4235,7871,1106,13,5,"Excellent product, exactly as described. Very happy with the purchase.",2025-08-07
4236,7874,1488,73,5,"Excellent product, exactly as described. Very happy with the purchase.",2026-06-17
4237,7877,1143,67,5,Superb quality and fast delivery. Highly recommend to everyone.,2025-05-23
4238,7878,248,110,5,Best in this price range. Will buy again from this brand.,2024-12-21
4239,7879,928,34,3,"It's okay, nothing special but does the job.",2025-05-08
4240,7880,1720,8,4,"Nice quality, delivery was a bit delayed but product is good.",2026-06-01
4241,7882,1931,56,3,"Average product, expected a bit more for this price.",2025-10-18
4242,7887,521,26,2,"Not satisfied, quality is below expectations.",2024-07-05
4243,7889,1025,31,4,"Works well, matches the description. Happy with it.",2026-02-02
4244,7893,1937,29,4,"Good product overall, minor issues but satisfied with the purchase.",2026-06-09
4245,7896,1617,24,5,Superb quality and fast delivery. Highly recommend to everyone.,2025-08-23
4246,7898,1422,26,1,"Worst experience, will not order this brand again.",2025-05-14
4247,7902,973,69,2,"Not satisfied, quality is below expectations.",2024-10-17
4248,7903,750,4,4,"Decent product for the price, would recommend with minor caution.",2026-05-08
4249,7906,1966,21,3,"Quality is average, packaging could have been better.",2025-06-30
4250,7912,1531,77,5,Amazing value for money. Packaging was also very good.,2025-08-21
4251,7913,1655,84,5,Best in this price range. Will buy again from this brand.,2025-08-16
4252,7914,1716,92,5,Superb quality and fast delivery. Highly recommend to everyone.,2025-10-15
4253,7916,1506,65,5,Best in this price range. Will buy again from this brand.,2026-01-01
4254,7917,1937,59,4,"Nice quality, delivery was a bit delayed but product is good.",2026-05-31
4255,7919,69,68,5,"Excellent product, exactly as described. Very happy with the purchase.",2025-09-15
4256,7920,1548,115,4,"Nice quality, delivery was a bit delayed but product is good.",2026-04-05
4257,7922,738,82,1,"Poor quality, does not match the images shown online.",2026-08-05
4258,7924,1278,20,5,Best in this price range. Will buy again from this brand.,2025-06-04
4259,7925,1040,74,5,"Excellent product, exactly as described. Very happy with the purchase.",2025-09-24
4260,7926,371,116,5,Amazing value for money. Packaging was also very good.,2026-01-11
4261,7927,945,119,4,"Works well, matches the description. Happy with it.",2025-07-13
4262,7930,632,19,4,"Works well, matches the description. Happy with it.",2025-04-20
4263,7934,1673,72,2,"Not satisfied, quality is below expectations.",2024-07-15
4264,7938,585,43,5,Superb quality and fast delivery. Highly recommend to everyone.,2026-01-01
4265,7939,1527,101,4,"Decent product for the price, would recommend with minor caution.",2025-02-26
4266,7940,1251,23,4,"Good product overall, minor issues but satisfied with the purchase.",2025-07-07
4267,7941,1100,1,4,"Good product overall, minor issues but satisfied with the purchase.",2026-05-03
4268,7945,303,76,4,"Good product overall, minor issues but satisfied with the purchase.",2026-03-24
4269,7947,672,41,5,Superb quality and fast delivery. Highly recommend to everyone.,2026-07-03
4270,7948,1771,101,5,Best in this price range. Will buy again from this brand.,2025-05-20
4271,7952,1146,68,2,"Product had minor defects, considering a return.",2026-04-17
4272,7953,934,52,3,"It's okay, nothing special but does the job.",2025-10-11
4273,7957,1509,99,5,Amazing value for money. Packaging was also very good.,2025-06-11
4274,7962,1644,68,5,Best in this price range. Will buy again from this brand.,2026-02-14
4275,7963,265,87,1,"Very disappointed, product stopped working within days.",2025-03-21
4276,7966,1163,38,4,"Good product overall, minor issues but satisfied with the purchase.",2025-10-08
4277,7969,1959,2,3,"Average product, expected a bit more for this price.",2026-04-27
4278,7970,966,21,4,"Good product overall, minor issues but satisfied with the purchase.",2025-04-22
4279,7971,884,45,2,"Not satisfied, quality is below expectations.",2025-03-20
4280,7973,1952,83,4,"Nice quality, delivery was a bit delayed but product is good.",2026-01-20
4281,7974,182,98,4,"Nice quality, delivery was a bit delayed but product is good.",2026-02-12
4282,7975,444,106,4,"Good product overall, minor issues but satisfied with the purchase.",2026-02-11
4283,7976,19,127,4,"Good product overall, minor issues but satisfied with the purchase.",2026-05-15
4284,7979,112,124,3,"It's okay, nothing special but does the job.",2025-03-09
4285,7980,15,115,1,"Received a damaged item, requesting refund immediately.",2025-12-19
4286,7981,349,55,4,"Good product overall, minor issues but satisfied with the purchase.",2025-04-26
4287,7983,1774,15,5,Superb quality and fast delivery. Highly recommend to everyone.,2024-08-16
4288,7984,432,36,1,"Worst experience, will not order this brand again.",2025-11-22
4289,7986,1944,15,4,"Decent product for the price, would recommend with minor caution.",2024-02-12
4290,7987,1842,81,2,"Product had minor defects, considering a return.",2026-04-14
4291,7988,216,31,1,"Received a damaged item, requesting refund immediately.",2026-03-22
4292,7989,444,12,4,"Nice quality, delivery was a bit delayed but product is good.",2026-02-01
4293,7990,1833,66,5,"Excellent product, exactly as described. Very happy with the purchase.",2026-02-18
4294,7991,41,124,5,Amazing value for money. Packaging was also very good.,2024-04-27
4295,7993,380,113,5,"Excellent product, exactly as described. Very happy with the purchase.",2026-03-14
4296,7995,1012,54,5,Amazing value for money. Packaging was also very good.,2026-05-29
4297,7997,185,15,3,"Average product, expected a bit more for this price.",2025-06-19
4298,7998,1043,71,5,Superb quality and fast delivery. Highly recommend to everyone.,2026-02-14
4299,7999,372,57,4,"Decent product for the price, would recommend with minor caution.",2026-01-22
4300,8003,610,111,4,"Nice quality, delivery was a bit delayed but product is good.",2026-07-25
4301,8005,730,100,4,"Decent product for the price, would recommend with minor caution.",2025-03-07
4302,8008,1371,80,5,Best in this price range. Will buy again from this brand.,2026-02-07
4303,8009,1750,105,4,"Works well, matches the description. Happy with it.",2026-01-04
4304,8010,943,82,4,"Decent product for the price, would recommend with minor caution.",2025-03-15
4305,8012,1652,32,5,Best in this price range. Will buy again from this brand.,2025-10-20
4306,8013,1788,27,5,Amazing value for money. Packaging was also very good.,2025-05-20
4307,8014,132,129,3,"Quality is average, packaging could have been better.",2025-07-26
4308,8017,100,18,4,"Good product overall, minor issues but satisfied with the purchase.",2025-07-10
4309,8018,987,3,3,"Quality is average, packaging could have been better.",2025-06-21
4310,8019,1750,33,1,"Very disappointed, product stopped working within days.",2026-01-06
4311,8022,971,33,5,"Excellent product, exactly as described. Very happy with the purchase.",2026-02-10
4312,8025,419,21,4,"Good product overall, minor issues but satisfied with the purchase.",2026-08-03
4313,8026,118,72,5,"Excellent product, exactly as described. Very happy with the purchase.",2025-11-20
4314,8027,137,99,1,"Received a damaged item, requesting refund immediately.",2026-07-13
4315,8028,1336,127,3,"Average product, expected a bit more for this price.",2025-09-07
4316,8029,1398,76,3,"Average product, expected a bit more for this price.",2025-09-25
4317,8030,456,39,4,"Good product overall, minor issues but satisfied with the purchase.",2026-06-22
4318,8031,1907,50,5,Amazing value for money. Packaging was also very good.,2026-01-30
4319,8034,1417,70,2,"Not satisfied, quality is below expectations.",2026-07-05
4320,8035,181,86,2,Delivery was late and product quality is average at best.,2025-02-22
4321,8038,568,78,1,"Poor quality, does not match the images shown online.",2025-03-25
4322,8039,991,2,5,Amazing value for money. Packaging was also very good.,2026-07-05
4323,8041,1539,73,1,"Received a damaged item, requesting refund immediately.",2026-01-11
4324,8042,252,10,2,"Not worth the price, expected better quality.",2026-04-24
4325,8046,709,48,4,"Good product overall, minor issues but satisfied with the purchase.",2026-08-13
4326,8047,432,117,5,Best in this price range. Will buy again from this brand.,2025-12-23
4327,8049,1779,87,5,Amazing value for money. Packaging was also very good.,2026-02-08
4328,8050,1914,102,3,"Quality is average, packaging could have been better.",2026-02-18
4329,8051,522,29,4,"Nice quality, delivery was a bit delayed but product is good.",2025-08-06
4330,8052,1082,126,3,"It's okay, nothing special but does the job.",2026-04-03
4331,8053,169,42,4,"Decent product for the price, would recommend with minor caution.",2026-03-20
4332,8054,626,39,4,"Works well, matches the description. Happy with it.",2023-12-28
4333,8058,1159,49,4,"Works well, matches the description. Happy with it.",2025-02-21
4334,8059,1276,19,1,"Received a damaged item, requesting refund immediately.",2026-05-10
4335,8060,658,30,1,"Received a damaged item, requesting refund immediately.",2026-03-19
4336,8061,602,83,3,"Quality is average, packaging could have been better.",2026-02-13
4337,8062,1019,81,4,"Works well, matches the description. Happy with it.",2024-11-22
4338,8063,429,101,3,"Average product, expected a bit more for this price.",2026-04-21
4339,8064,500,48,4,"Works well, matches the description. Happy with it.",2026-02-21
4340,8066,952,92,4,"Decent product for the price, would recommend with minor caution.",2026-03-29
4341,8067,145,67,2,Delivery was late and product quality is average at best.,2026-05-07
4342,8068,1317,127,4,"Decent product for the price, would recommend with minor caution.",2025-02-13
4343,8069,869,71,5,"Excellent product, exactly as described. Very happy with the purchase.",2025-08-26
4344,8070,1646,52,4,"Decent product for the price, would recommend with minor caution.",2025-01-04
4345,8071,337,57,4,"Works well, matches the description. Happy with it.",2026-06-25
4346,8073,108,125,4,"Works well, matches the description. Happy with it.",2026-01-09
4347,8074,837,94,4,"Good product overall, minor issues but satisfied with the purchase.",2026-06-24
4348,8077,1203,43,1,"Very disappointed, product stopped working within days.",2024-09-25
4349,8078,1220,55,4,"Good product overall, minor issues but satisfied with the purchase.",2025-09-23
4350,8079,1256,58,4,"Works well, matches the description. Happy with it.",2024-03-31
4351,8081,1595,112,3,"Quality is average, packaging could have been better.",2026-03-02
4352,8082,7,23,3,"Quality is average, packaging could have been better.",2026-07-20
4353,8085,1475,119,5,Superb quality and fast delivery. Highly recommend to everyone.,2025-09-24
4354,8087,613,82,3,"Quality is average, packaging could have been better.",2026-01-04
4355,8088,986,100,1,"Very disappointed, product stopped working within days.",2025-02-23
4356,8090,1393,129,5,Best in this price range. Will buy again from this brand.,2025-04-07
4357,8091,943,13,2,Delivery was late and product quality is average at best.,2024-02-25
4358,8092,459,30,1,"Poor quality, does not match the images shown online.",2026-05-01
4359,8093,1903,103,1,"Poor quality, does not match the images shown online.",2024-10-24
4360,8094,1973,92,5,Superb quality and fast delivery. Highly recommend to everyone.,2024-09-30
4361,8097,109,34,2,"Product had minor defects, considering a return.",2026-01-13
4362,8101,162,108,5,Best in this price range. Will buy again from this brand.,2026-07-19
4363,8102,1910,21,4,"Good product overall, minor issues but satisfied with the purchase.",2026-07-27
4364,8103,718,53,5,Amazing value for money. Packaging was also very good.,2026-03-21
4365,8106,1094,83,4,"Works well, matches the description. Happy with it.",2025-07-30
4366,8108,1010,14,4,"Decent product for the price, would recommend with minor caution.",2026-06-13
4367,8110,1783,91,5,Best in this price range. Will buy again from this brand.,2026-04-20
4368,8111,866,106,4,"Good product overall, minor issues but satisfied with the purchase.",2025-08-14
4369,8113,442,11,4,"Decent product for the price, would recommend with minor caution.",2025-10-26
4370,8114,1254,54,4,"Decent product for the price, would recommend with minor caution.",2025-10-05
4371,8115,1110,102,2,"Not satisfied, quality is below expectations.",2026-05-09
4372,8117,1516,101,4,"Nice quality, delivery was a bit delayed but product is good.",2024-11-02
4373,8118,1382,21,3,Product is fine but delivery took longer than expected.,2024-12-11
4374,8120,301,106,1,"Poor quality, does not match the images shown online.",2024-12-14
4375,8121,799,54,3,Product is fine but delivery took longer than expected.,2025-06-18
4376,8122,1547,37,1,"Very disappointed, product stopped working within days.",2024-10-29
4377,8123,432,73,4,"Nice quality, delivery was a bit delayed but product is good.",2026-03-18
4378,8125,1153,56,3,"It's okay, nothing special but does the job.",2026-05-16
4379,8126,358,86,5,Superb quality and fast delivery. Highly recommend to everyone.,2024-12-28
4380,8128,15,34,1,"Poor quality, does not match the images shown online.",2025-04-26
4381,8129,317,18,3,"Average product, expected a bit more for this price.",2026-04-05
4382,8130,658,69,3,Product is fine but delivery took longer than expected.,2026-04-15
4383,8131,102,121,2,Delivery was late and product quality is average at best.,2026-04-26
4384,8132,1984,58,4,"Works well, matches the description. Happy with it.",2024-06-13
4385,8133,843,80,2,"Not satisfied, quality is below expectations.",2025-10-03
4386,8134,887,23,5,Best in this price range. Will buy again from this brand.,2025-09-27
4387,8136,1536,51,3,Product is fine but delivery took longer than expected.,2025-07-12
4388,8137,1930,106,5,Amazing value for money. Packaging was also very good.,2026-06-19
4389,8138,1848,82,5,Superb quality and fast delivery. Highly recommend to everyone.,2026-04-27
4390,8140,1625,43,3,Product is fine but delivery took longer than expected.,2025-10-03
4391,8141,1523,88,4,"Decent product for the price, would recommend with minor caution.",2025-08-19
4392,8143,1146,20,3,"It's okay, nothing special but does the job.",2025-10-26
4393,8144,1490,128,5,Superb quality and fast delivery. Highly recommend to everyone.,2026-02-19
4394,8146,417,69,1,"Worst experience, will not order this brand again.",2025-03-16
4395,8147,284,77,1,"Worst experience, will not order this brand again.",2026-08-10
4396,8150,1224,3,3,Product is fine but delivery took longer than expected.,2026-04-03
4397,8151,1576,45,2,Delivery was late and product quality is average at best.,2025-10-02
4398,8153,660,100,5,Amazing value for money. Packaging was also very good.,2025-11-03
4399,8154,323,76,4,"Decent product for the price, would recommend with minor caution.",2025-06-26
4400,8155,1625,111,4,"Nice quality, delivery was a bit delayed but product is good.",2026-02-06
4401,8156,180,110,5,"Excellent product, exactly as described. Very happy with the purchase.",2025-12-13
4402,8157,1961,6,4,"Nice quality, delivery was a bit delayed but product is good.",2025-06-12
4403,8161,847,84,3,"Quality is average, packaging could have been better.",2025-09-28
4404,8162,1627,7,3,"Quality is average, packaging could have been better.",2026-03-13
4405,8163,1929,94,5,Best in this price range. Will buy again from this brand.,2024-02-06
4406,8164,89,86,1,"Very disappointed, product stopped working within days.",2026-03-26
4407,8166,1720,113,5,Best in this price range. Will buy again from this brand.,2024-08-12
4408,8168,237,50,2,Delivery was late and product quality is average at best.,2025-05-25
4409,8169,1400,16,4,"Decent product for the price, would recommend with minor caution.",2026-05-08
4410,8170,291,55,5,Superb quality and fast delivery. Highly recommend to everyone.,2025-01-01
4411,8171,1759,112,3,"It's okay, nothing special but does the job.",2026-03-28
4412,8176,310,89,1,"Very disappointed, product stopped working within days.",2026-03-16
4413,8177,862,60,4,"Good product overall, minor issues but satisfied with the purchase.",2025-10-29
4414,8178,33,12,4,"Nice quality, delivery was a bit delayed but product is good.",2024-12-17
4415,8179,1122,31,3,Product is fine but delivery took longer than expected.,2026-08-17
4416,8182,1570,114,5,Superb quality and fast delivery. Highly recommend to everyone.,2025-08-16
4417,8183,1668,53,1,"Received a damaged item, requesting refund immediately.",2026-07-10
4418,8185,281,5,3,"It's okay, nothing special but does the job.",2023-12-05
4419,8189,235,117,5,"Excellent product, exactly as described. Very happy with the purchase.",2026-02-03
4420,8190,38,114,5,Amazing value for money. Packaging was also very good.,2025-11-13
4421,8193,1157,45,2,"Not worth the price, expected better quality.",2025-06-21
4422,8196,524,13,4,"Nice quality, delivery was a bit delayed but product is good.",2026-08-17
4423,8197,1719,22,4,"Decent product for the price, would recommend with minor caution.",2026-06-10
4424,8198,379,69,4,"Works well, matches the description. Happy with it.",2025-09-26
4425,8199,762,125,2,"Product had minor defects, considering a return.",2026-07-11
4426,8200,280,89,1,"Worst experience, will not order this brand again.",2026-04-29
4427,8201,1450,112,4,"Good product overall, minor issues but satisfied with the purchase.",2026-02-28
4428,8205,408,39,4,"Good product overall, minor issues but satisfied with the purchase.",2026-03-18
4429,8207,1467,60,3,Product is fine but delivery took longer than expected.,2025-06-23
4430,8211,1408,57,5,"Excellent product, exactly as described. Very happy with the purchase.",2026-02-18
4431,8213,345,56,4,"Good product overall, minor issues but satisfied with the purchase.",2024-06-10
4432,8215,1299,87,3,"It's okay, nothing special but does the job.",2026-05-02
4433,8216,1834,38,5,Superb quality and fast delivery. Highly recommend to everyone.,2024-12-31
4434,8219,1863,79,5,Superb quality and fast delivery. Highly recommend to everyone.,2025-08-01
4435,8220,1094,107,5,"Excellent product, exactly as described. Very happy with the purchase.",2025-03-12
4436,8221,1589,114,3,"Average product, expected a bit more for this price.",2026-03-02
4437,8222,409,40,4,"Works well, matches the description. Happy with it.",2025-09-06
4438,8223,536,36,3,"Quality is average, packaging could have been better.",2025-09-27
4439,8225,104,64,5,"Excellent product, exactly as described. Very happy with the purchase.",2024-10-17
4440,8227,519,46,4,"Nice quality, delivery was a bit delayed but product is good.",2025-06-17
4441,8228,546,12,3,Product is fine but delivery took longer than expected.,2026-04-18
4442,8229,187,17,5,Amazing value for money. Packaging was also very good.,2025-09-01
4443,8230,1556,19,1,"Worst experience, will not order this brand again.",2024-10-17
4444,8233,596,31,3,"It's okay, nothing special but does the job.",2025-11-02
4445,8234,724,29,5,Superb quality and fast delivery. Highly recommend to everyone.,2026-05-19
4446,8235,516,49,2,"Product had minor defects, considering a return.",2026-02-25
4447,8236,1091,27,3,Product is fine but delivery took longer than expected.,2025-11-17
4448,8237,1552,47,1,"Poor quality, does not match the images shown online.",2026-03-13
4449,8240,973,60,5,Best in this price range. Will buy again from this brand.,2026-03-07
4450,8241,1548,127,1,"Poor quality, does not match the images shown online.",2026-05-30
4451,8242,109,15,2,"Not satisfied, quality is below expectations.",2026-01-15
4452,8243,43,101,4,"Good product overall, minor issues but satisfied with the purchase.",2026-05-25
4453,8245,410,126,2,"Not worth the price, expected better quality.",2025-05-31
4454,8249,403,87,4,"Good product overall, minor issues but satisfied with the purchase.",2026-08-17
4455,8251,1956,41,5,Superb quality and fast delivery. Highly recommend to everyone.,2025-08-30
4456,8252,428,24,4,"Nice quality, delivery was a bit delayed but product is good.",2025-06-21
4457,8254,1208,18,5,Superb quality and fast delivery. Highly recommend to everyone.,2025-02-07
4458,8256,1498,117,4,"Good product overall, minor issues but satisfied with the purchase.",2026-02-18
4459,8260,1793,126,5,Best in this price range. Will buy again from this brand.,2024-12-30
4460,8261,858,20,5,Superb quality and fast delivery. Highly recommend to everyone.,2025-09-30
4461,8264,724,119,1,"Very disappointed, product stopped working within days.",2026-05-28
4462,8266,936,42,4,"Nice quality, delivery was a bit delayed but product is good.",2026-01-27
4463,8267,1913,26,4,"Decent product for the price, would recommend with minor caution.",2026-03-22
4464,8268,1498,11,2,"Not worth the price, expected better quality.",2025-12-22
4465,8270,1525,110,4,"Decent product for the price, would recommend with minor caution.",2025-07-31
4466,8272,740,66,5,Amazing value for money. Packaging was also very good.,2025-05-03
4467,8274,941,39,3,"Quality is average, packaging could have been better.",2025-03-26
4468,8275,1830,4,3,"Average product, expected a bit more for this price.",2025-11-22
4469,8276,1190,103,3,"Average product, expected a bit more for this price.",2025-12-02
4470,8277,1447,67,4,"Works well, matches the description. Happy with it.",2026-04-22
4471,8278,269,7,3,"It's okay, nothing special but does the job.",2026-04-12
4472,8279,617,100,4,"Decent product for the price, would recommend with minor caution.",2025-03-08
4473,8282,412,45,3,"Quality is average, packaging could have been better.",2026-02-11
4474,8283,543,31,3,"It's okay, nothing special but does the job.",2024-12-13
4475,8284,933,66,5,Superb quality and fast delivery. Highly recommend to everyone.,2025-06-01
4476,8285,1806,114,5,Best in this price range. Will buy again from this brand.,2025-02-27
4477,8286,537,117,4,"Nice quality, delivery was a bit delayed but product is good.",2026-05-29
4478,8287,960,35,3,Product is fine but delivery took longer than expected.,2025-08-30
4479,8288,671,106,5,Amazing value for money. Packaging was also very good.,2026-03-01
4480,8291,1880,121,3,"It's okay, nothing special but does the job.",2026-01-24
4481,8292,367,7,4,"Works well, matches the description. Happy with it.",2024-10-14
4482,8293,631,56,5,"Excellent product, exactly as described. Very happy with the purchase.",2026-02-12
4483,8295,1341,48,1,"Received a damaged item, requesting refund immediately.",2025-12-24
4484,8300,54,46,3,"It's okay, nothing special but does the job.",2026-06-20
4485,8301,988,126,4,"Nice quality, delivery was a bit delayed but product is good.",2025-05-03
4486,8302,393,26,2,"Product had minor defects, considering a return.",2025-12-28
4487,8306,968,67,4,"Works well, matches the description. Happy with it.",2024-05-16
4488,8308,1967,120,2,"Not satisfied, quality is below expectations.",2025-09-13
4489,8310,689,128,4,"Nice quality, delivery was a bit delayed but product is good.",2024-11-16
4490,8314,1853,50,4,"Works well, matches the description. Happy with it.",2025-02-16
4491,8315,856,80,3,Product is fine but delivery took longer than expected.,2026-01-14
4492,8318,1422,67,5,"Excellent product, exactly as described. Very happy with the purchase.",2025-04-12
4493,8320,813,125,1,"Worst experience, will not order this brand again.",2025-07-18
4494,8322,1771,58,5,"Excellent product, exactly as described. Very happy with the purchase.",2024-08-13
4495,8324,948,84,2,Delivery was late and product quality is average at best.,2026-01-15
4496,8325,1575,99,2,Delivery was late and product quality is average at best.,2025-04-09
4497,8326,320,70,1,"Poor quality, does not match the images shown online.",2025-08-10
4498,8327,1659,59,5,Amazing value for money. Packaging was also very good.,2025-12-05
4499,8329,1866,34,3,Product is fine but delivery took longer than expected.,2026-07-22
4500,8330,311,58,5,"Excellent product, exactly as described. Very happy with the purchase.",2025-06-08
4501,8334,1260,38,1,"Worst experience, will not order this brand again.",2025-06-25
4502,8337,1898,93,4,"Nice quality, delivery was a bit delayed but product is good.",2026-08-04
4503,8338,273,15,1,"Worst experience, will not order this brand again.",2025-08-28
4504,8340,1223,21,4,"Decent product for the price, would recommend with minor caution.",2026-03-14
4505,8341,801,87,5,Superb quality and fast delivery. Highly recommend to everyone.,2025-07-20
4506,8342,149,34,4,"Works well, matches the description. Happy with it.",2025-12-10
4507,8343,1065,44,3,"Average product, expected a bit more for this price.",2024-12-27
4508,8345,728,129,2,"Not worth the price, expected better quality.",2024-03-27
4509,8346,688,12,4,"Nice quality, delivery was a bit delayed but product is good.",2025-10-25
4510,8349,1549,94,1,"Worst experience, will not order this brand again.",2026-05-11
4511,8353,794,120,3,Product is fine but delivery took longer than expected.,2026-02-10
4512,8355,1919,115,5,Best in this price range. Will buy again from this brand.,2026-03-12
4513,8356,766,64,2,Delivery was late and product quality is average at best.,2024-12-11
4514,8358,564,33,5,Best in this price range. Will buy again from this brand.,2025-11-15
4515,8362,1014,124,5,Amazing value for money. Packaging was also very good.,2025-01-13
4516,8364,1616,115,4,"Nice quality, delivery was a bit delayed but product is good.",2025-05-19
4517,8365,82,46,5,"Excellent product, exactly as described. Very happy with the purchase.",2025-01-02
4518,8366,622,27,2,Delivery was late and product quality is average at best.,2026-05-05
4519,8367,870,53,3,"It's okay, nothing special but does the job.",2026-06-10
4520,8368,143,9,4,"Works well, matches the description. Happy with it.",2026-06-20
4521,8371,1581,98,5,Amazing value for money. Packaging was also very good.,2025-11-29
4522,8372,1165,25,3,"Average product, expected a bit more for this price.",2025-12-21
4523,8374,69,98,1,"Very disappointed, product stopped working within days.",2025-01-21
4524,8377,1985,100,4,"Good product overall, minor issues but satisfied with the purchase.",2025-12-19
4525,8378,1659,61,4,"Good product overall, minor issues but satisfied with the purchase.",2025-12-09
4526,8379,842,79,4,"Decent product for the price, would recommend with minor caution.",2026-08-17
4527,8381,1212,43,4,"Good product overall, minor issues but satisfied with the purchase.",2026-01-02
4528,8383,592,92,5,Amazing value for money. Packaging was also very good.,2025-06-02
4529,8385,1265,43,1,"Received a damaged item, requesting refund immediately.",2026-06-12
4530,8388,656,44,5,Best in this price range. Will buy again from this brand.,2026-03-25
4531,8390,300,107,3,"Quality is average, packaging could have been better.",2025-12-16
4532,8391,810,104,4,"Nice quality, delivery was a bit delayed but product is good.",2024-04-20
4533,8394,1264,54,5,Superb quality and fast delivery. Highly recommend to everyone.,2025-12-27
4534,8396,380,46,1,"Received a damaged item, requesting refund immediately.",2025-03-22
4535,8397,1603,46,5,Superb quality and fast delivery. Highly recommend to everyone.,2025-12-11
4536,8398,1578,28,3,"It's okay, nothing special but does the job.",2026-05-08
4537,8400,1350,19,4,"Decent product for the price, would recommend with minor caution.",2026-07-20
4538,8403,294,101,3,Product is fine but delivery took longer than expected.,2026-04-17
4539,8405,1876,108,2,Delivery was late and product quality is average at best.,2026-05-25
4540,8406,689,91,4,"Good product overall, minor issues but satisfied with the purchase.",2025-02-03
4541,8409,491,126,5,Superb quality and fast delivery. Highly recommend to everyone.,2026-04-27
4542,8410,1380,54,5,Superb quality and fast delivery. Highly recommend to everyone.,2025-09-26
4543,8413,852,91,5,Amazing value for money. Packaging was also very good.,2024-12-16
4544,8415,1616,6,5,Superb quality and fast delivery. Highly recommend to everyone.,2024-12-23
4545,8417,433,129,3,"Average product, expected a bit more for this price.",2026-08-17
4546,8420,1676,47,4,"Nice quality, delivery was a bit delayed but product is good.",2025-09-09
4547,8424,787,18,3,"Average product, expected a bit more for this price.",2026-02-19
4548,8427,954,69,5,Best in this price range. Will buy again from this brand.,2025-10-21
4549,8429,1322,1,4,"Works well, matches the description. Happy with it.",2025-02-12
4550,8430,758,127,5,Superb quality and fast delivery. Highly recommend to everyone.,2025-06-29
4551,8432,781,73,3,"Average product, expected a bit more for this price.",2026-03-30
4552,8436,313,75,4,"Good product overall, minor issues but satisfied with the purchase.",2024-07-31
4553,8437,1192,69,5,Superb quality and fast delivery. Highly recommend to everyone.,2026-04-30
4554,8438,1694,6,4,"Works well, matches the description. Happy with it.",2026-02-03
4555,8439,1691,120,1,"Received a damaged item, requesting refund immediately.",2025-03-06
4556,8440,1509,117,5,"Excellent product, exactly as described. Very happy with the purchase.",2026-02-23
4557,8441,869,121,5,Superb quality and fast delivery. Highly recommend to everyone.,2026-01-04
4558,8443,331,104,5,Best in this price range. Will buy again from this brand.,2026-02-17
4559,8448,1177,113,3,"Average product, expected a bit more for this price.",2026-04-26
4560,8449,1646,108,3,Product is fine but delivery took longer than expected.,2025-08-08
4561,8455,147,12,5,Amazing value for money. Packaging was also very good.,2026-01-28
4562,8456,920,31,5,"Excellent product, exactly as described. Very happy with the purchase.",2025-01-31
4563,8457,1308,120,5,Amazing value for money. Packaging was also very good.,2026-07-01
4564,8458,1693,55,4,"Nice quality, delivery was a bit delayed but product is good.",2026-05-20
4565,8459,524,75,4,"Nice quality, delivery was a bit delayed but product is good.",2025-12-19
4566,8460,56,28,5,Best in this price range. Will buy again from this brand.,2025-08-06
4567,8461,1389,43,4,"Decent product for the price, would recommend with minor caution.",2025-07-13
4568,8462,534,103,5,Best in this price range. Will buy again from this brand.,2025-11-03
4569,8463,308,33,2,Delivery was late and product quality is average at best.,2024-10-02
4570,8464,789,123,3,"It's okay, nothing special but does the job.",2026-07-06
4571,8466,1884,37,3,"It's okay, nothing special but does the job.",2025-02-27
4572,8468,1484,121,3,"It's okay, nothing special but does the job.",2026-05-05
4573,8470,166,124,4,"Decent product for the price, would recommend with minor caution.",2026-06-04
4574,8472,1248,25,5,"Excellent product, exactly as described. Very happy with the purchase.",2025-09-14
4575,8473,1401,109,5,Best in this price range. Will buy again from this brand.,2025-07-05
4576,8475,286,6,2,"Product had minor defects, considering a return.",2026-03-09
4577,8476,1898,67,4,"Good product overall, minor issues but satisfied with the purchase.",2026-07-17
4578,8478,298,78,3,"Average product, expected a bit more for this price.",2025-07-19
4579,8479,1755,80,3,"It's okay, nothing special but does the job.",2026-04-11
4580,8481,1230,57,5,Amazing value for money. Packaging was also very good.,2025-10-25
4581,8482,370,30,3,"Quality is average, packaging could have been better.",2026-01-19
4582,8483,1659,50,2,Delivery was late and product quality is average at best.,2025-12-07
4583,8484,1649,2,5,Amazing value for money. Packaging was also very good.,2025-08-17
4584,8485,975,85,3,"Average product, expected a bit more for this price.",2025-12-09
4585,8486,1731,16,5,Best in this price range. Will buy again from this brand.,2025-12-18
4586,8489,749,90,4,"Works well, matches the description. Happy with it.",2025-10-20
4587,8490,1127,90,2,Delivery was late and product quality is average at best.,2025-11-16
4588,8491,563,100,4,"Works well, matches the description. Happy with it.",2024-07-23
4589,8492,1968,32,5,Amazing value for money. Packaging was also very good.,2026-08-17
4590,8494,1793,68,4,"Good product overall, minor issues but satisfied with the purchase.",2025-02-08
4591,8495,1853,89,5,Superb quality and fast delivery. Highly recommend to everyone.,2026-04-20
4592,8496,108,126,2,"Not worth the price, expected better quality.",2026-03-31
4593,8497,1107,49,5,Best in this price range. Will buy again from this brand.,2025-05-15
4594,8499,235,72,4,"Good product overall, minor issues but satisfied with the purchase.",2026-01-24
4595,8500,158,15,3,Product is fine but delivery took longer than expected.,2025-08-20
4596,8501,1655,1,2,"Not satisfied, quality is below expectations.",2026-06-06
4597,8503,318,92,3,Product is fine but delivery took longer than expected.,2026-04-18
4598,8504,1165,48,4,"Nice quality, delivery was a bit delayed but product is good.",2026-02-07
4599,8505,1617,41,4,"Good product overall, minor issues but satisfied with the purchase.",2026-03-31
4600,8507,897,59,2,"Product had minor defects, considering a return.",2026-03-05
4601,8508,147,24,4,"Works well, matches the description. Happy with it.",2025-05-15
4602,8509,1019,75,5,"Excellent product, exactly as described. Very happy with the purchase.",2024-08-27
4603,8510,200,4,4,"Good product overall, minor issues but satisfied with the purchase.",2024-03-21
4604,8515,1064,46,4,"Works well, matches the description. Happy with it.",2025-07-21
4605,8516,1873,11,2,"Product had minor defects, considering a return.",2026-05-29
4606,8517,1374,6,5,"Excellent product, exactly as described. Very happy with the purchase.",2025-05-22
4607,8518,992,118,5,Amazing value for money. Packaging was also very good.,2026-02-25
4608,8521,1943,118,2,"Product had minor defects, considering a return.",2025-06-16
4609,8522,1320,32,2,Delivery was late and product quality is average at best.,2025-11-20
4610,8524,1140,93,4,"Works well, matches the description. Happy with it.",2025-11-26
4611,8525,1076,27,1,"Worst experience, will not order this brand again.",2026-01-08
4612,8527,1610,111,5,Best in this price range. Will buy again from this brand.,2026-02-06
4613,8533,984,108,3,"Average product, expected a bit more for this price.",2026-02-28
4614,8534,1147,89,5,"Excellent product, exactly as described. Very happy with the purchase.",2025-12-12
4615,8536,699,97,2,Delivery was late and product quality is average at best.,2024-08-14
4616,8537,1536,109,1,"Very disappointed, product stopped working within days.",2024-06-11
4617,8538,235,76,5,Amazing value for money. Packaging was also very good.,2026-02-06
4618,8544,391,105,4,"Good product overall, minor issues but satisfied with the purchase.",2024-12-21
4619,8545,274,107,1,"Received a damaged item, requesting refund immediately.",2025-05-14
4620,8548,1754,70,2,"Not satisfied, quality is below expectations.",2024-08-22
4621,8549,1484,107,2,"Not satisfied, quality is below expectations.",2026-04-29
4622,8550,1618,67,4,"Good product overall, minor issues but satisfied with the purchase.",2026-03-27
4623,8551,886,103,1,"Worst experience, will not order this brand again.",2026-05-13
4624,8552,1728,107,5,Best in this price range. Will buy again from this brand.,2025-03-10
4625,8553,615,56,4,"Good product overall, minor issues but satisfied with the purchase.",2024-09-30
4626,8557,700,43,5,"Excellent product, exactly as described. Very happy with the purchase.",2025-07-06
4627,8558,836,110,2,"Product had minor defects, considering a return.",2026-07-02
4628,8559,1931,111,1,"Received a damaged item, requesting refund immediately.",2026-03-07
4629,8561,1049,76,3,"Quality is average, packaging could have been better.",2026-03-19
4630,8564,1683,109,4,"Nice quality, delivery was a bit delayed but product is good.",2026-05-27
4631,8565,1955,48,2,"Not satisfied, quality is below expectations.",2026-03-02
4632,8566,1614,35,1,"Poor quality, does not match the images shown online.",2025-04-10
4633,8568,42,22,2,"Product had minor defects, considering a return.",2024-10-01
4634,8569,180,108,4,"Good product overall, minor issues but satisfied with the purchase.",2025-08-15
4635,8570,499,56,4,"Nice quality, delivery was a bit delayed but product is good.",2026-07-04
4636,8572,545,99,3,"Quality is average, packaging could have been better.",2024-12-01
4637,8575,203,39,4,"Works well, matches the description. Happy with it.",2026-06-16
4638,8577,1654,23,3,"Quality is average, packaging could have been better.",2025-11-14
4639,8579,210,75,4,"Good product overall, minor issues but satisfied with the purchase.",2025-09-03
4640,8583,1517,40,5,Amazing value for money. Packaging was also very good.,2024-10-18
4641,8587,198,95,3,"It's okay, nothing special but does the job.",2025-09-09
4642,8589,1154,70,3,"Quality is average, packaging could have been better.",2025-05-01
4643,8590,1436,120,4,"Good product overall, minor issues but satisfied with the purchase.",2026-04-15
4644,8592,1546,46,4,"Good product overall, minor issues but satisfied with the purchase.",2026-02-25
4645,8594,350,38,2,"Not worth the price, expected better quality.",2024-02-03
4646,8596,609,22,4,"Nice quality, delivery was a bit delayed but product is good.",2026-06-03
4647,8597,933,122,4,"Works well, matches the description. Happy with it.",2025-12-30
4648,8598,1967,11,3,"Quality is average, packaging could have been better.",2025-08-31
4649,8600,1053,93,4,"Decent product for the price, would recommend with minor caution.",2026-04-26
4650,8605,1744,31,5,Best in this price range. Will buy again from this brand.,2025-01-30
4651,8607,509,85,3,Product is fine but delivery took longer than expected.,2026-02-06
4652,8608,669,5,1,"Received a damaged item, requesting refund immediately.",2026-06-12
4653,8609,1174,86,3,"Average product, expected a bit more for this price.",2025-11-12
4654,8611,1886,129,4,"Good product overall, minor issues but satisfied with the purchase.",2025-02-17
4655,8612,1762,81,5,Amazing value for money. Packaging was also very good.,2026-08-08
4656,8613,567,8,5,Best in this price range. Will buy again from this brand.,2025-03-07
4657,8616,613,27,5,"Excellent product, exactly as described. Very happy with the purchase.",2025-07-25
4658,8617,1169,74,5,Best in this price range. Will buy again from this brand.,2025-08-22
4659,8620,662,49,5,Best in this price range. Will buy again from this brand.,2026-05-13
4660,8621,690,50,5,Amazing value for money. Packaging was also very good.,2025-11-11
4661,8623,96,31,4,"Nice quality, delivery was a bit delayed but product is good.",2025-09-23
4662,8624,1002,7,5,Amazing value for money. Packaging was also very good.,2025-07-16
4663,8625,1603,25,3,"Quality is average, packaging could have been better.",2026-05-30
4664,8628,888,55,5,Superb quality and fast delivery. Highly recommend to everyone.,2025-09-02
4665,8632,509,55,4,"Good product overall, minor issues but satisfied with the purchase.",2025-10-10
4666,8633,1060,87,2,Delivery was late and product quality is average at best.,2023-12-29
4667,8634,577,40,4,"Decent product for the price, would recommend with minor caution.",2025-09-22
4668,8637,727,94,4,"Good product overall, minor issues but satisfied with the purchase.",2025-07-27
4669,8639,188,99,2,"Not satisfied, quality is below expectations.",2025-03-08
4670,8640,844,1,5,"Excellent product, exactly as described. Very happy with the purchase.",2025-08-11
4671,8641,178,14,1,"Poor quality, does not match the images shown online.",2025-07-28
4672,8642,1830,27,4,"Decent product for the price, would recommend with minor caution.",2025-02-15
4673,8644,1007,55,1,"Very disappointed, product stopped working within days.",2025-04-05
4674,8645,144,60,2,"Product had minor defects, considering a return.",2025-08-21
4675,8649,1646,97,2,Delivery was late and product quality is average at best.,2025-01-23
4676,8650,1803,95,4,"Works well, matches the description. Happy with it.",2025-08-12
4677,8654,1762,23,4,"Works well, matches the description. Happy with it.",2026-08-17
4678,8655,1292,129,3,"Quality is average, packaging could have been better.",2025-09-02
4679,8660,562,93,5,"Excellent product, exactly as described. Very happy with the purchase.",2026-03-17
4680,8663,1744,32,4,"Nice quality, delivery was a bit delayed but product is good.",2025-04-14
4681,8667,355,96,5,Superb quality and fast delivery. Highly recommend to everyone.,2025-12-09
4682,8669,40,121,3,"Average product, expected a bit more for this price.",2024-12-02
4683,8670,1707,55,3,"Quality is average, packaging could have been better.",2026-03-04
4684,8677,724,24,3,"It's okay, nothing special but does the job.",2026-05-13
4685,8678,514,56,5,Superb quality and fast delivery. Highly recommend to everyone.,2025-12-27
4686,8682,1121,86,2,"Not worth the price, expected better quality.",2025-12-07
4687,8683,1488,4,5,"Excellent product, exactly as described. Very happy with the purchase.",2024-12-25
4688,8684,39,120,4,"Good product overall, minor issues but satisfied with the purchase.",2026-08-17
4689,8685,1257,119,4,"Works well, matches the description. Happy with it.",2025-10-16
4690,8686,1513,58,5,"Excellent product, exactly as described. Very happy with the purchase.",2026-07-21
4691,8689,657,13,5,"Excellent product, exactly as described. Very happy with the purchase.",2025-06-23
4692,8690,1009,85,5,Amazing value for money. Packaging was also very good.,2026-03-07
4693,8691,413,95,2,Delivery was late and product quality is average at best.,2026-06-15
4694,8694,1142,24,5,Best in this price range. Will buy again from this brand.,2025-08-10
4695,8695,1004,126,2,"Not worth the price, expected better quality.",2026-06-29
4696,8696,1587,65,3,"Average product, expected a bit more for this price.",2025-03-22
4697,8699,589,99,5,Amazing value for money. Packaging was also very good.,2026-06-07
4698,8700,784,119,2,"Not satisfied, quality is below expectations.",2025-12-27
4699,8702,599,38,5,Superb quality and fast delivery. Highly recommend to everyone.,2025-04-12
4700,8705,1689,102,4,"Nice quality, delivery was a bit delayed but product is good.",2024-10-08
4701,8708,1158,52,3,"Average product, expected a bit more for this price.",2026-01-26
4702,8712,1692,16,5,Amazing value for money. Packaging was also very good.,2025-12-14
4703,8714,1891,72,4,"Decent product for the price, would recommend with minor caution.",2026-04-08
4704,8717,60,115,3,"It's okay, nothing special but does the job.",2025-11-03
4705,8718,1920,44,4,"Decent product for the price, would recommend with minor caution.",2025-11-20
4706,8719,1772,113,3,"Quality is average, packaging could have been better.",2026-05-19
4707,8721,179,33,4,"Nice quality, delivery was a bit delayed but product is good.",2024-04-01
4708,8723,73,88,4,"Decent product for the price, would recommend with minor caution.",2026-07-10
4709,8724,1018,56,2,Delivery was late and product quality is average at best.,2025-01-04
4710,8726,215,56,5,"Excellent product, exactly as described. Very happy with the purchase.",2026-04-09
4711,8728,1227,102,4,"Works well, matches the description. Happy with it.",2026-04-18
4712,8731,339,3,4,"Nice quality, delivery was a bit delayed but product is good.",2026-03-01
4713,8734,1626,39,5,Best in this price range. Will buy again from this brand.,2024-06-23
4714,8736,235,27,3,"Average product, expected a bit more for this price.",2026-03-18
4715,8737,366,6,5,Amazing value for money. Packaging was also very good.,2026-01-23
4716,8739,961,5,4,"Decent product for the price, would recommend with minor caution.",2024-11-09
4717,8741,1530,77,4,"Decent product for the price, would recommend with minor caution.",2026-04-15
4718,8746,292,73,3,"Average product, expected a bit more for this price.",2025-10-22
4719,8748,1747,66,2,"Not worth the price, expected better quality.",2025-11-11
4720,8749,950,20,2,"Product had minor defects, considering a return.",2025-11-21
4721,8750,1683,34,4,"Nice quality, delivery was a bit delayed but product is good.",2025-03-08
4722,8751,1061,75,3,Product is fine but delivery took longer than expected.,2026-02-26
4723,8756,1305,94,4,"Nice quality, delivery was a bit delayed but product is good.",2025-02-13
4724,8758,92,91,2,Delivery was late and product quality is average at best.,2026-03-16
4725,8759,1255,70,4,"Nice quality, delivery was a bit delayed but product is good.",2026-03-30
4726,8760,730,97,4,"Nice quality, delivery was a bit delayed but product is good.",2025-06-05
4727,8761,904,24,3,"Quality is average, packaging could have been better.",2026-02-23
4728,8763,291,109,4,"Nice quality, delivery was a bit delayed but product is good.",2024-10-09
4729,8764,1438,73,5,Amazing value for money. Packaging was also very good.,2024-08-31
4730,8765,246,25,2,Delivery was late and product quality is average at best.,2025-03-18
4731,8766,646,11,1,"Poor quality, does not match the images shown online.",2026-05-26
4732,8770,1568,5,3,"It's okay, nothing special but does the job.",2025-01-25
4733,8772,230,71,4,"Good product overall, minor issues but satisfied with the purchase.",2025-08-05
4734,8773,611,39,4,"Works well, matches the description. Happy with it.",2025-03-30
4735,8775,1623,25,5,Superb quality and fast delivery. Highly recommend to everyone.,2026-01-24
4736,8777,1245,29,1,"Poor quality, does not match the images shown online.",2025-12-15
4737,8778,444,31,4,"Decent product for the price, would recommend with minor caution.",2026-01-17
4738,8783,603,128,4,"Works well, matches the description. Happy with it.",2026-07-18
4739,8785,1813,11,5,Superb quality and fast delivery. Highly recommend to everyone.,2025-01-13
4740,8786,1227,58,4,"Good product overall, minor issues but satisfied with the purchase.",2026-04-17
4741,8787,416,20,3,"Quality is average, packaging could have been better.",2026-02-25
4742,8790,566,67,3,Product is fine but delivery took longer than expected.,2026-06-10
4743,8791,1940,29,5,Superb quality and fast delivery. Highly recommend to everyone.,2025-09-11
4744,8792,1133,73,3,Product is fine but delivery took longer than expected.,2025-05-29
4745,8793,410,16,3,"Quality is average, packaging could have been better.",2025-06-14
4746,8796,61,90,5,Superb quality and fast delivery. Highly recommend to everyone.,2026-05-27
4747,8799,698,125,5,Best in this price range. Will buy again from this brand.,2026-01-26
4748,8801,1399,81,3,"Average product, expected a bit more for this price.",2025-11-30
4749,8803,829,102,5,Amazing value for money. Packaging was also very good.,2026-01-21
4750,8805,735,49,4,"Works well, matches the description. Happy with it.",2025-10-22
4751,8808,1280,98,3,"Quality is average, packaging could have been better.",2026-01-29
4752,8809,952,119,3,"Average product, expected a bit more for this price.",2026-03-16
4753,8811,1207,69,5,Superb quality and fast delivery. Highly recommend to everyone.,2026-02-21
4754,8812,1824,12,2,Delivery was late and product quality is average at best.,2025-03-26
4755,8815,472,36,4,"Good product overall, minor issues but satisfied with the purchase.",2025-11-09
4756,8819,1223,30,4,"Nice quality, delivery was a bit delayed but product is good.",2026-04-03
4757,8820,604,73,5,Superb quality and fast delivery. Highly recommend to everyone.,2025-04-04
4758,8821,1015,89,4,"Good product overall, minor issues but satisfied with the purchase.",2025-05-01
4759,8823,1392,25,3,Product is fine but delivery took longer than expected.,2025-08-07
4760,8824,636,30,4,"Decent product for the price, would recommend with minor caution.",2024-03-25
4761,8826,1330,35,5,Best in this price range. Will buy again from this brand.,2025-08-07
4762,8828,60,24,3,Product is fine but delivery took longer than expected.,2025-10-26
4763,8831,1537,59,2,"Not satisfied, quality is below expectations.",2026-01-10
4764,8833,1769,32,5,Superb quality and fast delivery. Highly recommend to everyone.,2025-07-12
4765,8836,1899,114,4,"Good product overall, minor issues but satisfied with the purchase.",2025-10-30
4766,8838,542,93,4,"Nice quality, delivery was a bit delayed but product is good.",2024-02-23
4767,8839,1568,17,1,"Received a damaged item, requesting refund immediately.",2025-04-29
4768,8843,584,10,5,Best in this price range. Will buy again from this brand.,2026-07-23
4769,8845,381,103,4,"Works well, matches the description. Happy with it.",2025-10-23
4770,8846,1772,8,1,"Worst experience, will not order this brand again.",2026-06-07
4771,8848,725,92,3,Product is fine but delivery took longer than expected.,2026-06-07
4772,8854,1395,129,3,"Quality is average, packaging could have been better.",2025-07-08
4773,8855,1981,105,4,"Decent product for the price, would recommend with minor caution.",2026-01-26
4774,8857,119,76,1,"Poor quality, does not match the images shown online.",2024-12-01
4775,8858,1930,116,1,"Received a damaged item, requesting refund immediately.",2026-06-09
4776,8859,177,69,4,"Works well, matches the description. Happy with it.",2025-10-16
4777,8860,694,6,5,Best in this price range. Will buy again from this brand.,2026-08-17
4778,8863,199,85,1,"Very disappointed, product stopped working within days.",2025-03-26
4779,8864,1290,113,2,"Product had minor defects, considering a return.",2026-08-16
4780,8866,1996,59,3,Product is fine but delivery took longer than expected.,2025-11-19
4781,8867,889,83,5,Amazing value for money. Packaging was also very good.,2025-11-11
4782,8869,1669,109,4,"Good product overall, minor issues but satisfied with the purchase.",2025-09-14
4783,8870,154,56,3,"Quality is average, packaging could have been better.",2026-04-25
4784,8872,704,16,4,"Works well, matches the description. Happy with it.",2026-01-08
4785,8874,1527,72,4,"Works well, matches the description. Happy with it.",2025-02-07
4786,8875,1869,50,5,Best in this price range. Will buy again from this brand.,2025-08-25
4787,8877,318,21,4,"Nice quality, delivery was a bit delayed but product is good.",2025-03-31
4788,8878,1800,27,5,"Excellent product, exactly as described. Very happy with the purchase.",2025-09-22
4789,8881,840,83,5,Best in this price range. Will buy again from this brand.,2026-02-05
4790,8882,1858,69,5,Best in this price range. Will buy again from this brand.,2026-07-21
4791,8883,561,56,4,"Works well, matches the description. Happy with it.",2026-08-16
4792,8884,1364,85,4,"Decent product for the price, would recommend with minor caution.",2025-10-05
4793,8885,1218,66,3,"It's okay, nothing special but does the job.",2026-07-27
4794,8887,674,129,5,Best in this price range. Will buy again from this brand.,2025-07-06
4795,8890,65,39,5,Best in this price range. Will buy again from this brand.,2026-06-22
4796,8891,157,114,2,"Product had minor defects, considering a return.",2025-08-15
4797,8892,1046,25,1,"Poor quality, does not match the images shown online.",2026-06-26
4798,8894,568,65,2,"Not satisfied, quality is below expectations.",2025-12-21
4799,8896,1865,85,5,"Excellent product, exactly as described. Very happy with the purchase.",2025-12-22
4800,8897,559,34,3,"Quality is average, packaging could have been better.",2025-04-25
4801,8901,632,114,4,"Decent product for the price, would recommend with minor caution.",2025-04-29
4802,8902,1930,49,5,Best in this price range. Will buy again from this brand.,2026-07-02
4803,8903,728,19,2,"Product had minor defects, considering a return.",2025-03-01
4804,8904,294,19,4,"Nice quality, delivery was a bit delayed but product is good.",2026-04-28
4805,8906,1676,50,5,Best in this price range. Will buy again from this brand.,2026-03-06
4806,8907,1870,54,3,"Quality is average, packaging could have been better.",2025-10-02
4807,8908,711,76,4,"Decent product for the price, would recommend with minor caution.",2025-11-28
4808,8909,543,111,3,"Quality is average, packaging could have been better.",2026-05-01
4809,8910,939,21,5,Best in this price range. Will buy again from this brand.,2026-02-07
4810,8913,1401,12,4,"Decent product for the price, would recommend with minor caution.",2025-07-22
4811,8916,16,121,1,"Worst experience, will not order this brand again.",2024-10-22
4812,8917,261,8,5,Amazing value for money. Packaging was also very good.,2024-12-02
4813,8918,826,112,1,"Very disappointed, product stopped working within days.",2026-03-22
4814,8919,1070,47,5,Amazing value for money. Packaging was also very good.,2025-11-14
4815,8922,826,85,4,"Works well, matches the description. Happy with it.",2026-08-09
4816,8926,853,90,5,Superb quality and fast delivery. Highly recommend to everyone.,2025-01-17
4817,8927,529,80,1,"Poor quality, does not match the images shown online.",2026-01-16
4818,8929,1539,74,5,"Excellent product, exactly as described. Very happy with the purchase.",2025-05-20
4819,8933,858,2,4,"Good product overall, minor issues but satisfied with the purchase.",2025-10-22
4820,8936,1970,114,4,"Decent product for the price, would recommend with minor caution.",2026-01-22
4821,8937,1226,101,3,Product is fine but delivery took longer than expected.,2025-06-12
4822,8938,1823,112,4,"Works well, matches the description. Happy with it.",2026-03-28
4823,8939,74,83,5,Best in this price range. Will buy again from this brand.,2025-10-11
4824,8944,288,18,3,"Average product, expected a bit more for this price.",2026-04-09
4825,8945,646,119,4,"Nice quality, delivery was a bit delayed but product is good.",2026-05-13
4826,8947,38,78,2,"Not worth the price, expected better quality.",2026-03-10
4827,8950,1917,98,5,Superb quality and fast delivery. Highly recommend to everyone.,2025-09-18
4828,8952,1440,18,4,"Decent product for the price, would recommend with minor caution.",2024-10-13
4829,8954,1585,92,3,"It's okay, nothing special but does the job.",2024-07-29
4830,8955,983,15,3,Product is fine but delivery took longer than expected.,2025-09-16
4831,8956,1461,20,4,"Decent product for the price, would recommend with minor caution.",2024-12-01
4832,8959,328,62,3,"Quality is average, packaging could have been better.",2025-07-02
4833,8963,1909,76,5,Best in this price range. Will buy again from this brand.,2025-11-13
4834,8965,559,50,4,"Good product overall, minor issues but satisfied with the purchase.",2026-01-23
4835,8966,164,6,2,"Product had minor defects, considering a return.",2026-02-06
4836,8968,664,66,2,"Not satisfied, quality is below expectations.",2025-02-24
4837,8969,1776,24,3,Product is fine but delivery took longer than expected.,2026-08-05
4838,8970,303,81,3,"Quality is average, packaging could have been better.",2025-04-24
4839,8972,1288,28,4,"Good product overall, minor issues but satisfied with the purchase.",2026-04-23
4840,8973,1009,53,5,Amazing value for money. Packaging was also very good.,2024-09-04
4841,8976,157,8,5,"Excellent product, exactly as described. Very happy with the purchase.",2024-10-04
4842,8982,1654,108,1,"Worst experience, will not order this brand again.",2026-07-29
4843,8987,1939,48,1,"Received a damaged item, requesting refund immediately.",2026-02-08
4844,8991,1545,101,5,Superb quality and fast delivery. Highly recommend to everyone.,2024-07-31
4845,8993,1104,88,4,"Works well, matches the description. Happy with it.",2026-03-20
4846,8994,1161,49,4,"Good product overall, minor issues but satisfied with the purchase.",2026-02-27
4847,8998,1075,90,3,"Average product, expected a bit more for this price.",2025-12-16
4848,9000,1312,107,4,"Nice quality, delivery was a bit delayed but product is good.",2025-04-09
4849,9002,891,70,5,Superb quality and fast delivery. Highly recommend to everyone.,2024-01-10
4850,9004,583,81,4,"Works well, matches the description. Happy with it.",2025-03-24
4851,9006,1867,122,4,"Nice quality, delivery was a bit delayed but product is good.",2026-06-18
4852,9007,97,9,3,Product is fine but delivery took longer than expected.,2026-05-08
4853,9008,1946,50,2,"Not satisfied, quality is below expectations.",2025-01-14
4854,9009,935,87,5,"Excellent product, exactly as described. Very happy with the purchase.",2024-04-21
4855,9010,1377,53,5,Amazing value for money. Packaging was also very good.,2026-02-27
4856,9011,1770,59,3,"Average product, expected a bit more for this price.",2026-04-11
4857,9013,1027,61,3,"Quality is average, packaging could have been better.",2026-08-17
4858,9017,858,96,4,"Decent product for the price, would recommend with minor caution.",2025-09-15
4859,9018,180,101,1,"Very disappointed, product stopped working within days.",2025-07-28
4860,9019,465,12,4,"Decent product for the price, would recommend with minor caution.",2026-01-10
4861,9023,1077,36,5,"Excellent product, exactly as described. Very happy with the purchase.",2026-08-17
4862,9025,1635,103,4,"Good product overall, minor issues but satisfied with the purchase.",2025-12-17
4863,9026,574,60,4,"Nice quality, delivery was a bit delayed but product is good.",2025-07-26
4864,9027,638,115,1,"Received a damaged item, requesting refund immediately.",2026-03-17
4865,9031,328,113,2,"Not worth the price, expected better quality.",2026-03-04
4866,9037,1603,125,3,"Quality is average, packaging could have been better.",2025-12-10
4867,9039,1351,114,2,"Product had minor defects, considering a return.",2026-06-29
4868,9042,1162,47,2,"Product had minor defects, considering a return.",2025-08-06
4869,9043,1181,61,5,Amazing value for money. Packaging was also very good.,2025-08-15
4870,9048,1320,85,5,Superb quality and fast delivery. Highly recommend to everyone.,2026-04-29
4871,9050,24,96,5,Best in this price range. Will buy again from this brand.,2026-01-14
4872,9051,16,39,5,"Excellent product, exactly as described. Very happy with the purchase.",2024-10-18
4873,9055,1775,9,2,"Product had minor defects, considering a return.",2025-03-03
4874,9056,1577,126,2,Delivery was late and product quality is average at best.,2025-06-19
4875,9060,1336,22,1,"Received a damaged item, requesting refund immediately.",2025-09-02
4876,9061,951,5,5,Superb quality and fast delivery. Highly recommend to everyone.,2025-09-11
4877,9062,1408,60,5,Best in this price range. Will buy again from this brand.,2025-11-02
4878,9063,81,49,5,Superb quality and fast delivery. Highly recommend to everyone.,2026-02-12
4879,9064,78,35,4,"Works well, matches the description. Happy with it.",2025-12-17
4880,9066,1,125,3,"It's okay, nothing special but does the job.",2025-10-02
4881,9069,1459,96,4,"Decent product for the price, would recommend with minor caution.",2026-04-01
4882,9070,399,41,4,"Decent product for the price, would recommend with minor caution.",2026-04-08
4883,9073,75,69,4,"Good product overall, minor issues but satisfied with the purchase.",2025-08-29
4884,9074,1737,22,3,"Average product, expected a bit more for this price.",2026-08-06
4885,9076,1357,23,1,"Poor quality, does not match the images shown online.",2026-02-16
4886,9077,1303,78,1,"Received a damaged item, requesting refund immediately.",2025-05-20
4887,9078,960,23,4,"Decent product for the price, would recommend with minor caution.",2026-05-24
4888,9080,1499,115,1,"Very disappointed, product stopped working within days.",2024-09-14
4889,9084,1014,95,5,Best in this price range. Will buy again from this brand.,2025-01-17
4890,9085,419,34,2,Delivery was late and product quality is average at best.,2025-11-01
4891,9086,106,81,2,"Product had minor defects, considering a return.",2026-01-12
4892,9087,1268,109,2,Delivery was late and product quality is average at best.,2026-01-09
4893,9088,292,80,4,"Works well, matches the description. Happy with it.",2025-11-03
4894,9090,1531,117,3,Product is fine but delivery took longer than expected.,2024-10-07
4895,9092,1177,16,4,"Decent product for the price, would recommend with minor caution.",2024-10-27
4896,9093,1423,89,5,Best in this price range. Will buy again from this brand.,2024-09-12
4897,9094,1537,100,4,"Decent product for the price, would recommend with minor caution.",2025-06-13
4898,9095,1405,111,2,"Not worth the price, expected better quality.",2025-02-26
4899,9096,1108,30,3,"It's okay, nothing special but does the job.",2025-02-02
4900,9097,681,48,2,"Product had minor defects, considering a return.",2026-03-03
4901,9098,971,88,4,"Good product overall, minor issues but satisfied with the purchase.",2026-06-27
4902,9099,945,124,4,"Nice quality, delivery was a bit delayed but product is good.",2025-12-03
4903,9100,1052,63,4,"Works well, matches the description. Happy with it.",2024-11-28
4904,9103,1863,13,3,"Average product, expected a bit more for this price.",2026-01-30
4905,9105,1101,112,4,"Decent product for the price, would recommend with minor caution.",2026-02-27
4906,9106,1196,66,5,Best in this price range. Will buy again from this brand.,2026-02-19
4907,9107,1932,76,4,"Nice quality, delivery was a bit delayed but product is good.",2025-04-05
4908,9108,617,36,3,Product is fine but delivery took longer than expected.,2026-03-24
4909,9109,656,23,4,"Works well, matches the description. Happy with it.",2025-04-24
4910,9110,201,73,1,"Very disappointed, product stopped working within days.",2026-02-28
4911,9111,1863,61,3,"Quality is average, packaging could have been better.",2024-08-29
4912,9112,1026,76,2,"Product had minor defects, considering a return.",2026-04-08
4913,9113,1824,106,4,"Nice quality, delivery was a bit delayed but product is good.",2025-10-19
4914,9115,1992,98,5,Amazing value for money. Packaging was also very good.,2025-06-21
4915,9122,714,76,2,"Not satisfied, quality is below expectations.",2025-06-01
4916,9125,299,50,2,"Not worth the price, expected better quality.",2025-12-19
4917,9126,305,122,3,"Quality is average, packaging could have been better.",2025-04-29
4918,9129,785,101,2,Delivery was late and product quality is average at best.,2026-02-18
4919,9131,1986,105,5,Superb quality and fast delivery. Highly recommend to everyone.,2026-03-04
4920,9136,1932,99,4,"Nice quality, delivery was a bit delayed but product is good.",2025-06-15
4921,9138,1598,110,4,"Works well, matches the description. Happy with it.",2026-06-18
4922,9140,639,127,4,"Decent product for the price, would recommend with minor caution.",2025-05-09
4923,9144,291,58,2,Delivery was late and product quality is average at best.,2024-06-29
4924,9146,1590,126,4,"Works well, matches the description. Happy with it.",2026-03-17
4925,9147,335,50,4,"Works well, matches the description. Happy with it.",2026-05-08
4926,9148,1931,111,5,Superb quality and fast delivery. Highly recommend to everyone.,2025-10-29
4927,9154,1881,19,4,"Good product overall, minor issues but satisfied with the purchase.",2025-11-21
4928,9156,1566,3,4,"Good product overall, minor issues but satisfied with the purchase.",2025-08-21
4929,9157,1710,85,4,"Nice quality, delivery was a bit delayed but product is good.",2025-11-29
4930,9158,790,104,1,"Poor quality, does not match the images shown online.",2026-01-05
4931,9159,1947,23,2,"Product had minor defects, considering a return.",2025-11-14
4932,9160,1112,113,5,Superb quality and fast delivery. Highly recommend to everyone.,2026-03-11
4933,9161,1419,8,4,"Works well, matches the description. Happy with it.",2025-11-26
4934,9163,201,1,2,"Not satisfied, quality is below expectations.",2024-12-04
4935,9165,27,6,4,"Works well, matches the description. Happy with it.",2025-08-01
4936,9166,1337,68,2,"Not satisfied, quality is below expectations.",2025-07-29
4937,9168,1564,118,3,"It's okay, nothing special but does the job.",2026-05-07
4938,9169,1553,59,2,"Not satisfied, quality is below expectations.",2025-08-10
4939,9170,539,87,5,Superb quality and fast delivery. Highly recommend to everyone.,2025-12-11
4940,9172,1336,83,5,Amazing value for money. Packaging was also very good.,2025-08-24
4941,9173,723,44,2,Delivery was late and product quality is average at best.,2026-05-15
4942,9175,843,113,3,Product is fine but delivery took longer than expected.,2024-11-20
4943,9176,1994,51,1,"Very disappointed, product stopped working within days.",2025-07-22
4944,9180,363,83,4,"Works well, matches the description. Happy with it.",2024-11-27
4945,9184,1570,115,2,"Not satisfied, quality is below expectations.",2025-09-03
4946,9187,1183,112,4,"Decent product for the price, would recommend with minor caution.",2026-04-20
4947,9189,1885,29,5,Superb quality and fast delivery. Highly recommend to everyone.,2025-05-06
4948,9190,1719,100,5,Superb quality and fast delivery. Highly recommend to everyone.,2026-05-24
4949,9191,1537,21,5,Amazing value for money. Packaging was also very good.,2025-12-18
4950,9192,369,59,4,"Good product overall, minor issues but satisfied with the purchase.",2024-11-15
4951,9194,405,54,4,"Nice quality, delivery was a bit delayed but product is good.",2025-04-06
4952,9195,820,88,4,"Works well, matches the description. Happy with it.",2025-01-03
4953,9196,598,85,4,"Nice quality, delivery was a bit delayed but product is good.",2026-04-13
4954,9197,1351,58,3,"Quality is average, packaging could have been better.",2025-07-03
4955,9198,640,97,5,Superb quality and fast delivery. Highly recommend to everyone.,2026-07-17
4956,9202,1629,111,2,Delivery was late and product quality is average at best.,2025-08-14
4957,9203,700,43,2,Delivery was late and product quality is average at best.,2025-02-02
4958,9205,753,123,5,"Excellent product, exactly as described. Very happy with the purchase.",2025-12-22
4959,9207,1725,68,2,"Product had minor defects, considering a return.",2026-02-20
4960,9208,1797,109,1,"Worst experience, will not order this brand again.",2024-08-17
4961,9209,1466,57,2,"Not worth the price, expected better quality.",2026-07-13
4962,9211,868,8,4,"Works well, matches the description. Happy with it.",2026-02-12
4963,9216,84,114,1,"Worst experience, will not order this brand again.",2025-12-18
4964,9217,706,80,5,Best in this price range. Will buy again from this brand.,2025-11-03
4965,9218,760,68,4,"Decent product for the price, would recommend with minor caution.",2025-08-25
4966,9219,918,45,2,"Not worth the price, expected better quality.",2025-02-02
4967,9220,1587,89,5,Superb quality and fast delivery. Highly recommend to everyone.,2025-12-31
4968,9222,1732,83,3,Product is fine but delivery took longer than expected.,2024-06-19
4969,9223,1022,116,3,"It's okay, nothing special but does the job.",2026-04-26
4970,9224,1468,84,4,"Nice quality, delivery was a bit delayed but product is good.",2024-08-12
4971,9228,1718,57,5,"Excellent product, exactly as described. Very happy with the purchase.",2026-01-29
4972,9229,1386,71,4,"Decent product for the price, would recommend with minor caution.",2025-12-31
4973,9230,563,77,4,"Decent product for the price, would recommend with minor caution.",2025-07-31
4974,9231,1390,106,5,Superb quality and fast delivery. Highly recommend to everyone.,2025-08-23
4975,9232,859,15,1,"Worst experience, will not order this brand again.",2026-05-22
4976,9233,57,3,4,"Nice quality, delivery was a bit delayed but product is good.",2026-06-10
4977,9236,1471,35,4,"Works well, matches the description. Happy with it.",2026-03-18
4978,9238,550,114,2,"Not satisfied, quality is below expectations.",2025-11-29
4979,9239,239,51,3,"It's okay, nothing special but does the job.",2025-12-22
4980,9241,192,17,3,"It's okay, nothing special but does the job.",2026-03-15
4981,9242,575,69,4,"Works well, matches the description. Happy with it.",2026-02-02
4982,9243,1682,58,4,"Decent product for the price, would recommend with minor caution.",2024-04-03
4983,9244,1529,73,2,Delivery was late and product quality is average at best.,2025-10-06
4984,9247,1015,120,5,Superb quality and fast delivery. Highly recommend to everyone.,2025-05-19
4985,9251,810,14,4,"Good product overall, minor issues but satisfied with the purchase.",2025-11-24
4986,9254,262,110,4,"Nice quality, delivery was a bit delayed but product is good.",2026-01-12
4987,9256,26,81,2,"Not satisfied, quality is below expectations.",2026-02-16
4988,9258,764,33,5,"Excellent product, exactly as described. Very happy with the purchase.",2024-11-04
4989,9260,1482,10,3,Product is fine but delivery took longer than expected.,2026-07-17
4990,9261,1879,108,5,Best in this price range. Will buy again from this brand.,2025-06-10
4991,9263,1998,94,2,"Not satisfied, quality is below expectations.",2026-06-17
4992,9264,1040,34,3,"It's okay, nothing special but does the job.",2026-04-10
4993,9265,523,118,2,"Not satisfied, quality is below expectations.",2025-12-23
4994,9266,147,90,5,"Excellent product, exactly as described. Very happy with the purchase.",2026-03-07
4995,9267,219,121,2,"Product had minor defects, considering a return.",2025-12-17
4996,9268,999,23,3,Product is fine but delivery took longer than expected.,2026-02-21
4997,9269,1292,36,3,"Average product, expected a bit more for this price.",2026-04-23
4998,9271,824,46,3,"Quality is average, packaging could have been better.",2026-07-08
4999,9272,39,18,3,"It's okay, nothing special but does the job.",2026-08-17
5000,9273,1343,111,2,"Product had minor defects, considering a return.",2025-03-30
5001,9278,1838,24,2,"Not worth the price, expected better quality.",2025-02-16
5002,9279,759,41,2,"Not worth the price, expected better quality.",2026-07-08
5003,9281,476,27,5,Superb quality and fast delivery. Highly recommend to everyone.,2025-02-25
5004,9282,470,129,5,Best in this price range. Will buy again from this brand.,2024-02-21
5005,9283,167,52,5,Amazing value for money. Packaging was also very good.,2025-09-19
5006,9284,676,18,4,"Decent product for the price, would recommend with minor caution.",2024-11-09
5007,9285,1380,128,4,"Works well, matches the description. Happy with it.",2025-06-18
5008,9286,1882,37,1,"Poor quality, does not match the images shown online.",2025-09-04
5009,9287,1245,29,5,Best in this price range. Will buy again from this brand.,2025-08-23
5010,9288,1007,34,4,"Works well, matches the description. Happy with it.",2024-09-27
5011,9289,1268,118,5,Superb quality and fast delivery. Highly recommend to everyone.,2025-12-07
5012,9293,1485,31,5,Amazing value for money. Packaging was also very good.,2026-05-09
5013,9296,1950,88,4,"Decent product for the price, would recommend with minor caution.",2026-01-09
5014,9297,758,55,4,"Nice quality, delivery was a bit delayed but product is good.",2025-01-03
5015,9298,1863,89,4,"Works well, matches the description. Happy with it.",2025-12-12
5016,9299,1167,31,2,Delivery was late and product quality is average at best.,2026-05-24
5017,9300,645,75,5,Best in this price range. Will buy again from this brand.,2026-05-22
5018,9303,276,5,5,Best in this price range. Will buy again from this brand.,2025-10-19
5019,9306,1141,110,3,"It's okay, nothing special but does the job.",2026-02-27
5020,9307,259,18,4,"Nice quality, delivery was a bit delayed but product is good.",2025-02-07
5021,9308,1229,29,5,"Excellent product, exactly as described. Very happy with the purchase.",2025-11-16
5022,9310,672,86,4,"Works well, matches the description. Happy with it.",2026-02-12
5023,9315,1143,80,5,Best in this price range. Will buy again from this brand.,2025-10-26
5024,9319,84,27,5,"Excellent product, exactly as described. Very happy with the purchase.",2025-11-24
5025,9320,1608,126,4,"Good product overall, minor issues but satisfied with the purchase.",2024-09-11
5026,9321,1381,118,5,Amazing value for money. Packaging was also very good.,2026-08-16
5027,9322,107,88,5,Amazing value for money. Packaging was also very good.,2025-12-13
5028,9323,1125,25,1,"Received a damaged item, requesting refund immediately.",2025-06-03
5029,9324,1523,2,3,"Average product, expected a bit more for this price.",2026-02-25
5030,9325,330,105,5,Superb quality and fast delivery. Highly recommend to everyone.,2024-10-14
5031,9326,877,129,3,"Average product, expected a bit more for this price.",2025-10-08
5032,9327,626,8,2,"Not worth the price, expected better quality.",2025-12-31
5033,9328,1892,52,5,"Excellent product, exactly as described. Very happy with the purchase.",2025-06-05
5034,9332,378,51,5,"Excellent product, exactly as described. Very happy with the purchase.",2025-08-04
5035,9333,262,57,5,Amazing value for money. Packaging was also very good.,2026-01-11
5036,9335,34,16,1,"Poor quality, does not match the images shown online.",2025-07-22
5037,9338,559,13,5,Best in this price range. Will buy again from this brand.,2025-04-10
5038,9340,1034,96,4,"Good product overall, minor issues but satisfied with the purchase.",2026-02-13
5039,9346,1992,24,3,Product is fine but delivery took longer than expected.,2024-07-19
5040,9350,958,59,5,"Excellent product, exactly as described. Very happy with the purchase.",2025-04-02
5041,9352,1928,79,5,Best in this price range. Will buy again from this brand.,2026-01-17
5042,9354,864,97,5,"Excellent product, exactly as described. Very happy with the purchase.",2025-08-24
5043,9355,1292,95,3,"Quality is average, packaging could have been better.",2026-05-12
5044,9356,206,116,5,Amazing value for money. Packaging was also very good.,2026-03-08
5045,9357,1728,121,2,Delivery was late and product quality is average at best.,2025-07-07
5046,9358,1866,15,4,"Works well, matches the description. Happy with it.",2025-07-13
5047,9361,1276,120,5,Amazing value for money. Packaging was also very good.,2026-03-05
5048,9362,1768,99,5,Superb quality and fast delivery. Highly recommend to everyone.,2025-11-28
5049,9363,2,82,3,"Quality is average, packaging could have been better.",2025-07-18
5050,9364,125,26,5,Best in this price range. Will buy again from this brand.,2026-03-05
5051,9365,1210,106,5,Best in this price range. Will buy again from this brand.,2025-02-03
5052,9367,1464,60,2,"Not worth the price, expected better quality.",2026-03-07
5053,9369,1518,41,2,"Not satisfied, quality is below expectations.",2026-03-13
5054,9370,183,106,3,"Average product, expected a bit more for this price.",2025-04-18
5055,9372,1379,129,4,"Works well, matches the description. Happy with it.",2025-11-06
5056,9376,1242,107,5,Superb quality and fast delivery. Highly recommend to everyone.,2025-11-11
5057,9379,1518,117,5,Amazing value for money. Packaging was also very good.,2025-09-15
5058,9380,906,68,2,"Product had minor defects, considering a return.",2025-11-21
5059,9382,918,49,3,Product is fine but delivery took longer than expected.,2026-08-17
5060,9384,1557,42,4,"Nice quality, delivery was a bit delayed but product is good.",2024-04-23
5061,9385,876,67,3,Product is fine but delivery took longer than expected.,2026-02-18
5062,9387,1495,126,4,"Good product overall, minor issues but satisfied with the purchase.",2025-11-17
5063,9388,107,122,5,Amazing value for money. Packaging was also very good.,2024-12-25
5064,9390,1693,9,2,"Not satisfied, quality is below expectations.",2024-05-05
5065,9392,1351,109,3,Product is fine but delivery took longer than expected.,2026-04-30
5066,9393,1009,119,2,"Product had minor defects, considering a return.",2025-03-13
5067,9395,1740,109,4,"Good product overall, minor issues but satisfied with the purchase.",2026-02-22
5068,9403,114,89,4,"Nice quality, delivery was a bit delayed but product is good.",2026-04-17
5069,9405,120,51,4,"Good product overall, minor issues but satisfied with the purchase.",2026-02-15
5070,9409,1697,109,4,"Decent product for the price, would recommend with minor caution.",2026-04-01
5071,9411,594,1,2,"Product had minor defects, considering a return.",2025-01-04
5072,9412,1219,118,3,"Average product, expected a bit more for this price.",2025-10-20
5073,9414,1395,25,4,"Nice quality, delivery was a bit delayed but product is good.",2025-05-09
5074,9415,1890,67,5,Amazing value for money. Packaging was also very good.,2025-06-18
5075,9416,644,28,4,"Good product overall, minor issues but satisfied with the purchase.",2026-01-30
5076,9418,867,112,5,"Excellent product, exactly as described. Very happy with the purchase.",2026-03-18
5077,9419,67,22,3,"Average product, expected a bit more for this price.",2025-02-27
5078,9420,1195,50,4,"Decent product for the price, would recommend with minor caution.",2026-05-27
5079,9425,496,13,3,"Quality is average, packaging could have been better.",2026-07-01
5080,9428,1458,106,4,"Good product overall, minor issues but satisfied with the purchase.",2025-03-14
5081,9429,1246,127,5,Superb quality and fast delivery. Highly recommend to everyone.,2026-05-05
5082,9431,1860,94,3,Product is fine but delivery took longer than expected.,2025-03-26
5083,9432,519,117,2,"Not worth the price, expected better quality.",2025-07-26
5084,9433,1498,24,5,Best in this price range. Will buy again from this brand.,2024-10-26
5085,9435,386,55,4,"Nice quality, delivery was a bit delayed but product is good.",2025-10-06
5086,9436,1850,43,5,Amazing value for money. Packaging was also very good.,2023-12-15
5087,9437,660,70,5,Superb quality and fast delivery. Highly recommend to everyone.,2026-05-25
5088,9438,102,23,2,"Product had minor defects, considering a return.",2025-02-09
5089,9439,1622,70,1,"Worst experience, will not order this brand again.",2025-09-28
5090,9443,1465,47,4,"Works well, matches the description. Happy with it.",2025-03-20
5091,9445,1486,116,5,"Excellent product, exactly as described. Very happy with the purchase.",2025-02-05
5092,9446,866,68,5,Best in this price range. Will buy again from this brand.,2025-10-15
5093,9448,145,10,4,"Good product overall, minor issues but satisfied with the purchase.",2025-09-29
5094,9449,509,88,3,"Quality is average, packaging could have been better.",2025-03-07
5095,9452,1213,84,4,"Decent product for the price, would recommend with minor caution.",2025-12-05
5096,9453,1961,125,5,Superb quality and fast delivery. Highly recommend to everyone.,2025-07-25
5097,9454,491,127,4,"Decent product for the price, would recommend with minor caution.",2026-05-22
5098,9458,1489,55,5,Amazing value for money. Packaging was also very good.,2025-11-11
5099,9459,85,55,5,"Excellent product, exactly as described. Very happy with the purchase.",2026-06-10
5100,9460,572,38,2,"Not satisfied, quality is below expectations.",2025-02-03
5101,9461,323,74,3,"Quality is average, packaging could have been better.",2026-04-17
5102,9464,769,91,4,"Good product overall, minor issues but satisfied with the purchase.",2025-02-16
5103,9467,294,37,5,Superb quality and fast delivery. Highly recommend to everyone.,2026-04-26
5104,9469,1051,39,4,"Works well, matches the description. Happy with it.",2026-07-23
5105,9470,1574,10,3,"Quality is average, packaging could have been better.",2026-03-21
5106,9472,1924,70,4,"Decent product for the price, would recommend with minor caution.",2025-04-11
5107,9473,1502,119,5,Amazing value for money. Packaging was also very good.,2026-06-09
5108,9475,416,91,3,Product is fine but delivery took longer than expected.,2025-08-10
5109,9476,1740,57,4,"Decent product for the price, would recommend with minor caution.",2026-03-13
5110,9477,1217,20,4,"Good product overall, minor issues but satisfied with the purchase.",2026-02-04
5111,9478,442,108,1,"Received a damaged item, requesting refund immediately.",2024-08-08
5112,9479,1261,91,5,Best in this price range. Will buy again from this brand.,2025-05-13
5113,9480,1682,24,4,"Good product overall, minor issues but satisfied with the purchase.",2026-03-22
5114,9482,1339,87,2,"Not worth the price, expected better quality.",2026-02-13
5115,9483,625,15,5,"Excellent product, exactly as described. Very happy with the purchase.",2025-11-14
5116,9484,160,113,5,"Excellent product, exactly as described. Very happy with the purchase.",2026-04-20
5117,9487,81,102,2,"Not worth the price, expected better quality.",2026-06-15
5118,9488,1140,106,4,"Nice quality, delivery was a bit delayed but product is good.",2025-12-26
5119,9491,1180,85,5,Superb quality and fast delivery. Highly recommend to everyone.,2024-11-21
5120,9492,37,79,1,"Received a damaged item, requesting refund immediately.",2025-01-19
5121,9493,656,63,3,"It's okay, nothing special but does the job.",2024-01-02
5122,9494,1266,75,4,"Decent product for the price, would recommend with minor caution.",2026-01-04
5123,9495,1408,15,4,"Good product overall, minor issues but satisfied with the purchase.",2025-12-05
5124,9496,1922,102,4,"Works well, matches the description. Happy with it.",2026-03-24
5125,9497,486,101,3,"Quality is average, packaging could have been better.",2025-10-19
5126,9498,201,97,3,"It's okay, nothing special but does the job.",2025-12-04
5127,9499,152,99,4,"Good product overall, minor issues but satisfied with the purchase.",2025-04-12
5128,9500,517,86,5,"Excellent product, exactly as described. Very happy with the purchase.",2026-06-09
5129,9501,1592,121,5,Best in this price range. Will buy again from this brand.,2025-05-15
5130,9502,1080,117,4,"Nice quality, delivery was a bit delayed but product is good.",2024-11-01
5131,9504,166,69,1,"Worst experience, will not order this brand again.",2024-11-19
5132,9506,454,42,1,"Very disappointed, product stopped working within days.",2024-07-20
5133,9507,1508,38,4,"Good product overall, minor issues but satisfied with the purchase.",2025-07-21
5134,9510,194,93,5,Amazing value for money. Packaging was also very good.,2024-03-16
5135,9512,54,40,5,Amazing value for money. Packaging was also very good.,2026-06-20
5136,9514,211,13,2,"Not satisfied, quality is below expectations.",2026-06-27
5137,9515,1223,72,4,"Nice quality, delivery was a bit delayed but product is good.",2026-04-06
5138,9519,81,80,3,Product is fine but delivery took longer than expected.,2026-01-30
5139,9520,171,74,2,"Not worth the price, expected better quality.",2025-08-14
5140,9523,953,81,4,"Good product overall, minor issues but satisfied with the purchase.",2025-02-06
5141,9527,1388,87,4,"Nice quality, delivery was a bit delayed but product is good.",2026-07-20
5142,9528,1769,59,4,"Nice quality, delivery was a bit delayed but product is good.",2024-11-27
5143,9532,1307,125,5,Amazing value for money. Packaging was also very good.,2025-01-21
5144,9533,1109,52,5,Superb quality and fast delivery. Highly recommend to everyone.,2025-12-23
5145,9535,1951,101,3,"Average product, expected a bit more for this price.",2024-09-22
5146,9536,1522,27,3,"Quality is average, packaging could have been better.",2026-06-16
5147,9539,619,41,2,Delivery was late and product quality is average at best.,2026-02-11
5148,9542,1116,75,4,"Nice quality, delivery was a bit delayed but product is good.",2024-10-29
5149,9543,604,44,4,"Good product overall, minor issues but satisfied with the purchase.",2026-03-02
5150,9548,1691,97,3,"Average product, expected a bit more for this price.",2025-08-04
5151,9549,1818,13,5,Amazing value for money. Packaging was also very good.,2025-03-07
5152,9550,550,125,5,Superb quality and fast delivery. Highly recommend to everyone.,2025-05-19
5153,9551,1305,23,5,Superb quality and fast delivery. Highly recommend to everyone.,2024-07-11
5154,9553,1708,32,4,"Decent product for the price, would recommend with minor caution.",2024-10-07
5155,9554,1221,73,4,"Decent product for the price, would recommend with minor caution.",2025-09-10
5156,9555,922,98,2,"Product had minor defects, considering a return.",2026-04-16
5157,9557,661,22,1,"Worst experience, will not order this brand again.",2025-04-22
5158,9559,133,31,2,Delivery was late and product quality is average at best.,2026-02-03
5159,9560,1930,127,4,"Good product overall, minor issues but satisfied with the purchase.",2026-06-22
5160,9561,1085,89,3,"It's okay, nothing special but does the job.",2025-04-08
5161,9564,1986,55,1,"Very disappointed, product stopped working within days.",2026-05-17
5162,9565,424,106,5,Superb quality and fast delivery. Highly recommend to everyone.,2025-08-07
5163,9566,1021,64,3,Product is fine but delivery took longer than expected.,2024-02-28
5164,9570,386,69,5,Superb quality and fast delivery. Highly recommend to everyone.,2026-06-26
5165,9571,797,12,5,Superb quality and fast delivery. Highly recommend to everyone.,2025-03-02
5166,9572,1150,107,4,"Decent product for the price, would recommend with minor caution.",2026-04-04
5167,9578,1094,57,3,Product is fine but delivery took longer than expected.,2025-02-10
5168,9579,569,96,2,"Not satisfied, quality is below expectations.",2025-01-28
5169,9581,840,84,5,Best in this price range. Will buy again from this brand.,2025-09-18
5170,9586,897,14,5,Best in this price range. Will buy again from this brand.,2026-03-05
5171,9589,864,114,5,Amazing value for money. Packaging was also very good.,2025-08-16
5172,9591,276,89,5,Amazing value for money. Packaging was also very good.,2025-04-20
5173,9592,1623,35,3,"Average product, expected a bit more for this price.",2026-02-16
5174,9593,1858,71,5,"Excellent product, exactly as described. Very happy with the purchase.",2024-10-31
5175,9595,1815,109,2,"Not worth the price, expected better quality.",2024-08-26
5176,9596,1589,71,1,"Worst experience, will not order this brand again.",2025-09-14
5177,9600,1494,51,3,"It's okay, nothing special but does the job.",2025-12-06
5178,9601,345,54,4,"Good product overall, minor issues but satisfied with the purchase.",2025-05-07
5179,9603,1278,33,4,"Nice quality, delivery was a bit delayed but product is good.",2025-05-22
5180,9608,36,81,1,"Worst experience, will not order this brand again.",2025-06-18
5181,9611,554,1,3,"Average product, expected a bit more for this price.",2024-12-03
5182,9613,10,43,5,"Excellent product, exactly as described. Very happy with the purchase.",2026-04-05
5183,9614,1798,108,3,"Quality is average, packaging could have been better.",2025-08-07
5184,9615,404,38,4,"Works well, matches the description. Happy with it.",2025-07-27
5185,9617,1920,62,3,Product is fine but delivery took longer than expected.,2026-04-06
5186,9618,1177,94,3,Product is fine but delivery took longer than expected.,2025-07-15
5187,9619,1006,5,4,"Decent product for the price, would recommend with minor caution.",2025-05-26
5188,9621,1836,13,2,"Product had minor defects, considering a return.",2026-04-28
5189,9622,170,35,4,"Works well, matches the description. Happy with it.",2026-01-24
5190,9624,1285,110,5,Superb quality and fast delivery. Highly recommend to everyone.,2025-11-12
5191,9627,1801,71,4,"Works well, matches the description. Happy with it.",2025-02-23
5192,9631,908,112,1,"Received a damaged item, requesting refund immediately.",2025-09-12
5193,9634,148,128,1,"Worst experience, will not order this brand again.",2025-07-23
5194,9636,706,8,3,"Quality is average, packaging could have been better.",2026-03-05
5195,9638,63,28,3,Product is fine but delivery took longer than expected.,2025-10-20
5196,9640,390,7,5,Superb quality and fast delivery. Highly recommend to everyone.,2026-08-02
5197,9641,1831,15,5,"Excellent product, exactly as described. Very happy with the purchase.",2026-04-13
5198,9643,463,78,5,Amazing value for money. Packaging was also very good.,2025-08-20
5199,9645,1826,13,3,"Quality is average, packaging could have been better.",2026-02-19
5200,9646,403,89,5,Superb quality and fast delivery. Highly recommend to everyone.,2026-08-17
5201,9647,143,4,5,Amazing value for money. Packaging was also very good.,2026-07-02
5202,9648,1794,55,3,"Average product, expected a bit more for this price.",2025-09-14
5203,9651,1913,106,4,"Decent product for the price, would recommend with minor caution.",2024-09-09
5204,9652,909,47,5,Best in this price range. Will buy again from this brand.,2025-03-17
5205,9653,1072,17,5,Superb quality and fast delivery. Highly recommend to everyone.,2025-10-10
5206,9654,201,89,4,"Works well, matches the description. Happy with it.",2025-12-10
5207,9658,1786,39,5,Superb quality and fast delivery. Highly recommend to everyone.,2025-08-25
5208,9659,67,19,4,"Works well, matches the description. Happy with it.",2026-06-19
5209,9661,75,64,5,"Excellent product, exactly as described. Very happy with the purchase.",2025-09-06
5210,9663,1694,67,5,Amazing value for money. Packaging was also very good.,2026-02-18
5211,9666,1399,76,4,"Works well, matches the description. Happy with it.",2026-02-26
5212,9667,1768,77,3,"It's okay, nothing special but does the job.",2025-10-23
5213,9669,428,119,4,"Good product overall, minor issues but satisfied with the purchase.",2026-04-25
5214,9670,995,45,5,Amazing value for money. Packaging was also very good.,2026-03-12
5215,9671,280,8,5,Best in this price range. Will buy again from this brand.,2025-08-01
5216,9674,1051,50,3,"Quality is average, packaging could have been better.",2026-07-31
5217,9675,591,47,4,"Works well, matches the description. Happy with it.",2026-01-13
5218,9676,836,75,4,"Good product overall, minor issues but satisfied with the purchase.",2026-07-24
5219,9677,1862,96,5,"Excellent product, exactly as described. Very happy with the purchase.",2025-09-14
5220,9678,381,61,4,"Works well, matches the description. Happy with it.",2024-12-11
5221,9679,71,111,5,"Excellent product, exactly as described. Very happy with the purchase.",2025-12-29
5222,9680,1399,114,3,"Average product, expected a bit more for this price.",2026-05-13
5223,9681,1666,12,5,"Excellent product, exactly as described. Very happy with the purchase.",2026-02-01
5224,9682,1273,27,5,Best in this price range. Will buy again from this brand.,2025-10-21
5225,9684,926,19,3,"Quality is average, packaging could have been better.",2025-12-16
5226,9685,1439,53,1,"Poor quality, does not match the images shown online.",2026-03-23
5227,9687,512,44,2,Delivery was late and product quality is average at best.,2026-02-02
5228,9688,196,117,5,Best in this price range. Will buy again from this brand.,2025-11-24
5229,9689,214,7,2,"Not satisfied, quality is below expectations.",2026-07-13
5230,9691,1958,113,4,"Nice quality, delivery was a bit delayed but product is good.",2026-06-16
5231,9695,175,32,3,"Quality is average, packaging could have been better.",2026-03-01
5232,9696,1962,104,4,"Decent product for the price, would recommend with minor caution.",2024-05-02
5233,9700,1332,105,4,"Decent product for the price, would recommend with minor caution.",2026-01-10
5234,9701,976,121,5,"Excellent product, exactly as described. Very happy with the purchase.",2026-04-01
5235,9704,1137,38,4,"Works well, matches the description. Happy with it.",2026-02-15
5236,9706,439,108,4,"Decent product for the price, would recommend with minor caution.",2025-06-12
5237,9708,1204,35,5,Amazing value for money. Packaging was also very good.,2026-01-17
5238,9709,774,90,4,"Good product overall, minor issues but satisfied with the purchase.",2025-11-20
5239,9710,436,110,5,"Excellent product, exactly as described. Very happy with the purchase.",2026-06-26
5240,9711,1642,79,3,Product is fine but delivery took longer than expected.,2026-04-23
5241,9713,697,125,4,"Good product overall, minor issues but satisfied with the purchase.",2025-11-27
5242,9714,77,118,5,Superb quality and fast delivery. Highly recommend to everyone.,2026-08-17
5243,9716,1766,112,5,Amazing value for money. Packaging was also very good.,2025-12-26
5244,9717,1987,21,3,Product is fine but delivery took longer than expected.,2024-08-11
5245,9719,1490,106,4,"Works well, matches the description. Happy with it.",2025-04-23
5246,9723,45,76,3,"Quality is average, packaging could have been better.",2025-04-01
5247,9728,89,79,3,Product is fine but delivery took longer than expected.,2026-03-09
5248,9731,1748,95,4,"Works well, matches the description. Happy with it.",2026-04-19
5249,9732,1991,79,3,"Average product, expected a bit more for this price.",2025-06-12
5250,9734,1467,73,3,"Average product, expected a bit more for this price.",2026-04-10
5251,9744,995,69,2,"Product had minor defects, considering a return.",2025-03-12
5252,9746,1106,105,4,"Works well, matches the description. Happy with it.",2024-04-13
5253,9747,1464,84,5,Amazing value for money. Packaging was also very good.,2024-12-27
5254,9749,131,86,5,Best in this price range. Will buy again from this brand.,2025-04-15
5255,9750,1474,31,5,Best in this price range. Will buy again from this brand.,2026-07-01
5256,9751,365,109,4,"Works well, matches the description. Happy with it.",2026-06-24
5257,9752,1554,12,5,"Excellent product, exactly as described. Very happy with the purchase.",2026-04-23
5258,9755,1798,86,1,"Received a damaged item, requesting refund immediately.",2025-04-12
5259,9756,950,115,5,Amazing value for money. Packaging was also very good.,2026-07-11
5260,9759,1398,83,2,"Not satisfied, quality is below expectations.",2025-09-15
5261,9760,224,129,2,Delivery was late and product quality is average at best.,2026-06-22
5262,9761,788,52,2,"Not satisfied, quality is below expectations.",2025-02-17
5263,9762,217,20,4,"Good product overall, minor issues but satisfied with the purchase.",2024-10-16
5264,9763,469,9,2,"Not satisfied, quality is below expectations.",2025-06-06
5265,9765,844,126,4,"Nice quality, delivery was a bit delayed but product is good.",2025-04-21
5266,9768,191,106,4,"Good product overall, minor issues but satisfied with the purchase.",2025-06-29
5267,9769,669,112,5,Best in this price range. Will buy again from this brand.,2026-05-07
5268,9770,210,2,2,"Not worth the price, expected better quality.",2024-10-23
5269,9772,1902,99,3,"It's okay, nothing special but does the job.",2026-03-15
5270,9773,1729,24,3,Product is fine but delivery took longer than expected.,2026-03-28
5271,9774,284,49,5,Amazing value for money. Packaging was also very good.,2026-07-31
5272,9775,1831,17,4,"Good product overall, minor issues but satisfied with the purchase.",2026-04-27
5273,9776,1629,2,3,Product is fine but delivery took longer than expected.,2025-05-08
5274,9777,1892,81,2,"Not worth the price, expected better quality.",2026-03-08
5275,9779,1688,88,2,"Not satisfied, quality is below expectations.",2024-09-12
5276,9781,1944,106,5,"Excellent product, exactly as described. Very happy with the purchase.",2024-10-12
5277,9782,1527,115,4,"Works well, matches the description. Happy with it.",2025-06-21
5278,9783,116,17,1,"Worst experience, will not order this brand again.",2026-07-13
5279,9785,694,115,4,"Decent product for the price, would recommend with minor caution.",2026-08-09
5280,9787,109,88,4,"Nice quality, delivery was a bit delayed but product is good.",2026-01-08
5281,9788,1808,57,4,"Works well, matches the description. Happy with it.",2025-12-16
5282,9789,1214,63,4,"Good product overall, minor issues but satisfied with the purchase.",2026-06-18
5283,9791,1924,53,5,Superb quality and fast delivery. Highly recommend to everyone.,2024-12-19
5284,9792,1896,21,4,"Good product overall, minor issues but satisfied with the purchase.",2025-03-21
5285,9794,608,7,4,"Nice quality, delivery was a bit delayed but product is good.",2025-12-11
5286,9797,1878,10,4,"Nice quality, delivery was a bit delayed but product is good.",2025-11-08
5287,9798,1397,19,4,"Works well, matches the description. Happy with it.",2025-11-27
5288,9800,1938,17,3,"Quality is average, packaging could have been better.",2024-10-09
5289,9801,1623,41,1,"Very disappointed, product stopped working within days.",2026-03-24
5290,9802,860,127,2,"Not worth the price, expected better quality.",2026-04-11
5291,9803,760,60,5,Amazing value for money. Packaging was also very good.,2025-04-22
5292,9805,462,121,3,"It's okay, nothing special but does the job.",2025-08-03
5293,9809,1891,85,5,Superb quality and fast delivery. Highly recommend to everyone.,2024-06-17
5294,9813,1061,125,4,"Works well, matches the description. Happy with it.",2025-05-10
5295,9814,1033,83,3,Product is fine but delivery took longer than expected.,2026-04-11
5296,9815,1172,112,4,"Decent product for the price, would recommend with minor caution.",2026-01-25
5297,9816,25,8,1,"Very disappointed, product stopped working within days.",2026-04-14
5298,9817,1505,115,4,"Works well, matches the description. Happy with it.",2025-06-15
5299,9819,1972,67,4,"Nice quality, delivery was a bit delayed but product is good.",2026-01-21
5300,9820,1408,24,4,"Good product overall, minor issues but satisfied with the purchase.",2026-06-30
5301,9821,1460,77,1,"Worst experience, will not order this brand again.",2026-02-26
5302,9822,339,92,2,"Product had minor defects, considering a return.",2025-11-23
5303,9824,1198,49,5,Best in this price range. Will buy again from this brand.,2026-08-17
5304,9827,1866,104,5,Best in this price range. Will buy again from this brand.,2025-03-31
5305,9832,457,54,1,"Worst experience, will not order this brand again.",2026-06-15
5306,9834,1968,108,5,Amazing value for money. Packaging was also very good.,2026-08-17
5307,9835,1177,26,5,"Excellent product, exactly as described. Very happy with the purchase.",2025-07-20
5308,9836,1232,64,1,"Very disappointed, product stopped working within days.",2025-08-27
5309,9837,1909,129,2,"Not worth the price, expected better quality.",2026-02-18
5310,9839,598,63,1,"Received a damaged item, requesting refund immediately.",2024-05-31
5311,9841,159,54,3,"It's okay, nothing special but does the job.",2025-03-09
5312,9845,742,55,3,"Quality is average, packaging could have been better.",2024-04-08
5313,9847,1242,54,3,"Average product, expected a bit more for this price.",2024-12-28
5314,9848,830,35,5,Best in this price range. Will buy again from this brand.,2025-06-26
5315,9850,1919,42,2,"Not satisfied, quality is below expectations.",2026-04-22
5316,9851,1050,58,2,"Not satisfied, quality is below expectations.",2026-07-31
5317,9853,1107,123,3,Product is fine but delivery took longer than expected.,2025-06-01
5318,9855,1674,122,4,"Works well, matches the description. Happy with it.",2025-06-01
5319,9857,181,87,3,Product is fine but delivery took longer than expected.,2024-11-10
5320,9858,1311,119,4,"Decent product for the price, would recommend with minor caution.",2025-11-05
5321,9860,640,122,3,Product is fine but delivery took longer than expected.,2026-07-03
5322,9861,694,71,4,"Nice quality, delivery was a bit delayed but product is good.",2026-08-17
5323,9869,1969,35,4,"Nice quality, delivery was a bit delayed but product is good.",2026-03-18
5324,9870,1792,54,5,"Excellent product, exactly as described. Very happy with the purchase.",2026-04-22
5325,9871,1776,89,5,"Excellent product, exactly as described. Very happy with the purchase.",2026-08-17
5326,9872,556,99,3,"Average product, expected a bit more for this price.",2025-04-06
5327,9873,1067,36,3,"It's okay, nothing special but does the job.",2026-08-08
5328,9874,899,82,5,Superb quality and fast delivery. Highly recommend to everyone.,2026-01-01
5329,9876,1059,100,3,"It's okay, nothing special but does the job.",2023-12-15
5330,9883,268,17,5,Best in this price range. Will buy again from this brand.,2025-11-29
5331,9884,1280,31,5,Amazing value for money. Packaging was also very good.,2025-06-19
5332,9886,485,46,4,"Nice quality, delivery was a bit delayed but product is good.",2025-08-20
5333,9887,1887,79,5,"Excellent product, exactly as described. Very happy with the purchase.",2026-03-08
5334,9889,671,9,4,"Nice quality, delivery was a bit delayed but product is good.",2025-05-01
5335,9890,347,94,1,"Received a damaged item, requesting refund immediately.",2025-11-08
5336,9891,1748,34,4,"Nice quality, delivery was a bit delayed but product is good.",2026-04-21
5337,9893,1284,105,4,"Decent product for the price, would recommend with minor caution.",2026-06-14
5338,9895,1001,32,2,Delivery was late and product quality is average at best.,2025-10-28
5339,9896,1693,108,5,Amazing value for money. Packaging was also very good.,2024-08-06
5340,9897,1461,48,4,"Good product overall, minor issues but satisfied with the purchase.",2025-11-03
5341,9902,526,53,5,Amazing value for money. Packaging was also very good.,2026-05-14
5342,9905,979,18,1,"Very disappointed, product stopped working within days.",2025-06-19
5343,9906,1772,36,3,Product is fine but delivery took longer than expected.,2026-06-06
5344,9908,1532,73,4,"Decent product for the price, would recommend with minor caution.",2026-07-29
5345,9911,682,119,2,"Not worth the price, expected better quality.",2025-01-13
5346,9912,1370,61,2,Delivery was late and product quality is average at best.,2025-07-26
5347,9913,1542,63,4,"Works well, matches the description. Happy with it.",2026-01-11
5348,9914,51,95,5,Amazing value for money. Packaging was also very good.,2025-10-25
5349,9915,1420,128,5,"Excellent product, exactly as described. Very happy with the purchase.",2026-02-03
5350,9916,1026,24,2,"Not satisfied, quality is below expectations.",2025-09-09
5351,9921,1374,2,3,Product is fine but delivery took longer than expected.,2025-12-26
5352,9922,281,100,1,"Poor quality, does not match the images shown online.",2026-01-09
5353,9923,1217,7,4,"Good product overall, minor issues but satisfied with the purchase.",2026-01-21
5354,9927,1415,61,5,Best in this price range. Will buy again from this brand.,2025-05-19
5355,9928,1203,28,4,"Good product overall, minor issues but satisfied with the purchase.",2025-05-16
5356,9929,1885,108,4,"Nice quality, delivery was a bit delayed but product is good.",2025-09-09
5357,9933,139,114,5,Best in this price range. Will buy again from this brand.,2025-11-18
5358,9937,210,95,4,"Good product overall, minor issues but satisfied with the purchase.",2026-05-17
5359,9939,1396,115,5,Superb quality and fast delivery. Highly recommend to everyone.,2025-09-12
5360,9940,1956,112,1,"Received a damaged item, requesting refund immediately.",2026-01-30
5361,9943,754,41,3,"Quality is average, packaging could have been better.",2025-09-04
5362,9946,1939,46,2,"Not worth the price, expected better quality.",2025-01-12
5363,9950,366,105,4,"Nice quality, delivery was a bit delayed but product is good.",2024-07-29
5364,9952,1956,110,2,"Not satisfied, quality is below expectations.",2026-02-05
5365,9953,885,40,5,Amazing value for money. Packaging was also very good.,2025-04-22
5366,9957,500,65,3,"Quality is average, packaging could have been better.",2024-04-09
5367,9958,1285,53,5,Superb quality and fast delivery. Highly recommend to everyone.,2026-04-15
5368,9959,1758,93,5,Amazing value for money. Packaging was also very good.,2025-02-21
5369,9961,1848,64,5,Amazing value for money. Packaging was also very good.,2026-07-18
5370,9966,447,68,3,Product is fine but delivery took longer than expected.,2026-01-23
5371,9968,190,30,5,"Excellent product, exactly as described. Very happy with the purchase.",2026-08-17
5372,9969,1516,27,3,"It's okay, nothing special but does the job.",2024-11-16
5373,9970,1975,64,5,Best in this price range. Will buy again from this brand.,2025-09-03
5374,9972,481,51,4,"Good product overall, minor issues but satisfied with the purchase.",2025-01-10
5375,9974,1126,87,5,"Excellent product, exactly as described. Very happy with the purchase.",2024-10-16
5376,9976,841,104,1,"Very disappointed, product stopped working within days.",2025-08-12
5377,9979,92,28,1,"Received a damaged item, requesting refund immediately.",2026-06-12
5378,9982,233,3,2,"Product had minor defects, considering a return.",2025-01-10
5379,9983,1877,28,5,Amazing value for money. Packaging was also very good.,2025-01-29
5380,9985,444,14,2,"Not satisfied, quality is below expectations.",2026-01-24
5381,9986,468,43,5,Amazing value for money. Packaging was also very good.,2026-06-03
5382,9990,164,83,1,"Very disappointed, product stopped working within days.",2026-02-14
5383,9991,182,88,1,"Received a damaged item, requesting refund immediately.",2026-05-10
5384,9993,1282,90,2,"Product had minor defects, considering a return.",2024-03-14
5385,9994,455,74,5,Amazing value for money. Packaging was also very good.,2026-01-27
5386,9995,1655,11,3,Product is fine but delivery took longer than expected.,2026-05-26
5387,9998,932,83,5,"Excellent product, exactly as described. Very happy with the purchase.",2026-03-01
5388,9999,270,21,3,Product is fine but delivery took longer than expected.,2025-03-20
5389,10000,1463,124,3,"It's okay, nothing special but does the job.",2026-04-08
5390,10001,481,42,2,"Not worth the price, expected better quality.",2025-08-07
5391,10002,1561,109,4,"Works well, matches the description. Happy with it.",2026-05-21
5392,10003,1152,49,3,"Quality is average, packaging could have been better.",2026-04-15
5393,10004,195,40,4,"Works well, matches the description. Happy with it.",2026-03-23
5394,10005,644,55,5,Amazing value for money. Packaging was also very good.,2025-07-03
5395,10007,1970,6,2,"Not satisfied, quality is below expectations.",2025-01-24
5396,10008,1239,57,3,Product is fine but delivery took longer than expected.,2025-09-20
5397,10009,1456,22,3,"Quality is average, packaging could have been better.",2026-06-12
5398,10010,719,11,4,"Good product overall, minor issues but satisfied with the purchase.",2025-04-14
5399,10011,368,2,5,"Excellent product, exactly as described. Very happy with the purchase.",2025-11-25
5400,10015,412,76,5,Best in this price range. Will buy again from this brand.,2026-01-28
5401,10016,1480,6,5,"Excellent product, exactly as described. Very happy with the purchase.",2024-04-17
5402,10017,1393,114,4,"Good product overall, minor issues but satisfied with the purchase.",2026-02-26
5403,10019,258,35,2,"Not satisfied, quality is below expectations.",2025-10-15
5404,10021,1818,109,2,Delivery was late and product quality is average at best.,2025-07-17
5405,10022,937,127,4,"Works well, matches the description. Happy with it.",2025-10-06
5406,10023,1168,5,5,"Excellent product, exactly as described. Very happy with the purchase.",2025-01-22
5407,10024,19,16,3,Product is fine but delivery took longer than expected.,2026-05-23
5408,10027,1488,107,5,Superb quality and fast delivery. Highly recommend to everyone.,2024-08-22
5409,10031,333,53,3,Product is fine but delivery took longer than expected.,2025-04-17
5410,10032,35,34,4,"Decent product for the price, would recommend with minor caution.",2025-09-23
5411,10033,584,128,4,"Nice quality, delivery was a bit delayed but product is good.",2026-07-04
5412,10034,344,101,1,"Poor quality, does not match the images shown online.",2025-01-23
5413,10035,1239,125,5,"Excellent product, exactly as described. Very happy with the purchase.",2026-04-11
5414,10036,263,25,5,Best in this price range. Will buy again from this brand.,2026-03-05
5415,10038,488,59,4,"Good product overall, minor issues but satisfied with the purchase.",2026-02-10
5416,10040,966,71,3,"Average product, expected a bit more for this price.",2025-11-11
5417,10041,1165,1,4,"Works well, matches the description. Happy with it.",2025-12-28
5418,10042,381,61,3,"It's okay, nothing special but does the job.",2024-09-20
5419,10043,1347,36,2,"Not worth the price, expected better quality.",2024-12-22
5420,10044,971,47,3,"It's okay, nothing special but does the job.",2026-02-25
5421,10045,1301,16,2,Delivery was late and product quality is average at best.,2025-04-25
5422,10046,1714,28,5,Amazing value for money. Packaging was also very good.,2025-09-02
5423,10048,1831,101,4,"Works well, matches the description. Happy with it.",2026-05-07
5424,10049,1893,38,5,"Excellent product, exactly as described. Very happy with the purchase.",2025-09-09
5425,10052,900,76,3,"Quality is average, packaging could have been better.",2026-06-19
5426,10055,269,82,5,Superb quality and fast delivery. Highly recommend to everyone.,2026-01-08
5427,10056,50,29,3,"Average product, expected a bit more for this price.",2025-01-22
5428,10059,1131,19,2,"Not worth the price, expected better quality.",2025-10-16
5429,10060,1983,6,2,Delivery was late and product quality is average at best.,2025-07-16
5430,10061,155,126,5,"Excellent product, exactly as described. Very happy with the purchase.",2025-06-12
5431,10063,768,67,3,Product is fine but delivery took longer than expected.,2026-01-31
5432,10064,452,22,2,"Product had minor defects, considering a return.",2026-04-13
5433,10065,549,6,3,"It's okay, nothing special but does the job.",2025-08-02
5434,10066,500,95,5,Best in this price range. Will buy again from this brand.,2024-09-14
5435,10069,1236,94,4,"Decent product for the price, would recommend with minor caution.",2026-07-29
5436,10071,799,126,3,"It's okay, nothing special but does the job.",2025-06-14
5437,10072,599,52,2,"Not satisfied, quality is below expectations.",2025-10-12
5438,10073,1198,57,2,Delivery was late and product quality is average at best.,2026-08-17
5439,10077,1547,7,5,"Excellent product, exactly as described. Very happy with the purchase.",2025-06-21
5440,10078,1411,118,4,"Works well, matches the description. Happy with it.",2026-01-21
5441,10079,1051,83,4,"Works well, matches the description. Happy with it.",2026-07-18
5442,10081,95,115,3,"Average product, expected a bit more for this price.",2024-10-04
5443,10082,1962,117,5,"Excellent product, exactly as described. Very happy with the purchase.",2025-05-28
5444,10084,779,60,2,"Product had minor defects, considering a return.",2026-01-13
5445,10091,255,37,4,"Nice quality, delivery was a bit delayed but product is good.",2026-06-23
5446,10092,546,57,2,"Not worth the price, expected better quality.",2025-12-22
5447,10095,1872,9,3,"Quality is average, packaging could have been better.",2025-10-26
5448,10096,1994,21,4,"Decent product for the price, would recommend with minor caution.",2026-03-18
5449,10097,1846,7,5,Amazing value for money. Packaging was also very good.,2024-05-12
5450,10098,856,45,4,"Good product overall, minor issues but satisfied with the purchase.",2025-09-10
5451,10100,1504,123,2,Delivery was late and product quality is average at best.,2026-08-15
5452,10101,7,16,5,"Excellent product, exactly as described. Very happy with the purchase.",2026-07-10
5453,10102,43,109,4,"Works well, matches the description. Happy with it.",2026-05-10
5454,10103,1614,100,3,Product is fine but delivery took longer than expected.,2025-03-27
5455,10106,82,118,3,Product is fine but delivery took longer than expected.,2025-07-23
5456,10107,839,70,4,"Works well, matches the description. Happy with it.",2025-01-23
5457,10111,1530,15,3,Product is fine but delivery took longer than expected.,2025-06-04
5458,10113,1151,50,2,"Not satisfied, quality is below expectations.",2025-07-16
5459,10114,803,108,5,"Excellent product, exactly as described. Very happy with the purchase.",2024-11-13
5460,10116,1612,6,3,"Quality is average, packaging could have been better.",2025-07-09
5461,10119,1659,113,3,"Quality is average, packaging could have been better.",2025-12-06
5462,10120,1015,64,5,"Excellent product, exactly as described. Very happy with the purchase.",2025-10-11
5463,10121,406,124,2,"Not satisfied, quality is below expectations.",2025-10-05
5464,10122,403,49,4,"Nice quality, delivery was a bit delayed but product is good.",2026-07-26
5465,10123,1246,103,5,"Excellent product, exactly as described. Very happy with the purchase.",2026-05-08
5466,10124,368,98,2,"Not worth the price, expected better quality.",2025-07-20
5467,10125,1050,99,3,"Quality is average, packaging could have been better.",2026-08-17
5468,10126,1410,93,5,Amazing value for money. Packaging was also very good.,2025-10-23
5469,10129,1534,7,2,"Not worth the price, expected better quality.",2025-10-14
5470,10132,660,83,2,"Not worth the price, expected better quality.",2025-10-06
5471,10134,917,47,4,"Decent product for the price, would recommend with minor caution.",2025-09-24
5472,10135,1455,10,5,"Excellent product, exactly as described. Very happy with the purchase.",2025-12-16
5473,10136,1268,121,1,"Very disappointed, product stopped working within days.",2025-11-29
5474,10138,124,61,4,"Nice quality, delivery was a bit delayed but product is good.",2026-02-22
5475,10139,884,62,3,"It's okay, nothing special but does the job.",2025-08-09
5476,10141,245,44,2,"Not worth the price, expected better quality.",2024-05-27
5477,10142,347,101,3,"Quality is average, packaging could have been better.",2024-11-07
5478,10143,1387,58,3,"Quality is average, packaging could have been better.",2025-11-06
5479,10144,497,72,3,Product is fine but delivery took longer than expected.,2024-12-23
5480,10145,1104,82,5,Superb quality and fast delivery. Highly recommend to everyone.,2025-05-23
5481,10147,1787,97,1,"Very disappointed, product stopped working within days.",2026-02-26
5482,10149,1279,7,4,"Nice quality, delivery was a bit delayed but product is good.",2024-08-05
5483,10153,187,66,5,Amazing value for money. Packaging was also very good.,2025-09-10
5484,10161,1418,109,5,"Excellent product, exactly as described. Very happy with the purchase.",2026-06-04
5485,10162,358,19,2,"Not worth the price, expected better quality.",2026-08-17
5486,10163,455,86,4,"Works well, matches the description. Happy with it.",2026-01-11
5487,10167,1865,80,5,Amazing value for money. Packaging was also very good.,2025-08-04
5488,10168,434,112,1,"Poor quality, does not match the images shown online.",2025-10-14
5489,10169,306,87,4,"Good product overall, minor issues but satisfied with the purchase.",2025-07-30
5490,10171,1493,33,5,Best in this price range. Will buy again from this brand.,2025-03-13
5491,10172,1551,53,5,Superb quality and fast delivery. Highly recommend to everyone.,2025-08-19
5492,10174,1522,78,3,Product is fine but delivery took longer than expected.,2026-07-07
5493,10178,1637,31,4,"Good product overall, minor issues but satisfied with the purchase.",2024-11-15
5494,10179,891,6,5,"Excellent product, exactly as described. Very happy with the purchase.",2026-05-17
5495,10181,1528,102,4,"Works well, matches the description. Happy with it.",2025-07-17
5496,10182,856,90,4,"Works well, matches the description. Happy with it.",2026-04-15
5497,10184,1498,127,5,Best in this price range. Will buy again from this brand.,2024-10-01
5498,10185,580,84,3,"Quality is average, packaging could have been better.",2024-09-26
5499,10186,1450,126,1,"Worst experience, will not order this brand again.",2025-10-27
5500,10189,1356,67,4,"Good product overall, minor issues but satisfied with the purchase.",2025-09-28
5501,10190,1697,78,5,"Excellent product, exactly as described. Very happy with the purchase.",2026-06-01
5502,10191,882,92,2,"Not satisfied, quality is below expectations.",2026-02-06
5503,10192,1029,42,4,"Decent product for the price, would recommend with minor caution.",2025-02-24
5504,10194,24,8,4,"Good product overall, minor issues but satisfied with the purchase.",2025-11-18
5505,10196,1346,114,4,"Nice quality, delivery was a bit delayed but product is good.",2025-07-07
5506,10198,1925,23,1,"Received a damaged item, requesting refund immediately.",2024-12-12
5507,10203,1673,22,5,Best in this price range. Will buy again from this brand.,2024-07-13
5508,10208,618,27,3,"It's okay, nothing special but does the job.",2026-03-12
5509,10211,1815,109,4,"Nice quality, delivery was a bit delayed but product is good.",2026-05-05
5510,10212,1129,74,4,"Good product overall, minor issues but satisfied with the purchase.",2026-01-22
5511,10213,276,44,2,"Not worth the price, expected better quality.",2025-08-24
5512,10217,223,57,3,Product is fine but delivery took longer than expected.,2026-01-29
5513,10219,1123,129,4,"Decent product for the price, would recommend with minor caution.",2025-08-31
5514,10220,1527,89,5,"Excellent product, exactly as described. Very happy with the purchase.",2025-06-28
5515,10221,1541,47,3,"It's okay, nothing special but does the job.",2025-08-01
5516,10222,66,85,4,"Decent product for the price, would recommend with minor caution.",2025-08-01
5517,10223,1296,24,2,"Not satisfied, quality is below expectations.",2024-05-30
5518,10227,1203,128,2,"Not worth the price, expected better quality.",2025-10-16
5519,10228,1213,52,1,"Worst experience, will not order this brand again.",2026-03-21
5520,10231,939,20,4,"Decent product for the price, would recommend with minor caution.",2025-12-18
5521,10232,1276,101,5,Superb quality and fast delivery. Highly recommend to everyone.,2026-01-12
5522,10233,1757,80,5,Amazing value for money. Packaging was also very good.,2025-07-08
5523,10236,948,125,2,Delivery was late and product quality is average at best.,2026-01-27
5524,10237,932,111,1,"Worst experience, will not order this brand again.",2025-12-02
5525,10238,454,112,3,"It's okay, nothing special but does the job.",2024-08-24
5526,10240,334,26,2,"Not worth the price, expected better quality.",2025-06-17
5527,10242,1725,125,3,Product is fine but delivery took longer than expected.,2026-01-18
5528,10243,288,107,5,Amazing value for money. Packaging was also very good.,2026-02-27
5529,10244,837,60,5,Amazing value for money. Packaging was also very good.,2025-11-16
5530,10245,1186,38,4,"Works well, matches the description. Happy with it.",2025-07-19
5531,10249,1910,19,3,"Quality is average, packaging could have been better.",2026-08-17
5532,10250,1040,72,5,"Excellent product, exactly as described. Very happy with the purchase.",2025-07-11
5533,10251,946,29,2,"Product had minor defects, considering a return.",2025-08-02
5534,10253,1570,121,1,"Poor quality, does not match the images shown online.",2025-08-24
5535,10255,679,95,3,"Quality is average, packaging could have been better.",2025-09-16
5536,10258,369,76,5,Amazing value for money. Packaging was also very good.,2025-09-11
5537,10259,1176,36,4,"Good product overall, minor issues but satisfied with the purchase.",2025-01-12
5538,10262,984,64,5,Amazing value for money. Packaging was also very good.,2026-03-11
5539,10264,840,25,2,"Not satisfied, quality is below expectations.",2025-08-02
5540,10266,1658,102,4,"Good product overall, minor issues but satisfied with the purchase.",2025-12-26
5541,10267,1518,64,5,Best in this price range. Will buy again from this brand.,2026-03-19
5542,10268,1062,43,5,Best in this price range. Will buy again from this brand.,2025-08-22
5543,10269,818,121,5,Superb quality and fast delivery. Highly recommend to everyone.,2026-05-08
5544,10270,1667,81,4,"Good product overall, minor issues but satisfied with the purchase.",2025-09-08
5545,10273,180,89,3,"Average product, expected a bit more for this price.",2026-04-03
5546,10274,525,24,4,"Good product overall, minor issues but satisfied with the purchase.",2026-06-05
5547,10276,248,66,3,"Quality is average, packaging could have been better.",2026-03-05
5548,10277,1887,82,5,Amazing value for money. Packaging was also very good.,2026-01-04
5549,10278,1927,15,3,"Average product, expected a bit more for this price.",2026-06-05
5550,10279,189,43,4,"Nice quality, delivery was a bit delayed but product is good.",2025-03-29
5551,10281,127,77,3,Product is fine but delivery took longer than expected.,2026-05-29
5552,10282,972,4,2,"Product had minor defects, considering a return.",2026-02-15
5553,10283,965,49,5,"Excellent product, exactly as described. Very happy with the purchase.",2024-09-22
5554,10285,591,93,3,Product is fine but delivery took longer than expected.,2026-01-11
5555,10286,1038,67,3,Product is fine but delivery took longer than expected.,2025-06-03
5556,10287,1593,41,4,"Decent product for the price, would recommend with minor caution.",2025-04-28
5557,10288,1735,34,4,"Nice quality, delivery was a bit delayed but product is good.",2025-09-27
5558,10289,1387,106,5,Best in this price range. Will buy again from this brand.,2025-02-15
5559,10290,153,49,4,"Works well, matches the description. Happy with it.",2025-12-04
5560,10291,910,99,4,"Good product overall, minor issues but satisfied with the purchase.",2025-05-24
5561,10292,1926,77,5,Best in this price range. Will buy again from this brand.,2025-01-16
5562,10293,1866,94,5,Amazing value for money. Packaging was also very good.,2025-05-18
5563,10295,735,8,2,Delivery was late and product quality is average at best.,2025-12-16
5564,10296,1406,32,5,Superb quality and fast delivery. Highly recommend to everyone.,2025-07-18
5565,10297,1607,19,2,"Not satisfied, quality is below expectations.",2025-08-24
5566,10300,113,117,2,"Product had minor defects, considering a return.",2025-12-06
5567,10305,1201,82,5,Best in this price range. Will buy again from this brand.,2025-10-09
5568,10306,892,120,4,"Nice quality, delivery was a bit delayed but product is good.",2025-06-03
5569,10307,1346,66,1,"Received a damaged item, requesting refund immediately.",2026-01-02
5570,10313,1063,43,5,Best in this price range. Will buy again from this brand.,2024-02-24
5571,10314,1608,19,3,"Quality is average, packaging could have been better.",2026-05-18
5572,10316,865,18,4,"Works well, matches the description. Happy with it.",2025-06-23
5573,10318,355,22,4,"Works well, matches the description. Happy with it.",2025-12-25
5574,10319,1955,82,5,Superb quality and fast delivery. Highly recommend to everyone.,2025-06-28
5575,10322,230,48,3,"It's okay, nothing special but does the job.",2025-07-26
5576,10323,1706,17,2,"Not worth the price, expected better quality.",2024-10-14
5577,10324,920,95,4,"Works well, matches the description. Happy with it.",2025-01-29
5578,10326,1018,71,5,Best in this price range. Will buy again from this brand.,2025-04-07
5579,10328,1811,22,3,"It's okay, nothing special but does the job.",2026-02-15
5580,10330,504,19,2,"Not satisfied, quality is below expectations.",2025-08-02
5581,10334,877,71,5,Best in this price range. Will buy again from this brand.,2025-10-11
5582,10335,531,77,3,Product is fine but delivery took longer than expected.,2025-03-17
5583,10336,274,113,2,"Not worth the price, expected better quality.",2025-05-11
5584,10337,1286,35,1,"Received a damaged item, requesting refund immediately.",2025-12-19
5585,10339,1630,98,3,"It's okay, nothing special but does the job.",2025-06-22
5586,10340,778,31,2,Delivery was late and product quality is average at best.,2025-06-10
5587,10343,115,14,2,"Not satisfied, quality is below expectations.",2025-12-05
5588,10344,1739,124,5,Superb quality and fast delivery. Highly recommend to everyone.,2025-12-12
5589,10348,500,30,4,"Nice quality, delivery was a bit delayed but product is good.",2025-06-21
5590,10349,1023,116,3,"It's okay, nothing special but does the job.",2025-11-27
5591,10350,1661,2,2,"Not satisfied, quality is below expectations.",2025-05-13
5592,10351,885,11,4,"Works well, matches the description. Happy with it.",2025-05-01
5593,10353,1795,16,5,Best in this price range. Will buy again from this brand.,2024-06-11
5594,10354,720,94,1,"Received a damaged item, requesting refund immediately.",2026-05-14
5595,10355,924,4,4,"Works well, matches the description. Happy with it.",2026-05-28
5596,10356,384,68,5,Best in this price range. Will buy again from this brand.,2025-10-15
5597,10359,15,52,1,"Worst experience, will not order this brand again.",2025-04-29
5598,10360,150,126,4,"Good product overall, minor issues but satisfied with the purchase.",2026-02-28
5599,10361,523,124,4,"Good product overall, minor issues but satisfied with the purchase.",2026-03-08
5600,10363,1718,114,4,"Works well, matches the description. Happy with it.",2025-01-06
5601,10367,143,12,5,Best in this price range. Will buy again from this brand.,2026-06-29
5602,10373,1653,1,4,"Nice quality, delivery was a bit delayed but product is good.",2026-04-21
5603,10379,1294,91,5,"Excellent product, exactly as described. Very happy with the purchase.",2025-05-07
5604,10380,188,114,4,"Works well, matches the description. Happy with it.",2026-02-02
5605,10381,330,38,3,"It's okay, nothing special but does the job.",2026-04-08
5606,10384,593,85,4,"Works well, matches the description. Happy with it.",2026-07-15
5607,10385,1222,1,4,"Decent product for the price, would recommend with minor caution.",2024-11-28
5608,10388,15,42,5,Best in this price range. Will buy again from this brand.,2025-07-05
5609,10389,496,78,4,"Nice quality, delivery was a bit delayed but product is good.",2026-06-18
5610,10391,72,126,5,Superb quality and fast delivery. Highly recommend to everyone.,2026-01-10
5611,10392,382,118,1,"Worst experience, will not order this brand again.",2025-03-30
5612,10397,754,52,5,Amazing value for money. Packaging was also very good.,2025-09-10
5613,10400,1350,86,3,"Quality is average, packaging could have been better.",2025-09-12
5614,10404,1908,119,5,Amazing value for money. Packaging was also very good.,2024-08-14
5615,10406,1266,35,5,Best in this price range. Will buy again from this brand.,2025-02-04
5616,10407,1422,18,4,"Works well, matches the description. Happy with it.",2025-04-19
5617,10408,1458,38,5,Amazing value for money. Packaging was also very good.,2026-06-15
5618,10409,377,86,5,"Excellent product, exactly as described. Very happy with the purchase.",2026-06-08
5619,10410,1346,59,3,"Quality is average, packaging could have been better.",2025-07-04
5620,10411,983,76,2,"Not satisfied, quality is below expectations.",2025-09-22
5621,10413,922,58,2,Delivery was late and product quality is average at best.,2024-12-21
5622,10416,1878,6,3,"Average product, expected a bit more for this price.",2025-11-04
5623,10417,221,76,4,"Decent product for the price, would recommend with minor caution.",2025-10-30
5624,10418,399,92,4,"Good product overall, minor issues but satisfied with the purchase.",2024-09-08
5625,10420,1985,77,4,"Works well, matches the description. Happy with it.",2024-10-19
5626,10421,1923,68,4,"Nice quality, delivery was a bit delayed but product is good.",2026-03-18
5627,10423,1569,64,4,"Nice quality, delivery was a bit delayed but product is good.",2025-11-09
5628,10424,971,81,5,Superb quality and fast delivery. Highly recommend to everyone.,2025-12-29
5629,10425,882,37,1,"Worst experience, will not order this brand again.",2026-01-14
5630,10426,990,117,5,Best in this price range. Will buy again from this brand.,2026-07-08
5631,10428,1085,114,2,Delivery was late and product quality is average at best.,2025-04-25
5632,10429,1578,124,5,"Excellent product, exactly as described. Very happy with the purchase.",2025-08-31
5633,10430,233,114,4,"Nice quality, delivery was a bit delayed but product is good.",2025-09-10
5634,10431,1290,67,4,"Nice quality, delivery was a bit delayed but product is good.",2026-08-15
5635,10432,1587,55,5,Superb quality and fast delivery. Highly recommend to everyone.,2025-07-01
5636,10434,632,101,2,Delivery was late and product quality is average at best.,2025-04-20
5637,10436,1289,83,5,Superb quality and fast delivery. Highly recommend to everyone.,2026-08-01
5638,10437,571,37,5,Best in this price range. Will buy again from this brand.,2025-11-30
5639,10438,1486,19,3,"Quality is average, packaging could have been better.",2024-08-23
5640,10444,1600,36,5,"Excellent product, exactly as described. Very happy with the purchase.",2026-02-20
5641,10446,907,3,4,"Works well, matches the description. Happy with it.",2024-05-06
5642,10448,219,12,3,Product is fine but delivery took longer than expected.,2025-08-11
5643,10453,349,74,3,"It's okay, nothing special but does the job.",2026-03-06
5644,10454,1317,70,5,Superb quality and fast delivery. Highly recommend to everyone.,2026-04-15
5645,10457,866,103,2,Delivery was late and product quality is average at best.,2025-09-18
5646,10458,693,73,4,"Nice quality, delivery was a bit delayed but product is good.",2025-11-10
5647,10460,1550,125,5,Best in this price range. Will buy again from this brand.,2025-11-14
5648,10462,1424,106,5,Superb quality and fast delivery. Highly recommend to everyone.,2026-01-13
5649,10464,1527,74,2,"Not worth the price, expected better quality.",2025-02-24
5650,10465,1617,6,4,"Good product overall, minor issues but satisfied with the purchase.",2026-05-05
5651,10466,184,11,1,"Very disappointed, product stopped working within days.",2024-01-22
5652,10471,315,12,4,"Works well, matches the description. Happy with it.",2025-05-23
5653,10472,712,72,1,"Worst experience, will not order this brand again.",2026-07-14
5654,10473,691,79,3,Product is fine but delivery took longer than expected.,2024-07-23
5655,10475,1589,88,3,Product is fine but delivery took longer than expected.,2025-12-01
5656,10476,1097,99,3,Product is fine but delivery took longer than expected.,2026-01-23
5657,10479,1571,119,3,"Quality is average, packaging could have been better.",2025-04-29
5658,10481,986,62,3,Product is fine but delivery took longer than expected.,2026-05-16
5659,10483,1477,36,4,"Decent product for the price, would recommend with minor caution.",2025-09-07
5660,10488,340,55,5,Amazing value for money. Packaging was also very good.,2026-03-28
5661,10489,279,10,5,Amazing value for money. Packaging was also very good.,2025-07-20
5662,10491,1773,113,1,"Very disappointed, product stopped working within days.",2026-02-06
5663,10492,1819,121,2,Delivery was late and product quality is average at best.,2026-08-05
5664,10493,521,129,4,"Decent product for the price, would recommend with minor caution.",2026-02-23
5665,10496,1560,103,3,"Quality is average, packaging could have been better.",2026-06-28
5666,10497,1535,127,4,"Nice quality, delivery was a bit delayed but product is good.",2025-03-28
5667,10498,158,77,1,"Poor quality, does not match the images shown online.",2026-02-26
5668,10499,1108,53,4,"Works well, matches the description. Happy with it.",2024-03-13
5669,10500,1541,54,3,"Quality is average, packaging could have been better.",2025-07-30
5670,10501,658,76,2,"Not worth the price, expected better quality.",2025-11-28
5671,10507,876,48,5,Best in this price range. Will buy again from this brand.,2026-03-25
5672,10509,1629,21,5,Amazing value for money. Packaging was also very good.,2025-03-14
5673,10513,1457,129,3,"It's okay, nothing special but does the job.",2024-12-21
5674,10514,1104,89,4,"Nice quality, delivery was a bit delayed but product is good.",2025-05-09
5675,10520,345,103,5,Superb quality and fast delivery. Highly recommend to everyone.,2025-11-16
5676,10521,1360,96,5,Best in this price range. Will buy again from this brand.,2025-05-28
5677,10523,1677,82,1,"Poor quality, does not match the images shown online.",2026-06-22
5678,10525,1683,53,1,"Received a damaged item, requesting refund immediately.",2026-02-13
5679,10527,580,24,3,Product is fine but delivery took longer than expected.,2026-01-08
5680,10528,1094,5,2,Delivery was late and product quality is average at best.,2025-10-12
5681,10529,582,6,5,"Excellent product, exactly as described. Very happy with the purchase.",2025-03-04
5682,10532,1959,63,5,"Excellent product, exactly as described. Very happy with the purchase.",2024-12-27
5683,10533,1601,60,4,"Nice quality, delivery was a bit delayed but product is good.",2025-04-29
5684,10535,1403,93,4,"Works well, matches the description. Happy with it.",2025-07-18
5685,10536,65,59,4,"Decent product for the price, would recommend with minor caution.",2026-06-24
5686,10538,1952,74,1,"Received a damaged item, requesting refund immediately.",2026-01-21
5687,10539,1155,53,2,"Not worth the price, expected better quality.",2026-02-19
5688,10540,46,101,3,"Average product, expected a bit more for this price.",2026-02-16
5689,10541,649,21,2,"Not satisfied, quality is below expectations.",2026-03-31
5690,10544,91,116,4,"Good product overall, minor issues but satisfied with the purchase.",2024-06-06
5691,10547,575,119,3,"It's okay, nothing special but does the job.",2025-08-09
5692,10548,888,127,5,Best in this price range. Will buy again from this brand.,2025-08-24
5693,10553,169,4,3,"Average product, expected a bit more for this price.",2024-12-05
5694,10555,1789,117,5,Amazing value for money. Packaging was also very good.,2025-06-08
5695,10556,1241,30,3,"Average product, expected a bit more for this price.",2025-12-31
5696,10557,722,72,3,"It's okay, nothing special but does the job.",2026-06-06
5697,10558,1184,34,5,Best in this price range. Will buy again from this brand.,2025-12-04
5698,10561,1615,38,5,"Excellent product, exactly as described. Very happy with the purchase.",2026-06-06
5699,10562,1635,55,4,"Works well, matches the description. Happy with it.",2025-01-02
5700,10565,297,22,3,"Average product, expected a bit more for this price.",2025-05-06
5701,10566,244,2,3,"It's okay, nothing special but does the job.",2025-10-14
5702,10567,263,82,3,"It's okay, nothing special but does the job.",2025-05-12
5703,10570,598,45,3,Product is fine but delivery took longer than expected.,2025-04-16
5704,10571,1837,29,2,"Product had minor defects, considering a return.",2025-11-30
5705,10572,731,91,5,Best in this price range. Will buy again from this brand.,2026-02-03
5706,10573,1358,4,4,"Nice quality, delivery was a bit delayed but product is good.",2025-09-28
5707,10574,891,128,3,Product is fine but delivery took longer than expected.,2025-04-04
5708,10575,616,129,5,Best in this price range. Will buy again from this brand.,2024-04-28
5709,10577,118,113,1,"Very disappointed, product stopped working within days.",2026-03-16
5710,10581,1282,72,3,"Average product, expected a bit more for this price.",2025-01-16
5711,10583,200,96,4,"Decent product for the price, would recommend with minor caution.",2026-02-24
5712,10587,218,62,5,"Excellent product, exactly as described. Very happy with the purchase.",2025-06-10
5713,10589,1472,57,1,"Very disappointed, product stopped working within days.",2025-10-14
5714,10591,1466,69,5,"Excellent product, exactly as described. Very happy with the purchase.",2026-07-13
5715,10592,477,50,1,"Received a damaged item, requesting refund immediately.",2026-08-15
5716,10593,729,38,4,"Nice quality, delivery was a bit delayed but product is good.",2025-12-27
5717,10596,54,97,4,"Decent product for the price, would recommend with minor caution.",2026-06-09
5718,10602,174,8,5,Amazing value for money. Packaging was also very good.,2026-03-29
5719,10605,1457,73,3,"It's okay, nothing special but does the job.",2025-07-02
5720,10607,1805,86,1,"Poor quality, does not match the images shown online.",2025-07-25
5721,10609,239,4,4,"Nice quality, delivery was a bit delayed but product is good.",2025-08-18
5722,10611,800,115,5,"Excellent product, exactly as described. Very happy with the purchase.",2025-01-28
5723,10612,1285,22,3,Product is fine but delivery took longer than expected.,2026-05-10
5724,10614,515,55,4,"Good product overall, minor issues but satisfied with the purchase.",2025-03-19
5725,10616,924,34,4,"Works well, matches the description. Happy with it.",2024-11-02
5726,10617,1849,9,1,"Received a damaged item, requesting refund immediately.",2025-11-27
5727,10618,1399,22,5,Best in this price range. Will buy again from this brand.,2025-10-20
5728,10619,902,111,3,"It's okay, nothing special but does the job.",2026-01-01
5729,10620,711,23,2,"Not satisfied, quality is below expectations.",2025-12-27
5730,10621,1420,41,5,Best in this price range. Will buy again from this brand.,2025-08-12
5731,10622,180,56,5,Best in this price range. Will buy again from this brand.,2026-05-15
5732,10623,410,8,3,"Average product, expected a bit more for this price.",2025-06-26
5733,10624,1766,69,3,"It's okay, nothing special but does the job.",2025-09-08
5734,10627,644,111,3,"It's okay, nothing special but does the job.",2025-02-06
5735,10628,1342,100,3,"Average product, expected a bit more for this price.",2026-03-20
5736,10629,135,91,3,"It's okay, nothing special but does the job.",2026-02-21
5737,10631,109,31,4,"Good product overall, minor issues but satisfied with the purchase.",2026-01-16
5738,10632,222,26,3,Product is fine but delivery took longer than expected.,2026-04-18
5739,10634,278,119,3,"Average product, expected a bit more for this price.",2026-02-11
5740,10637,1855,29,3,"Average product, expected a bit more for this price.",2025-07-16
5741,10641,279,15,4,"Works well, matches the description. Happy with it.",2025-02-25
5742,10643,1532,45,5,Best in this price range. Will buy again from this brand.,2025-03-07
5743,10644,852,114,4,"Nice quality, delivery was a bit delayed but product is good.",2025-06-15
5744,10645,756,70,5,Superb quality and fast delivery. Highly recommend to everyone.,2025-10-10
5745,10646,436,23,5,"Excellent product, exactly as described. Very happy with the purchase.",2026-04-24
5746,10648,668,88,5,Superb quality and fast delivery. Highly recommend to everyone.,2026-06-07
5747,10650,1534,47,4,"Nice quality, delivery was a bit delayed but product is good.",2026-04-13
5748,10651,1673,53,2,"Product had minor defects, considering a return.",2025-03-18
5749,10655,1490,67,3,"It's okay, nothing special but does the job.",2025-08-14
5750,10659,891,89,5,Best in this price range. Will buy again from this brand.,2025-09-16
5751,10660,962,3,5,"Excellent product, exactly as described. Very happy with the purchase.",2026-02-09
5752,10661,1721,62,4,"Works well, matches the description. Happy with it.",2025-05-05
5753,10662,766,61,4,"Nice quality, delivery was a bit delayed but product is good.",2025-10-23
5754,10663,1057,16,3,Product is fine but delivery took longer than expected.,2025-03-13
5755,10664,1532,32,4,"Decent product for the price, would recommend with minor caution.",2026-06-18
5756,10665,1622,14,4,"Good product overall, minor issues but satisfied with the purchase.",2025-10-19
5757,10668,410,87,4,"Decent product for the price, would recommend with minor caution.",2025-06-21
5758,10669,1604,50,2,Delivery was late and product quality is average at best.,2025-12-28
5759,10670,1262,70,4,"Good product overall, minor issues but satisfied with the purchase.",2026-03-29
5760,10677,228,44,4,"Nice quality, delivery was a bit delayed but product is good.",2026-04-21
5761,10681,1373,38,3,"Quality is average, packaging could have been better.",2025-09-03
5762,10682,93,7,1,"Received a damaged item, requesting refund immediately.",2025-06-04
5763,10683,1636,51,4,"Good product overall, minor issues but satisfied with the purchase.",2026-04-12
5764,10684,484,105,1,"Worst experience, will not order this brand again.",2025-05-20
5765,10686,1461,15,2,"Not satisfied, quality is below expectations.",2025-12-23
5766,10689,120,64,3,"Average product, expected a bit more for this price.",2025-09-14
5767,10692,783,39,5,"Excellent product, exactly as described. Very happy with the purchase.",2025-11-07
5768,10693,506,129,5,Amazing value for money. Packaging was also very good.,2025-01-11
5769,10694,124,46,3,Product is fine but delivery took longer than expected.,2023-11-11
5770,10695,563,52,1,"Worst experience, will not order this brand again.",2025-05-28
5771,10696,766,87,5,Superb quality and fast delivery. Highly recommend to everyone.,2025-12-25
5772,10697,970,56,5,Best in this price range. Will buy again from this brand.,2025-02-02
5773,10698,1728,62,3,"Quality is average, packaging could have been better.",2024-10-03
5774,10700,1050,59,1,"Received a damaged item, requesting refund immediately.",2026-07-23
5775,10701,213,98,3,Product is fine but delivery took longer than expected.,2026-08-17
5776,10703,1073,118,1,"Worst experience, will not order this brand again.",2024-09-17
5777,10704,358,124,2,"Not satisfied, quality is below expectations.",2026-02-16
5778,10706,221,2,5,Amazing value for money. Packaging was also very good.,2025-10-26
5779,10708,113,67,5,"Excellent product, exactly as described. Very happy with the purchase.",2025-12-16
5780,10710,275,19,4,"Works well, matches the description. Happy with it.",2026-08-17
5781,10712,382,67,3,"It's okay, nothing special but does the job.",2024-05-06
5782,10714,293,105,2,"Product had minor defects, considering a return.",2025-01-25
5783,10715,1266,77,1,"Very disappointed, product stopped working within days.",2025-02-28
5784,10718,761,21,5,"Excellent product, exactly as described. Very happy with the purchase.",2026-06-24
5785,10721,1225,107,4,"Nice quality, delivery was a bit delayed but product is good.",2026-03-30
5786,10722,135,86,4,"Nice quality, delivery was a bit delayed but product is good.",2026-02-18
5787,10723,1674,64,2,Delivery was late and product quality is average at best.,2024-08-29
5788,10724,1365,104,4,"Decent product for the price, would recommend with minor caution.",2024-07-12
5789,10726,1934,34,3,"It's okay, nothing special but does the job.",2026-05-24
5790,10728,1191,118,2,"Not worth the price, expected better quality.",2025-07-20
5791,10729,34,75,5,Best in this price range. Will buy again from this brand.,2025-09-28
5792,10733,198,67,5,"Excellent product, exactly as described. Very happy with the purchase.",2025-02-13
5793,10734,1810,59,2,"Product had minor defects, considering a return.",2025-09-08
5794,10736,1380,35,3,"Quality is average, packaging could have been better.",2025-12-21
5795,10738,1139,27,3,"Quality is average, packaging could have been better.",2026-05-04
5796,10740,53,120,3,"It's okay, nothing special but does the job.",2025-06-28
5797,10742,1874,21,4,"Works well, matches the description. Happy with it.",2025-08-12
5798,10744,520,17,3,"Average product, expected a bit more for this price.",2026-05-03
5799,10746,1684,95,1,"Very disappointed, product stopped working within days.",2026-06-23
5800,10748,457,57,2,"Not satisfied, quality is below expectations.",2026-06-09
5801,10749,275,40,5,"Excellent product, exactly as described. Very happy with the purchase.",2026-08-17
5802,10751,1583,43,1,"Received a damaged item, requesting refund immediately.",2026-03-13
5803,10753,341,114,3,"Average product, expected a bit more for this price.",2025-07-01
5804,10756,1687,74,1,"Worst experience, will not order this brand again.",2026-07-03
5805,10757,1522,98,5,"Excellent product, exactly as described. Very happy with the purchase.",2026-07-02
5806,10758,133,124,2,Delivery was late and product quality is average at best.,2025-08-10
5807,10760,892,67,3,"Average product, expected a bit more for this price.",2025-05-27
5808,10763,634,77,4,"Works well, matches the description. Happy with it.",2026-07-17
5809,10764,1626,12,3,"Average product, expected a bit more for this price.",2026-03-21
5810,10766,1933,105,4,"Works well, matches the description. Happy with it.",2025-03-08
5811,10767,995,39,2,"Product had minor defects, considering a return.",2025-12-06
5812,10770,1794,44,4,"Nice quality, delivery was a bit delayed but product is good.",2025-03-25
5813,10771,1116,125,1,"Received a damaged item, requesting refund immediately.",2024-01-18
5814,10772,108,85,5,Superb quality and fast delivery. Highly recommend to everyone.,2026-01-05
5815,10773,991,13,5,"Excellent product, exactly as described. Very happy with the purchase.",2025-07-20
5816,10775,1711,104,4,"Works well, matches the description. Happy with it.",2026-05-28
5817,10777,1666,76,4,"Works well, matches the description. Happy with it.",2025-10-11
5818,10779,409,81,2,Delivery was late and product quality is average at best.,2026-01-05
5819,10780,738,118,3,"It's okay, nothing special but does the job.",2025-12-21
5820,10782,941,46,3,"Quality is average, packaging could have been better.",2025-05-04
5821,10783,1390,69,4,"Works well, matches the description. Happy with it.",2025-10-02
5822,10784,1644,58,4,"Works well, matches the description. Happy with it.",2026-02-28
5823,10785,1318,114,1,"Received a damaged item, requesting refund immediately.",2026-01-31
5824,10787,765,27,5,"Excellent product, exactly as described. Very happy with the purchase.",2026-02-14
5825,10791,1691,35,2,"Not satisfied, quality is below expectations.",2025-11-12
5826,10793,1577,124,1,"Poor quality, does not match the images shown online.",2025-04-05
5827,10796,1321,13,1,"Received a damaged item, requesting refund immediately.",2025-10-18
5828,10798,1907,30,2,"Product had minor defects, considering a return.",2026-02-10
5829,10799,979,62,4,"Nice quality, delivery was a bit delayed but product is good.",2026-02-22
5830,10800,1560,115,4,"Works well, matches the description. Happy with it.",2026-07-27
5831,10802,822,88,5,Superb quality and fast delivery. Highly recommend to everyone.,2026-05-30
5832,10803,240,122,5,Superb quality and fast delivery. Highly recommend to everyone.,2025-04-26
5833,10805,1630,50,5,Best in this price range. Will buy again from this brand.,2025-05-22
5834,10806,676,93,4,"Decent product for the price, would recommend with minor caution.",2025-10-09
5835,10807,1810,84,4,"Good product overall, minor issues but satisfied with the purchase.",2026-07-05
5836,10809,292,126,5,"Excellent product, exactly as described. Very happy with the purchase.",2026-03-17
5837,10810,1644,23,2,"Not satisfied, quality is below expectations.",2026-02-27
5838,10811,205,22,5,Superb quality and fast delivery. Highly recommend to everyone.,2026-01-12
5839,10812,279,41,4,"Nice quality, delivery was a bit delayed but product is good.",2024-10-06
5840,10813,1410,67,3,"Quality is average, packaging could have been better.",2025-08-04
5841,10814,687,36,3,"It's okay, nothing special but does the job.",2025-06-07
5842,10817,1304,72,5,Best in this price range. Will buy again from this brand.,2025-08-05
5843,10818,1172,13,3,"It's okay, nothing special but does the job.",2025-06-21
5844,10819,1630,49,4,"Nice quality, delivery was a bit delayed but product is good.",2025-07-13
5845,10821,1919,20,4,"Nice quality, delivery was a bit delayed but product is good.",2026-06-15
5846,10823,1923,40,2,"Product had minor defects, considering a return.",2025-10-01
5847,10826,109,107,3,"It's okay, nothing special but does the job.",2026-01-09
5848,10827,1949,115,3,"It's okay, nothing special but does the job.",2025-11-03
5849,10830,1573,106,3,"Quality is average, packaging could have been better.",2025-08-26
5850,10831,773,50,5,Best in this price range. Will buy again from this brand.,2025-10-06
5851,10834,745,41,5,Best in this price range. Will buy again from this brand.,2024-06-08
5852,10836,380,112,5,Superb quality and fast delivery. Highly recommend to everyone.,2024-07-27
5853,10837,40,34,5,Best in this price range. Will buy again from this brand.,2024-10-18
5854,10839,21,54,3,Product is fine but delivery took longer than expected.,2026-01-20
5855,10840,856,125,2,"Not satisfied, quality is below expectations.",2024-06-08
5856,10845,266,78,4,"Decent product for the price, would recommend with minor caution.",2025-05-19
5857,10847,711,42,5,Superb quality and fast delivery. Highly recommend to everyone.,2026-01-26
5858,10848,285,57,4,"Works well, matches the description. Happy with it.",2026-01-07
5859,10849,1598,76,3,"It's okay, nothing special but does the job.",2026-04-06
5860,10851,497,38,4,"Good product overall, minor issues but satisfied with the purchase.",2026-03-17
5861,10852,566,7,3,Product is fine but delivery took longer than expected.,2025-03-19
5862,10859,1714,122,5,Superb quality and fast delivery. Highly recommend to everyone.,2025-06-19
5863,10860,1099,61,3,"Quality is average, packaging could have been better.",2025-07-11
5864,10864,1788,75,3,"Quality is average, packaging could have been better.",2024-01-11
5865,10868,772,44,2,"Product had minor defects, considering a return.",2025-08-28
5866,10870,863,58,4,"Good product overall, minor issues but satisfied with the purchase.",2025-02-14
5867,10872,213,23,4,"Works well, matches the description. Happy with it.",2026-08-17
5868,10873,1979,20,4,"Nice quality, delivery was a bit delayed but product is good.",2025-09-02
5869,10874,256,44,4,"Decent product for the price, would recommend with minor caution.",2024-12-26
5870,10876,1182,78,4,"Works well, matches the description. Happy with it.",2025-11-14
5871,10878,1532,9,3,Product is fine but delivery took longer than expected.,2025-09-05
5872,10880,559,107,3,"Average product, expected a bit more for this price.",2025-04-23
5873,10881,856,81,3,"Average product, expected a bit more for this price.",2025-09-25
5874,10883,45,36,3,"It's okay, nothing special but does the job.",2024-01-20
5875,10886,1706,114,4,"Decent product for the price, would recommend with minor caution.",2025-04-25
5876,10889,1682,102,5,Best in this price range. Will buy again from this brand.,2024-12-23
5877,10890,1099,52,5,"Excellent product, exactly as described. Very happy with the purchase.",2025-07-26
5878,10891,957,64,4,"Nice quality, delivery was a bit delayed but product is good.",2025-04-07
5879,10892,726,56,5,Best in this price range. Will buy again from this brand.,2026-06-03
5880,10897,614,47,3,"It's okay, nothing special but does the job.",2026-02-26
5881,10899,1732,79,5,"Excellent product, exactly as described. Very happy with the purchase.",2025-02-05
5882,10900,459,4,4,"Good product overall, minor issues but satisfied with the purchase.",2025-07-20
5883,10901,662,12,3,"Average product, expected a bit more for this price.",2026-05-10
5884,10902,1369,34,4,"Decent product for the price, would recommend with minor caution.",2026-04-10
5885,10903,961,93,5,Superb quality and fast delivery. Highly recommend to everyone.,2025-12-25
5886,10904,889,106,4,"Decent product for the price, would recommend with minor caution.",2025-01-18
5887,10905,1188,16,4,"Good product overall, minor issues but satisfied with the purchase.",2025-11-26
5888,10907,1000,101,3,Product is fine but delivery took longer than expected.,2026-04-04
5889,10908,212,111,4,"Good product overall, minor issues but satisfied with the purchase.",2025-11-18
5890,10911,885,68,3,Product is fine but delivery took longer than expected.,2025-05-13
5891,10912,1342,118,5,Best in this price range. Will buy again from this brand.,2026-02-17
5892,10913,983,40,5,Superb quality and fast delivery. Highly recommend to everyone.,2025-09-29
5893,10915,1077,15,3,"Quality is average, packaging could have been better.",2026-08-17
5894,10916,1579,28,2,"Product had minor defects, considering a return.",2025-04-04
5895,10917,51,109,2,"Not worth the price, expected better quality.",2026-05-10
5896,10919,528,8,1,"Worst experience, will not order this brand again.",2024-09-07
5897,10921,1537,90,3,"Quality is average, packaging could have been better.",2025-09-19
5898,10923,1733,60,2,Delivery was late and product quality is average at best.,2025-09-03
5899,10924,955,101,5,"Excellent product, exactly as described. Very happy with the purchase.",2026-02-11
5900,10928,1373,112,2,Delivery was late and product quality is average at best.,2025-05-28
5901,10930,838,60,4,"Works well, matches the description. Happy with it.",2025-12-10
5902,10935,1042,47,4,"Works well, matches the description. Happy with it.",2025-06-30
5903,10937,1394,27,5,Best in this price range. Will buy again from this brand.,2024-07-22
5904,10940,1853,119,5,Amazing value for money. Packaging was also very good.,2025-09-04
5905,10942,1290,12,5,Superb quality and fast delivery. Highly recommend to everyone.,2026-08-07
5906,10943,1569,54,5,"Excellent product, exactly as described. Very happy with the purchase.",2025-10-16
5907,10945,454,34,3,Product is fine but delivery took longer than expected.,2023-12-10
5908,10949,1790,106,1,"Poor quality, does not match the images shown online.",2025-02-26
5909,10953,203,15,4,"Good product overall, minor issues but satisfied with the purchase.",2026-06-11
5910,10954,119,111,5,Amazing value for money. Packaging was also very good.,2026-06-03
5911,10955,811,7,4,"Decent product for the price, would recommend with minor caution.",2025-04-25
5912,10956,621,77,5,Best in this price range. Will buy again from this brand.,2026-02-14
5913,10961,1375,83,5,Best in this price range. Will buy again from this brand.,2025-11-01
5914,10962,1390,39,5,"Excellent product, exactly as described. Very happy with the purchase.",2025-10-24
5915,10963,1711,110,2,"Not satisfied, quality is below expectations.",2026-08-17
5916,10964,1089,67,5,"Excellent product, exactly as described. Very happy with the purchase.",2026-04-02
5917,10966,107,106,3,"Quality is average, packaging could have been better.",2024-05-20
5918,10967,71,4,4,"Works well, matches the description. Happy with it.",2026-04-06
5919,10968,141,66,2,Delivery was late and product quality is average at best.,2026-07-13
5920,10971,1988,115,3,"It's okay, nothing special but does the job.",2025-07-22
5921,10972,1122,63,2,Delivery was late and product quality is average at best.,2026-08-17
5922,10973,1408,4,3,"Quality is average, packaging could have been better.",2025-10-31
5923,10976,394,117,4,"Nice quality, delivery was a bit delayed but product is good.",2025-02-17
5924,10978,5,47,5,Amazing value for money. Packaging was also very good.,2026-05-06
5925,10980,1348,22,4,"Decent product for the price, would recommend with minor caution.",2025-05-04
5926,10982,1176,122,2,Delivery was late and product quality is average at best.,2024-11-17
5927,10985,1364,88,2,"Not satisfied, quality is below expectations.",2026-07-05
5928,10987,1372,67,5,"Excellent product, exactly as described. Very happy with the purchase.",2025-09-14
5929,10988,1733,127,4,"Nice quality, delivery was a bit delayed but product is good.",2026-05-29
5930,10993,656,73,4,"Decent product for the price, would recommend with minor caution.",2026-05-06
5931,10994,657,92,3,"Quality is average, packaging could have been better.",2025-10-13
5932,10996,956,29,2,"Not satisfied, quality is below expectations.",2025-08-23
5933,10997,1718,70,4,"Nice quality, delivery was a bit delayed but product is good.",2025-09-19
5934,10999,824,96,5,Amazing value for money. Packaging was also very good.,2025-10-19
5935,11000,1051,56,5,Amazing value for money. Packaging was also very good.,2026-07-15
5936,11001,1821,74,3,Product is fine but delivery took longer than expected.,2026-02-20
5937,11002,1822,25,3,"Average product, expected a bit more for this price.",2025-12-04
5938,11003,1626,10,3,"Average product, expected a bit more for this price.",2025-08-01
5939,11005,857,25,4,"Good product overall, minor issues but satisfied with the purchase.",2026-02-13
5940,11006,1175,39,4,"Good product overall, minor issues but satisfied with the purchase.",2025-03-06
5941,11007,794,29,5,Best in this price range. Will buy again from this brand.,2025-01-03
5942,11008,1930,52,4,"Works well, matches the description. Happy with it.",2026-06-08
5943,11009,928,8,3,"Average product, expected a bit more for this price.",2026-04-21
5944,11010,714,3,4,"Decent product for the price, would recommend with minor caution.",2024-09-25
5945,11011,641,6,3,"Average product, expected a bit more for this price.",2025-11-16
5946,11015,1130,1,4,"Decent product for the price, would recommend with minor caution.",2025-09-13
5947,11017,811,70,3,Product is fine but delivery took longer than expected.,2026-03-13
5948,11020,1008,124,4,"Good product overall, minor issues but satisfied with the purchase.",2026-04-29
5949,11022,818,31,3,"It's okay, nothing special but does the job.",2026-04-10
5950,11024,150,90,2,"Not worth the price, expected better quality.",2026-03-13
5951,11026,1996,86,3,"Quality is average, packaging could have been better.",2025-09-27
5952,11028,1396,104,2,"Not satisfied, quality is below expectations.",2026-05-06
5953,11030,723,33,4,"Nice quality, delivery was a bit delayed but product is good.",2026-04-25
5954,11032,754,7,5,Amazing value for money. Packaging was also very good.,2025-09-14
5955,11033,1422,50,4,"Decent product for the price, would recommend with minor caution.",2025-10-03
5956,11035,1088,105,1,"Received a damaged item, requesting refund immediately.",2024-09-16
5957,11036,1307,113,2,"Not satisfied, quality is below expectations.",2025-05-20
5958,11038,1466,60,4,"Nice quality, delivery was a bit delayed but product is good.",2026-06-26
5959,11039,87,64,5,Amazing value for money. Packaging was also very good.,2026-01-12
5960,11040,1140,41,4,"Decent product for the price, would recommend with minor caution.",2026-04-22
5961,11041,39,97,4,"Nice quality, delivery was a bit delayed but product is good.",2026-08-17
5962,11042,600,100,4,"Decent product for the price, would recommend with minor caution.",2026-03-15
5963,11043,476,24,3,"Average product, expected a bit more for this price.",2025-07-30
5964,11044,1206,113,5,Superb quality and fast delivery. Highly recommend to everyone.,2025-03-31
5965,11045,1025,127,2,Delivery was late and product quality is average at best.,2025-05-03
5966,11048,14,123,5,"Excellent product, exactly as described. Very happy with the purchase.",2025-05-05
5967,11050,630,119,2,"Not satisfied, quality is below expectations.",2024-07-28
5968,11051,89,126,3,Product is fine but delivery took longer than expected.,2026-03-08
5969,11052,1168,113,3,"Quality is average, packaging could have been better.",2025-08-27
5970,11053,1241,32,4,"Works well, matches the description. Happy with it.",2025-05-05
5971,11054,349,98,4,"Good product overall, minor issues but satisfied with the purchase.",2025-06-04
5972,11056,1856,111,2,"Not worth the price, expected better quality.",2024-05-10
5973,11057,134,89,2,"Not satisfied, quality is below expectations.",2025-10-25
5974,11058,1724,93,3,"Average product, expected a bit more for this price.",2025-01-05
5975,11063,972,116,2,Delivery was late and product quality is average at best.,2025-06-27
5976,11064,1753,12,2,Delivery was late and product quality is average at best.,2026-02-24
5977,11068,1295,110,1,"Received a damaged item, requesting refund immediately.",2025-12-08
5978,11070,1078,83,4,"Works well, matches the description. Happy with it.",2025-05-24
5979,11071,970,50,3,Product is fine but delivery took longer than expected.,2025-10-15
5980,11072,1135,64,3,"Quality is average, packaging could have been better.",2026-08-17
5981,11073,973,121,5,Amazing value for money. Packaging was also very good.,2024-01-13
5982,11075,794,111,2,"Not satisfied, quality is below expectations.",2025-11-12
5983,11076,1903,21,1,"Worst experience, will not order this brand again.",2025-12-30
5984,11078,1019,44,4,"Nice quality, delivery was a bit delayed but product is good.",2026-02-23
5985,11080,9,48,4,"Works well, matches the description. Happy with it.",2025-12-13
5986,11081,17,123,1,"Received a damaged item, requesting refund immediately.",2026-02-11
5987,11083,1732,72,5,Amazing value for money. Packaging was also very good.,2025-06-05
5988,11087,1847,64,5,Amazing value for money. Packaging was also very good.,2026-04-06
5989,11088,1902,52,5,Amazing value for money. Packaging was also very good.,2026-03-09
5990,11092,1325,58,4,"Nice quality, delivery was a bit delayed but product is good.",2025-09-30
5991,11094,1570,67,4,"Works well, matches the description. Happy with it.",2025-09-01
5992,11096,1382,125,4,"Nice quality, delivery was a bit delayed but product is good.",2024-10-01
5993,11097,1200,27,2,"Not satisfied, quality is below expectations.",2026-05-21
5994,11098,160,54,4,"Nice quality, delivery was a bit delayed but product is good.",2025-08-30
5995,11100,758,77,4,"Nice quality, delivery was a bit delayed but product is good.",2026-03-13
5996,11101,1540,61,4,"Good product overall, minor issues but satisfied with the purchase.",2025-01-18
5997,11102,1705,92,3,"Average product, expected a bit more for this price.",2025-12-21
5998,11106,1412,49,3,Product is fine but delivery took longer than expected.,2026-01-07
5999,11108,1866,50,1,"Received a damaged item, requesting refund immediately.",2025-08-17
6000,11109,619,21,1,"Worst experience, will not order this brand again.",2026-03-03
6001,11110,1224,107,1,"Very disappointed, product stopped working within days.",2025-09-14
6002,11111,1215,125,5,Superb quality and fast delivery. Highly recommend to everyone.,2025-11-04
6003,11113,1158,129,2,Delivery was late and product quality is average at best.,2026-01-09
6004,11116,927,12,5,Best in this price range. Will buy again from this brand.,2025-05-10
6005,11119,1381,92,1,"Poor quality, does not match the images shown online.",2024-12-19
6006,11120,509,39,4,"Works well, matches the description. Happy with it.",2025-12-06
6007,11124,253,119,4,"Decent product for the price, would recommend with minor caution.",2025-07-12
6008,11125,1532,5,3,"Average product, expected a bit more for this price.",2025-04-02
6009,11128,1722,62,4,"Decent product for the price, would recommend with minor caution.",2025-09-12
6010,11130,1502,19,4,"Nice quality, delivery was a bit delayed but product is good.",2026-06-09
6011,11131,1790,43,4,"Works well, matches the description. Happy with it.",2026-06-19
6012,11132,1167,127,3,"Quality is average, packaging could have been better.",2026-05-10
6013,11133,269,63,4,"Decent product for the price, would recommend with minor caution.",2025-12-15
6014,11134,1739,70,5,Amazing value for money. Packaging was also very good.,2025-09-16
6015,11135,1249,50,3,Product is fine but delivery took longer than expected.,2025-04-08
6016,11136,1742,8,3,"Average product, expected a bit more for this price.",2025-09-10
6017,11139,594,14,2,"Product had minor defects, considering a return.",2024-09-02
6018,11142,1661,4,4,"Nice quality, delivery was a bit delayed but product is good.",2024-12-24
6019,11143,1866,45,3,"Quality is average, packaging could have been better.",2026-02-08
6020,11144,1324,121,5,Best in this price range. Will buy again from this brand.,2025-01-29
6021,11145,1072,35,5,Superb quality and fast delivery. Highly recommend to everyone.,2026-04-29
6022,11146,925,18,4,"Good product overall, minor issues but satisfied with the purchase.",2025-07-14
6023,11147,443,44,5,Superb quality and fast delivery. Highly recommend to everyone.,2025-10-26
6024,11148,1034,72,4,"Good product overall, minor issues but satisfied with the purchase.",2026-02-01
6025,11149,195,42,5,Best in this price range. Will buy again from this brand.,2026-05-14
6026,11150,6,116,3,"Quality is average, packaging could have been better.",2026-06-08
6027,11151,916,104,3,"Quality is average, packaging could have been better.",2026-05-03
6028,11154,1121,129,1,"Received a damaged item, requesting refund immediately.",2025-11-03
6029,11156,1798,97,4,"Nice quality, delivery was a bit delayed but product is good.",2025-03-18
6030,11158,1467,93,2,"Product had minor defects, considering a return.",2025-05-25
6031,11162,1529,76,4,"Works well, matches the description. Happy with it.",2026-04-12
6032,11163,525,77,3,"Quality is average, packaging could have been better.",2026-05-16
6033,11165,1517,75,5,Superb quality and fast delivery. Highly recommend to everyone.,2025-12-22
6034,11167,706,117,1,"Worst experience, will not order this brand again.",2024-12-07
6035,11170,1793,89,4,"Good product overall, minor issues but satisfied with the purchase.",2026-05-03
6036,11171,157,91,3,"Average product, expected a bit more for this price.",2025-09-09
6037,11172,219,41,4,"Works well, matches the description. Happy with it.",2025-12-04
6038,11178,483,31,5,Superb quality and fast delivery. Highly recommend to everyone.,2026-05-13
6039,11179,1858,69,4,"Decent product for the price, would recommend with minor caution.",2026-05-10
6040,11180,1325,58,1,"Worst experience, will not order this brand again.",2026-04-12
6041,11183,234,44,5,"Excellent product, exactly as described. Very happy with the purchase.",2025-03-10
6042,11184,210,52,2,Delivery was late and product quality is average at best.,2025-07-16
6043,11186,15,49,1,"Very disappointed, product stopped working within days.",2026-04-30
6044,11188,1267,32,3,"Average product, expected a bit more for this price.",2025-10-26
6045,11190,1991,88,5,Best in this price range. Will buy again from this brand.,2024-11-03
6046,11192,1716,50,3,"Quality is average, packaging could have been better.",2025-10-18
6047,11195,1544,44,5,Superb quality and fast delivery. Highly recommend to everyone.,2025-12-06
6048,11196,1790,104,2,"Product had minor defects, considering a return.",2025-02-16
6049,11198,389,128,2,"Product had minor defects, considering a return.",2025-12-12
6050,11200,23,99,4,"Nice quality, delivery was a bit delayed but product is good.",2025-08-05
6051,11204,1456,68,2,Delivery was late and product quality is average at best.,2026-02-23
6052,11207,678,39,3,"It's okay, nothing special but does the job.",2026-04-10
6053,11208,378,112,4,"Decent product for the price, would recommend with minor caution.",2025-07-27
6054,11209,547,82,4,"Nice quality, delivery was a bit delayed but product is good.",2025-02-12
6055,11210,121,102,4,"Decent product for the price, would recommend with minor caution.",2026-04-14
6056,11211,817,69,5,Superb quality and fast delivery. Highly recommend to everyone.,2026-07-05
6057,11214,1461,128,5,Amazing value for money. Packaging was also very good.,2026-05-28
6058,11218,576,105,4,"Good product overall, minor issues but satisfied with the purchase.",2025-01-11
6059,11219,1342,54,1,"Worst experience, will not order this brand again.",2024-11-20
6060,11220,222,54,3,Product is fine but delivery took longer than expected.,2025-07-26
6061,11221,754,21,4,"Good product overall, minor issues but satisfied with the purchase.",2025-08-27
6062,11224,200,63,2,Delivery was late and product quality is average at best.,2026-08-17
6063,11226,317,2,4,"Good product overall, minor issues but satisfied with the purchase.",2026-05-15
6064,11229,1689,76,5,"Excellent product, exactly as described. Very happy with the purchase.",2024-11-04
6065,11230,388,95,2,"Product had minor defects, considering a return.",2026-07-03
6066,11231,1114,105,4,"Nice quality, delivery was a bit delayed but product is good.",2026-01-29
6067,11232,1320,3,2,"Product had minor defects, considering a return.",2025-11-18
6068,11236,138,54,5,"Excellent product, exactly as described. Very happy with the purchase.",2026-03-16
6069,11237,906,97,5,Superb quality and fast delivery. Highly recommend to everyone.,2025-04-21
6070,11238,1399,34,4,"Works well, matches the description. Happy with it.",2025-09-05
6071,11240,1378,72,5,Best in this price range. Will buy again from this brand.,2026-06-14
6072,11241,203,56,4,"Good product overall, minor issues but satisfied with the purchase.",2026-06-07
6073,11242,1392,17,4,"Good product overall, minor issues but satisfied with the purchase.",2026-04-06
6074,11243,1453,71,2,"Not satisfied, quality is below expectations.",2025-07-28
6075,11244,1800,95,4,"Decent product for the price, would recommend with minor caution.",2025-09-25
6076,11245,216,20,5,Superb quality and fast delivery. Highly recommend to everyone.,2025-04-18
6077,11247,860,71,2,"Not satisfied, quality is below expectations.",2026-04-08
6078,11254,40,13,4,"Nice quality, delivery was a bit delayed but product is good.",2025-02-07
6079,11257,1363,52,5,Amazing value for money. Packaging was also very good.,2026-02-04
6080,11259,252,87,5,Amazing value for money. Packaging was also very good.,2026-04-24
6081,11263,1035,13,2,"Product had minor defects, considering a return.",2026-03-15
6082,11265,547,15,3,"Quality is average, packaging could have been better.",2025-11-15
6083,11266,1566,68,2,Delivery was late and product quality is average at best.,2025-12-02
6084,11268,606,119,5,Amazing value for money. Packaging was also very good.,2024-11-04
6085,11269,394,88,4,"Works well, matches the description. Happy with it.",2025-06-25
6086,11271,846,60,5,Best in this price range. Will buy again from this brand.,2025-02-14
6087,11275,343,64,1,"Very disappointed, product stopped working within days.",2026-01-25
6088,11276,1996,1,3,"Average product, expected a bit more for this price.",2026-02-07
6089,11279,998,108,3,"Quality is average, packaging could have been better.",2026-05-12
6090,11281,349,83,1,"Received a damaged item, requesting refund immediately.",2025-09-14
6091,11282,798,70,3,"Average product, expected a bit more for this price.",2026-03-29
6092,11285,1213,45,5,Amazing value for money. Packaging was also very good.,2023-12-28
6093,11289,1505,55,1,"Poor quality, does not match the images shown online.",2026-04-24
6094,11290,594,114,3,"Quality is average, packaging could have been better.",2025-03-11
6095,11293,1959,59,5,Best in this price range. Will buy again from this brand.,2025-11-03
6096,11296,1520,31,5,"Excellent product, exactly as described. Very happy with the purchase.",2025-04-03
6097,11297,781,19,4,"Works well, matches the description. Happy with it.",2026-05-12
6098,11298,66,18,4,"Works well, matches the description. Happy with it.",2026-05-12
6099,11300,516,72,5,Superb quality and fast delivery. Highly recommend to everyone.,2026-02-24
6100,11302,26,97,5,"Excellent product, exactly as described. Very happy with the purchase.",2025-11-25
6101,11305,18,112,4,"Works well, matches the description. Happy with it.",2025-12-27
6102,11307,1729,41,4,"Nice quality, delivery was a bit delayed but product is good.",2026-03-18
6103,11310,356,44,5,Superb quality and fast delivery. Highly recommend to everyone.,2026-02-24
6104,11311,1746,124,2,Delivery was late and product quality is average at best.,2026-06-08
6105,11312,216,42,5,Amazing value for money. Packaging was also very good.,2025-07-22
6106,11313,161,101,4,"Good product overall, minor issues but satisfied with the purchase.",2026-04-02
6107,11317,1452,121,4,"Works well, matches the description. Happy with it.",2025-08-29
6108,11318,988,66,4,"Good product overall, minor issues but satisfied with the purchase.",2025-04-08
6109,11319,1729,101,3,"Average product, expected a bit more for this price.",2026-03-24
6110,11321,219,58,5,Amazing value for money. Packaging was also very good.,2026-01-31
6111,11322,139,16,5,"Excellent product, exactly as described. Very happy with the purchase.",2025-06-23
6112,11324,1944,56,3,Product is fine but delivery took longer than expected.,2026-06-08
6113,11328,1785,3,3,Product is fine but delivery took longer than expected.,2025-02-21
6114,11329,1467,28,4,"Nice quality, delivery was a bit delayed but product is good.",2025-11-10
6115,11332,1656,101,5,Amazing value for money. Packaging was also very good.,2025-12-28
6116,11334,312,79,4,"Decent product for the price, would recommend with minor caution.",2025-10-18
6117,11335,1492,99,1,"Worst experience, will not order this brand again.",2025-03-23
6118,11338,1589,121,5,Best in this price range. Will buy again from this brand.,2025-02-27
6119,11342,1632,79,5,Amazing value for money. Packaging was also very good.,2026-03-06
6120,11343,342,83,5,"Excellent product, exactly as described. Very happy with the purchase.",2025-04-17
6121,11344,232,57,4,"Nice quality, delivery was a bit delayed but product is good.",2026-02-05
6122,11345,1492,55,3,"Average product, expected a bit more for this price.",2024-11-15
6123,11346,1037,124,4,"Nice quality, delivery was a bit delayed but product is good.",2025-04-05
6124,11348,841,115,5,Superb quality and fast delivery. Highly recommend to everyone.,2025-01-30
6125,11350,1054,101,4,"Decent product for the price, would recommend with minor caution.",2026-07-31
6126,11351,1895,103,2,"Not satisfied, quality is below expectations.",2026-01-15
6127,11352,1103,125,4,"Nice quality, delivery was a bit delayed but product is good.",2025-05-21
6128,11353,624,104,5,Best in this price range. Will buy again from this brand.,2025-11-18
6129,11355,190,5,4,"Nice quality, delivery was a bit delayed but product is good.",2026-08-17
6130,11356,238,24,3,Product is fine but delivery took longer than expected.,2025-12-13
6131,11357,1972,64,3,"Average product, expected a bit more for this price.",2026-07-03
6132,11359,934,51,2,Delivery was late and product quality is average at best.,2025-09-20
6133,11360,1942,39,4,"Works well, matches the description. Happy with it.",2026-06-20
6134,11361,1142,70,5,Amazing value for money. Packaging was also very good.,2025-08-27
6135,11363,1331,28,4,"Nice quality, delivery was a bit delayed but product is good.",2026-07-18
6136,11365,214,101,4,"Nice quality, delivery was a bit delayed but product is good.",2026-08-10
6137,11366,781,4,4,"Good product overall, minor issues but satisfied with the purchase.",2024-10-17
6138,11367,631,44,5,Amazing value for money. Packaging was also very good.,2026-01-11
6139,11368,416,97,1,"Very disappointed, product stopped working within days.",2025-03-09
6140,11369,1868,59,4,"Good product overall, minor issues but satisfied with the purchase.",2026-03-03
6141,11371,562,39,3,"Quality is average, packaging could have been better.",2024-12-09
6142,11373,631,106,4,"Works well, matches the description. Happy with it.",2026-01-08
6143,11375,280,40,3,"Average product, expected a bit more for this price.",2025-07-27
6144,11376,209,9,4,"Nice quality, delivery was a bit delayed but product is good.",2024-09-10
6145,11377,176,67,2,Delivery was late and product quality is average at best.,2024-11-10
6146,11379,368,32,3,"Average product, expected a bit more for this price.",2025-12-11
6147,11380,108,83,4,"Good product overall, minor issues but satisfied with the purchase.",2026-04-01
6148,11381,400,97,4,"Works well, matches the description. Happy with it.",2025-02-09
6149,11382,854,72,5,Amazing value for money. Packaging was also very good.,2025-09-25
6150,11383,839,102,5,Best in this price range. Will buy again from this brand.,2025-05-11
6151,11384,1484,64,3,Product is fine but delivery took longer than expected.,2026-04-06
6152,11385,851,116,2,Delivery was late and product quality is average at best.,2026-02-16
6153,11387,1423,24,4,"Nice quality, delivery was a bit delayed but product is good.",2025-01-20
6154,11389,596,29,4,"Good product overall, minor issues but satisfied with the purchase.",2025-10-06
6155,11391,1315,102,3,Product is fine but delivery took longer than expected.,2024-10-16
6156,11392,1302,108,5,Superb quality and fast delivery. Highly recommend to everyone.,2025-11-14
6157,11393,977,2,3,"It's okay, nothing special but does the job.",2025-02-28
6158,11396,1924,45,2,"Not worth the price, expected better quality.",2026-06-23
6159,11399,831,91,1,"Very disappointed, product stopped working within days.",2026-08-17
6160,11400,1690,78,5,Amazing value for money. Packaging was also very good.,2025-06-18
6161,11401,46,10,1,"Worst experience, will not order this brand again.",2026-03-04
6162,11407,372,8,4,"Nice quality, delivery was a bit delayed but product is good.",2025-07-07
6163,11408,367,110,5,Best in this price range. Will buy again from this brand.,2024-10-26
6164,11409,609,5,2,Delivery was late and product quality is average at best.,2026-02-03
6165,11410,876,94,4,"Decent product for the price, would recommend with minor caution.",2026-02-27
6166,11413,1799,74,4,"Decent product for the price, would recommend with minor caution.",2025-03-19
6167,11415,1725,54,2,Delivery was late and product quality is average at best.,2025-10-12
6168,11416,1726,83,4,"Good product overall, minor issues but satisfied with the purchase.",2025-01-06
6169,11417,1268,97,5,Best in this price range. Will buy again from this brand.,2025-11-15
6170,11418,138,13,5,Best in this price range. Will buy again from this brand.,2025-12-03
6171,11420,1281,70,3,"Quality is average, packaging could have been better.",2025-04-25
6172,11421,420,101,4,"Good product overall, minor issues but satisfied with the purchase.",2025-02-16
6173,11422,1547,81,4,"Nice quality, delivery was a bit delayed but product is good.",2026-01-12
6174,11423,1306,102,4,"Decent product for the price, would recommend with minor caution.",2026-07-13
6175,11425,1291,93,5,Amazing value for money. Packaging was also very good.,2024-11-11
6176,11428,1666,122,4,"Good product overall, minor issues but satisfied with the purchase.",2025-01-18
6177,11429,1799,36,4,"Decent product for the price, would recommend with minor caution.",2025-08-18
6178,11430,1366,96,4,"Good product overall, minor issues but satisfied with the purchase.",2025-01-10
6179,11431,1759,15,3,"Average product, expected a bit more for this price.",2026-03-03
6180,11434,1216,66,1,"Poor quality, does not match the images shown online.",2026-04-04
6181,11435,1974,12,4,"Good product overall, minor issues but satisfied with the purchase.",2026-01-14
6182,11436,1037,56,1,"Received a damaged item, requesting refund immediately.",2025-08-01
6183,11439,1084,105,5,"Excellent product, exactly as described. Very happy with the purchase.",2026-01-27
6184,11442,156,35,5,Superb quality and fast delivery. Highly recommend to everyone.,2025-03-28
6185,11443,966,76,2,"Product had minor defects, considering a return.",2025-02-21
6186,11444,1290,31,4,"Nice quality, delivery was a bit delayed but product is good.",2026-08-17
6187,11446,1633,59,4,"Nice quality, delivery was a bit delayed but product is good.",2026-03-03
6188,11447,922,107,2,Delivery was late and product quality is average at best.,2025-01-19
6189,11449,1006,50,4,"Nice quality, delivery was a bit delayed but product is good.",2025-05-10
6190,11450,973,123,4,"Nice quality, delivery was a bit delayed but product is good.",2025-05-18
6191,11452,254,92,4,"Works well, matches the description. Happy with it.",2026-05-06
6192,11453,771,63,4,"Works well, matches the description. Happy with it.",2025-12-20
6193,11454,215,110,2,"Product had minor defects, considering a return.",2026-03-25
6194,11455,1393,32,3,"Quality is average, packaging could have been better.",2025-03-02
6195,11457,299,114,5,"Excellent product, exactly as described. Very happy with the purchase.",2026-01-25
6196,11459,162,108,4,"Decent product for the price, would recommend with minor caution.",2026-07-16
6197,11460,73,100,2,"Not worth the price, expected better quality.",2026-07-02
6198,11462,1587,33,5,"Excellent product, exactly as described. Very happy with the purchase.",2026-03-08
6199,11464,1928,87,4,"Good product overall, minor issues but satisfied with the purchase.",2026-07-15
6200,11465,729,25,5,Best in this price range. Will buy again from this brand.,2026-04-17
6201,11467,1601,116,1,"Poor quality, does not match the images shown online.",2025-07-21
6202,11468,598,95,4,"Good product overall, minor issues but satisfied with the purchase.",2025-05-01
6203,11469,1678,63,2,"Not worth the price, expected better quality.",2025-08-18
6204,11472,1145,3,4,"Nice quality, delivery was a bit delayed but product is good.",2025-01-16
6205,11473,1794,28,3,"It's okay, nothing special but does the job.",2025-11-22
6206,11474,1975,61,5,"Excellent product, exactly as described. Very happy with the purchase.",2025-08-08
6207,11477,1720,16,4,"Works well, matches the description. Happy with it.",2025-10-08
6208,11478,417,35,1,"Worst experience, will not order this brand again.",2024-08-20
6209,11479,859,106,3,Product is fine but delivery took longer than expected.,2025-10-13
6210,11480,1013,104,4,"Good product overall, minor issues but satisfied with the purchase.",2025-06-18
6211,11481,299,123,5,Best in this price range. Will buy again from this brand.,2026-04-11
6212,11482,761,103,4,"Nice quality, delivery was a bit delayed but product is good.",2026-01-15
6213,11483,1654,15,5,Amazing value for money. Packaging was also very good.,2026-05-12
6214,11484,1581,116,4,"Decent product for the price, would recommend with minor caution.",2025-10-21
6215,11485,1492,11,5,Superb quality and fast delivery. Highly recommend to everyone.,2026-04-22
6216,11490,247,75,2,"Not satisfied, quality is below expectations.",2026-01-23
6217,11492,458,20,4,"Nice quality, delivery was a bit delayed but product is good.",2024-01-26
6218,11493,170,6,2,"Product had minor defects, considering a return.",2026-01-23
6219,11494,1681,113,1,"Received a damaged item, requesting refund immediately.",2026-06-09
6220,11495,888,82,4,"Decent product for the price, would recommend with minor caution.",2025-09-04
6221,11496,793,42,4,"Nice quality, delivery was a bit delayed but product is good.",2024-08-02
6222,11499,1956,55,4,"Nice quality, delivery was a bit delayed but product is good.",2026-05-17
6223,11502,362,101,5,Amazing value for money. Packaging was also very good.,2025-04-12
6224,11503,1286,11,4,"Works well, matches the description. Happy with it.",2025-12-05
6225,11504,1718,37,5,Superb quality and fast delivery. Highly recommend to everyone.,2026-05-27
6226,11506,1509,46,4,"Good product overall, minor issues but satisfied with the purchase.",2026-03-16
6227,11508,1317,16,5,Best in this price range. Will buy again from this brand.,2025-09-14
6228,11509,1558,110,4,"Good product overall, minor issues but satisfied with the purchase.",2026-06-13
6229,11510,1755,44,5,"Excellent product, exactly as described. Very happy with the purchase.",2026-03-23
6230,11511,1105,79,5,Best in this price range. Will buy again from this brand.,2026-06-29
6231,11513,1844,105,1,"Very disappointed, product stopped working within days.",2026-02-15
6232,11514,342,12,3,"It's okay, nothing special but does the job.",2025-04-11
6233,11515,1502,24,3,"Quality is average, packaging could have been better.",2026-06-04
6234,11518,703,42,4,"Decent product for the price, would recommend with minor caution.",2026-07-22
6235,11519,1700,125,2,Delivery was late and product quality is average at best.,2025-06-03
6236,11520,1667,74,4,"Works well, matches the description. Happy with it.",2025-09-27
6237,11521,712,60,5,Superb quality and fast delivery. Highly recommend to everyone.,2024-05-07
6238,11522,1025,79,4,"Nice quality, delivery was a bit delayed but product is good.",2024-08-12
6239,11523,931,66,4,"Good product overall, minor issues but satisfied with the purchase.",2026-06-01
6240,11524,759,120,4,"Nice quality, delivery was a bit delayed but product is good.",2026-06-23
6241,11526,1317,84,3,"Average product, expected a bit more for this price.",2026-03-25
6242,11532,936,41,2,"Product had minor defects, considering a return.",2026-01-29
6243,11535,1694,5,4,"Good product overall, minor issues but satisfied with the purchase.",2026-03-02
6244,11538,989,71,2,"Not worth the price, expected better quality.",2024-11-30
6245,11539,491,23,1,"Very disappointed, product stopped working within days.",2026-05-22
6246,11540,30,103,4,"Decent product for the price, would recommend with minor caution.",2025-11-17
6247,11541,549,106,4,"Nice quality, delivery was a bit delayed but product is good.",2026-01-23
6248,11543,136,4,3,Product is fine but delivery took longer than expected.,2025-12-27
6249,11547,536,103,5,"Excellent product, exactly as described. Very happy with the purchase.",2026-01-17
6250,11548,289,10,1,"Received a damaged item, requesting refund immediately.",2025-09-01
6251,11553,1159,41,4,"Good product overall, minor issues but satisfied with the purchase.",2026-03-12
6252,11555,991,74,5,Amazing value for money. Packaging was also very good.,2025-12-29
6253,11558,482,27,2,"Product had minor defects, considering a return.",2025-07-25
6254,11559,1720,118,5,"Excellent product, exactly as described. Very happy with the purchase.",2024-08-31
6255,11560,1206,119,2,Delivery was late and product quality is average at best.,2025-04-05
6256,11564,380,32,3,"Average product, expected a bit more for this price.",2025-04-02
6257,11565,986,41,3,"Quality is average, packaging could have been better.",2025-01-14
6258,11566,1798,19,4,"Nice quality, delivery was a bit delayed but product is good.",2025-11-22
6259,11569,650,97,4,"Nice quality, delivery was a bit delayed but product is good.",2025-06-11
6260,11570,1931,77,4,"Works well, matches the description. Happy with it.",2025-11-10
6261,11574,1938,106,5,"Excellent product, exactly as described. Very happy with the purchase.",2026-04-16
6262,11576,820,4,5,Superb quality and fast delivery. Highly recommend to everyone.,2026-03-01
6263,11578,1975,124,4,"Good product overall, minor issues but satisfied with the purchase.",2026-04-08
6264,11579,6,26,5,"Excellent product, exactly as described. Very happy with the purchase.",2025-08-28
6265,11580,1767,57,4,"Works well, matches the description. Happy with it.",2026-02-08
6266,11581,627,47,2,"Product had minor defects, considering a return.",2026-03-27
6267,11582,1401,75,3,"It's okay, nothing special but does the job.",2026-03-11
6268,11584,403,64,4,"Decent product for the price, would recommend with minor caution.",2026-08-15
6269,11585,924,51,3,"It's okay, nothing special but does the job.",2024-06-16
6270,11589,779,111,5,"Excellent product, exactly as described. Very happy with the purchase.",2024-11-19
6271,11591,1678,57,4,"Nice quality, delivery was a bit delayed but product is good.",2026-03-07
6272,11593,51,60,2,"Not worth the price, expected better quality.",2025-03-14
6273,11594,488,112,4,"Decent product for the price, would recommend with minor caution.",2025-06-09
6274,11595,121,40,3,"Quality is average, packaging could have been better.",2026-05-15
6275,11596,690,128,4,"Good product overall, minor issues but satisfied with the purchase.",2025-11-09
6276,11598,471,82,4,"Decent product for the price, would recommend with minor caution.",2026-04-15
6277,11601,777,59,2,"Not satisfied, quality is below expectations.",2026-01-25
6278,11604,956,20,4,"Nice quality, delivery was a bit delayed but product is good.",2025-12-10
6279,11605,187,103,5,"Excellent product, exactly as described. Very happy with the purchase.",2025-04-28
6280,11608,804,93,5,Amazing value for money. Packaging was also very good.,2026-03-03
6281,11611,863,101,4,"Good product overall, minor issues but satisfied with the purchase.",2025-02-08
6282,11613,554,26,1,"Poor quality, does not match the images shown online.",2024-10-25
6283,11614,1233,83,4,"Works well, matches the description. Happy with it.",2026-02-21
6284,11615,76,65,5,Superb quality and fast delivery. Highly recommend to everyone.,2024-11-27
6285,11616,477,39,5,Amazing value for money. Packaging was also very good.,2026-08-17
6286,11617,488,68,4,"Works well, matches the description. Happy with it.",2024-07-03
6287,11623,1616,125,2,"Product had minor defects, considering a return.",2025-03-13
6288,11625,923,18,5,Amazing value for money. Packaging was also very good.,2026-02-13
6289,11626,10,40,4,"Decent product for the price, would recommend with minor caution.",2025-12-15
6290,11628,353,89,1,"Poor quality, does not match the images shown online.",2025-09-08
6291,11629,140,70,5,"Excellent product, exactly as described. Very happy with the purchase.",2025-07-18
6292,11631,504,9,2,"Not satisfied, quality is below expectations.",2025-05-04
6293,11632,1610,99,5,Superb quality and fast delivery. Highly recommend to everyone.,2025-05-20
6294,11633,427,3,4,"Works well, matches the description. Happy with it.",2026-04-21
6295,11634,21,18,4,"Decent product for the price, would recommend with minor caution.",2026-02-21
6296,11636,313,46,3,"Quality is average, packaging could have been better.",2025-10-24
6297,11637,501,82,3,"It's okay, nothing special but does the job.",2025-08-24
6298,11640,1586,48,2,"Not satisfied, quality is below expectations.",2025-08-14
6299,11642,1849,42,5,Amazing value for money. Packaging was also very good.,2025-11-29
6300,11645,1246,35,3,"Quality is average, packaging could have been better.",2026-05-21
6301,11648,283,120,5,Best in this price range. Will buy again from this brand.,2026-02-19
6302,11651,73,35,4,"Works well, matches the description. Happy with it.",2026-07-02
6303,11653,1578,13,3,"Quality is average, packaging could have been better.",2024-05-09
6304,11654,1680,95,3,"Quality is average, packaging could have been better.",2026-04-21
6305,11658,1378,33,4,"Nice quality, delivery was a bit delayed but product is good.",2026-06-04
6306,11659,20,4,3,"Quality is average, packaging could have been better.",2025-11-27
6307,11661,1641,35,3,"Quality is average, packaging could have been better.",2025-10-28
6308,11662,566,51,4,"Decent product for the price, would recommend with minor caution.",2026-02-04
6309,11663,544,68,4,"Nice quality, delivery was a bit delayed but product is good.",2026-03-16
6310,11664,786,38,4,"Decent product for the price, would recommend with minor caution.",2026-04-20
6311,11666,716,95,4,"Decent product for the price, would recommend with minor caution.",2026-07-28
6312,11668,7,113,1,"Very disappointed, product stopped working within days.",2026-07-31
6313,11670,377,71,3,"Average product, expected a bit more for this price.",2026-04-16
6314,11671,1190,103,4,"Good product overall, minor issues but satisfied with the purchase.",2025-03-31
6315,11673,290,81,5,Superb quality and fast delivery. Highly recommend to everyone.,2025-02-10
6316,11676,1280,74,2,"Product had minor defects, considering a return.",2025-06-11
6317,11677,568,82,4,"Decent product for the price, would recommend with minor caution.",2025-10-14
6318,11679,630,32,3,"Quality is average, packaging could have been better.",2025-02-09
6319,11680,1497,18,4,"Nice quality, delivery was a bit delayed but product is good.",2025-10-24
6320,11681,1152,97,4,"Decent product for the price, would recommend with minor caution.",2026-04-23
6321,11682,721,29,5,"Excellent product, exactly as described. Very happy with the purchase.",2023-11-09
6322,11683,865,31,4,"Works well, matches the description. Happy with it.",2025-10-29
6323,11688,606,44,5,Best in this price range. Will buy again from this brand.,2025-07-21
6324,11689,159,48,3,"It's okay, nothing special but does the job.",2025-03-10
6325,11692,118,107,2,"Not satisfied, quality is below expectations.",2025-02-28
6326,11693,1279,123,5,"Excellent product, exactly as described. Very happy with the purchase.",2025-10-24
6327,11694,1038,93,4,"Works well, matches the description. Happy with it.",2025-06-08
6328,11698,1724,92,5,"Excellent product, exactly as described. Very happy with the purchase.",2025-01-14
6329,11699,1714,50,2,"Not worth the price, expected better quality.",2025-09-02
6330,11700,405,36,5,"Excellent product, exactly as described. Very happy with the purchase.",2024-09-13
6331,11702,191,59,2,"Not worth the price, expected better quality.",2025-08-04
6332,11705,1435,45,5,Best in this price range. Will buy again from this brand.,2025-03-06
6333,11706,567,7,5,Superb quality and fast delivery. Highly recommend to everyone.,2025-03-05
6334,11707,108,111,2,Delivery was late and product quality is average at best.,2026-03-10
6335,11708,313,27,3,Product is fine but delivery took longer than expected.,2023-10-28
6336,11709,741,106,4,"Nice quality, delivery was a bit delayed but product is good.",2026-07-12
6337,11712,287,35,1,"Very disappointed, product stopped working within days.",2025-11-12
6338,11714,1903,47,3,Product is fine but delivery took longer than expected.,2024-08-16
6339,11716,1195,38,2,"Not worth the price, expected better quality.",2026-03-18
6340,11720,1272,19,5,Superb quality and fast delivery. Highly recommend to everyone.,2024-09-28
6341,11723,1032,118,4,"Good product overall, minor issues but satisfied with the purchase.",2026-03-07
6342,11724,759,82,5,Best in this price range. Will buy again from this brand.,2026-06-18
6343,11726,355,89,2,Delivery was late and product quality is average at best.,2026-01-01
6344,11728,1471,46,4,"Decent product for the price, would recommend with minor caution.",2026-03-15
6345,11729,390,84,4,"Works well, matches the description. Happy with it.",2026-07-08
6346,11731,320,85,5,"Excellent product, exactly as described. Very happy with the purchase.",2026-07-26
6347,11733,1684,112,1,"Worst experience, will not order this brand again.",2026-03-16
6348,11735,1814,38,4,"Good product overall, minor issues but satisfied with the purchase.",2025-09-16
6349,11736,426,25,5,"Excellent product, exactly as described. Very happy with the purchase.",2025-12-17
6350,11737,1867,102,3,"Average product, expected a bit more for this price.",2026-06-23
6351,11739,1790,5,1,"Worst experience, will not order this brand again.",2026-01-06
6352,11740,656,55,4,"Works well, matches the description. Happy with it.",2026-06-27
6353,11741,639,32,4,"Works well, matches the description. Happy with it.",2026-02-16
6354,11742,1531,48,5,Best in this price range. Will buy again from this brand.,2024-06-16
6355,11743,1632,49,5,Superb quality and fast delivery. Highly recommend to everyone.,2026-04-12
6356,11745,1909,56,3,"Quality is average, packaging could have been better.",2025-04-11
6357,11746,1047,38,5,Amazing value for money. Packaging was also very good.,2025-01-30
6358,11747,392,70,5,Amazing value for money. Packaging was also very good.,2026-02-11
6359,11751,1246,93,3,"Average product, expected a bit more for this price.",2026-05-22
6360,11754,228,8,1,"Received a damaged item, requesting refund immediately.",2026-04-27
6361,11757,1139,64,5,Amazing value for money. Packaging was also very good.,2025-06-23
6362,11759,1303,127,5,"Excellent product, exactly as described. Very happy with the purchase.",2025-05-24
6363,11760,1921,118,2,"Not satisfied, quality is below expectations.",2026-03-13
6364,11764,771,54,3,Product is fine but delivery took longer than expected.,2025-08-07
6365,11765,405,88,4,"Decent product for the price, would recommend with minor caution.",2024-08-27
6366,11766,1850,60,2,"Product had minor defects, considering a return.",2026-06-28
6367,11767,1357,9,5,Amazing value for money. Packaging was also very good.,2025-12-10
6368,11769,102,29,4,"Nice quality, delivery was a bit delayed but product is good.",2026-01-11
6369,11770,1059,86,4,"Nice quality, delivery was a bit delayed but product is good.",2025-10-22
6370,11771,1121,26,4,"Good product overall, minor issues but satisfied with the purchase.",2026-03-14
6371,11772,65,102,5,Amazing value for money. Packaging was also very good.,2026-06-16
6372,11775,588,110,2,"Product had minor defects, considering a return.",2026-03-16
6373,11776,232,21,4,"Nice quality, delivery was a bit delayed but product is good.",2024-06-23
6374,11777,1701,16,5,Best in this price range. Will buy again from this brand.,2026-08-13
6375,11778,1012,21,3,"It's okay, nothing special but does the job.",2026-07-13
6376,11779,442,41,5,Best in this price range. Will buy again from this brand.,2025-03-30
6377,11780,1367,14,2,"Not worth the price, expected better quality.",2026-02-24
6378,11781,1161,9,3,"Average product, expected a bit more for this price.",2025-10-02
6379,11783,1798,8,1,"Received a damaged item, requesting refund immediately.",2025-06-24
6380,11785,1967,43,4,"Works well, matches the description. Happy with it.",2025-09-18
6381,11786,1901,90,4,"Good product overall, minor issues but satisfied with the purchase.",2026-01-29
6382,11787,1302,80,5,Best in this price range. Will buy again from this brand.,2025-11-19
6383,11790,1267,62,3,"It's okay, nothing special but does the job.",2026-06-21
6384,11793,920,33,5,Amazing value for money. Packaging was also very good.,2025-01-27
6385,11797,1774,114,4,"Good product overall, minor issues but satisfied with the purchase.",2024-05-15
6386,11798,1347,32,3,"It's okay, nothing special but does the job.",2026-05-01
6387,11802,286,59,5,Superb quality and fast delivery. Highly recommend to everyone.,2026-03-12
6388,11804,170,80,5,"Excellent product, exactly as described. Very happy with the purchase.",2026-04-17
6389,11807,1205,72,5,Best in this price range. Will buy again from this brand.,2025-05-21
6390,11808,633,116,4,"Good product overall, minor issues but satisfied with the purchase.",2025-05-29
6391,11811,564,119,5,Superb quality and fast delivery. Highly recommend to everyone.,2025-11-14
6392,11815,931,128,3,"Quality is average, packaging could have been better.",2026-05-12
6393,11819,879,67,3,"Average product, expected a bit more for this price.",2024-08-13
6394,11820,564,44,2,Delivery was late and product quality is average at best.,2025-12-01
6395,11821,257,84,1,"Received a damaged item, requesting refund immediately.",2026-08-12
6396,11822,307,40,5,Best in this price range. Will buy again from this brand.,2026-01-16
6397,11824,1301,100,3,"It's okay, nothing special but does the job.",2025-10-18
6398,11826,1972,78,5,Amazing value for money. Packaging was also very good.,2025-10-31
6399,11827,1576,26,4,"Nice quality, delivery was a bit delayed but product is good.",2026-04-01
6400,11830,111,99,4,"Works well, matches the description. Happy with it.",2025-05-01
6401,11831,905,42,4,"Nice quality, delivery was a bit delayed but product is good.",2026-03-05
6402,11833,283,18,4,"Nice quality, delivery was a bit delayed but product is good.",2026-02-24
6403,11834,1102,98,4,"Good product overall, minor issues but satisfied with the purchase.",2025-10-26
6404,11835,577,121,4,"Works well, matches the description. Happy with it.",2024-12-09
6405,11836,1895,72,4,"Good product overall, minor issues but satisfied with the purchase.",2024-12-15
6406,11838,1505,35,5,Amazing value for money. Packaging was also very good.,2025-06-23
6407,11839,1805,42,3,Product is fine but delivery took longer than expected.,2024-01-26
6408,11840,1478,17,5,"Excellent product, exactly as described. Very happy with the purchase.",2026-07-02
6409,11841,923,4,5,Amazing value for money. Packaging was also very good.,2026-01-16
6410,11846,1742,48,3,"Quality is average, packaging could have been better.",2026-05-30
6411,11850,1392,126,3,"Average product, expected a bit more for this price.",2025-08-11
6412,11854,1672,11,3,"Quality is average, packaging could have been better.",2025-10-23
6413,11858,36,79,4,"Nice quality, delivery was a bit delayed but product is good.",2025-07-07
6414,11860,1405,19,4,"Decent product for the price, would recommend with minor caution.",2026-03-18
6415,11862,380,85,4,"Works well, matches the description. Happy with it.",2026-01-17
6416,11866,1072,70,5,Best in this price range. Will buy again from this brand.,2025-08-27
6417,11868,1288,77,4,"Nice quality, delivery was a bit delayed but product is good.",2026-05-14
6418,11869,1372,34,1,"Received a damaged item, requesting refund immediately.",2025-07-07
6419,11870,78,128,2,"Product had minor defects, considering a return.",2025-05-10
6420,11871,69,75,5,Superb quality and fast delivery. Highly recommend to everyone.,2025-01-20
6421,11873,1315,66,5,Amazing value for money. Packaging was also very good.,2025-09-11
6422,11876,572,89,2,"Not satisfied, quality is below expectations.",2026-02-10
6423,11877,435,3,4,"Decent product for the price, would recommend with minor caution.",2026-03-19
6424,11878,395,35,5,Best in this price range. Will buy again from this brand.,2026-08-17
6425,11879,449,85,4,"Good product overall, minor issues but satisfied with the purchase.",2026-05-12
6426,11881,1669,29,5,Superb quality and fast delivery. Highly recommend to everyone.,2025-01-29
6427,11882,1639,4,5,"Excellent product, exactly as described. Very happy with the purchase.",2025-11-25
6428,11886,506,112,5,Superb quality and fast delivery. Highly recommend to everyone.,2025-11-10
6429,11888,1188,58,3,Product is fine but delivery took longer than expected.,2025-10-19
6430,11889,1688,93,3,"Quality is average, packaging could have been better.",2024-03-31
6431,11890,39,40,3,"It's okay, nothing special but does the job.",2026-08-15
6432,11891,327,35,5,"Excellent product, exactly as described. Very happy with the purchase.",2025-08-04
6433,11892,853,50,5,"Excellent product, exactly as described. Very happy with the purchase.",2025-09-24
6434,11893,165,31,4,"Good product overall, minor issues but satisfied with the purchase.",2025-07-17
6435,11897,1272,56,4,"Decent product for the price, would recommend with minor caution.",2025-04-27
6436,11900,360,70,3,"Quality is average, packaging could have been better.",2026-01-14
6437,11902,1154,75,4,"Decent product for the price, would recommend with minor caution.",2025-08-18
6438,11903,213,18,1,"Very disappointed, product stopped working within days.",2026-08-16
6439,11904,1440,62,5,Best in this price range. Will buy again from this brand.,2025-07-25
6440,11905,340,5,3,"Quality is average, packaging could have been better.",2026-05-16
6441,11909,1439,94,1,"Poor quality, does not match the images shown online.",2026-03-13
6442,11910,1973,109,2,Delivery was late and product quality is average at best.,2025-11-07
6443,11911,1137,2,5,Best in this price range. Will buy again from this brand.,2026-03-22
6444,11914,277,101,5,Superb quality and fast delivery. Highly recommend to everyone.,2026-06-10
6445,11915,97,13,2,"Not worth the price, expected better quality.",2026-05-07
6446,11916,45,61,2,"Product had minor defects, considering a return.",2025-10-08
6447,11917,1079,2,2,"Not worth the price, expected better quality.",2024-09-22
6448,11919,224,33,5,"Excellent product, exactly as described. Very happy with the purchase.",2025-09-24
6449,11921,1217,128,5,Superb quality and fast delivery. Highly recommend to everyone.,2026-08-05
6450,11923,930,53,1,"Worst experience, will not order this brand again.",2024-03-21
6451,11925,833,112,5,Best in this price range. Will buy again from this brand.,2025-12-06
6452,11927,1617,46,5,"Excellent product, exactly as described. Very happy with the purchase.",2024-12-01
6453,11931,130,126,4,"Good product overall, minor issues but satisfied with the purchase.",2026-02-14
6454,11932,1269,93,3,"It's okay, nothing special but does the job.",2025-10-26
6455,11933,1513,51,2,Delivery was late and product quality is average at best.,2026-08-11
6456,11934,1536,38,4,"Works well, matches the description. Happy with it.",2025-10-10
6457,11937,592,11,5,Best in this price range. Will buy again from this brand.,2025-10-12
6458,11938,1814,44,2,"Product had minor defects, considering a return.",2025-08-16
6459,11940,1444,38,5,"Excellent product, exactly as described. Very happy with the purchase.",2026-02-23
6460,11942,286,104,1,"Very disappointed, product stopped working within days.",2026-02-24
6461,11944,1225,77,4,"Good product overall, minor issues but satisfied with the purchase.",2025-06-15
6462,11946,753,72,3,Product is fine but delivery took longer than expected.,2025-12-18
6463,11947,1693,94,1,"Very disappointed, product stopped working within days.",2026-04-07
6464,11949,1469,72,5,"Excellent product, exactly as described. Very happy with the purchase.",2025-07-17
6465,11950,1616,63,3,"Average product, expected a bit more for this price.",2025-02-09
6466,11952,662,105,5,"Excellent product, exactly as described. Very happy with the purchase.",2026-04-21
6467,11954,535,102,3,Product is fine but delivery took longer than expected.,2024-05-11
6468,11960,1787,41,4,"Good product overall, minor issues but satisfied with the purchase.",2026-06-15
6469,11961,181,56,2,"Not satisfied, quality is below expectations.",2024-12-20
6470,11962,1002,49,4,"Works well, matches the description. Happy with it.",2026-04-25
6471,11963,367,77,1,"Worst experience, will not order this brand again.",2025-08-08
6472,11965,159,73,4,"Good product overall, minor issues but satisfied with the purchase.",2025-06-03
6473,11967,1297,67,5,Best in this price range. Will buy again from this brand.,2024-06-13
6474,11968,964,29,5,Superb quality and fast delivery. Highly recommend to everyone.,2026-01-07
6475,11969,198,119,3,"Quality is average, packaging could have been better.",2026-07-13
6476,11970,1527,98,4,"Nice quality, delivery was a bit delayed but product is good.",2025-08-29
6477,11974,1492,95,5,"Excellent product, exactly as described. Very happy with the purchase.",2025-06-21
6478,11975,1203,49,3,"Quality is average, packaging could have been better.",2026-01-29
6479,11977,52,58,5,Superb quality and fast delivery. Highly recommend to everyone.,2026-01-13
6480,11978,288,88,5,Amazing value for money. Packaging was also very good.,2026-05-02
6481,11979,1833,10,2,Delivery was late and product quality is average at best.,2025-04-04
6482,11984,1096,46,5,Best in this price range. Will buy again from this brand.,2026-04-01
6483,11987,1094,46,4,"Decent product for the price, would recommend with minor caution.",2026-01-18
6484,11988,371,82,5,Amazing value for money. Packaging was also very good.,2026-02-01
6485,11989,386,111,5,Amazing value for money. Packaging was also very good.,2025-11-03
6486,11990,1475,54,4,"Good product overall, minor issues but satisfied with the purchase.",2026-03-10
6487,11991,931,89,4,"Decent product for the price, would recommend with minor caution.",2026-06-03
6488,11992,362,90,5,"Excellent product, exactly as described. Very happy with the purchase.",2026-01-03
6489,11994,1759,70,2,"Not worth the price, expected better quality.",2025-10-30
6490,11996,455,11,3,"It's okay, nothing special but does the job.",2026-01-15
6491,11999,333,39,3,"Quality is average, packaging could have been better.",2026-04-11
6492,12000,81,14,3,Product is fine but delivery took longer than expected.,2026-02-17
