user_id,name,email,phone,gender,dob,city,state,pincode,signup_date
1,Daksh Bakshi,daksh.bakshi760@yahoo.com,9362950628,Male,1976-02-27,Mumbai,Maharashtra,344054,2025-09-15
2,Ekaraj Chaudry,ekaraj.chaudry105@outlook.com,9895285932,Male,2003-12-28,Bhubaneswar,Odisha,681859,2025-06-23
3,Caleb Sami,caleb.sami433@gmail.com,9131994523,Male,1969-08-27,Patna,Bihar,208247,2023-03-11
4,Jackson Tiwari,jackson.tiwari518@outlook.com,9128492780,Male,1989-10-04,Chennai,Tamil Nadu,698509,2025-03-18
5,Shaurya Kannan,shaurya.kannan666@outlook.com,9685126461,Male,1977-08-03,Ranchi,Jharkhand,549899,2024-09-01
6,Aarush Dutta,aarush.dutta604@yahoo.com,9969119330,Male,1980-04-03,Kanpur,Uttar Pradesh,116815,2025-07-21
7,Faras Kale,faras.kale433@yahoo.com,9398362082,Male,1980-02-06,Ranchi,Jharkhand,273033,2026-06-21
8,Chakradhar Rai,chakradhar.rai345@gmail.com,9199585092,Male,2002-01-25,Nashik,Maharashtra,508383,2023-06-03
9,Kevin Bassi,kevin.bassi868@yahoo.com,9748245888,Male,1988-09-06,Surat,Gujarat,387371,2025-08-31
10,Ranbir Brar,ranbir.brar471@outlook.com,9234031070,Male,2001-04-16,Bhubaneswar,Odisha,506923,2025-01-12
11,Pratyush Handa,pratyush.handa301@outlook.com,9764130526,Male,1967-08-06,Indore,Madhya Pradesh,489202,2025-07-29
12,Ishaan Mann,ishaan.mann72@gmail.com,9810026086,Male,2002-05-28,Ranchi,Jharkhand,348969,2026-07-27
13,Daksha Rai,daksha.rai876@gmail.com,9208449460,Female,1992-12-17,Nagpur,Maharashtra,508592,2024-01-23
14,Rajata Gaba,rajata.gaba651@yahoo.com,9274648506,Female,1974-08-20,Kanpur,Uttar Pradesh,498163,2024-05-22
15,Lila Bora,lila.bora687@yahoo.com,9853573823,Female,1972-12-25,Hyderabad,Telangana,789515,2025-03-27
16,Jason Gade,jason.gade651@gmail.com,9673528321,Male,1977-03-26,Kochi,Kerala,366703,2024-09-18
17,Imaran Nair,imaran.nair389@yahoo.com,9787194506,Male,1998-12-29,Kanpur,Uttar Pradesh,694005,2026-01-24
18,Ishwar Balay,ishwar.balay333@gmail.com,9345938494,Male,1982-11-16,Guwahati,Assam,143660,2025-12-06
19,Bhavini Kakar,bhavini.kakar275@gmail.com,9326541099,Female,1990-01-06,Jaipur,Rajasthan,704732,2026-04-25
20,Nisha Kala,nisha.kala672@yahoo.com,9524806516,Female,1982-08-21,Hyderabad,Telangana,784080,2025-05-26
21,Vasudha Dhar,vasudha.dhar272@gmail.com,9364814270,Female,1976-03-25,Bengaluru,Karnataka,698638,2024-01-07
22,Lekha Sangha,lekha.sangha599@yahoo.com,9726563708,Female,1982-10-19,Bhubaneswar,Odisha,528802,2026-04-05
23,Januja Devi,januja.devi142@outlook.com,9629908599,Female,1969-07-14,Chennai,Tamil Nadu,205326,2024-11-18
24,Arjun Choudhary,arjun.choudhary157@outlook.com,9271779360,Male,1972-07-03,Delhi,Delhi,552667,2023-08-14
25,Siddharth Bhatt,siddharth.bhatt391@outlook.com,9602564736,Male,1991-04-02,Jaipur,Rajasthan,664817,2024-06-10
26,Vinaya Wadhwa,vinaya.wadhwa882@gmail.com,9830448745,Female,1989-05-31,Indore,Madhya Pradesh,230117,2023-12-20
27,Aashi Contractor,aashi.contractor657@yahoo.com,9219778234,Female,1988-09-18,Nashik,Maharashtra,417758,2025-06-29
28,Lila Oak,lila.oak465@gmail.com,9875340444,Female,1984-04-27,Mysuru,Karnataka,386184,2023-06-22
29,Utkarsh Aggarwal,utkarsh.aggarwal935@gmail.com,9771410971,Male,2003-04-16,Bhopal,Madhya Pradesh,422943,2026-06-17
30,Karan Tella,karan.tella383@gmail.com,9679153816,Male,1987-06-16,Bengaluru,Karnataka,666117,2025-10-11
31,Chatresh Misra,chatresh.misra332@yahoo.com,9120912992,Male,1987-06-16,Kochi,Kerala,227302,2026-01-22
32,Ira Dua,ira.dua827@yahoo.com,9357109965,Female,1972-07-28,Amritsar,Punjab,170739,2024-05-27
33,Aadi Naik,aadi.naik970@gmail.com,9191969690,Male,1970-06-08,Patna,Bihar,619598,2024-10-22
34,Pratyush Mohanty,pratyush.mohanty546@gmail.com,9237859287,Male,1975-12-26,Nashik,Maharashtra,608370,2023-12-05
35,Balveer Chada,balveer.chada541@outlook.com,9554340903,Male,2000-09-18,Coimbatore,Tamil Nadu,332087,2025-09-02
36,Dev Dave,dev.dave320@yahoo.com,9821218382,Male,2006-05-05,Ranchi,Jharkhand,791447,2025-06-01
37,Gayathri Lanka,gayathri.lanka922@outlook.com,9584779555,Female,1991-09-17,Kanpur,Uttar Pradesh,236883,2024-12-12
38,Hitesh Zacharia,hitesh.zacharia66@yahoo.com,9122585366,Male,1995-04-17,Chennai,Tamil Nadu,726887,2025-10-03
39,Nachiket Rastogi,nachiket.rastogi226@gmail.com,9176228245,Male,1993-07-27,Patna,Bihar,771760,2026-08-09
40,Theodore Varughese,theodore.varughese70@gmail.com,9454794895,Male,1976-04-14,Chennai,Tamil Nadu,184300,2024-09-04
41,Azad Nigam,azad.nigam686@yahoo.com,9330035022,Male,1989-06-11,Coimbatore,Tamil Nadu,675428,2023-02-25
42,Imaran Amble,imaran.amble958@outlook.com,9718702544,Male,1992-10-06,Bhubaneswar,Odisha,605632,2023-04-30
43,Ishwar Bir,ishwar.bir485@yahoo.com,9304451095,Male,2002-08-04,Vadodara,Gujarat,208908,2026-04-15
44,Balendra Varkey,balendra.varkey442@yahoo.com,9554814084,Male,1994-05-23,Guwahati,Assam,541072,2023-12-03
45,Jalsa Zacharia,jalsa.zacharia56@outlook.com,9801642483,Female,2005-11-08,Bhubaneswar,Odisha,787569,2023-07-19
46,Warjas Kibe,warjas.kibe413@outlook.com,9464323393,Male,2000-05-07,Pune,Maharashtra,224577,2025-11-10
47,Girish Chandra,girish.chandra195@outlook.com,9581695135,Male,1984-02-29,Hyderabad,Telangana,256992,2023-06-03
48,Udyati Roy,udyati.roy286@yahoo.com,9368227631,Female,1996-12-22,Mysuru,Karnataka,189047,2024-09-24
49,Chavvi Bhat,chavvi.bhat883@outlook.com,9205128697,Female,1980-03-20,Vadodara,Gujarat,163046,2024-07-03
50,Chatura Kothari,chatura.kothari949@gmail.com,9278575192,Male,1988-09-07,Nagpur,Maharashtra,536157,2023-10-04
51,Ekiya Sami,ekiya.sami219@yahoo.com,9162959284,Female,1985-07-09,Chandigarh,Punjab,282635,2023-09-23
52,Bishakha Savant,bishakha.savant400@yahoo.com,9941889393,Female,2002-06-07,Mumbai,Maharashtra,587111,2025-12-10
53,Chavvi Bedi,chavvi.bedi714@outlook.com,9941128035,Female,1988-11-14,Lucknow,Uttar Pradesh,692766,2025-05-22
54,Advika Chander,advika.chander195@yahoo.com,9333754555,Female,2002-02-13,Bengaluru,Karnataka,171325,2026-05-12
55,Fiyaz Ray,fiyaz.ray322@gmail.com,9153839920,Male,1974-10-26,Bhubaneswar,Odisha,722555,2024-10-18
56,Suhani Bhargava,suhani.bhargava942@outlook.com,9269042105,Female,1965-09-19,Bhopal,Madhya Pradesh,169643,2023-08-30
57,Robert Lanka,robert.lanka71@outlook.com,9172972420,Male,1999-05-22,Mysuru,Karnataka,356630,2026-05-12
58,Mekhala Sampath,mekhala.sampath965@outlook.com,9364371717,Female,1997-01-14,Delhi,Delhi,717041,2025-07-19
59,Yagnesh Dubey,yagnesh.dubey84@yahoo.com,9805849060,Male,1974-12-27,Kochi,Kerala,722025,2023-10-01
60,Barkha Bhat,barkha.bhat210@outlook.com,9869005091,Female,1968-01-31,Coimbatore,Tamil Nadu,439446,2025-09-23
61,William Thakkar,william.thakkar406@gmail.com,9821221887,Male,1988-06-18,Coimbatore,Tamil Nadu,786857,2026-05-03
62,Barkha Trivedi,barkha.trivedi324@gmail.com,9110002396,Female,1973-08-13,Kanpur,Uttar Pradesh,590548,2023-05-12
63,Bahadurjit Keer,bahadurjit.keer551@gmail.com,9643189555,Male,2006-02-11,Nagpur,Maharashtra,388083,2024-07-04
64,Jatin Baral,jatin.baral903@gmail.com,9362298393,Male,1983-08-27,Surat,Gujarat,497478,2025-04-10
65,Yutika Mutti,yutika.mutti449@outlook.com,9855420240,Female,1974-05-30,Mysuru,Karnataka,427213,2026-05-23
66,Naksh Khare,naksh.khare837@outlook.com,9421455482,Male,1971-04-03,Guwahati,Assam,218619,2024-01-07
67,Mason Shankar,mason.shankar119@gmail.com,9897163846,Male,1997-12-15,Coimbatore,Tamil Nadu,690098,2024-03-13
68,Balhaar Andra,balhaar.andra289@outlook.com,9326161867,Male,2008-07-23,Coimbatore,Tamil Nadu,469537,2024-09-13
69,Chandresh Borah,chandresh.borah650@yahoo.com,9642678844,Male,1987-05-19,Guwahati,Assam,622263,2024-12-25
70,Ekaja Palla,ekaja.palla95@outlook.com,9554811020,Female,2003-06-08,Pune,Maharashtra,400121,2026-03-14
71,Qasim Mane,qasim.mane342@gmail.com,9784095277,Male,2001-06-23,Mumbai,Maharashtra,384681,2023-08-21
72,Matthew Wadhwa,matthew.wadhwa453@outlook.com,9857704655,Male,2000-10-05,Bhubaneswar,Odisha,558463,2023-02-08
73,Mason Chawla,mason.chawla78@outlook.com,9260045822,Male,1971-05-27,Delhi,Delhi,682093,2026-05-28
74,Dalbir Chhabra,dalbir.chhabra379@outlook.com,9693269304,Male,1972-04-23,Amritsar,Punjab,265288,2025-09-16
75,Megha Kade,megha.kade43@yahoo.com,9491541578,Female,1974-05-19,Bengaluru,Karnataka,151833,2025-08-15
76,Libni Tiwari,libni.tiwari699@gmail.com,9816114302,Female,2004-07-22,Hyderabad,Telangana,217787,2024-10-22
77,Ati Chanda,ati.chanda574@yahoo.com,9766430218,Female,2001-04-15,Nashik,Maharashtra,272061,2025-04-29
78,Anthony Aggarwal,anthony.aggarwal820@gmail.com,9542697755,Male,1971-04-02,Mysuru,Karnataka,135991,2024-04-04
79,Karan Edwin,karan.edwin947@yahoo.com,9940081098,Male,1989-05-07,Bhubaneswar,Odisha,541713,2025-09-14
80,Tanay Andra,tanay.andra164@outlook.com,9216066793,Male,2006-04-06,Coimbatore,Tamil Nadu,511125,2023-06-22
81,Falan Banik,falan.banik228@gmail.com,9976803188,Male,1990-09-03,Chandigarh,Punjab,592663,2026-01-13
82,Falak Sani,falak.sani841@gmail.com,9339362341,Female,1978-11-18,Kolkata,West Bengal,134814,2023-07-13
83,Anmol Parmar,anmol.parmar337@yahoo.com,9174539964,Male,1976-05-10,Jaipur,Rajasthan,402684,2023-10-28
84,Dalaja Pandya,dalaja.pandya522@yahoo.com,9829627019,Female,2003-08-24,Thiruvananthapuram,Kerala,672263,2025-11-04
85,Tanvi Dubey,tanvi.dubey119@yahoo.com,9291735734,Female,1975-10-22,Mumbai,Maharashtra,718793,2026-05-11
86,Gautami Goel,gautami.goel112@outlook.com,9566609283,Female,1966-09-10,Pune,Maharashtra,472480,2026-03-15
87,Osha Sabharwal,osha.sabharwal621@outlook.com,9224173718,Female,2002-10-12,Lucknow,Uttar Pradesh,513907,2025-12-02
88,Jeet Loke,jeet.loke46@outlook.com,9568213197,Male,1995-10-13,Coimbatore,Tamil Nadu,111774,2023-08-23
89,Rayaan Barad,rayaan.barad442@gmail.com,9813219781,Male,1975-03-11,Surat,Gujarat,456240,2026-02-13
90,Veda Palla,veda.palla869@gmail.com,9872830248,Female,1999-10-29,Guwahati,Assam,424911,2024-02-28
91,Jhalak Kapoor,jhalak.kapoor419@yahoo.com,9532074125,Female,1973-12-06,Guwahati,Assam,420017,2023-02-28
92,Nitesh Mallick,nitesh.mallick431@outlook.com,9507104143,Male,2007-03-15,Hyderabad,Telangana,292481,2026-02-21
93,Maya Panchal,maya.panchal562@gmail.com,9426283245,Female,1982-10-24,Jaipur,Rajasthan,410851,2025-05-08
94,Noah Bala,noah.bala805@outlook.com,9751397897,Male,2007-05-10,Lucknow,Uttar Pradesh,796509,2023-06-27
95,Hemal Lanka,hemal.lanka453@yahoo.com,9825449223,Female,1991-04-12,Kanpur,Uttar Pradesh,334083,2023-03-19
96,Pooja Murthy,pooja.murthy923@outlook.com,9282204745,Female,2007-12-13,Vadodara,Gujarat,198915,2024-08-16
97,Devika Rajan,devika.rajan680@outlook.com,9764926227,Female,1973-10-19,Bhopal,Madhya Pradesh,461471,2026-04-07
98,Anthony Sarin,anthony.sarin975@gmail.com,9822408848,Male,2005-06-05,Amritsar,Punjab,435499,2023-01-31
99,Guneet Patla,guneet.patla204@gmail.com,9126226563,Male,2006-06-06,Vadodara,Gujarat,158459,2024-08-09
100,Noah Murthy,noah.murthy626@gmail.com,9588999385,Male,1970-12-26,Chandigarh,Punjab,544573,2025-06-06
101,Mason Tripathi,mason.tripathi714@yahoo.com,9630833445,Male,1983-03-10,Ranchi,Jharkhand,529067,2024-03-04
102,Saksham Merchant,saksham.merchant672@outlook.com,9105953697,Male,1973-11-16,Bengaluru,Karnataka,221765,2025-01-15
103,Sachi Ghosh,sachi.ghosh181@outlook.com,9656152900,Female,1978-07-26,Chennai,Tamil Nadu,597116,2025-04-05
104,Aadi Modi,aadi.modi256@gmail.com,9590122159,Male,1984-02-10,Indore,Madhya Pradesh,249817,2024-02-04
105,Oeshi Shroff,oeshi.shroff544@outlook.com,9739362057,Female,1994-09-05,Guwahati,Assam,442712,2024-08-23
106,Yashodhara Solanki,yashodhara.solanki835@outlook.com,9642001424,Female,2006-11-25,Kochi,Kerala,557471,2025-11-21
107,Hamsini Chad,hamsini.chad762@yahoo.com,9583258726,Female,1994-03-04,Mysuru,Karnataka,381783,2024-01-31
108,Oliver Chander,oliver.chander653@yahoo.com,9922286180,Male,1997-12-04,Amritsar,Punjab,656623,2025-12-23
109,Nilima Kar,nilima.kar245@yahoo.com,9572309605,Female,1971-12-18,Thiruvananthapuram,Kerala,191248,2025-12-08
110,Aradhana Konda,aradhana.konda279@yahoo.com,9443285529,Female,1991-11-29,Chennai,Tamil Nadu,676391,2026-07-26
111,Balhaar Shah,balhaar.shah155@gmail.com,9511281012,Male,1992-09-15,Bengaluru,Karnataka,270228,2024-07-18
112,Gunbir Rajagopalan,gunbir.rajagopalan425@yahoo.com,9455281184,Male,1976-02-13,Nagpur,Maharashtra,678970,2024-10-30
113,Aahana Chhabra,aahana.chhabra64@gmail.com,9994310083,Female,1975-01-14,Lucknow,Uttar Pradesh,550553,2025-11-02
114,Yochana Shetty,yochana.shetty599@outlook.com,9120972273,Female,1976-05-04,Nashik,Maharashtra,713656,2023-04-04
115,Divya Shan,divya.shan7@yahoo.com,9420632895,Female,1985-08-09,Chandigarh,Punjab,518931,2023-07-20
116,Zilmil Nadig,zilmil.nadig766@outlook.com,9686405096,Female,2003-12-16,Indore,Madhya Pradesh,742557,2026-06-12
117,Zayyan Sandhu,zayyan.sandhu225@yahoo.com,9567975319,Male,1989-03-08,Chandigarh,Punjab,619233,2026-01-08
118,Fariq Soman,fariq.soman345@outlook.com,9829223044,Male,1997-12-14,Jaipur,Rajasthan,533957,2024-09-02
119,Lakshit Verma,lakshit.verma479@gmail.com,9768143326,Male,1975-11-30,Amritsar,Punjab,670070,2024-10-17
120,Thomas Brahmbhatt,thomas.brahmbhatt607@outlook.com,9811890569,Male,1975-09-16,Jaipur,Rajasthan,138419,2025-08-10
121,Oliver Nagarajan,oliver.nagarajan439@gmail.com,9595744935,Male,1969-02-02,Thiruvananthapuram,Kerala,300557,2026-03-30
122,Faqid Kashyap,faqid.kashyap389@yahoo.com,9327268503,Male,1972-03-12,Coimbatore,Tamil Nadu,586787,2024-06-08
123,Jalsa Bhatt,jalsa.bhatt780@yahoo.com,9398775766,Female,1979-11-08,Ahmedabad,Gujarat,552043,2024-07-19
124,Vidhi Sagar,vidhi.sagar84@yahoo.com,9120812641,Female,2001-06-10,Amritsar,Punjab,675622,2023-04-19
125,Robert Bahri,robert.bahri230@outlook.com,9173678414,Male,1998-07-19,Surat,Gujarat,793415,2026-02-11
126,Ranveer Sood,ranveer.sood32@gmail.com,9314061901,Male,1980-10-01,Nashik,Maharashtra,131370,2023-02-05
127,Robert Saini,robert.saini130@yahoo.com,9818825964,Male,1997-03-20,Chennai,Tamil Nadu,229947,2024-12-25
128,Imaran Sura,imaran.sura717@yahoo.com,9923450567,Male,1984-05-14,Kanpur,Uttar Pradesh,496815,2023-11-09
129,Akshay Ramachandran,akshay.ramachandran622@outlook.com,9871330207,Male,1994-10-30,Kochi,Kerala,230097,2024-04-08
130,Samaksh Gandhi,samaksh.gandhi111@outlook.com,9127571992,Male,2005-03-02,Kolkata,West Bengal,437111,2026-01-21
131,Amara Ramesh,amara.ramesh965@outlook.com,9312954978,Female,1994-02-19,Jaipur,Rajasthan,189689,2025-03-05
132,Benjamin Sangha,benjamin.sangha714@yahoo.com,9834717549,Male,1985-06-24,Delhi,Delhi,739578,2023-07-23
133,Aryan Lad,aryan.lad580@gmail.com,9472807202,Male,1974-09-23,Vadodara,Gujarat,668624,2024-06-02
134,Omisha Nazareth,omisha.nazareth380@gmail.com,9643271261,Female,1981-12-05,Guwahati,Assam,788999,2025-10-10
135,Ucchal Krishnan,ucchal.krishnan870@yahoo.com,9982971099,Female,1985-11-06,Mumbai,Maharashtra,624014,2026-01-14
136,Atharv Palla,atharv.palla984@yahoo.com,9782454310,Male,1968-07-29,Lucknow,Uttar Pradesh,592072,2023-11-15
137,Anmol Balasubramanian,anmol.balasubramanian181@outlook.com,9660221300,Male,1974-03-14,Lucknow,Uttar Pradesh,792055,2026-06-11
138,Aishani Dua,aishani.dua828@outlook.com,9931764920,Female,1985-12-27,Kochi,Kerala,616984,2023-12-03
139,Deepa Kamdar,deepa.kamdar846@outlook.com,9736164778,Female,1976-08-23,Lucknow,Uttar Pradesh,391434,2024-09-22
140,Raksha Ganesh,raksha.ganesh851@gmail.com,9399496923,Female,2007-01-25,Chennai,Tamil Nadu,582701,2025-03-23
141,Dakshesh Gade,dakshesh.gade476@outlook.com,9755338677,Male,1970-04-10,Nashik,Maharashtra,507400,2026-07-01
142,Amara Muni,amara.muni507@yahoo.com,9295249057,Female,2004-09-02,Mumbai,Maharashtra,621234,2025-02-12
143,Raghav Ranganathan,raghav.ranganathan817@yahoo.com,9465436049,Male,1974-02-25,Surat,Gujarat,403244,2026-06-01
144,Keya Chaudry,keya.chaudry11@outlook.com,9305145276,Female,1978-08-05,Indore,Madhya Pradesh,199772,2025-07-19
145,Darpan Barman,darpan.barman417@yahoo.com,9696115913,Male,1984-01-18,Bhubaneswar,Odisha,361998,2024-04-22
146,Reva Biswas,reva.biswas729@yahoo.com,9581223755,Female,1980-04-19,Thiruvananthapuram,Kerala,128081,2024-11-14
147,Shivansh Suri,shivansh.suri227@yahoo.com,9842800803,Male,2006-12-10,Kolkata,West Bengal,365124,2023-06-14
148,Veda Dua,veda.dua596@yahoo.com,9608159580,Female,1997-03-06,Guwahati,Assam,690359,2024-08-14
149,Lopa Yohannan,lopa.yohannan764@outlook.com,9455184454,Female,1985-08-13,Lucknow,Uttar Pradesh,478901,2025-10-28
150,Lipika Naidu,lipika.naidu314@yahoo.com,9347538338,Female,2001-05-07,Coimbatore,Tamil Nadu,236517,2026-02-04
151,Caleb Mallick,caleb.mallick123@outlook.com,9675379544,Male,1976-02-11,Ahmedabad,Gujarat,304144,2026-03-15
152,Vincent Raghavan,vincent.raghavan757@yahoo.com,9396889215,Male,1986-11-18,Hyderabad,Telangana,728227,2024-04-08
153,Omaja Gopal,omaja.gopal853@gmail.com,9418092217,Female,1980-11-18,Delhi,Delhi,348534,2024-10-21
154,Leela Oak,leela.oak310@gmail.com,9860229059,Female,1991-04-06,Mysuru,Karnataka,670082,2024-01-26
155,Lakshit Anne,lakshit.anne47@gmail.com,9694164665,Male,1973-11-03,Coimbatore,Tamil Nadu,416328,2024-11-28
156,Jai Ray,jai.ray890@yahoo.com,9210152642,Male,1998-03-24,Thiruvananthapuram,Kerala,122862,2024-10-22
157,Vyanjana Swaminathan,vyanjana.swaminathan491@yahoo.com,9465830215,Female,1966-05-14,Chandigarh,Punjab,303320,2024-08-31
158,Manan Kant,manan.kant964@yahoo.com,9222500131,Male,1976-02-02,Coimbatore,Tamil Nadu,178518,2024-07-05
159,Raksha Solanki,raksha.solanki76@outlook.com,9775862179,Female,1980-05-29,Chandigarh,Punjab,166214,2025-01-14
160,Noah Pandey,noah.pandey831@outlook.com,9426240903,Male,1977-04-11,Bengaluru,Karnataka,199319,2025-07-27
161,Jeremiah Kashyap,jeremiah.kashyap572@yahoo.com,9751028618,Male,1973-11-27,Delhi,Delhi,735085,2023-07-04
162,Darpan Wason,darpan.wason536@yahoo.com,9583736219,Male,1995-04-21,Nashik,Maharashtra,574227,2026-06-13
163,Inaya Kalita,inaya.kalita440@yahoo.com,9710561240,Female,1977-07-07,Patna,Bihar,761195,2025-09-11
164,Lohit Chaudhry,lohit.chaudhry984@outlook.com,9206551233,Male,1978-05-13,Kochi,Kerala,327882,2026-01-11
165,Pranit Gola,pranit.gola677@gmail.com,9268638768,Male,1996-01-27,Coimbatore,Tamil Nadu,361517,2024-02-24
166,Dev Mahal,dev.mahal77@gmail.com,9102873038,Male,1967-12-21,Indore,Madhya Pradesh,538362,2023-03-28
167,Mugdha Date,mugdha.date609@yahoo.com,9412737284,Female,1997-12-30,Ranchi,Jharkhand,144226,2025-05-04
168,Charan Arora,charan.arora724@yahoo.com,9854827139,Male,1985-10-23,Kolkata,West Bengal,586087,2025-02-10
169,Thomas Oak,thomas.oak240@yahoo.com,9945923902,Male,1967-11-01,Guwahati,Assam,765421,2023-09-24
170,William Comar,william.comar118@outlook.com,9341387305,Male,1982-11-09,Lucknow,Uttar Pradesh,789095,2025-12-28
171,Balhaar Bera,balhaar.bera847@gmail.com,9176675731,Male,2000-07-03,Coimbatore,Tamil Nadu,172536,2023-08-13
172,Max Chada,max.chada315@outlook.com,9904187231,Male,1970-09-20,Vadodara,Gujarat,706857,2026-08-08
173,Turvi Kara,turvi.kara128@yahoo.com,9839462365,Female,1981-12-25,Kanpur,Uttar Pradesh,428863,2025-10-29
174,Vaishnavi Mishra,vaishnavi.mishra513@outlook.com,9630208579,Female,2008-03-13,Coimbatore,Tamil Nadu,569024,2026-02-15
175,Michael Bhasin,michael.bhasin41@yahoo.com,9888699799,Male,1997-06-13,Kochi,Kerala,447979,2025-03-28
176,Ishita Kakar,ishita.kakar94@gmail.com,9824022357,Female,1969-02-12,Mumbai,Maharashtra,713140,2024-01-06
177,Jagdish Ghose,jagdish.ghose689@yahoo.com,9718740490,Male,1972-05-10,Nashik,Maharashtra,152186,2025-01-12
178,Samarth Seshadri,samarth.seshadri532@outlook.com,9574840200,Male,1985-10-31,Chandigarh,Punjab,401669,2025-07-09
179,Amol Kata,amol.kata447@outlook.com,9974288855,Male,1977-10-13,Patna,Bihar,625612,2024-02-06
180,Utkarsh Bobal,utkarsh.bobal357@yahoo.com,9457887167,Male,2005-05-09,Chandigarh,Punjab,446654,2025-07-07
181,Hardik Sandal,hardik.sandal338@yahoo.com,9844826434,Male,1975-04-17,Mysuru,Karnataka,629537,2023-06-26
182,Falguni Lata,falguni.lata968@yahoo.com,9973559879,Female,1968-09-11,Guwahati,Assam,686819,2026-01-03
183,Fitan Mohanty,fitan.mohanty91@yahoo.com,9371011200,Male,2001-01-25,Kanpur,Uttar Pradesh,448978,2025-03-09
184,Maanas Sarna,maanas.sarna414@outlook.com,9985758835,Male,1995-03-29,Nashik,Maharashtra,111207,2023-07-09
185,Tamanna Magar,tamanna.magar56@gmail.com,9656670062,Female,1986-11-10,Lucknow,Uttar Pradesh,489354,2024-11-07
186,Chaitaly Baral,chaitaly.baral453@gmail.com,9318568997,Female,1997-03-18,Thiruvananthapuram,Kerala,390029,2026-03-25
187,Jeremiah Bal,jeremiah.bal449@outlook.com,9620455331,Male,2006-12-27,Kolkata,West Bengal,237325,2023-05-27
188,Advaith Luthra,advaith.luthra624@gmail.com,9862123506,Male,1998-06-10,Thiruvananthapuram,Kerala,276072,2025-02-13
189,Harita Singhal,harita.singhal15@outlook.com,9538076670,Female,1984-08-22,Indore,Madhya Pradesh,207737,2024-12-01
190,Liam Golla,liam.golla935@gmail.com,9595475899,Male,1984-05-15,Amritsar,Punjab,233173,2026-08-12
191,Yatan Chand,yatan.chand956@outlook.com,9413383963,Male,1983-03-09,Chandigarh,Punjab,643591,2024-09-28
192,Oeshi Cheema,oeshi.cheema855@yahoo.com,9607042130,Female,1979-10-22,Lucknow,Uttar Pradesh,365571,2026-02-12
193,Yachana Mani,yachana.mani149@yahoo.com,9304666325,Female,1982-11-05,Indore,Madhya Pradesh,738493,2025-06-05
194,Andrew Sha,andrew.sha283@yahoo.com,9464938258,Male,1976-06-24,Nagpur,Maharashtra,642402,2023-05-23
195,Devika Raval,devika.raval3@yahoo.com,9879591310,Female,2001-02-05,Amritsar,Punjab,423059,2026-02-22
196,Aachal Shere,aachal.shere458@outlook.com,9620057604,Female,1973-09-10,Bengaluru,Karnataka,471889,2024-07-17
197,Radhika Tara,radhika.tara782@outlook.com,9505026213,Female,1998-04-22,Indore,Madhya Pradesh,587464,2025-04-17
198,Ishani Loke,ishani.loke715@gmail.com,9713963047,Female,2005-07-08,Hyderabad,Telangana,511575,2025-01-09
199,Theodore Sundaram,theodore.sundaram421@gmail.com,9441639230,Male,2007-06-22,Nashik,Maharashtra,605952,2023-07-05
200,Kashvi Dutt,kashvi.dutt680@outlook.com,9263321843,Female,1966-03-19,Jaipur,Rajasthan,629390,2024-03-06
201,Samar Chander,samar.chander515@outlook.com,9456476596,Male,2001-10-22,Bengaluru,Karnataka,215240,2023-11-15
202,Deepa Shenoy,deepa.shenoy539@yahoo.com,9116479358,Female,1993-06-23,Delhi,Delhi,261158,2026-06-08
203,Ganga Tara,ganga.tara994@gmail.com,9180346223,Female,1978-03-05,Thiruvananthapuram,Kerala,602297,2026-05-20
204,Madhavi Sagar,madhavi.sagar639@outlook.com,9526794469,Female,2007-10-11,Ahmedabad,Gujarat,791404,2026-01-13
205,Jairaj Shan,jairaj.shan873@outlook.com,9672972597,Male,1982-02-13,Ahmedabad,Gujarat,508469,2025-01-11
206,Yashoda Deshpande,yashoda.deshpande736@yahoo.com,9680911523,Female,1977-07-03,Thiruvananthapuram,Kerala,147643,2026-02-20
207,Sarthak Oak,sarthak.oak647@outlook.com,9408570854,Male,1987-06-17,Chennai,Tamil Nadu,348537,2026-05-22
208,Aarav Mandal,aarav.mandal101@outlook.com,9855797020,Male,2001-08-21,Lucknow,Uttar Pradesh,215390,2025-08-26
209,Wishi Dixit,wishi.dixit711@yahoo.com,9131081879,Female,1986-06-15,Mysuru,Karnataka,158226,2024-08-29
210,Osha Purohit,osha.purohit58@yahoo.com,9484897084,Female,1979-06-18,Vadodara,Gujarat,503050,2024-09-09
211,Ijaya Khare,ijaya.khare251@outlook.com,9542437192,Female,1975-09-02,Bengaluru,Karnataka,703419,2025-02-07
212,Samesh Bassi,samesh.bassi180@gmail.com,9754436820,Male,1985-12-18,Mysuru,Karnataka,511127,2024-03-16
213,Rayaan Raju,rayaan.raju935@outlook.com,9253671484,Male,1999-09-13,Chandigarh,Punjab,353468,2026-07-31
214,Forum Tandon,forum.tandon261@yahoo.com,9374154962,Female,1971-01-20,Thiruvananthapuram,Kerala,119854,2026-07-01
215,Oni Chaudhry,oni.chaudhry694@outlook.com,9269625036,Female,1984-07-23,Kolkata,West Bengal,187450,2026-03-06
216,Zansi Shan,zansi.shan602@yahoo.com,9786055206,Female,1971-10-29,Surat,Gujarat,554921,2023-02-17
217,Garima Borde,garima.borde866@yahoo.com,9313907621,Female,2007-04-21,Kanpur,Uttar Pradesh,513381,2024-09-27
218,Pallavi Rao,pallavi.rao243@yahoo.com,9714097318,Female,2002-04-02,Delhi,Delhi,486396,2025-05-19
219,Sachi Nadig,sachi.nadig303@gmail.com,9991246046,Female,2003-10-15,Ranchi,Jharkhand,525033,2025-04-19
220,Widisha Banik,widisha.banik580@outlook.com,9935705734,Female,1975-09-21,Mumbai,Maharashtra,161427,2025-04-07
221,Mitali Karan,mitali.karan926@yahoo.com,9932945529,Female,1984-04-14,Amritsar,Punjab,351297,2025-09-22
222,Chavvi Chaudhry,chavvi.chaudhry652@gmail.com,9766676815,Female,1995-06-20,Chennai,Tamil Nadu,372802,2024-08-25
223,Akshay Batra,akshay.batra100@outlook.com,9794002948,Male,1968-01-15,Thiruvananthapuram,Kerala,151338,2024-03-24
224,Rachita Prasad,rachita.prasad452@gmail.com,9722312633,Female,1976-02-16,Vadodara,Gujarat,492585,2024-08-08
225,Samesh Gole,samesh.gole932@yahoo.com,9450811990,Male,1969-01-08,Nagpur,Maharashtra,545687,2023-09-06
226,Rayaan Khosla,rayaan.khosla136@outlook.com,9492836532,Male,1990-09-14,Hyderabad,Telangana,666640,2024-11-03
227,Kala Shenoy,kala.shenoy169@yahoo.com,9985503942,Female,1985-05-22,Amritsar,Punjab,615255,2025-05-04
228,Aarna Shroff,aarna.shroff892@yahoo.com,9963538119,Female,1994-10-06,Bhubaneswar,Odisha,230765,2026-04-10
229,Gaurangi Borah,gaurangi.borah145@gmail.com,9826197069,Female,1980-06-26,Nagpur,Maharashtra,526717,2024-08-23
230,Netra Samra,netra.samra810@yahoo.com,9114945047,Female,1985-04-09,Nagpur,Maharashtra,387305,2025-07-10
231,Matthew Issac,matthew.issac378@outlook.com,9904245086,Male,2002-04-27,Kanpur,Uttar Pradesh,384897,2026-08-15
232,Damyanti Khalsa,damyanti.khalsa654@yahoo.com,9216335741,Female,1981-01-22,Amritsar,Punjab,355181,2024-06-05
233,Neelima Merchant,neelima.merchant635@outlook.com,9452194058,Female,2001-04-26,Mumbai,Maharashtra,749718,2023-02-26
234,Rudra Maharaj,rudra.maharaj65@outlook.com,9984607950,Male,2002-10-28,Thiruvananthapuram,Kerala,596820,2023-02-08
235,Arya Taneja,arya.taneja419@gmail.com,9250084428,Female,2004-06-14,Thiruvananthapuram,Kerala,157550,2026-01-11
236,Ishwar Pandey,ishwar.pandey505@gmail.com,9204359116,Male,1973-10-20,Kolkata,West Bengal,356206,2023-11-08
237,Jeremiah Devan,jeremiah.devan465@yahoo.com,9819929088,Male,2004-06-21,Jaipur,Rajasthan,676433,2025-04-21
238,Anusha More,anusha.more761@outlook.com,9265917699,Female,1967-01-23,Patna,Bihar,545038,2025-11-15
239,Qabil Deep,qabil.deep502@outlook.com,9538211092,Male,1978-04-26,Amritsar,Punjab,403329,2023-05-25
240,Sarthak Gill,sarthak.gill380@gmail.com,9576078963,Male,1999-06-12,Ranchi,Jharkhand,576298,2023-10-16
241,Qadim Wali,qadim.wali102@outlook.com,9494422907,Male,1977-05-06,Surat,Gujarat,680914,2024-11-08
242,Gayathri Kurian,gayathri.kurian408@yahoo.com,9303805386,Female,2006-03-24,Pune,Maharashtra,238094,2026-04-26
243,Neelima Nigam,neelima.nigam679@gmail.com,9789024924,Female,1985-10-06,Nagpur,Maharashtra,780557,2025-12-05
244,Baljiwan Dhaliwal,baljiwan.dhaliwal806@yahoo.com,9361530104,Male,1975-04-30,Pune,Maharashtra,242041,2025-10-01
245,Rushil Pau,rushil.pau850@outlook.com,9322433532,Male,1982-08-05,Nagpur,Maharashtra,724868,2023-05-25
246,Kevin Yadav,kevin.yadav891@gmail.com,9452788129,Male,1981-06-23,Amritsar,Punjab,264722,2023-07-08
247,Karan Raj,karan.raj880@gmail.com,9239577989,Male,2006-01-22,Coimbatore,Tamil Nadu,676457,2025-12-29
248,Darika Kaur,darika.kaur179@gmail.com,9809805235,Female,1992-04-07,Vadodara,Gujarat,137033,2024-09-30
249,Nihal Kant,nihal.kant367@gmail.com,9732276010,Male,1992-12-12,Mumbai,Maharashtra,449499,2025-05-16
250,Vincent Mittal,vincent.mittal272@gmail.com,9236105947,Male,1970-08-23,Mysuru,Karnataka,551410,2025-05-18
251,Arin Barad,arin.barad66@yahoo.com,9581331845,Male,1986-10-23,Bhubaneswar,Odisha,489626,2024-02-27
252,Chanakya Keer,chanakya.keer516@gmail.com,9760465943,Male,1971-06-17,Kanpur,Uttar Pradesh,155472,2026-03-23
253,Vasana Prabhakar,vasana.prabhakar659@gmail.com,9165310776,Female,1997-07-31,Kanpur,Uttar Pradesh,612249,2025-06-15
254,Ubika Dubey,ubika.dubey703@gmail.com,9626422169,Female,1993-10-15,Lucknow,Uttar Pradesh,575109,2026-03-20
255,Yash Reddy,yash.reddy330@outlook.com,9259272239,Male,1977-08-27,Nagpur,Maharashtra,178873,2026-05-29
256,Qasim Kalla,qasim.kalla640@outlook.com,9728530544,Male,2006-07-02,Coimbatore,Tamil Nadu,684994,2024-08-25
257,Radhika Chaudhary,radhika.chaudhary612@outlook.com,9416644047,Female,1981-06-03,Jaipur,Rajasthan,585756,2026-07-22
258,Rachita Bhat,rachita.bhat813@outlook.com,9222851168,Female,1973-10-15,Delhi,Delhi,796517,2024-06-27
259,Darsh Sha,darsh.sha463@gmail.com,9544328940,Male,1974-09-30,Lucknow,Uttar Pradesh,465396,2023-05-27
260,Aishani Bedi,aishani.bedi426@outlook.com,9202097643,Female,1976-02-06,Jaipur,Rajasthan,437731,2025-11-12
261,Edhitha Jha,edhitha.jha682@yahoo.com,9501902658,Female,1998-07-12,Ahmedabad,Gujarat,270054,2023-04-27
262,Ishita Kalita,ishita.kalita94@gmail.com,9200105056,Female,1975-08-24,Nagpur,Maharashtra,562856,2025-12-16
263,Ethan Agate,ethan.agate757@yahoo.com,9971630639,Male,2007-12-10,Bhubaneswar,Odisha,246436,2024-01-23
264,Dhruv Zachariah,dhruv.zachariah980@outlook.com,9703102938,Male,1973-02-16,Patna,Bihar,455659,2023-12-19
265,Agastya Deep,agastya.deep363@outlook.com,9905611583,Male,1999-08-06,Lucknow,Uttar Pradesh,553482,2023-02-17
266,Jagat Naik,jagat.naik615@yahoo.com,9477577220,Male,1977-01-13,Kolkata,West Bengal,218634,2023-02-18
267,Dev Sama,dev.sama673@yahoo.com,9340781088,Male,1997-09-09,Bengaluru,Karnataka,223476,2024-12-10
268,Vyanjana Sen,vyanjana.sen377@gmail.com,9918841563,Female,1987-09-11,Indore,Madhya Pradesh,402100,2025-11-01
269,Chatura Seth,chatura.seth440@outlook.com,9924024405,Male,2006-04-12,Vadodara,Gujarat,761925,2024-11-11
270,Anthony Verma,anthony.verma952@outlook.com,9990626742,Male,1993-04-16,Kochi,Kerala,390440,2024-02-23
271,Alexander Bhat,alexander.bhat280@outlook.com,9918630985,Male,2002-01-22,Mysuru,Karnataka,433994,2026-08-14
272,Unni Chokshi,unni.chokshi7@gmail.com,9253815116,Female,2004-09-28,Surat,Gujarat,703831,2024-10-24
273,Bina Buch,bina.buch146@outlook.com,9779863265,Female,1972-01-02,Nagpur,Maharashtra,142147,2024-03-21
274,Dev Maharaj,dev.maharaj544@gmail.com,9503935666,Male,1990-10-18,Bhubaneswar,Odisha,550227,2025-04-16
275,Omaja Raj,omaja.raj162@yahoo.com,9434618074,Female,1988-06-09,Ahmedabad,Gujarat,450141,2026-08-09
276,Utkarsh Tiwari,utkarsh.tiwari160@gmail.com,9910069356,Male,1969-11-21,Pune,Maharashtra,757851,2025-03-23
277,Dakshesh Kale,dakshesh.kale84@yahoo.com,9575788930,Male,2003-10-25,Guwahati,Assam,554612,2024-08-07
278,Triveni Nori,triveni.nori453@yahoo.com,9393310667,Female,1982-10-09,Kochi,Kerala,336041,2026-01-04
279,Champak Munshi,champak.munshi441@gmail.com,9404133583,Male,1994-03-24,Surat,Gujarat,731947,2024-08-03
280,Ridhi Dua,ridhi.dua684@yahoo.com,9148766522,Female,1986-01-07,Bhopal,Madhya Pradesh,341231,2025-07-06
281,Chandani Chada,chandani.chada57@gmail.com,9319497661,Female,1969-10-11,Kochi,Kerala,426062,2023-05-29
282,Quincy De,quincy.de141@yahoo.com,9410791488,Male,1990-11-05,Nashik,Maharashtra,454062,2025-01-18
283,Nitesh Das,nitesh.das510@outlook.com,9562412302,Male,2003-03-11,Mumbai,Maharashtra,294230,2024-07-13
284,Siddharth Behl,siddharth.behl546@outlook.com,9347079497,Male,1991-06-12,Jaipur,Rajasthan,634564,2026-07-06
285,Qushi Chawla,qushi.chawla407@outlook.com,9145421708,Female,1974-10-10,Nagpur,Maharashtra,567410,2025-02-15
286,Wridesh Kapur,wridesh.kapur944@gmail.com,9436146289,Male,1980-09-05,Kanpur,Uttar Pradesh,713728,2026-01-30
287,Raksha Contractor,raksha.contractor415@outlook.com,9787346882,Female,1990-04-24,Patna,Bihar,547984,2025-10-12
288,Upadhriti Bal,upadhriti.bal415@gmail.com,9448717183,Female,1993-11-29,Delhi,Delhi,290223,2025-03-27
289,Lila Balakrishnan,lila.balakrishnan707@yahoo.com,9194628740,Female,1995-11-04,Amritsar,Punjab,567926,2023-09-19
290,Mohammed Nori,mohammed.nori447@outlook.com,9529979713,Male,1973-06-05,Chennai,Tamil Nadu,659415,2024-04-27
291,Ekbal Rattan,ekbal.rattan892@yahoo.com,9900801837,Male,1997-06-27,Jaipur,Rajasthan,466006,2023-04-29
292,Alexander Chand,alexander.chand798@gmail.com,9182011731,Male,1974-11-16,Ahmedabad,Gujarat,645281,2025-09-21
293,Shaurya Setty,shaurya.setty523@gmail.com,9933468715,Male,1981-07-16,Bhopal,Madhya Pradesh,476347,2024-04-14
294,Omaja Chad,omaja.chad982@outlook.com,9975139327,Female,1972-04-25,Bhubaneswar,Odisha,264865,2026-03-17
295,Aryan Bumb,aryan.bumb150@yahoo.com,9311818984,Male,1994-02-02,Delhi,Delhi,291927,2024-01-16
296,Xavier Sathe,xavier.sathe778@outlook.com,9180909963,Male,1974-11-23,Nashik,Maharashtra,295752,2024-07-18
297,Yashvi Comar,yashvi.comar773@outlook.com,9915911873,Female,1970-05-24,Kanpur,Uttar Pradesh,717617,2024-04-19
298,Widisha Vyas,widisha.vyas947@outlook.com,9790407222,Female,1967-07-31,Guwahati,Assam,776159,2025-06-10
299,Siya Bhakta,siya.bhakta324@gmail.com,9572191734,Female,1978-08-03,Thiruvananthapuram,Kerala,181604,2023-02-07
300,Jagvi Devan,jagvi.devan647@yahoo.com,9955052486,Female,1978-01-27,Kanpur,Uttar Pradesh,398017,2025-10-14
301,Darpan Amble,darpan.amble520@gmail.com,9433297890,Male,1984-02-22,Surat,Gujarat,594173,2024-11-03
302,Eiravati Rai,eiravati.rai59@yahoo.com,9993027458,Female,1975-07-10,Pune,Maharashtra,411023,2024-12-18
303,Peter Bora,peter.bora885@gmail.com,9760360225,Male,1997-07-14,Thiruvananthapuram,Kerala,732938,2024-06-26
304,Urmi Bahl,urmi.bahl595@outlook.com,9950207886,Female,1968-12-21,Kanpur,Uttar Pradesh,153016,2024-09-15
305,Nirja Sanghvi,nirja.sanghvi586@outlook.com,9302120588,Female,1996-02-19,Vadodara,Gujarat,447146,2025-02-09
306,Turvi Mann,turvi.mann155@gmail.com,9583745511,Female,1966-07-10,Bhopal,Madhya Pradesh,218530,2023-06-27
307,Omaja Garg,omaja.garg87@outlook.com,9793773681,Female,1992-03-16,Ranchi,Jharkhand,290942,2025-12-01
308,Pratyush Chakrabarti,pratyush.chakrabarti725@yahoo.com,9571825556,Male,1970-03-06,Chennai,Tamil Nadu,659526,2024-08-16
309,Tejas Rattan,tejas.rattan382@yahoo.com,9515985367,Male,1982-08-23,Surat,Gujarat,538626,2024-12-07
310,Nilima Nori,nilima.nori613@gmail.com,9947425963,Female,1999-02-16,Guwahati,Assam,771533,2023-11-11
311,Brinda Uppal,brinda.uppal338@gmail.com,9699108439,Female,1988-06-10,Nagpur,Maharashtra,515342,2025-04-28
312,Indali Palla,indali.palla742@outlook.com,9747145068,Female,2006-10-30,Coimbatore,Tamil Nadu,267678,2024-04-27
313,Falak Keer,falak.keer597@outlook.com,9251857566,Female,1976-08-19,Nagpur,Maharashtra,476814,2023-06-11
314,Harini Dua,harini.dua716@outlook.com,9520861681,Female,1993-10-24,Thiruvananthapuram,Kerala,245216,2025-10-09
315,Gaurang Tak,gaurang.tak573@yahoo.com,9790945624,Male,1989-11-13,Kolkata,West Bengal,454433,2024-09-20
316,Udarsh Naidu,udarsh.naidu720@outlook.com,9835958147,Male,1992-08-06,Guwahati,Assam,661964,2026-02-21
317,Faqid Sarraf,faqid.sarraf687@yahoo.com,9645985356,Male,1984-08-22,Thiruvananthapuram,Kerala,489405,2023-04-27
318,Max Maharaj,max.maharaj317@gmail.com,9329987621,Male,1980-10-04,Surat,Gujarat,468333,2025-03-04
319,Bina Mukherjee,bina.mukherjee232@gmail.com,9266371119,Female,1967-03-30,Hyderabad,Telangana,190914,2024-09-17
320,Raksha Mangat,raksha.mangat104@outlook.com,9927720428,Female,2002-10-15,Vadodara,Gujarat,675991,2023-05-08
321,Chakradev Tripathi,chakradev.tripathi345@outlook.com,9240712839,Male,1990-07-31,Guwahati,Assam,736259,2024-06-09
322,Anvi Sengupta,anvi.sengupta167@gmail.com,9992649957,Female,1990-03-17,Bengaluru,Karnataka,765088,2026-04-20
323,Girindra Nagy,girindra.nagy449@gmail.com,9541156077,Male,1987-03-09,Bhubaneswar,Odisha,491996,2025-03-22
324,Azaan Seshadri,azaan.seshadri626@yahoo.com,9907873857,Male,2004-04-15,Kanpur,Uttar Pradesh,580736,2023-06-12
325,Onveer Chad,onveer.chad245@yahoo.com,9968253265,Male,1973-01-17,Indore,Madhya Pradesh,601799,2024-11-12
326,Jatin Sarma,jatin.sarma695@outlook.com,9573087862,Male,1988-02-29,Surat,Gujarat,594107,2026-08-04
327,Gauri Patla,gauri.patla392@outlook.com,9666355637,Female,1977-10-16,Nashik,Maharashtra,548998,2024-05-25
328,Samarth Nigam,samarth.nigam205@outlook.com,9248604290,Male,1967-11-17,Amritsar,Punjab,372148,2025-06-26
329,Oliver Bhatti,oliver.bhatti493@yahoo.com,9695433590,Male,1989-08-14,Thiruvananthapuram,Kerala,217574,2024-03-30
330,Reyansh Mander,reyansh.mander86@gmail.com,9392907427,Male,2002-03-30,Kolkata,West Bengal,581146,2023-12-21
331,Falan Nath,falan.nath448@gmail.com,9338411494,Male,1994-02-28,Amritsar,Punjab,583042,2023-05-14
332,Pushti Mukherjee,pushti.mukherjee425@gmail.com,9525689202,Female,1995-08-30,Mumbai,Maharashtra,636393,2026-07-05
333,Shivani Dayal,shivani.dayal396@gmail.com,9502559419,Female,2005-12-17,Chennai,Tamil Nadu,345446,2025-03-09
334,Mohammed Puri,mohammed.puri954@gmail.com,9867407868,Male,1979-10-02,Ahmedabad,Gujarat,791534,2025-05-11
335,Eesha Vyas,eesha.vyas150@gmail.com,9141127742,Female,1994-06-16,Vadodara,Gujarat,410815,2023-05-30
336,Yashoda Pathak,yashoda.pathak852@gmail.com,9914799481,Female,1978-11-28,Ranchi,Jharkhand,601898,2023-02-21
337,Jalsa Om,jalsa.om6@gmail.com,9120405269,Female,1986-07-15,Kochi,Kerala,378356,2026-06-09
338,Isaiah Devan,isaiah.devan154@outlook.com,9880862406,Male,1978-05-06,Amritsar,Punjab,748458,2023-08-17
339,Daksha Tripathi,daksha.tripathi795@yahoo.com,9355164255,Female,2001-07-15,Delhi,Delhi,425780,2025-10-23
340,Anirudh Nayar,anirudh.nayar245@yahoo.com,9786069196,Male,1992-03-14,Pune,Maharashtra,763065,2026-03-08
341,Riya Dube,riya.dube114@yahoo.com,9740743666,Female,2001-05-17,Nagpur,Maharashtra,672094,2023-08-27
342,Fitan Sarma,fitan.sarma528@outlook.com,9359779090,Male,1981-04-16,Thiruvananthapuram,Kerala,260552,2023-03-26
343,Kashish Sawhney,kashish.sawhney2@outlook.com,9478833337,Female,1997-12-24,Lucknow,Uttar Pradesh,362250,2025-03-29
344,Vanya Kaur,vanya.kaur681@outlook.com,9191927283,Female,1978-12-07,Mysuru,Karnataka,658914,2024-12-20
345,Vrinda Hari,vrinda.hari977@outlook.com,9684203557,Female,2006-05-09,Nagpur,Maharashtra,641972,2024-05-19
346,Thomas Shenoy,thomas.shenoy895@yahoo.com,9146744734,Male,1999-02-01,Jaipur,Rajasthan,776550,2025-10-21
347,Yashasvi Wable,yashasvi.wable260@outlook.com,9117439966,Female,1972-08-05,Surat,Gujarat,484441,2024-07-24
348,Harish Devi,harish.devi247@outlook.com,9805560474,Male,1967-11-14,Surat,Gujarat,768776,2026-03-04
349,Wridesh Prabhu,wridesh.prabhu596@outlook.com,9912477810,Male,1970-01-14,Nashik,Maharashtra,458672,2025-01-16
350,David Mane,david.mane361@outlook.com,9463512350,Male,1972-07-08,Pune,Maharashtra,784021,2023-05-17
351,Umang Varghese,umang.varghese798@outlook.com,9598885034,Male,1984-06-08,Amritsar,Punjab,611777,2023-08-07
352,Indrajit Seshadri,indrajit.seshadri139@gmail.com,9868847524,Male,2005-08-20,Vadodara,Gujarat,589912,2026-03-19
353,Sarthak Bera,sarthak.bera207@gmail.com,9949447049,Male,1981-09-15,Kolkata,West Bengal,319160,2024-06-25
354,Reyansh Bumb,reyansh.bumb956@yahoo.com,9653388913,Male,1966-11-02,Ahmedabad,Gujarat,527569,2024-05-28
355,Chavvi Nayak,chavvi.nayak38@outlook.com,9305195749,Female,1971-07-18,Coimbatore,Tamil Nadu,410010,2025-11-18
356,Mekhala Sodhi,mekhala.sodhi49@outlook.com,9456401418,Female,1971-08-05,Nashik,Maharashtra,396489,2025-07-18
357,Wahab Sen,wahab.sen377@yahoo.com,9529520110,Male,2004-07-30,Vadodara,Gujarat,571098,2025-04-04
358,Adya Kunda,adya.kunda998@gmail.com,9632794158,Female,1972-01-21,Ahmedabad,Gujarat,631692,2023-11-04
359,Zarna Sampath,zarna.sampath532@yahoo.com,9960226208,Female,1978-01-05,Vadodara,Gujarat,196625,2023-06-21
360,Nidhi Dara,nidhi.dara441@outlook.com,9982982227,Female,1983-09-05,Nagpur,Maharashtra,299223,2023-03-31
361,Vasudha Bhatnagar,vasudha.bhatnagar106@gmail.com,9452101316,Female,2004-07-19,Ahmedabad,Gujarat,420001,2023-06-21
362,Adweta Varma,adweta.varma618@outlook.com,9557538651,Female,1996-07-10,Kanpur,Uttar Pradesh,284740,2025-02-11
363,Mugdha Sanghvi,mugdha.sanghvi458@gmail.com,9880411013,Female,1980-10-18,Surat,Gujarat,479686,2023-01-31
364,Turvi Grover,turvi.grover655@gmail.com,9180574838,Female,1969-04-22,Coimbatore,Tamil Nadu,778481,2025-06-07
365,Radha Bir,radha.bir526@outlook.com,9829511584,Female,1989-01-08,Surat,Gujarat,277759,2026-06-16
366,Zehaan Bahri,zehaan.bahri870@outlook.com,9828092377,Male,1985-11-03,Bengaluru,Karnataka,569458,2024-06-17
367,Rishi Prakash,rishi.prakash69@gmail.com,9935924516,Male,1966-04-29,Bengaluru,Karnataka,786503,2023-12-23
368,Bhavna Pai,bhavna.pai393@outlook.com,9134773472,Female,1993-11-18,Surat,Gujarat,744488,2023-12-07
369,Charles Natarajan,charles.natarajan461@yahoo.com,9499446327,Male,1980-10-10,Guwahati,Assam,575505,2023-07-20
370,Omkaar Gill,omkaar.gill141@outlook.com,9494009507,Male,1995-01-25,Patna,Bihar,527369,2026-01-08
371,Wakeeta Gopal,wakeeta.gopal286@gmail.com,9221814525,Female,1968-05-04,Thiruvananthapuram,Kerala,137173,2025-12-14
372,Veer Bansal,veer.bansal531@yahoo.com,9703091482,Male,1967-07-06,Chandigarh,Punjab,233482,2024-02-13
373,Irya Barman,irya.barman267@outlook.com,9579182105,Female,1978-12-17,Nashik,Maharashtra,334994,2024-03-12
374,Sneha Solanki,sneha.solanki939@yahoo.com,9314939857,Female,1998-01-07,Ranchi,Jharkhand,238595,2023-12-23
375,Girish Mangal,girish.mangal463@gmail.com,9865975088,Male,1999-03-15,Nagpur,Maharashtra,576733,2024-05-05
376,Noah Mahajan,noah.mahajan699@yahoo.com,9817087513,Male,1981-06-14,Vadodara,Gujarat,474302,2023-07-09
377,Ryan Sarraf,ryan.sarraf556@yahoo.com,9422076028,Male,1982-04-02,Indore,Madhya Pradesh,275157,2026-04-01
378,Girik Taneja,girik.taneja371@outlook.com,9340777602,Male,1981-06-03,Vadodara,Gujarat,237258,2025-07-13
379,Kiaan Butala,kiaan.butala143@gmail.com,9948656610,Male,1969-01-07,Vadodara,Gujarat,628020,2025-08-27
380,Gautam Memon,gautam.memon568@outlook.com,9496115351,Male,1969-01-25,Surat,Gujarat,600111,2024-03-19
381,Manbir Mohan,manbir.mohan906@gmail.com,9170596494,Male,1996-06-26,Kochi,Kerala,434315,2024-08-28
382,Geetika Sawhney,geetika.sawhney737@yahoo.com,9664461415,Female,1967-06-13,Ranchi,Jharkhand,540750,2024-04-28
383,Qushi Saran,qushi.saran589@gmail.com,9234568604,Female,2007-10-08,Amritsar,Punjab,442428,2024-01-19
384,Ayush Borde,ayush.borde478@outlook.com,9655511084,Male,1983-02-03,Kanpur,Uttar Pradesh,471250,2025-06-16
385,Fariq Balasubramanian,fariq.balasubramanian799@outlook.com,9786973497,Male,1991-10-02,Amritsar,Punjab,726339,2023-08-01
386,Theodore Banerjee,theodore.banerjee990@gmail.com,9564520346,Male,1975-10-10,Nashik,Maharashtra,637291,2023-07-11
387,Qadim Pathak,qadim.pathak128@outlook.com,9264299106,Male,1990-01-07,Amritsar,Punjab,428898,2024-06-07
388,Faraj Sengupta,faraj.sengupta331@outlook.com,9342096876,Male,1981-08-15,Mysuru,Karnataka,472832,2026-06-10
389,Brinda Devan,brinda.devan257@gmail.com,9781887358,Female,1982-09-28,Nagpur,Maharashtra,687600,2024-12-14
390,Maya Krish,maya.krish641@yahoo.com,9759737342,Female,1966-09-27,Bengaluru,Karnataka,669393,2026-06-25
391,Girik Tata,girik.tata657@gmail.com,9735449477,Male,2004-11-28,Bhopal,Madhya Pradesh,718852,2024-11-29
392,Daniel Lala,daniel.lala675@outlook.com,9873773537,Male,1995-11-25,Mysuru,Karnataka,744535,2025-10-28
393,Jalsa Mangal,jalsa.mangal947@outlook.com,9144232045,Female,2008-07-26,Amritsar,Punjab,139752,2025-07-15
394,Harish Das,harish.das972@outlook.com,9927878967,Male,1968-10-23,Pune,Maharashtra,714789,2023-07-23
395,Harini Saxena,harini.saxena216@outlook.com,9547306651,Female,2000-06-23,Thiruvananthapuram,Kerala,758134,2026-08-12
396,Nathaniel Palan,nathaniel.palan911@outlook.com,9685809361,Male,1989-04-11,Chandigarh,Punjab,413743,2025-08-04
397,Mohini Mital,mohini.mital251@outlook.com,9536038528,Female,1996-03-26,Chandigarh,Punjab,421883,2026-02-04
398,Harita Pathak,harita.pathak706@gmail.com,9269737590,Female,1970-11-05,Nagpur,Maharashtra,570960,2024-11-17
399,Irya Dewan,irya.dewan476@gmail.com,9465278987,Female,1986-11-14,Chandigarh,Punjab,746130,2023-12-01
400,Pranit Pillay,pranit.pillay883@outlook.com,9442863363,Male,2007-11-24,Ahmedabad,Gujarat,472148,2024-09-25
401,Eiravati Chadha,eiravati.chadha779@yahoo.com,9652955706,Female,1982-09-30,Bengaluru,Karnataka,698934,2023-04-24
402,Wriddhish Vora,wriddhish.vora248@yahoo.com,9231556899,Male,1983-03-26,Ahmedabad,Gujarat,390465,2024-07-13
403,Bina Dass,bina.dass145@gmail.com,9154337019,Female,1993-03-31,Chennai,Tamil Nadu,414310,2026-07-11
404,Varenya Shukla,varenya.shukla429@gmail.com,9271476207,Female,1980-06-09,Kochi,Kerala,453342,2025-06-27
405,Hemani Dayal,hemani.dayal782@gmail.com,9635008544,Female,2004-10-14,Hyderabad,Telangana,649729,2024-08-11
406,Baghyawati Dash,baghyawati.dash901@yahoo.com,9634047267,Female,1978-09-14,Chandigarh,Punjab,134303,2024-11-29
407,Faris Naidu,faris.naidu518@yahoo.com,9358480413,Male,1975-04-28,Jaipur,Rajasthan,335596,2026-05-23
408,Yochana Mander,yochana.mander52@yahoo.com,9631388604,Female,1976-05-27,Pune,Maharashtra,736544,2026-01-28
409,Mahika Dass,mahika.dass550@gmail.com,9215424112,Female,1992-01-18,Kolkata,West Bengal,561861,2025-04-17
410,Chakradhar Thakkar,chakradhar.thakkar745@yahoo.com,9920184955,Male,1991-01-27,Coimbatore,Tamil Nadu,532843,2025-05-08
411,Ganga Garg,ganga.garg411@gmail.com,9712335251,Female,1996-08-12,Pune,Maharashtra,699108,2025-05-31
412,Om Barman,om.barman567@yahoo.com,9178954113,Male,1966-11-05,Surat,Gujarat,515117,2026-01-01
413,Aradhana Lanka,aradhana.lanka564@yahoo.com,9986171278,Female,1998-08-09,Nashik,Maharashtra,763517,2025-05-21
414,Sathvik Balasubramanian,sathvik.balasubramanian999@gmail.com,9522950895,Male,1992-08-05,Bengaluru,Karnataka,501327,2024-11-03
415,Mohini Mittal,mohini.mittal962@yahoo.com,9910637681,Female,2000-03-24,Indore,Madhya Pradesh,261276,2024-10-15
416,Samaksh Mishra,samaksh.mishra522@yahoo.com,9636954564,Male,1995-03-28,Kochi,Kerala,152211,2024-09-07
417,Farhan Sarraf,farhan.sarraf141@outlook.com,9457599735,Male,1985-08-06,Pune,Maharashtra,606757,2024-07-20
418,Panini Dhawan,panini.dhawan621@outlook.com,9250088694,Female,1996-07-07,Bengaluru,Karnataka,453898,2024-03-08
419,Pooja Rastogi,pooja.rastogi403@outlook.com,9893838119,Female,1981-07-23,Mysuru,Karnataka,423770,2023-07-17
420,Damyanti Nagar,damyanti.nagar849@outlook.com,9671595541,Female,1970-11-23,Bhopal,Madhya Pradesh,623642,2023-12-08
421,Varenya Kota,varenya.kota836@gmail.com,9495521185,Female,1967-10-20,Chandigarh,Punjab,457330,2023-07-30
422,Rehaan Sahota,rehaan.sahota598@yahoo.com,9955508961,Male,2002-11-01,Lucknow,Uttar Pradesh,769828,2023-12-16
423,Fariq Narang,fariq.narang486@yahoo.com,9803935444,Male,1996-08-20,Kochi,Kerala,716575,2026-05-22
424,Girish Dutta,girish.dutta53@outlook.com,9615877957,Male,1987-10-05,Bhubaneswar,Odisha,288795,2024-11-04
425,Yahvi Morar,yahvi.morar842@outlook.com,9360056579,Female,1969-07-01,Bengaluru,Karnataka,143105,2024-11-03
426,Ronith Tiwari,ronith.tiwari20@yahoo.com,9436824737,Male,1975-12-23,Hyderabad,Telangana,549123,2024-09-12
427,Patrick Bava,patrick.bava708@gmail.com,9540639384,Male,1986-11-27,Lucknow,Uttar Pradesh,636196,2023-04-04
428,Vrinda Mangal,vrinda.mangal745@gmail.com,9857820386,Female,2002-01-20,Bhubaneswar,Odisha,254790,2024-12-24
429,Tanveer Desai,tanveer.desai333@outlook.com,9613646933,Male,1996-11-28,Indore,Madhya Pradesh,661003,2026-03-16
430,Tamanna Pau,tamanna.pau980@gmail.com,9593559955,Female,1967-10-29,Ahmedabad,Gujarat,669025,2023-03-28
431,Indali Patil,indali.patil363@outlook.com,9928917719,Female,1968-10-14,Indore,Madhya Pradesh,784559,2025-01-14
432,Yashawini Seshadri,yashawini.seshadri496@gmail.com,9364697908,Female,1977-08-27,Kochi,Kerala,402560,2025-10-14
433,Dhriti Dave,dhriti.dave965@yahoo.com,9928042067,Female,1982-07-25,Chennai,Tamil Nadu,413043,2026-07-14
434,Omkaar Pau,omkaar.pau722@yahoo.com,9440419907,Male,1974-03-09,Ranchi,Jharkhand,613111,2025-10-02
435,Yashoda Ratti,yashoda.ratti957@outlook.com,9393622794,Female,1967-07-29,Indore,Madhya Pradesh,411770,2024-11-06
436,Ekapad Nath,ekapad.nath693@outlook.com,9507693523,Male,1987-12-16,Patna,Bihar,523698,2025-12-05
437,Falguni Varma,falguni.varma824@gmail.com,9411871167,Female,2005-09-04,Nashik,Maharashtra,154110,2023-07-29
438,Odika Gaba,odika.gaba81@yahoo.com,9574997731,Female,1992-02-19,Ranchi,Jharkhand,797837,2024-06-20
439,Netra Nayar,netra.nayar491@gmail.com,9316968866,Female,1987-07-18,Bhubaneswar,Odisha,674740,2024-11-15
440,Wishi Mistry,wishi.mistry713@yahoo.com,9247395716,Female,1966-05-05,Indore,Madhya Pradesh,224533,2024-10-04
441,Noah Choudhary,noah.choudhary52@outlook.com,9670201461,Male,1990-09-22,Chennai,Tamil Nadu,346634,2026-07-20
442,Agastya Som,agastya.som103@yahoo.com,9454650074,Male,1993-10-25,Pune,Maharashtra,605352,2024-01-07
443,Ishaan Behl,ishaan.behl790@gmail.com,9105563528,Male,1972-12-16,Guwahati,Assam,687087,2025-02-22
444,Ranveer Divan,ranveer.divan669@yahoo.com,9612656440,Male,1976-01-15,Lucknow,Uttar Pradesh,792140,2025-12-28
445,Christopher Halder,christopher.halder988@yahoo.com,9444851196,Male,1979-02-11,Nashik,Maharashtra,409280,2023-02-22
446,Faqid Sachar,faqid.sachar92@outlook.com,9716470999,Male,1983-04-10,Nashik,Maharashtra,353501,2025-07-11
447,Warinder Bhatia,warinder.bhatia428@gmail.com,9139019611,Male,1987-12-06,Mysuru,Karnataka,526279,2025-07-30
448,Omaja Sridhar,omaja.sridhar960@outlook.com,9410812797,Female,1979-02-12,Mysuru,Karnataka,149287,2024-12-09
449,Gabriel Sharaf,gabriel.sharaf582@outlook.com,9215213239,Male,1980-05-06,Kolkata,West Bengal,461318,2026-04-24
450,Raagini Lalla,raagini.lalla657@outlook.com,9662982736,Female,1973-11-22,Kanpur,Uttar Pradesh,627905,2025-03-29
451,Jatin Mallick,jatin.mallick480@yahoo.com,9307029662,Male,1975-04-18,Bhopal,Madhya Pradesh,228119,2025-01-20
452,Neha Mani,neha.mani749@yahoo.com,9796091085,Female,1995-04-22,Mysuru,Karnataka,379762,2025-07-29
453,Yash Nadig,yash.nadig755@yahoo.com,9949080318,Male,1989-09-23,Mumbai,Maharashtra,419356,2024-10-11
454,Laksh Mani,laksh.mani626@outlook.com,9535391971,Male,1994-09-21,Mysuru,Karnataka,558480,2023-07-05
455,Sachi Rana,sachi.rana411@outlook.com,9202418976,Female,2006-09-04,Nagpur,Maharashtra,303758,2025-12-23
456,Elijah Mannan,elijah.mannan332@gmail.com,9107333788,Male,2006-09-15,Chandigarh,Punjab,383454,2023-03-24
457,Chaaya Pal,chaaya.pal458@yahoo.com,9453932473,Female,1993-10-31,Chennai,Tamil Nadu,426614,2026-05-09
458,Wriddhish Kala,wriddhish.kala670@yahoo.com,9843854609,Male,1988-10-13,Coimbatore,Tamil Nadu,357782,2023-10-17
459,Laban Devan,laban.devan122@yahoo.com,9429430802,Male,1997-06-26,Guwahati,Assam,277476,2023-06-19
460,Kashvi Kibe,kashvi.kibe515@outlook.com,9926610534,Female,2004-07-19,Guwahati,Assam,436085,2023-04-04
461,Isaiah Kaul,isaiah.kaul939@yahoo.com,9494647257,Male,1983-05-26,Thiruvananthapuram,Kerala,754482,2023-04-06
462,Warinder Chaudhry,warinder.chaudhry981@gmail.com,9613443905,Male,1971-07-16,Chennai,Tamil Nadu,270627,2025-06-29
463,Gaurangi Ray,gaurangi.ray621@yahoo.com,9546510829,Female,2003-06-30,Bhubaneswar,Odisha,685915,2025-05-23
464,Vyanjana Sood,vyanjana.sood551@outlook.com,9986485022,Female,1998-02-17,Nashik,Maharashtra,339022,2025-05-20
465,Maanas Nagi,maanas.nagi773@outlook.com,9945432844,Male,1968-03-03,Guwahati,Assam,195848,2024-02-02
466,Chanchal Kata,chanchal.kata721@yahoo.com,9183862154,Female,1996-09-20,Bhopal,Madhya Pradesh,701574,2024-12-22
467,Anirudh Gill,anirudh.gill849@outlook.com,9642762599,Male,2001-08-23,Pune,Maharashtra,321977,2024-07-23
468,Andrew Ranganathan,andrew.ranganathan336@outlook.com,9574422684,Male,1973-08-21,Mysuru,Karnataka,231887,2025-11-14
469,Maanav Barad,maanav.barad598@yahoo.com,9197647841,Male,1990-01-18,Ranchi,Jharkhand,645168,2023-02-10
470,Damyanti Nayak,damyanti.nayak57@yahoo.com,9241674152,Female,2008-02-27,Vadodara,Gujarat,648180,2024-02-01
471,Zaitra Tak,zaitra.tak578@gmail.com,9700003920,Female,1971-05-25,Kanpur,Uttar Pradesh,594839,2026-03-25
472,Yashawini Sidhu,yashawini.sidhu23@yahoo.com,9373221357,Female,2000-05-28,Bhubaneswar,Odisha,113162,2024-01-17
473,Noah Gaba,noah.gaba75@gmail.com,9554941605,Male,1993-07-02,Patna,Bihar,471265,2025-09-01
474,Girik Atwal,girik.atwal62@gmail.com,9606882594,Male,1999-08-18,Indore,Madhya Pradesh,143277,2025-09-08
475,Inaya Gill,inaya.gill185@gmail.com,9922301213,Female,1993-02-02,Lucknow,Uttar Pradesh,782688,2025-03-30
476,Tanmayi Sane,tanmayi.sane913@yahoo.com,9581613078,Female,1969-05-10,Surat,Gujarat,505834,2024-11-26
477,Charvi Goyal,charvi.goyal700@outlook.com,9679069250,Female,1986-02-26,Nagpur,Maharashtra,249450,2026-07-23
478,Kritika Ahuja,kritika.ahuja183@outlook.com,9522043490,Female,1975-10-03,Delhi,Delhi,664532,2024-01-01
479,Kiaan Narayan,kiaan.narayan229@gmail.com,9911941471,Male,1996-09-16,Bhubaneswar,Odisha,133840,2024-02-24
480,Aashi Lal,aashi.lal690@outlook.com,9684593732,Female,1995-06-01,Kanpur,Uttar Pradesh,554731,2025-05-24
481,Bhavani Dani,bhavani.dani236@gmail.com,9594592624,Female,1972-06-29,Amritsar,Punjab,472975,2024-09-22
482,Zayan Mukhopadhyay,zayan.mukhopadhyay194@outlook.com,9921938559,Male,1993-02-02,Coimbatore,Tamil Nadu,228327,2025-07-10
483,Manbir Pillai,manbir.pillai677@yahoo.com,9760268760,Male,1975-01-18,Vadodara,Gujarat,126406,2025-04-03
484,Ekalinga Sridhar,ekalinga.sridhar69@gmail.com,9737742679,Male,1997-10-11,Hyderabad,Telangana,145208,2023-08-15
485,Ridhi Sagar,ridhi.sagar689@outlook.com,9152265802,Female,2004-11-16,Kochi,Kerala,366623,2025-07-26
486,Ikbal Kota,ikbal.kota450@gmail.com,9679562681,Male,1991-03-31,Jaipur,Rajasthan,337824,2025-06-28
487,Banjeet Vora,banjeet.vora516@yahoo.com,9351429015,Male,1995-11-21,Bengaluru,Karnataka,714096,2024-08-29
488,Brinda Choudhury,brinda.choudhury613@outlook.com,9978731508,Female,1989-03-05,Patna,Bihar,446242,2023-04-18
489,Zayyan Jain,zayyan.jain898@gmail.com,9808897689,Male,1972-01-26,Kolkata,West Bengal,656572,2025-02-08
490,Nihal Venkatesh,nihal.venkatesh308@yahoo.com,9165452764,Male,1994-11-17,Lucknow,Uttar Pradesh,693762,2024-08-23
491,Yash Chand,yash.chand696@yahoo.com,9696840109,Male,1984-10-12,Thiruvananthapuram,Kerala,629697,2026-04-07
492,Ayaan Setty,ayaan.setty965@outlook.com,9820848547,Male,1983-06-28,Surat,Gujarat,509670,2023-07-18
493,Barkha Shere,barkha.shere427@yahoo.com,9260221190,Female,1978-11-17,Ranchi,Jharkhand,424456,2025-06-18
494,Alka Randhawa,alka.randhawa773@outlook.com,9608436962,Female,1965-10-03,Mysuru,Karnataka,362674,2023-12-24
495,Ikbal Bora,ikbal.bora879@outlook.com,9254996504,Male,1980-06-10,Kolkata,West Bengal,595518,2023-03-28
496,Azad Bhasin,azad.bhasin423@yahoo.com,9698382096,Male,1968-08-05,Indore,Madhya Pradesh,665737,2026-05-23
497,Warinder Balay,warinder.balay249@yahoo.com,9318331154,Male,1973-05-13,Jaipur,Rajasthan,456306,2024-02-04
498,Ekansh Salvi,ekansh.salvi868@yahoo.com,9199282456,Male,2003-12-15,Kanpur,Uttar Pradesh,671655,2024-05-27
499,Udarsh Purohit,udarsh.purohit275@yahoo.com,9823349713,Male,1994-12-25,Pune,Maharashtra,744357,2024-05-29
500,Ekalinga Pall,ekalinga.pall193@outlook.com,9877716824,Male,2008-04-26,Nagpur,Maharashtra,695998,2023-07-01
501,Ronith Wadhwa,ronith.wadhwa214@yahoo.com,9425545658,Male,2007-09-17,Chandigarh,Punjab,126079,2023-07-12
502,Aarav Bajaj,aarav.bajaj986@outlook.com,9225967304,Male,1985-07-14,Hyderabad,Telangana,612185,2026-07-19
503,Simon Wali,simon.wali619@outlook.com,9319594317,Male,1975-07-03,Ranchi,Jharkhand,525899,2024-06-03
504,Victor Pal,victor.pal330@yahoo.com,9508732434,Male,1973-09-24,Indore,Madhya Pradesh,598900,2023-08-17
505,Dayita Balay,dayita.balay268@yahoo.com,9650632566,Female,1983-08-27,Kolkata,West Bengal,631434,2025-12-12
506,Adweta Khosla,adweta.khosla823@outlook.com,9604111500,Female,1969-12-18,Delhi,Delhi,445789,2023-10-22
507,Anay Sekhon,anay.sekhon321@yahoo.com,9149086585,Male,1995-11-13,Surat,Gujarat,699850,2025-03-13
508,Arjun Konda,arjun.konda150@gmail.com,9380004069,Male,1982-12-03,Bhubaneswar,Odisha,690190,2025-09-14
509,Kamala Zacharia,kamala.zacharia157@gmail.com,9454190155,Female,2002-10-07,Kolkata,West Bengal,351193,2023-11-06
510,Baghyawati Dey,baghyawati.dey854@gmail.com,9636120880,Female,1978-01-24,Patna,Bihar,687391,2024-11-11
511,Odika Nagi,odika.nagi782@yahoo.com,9876914430,Female,2003-04-22,Coimbatore,Tamil Nadu,782866,2023-12-01
512,Yoshita Kant,yoshita.kant173@outlook.com,9953598460,Female,1977-06-16,Kanpur,Uttar Pradesh,479284,2024-07-17
513,Gagan Sane,gagan.sane738@outlook.com,9624325659,Male,1967-08-23,Bengaluru,Karnataka,302989,2025-01-17
514,Orinder Raj,orinder.raj35@gmail.com,9978316418,Male,1979-05-02,Bhopal,Madhya Pradesh,160872,2025-11-11
515,Sathvik Rege,sathvik.rege141@outlook.com,9348499712,Male,1981-10-24,Lucknow,Uttar Pradesh,181270,2023-08-10
516,Warjas Khosla,warjas.khosla224@outlook.com,9589636644,Male,1978-07-23,Mumbai,Maharashtra,501330,2026-02-01
517,Ekbal Sheth,ekbal.sheth654@outlook.com,9761982621,Male,1989-10-22,Kochi,Kerala,616677,2026-04-27
518,Turvi Wagle,turvi.wagle7@outlook.com,9692322761,Female,1976-01-26,Mumbai,Maharashtra,541320,2023-07-21
519,Harsh Narayanan,harsh.narayanan543@outlook.com,9395000621,Male,2005-04-13,Mumbai,Maharashtra,671763,2025-05-15
520,Reva Chanda,reva.chanda515@outlook.com,9823737375,Female,2001-04-16,Mumbai,Maharashtra,561489,2024-12-22
521,Atharv Loyal,atharv.loyal941@gmail.com,9663054538,Male,1991-08-22,Delhi,Delhi,266131,2024-05-31
522,Anmol Bora,anmol.bora635@outlook.com,9371031968,Male,1998-05-19,Hyderabad,Telangana,481659,2023-09-29
523,Janani Srinivas,janani.srinivas407@gmail.com,9500561082,Female,2004-08-17,Vadodara,Gujarat,535751,2023-10-26
524,Nidra Aurora,nidra.aurora250@outlook.com,9342512383,Female,1973-10-18,Patna,Bihar,424547,2023-10-30
525,Daniel Srinivas,daniel.srinivas879@outlook.com,9915599098,Male,1995-07-16,Thiruvananthapuram,Kerala,143224,2026-04-27
526,Harsh Ranganathan,harsh.ranganathan389@yahoo.com,9693458652,Male,1989-05-13,Jaipur,Rajasthan,609128,2026-04-28
527,Lohit Rai,lohit.rai10@outlook.com,9284021712,Male,1993-07-09,Thiruvananthapuram,Kerala,196703,2024-09-23
528,Nikita Lal,nikita.lal661@yahoo.com,9707583925,Female,2003-08-03,Lucknow,Uttar Pradesh,209995,2024-05-08
529,Viraj Chaudhari,viraj.chaudhari217@outlook.com,9708579840,Male,1996-09-09,Chennai,Tamil Nadu,608599,2025-12-03
530,Odika Jani,odika.jani947@gmail.com,9834899763,Female,1983-06-05,Pune,Maharashtra,403993,2024-05-23
531,Indrajit Dhingra,indrajit.dhingra952@yahoo.com,9116812751,Male,1989-06-02,Mysuru,Karnataka,327222,2023-02-19
532,Sathvik Merchant,sathvik.merchant841@outlook.com,9981437228,Male,1979-10-23,Nashik,Maharashtra,527644,2023-08-14
533,Ranveer Korpal,ranveer.korpal167@outlook.com,9358205053,Male,1993-10-10,Kolkata,West Bengal,704224,2024-11-05
534,Pahal Kurian,pahal.kurian919@outlook.com,9456192204,Female,1986-08-21,Guwahati,Assam,512492,2025-10-13
535,Yatan Sharma,yatan.sharma706@outlook.com,9184211091,Male,1999-10-23,Vadodara,Gujarat,635120,2023-09-03
536,Hamsini Dey,hamsini.dey101@yahoo.com,9349262723,Female,1986-08-16,Pune,Maharashtra,189711,2025-08-18
537,Bhanumati Viswanathan,bhanumati.viswanathan788@outlook.com,9739529933,Female,2002-01-13,Kochi,Kerala,525974,2023-03-13
538,Arunima Ahuja,arunima.ahuja650@yahoo.com,9941328406,Female,2001-11-09,Mumbai,Maharashtra,582437,2024-07-16
539,Kala Bir,kala.bir365@outlook.com,9503111666,Female,1966-01-07,Chennai,Tamil Nadu,562826,2025-08-01
540,Zayyan Shah,zayyan.shah600@outlook.com,9508099975,Male,1992-03-11,Guwahati,Assam,199857,2024-05-26
541,Warhi Sura,warhi.sura253@outlook.com,9178927201,Female,1988-07-05,Vadodara,Gujarat,196024,2023-02-18
542,Tripti Arora,tripti.arora390@outlook.com,9941695782,Female,1996-09-05,Bengaluru,Karnataka,774694,2023-02-19
543,Luke Badal,luke.badal399@yahoo.com,9487298927,Male,1995-08-20,Bhubaneswar,Odisha,221727,2024-11-09
544,Tanveer Gola,tanveer.gola966@yahoo.com,9577531502,Male,1969-10-07,Mumbai,Maharashtra,487401,2023-06-16
545,Falguni Khosla,falguni.khosla136@gmail.com,9301210399,Female,1988-04-06,Delhi,Delhi,561915,2023-10-04
546,Raagini Loke,raagini.loke569@outlook.com,9538134097,Female,1969-01-09,Indore,Madhya Pradesh,218311,2025-11-23
547,Samaksh Sharaf,samaksh.sharaf363@outlook.com,9199926988,Male,2008-03-16,Nagpur,Maharashtra,735921,2025-01-29
548,Jeevika Mital,jeevika.mital13@yahoo.com,9544325176,Female,2002-01-31,Jaipur,Rajasthan,516638,2025-07-02
549,Amol Chander,amol.chander923@outlook.com,9360642799,Male,1981-11-04,Bhubaneswar,Odisha,709744,2024-07-06
550,Wazir Bhalla,wazir.bhalla390@gmail.com,9249078381,Male,1995-11-06,Guwahati,Assam,391982,2025-05-02
551,Chakrika Tata,chakrika.tata505@gmail.com,9167932588,Female,1993-05-10,Coimbatore,Tamil Nadu,285330,2026-01-27
552,Oni Chandran,oni.chandran432@yahoo.com,9619939412,Female,2005-02-24,Coimbatore,Tamil Nadu,190658,2026-04-01
553,Jyoti Kakar,jyoti.kakar967@gmail.com,9874059895,Female,1995-05-25,Coimbatore,Tamil Nadu,765396,2026-04-10
554,Vyanjana Madan,vyanjana.madan632@gmail.com,9591625191,Female,1968-10-27,Kochi,Kerala,222169,2023-03-30
555,Logan Bali,logan.bali7@yahoo.com,9456715514,Male,2002-03-12,Kolkata,West Bengal,760319,2023-09-18
556,Adweta Johal,adweta.johal883@yahoo.com,9572685761,Female,1997-12-21,Vadodara,Gujarat,460997,2025-02-27
557,Sneha Bose,sneha.bose844@outlook.com,9738224541,Female,1989-11-16,Amritsar,Punjab,252737,2024-02-20
558,Saumya Zachariah,saumya.zachariah618@outlook.com,9315662642,Female,1998-02-12,Ahmedabad,Gujarat,612279,2024-04-02
559,Ekiya Brar,ekiya.brar988@yahoo.com,9442671456,Female,2007-07-10,Mysuru,Karnataka,415606,2024-11-07
560,Avni Chaudhari,avni.chaudhari801@gmail.com,9449917685,Female,2001-09-09,Patna,Bihar,504323,2024-08-17
561,Panini Ranganathan,panini.ranganathan805@yahoo.com,9491932454,Female,1979-08-30,Amritsar,Punjab,229421,2026-07-06
562,Laban Seshadri,laban.seshadri559@gmail.com,9831983367,Male,1980-12-04,Patna,Bihar,686821,2024-10-25
563,Raghav Sankaran,raghav.sankaran473@outlook.com,9325108249,Male,1990-10-26,Bhubaneswar,Odisha,569754,2023-09-26
564,Sachi Chada,sachi.chada710@gmail.com,9979357576,Female,1978-04-30,Amritsar,Punjab,539017,2025-10-24
565,Krishna Borah,krishna.borah649@yahoo.com,9359868249,Female,1972-04-04,Bengaluru,Karnataka,374956,2023-05-15
566,Faraj Ramachandran,faraj.ramachandran434@yahoo.com,9179419456,Male,1970-03-17,Ranchi,Jharkhand,580881,2024-03-14
567,Aahana Morar,aahana.morar411@outlook.com,9643971182,Female,1998-05-13,Patna,Bihar,548621,2024-08-26
568,Charan Deo,charan.deo992@yahoo.com,9853374076,Male,1984-02-27,Vadodara,Gujarat,672987,2023-05-22
569,Samar Chauhan,samar.chauhan788@gmail.com,9806094391,Male,1980-11-04,Delhi,Delhi,482254,2023-03-04
570,Chakradhar Nair,chakradhar.nair628@gmail.com,9704753177,Male,1966-02-26,Thiruvananthapuram,Kerala,786365,2026-02-20
571,Triveni Rama,triveni.rama340@yahoo.com,9213757100,Female,1996-10-17,Nashik,Maharashtra,121061,2025-11-03
572,Jairaj Verma,jairaj.verma228@outlook.com,9901927335,Male,1981-12-30,Coimbatore,Tamil Nadu,653999,2023-09-05
573,Ekaraj Luthra,ekaraj.luthra384@yahoo.com,9597210335,Male,1986-10-31,Kanpur,Uttar Pradesh,727182,2024-02-22
574,Azad Ganesh,azad.ganesh26@yahoo.com,9212259020,Male,1983-09-25,Surat,Gujarat,419784,2024-08-13
575,Warhi Bose,warhi.bose119@outlook.com,9252122560,Female,2006-03-24,Nagpur,Maharashtra,475250,2024-05-10
576,Yachana Hayre,yachana.hayre467@gmail.com,9659542785,Female,1971-06-14,Ahmedabad,Gujarat,616385,2024-09-12
577,Aarini Randhawa,aarini.randhawa100@yahoo.com,9875235090,Female,1992-04-17,Chandigarh,Punjab,584426,2024-04-03
578,Omya Sarraf,omya.sarraf308@gmail.com,9969930526,Female,2000-09-09,Nagpur,Maharashtra,230676,2024-04-06
579,Ekansh Mital,ekansh.mital664@gmail.com,9827072823,Male,2006-05-11,Ahmedabad,Gujarat,282338,2024-03-19
580,Harish Srinivas,harish.srinivas179@outlook.com,9271944408,Male,2007-02-07,Bhopal,Madhya Pradesh,457068,2024-03-10
581,Odika Manne,odika.manne238@yahoo.com,9776199993,Female,1992-11-03,Kanpur,Uttar Pradesh,303412,2025-09-06
582,Jairaj Nanda,jairaj.nanda674@yahoo.com,9524753348,Male,2000-09-25,Thiruvananthapuram,Kerala,140611,2024-05-29
583,Ronith Patla,ronith.patla607@yahoo.com,9517509245,Male,1989-11-14,Kanpur,Uttar Pradesh,114667,2023-06-25
584,Gautam Bala,gautam.bala286@outlook.com,9968366997,Male,1985-06-23,Hyderabad,Telangana,175603,2026-06-16
585,Henry Sarma,henry.sarma893@outlook.com,9300746596,Male,2001-05-16,Vadodara,Gujarat,493562,2025-11-27
586,Bhavya Rege,bhavya.rege469@gmail.com,9381699808,Female,1971-08-11,Hyderabad,Telangana,623262,2025-06-18
587,Nidra Khurana,nidra.khurana398@outlook.com,9521490916,Female,1972-04-02,Kochi,Kerala,725520,2023-12-22
588,Siddharth Purohit,siddharth.purohit361@yahoo.com,9762888128,Male,2008-03-23,Surat,Gujarat,290909,2023-05-04
589,Wakeeta Rattan,wakeeta.rattan605@gmail.com,9821672704,Female,2005-05-03,Kochi,Kerala,250455,2024-12-21
590,Ubika Bansal,ubika.bansal245@yahoo.com,9225572934,Female,1981-01-31,Delhi,Delhi,301937,2025-11-17
591,Chaman Chopra,chaman.chopra145@outlook.com,9517109257,Female,1993-11-26,Ranchi,Jharkhand,548556,2025-10-20
592,Peter Ganesan,peter.ganesan393@yahoo.com,9299451515,Male,1967-07-13,Patna,Bihar,620311,2025-05-15
593,Ryan Narula,ryan.narula171@yahoo.com,9410133983,Male,1984-02-19,Indore,Madhya Pradesh,257112,2026-07-02
594,Abdul Chaudhari,abdul.chaudhari863@yahoo.com,9765086407,Male,1987-08-02,Ahmedabad,Gujarat,166216,2023-12-30
595,Yochana Kant,yochana.kant497@gmail.com,9309517616,Female,1982-06-12,Mumbai,Maharashtra,512595,2024-08-28
596,Yamini Dora,yamini.dora702@yahoo.com,9546279777,Female,1966-09-06,Lucknow,Uttar Pradesh,575413,2024-04-19
597,Damini Merchant,damini.merchant85@outlook.com,9133136428,Female,2006-12-24,Mysuru,Karnataka,341242,2024-07-20
598,Devika Dhar,devika.dhar282@gmail.com,9677252858,Female,1980-05-18,Pune,Maharashtra,412693,2024-04-24
599,Harshil Verma,harshil.verma469@outlook.com,9897272900,Male,1986-02-06,Nashik,Maharashtra,629374,2024-10-15
600,Theodore Sethi,theodore.sethi117@yahoo.com,9932271276,Male,1978-07-15,Patna,Bihar,679489,2024-03-16
601,Deepa Bajaj,deepa.bajaj843@gmail.com,9916048218,Female,1993-06-28,Indore,Madhya Pradesh,572807,2026-02-01
602,Fitan Kohli,fitan.kohli105@outlook.com,9991281644,Male,1989-05-11,Lucknow,Uttar Pradesh,795425,2024-11-27
603,Noah Sandhu,noah.sandhu896@gmail.com,9582896428,Male,1975-08-06,Kolkata,West Bengal,385582,2026-06-23
604,Tanmayi Gour,tanmayi.gour90@yahoo.com,9226042285,Female,1993-11-21,Amritsar,Punjab,358456,2023-09-27
605,Rudra Balakrishnan,rudra.balakrishnan756@outlook.com,9839951555,Male,2003-08-07,Vadodara,Gujarat,477664,2025-09-09
606,Varenya Sanghvi,varenya.sanghvi631@gmail.com,9942725534,Female,1995-12-06,Mysuru,Karnataka,326657,2024-06-15
607,Harshil Mallick,harshil.mallick61@outlook.com,9476685251,Male,2000-05-26,Vadodara,Gujarat,668137,2025-09-29
608,Bhavika Chaudry,bhavika.chaudry552@gmail.com,9447520416,Female,1988-09-17,Kochi,Kerala,416850,2025-11-29
609,Rajeshri Nanda,rajeshri.nanda274@outlook.com,9829392084,Female,1970-07-11,Patna,Bihar,209851,2023-10-11
610,Yash Wable,yash.wable805@yahoo.com,9163657733,Male,1979-02-07,Nashik,Maharashtra,400795,2026-07-02
611,Rishi Ramanathan,rishi.ramanathan887@gmail.com,9368088898,Male,1980-08-02,Ranchi,Jharkhand,263348,2025-02-27
612,Vasudha Gera,vasudha.gera254@outlook.com,9521659217,Female,1995-12-26,Amritsar,Punjab,623235,2025-12-17
613,Manthan Chad,manthan.chad648@yahoo.com,9774108885,Male,1979-02-03,Patna,Bihar,544347,2025-06-17
614,Kashvi Mody,kashvi.mody78@outlook.com,9953193777,Female,1981-09-05,Kanpur,Uttar Pradesh,207617,2023-06-29
615,Ekta Vaidya,ekta.vaidya768@yahoo.com,9845932321,Female,1991-04-10,Bhopal,Madhya Pradesh,497000,2024-06-15
616,Sanaya Sampath,sanaya.sampath336@outlook.com,9102655449,Female,1992-12-14,Chandigarh,Punjab,207667,2023-09-26
617,Harini Ganesan,harini.ganesan681@outlook.com,9484638726,Female,1971-08-29,Thiruvananthapuram,Kerala,176408,2024-10-24
618,Nisha Seshadri,nisha.seshadri992@yahoo.com,9985673417,Female,2002-11-04,Hyderabad,Telangana,332143,2025-04-10
619,Aarna Sundaram,aarna.sundaram331@yahoo.com,9462661837,Female,2000-09-05,Coimbatore,Tamil Nadu,683897,2023-07-24
620,Zayyan Talwar,zayyan.talwar873@yahoo.com,9946434607,Male,1986-10-09,Patna,Bihar,470438,2024-07-11
621,Tristan Suresh,tristan.suresh102@outlook.com,9941695219,Male,1989-12-09,Pune,Maharashtra,591907,2023-09-02
622,Imaran Master,imaran.master952@gmail.com,9573827182,Male,1975-04-18,Delhi,Delhi,588694,2023-03-12
623,Maanas Ganguly,maanas.ganguly208@outlook.com,9241640592,Male,1989-12-13,Lucknow,Uttar Pradesh,791572,2025-11-05
624,Yachana Vaidya,yachana.vaidya896@yahoo.com,9200223044,Female,1970-07-15,Mysuru,Karnataka,796386,2023-06-24
625,Rajeshri Barman,rajeshri.barman85@yahoo.com,9813510897,Female,1984-08-09,Coimbatore,Tamil Nadu,790433,2025-10-09
626,Ikbal Sandal,ikbal.sandal406@outlook.com,9428038048,Male,2001-04-27,Pune,Maharashtra,355518,2023-06-10
627,Krishna Mishra,krishna.mishra94@outlook.com,9202202698,Female,1967-01-05,Thiruvananthapuram,Kerala,111140,2026-03-06
628,Karan Pall,karan.pall80@gmail.com,9737458510,Male,1969-05-14,Chandigarh,Punjab,347179,2026-02-18
629,Dhriti Khalsa,dhriti.khalsa9@outlook.com,9468909933,Female,1997-05-05,Mumbai,Maharashtra,236452,2023-10-27
630,Pushti Sangha,pushti.sangha136@yahoo.com,9176051319,Female,1971-08-12,Ranchi,Jharkhand,350069,2023-08-31
631,Ishanvi Jhaveri,ishanvi.jhaveri749@gmail.com,9210811807,Female,1990-02-20,Nagpur,Maharashtra,438573,2025-12-07
632,Zinal Mand,zinal.mand141@yahoo.com,9930496866,Female,1972-11-12,Kolkata,West Bengal,249614,2025-03-11
633,Madhav Mann,madhav.mann544@outlook.com,9109099680,Male,2006-07-31,Nagpur,Maharashtra,749967,2025-02-08
634,Champak Deshmukh,champak.deshmukh360@outlook.com,9328766544,Male,1999-05-31,Kanpur,Uttar Pradesh,768590,2026-06-28
635,Ayushman Malhotra,ayushman.malhotra631@outlook.com,9575006056,Male,1971-01-30,Lucknow,Uttar Pradesh,337798,2026-02-24
636,Dominic Krish,dominic.krish144@gmail.com,9733050169,Male,1979-06-23,Delhi,Delhi,512687,2023-08-06
637,Krishna Ramaswamy,krishna.ramaswamy323@gmail.com,9366058599,Female,1990-06-16,Lucknow,Uttar Pradesh,400422,2024-10-23
638,Krish Sachdeva,krish.sachdeva567@outlook.com,9744253537,Male,1968-11-15,Chennai,Tamil Nadu,747108,2024-05-28
639,Charita Rau,charita.rau964@outlook.com,9128802482,Female,1977-08-03,Nashik,Maharashtra,426303,2024-11-26
640,Qarin Sha,qarin.sha622@outlook.com,9302557660,Male,1979-09-13,Bhopal,Madhya Pradesh,520781,2026-06-12
641,Aadhya Chander,aadhya.chander56@gmail.com,9631381642,Female,1985-05-04,Thiruvananthapuram,Kerala,514631,2025-09-01
642,Praneel Bhatnagar,praneel.bhatnagar512@outlook.com,9737727239,Male,1982-09-23,Chennai,Tamil Nadu,184462,2025-11-24
643,Tanish Kakar,tanish.kakar957@yahoo.com,9241715543,Male,1979-07-05,Surat,Gujarat,515630,2024-10-30
644,Meghana Nazareth,meghana.nazareth560@outlook.com,9285510711,Female,1971-03-30,Surat,Gujarat,603895,2025-01-06
645,Xavier Oza,xavier.oza602@gmail.com,9114810579,Male,1998-05-27,Mumbai,Maharashtra,384922,2026-03-31
646,Arin Chaudhary,arin.chaudhary945@gmail.com,9947493681,Male,2001-08-09,Pune,Maharashtra,527308,2025-04-18
647,Adweta Dash,adweta.dash730@outlook.com,9923678093,Female,1972-06-02,Thiruvananthapuram,Kerala,545613,2026-05-16
648,Vasatika Acharya,vasatika.acharya412@gmail.com,9787771674,Female,1984-01-09,Ranchi,Jharkhand,672629,2026-08-05
649,Dominic Mittal,dominic.mittal86@yahoo.com,9184848753,Male,2005-09-25,Coimbatore,Tamil Nadu,646142,2023-08-22
650,Laksh Chander,laksh.chander160@outlook.com,9450845460,Male,1976-05-23,Vadodara,Gujarat,519712,2025-05-25
651,Quincy Gandhi,quincy.gandhi716@yahoo.com,9883786839,Male,1992-07-11,Kolkata,West Bengal,360230,2023-04-06
652,Jackson Sanghvi,jackson.sanghvi89@yahoo.com,9224539647,Male,1995-11-20,Chennai,Tamil Nadu,585395,2025-05-26
653,Aadi Kala,aadi.kala683@outlook.com,9806578337,Male,1971-05-02,Kolkata,West Bengal,294179,2024-10-07
654,Isaiah Venkataraman,isaiah.venkataraman725@gmail.com,9853229478,Male,1966-01-09,Mumbai,Maharashtra,121902,2025-06-27
655,Onveer Dara,onveer.dara976@yahoo.com,9661572729,Male,1983-10-14,Chandigarh,Punjab,652348,2026-07-31
656,Ekaja Sridhar,ekaja.sridhar381@gmail.com,9905066256,Female,1982-02-05,Mysuru,Karnataka,391820,2023-04-30
657,Charan Chauhan,charan.chauhan922@gmail.com,9459715348,Male,2003-07-05,Nashik,Maharashtra,560180,2024-03-09
658,Ekantika Raja,ekantika.raja66@yahoo.com,9864851260,Female,1998-01-05,Bhopal,Madhya Pradesh,714664,2025-10-26
659,Ekalinga Dhar,ekalinga.dhar467@outlook.com,9486680089,Male,1989-11-06,Chandigarh,Punjab,168133,2023-04-27
660,Gayathri Sarraf,gayathri.sarraf171@yahoo.com,9268910304,Female,1974-10-15,Patna,Bihar,377509,2024-04-27
661,Faqid Sabharwal,faqid.sabharwal691@outlook.com,9223838514,Male,1984-08-25,Patna,Bihar,349500,2025-04-05
662,Ikbal Chadha,ikbal.chadha880@gmail.com,9362585121,Male,1971-08-25,Pune,Maharashtra,158216,2026-04-04
663,Diya Rajagopalan,diya.rajagopalan393@gmail.com,9292157835,Female,1984-02-02,Surat,Gujarat,147082,2024-04-28
664,Ekiya Kota,ekiya.kota330@gmail.com,9546952114,Female,1969-04-01,Chennai,Tamil Nadu,445477,2024-01-22
665,Meghana Bala,meghana.bala80@outlook.com,9500299721,Female,1993-12-08,Amritsar,Punjab,235201,2026-01-31
666,Matthew Jha,matthew.jha229@outlook.com,9149315449,Male,1987-07-15,Mysuru,Karnataka,530401,2024-11-29
667,Rohan Merchant,rohan.merchant887@yahoo.com,9930568802,Male,1999-05-01,Kanpur,Uttar Pradesh,435791,2025-05-14
668,Kashvi Talwar,kashvi.talwar567@yahoo.com,9108556837,Female,1975-12-29,Nagpur,Maharashtra,496840,2024-06-11
669,Balendra Wable,balendra.wable578@yahoo.com,9894113665,Male,1966-02-22,Kolkata,West Bengal,762967,2026-03-24
670,Pranit Nadig,pranit.nadig378@outlook.com,9629741991,Male,2002-08-22,Kanpur,Uttar Pradesh,314916,2023-07-18
671,Shivansh Pau,shivansh.pau7@yahoo.com,9125673445,Male,1973-01-20,Bengaluru,Karnataka,354316,2025-01-05
672,Vrishti Bora,vrishti.bora860@outlook.com,9110302352,Female,1968-07-12,Thiruvananthapuram,Kerala,461292,2023-02-19
673,Karan Kale,karan.kale674@yahoo.com,9892510222,Male,1968-03-23,Nashik,Maharashtra,432449,2023-03-21
674,Rushil Toor,rushil.toor543@gmail.com,9550773824,Male,1996-04-08,Hyderabad,Telangana,625930,2024-02-04
675,Sarthak Sampath,sarthak.sampath729@yahoo.com,9199886596,Male,1969-03-03,Bengaluru,Karnataka,156033,2025-07-25
676,Faraj Mall,faraj.mall423@outlook.com,9499960213,Male,1969-01-09,Bhopal,Madhya Pradesh,590729,2023-05-17
677,Harsh Dugal,harsh.dugal98@outlook.com,9243359401,Male,1982-06-05,Patna,Bihar,778170,2024-12-23
678,Bhavini Mukherjee,bhavini.mukherjee607@outlook.com,9166875719,Female,1997-01-05,Nagpur,Maharashtra,566113,2025-07-21
679,Jagdish Bhardwaj,jagdish.bhardwaj299@yahoo.com,9438238241,Male,2005-05-21,Chennai,Tamil Nadu,522041,2023-12-11
680,Devika Setty,devika.setty464@yahoo.com,9350838144,Female,1967-12-29,Ahmedabad,Gujarat,188316,2025-03-31
681,Gagan Dar,gagan.dar799@outlook.com,9217008688,Male,1971-07-12,Bengaluru,Karnataka,272960,2023-02-14
682,Abdul Gade,abdul.gade461@yahoo.com,9437190678,Male,1980-07-14,Mysuru,Karnataka,536260,2024-11-01
683,Kai Ganesan,kai.ganesan367@gmail.com,9585242269,Male,1997-11-12,Indore,Madhya Pradesh,433285,2024-05-24
684,Lipika Dalal,lipika.dalal873@gmail.com,9197088689,Female,1966-11-21,Coimbatore,Tamil Nadu,275272,2025-10-24
685,Upadhriti Magar,upadhriti.magar722@outlook.com,9747791119,Female,1976-12-06,Amritsar,Punjab,152289,2024-12-07
686,Balvan Taneja,balvan.taneja878@yahoo.com,9259261469,Male,1981-02-10,Amritsar,Punjab,205644,2024-09-09
687,Zaid Ganesan,zaid.ganesan406@outlook.com,9152560325,Male,1976-08-05,Surat,Gujarat,423358,2024-05-19
688,Dalaja D’Alia,dalaja.d’alia179@gmail.com,9534212844,Female,1987-07-04,Amritsar,Punjab,584168,2023-11-20
689,Anthony Arora,anthony.arora474@gmail.com,9963177562,Male,1985-11-29,Delhi,Delhi,256584,2023-12-11
690,Rehaan Doctor,rehaan.doctor64@gmail.com,9240354421,Male,2006-12-03,Mumbai,Maharashtra,317758,2023-09-17
691,Anita Saini,anita.saini703@outlook.com,9792225271,Female,1976-04-20,Surat,Gujarat,198122,2023-11-15
692,Odika Madan,odika.madan77@gmail.com,9169226321,Female,1990-03-15,Amritsar,Punjab,317357,2026-01-02
693,Dipta Thakkar,dipta.thakkar132@gmail.com,9990514408,Female,1967-11-22,Vadodara,Gujarat,457656,2025-06-18
694,Isaac Varty,isaac.varty965@yahoo.com,9154371817,Male,2006-08-26,Pune,Maharashtra,286150,2026-07-22
695,Bhavya Shroff,bhavya.shroff742@yahoo.com,9632711663,Female,1998-11-21,Amritsar,Punjab,140915,2026-02-23
696,Nimrat Narang,nimrat.narang437@gmail.com,9480043678,Female,1985-04-07,Guwahati,Assam,335147,2023-05-20
697,Qarin Iyer,qarin.iyer287@yahoo.com,9259591761,Male,1999-05-12,Coimbatore,Tamil Nadu,146333,2024-02-10
698,Jairaj Shetty,jairaj.shetty303@yahoo.com,9542373256,Male,2007-06-01,Thiruvananthapuram,Kerala,687439,2024-05-19
699,Indira Korpal,indira.korpal90@yahoo.com,9511259527,Female,2005-09-20,Pune,Maharashtra,253903,2023-08-11
700,Amaira Kaul,amaira.kaul659@outlook.com,9367520363,Female,1992-12-21,Hyderabad,Telangana,771394,2024-12-30
701,Aayush Nayak,aayush.nayak801@outlook.com,9485593692,Male,1993-11-21,Jaipur,Rajasthan,612986,2023-01-30
702,Nikita Chawla,nikita.chawla935@outlook.com,9639440654,Female,2007-11-25,Surat,Gujarat,447227,2023-10-21
703,Ubika Swamy,ubika.swamy185@gmail.com,9442392183,Female,2007-06-13,Coimbatore,Tamil Nadu,736122,2026-06-26
704,Ekavir Mammen,ekavir.mammen918@yahoo.com,9162911855,Male,2005-03-29,Mumbai,Maharashtra,604597,2023-05-29
705,Yoshita Sachar,yoshita.sachar599@gmail.com,9271395839,Female,1981-08-23,Nashik,Maharashtra,214999,2025-07-24
706,Brijesh Chandran,brijesh.chandran247@yahoo.com,9673044801,Male,1993-01-10,Guwahati,Assam,168625,2024-11-13
707,Ronith Borde,ronith.borde867@yahoo.com,9480968571,Male,1968-04-21,Patna,Bihar,292151,2025-03-05
708,Dhruv Khalsa,dhruv.khalsa607@yahoo.com,9965661638,Male,2002-03-20,Chennai,Tamil Nadu,486212,2024-02-10
709,Ronith Narain,ronith.narain718@yahoo.com,9709511014,Male,1977-04-27,Ranchi,Jharkhand,700985,2024-03-15
710,Baljiwan Jain,baljiwan.jain972@gmail.com,9998396384,Male,1998-09-28,Patna,Bihar,626138,2023-07-24
711,Darika Dugal,darika.dugal503@gmail.com,9196913120,Female,1984-12-15,Mysuru,Karnataka,168897,2023-06-14
712,Naksh Ray,naksh.ray225@gmail.com,9665269791,Male,1981-01-12,Kochi,Kerala,611208,2023-07-04
713,Hemang Seth,hemang.seth940@outlook.com,9316320731,Male,1977-01-08,Ahmedabad,Gujarat,246829,2024-03-03
714,Dipta Chana,dipta.chana182@yahoo.com,9163947730,Female,1995-02-16,Ranchi,Jharkhand,132978,2023-08-21
715,Anmol Kale,anmol.kale722@gmail.com,9931469703,Male,1979-09-21,Patna,Bihar,226309,2026-01-15
716,Chandani Kothari,chandani.kothari383@outlook.com,9810966933,Female,1982-08-31,Nagpur,Maharashtra,524813,2026-07-06
717,Aryan Mistry,aryan.mistry310@yahoo.com,9246513857,Male,2008-03-23,Ahmedabad,Gujarat,275155,2023-12-31
718,Amruta Ravel,amruta.ravel655@yahoo.com,9797052007,Female,1989-07-13,Vadodara,Gujarat,442696,2026-02-08
719,Jeet Chandra,jeet.chandra992@outlook.com,9844704803,Male,2000-03-12,Ranchi,Jharkhand,753521,2024-09-18
720,Ekiya Dara,ekiya.dara682@outlook.com,9974513582,Female,2001-05-01,Chennai,Tamil Nadu,293870,2023-02-13
721,Janya De,janya.de752@outlook.com,9416235507,Female,1982-11-07,Kolkata,West Bengal,243535,2023-10-12
722,Brijesh Lad,brijesh.lad2@outlook.com,9715076673,Male,1968-11-06,Bhubaneswar,Odisha,520624,2026-05-01
723,Bachittar Hora,bachittar.hora617@yahoo.com,9968449816,Male,1984-09-10,Mysuru,Karnataka,751080,2026-04-11
724,Devansh Chanda,devansh.chanda580@gmail.com,9632774653,Male,2001-04-15,Thiruvananthapuram,Kerala,257476,2026-04-15
725,Oni Das,oni.das80@gmail.com,9472384530,Female,1985-06-13,Bhubaneswar,Odisha,445040,2023-03-25
726,Frado Sant,frado.sant907@gmail.com,9982252644,Male,1982-08-11,Thiruvananthapuram,Kerala,780148,2025-12-28
727,Amruta Raja,amruta.raja12@yahoo.com,9325146786,Female,1973-01-21,Kanpur,Uttar Pradesh,371663,2025-07-01
728,Hredhaan Grover,hredhaan.grover263@gmail.com,9873538202,Male,1984-10-21,Surat,Gujarat,111344,2024-01-20
729,Falan Banerjee,falan.banerjee449@outlook.com,9550599217,Male,1992-02-27,Jaipur,Rajasthan,284419,2025-04-03
730,Neelima Tara,neelima.tara903@yahoo.com,9477131597,Female,1989-04-22,Chandigarh,Punjab,682548,2024-07-15
731,Bhavani Chahal,bhavani.chahal849@yahoo.com,9946892378,Female,1971-07-12,Delhi,Delhi,716136,2024-01-26
732,Harish Vora,harish.vora463@gmail.com,9958128631,Male,2008-05-16,Mysuru,Karnataka,145036,2023-12-17
733,Adya Raja,adya.raja327@yahoo.com,9212447665,Female,1981-01-25,Mumbai,Maharashtra,187805,2025-11-06
734,Watika Padmanabhan,watika.padmanabhan910@yahoo.com,9272769884,Female,1987-03-25,Mysuru,Karnataka,188646,2026-04-24
735,Rishi Madan,rishi.madan609@outlook.com,9618334675,Male,1979-05-04,Ahmedabad,Gujarat,142499,2023-09-18
736,Januja Balan,januja.balan169@outlook.com,9566219118,Female,1999-02-07,Thiruvananthapuram,Kerala,274736,2026-04-03
737,Ayush Sodhi,ayush.sodhi340@gmail.com,9303994042,Male,1998-08-08,Delhi,Delhi,539162,2024-12-14
738,Kamala Dutta,kamala.dutta289@yahoo.com,9355065530,Female,1993-11-14,Guwahati,Assam,210576,2023-06-07
739,Kiaan Walla,kiaan.walla586@outlook.com,9627151698,Male,2005-01-25,Jaipur,Rajasthan,271051,2025-12-21
740,Ayaan Kanda,ayaan.kanda4@yahoo.com,9194090232,Male,2007-11-18,Surat,Gujarat,418858,2025-02-12
741,Sara Pant,sara.pant100@gmail.com,9322214072,Female,2008-04-06,Hyderabad,Telangana,289131,2026-05-24
742,Harini Goda,harini.goda485@gmail.com,9431091936,Female,1979-04-20,Nagpur,Maharashtra,526775,2023-12-01
743,Rachita Bala,rachita.bala917@outlook.com,9384546308,Female,1980-09-30,Chandigarh,Punjab,205564,2025-07-27
744,Ekta Guha,ekta.guha380@yahoo.com,9496642020,Female,2000-06-22,Mysuru,Karnataka,305647,2026-01-16
745,Xiti More,xiti.more270@yahoo.com,9599352182,Female,1967-04-05,Pune,Maharashtra,386196,2023-09-13
746,Ayaan Kaul,ayaan.kaul276@outlook.com,9166184772,Male,1966-06-25,Amritsar,Punjab,268472,2025-03-18
747,William Acharya,william.acharya685@yahoo.com,9967776836,Male,1992-01-13,Nagpur,Maharashtra,677751,2024-04-02
748,Eiravati Oak,eiravati.oak604@gmail.com,9694425527,Female,2005-02-18,Nashik,Maharashtra,173947,2025-08-14
749,Ojasvi Bhargava,ojasvi.bhargava536@yahoo.com,9675004218,Female,1990-11-07,Amritsar,Punjab,607890,2023-02-26
750,Ekavir Choudhry,ekavir.choudhry307@gmail.com,9523917958,Male,2002-08-20,Chandigarh,Punjab,146416,2026-01-29
751,Balhaar Prakash,balhaar.prakash973@yahoo.com,9285627380,Male,1994-02-05,Delhi,Delhi,285285,2025-07-29
752,Chandresh Nayar,chandresh.nayar198@gmail.com,9145822897,Male,1971-06-30,Vadodara,Gujarat,553941,2024-02-23
753,Farhan Sarkar,farhan.sarkar446@gmail.com,9983221403,Male,2006-12-08,Guwahati,Assam,767695,2025-11-19
754,Nathan Ghosh,nathan.ghosh610@yahoo.com,9443328397,Male,1989-10-16,Amritsar,Punjab,180268,2025-08-01
755,Pranav Kapoor,pranav.kapoor570@yahoo.com,9692763677,Male,2000-08-24,Jaipur,Rajasthan,451969,2025-06-08
756,Saanvi Mohanty,saanvi.mohanty470@gmail.com,9944552318,Female,1978-04-16,Bhopal,Madhya Pradesh,763324,2025-09-05
757,Hema Agarwal,hema.agarwal425@gmail.com,9259128258,Female,2006-06-03,Delhi,Delhi,704117,2026-06-10
758,Rohan Bali,rohan.bali577@gmail.com,9943687944,Male,1979-04-23,Delhi,Delhi,409991,2023-09-21
759,Janya Chawla,janya.chawla271@yahoo.com,9803072911,Female,1971-09-03,Lucknow,Uttar Pradesh,619173,2026-05-26
760,Brinda Khanna,brinda.khanna177@yahoo.com,9532689999,Female,1979-05-14,Pune,Maharashtra,260841,2024-04-22
761,Chanchal Nayak,chanchal.nayak406@yahoo.com,9841433502,Female,1977-01-11,Pune,Maharashtra,359120,2024-08-29
762,Jeet Bir,jeet.bir487@yahoo.com,9499905152,Male,1999-06-20,Bhubaneswar,Odisha,131216,2024-04-26
763,Aachal Bava,aachal.bava813@yahoo.com,9433879270,Female,1997-02-15,Amritsar,Punjab,403965,2024-06-11
764,Geetika Sachdev,geetika.sachdev702@gmail.com,9344767409,Female,1981-11-29,Ranchi,Jharkhand,250914,2024-10-28
765,Riya Chaudhuri,riya.chaudhuri454@yahoo.com,9389287503,Female,1999-07-17,Bhubaneswar,Odisha,547018,2026-01-06
766,Isaiah Gaba,isaiah.gaba453@gmail.com,9984730446,Male,1999-12-29,Hyderabad,Telangana,536950,2024-09-04
767,Anika Menon,anika.menon529@yahoo.com,9981560713,Female,1976-11-08,Nashik,Maharashtra,168937,2023-02-24
768,Charles Borah,charles.borah319@outlook.com,9644167285,Male,2003-10-22,Nagpur,Maharashtra,532980,2024-04-15
769,Faris Borde,faris.borde872@outlook.com,9710607239,Male,2004-03-30,Nashik,Maharashtra,140355,2025-01-06
770,Chakradhar Nigam,chakradhar.nigam897@gmail.com,9998696871,Male,1992-01-05,Hyderabad,Telangana,170427,2025-03-08
771,Wyatt Balasubramanian,wyatt.balasubramanian468@gmail.com,9486949792,Male,1993-09-24,Pune,Maharashtra,318782,2024-08-09
772,Urishilla Dugar,urishilla.dugar844@yahoo.com,9642375317,Female,1979-11-12,Surat,Gujarat,526225,2023-04-08
773,Girish Rout,girish.rout32@gmail.com,9499933139,Male,1996-09-03,Guwahati,Assam,622531,2025-07-19
774,Libni Manda,libni.manda984@yahoo.com,9730157871,Female,1969-10-01,Mysuru,Karnataka,688116,2024-02-18
775,Shravya Swaminathan,shravya.swaminathan168@yahoo.com,9904190892,Female,1981-02-21,Surat,Gujarat,204783,2023-08-15
776,Unni Chahal,unni.chahal396@gmail.com,9274920492,Female,1994-02-03,Mumbai,Maharashtra,710057,2024-02-14
777,Wriddhish Iyengar,wriddhish.iyengar663@gmail.com,9827669728,Male,1974-07-11,Chennai,Tamil Nadu,326774,2023-06-03
778,Mugdha Bumb,mugdha.bumb420@outlook.com,9121531054,Female,1970-08-05,Thiruvananthapuram,Kerala,119331,2024-10-03
779,Sneha Sinha,sneha.sinha663@gmail.com,9745471251,Female,1994-01-19,Bengaluru,Karnataka,118875,2024-10-23
780,Chakradev Ram,chakradev.ram623@yahoo.com,9865299271,Male,2003-09-14,Coimbatore,Tamil Nadu,783963,2023-09-25
781,Reva Grover,reva.grover917@yahoo.com,9474423649,Female,1976-12-12,Lucknow,Uttar Pradesh,591295,2024-08-28
782,Vidhi Lall,vidhi.lall478@yahoo.com,9827133833,Female,1977-03-05,Hyderabad,Telangana,655929,2023-11-17
783,Bhavani Dora,bhavani.dora105@gmail.com,9649233665,Female,1994-04-30,Patna,Bihar,502409,2025-09-29
784,Chaman Padmanabhan,chaman.padmanabhan701@gmail.com,9617262695,Female,1983-06-06,Kolkata,West Bengal,176939,2025-12-10
785,Jhalak Bhat,jhalak.bhat656@yahoo.com,9397302928,Female,2000-10-25,Coimbatore,Tamil Nadu,383833,2026-01-21
786,Ubika Wason,ubika.wason154@outlook.com,9921921869,Female,2005-11-21,Hyderabad,Telangana,361975,2025-07-06
787,Jacob Soni,jacob.soni878@outlook.com,9533897383,Male,1982-08-08,Vadodara,Gujarat,445110,2024-02-20
788,Anay Thakkar,anay.thakkar27@outlook.com,9634050001,Male,1987-11-07,Bhubaneswar,Odisha,419964,2025-02-06
789,Falak Dara,falak.dara415@yahoo.com,9891060070,Female,1984-12-07,Lucknow,Uttar Pradesh,147035,2026-06-11
790,Fiyaz Kakar,fiyaz.kakar744@outlook.com,9338760659,Male,1971-01-19,Ahmedabad,Gujarat,670606,2025-12-10
791,Udyati Brar,udyati.brar368@outlook.com,9422331737,Female,1984-05-07,Guwahati,Assam,288244,2026-07-31
792,Ethan Kuruvilla,ethan.kuruvilla100@yahoo.com,9237378973,Male,1996-11-21,Kolkata,West Bengal,381217,2024-03-18
793,Bahadurjit Chahal,bahadurjit.chahal922@yahoo.com,9802693852,Male,1982-09-17,Guwahati,Assam,203638,2024-06-14
794,Nicholas Majumdar,nicholas.majumdar229@outlook.com,9429730298,Male,2005-01-23,Surat,Gujarat,550898,2024-12-01
795,Abha Virk,abha.virk267@outlook.com,9415734988,Female,1970-06-19,Surat,Gujarat,596289,2025-11-06
796,Falan Divan,falan.divan55@outlook.com,9726608478,Male,1990-09-06,Chandigarh,Punjab,718503,2025-01-31
797,Chandresh Cherian,chandresh.cherian911@gmail.com,9637383490,Male,1969-12-20,Chandigarh,Punjab,235637,2025-01-26
798,Mekhala Wason,mekhala.wason306@yahoo.com,9158048598,Female,2003-05-18,Bhopal,Madhya Pradesh,268103,2026-03-13
799,Kevin Rajagopal,kevin.rajagopal351@yahoo.com,9711392447,Male,1990-03-23,Hyderabad,Telangana,589799,2025-05-25
800,Warjas Barad,warjas.barad884@outlook.com,9293656603,Male,1982-12-15,Ahmedabad,Gujarat,194737,2023-09-08
801,Suhani Barad,suhani.barad647@gmail.com,9436525794,Female,2003-06-03,Ahmedabad,Gujarat,775321,2024-06-24
802,Jagat Bawa,jagat.bawa463@yahoo.com,9324822604,Male,2005-03-22,Mumbai,Maharashtra,286796,2025-09-20
803,Quincy Bahri,quincy.bahri805@gmail.com,9238948590,Male,1999-10-03,Chandigarh,Punjab,754329,2024-04-10
804,Nimrat Mand,nimrat.mand440@yahoo.com,9560662565,Female,2002-07-13,Thiruvananthapuram,Kerala,610591,2026-01-24
805,Chavvi Kari,chavvi.kari39@outlook.com,9314119421,Female,2007-07-09,Mumbai,Maharashtra,501226,2023-07-22
806,Timothy Nagi,timothy.nagi776@outlook.com,9304630191,Male,1983-07-19,Ahmedabad,Gujarat,128787,2024-01-12
807,Chaitanya Guha,chaitanya.guha752@gmail.com,9342950952,Male,2004-11-26,Thiruvananthapuram,Kerala,471077,2024-08-23
808,Tanvi Sundaram,tanvi.sundaram106@yahoo.com,9640453426,Female,2002-12-01,Bengaluru,Karnataka,727266,2025-10-08
809,Baghyawati Varma,baghyawati.varma67@gmail.com,9420192227,Female,1968-06-12,Mysuru,Karnataka,414956,2025-11-18
810,Yashica Raval,yashica.raval533@outlook.com,9662767039,Female,2002-03-26,Bhubaneswar,Odisha,464246,2023-07-23
811,Amrita Ghose,amrita.ghose138@yahoo.com,9626325353,Female,2001-06-10,Guwahati,Assam,486702,2023-10-05
812,Ayush Krish,ayush.krish971@yahoo.com,9120535029,Male,1967-10-20,Mysuru,Karnataka,349514,2023-03-12
813,Pranit Issac,pranit.issac135@gmail.com,9888208775,Male,2001-01-13,Bhubaneswar,Odisha,132978,2024-01-18
814,Zayyan Ranganathan,zayyan.ranganathan376@outlook.com,9798512415,Male,1970-12-14,Delhi,Delhi,149179,2025-04-30
815,Amruta Khurana,amruta.khurana262@outlook.com,9769085879,Female,1991-03-04,Thiruvananthapuram,Kerala,160948,2024-05-25
816,Gaurang Som,gaurang.som111@outlook.com,9997777024,Male,1980-08-31,Guwahati,Assam,130701,2025-02-27
817,Finn Kuruvilla,finn.kuruvilla119@yahoo.com,9577078832,Male,1995-04-01,Ranchi,Jharkhand,508725,2025-09-24
818,Lucky Bala,lucky.bala259@yahoo.com,9853625262,Male,1972-08-18,Indore,Madhya Pradesh,270566,2024-06-12
819,Hredhaan Kant,hredhaan.kant703@outlook.com,9109990686,Male,1994-10-07,Ranchi,Jharkhand,425744,2025-05-16
820,Lipika Rout,lipika.rout104@outlook.com,9658677789,Female,2002-10-21,Guwahati,Assam,393092,2024-11-23
821,Aayush Som,aayush.som851@gmail.com,9649309976,Male,1993-06-18,Lucknow,Uttar Pradesh,757704,2026-04-23
822,Aayush Kapur,aayush.kapur117@gmail.com,9634443249,Male,2000-03-30,Kolkata,West Bengal,318297,2023-12-21
823,Michael Maharaj,michael.maharaj270@outlook.com,9316544937,Male,1981-10-24,Nashik,Maharashtra,485309,2024-07-30
824,Priya Sharaf,priya.sharaf165@gmail.com,9688559516,Female,1985-09-10,Kolkata,West Bengal,630466,2023-12-21
825,Rushil Chaudry,rushil.chaudry956@yahoo.com,9454982932,Male,2008-08-08,Ranchi,Jharkhand,355897,2023-02-07
826,Rachit Mandal,rachit.mandal688@gmail.com,9218574293,Male,1970-04-10,Mumbai,Maharashtra,712043,2024-02-19
827,Bhavika Nayar,bhavika.nayar973@gmail.com,9937009907,Female,1993-03-04,Bengaluru,Karnataka,646562,2026-07-31
828,Lakshit Lal,lakshit.lal741@gmail.com,9374762050,Male,2006-07-28,Bhubaneswar,Odisha,785637,2025-05-27
829,Manthan Guha,manthan.guha304@yahoo.com,9598514021,Male,1998-07-17,Kanpur,Uttar Pradesh,162513,2023-08-11
830,Ayush Raval,ayush.raval179@gmail.com,9411994135,Male,1994-11-24,Amritsar,Punjab,487713,2025-06-02
831,Amara Tank,amara.tank757@gmail.com,9202003827,Female,1976-10-12,Lucknow,Uttar Pradesh,158119,2026-08-12
832,Shaurya Ravel,shaurya.ravel680@outlook.com,9283086166,Male,1967-02-22,Bengaluru,Karnataka,454626,2024-06-14
833,Ikshita Oza,ikshita.oza979@outlook.com,9388095021,Female,1975-03-10,Kanpur,Uttar Pradesh,207467,2025-08-26
834,Vyanjana Parmer,vyanjana.parmer351@gmail.com,9222226183,Female,2001-12-24,Amritsar,Punjab,530246,2024-11-15
835,Hemangini Memon,hemangini.memon279@yahoo.com,9840777094,Female,1971-02-16,Kanpur,Uttar Pradesh,611477,2023-06-04
836,Leela Goswami,leela.goswami908@gmail.com,9221393557,Female,2004-04-22,Thiruvananthapuram,Kerala,248949,2026-06-08
837,Chaitanya Kapadia,chaitanya.kapadia107@yahoo.com,9734313309,Male,1997-08-17,Mysuru,Karnataka,616122,2024-05-03
838,Nikita Salvi,nikita.salvi626@yahoo.com,9936621291,Female,1979-11-15,Mysuru,Karnataka,486019,2025-11-14
839,Kalpit Menon,kalpit.menon902@outlook.com,9240290090,Male,1970-09-09,Guwahati,Assam,616546,2024-09-20
840,Avni Bobal,avni.bobal909@yahoo.com,9573185010,Female,1973-12-28,Delhi,Delhi,158206,2024-10-01
841,Darpan Raj,darpan.raj671@yahoo.com,9113271672,Male,1983-05-23,Coimbatore,Tamil Nadu,660312,2024-12-15
842,Faqid Devan,faqid.devan895@yahoo.com,9657379037,Male,1980-05-11,Guwahati,Assam,658514,2026-08-06
843,Veer Dhar,veer.dhar678@outlook.com,9366907512,Male,1996-05-26,Lucknow,Uttar Pradesh,615340,2024-03-13
844,Chaitaly Sura,chaitaly.sura693@outlook.com,9513258121,Female,2008-01-20,Guwahati,Assam,265876,2024-04-03
845,Naksh Bhardwaj,naksh.bhardwaj659@gmail.com,9642849045,Male,1977-05-22,Mumbai,Maharashtra,602086,2023-02-04
846,Hamsini Dutt,hamsini.dutt77@yahoo.com,9444277942,Female,1998-06-17,Mysuru,Karnataka,362594,2024-10-24
847,Chanchal Dayal,chanchal.dayal52@outlook.com,9339129305,Female,1992-11-12,Coimbatore,Tamil Nadu,687237,2025-04-03
848,Tamanna Sanghvi,tamanna.sanghvi837@gmail.com,9184643708,Female,1982-02-09,Jaipur,Rajasthan,591396,2026-07-02
849,Anjali Walla,anjali.walla587@yahoo.com,9194510603,Female,1981-09-01,Vadodara,Gujarat,632670,2023-10-14
850,Advika Nagy,advika.nagy122@yahoo.com,9900194244,Female,1988-06-17,Ahmedabad,Gujarat,795112,2025-10-05
851,Aditya Agrawal,aditya.agrawal414@yahoo.com,9138474240,Male,1976-04-29,Delhi,Delhi,694195,2025-04-19
852,Orinder Muni,orinder.muni94@outlook.com,9764717221,Male,1982-02-13,Amritsar,Punjab,778508,2023-07-14
853,Niharika Ganesh,niharika.ganesh576@gmail.com,9802867083,Female,1967-08-05,Bhopal,Madhya Pradesh,588369,2023-04-23
854,Mohini Shah,mohini.shah846@gmail.com,9976805431,Female,1991-04-09,Surat,Gujarat,343747,2025-08-28
855,Pahal Saraf,pahal.saraf574@outlook.com,9744192644,Female,2008-06-06,Ahmedabad,Gujarat,606117,2026-03-23
856,Pavani Suri,pavani.suri464@gmail.com,9204622201,Female,1973-09-23,Ranchi,Jharkhand,342519,2024-05-08
857,Saksham Bahl,saksham.bahl364@outlook.com,9958899743,Male,1996-11-22,Ahmedabad,Gujarat,416167,2023-11-20
858,Ekaja Kakar,ekaja.kakar109@gmail.com,9276260482,Female,1990-12-25,Ranchi,Jharkhand,626343,2025-09-05
859,Frado Dasgupta,frado.dasgupta735@outlook.com,9874768179,Male,1993-08-07,Amritsar,Punjab,539089,2024-05-17
860,Anirudh Prashad,anirudh.prashad626@gmail.com,9301373196,Male,1976-08-16,Coimbatore,Tamil Nadu,236612,2026-03-09
861,Arunima Bava,arunima.bava469@gmail.com,9869645166,Female,1993-09-23,Hyderabad,Telangana,464350,2025-06-04
862,Advaith Bava,advaith.bava425@gmail.com,9779936769,Male,1983-07-19,Nashik,Maharashtra,727414,2025-07-10
863,Ranveer Dasgupta,ranveer.dasgupta914@yahoo.com,9591116494,Male,1986-01-09,Nashik,Maharashtra,727943,2025-01-06
864,Faraj Jha,faraj.jha5@outlook.com,9890503688,Male,1992-09-23,Chandigarh,Punjab,160932,2025-07-17
865,Nidhi Salvi,nidhi.salvi600@yahoo.com,9645818292,Female,1994-02-10,Amritsar,Punjab,295811,2025-06-03
866,Krishna Devan,krishna.devan835@gmail.com,9211190223,Male,2004-04-07,Bhubaneswar,Odisha,516225,2024-07-24
867,Yashodhara Dalal,yashodhara.dalal903@yahoo.com,9549537843,Female,1999-05-16,Bhopal,Madhya Pradesh,748577,2024-01-30
868,Yuvraj Issac,yuvraj.issac408@yahoo.com,9415866432,Male,1999-01-29,Coimbatore,Tamil Nadu,584844,2025-03-27
869,Harrison Parmar,harrison.parmar423@outlook.com,9851634610,Male,1978-04-29,Bengaluru,Karnataka,647180,2025-07-27
870,Anusha Taneja,anusha.taneja719@outlook.com,9437059145,Female,1995-03-21,Amritsar,Punjab,690473,2026-04-21
871,Wridesh Narayanan,wridesh.narayanan215@outlook.com,9867064555,Male,1966-03-05,Hyderabad,Telangana,414695,2023-11-28
872,Chanchal Choudhry,chanchal.choudhry136@outlook.com,9798024936,Female,1994-05-24,Guwahati,Assam,296451,2026-01-14
873,Falguni Chana,falguni.chana119@yahoo.com,9703743777,Female,1968-11-07,Ranchi,Jharkhand,613705,2025-11-03
874,Daksha Kunda,daksha.kunda766@outlook.com,9407012827,Female,1985-04-07,Guwahati,Assam,552905,2025-05-12
875,Manbir Lalla,manbir.lalla110@gmail.com,9508956386,Male,1969-12-01,Bhopal,Madhya Pradesh,262387,2024-09-21
876,Gagan Baral,gagan.baral58@gmail.com,9386665729,Male,1981-02-11,Guwahati,Assam,278753,2026-02-05
877,Nirja Sandhu,nirja.sandhu257@gmail.com,9166607238,Female,1969-09-17,Guwahati,Assam,419478,2025-09-11
878,Arin Andra,arin.andra555@gmail.com,9485132332,Male,1994-02-24,Nashik,Maharashtra,584580,2026-02-05
879,Frederick Narasimhan,frederick.narasimhan889@outlook.com,9894024006,Male,1984-06-12,Kochi,Kerala,699180,2024-05-05
880,Krish Chander,krish.chander663@outlook.com,9517563874,Male,1980-05-12,Bhubaneswar,Odisha,359137,2024-05-25
881,Deepa Rattan,deepa.rattan681@gmail.com,9509721231,Female,1985-04-04,Ranchi,Jharkhand,516381,2024-06-30
882,Sanya Sridhar,sanya.sridhar702@yahoo.com,9692839277,Female,1993-07-11,Vadodara,Gujarat,166416,2025-11-29
883,Fiyaz Chowdhury,fiyaz.chowdhury258@gmail.com,9766323040,Male,1996-11-11,Bhubaneswar,Odisha,574587,2023-07-19
884,Fariq Chawla,fariq.chawla722@outlook.com,9795389979,Male,1991-01-11,Thiruvananthapuram,Kerala,495605,2024-07-20
885,Theodore Golla,theodore.golla743@gmail.com,9415870923,Male,1999-02-17,Nashik,Maharashtra,580617,2025-03-30
886,Akshay De,akshay.de77@gmail.com,9286611097,Male,1986-08-13,Guwahati,Assam,648808,2024-10-15
887,Samesh Sastry,samesh.sastry42@yahoo.com,9399694490,Male,1976-11-15,Jaipur,Rajasthan,693636,2023-03-29
888,Nirja Arora,nirja.arora165@outlook.com,9373821508,Female,1994-10-11,Bengaluru,Karnataka,115920,2025-07-29
889,Jasmit Nigam,jasmit.nigam727@gmail.com,9142885885,Female,1995-03-22,Kanpur,Uttar Pradesh,271170,2024-12-01
890,Charvi Sant,charvi.sant53@outlook.com,9761004783,Female,1976-04-25,Kochi,Kerala,425784,2025-06-03
891,Prisha Rajan,prisha.rajan587@outlook.com,9484491474,Female,2001-03-01,Vadodara,Gujarat,186422,2023-08-09
892,Avni Apte,avni.apte226@gmail.com,9658996745,Female,1972-05-16,Bhopal,Madhya Pradesh,181489,2025-05-11
893,Wahab Tandon,wahab.tandon557@outlook.com,9533165776,Male,1968-11-04,Lucknow,Uttar Pradesh,206412,2026-02-27
894,Xalak Nagi,xalak.nagi905@gmail.com,9812249975,Female,2007-05-06,Chennai,Tamil Nadu,458006,2023-12-06
895,Arya Tripathi,arya.tripathi301@gmail.com,9908157894,Female,1993-04-15,Surat,Gujarat,758315,2023-11-13
896,Tamanna Keer,tamanna.keer844@outlook.com,9109452902,Female,1984-09-22,Indore,Madhya Pradesh,230295,2023-05-11
897,Vanya Chakrabarti,vanya.chakrabarti247@outlook.com,9758956535,Female,1984-11-06,Kanpur,Uttar Pradesh,761304,2026-02-11
898,Daniel Tank,daniel.tank699@yahoo.com,9509495719,Male,1966-05-23,Pune,Maharashtra,228882,2025-09-20
899,Tamanna Sachar,tamanna.sachar554@outlook.com,9403685324,Female,1989-03-28,Coimbatore,Tamil Nadu,135906,2023-03-16
900,Chandani Modi,chandani.modi823@outlook.com,9578413078,Female,1989-10-21,Bhopal,Madhya Pradesh,620452,2026-03-26
901,Vedant Om,vedant.om920@outlook.com,9306708606,Male,1967-12-17,Kolkata,West Bengal,445873,2024-05-13
902,Isaac Sha,isaac.sha172@outlook.com,9672525395,Male,1998-08-17,Delhi,Delhi,117687,2024-04-02
903,Warjas Patla,warjas.patla687@outlook.com,9930627638,Male,1970-07-12,Hyderabad,Telangana,333531,2025-08-13
904,Janya Agate,janya.agate107@gmail.com,9677409188,Female,2001-04-24,Amritsar,Punjab,566380,2024-04-15
905,Madhav Vig,madhav.vig703@gmail.com,9125504528,Male,1970-03-13,Bhubaneswar,Odisha,591533,2024-05-27
906,Gayathri Tailor,gayathri.tailor90@gmail.com,9158269903,Female,1996-06-13,Pune,Maharashtra,296639,2023-07-29
907,Tara Chhabra,tara.chhabra73@outlook.com,9982207031,Female,1974-01-19,Indore,Madhya Pradesh,348704,2023-12-24
908,Dipta Ramaswamy,dipta.ramaswamy398@yahoo.com,9776690635,Female,2001-01-30,Lucknow,Uttar Pradesh,534095,2023-11-04
909,Ikshita Nigam,ikshita.nigam18@yahoo.com,9822949013,Female,1983-06-13,Ahmedabad,Gujarat,234053,2023-06-17
910,David Seshadri,david.seshadri738@outlook.com,9167900845,Male,1990-12-19,Thiruvananthapuram,Kerala,724055,2024-09-12
911,Zayyan Desai,zayyan.desai869@gmail.com,9484077593,Male,1965-10-24,Ranchi,Jharkhand,637263,2026-06-30
912,Arjun Sant,arjun.sant806@outlook.com,9423572858,Male,1986-05-23,Kolkata,West Bengal,746031,2026-01-19
913,Gaurang Ghose,gaurang.ghose784@yahoo.com,9509539711,Male,1971-02-23,Kolkata,West Bengal,524307,2025-08-31
914,Rishi Nagy,rishi.nagy161@outlook.com,9336079027,Male,1982-03-02,Chandigarh,Punjab,253007,2024-11-11
915,Kritika Mahal,kritika.mahal817@outlook.com,9416730716,Female,1980-05-14,Vadodara,Gujarat,774846,2024-06-27
916,Manan Sethi,manan.sethi694@outlook.com,9795720929,Male,1971-07-27,Kolkata,West Bengal,501256,2025-12-06
917,Mason Murthy,mason.murthy896@outlook.com,9251799039,Male,2005-11-08,Indore,Madhya Pradesh,239222,2025-08-07
918,Ikbal Iyer,ikbal.iyer587@outlook.com,9523142000,Male,1996-05-06,Mumbai,Maharashtra,673245,2023-10-27
919,Orinder Deo,orinder.deo216@outlook.com,9896104919,Male,1993-07-31,Kolkata,West Bengal,470555,2026-07-22
920,Gaurav Thakur,gaurav.thakur928@outlook.com,9650349270,Male,1993-01-04,Lucknow,Uttar Pradesh,259376,2024-12-31
921,Dalbir Pandey,dalbir.pandey227@outlook.com,9996304234,Male,1990-09-08,Mysuru,Karnataka,375019,2025-01-26
922,Sathvik Walla,sathvik.walla186@outlook.com,9958628444,Male,2002-01-22,Delhi,Delhi,704850,2024-02-03
923,Abeer Virk,abeer.virk955@outlook.com,9595279737,Male,1982-01-01,Nashik,Maharashtra,785991,2023-06-15
924,Avi Bhalla,avi.bhalla688@gmail.com,9369173782,Male,1997-11-19,Kolkata,West Bengal,212973,2023-10-14
925,Faris Mangat,faris.mangat595@yahoo.com,9455248480,Male,1971-12-03,Bhubaneswar,Odisha,484487,2025-07-01
926,Azaan Merchant,azaan.merchant672@gmail.com,9207422565,Male,1988-11-23,Guwahati,Assam,408988,2023-10-20
927,Praneel Sethi,praneel.sethi326@yahoo.com,9583877436,Male,2002-12-14,Hyderabad,Telangana,454296,2023-06-10
928,Jasmit Ramachandran,jasmit.ramachandran599@gmail.com,9707256840,Female,1999-05-09,Ranchi,Jharkhand,704398,2023-12-02
929,Mitali Batta,mitali.batta324@yahoo.com,9281075299,Female,1982-04-16,Vadodara,Gujarat,115067,2026-05-12
930,Nirja Bhagat,nirja.bhagat805@gmail.com,9864717990,Female,1976-06-07,Chennai,Tamil Nadu,781968,2023-02-14
931,Vaishnavi Kar,vaishnavi.kar861@yahoo.com,9244209787,Female,1995-12-04,Coimbatore,Tamil Nadu,457669,2026-04-23
932,Raksha Hegde,raksha.hegde457@yahoo.com,9931899691,Female,2007-02-03,Kanpur,Uttar Pradesh,430311,2025-10-30
933,Nandini Sen,nandini.sen112@gmail.com,9793155758,Female,1994-12-24,Indore,Madhya Pradesh,746096,2023-09-15
934,Girik Ghose,girik.ghose288@gmail.com,9678336713,Male,1970-10-04,Amritsar,Punjab,315974,2025-09-06
935,Anusha Sangha,anusha.sangha908@outlook.com,9182100852,Female,1976-12-27,Bhubaneswar,Odisha,189063,2024-01-25
936,Faris Kumer,faris.kumer647@gmail.com,9972568129,Male,1985-09-05,Bhopal,Madhya Pradesh,720157,2023-02-05
937,Garima Baral,garima.baral605@gmail.com,9139359410,Female,1979-07-02,Nashik,Maharashtra,688389,2023-08-16
938,Ati Mitra,ati.mitra916@outlook.com,9606917752,Female,1990-04-02,Indore,Madhya Pradesh,795673,2024-10-25
939,Praneel Bora,praneel.bora402@gmail.com,9929084214,Male,1979-04-18,Surat,Gujarat,728242,2025-11-09
940,Januja Gour,januja.gour476@outlook.com,9648050705,Female,1999-06-08,Bengaluru,Karnataka,204953,2024-12-03
941,Gauri Sagar,gauri.sagar515@gmail.com,9811545609,Female,1982-12-22,Surat,Gujarat,360485,2025-01-01
942,Owen Kant,owen.kant527@gmail.com,9579125557,Male,1994-02-24,Nashik,Maharashtra,276957,2026-03-17
943,Noah Patel,noah.patel972@outlook.com,9808039640,Male,2006-06-28,Patna,Bihar,263301,2024-02-13
944,Zilmil Soman,zilmil.soman42@gmail.com,9917624738,Female,2001-01-16,Surat,Gujarat,621330,2026-08-11
945,Aayush Contractor,aayush.contractor271@yahoo.com,9351275639,Male,1984-10-15,Nagpur,Maharashtra,154888,2025-06-13
946,Jairaj Baral,jairaj.baral930@yahoo.com,9516711804,Male,1979-06-05,Bhopal,Madhya Pradesh,602490,2025-06-30
947,Deepa Raju,deepa.raju41@outlook.com,9447968711,Female,1996-10-03,Pune,Maharashtra,218240,2023-12-27
948,Amaira Varughese,amaira.varughese760@yahoo.com,9721300772,Female,1981-10-01,Amritsar,Punjab,680793,2025-12-28
949,Udant Sur,udant.sur670@yahoo.com,9492234424,Male,2004-04-02,Jaipur,Rajasthan,726226,2023-03-26
950,Gopal Nagi,gopal.nagi258@yahoo.com,9339336253,Male,2006-05-26,Bhopal,Madhya Pradesh,651456,2024-11-24
951,Geetika Yogi,geetika.yogi837@yahoo.com,9622763616,Female,1992-08-01,Surat,Gujarat,615530,2024-12-19
952,Henry Kala,henry.kala904@gmail.com,9572337634,Male,1983-11-13,Bhopal,Madhya Pradesh,283651,2026-02-22
953,Charles Jha,charles.jha527@outlook.com,9401516912,Male,1995-11-05,Nagpur,Maharashtra,331792,2024-12-25
954,Teerth Bora,teerth.bora162@yahoo.com,9746414349,Male,1972-03-27,Mysuru,Karnataka,234079,2025-09-22
955,Victor Narula,victor.narula831@yahoo.com,9873368624,Male,1968-10-10,Lucknow,Uttar Pradesh,228845,2023-03-19
956,Hemal Krishnamurthy,hemal.krishnamurthy491@yahoo.com,9326241647,Female,1990-05-08,Guwahati,Assam,729490,2025-01-20
957,Ishaan Kuruvilla,ishaan.kuruvilla854@yahoo.com,9124101254,Male,1985-01-09,Thiruvananthapuram,Kerala,365507,2024-07-09
958,Samaksh Sant,samaksh.sant588@outlook.com,9273011097,Male,1982-05-17,Bengaluru,Karnataka,251269,2024-03-13
959,Daniel Warrior,daniel.warrior151@gmail.com,9278607682,Male,1996-08-06,Patna,Bihar,380805,2023-02-05
960,Azad Bath,azad.bath982@yahoo.com,9743555234,Male,1968-09-30,Bhopal,Madhya Pradesh,700983,2025-07-24
961,Zayan Cherian,zayan.cherian746@outlook.com,9981867712,Male,1995-02-13,Bhubaneswar,Odisha,407224,2024-02-08
962,Caleb Manda,caleb.manda460@outlook.com,9606176343,Male,1984-06-12,Hyderabad,Telangana,615066,2025-10-16
963,Rudra Balasubramanian,rudra.balasubramanian851@yahoo.com,9745145663,Male,1988-07-25,Chennai,Tamil Nadu,259645,2024-10-03
964,Ekansh Raman,ekansh.raman676@outlook.com,9384026939,Male,2002-02-25,Kochi,Kerala,285869,2025-11-25
965,Neelima Dhawan,neelima.dhawan611@outlook.com,9173919503,Female,2003-10-07,Kanpur,Uttar Pradesh,350978,2024-02-18
966,Ridhi Apte,ridhi.apte136@gmail.com,9117783990,Female,1989-06-29,Jaipur,Rajasthan,322178,2025-01-14
967,Diya Barman,diya.barman154@outlook.com,9203399810,Female,1991-04-14,Amritsar,Punjab,296041,2023-02-04
968,Chaman Mody,chaman.mody615@gmail.com,9941672107,Female,1997-07-04,Kochi,Kerala,667245,2023-10-28
969,Orinder Kakar,orinder.kakar494@outlook.com,9239939527,Male,1993-05-27,Nagpur,Maharashtra,742790,2024-07-16
970,Ekavir Dyal,ekavir.dyal695@outlook.com,9563316186,Male,1992-02-25,Nashik,Maharashtra,657404,2023-09-24
971,Lajita Hari,lajita.hari896@gmail.com,9849088260,Female,1994-06-24,Surat,Gujarat,665553,2023-06-26
972,Avni Shenoy,avni.shenoy961@yahoo.com,9947778851,Female,1968-10-08,Chennai,Tamil Nadu,509756,2025-05-12
973,Bhavna Krishna,bhavna.krishna824@outlook.com,9917696516,Female,1996-10-29,Patna,Bihar,714107,2023-06-05
974,Yagnesh Narayanan,yagnesh.narayanan138@yahoo.com,9612326496,Male,1994-06-29,Lucknow,Uttar Pradesh,353808,2024-05-05
975,Jacob Chaudhry,jacob.chaudhry613@outlook.com,9538781057,Male,1968-08-17,Kolkata,West Bengal,380329,2024-02-02
976,Gunbir Nadkarni,gunbir.nadkarni727@outlook.com,9947635936,Male,1979-09-30,Mumbai,Maharashtra,117460,2024-10-19
977,Michael Dua,michael.dua8@yahoo.com,9802813548,Male,1981-04-19,Bhopal,Madhya Pradesh,325398,2025-01-30
978,Nisha Sangha,nisha.sangha371@gmail.com,9266192234,Female,1979-02-04,Lucknow,Uttar Pradesh,556769,2023-09-04
979,Janya Sarin,janya.sarin876@outlook.com,9554795749,Female,1981-01-31,Coimbatore,Tamil Nadu,702100,2024-01-22
980,Oni Srinivasan,oni.srinivasan283@outlook.com,9526763137,Female,1981-01-19,Kochi,Kerala,323589,2024-09-19
981,Niharika Sur,niharika.sur803@outlook.com,9618045811,Female,1973-03-08,Indore,Madhya Pradesh,297402,2025-01-12
982,Chaitaly Mand,chaitaly.mand569@yahoo.com,9372491666,Female,1971-08-24,Indore,Madhya Pradesh,431550,2026-02-14
983,Indira Lall,indira.lall723@yahoo.com,9890040374,Female,1992-07-27,Nashik,Maharashtra,254776,2025-09-04
984,Baljiwan Bahl,baljiwan.bahl236@yahoo.com,9940857164,Male,1992-10-14,Bhubaneswar,Odisha,279655,2026-02-02
985,Samaksh Kala,samaksh.kala521@yahoo.com,9944048177,Male,1989-05-06,Hyderabad,Telangana,464878,2026-04-16
986,Warinder Dixit,warinder.dixit399@outlook.com,9105680775,Male,1975-03-25,Mysuru,Karnataka,205514,2024-05-16
987,Maanav Desai,maanav.desai949@outlook.com,9567482967,Male,1987-07-29,Chandigarh,Punjab,202423,2024-09-21
988,Rushil Patla,rushil.patla228@yahoo.com,9185942015,Male,1994-02-14,Coimbatore,Tamil Nadu,748614,2024-11-09
989,Fitan Varkey,fitan.varkey394@yahoo.com,9759240529,Male,1972-06-21,Bhubaneswar,Odisha,798050,2023-07-29
990,Eta Sule,eta.sule987@outlook.com,9161700457,Female,1967-05-13,Ranchi,Jharkhand,293786,2026-05-29
991,Widisha Kata,widisha.kata11@gmail.com,9805324063,Female,1981-07-06,Kanpur,Uttar Pradesh,653324,2023-04-20
992,Anvi Jhaveri,anvi.jhaveri35@outlook.com,9648196577,Female,1999-08-29,Hyderabad,Telangana,650870,2024-11-29
993,Rishi Singh,rishi.singh174@outlook.com,9138720348,Male,2003-07-14,Kochi,Kerala,487215,2026-05-01
994,Anmol Naik,anmol.naik1@gmail.com,9193246752,Male,2007-04-09,Thiruvananthapuram,Kerala,399341,2023-06-11
995,Mahika Lall,mahika.lall686@yahoo.com,9535349662,Female,1990-02-21,Surat,Gujarat,724550,2025-02-16
996,Raghav Radhakrishnan,raghav.radhakrishnan16@outlook.com,9855508288,Male,1993-09-20,Bhopal,Madhya Pradesh,181951,2024-05-16
997,Balvan Varughese,balvan.varughese292@outlook.com,9990953173,Male,2007-06-14,Indore,Madhya Pradesh,696274,2023-12-20
998,Jasmit Varty,jasmit.varty987@yahoo.com,9342982954,Female,2000-10-07,Surat,Gujarat,745819,2024-07-07
999,Orinder Sur,orinder.sur953@yahoo.com,9717301394,Male,2003-10-10,Kanpur,Uttar Pradesh,114878,2025-11-20
1000,Aarini Thaker,aarini.thaker417@outlook.com,9214315878,Female,1984-07-17,Mysuru,Karnataka,695767,2026-03-16
1001,Ishwar Bose,ishwar.bose302@yahoo.com,9225637455,Male,1977-09-13,Bhopal,Madhya Pradesh,648221,2024-11-25
1002,Falguni Grover,falguni.grover833@outlook.com,9368587379,Female,1991-07-07,Indore,Madhya Pradesh,574277,2023-08-20
1003,Dhriti Karpe,dhriti.karpe496@gmail.com,9913330750,Female,1979-10-29,Patna,Bihar,466161,2024-07-18
1004,Deepa Subramaniam,deepa.subramaniam472@outlook.com,9129367590,Female,1986-03-23,Guwahati,Assam,615383,2025-06-21
1005,Faris Roy,faris.roy70@yahoo.com,9780389168,Male,1967-06-25,Coimbatore,Tamil Nadu,341088,2023-02-27
1006,Faris Desai,faris.desai324@yahoo.com,9479134231,Male,1967-04-24,Vadodara,Gujarat,651594,2025-04-23
1007,Ethan Bhalla,ethan.bhalla853@yahoo.com,9366564581,Male,2005-04-16,Ranchi,Jharkhand,411245,2023-09-01
1008,Samaksh Bahl,samaksh.bahl690@outlook.com,9981622236,Male,1996-12-05,Jaipur,Rajasthan,468606,2026-03-11
1009,Lucky Chada,lucky.chada954@gmail.com,9611697526,Male,1991-09-16,Indore,Madhya Pradesh,439120,2023-11-05
1010,Vrishti Subramaniam,vrishti.subramaniam916@outlook.com,9388917924,Female,2001-05-01,Hyderabad,Telangana,301664,2023-09-06
1011,Ekbal Gopal,ekbal.gopal755@gmail.com,9352180476,Male,1987-08-04,Chandigarh,Punjab,363815,2025-04-15
1012,Geetika Oommen,geetika.oommen235@gmail.com,9996510519,Female,1991-04-12,Hyderabad,Telangana,371825,2026-05-07
1013,Bhavya Karpe,bhavya.karpe798@gmail.com,9228718546,Female,1971-04-24,Bengaluru,Karnataka,192301,2024-06-01
1014,Adweta Jain,adweta.jain7@outlook.com,9145379683,Female,2004-09-23,Kochi,Kerala,615720,2024-12-05
1015,Ubika Doctor,ubika.doctor323@yahoo.com,9716885481,Female,1973-04-03,Kochi,Kerala,398079,2025-03-23
1016,Anjali Wali,anjali.wali783@outlook.com,9400933997,Female,1970-09-05,Mysuru,Karnataka,527207,2024-11-10
1017,Wridesh De,wridesh.de591@gmail.com,9158141154,Male,1988-10-25,Nashik,Maharashtra,661274,2026-04-11
1018,Aachal Sankar,aachal.sankar963@outlook.com,9134963873,Female,1981-07-21,Chandigarh,Punjab,636884,2024-12-05
1019,Anya Wagle,anya.wagle882@outlook.com,9933120538,Female,2005-12-23,Jaipur,Rajasthan,293292,2024-08-06
1020,Warda Raj,warda.raj716@outlook.com,9593997037,Female,2000-03-23,Delhi,Delhi,440985,2024-04-26
1021,Chandran Sandal,chandran.sandal691@gmail.com,9507407714,Male,1986-02-21,Mumbai,Maharashtra,719232,2023-07-21
1022,Jackson Chacko,jackson.chacko371@outlook.com,9378851582,Male,2003-04-30,Ahmedabad,Gujarat,306244,2024-01-30
1023,Tara Kurian,tara.kurian276@yahoo.com,9758293983,Female,1996-02-13,Chennai,Tamil Nadu,469763,2023-09-30
1024,Aarini Virk,aarini.virk511@yahoo.com,9326057528,Female,1965-12-07,Mysuru,Karnataka,549451,2023-06-30
1025,Ishanvi Mutti,ishanvi.mutti875@yahoo.com,9400249927,Female,1970-03-17,Surat,Gujarat,582624,2024-07-11
1026,Tanay Kulkarni,tanay.kulkarni135@outlook.com,9836599683,Male,1988-09-05,Patna,Bihar,349670,2024-01-02
1027,Qadim Majumdar,qadim.majumdar277@gmail.com,9696291839,Male,1982-09-19,Bhubaneswar,Odisha,563215,2026-08-05
1028,Ishani Sachdev,ishani.sachdev150@outlook.com,9260576006,Female,1989-08-08,Hyderabad,Telangana,605963,2025-01-12
1029,Gaurav Prabhakar,gaurav.prabhakar432@yahoo.com,9244387866,Male,1986-06-05,Mysuru,Karnataka,771287,2025-01-22
1030,Nikita Padmanabhan,nikita.padmanabhan499@yahoo.com,9369481312,Female,1982-09-30,Vadodara,Gujarat,699445,2025-10-27
1031,Ekapad Dani,ekapad.dani102@outlook.com,9275387012,Male,1984-10-30,Jaipur,Rajasthan,172953,2025-09-23
1032,Faris Chaudhry,faris.chaudhry261@yahoo.com,9776309403,Male,1982-11-07,Amritsar,Punjab,210980,2023-11-02
1033,Pallavi Ben,pallavi.ben343@yahoo.com,9487580021,Female,2007-02-07,Bhubaneswar,Odisha,487809,2023-08-25
1034,Aahana Chand,aahana.chand21@yahoo.com,9230177767,Female,1985-11-28,Surat,Gujarat,478146,2025-12-30
1035,Teerth Chakrabarti,teerth.chakrabarti590@outlook.com,9796999048,Male,1975-03-01,Patna,Bihar,674594,2023-04-21
1036,Balveer Barad,balveer.barad292@yahoo.com,9449063037,Male,2005-08-24,Nashik,Maharashtra,645240,2025-08-24
1037,Suhani Verma,suhani.verma755@yahoo.com,9184189438,Female,2007-01-22,Nashik,Maharashtra,509582,2024-02-03
1038,Barkha Gill,barkha.gill647@gmail.com,9279932861,Female,1984-07-02,Kanpur,Uttar Pradesh,781698,2025-05-07
1039,Isha Vasa,isha.vasa647@outlook.com,9713791169,Female,1967-01-26,Lucknow,Uttar Pradesh,534435,2024-02-03
1040,Jack Gara,jack.gara166@yahoo.com,9345047145,Male,1981-02-04,Nagpur,Maharashtra,438710,2025-06-19
1041,Aachal Dugar,aachal.dugar299@outlook.com,9387196293,Female,1977-06-28,Thiruvananthapuram,Kerala,744793,2023-05-21
1042,Sudiksha Pandit,sudiksha.pandit909@yahoo.com,9938564480,Female,1983-01-23,Coimbatore,Tamil Nadu,490806,2025-06-14
1043,Irya Vasa,irya.vasa172@gmail.com,9124804609,Female,1995-11-19,Lucknow,Uttar Pradesh,241114,2023-02-17
1044,Chakradev Mane,chakradev.mane258@outlook.com,9852367594,Male,1989-09-01,Guwahati,Assam,193954,2025-08-26
1045,Owen Palan,owen.palan407@gmail.com,9202600029,Male,1977-07-07,Mysuru,Karnataka,176892,2026-06-29
1046,Indali Sha,indali.sha56@gmail.com,9927783767,Female,1990-05-07,Indore,Madhya Pradesh,526298,2026-05-16
1047,Kalpit Gill,kalpit.gill269@outlook.com,9266724578,Male,1970-03-16,Delhi,Delhi,198407,2024-07-09
1048,Bina Thakur,bina.thakur235@gmail.com,9891984698,Female,2006-05-07,Kolkata,West Bengal,407980,2024-02-14
1049,Yashvi Kurian,yashvi.kurian130@gmail.com,9665585273,Female,2000-08-04,Thiruvananthapuram,Kerala,288896,2026-03-08
1050,Jeremiah Savant,jeremiah.savant680@yahoo.com,9449182252,Male,1989-11-04,Pune,Maharashtra,609285,2026-07-03
1051,Keya Nori,keya.nori958@yahoo.com,9688996003,Female,1985-05-10,Indore,Madhya Pradesh,576454,2026-06-26
1052,Victor Bala,victor.bala553@gmail.com,9734399876,Male,1976-09-17,Ranchi,Jharkhand,736613,2024-10-14
1053,Sai Kannan,sai.kannan767@outlook.com,9705573731,Female,1975-07-07,Thiruvananthapuram,Kerala,566107,2025-06-23
1054,Nisha Sachar,nisha.sachar494@outlook.com,9343877311,Female,1987-11-02,Surat,Gujarat,203905,2026-06-19
1055,Aarna Lall,aarna.lall375@yahoo.com,9378965689,Female,1969-08-16,Kolkata,West Bengal,273282,2023-12-16
1056,Pavani Borra,pavani.borra1@outlook.com,9975507381,Female,1973-04-20,Mumbai,Maharashtra,252922,2025-01-16
1057,Nirja Pandya,nirja.pandya481@outlook.com,9108930425,Female,1990-04-18,Kolkata,West Bengal,625828,2023-11-08
1058,Hemani Gupta,hemani.gupta10@yahoo.com,9956808156,Female,1974-03-18,Kolkata,West Bengal,417152,2024-11-05
1059,Jai Lanka,jai.lanka8@outlook.com,9501197060,Male,1974-05-06,Vadodara,Gujarat,307732,2023-10-23
1060,Kritika Parekh,kritika.parekh448@yahoo.com,9368323917,Female,1970-03-19,Indore,Madhya Pradesh,281201,2023-08-19
1061,Chaaya Tailor,chaaya.tailor388@gmail.com,9382372922,Female,1998-06-28,Amritsar,Punjab,193058,2025-04-02
1062,Anvi Subramaniam,anvi.subramaniam246@outlook.com,9920916739,Female,1979-03-10,Thiruvananthapuram,Kerala,753004,2024-05-23
1063,Mahika Swaminathan,mahika.swaminathan665@outlook.com,9671170800,Female,1998-06-28,Kolkata,West Bengal,391881,2023-09-22
1064,Yashodhara Mammen,yashodhara.mammen874@gmail.com,9295858216,Female,1997-11-19,Hyderabad,Telangana,253261,2024-06-27
1065,Eesha Bhagat,eesha.bhagat653@yahoo.com,9763281908,Female,1983-10-28,Delhi,Delhi,584761,2024-12-09
1066,Anamika Thakkar,anamika.thakkar638@yahoo.com,9301637382,Female,2002-08-16,Ranchi,Jharkhand,446220,2024-04-22
1067,Gagan Shankar,gagan.shankar51@outlook.com,9123762858,Male,1995-08-26,Bengaluru,Karnataka,304970,2026-07-16
1068,Victor Mutti,victor.mutti276@gmail.com,9867935795,Male,1966-02-18,Kolkata,West Bengal,569714,2025-07-09
1069,Henry Raghavan,henry.raghavan93@gmail.com,9115810687,Male,1979-08-15,Chennai,Tamil Nadu,627556,2025-02-19
1070,Kai Grover,kai.grover431@yahoo.com,9943666157,Male,1975-10-28,Ahmedabad,Gujarat,632606,2025-01-08
1071,Vrishti Oza,vrishti.oza714@gmail.com,9454601784,Female,1987-01-27,Kanpur,Uttar Pradesh,194121,2024-05-16
1072,Henry Saini,henry.saini273@yahoo.com,9176648733,Male,1981-08-20,Pune,Maharashtra,679579,2025-07-24
1073,Suhani Mammen,suhani.mammen197@yahoo.com,9977516280,Female,1990-03-13,Mysuru,Karnataka,510113,2024-09-03
1074,Ishwar Chaudhry,ishwar.chaudhry998@outlook.com,9367321301,Male,2000-03-14,Delhi,Delhi,513490,2025-08-19
1075,Upma Raj,upma.raj756@gmail.com,9313867761,Female,2000-01-11,Chennai,Tamil Nadu,593221,2023-10-09
1076,Falan Solanki,falan.solanki682@gmail.com,9607692567,Male,1973-03-21,Bhopal,Madhya Pradesh,518025,2025-12-07
1077,Yahvi Desai,yahvi.desai163@outlook.com,9881938614,Female,2002-02-24,Ahmedabad,Gujarat,154236,2026-08-10
1078,Nakul Sur,nakul.sur493@outlook.com,9420848110,Male,1989-10-18,Coimbatore,Tamil Nadu,318377,2024-02-21
1079,Arunima Rao,arunima.rao885@outlook.com,9333848350,Female,1972-08-25,Pune,Maharashtra,228415,2023-06-06
1080,Hritik Kumar,hritik.kumar445@yahoo.com,9116178827,Male,1992-09-16,Thiruvananthapuram,Kerala,285491,2024-10-07
1081,Varenya Natt,varenya.natt123@yahoo.com,9947336680,Female,1981-02-12,Patna,Bihar,364898,2023-12-31
1082,Kabir Padmanabhan,kabir.padmanabhan596@outlook.com,9610318004,Male,1970-11-03,Pune,Maharashtra,735174,2023-02-23
1083,Hardik Yohannan,hardik.yohannan790@gmail.com,9367063493,Male,1999-03-07,Surat,Gujarat,275359,2023-09-12
1084,Raagini Nair,raagini.nair703@outlook.com,9463377959,Female,1986-08-03,Nagpur,Maharashtra,765499,2025-06-18
1085,Udant Brar,udant.brar365@outlook.com,9265268660,Male,1977-12-12,Pune,Maharashtra,672408,2024-06-05
1086,Elijah Ganesh,elijah.ganesh500@gmail.com,9440096507,Male,2005-07-22,Bengaluru,Karnataka,695473,2025-05-07
1087,Ucchal Ravel,ucchal.ravel914@yahoo.com,9887255513,Female,1968-09-10,Vadodara,Gujarat,312339,2026-02-01
1088,Faris Oza,faris.oza387@yahoo.com,9877817678,Male,1979-04-02,Ranchi,Jharkhand,251277,2023-11-20
1089,Mugdha Loke,mugdha.loke497@outlook.com,9569762050,Female,1982-08-19,Pune,Maharashtra,696180,2025-03-22
1090,Vamakshi Patil,vamakshi.patil714@yahoo.com,9303770248,Female,1988-01-10,Indore,Madhya Pradesh,704230,2025-09-23
1091,Umang Sachdev,umang.sachdev357@yahoo.com,9886411102,Male,2002-05-11,Indore,Madhya Pradesh,601148,2023-09-02
1092,Edhitha Keer,edhitha.keer614@outlook.com,9272167429,Female,2006-01-24,Amritsar,Punjab,182223,2025-06-04
1093,Balveer Kade,balveer.kade303@yahoo.com,9681544961,Male,1970-01-20,Kanpur,Uttar Pradesh,494946,2023-09-02
1094,Bhavika Solanki,bhavika.solanki795@outlook.com,9643267978,Female,1966-10-05,Mumbai,Maharashtra,507456,2025-01-08
1095,Rushil Viswanathan,rushil.viswanathan635@yahoo.com,9933241446,Male,1969-03-16,Mumbai,Maharashtra,760325,2025-10-15
1096,Karan Dugal,karan.dugal739@gmail.com,9806832877,Male,2005-09-07,Ahmedabad,Gujarat,675137,2023-05-18
1097,Saumya More,saumya.more537@outlook.com,9634239338,Female,1997-05-05,Hyderabad,Telangana,688256,2023-11-22
1098,Timothy Date,timothy.date290@yahoo.com,9540024260,Male,2001-09-06,Kochi,Kerala,782037,2023-07-18
1099,Amrita Banerjee,amrita.banerjee99@outlook.com,9807478862,Female,2002-08-15,Delhi,Delhi,179919,2025-06-06
1100,Nicholas Soni,nicholas.soni961@gmail.com,9291811951,Male,2003-01-28,Amritsar,Punjab,142793,2024-09-25
1101,Laban Saxena,laban.saxena498@gmail.com,9206035856,Male,2006-05-30,Delhi,Delhi,143363,2023-07-22
1102,Hema Shan,hema.shan502@outlook.com,9769983207,Female,1992-12-19,Guwahati,Assam,728976,2025-04-25
1103,Urishilla Viswanathan,urishilla.viswanathan376@gmail.com,9750637748,Female,1988-07-30,Pune,Maharashtra,184317,2025-05-06
1104,Oscar Subramaniam,oscar.subramaniam672@yahoo.com,9993436624,Male,2000-03-24,Hyderabad,Telangana,193841,2024-12-27
1105,Vaishnavi Morar,vaishnavi.morar655@gmail.com,9487541399,Female,1976-10-18,Vadodara,Gujarat,695127,2024-05-16
1106,Nidra Anne,nidra.anne378@outlook.com,9162599172,Female,2000-09-08,Amritsar,Punjab,756902,2023-01-29
1107,Ekanta Padmanabhan,ekanta.padmanabhan42@outlook.com,9175578677,Female,1988-08-20,Bhopal,Madhya Pradesh,428668,2024-02-04
1108,Yatan Sood,yatan.sood984@outlook.com,9204281005,Male,1998-07-23,Hyderabad,Telangana,216143,2024-02-20
1109,Madhav Kashyap,madhav.kashyap395@gmail.com,9307360430,Male,1989-03-14,Indore,Madhya Pradesh,661753,2025-11-25
1110,Girindra Sabharwal,girindra.sabharwal641@gmail.com,9699602642,Male,1984-06-03,Patna,Bihar,695254,2026-03-16
1111,Kritika Gade,kritika.gade109@outlook.com,9719080517,Female,1993-05-27,Bhubaneswar,Odisha,485352,2025-08-11
1112,Saanvi Kannan,saanvi.kannan682@yahoo.com,9211779101,Female,1983-10-13,Ranchi,Jharkhand,284913,2024-01-04
1113,Jagdish Varughese,jagdish.varughese412@outlook.com,9462401682,Male,2004-10-02,Indore,Madhya Pradesh,799473,2025-10-15
1114,Laban Mane,laban.mane615@yahoo.com,9478305093,Male,1988-07-01,Indore,Madhya Pradesh,440464,2025-05-17
1115,Lipika Sachar,lipika.sachar423@outlook.com,9562340417,Female,1968-07-27,Surat,Gujarat,449163,2023-09-29
1116,Ekansh Mann,ekansh.mann559@gmail.com,9502720908,Male,1985-03-16,Patna,Bihar,686968,2023-06-20
1117,Varsha Magar,varsha.magar985@yahoo.com,9580499237,Female,1986-10-13,Surat,Gujarat,526380,2025-07-24
1118,Naveen Bahl,naveen.bahl36@yahoo.com,9739695468,Male,2007-04-29,Bhubaneswar,Odisha,127095,2023-08-14
1119,Advay Grewal,advay.grewal7@yahoo.com,9338249032,Male,1977-10-03,Kolkata,West Bengal,335259,2026-07-11
1120,Edhitha Sarma,edhitha.sarma791@outlook.com,9982978122,Female,1975-08-21,Mumbai,Maharashtra,399363,2025-08-27
1121,Faqid Aurora,faqid.aurora39@yahoo.com,9481882460,Male,1980-04-30,Delhi,Delhi,273691,2024-10-29
1122,Nachiket Tara,nachiket.tara376@outlook.com,9368281808,Male,1985-07-25,Coimbatore,Tamil Nadu,354313,2026-08-13
1123,Anamika Narayanan,anamika.narayanan308@gmail.com,9712555926,Female,1997-11-25,Vadodara,Gujarat,529219,2023-05-12
1124,Elijah Bhalla,elijah.bhalla80@outlook.com,9448635435,Male,1982-07-02,Bhubaneswar,Odisha,615973,2024-01-09
1125,Wahab Golla,wahab.golla846@outlook.com,9854677179,Male,2001-10-24,Chandigarh,Punjab,714224,2023-10-04
1126,Rayaan Arora,rayaan.arora658@yahoo.com,9140127441,Male,1998-08-28,Kochi,Kerala,714278,2023-07-05
1127,Kritika Rajan,kritika.rajan799@gmail.com,9927749187,Female,1984-09-03,Nagpur,Maharashtra,460633,2025-10-23
1128,Anika Issac,anika.issac445@yahoo.com,9229429404,Female,1998-10-12,Amritsar,Punjab,347731,2024-09-16
1129,Hemang Solanki,hemang.solanki797@outlook.com,9510692249,Male,2006-12-16,Thiruvananthapuram,Kerala,166758,2024-06-15
1130,Ojasvi Dutt,ojasvi.dutt43@yahoo.com,9679745130,Female,1967-06-10,Bhopal,Madhya Pradesh,702355,2025-04-22
1131,Darsh Kulkarni,darsh.kulkarni515@outlook.com,9337079167,Male,1978-06-23,Ahmedabad,Gujarat,270640,2024-10-13
1132,Pranit Ben,pranit.ben750@yahoo.com,9578476787,Male,1974-12-28,Guwahati,Assam,734042,2026-02-20
1133,Daksh Keer,daksh.keer443@yahoo.com,9944356532,Male,1979-07-31,Chennai,Tamil Nadu,523478,2025-04-27
1134,Fiyaz Majumdar,fiyaz.majumdar345@gmail.com,9610945043,Male,1982-08-24,Bengaluru,Karnataka,709199,2025-02-24
1135,Jairaj Andra,jairaj.andra409@yahoo.com,9191352864,Male,1990-08-12,Indore,Madhya Pradesh,527886,2026-07-06
1136,Vyanjana Dubey,vyanjana.dubey715@gmail.com,9918226618,Female,1969-06-22,Nashik,Maharashtra,251423,2024-05-23
1137,Gaurangi Tata,gaurangi.tata203@yahoo.com,9524470332,Female,1992-03-24,Indore,Madhya Pradesh,793933,2023-05-27
1138,Ayushman Bhasin,ayushman.bhasin631@outlook.com,9662906773,Male,1972-03-30,Indore,Madhya Pradesh,368208,2024-05-03
1139,Chatresh Dass,chatresh.dass273@yahoo.com,9447260600,Male,1979-03-31,Nagpur,Maharashtra,713999,2024-10-21
1140,Oscar Sarna,oscar.sarna688@yahoo.com,9554773258,Male,1966-07-18,Delhi,Delhi,493011,2025-09-04
1141,Saanvi Parmar,saanvi.parmar329@yahoo.com,9737670731,Female,1976-05-28,Hyderabad,Telangana,797248,2025-08-24
1142,Anmol Sundaram,anmol.sundaram313@gmail.com,9475505122,Male,1989-08-31,Nashik,Maharashtra,756155,2025-08-01
1143,Wishi Gupta,wishi.gupta150@yahoo.com,9148186901,Female,1989-01-01,Kochi,Kerala,354832,2025-01-31
1144,Neel Sidhu,neel.sidhu383@gmail.com,9913610452,Male,2001-05-17,Guwahati,Assam,199983,2024-01-20
1145,Faris Biswas,faris.biswas56@gmail.com,9766796289,Male,1984-12-13,Bhubaneswar,Odisha,264851,2024-12-16
1146,Lekha Peri,lekha.peri352@outlook.com,9963589906,Female,1998-12-28,Mumbai,Maharashtra,226684,2024-09-08
1147,Yashica Raghavan,yashica.raghavan483@gmail.com,9456349916,Female,2003-08-05,Kanpur,Uttar Pradesh,329163,2025-09-05
1148,Qabil Khare,qabil.khare560@outlook.com,9905687707,Male,1968-05-07,Hyderabad,Telangana,381223,2024-03-19
1149,Sara Gupta,sara.gupta748@gmail.com,9846326954,Female,1987-01-08,Kochi,Kerala,129282,2024-12-07
1150,Ganga Mandal,ganga.mandal928@outlook.com,9665646221,Female,1993-03-09,Patna,Bihar,155595,2024-03-21
1151,Dayamai Char,dayamai.char62@yahoo.com,9315495749,Female,1968-06-29,Mysuru,Karnataka,757984,2024-12-06
1152,Eiravati Gokhale,eiravati.gokhale477@outlook.com,9108948759,Female,1974-04-25,Pune,Maharashtra,179833,2026-03-05
1153,Watika Handa,watika.handa278@outlook.com,9808777380,Female,1990-03-07,Guwahati,Assam,487718,2023-06-05
1154,Rishi Suri,rishi.suri300@outlook.com,9515026155,Male,1995-10-13,Mumbai,Maharashtra,352398,2024-12-09
1155,Lavanya Bawa,lavanya.bawa727@gmail.com,9438718269,Female,1991-09-07,Bhopal,Madhya Pradesh,618206,2024-05-17
1156,Balendra Arya,balendra.arya204@outlook.com,9591759000,Male,1974-08-08,Mysuru,Karnataka,697924,2026-05-17
1157,Yatan Buch,yatan.buch254@outlook.com,9427413432,Male,1993-02-05,Pune,Maharashtra,459774,2024-09-26
1158,Radha Sagar,radha.sagar763@gmail.com,9119727026,Female,1999-10-12,Jaipur,Rajasthan,473626,2025-12-28
1159,Barkha Lata,barkha.lata641@yahoo.com,9353622930,Female,1997-03-14,Surat,Gujarat,635601,2024-12-14
1160,Nidra Brahmbhatt,nidra.brahmbhatt64@outlook.com,9376681108,Female,2006-12-06,Vadodara,Gujarat,515978,2026-06-05
1161,Chanakya Chaudhuri,chanakya.chaudhuri972@yahoo.com,9342217581,Male,1988-06-27,Indore,Madhya Pradesh,269078,2025-08-25
1162,Ikshita Hans,ikshita.hans673@gmail.com,9194269176,Female,1976-04-28,Jaipur,Rajasthan,510774,2024-12-10
1163,Gaurav Sagar,gaurav.sagar247@outlook.com,9264013159,Male,1998-07-30,Lucknow,Uttar Pradesh,557181,2025-09-21
1164,Rachita Shanker,rachita.shanker338@yahoo.com,9682219061,Female,1983-12-28,Kochi,Kerala,248174,2025-07-26
1165,Charles Ganesan,charles.ganesan142@outlook.com,9681274244,Male,1989-04-10,Thiruvananthapuram,Kerala,322138,2025-11-20
1166,Zayyan Nazareth,zayyan.nazareth706@outlook.com,9662431852,Male,1988-08-01,Kolkata,West Bengal,251823,2025-05-29
1167,Vaishnavi Pandey,vaishnavi.pandey149@outlook.com,9706496928,Female,1989-04-12,Nashik,Maharashtra,275726,2026-04-11
1168,Omaja Prabhu,omaja.prabhu571@outlook.com,9872493367,Female,1992-11-08,Nagpur,Maharashtra,234139,2024-07-15
1169,Neel Khosla,neel.khosla860@gmail.com,9880695706,Male,1974-10-28,Ahmedabad,Gujarat,140916,2025-01-27
1170,Lakshmi Parsa,lakshmi.parsa985@yahoo.com,9425717549,Female,1984-11-13,Lucknow,Uttar Pradesh,574524,2026-06-27
1171,Sneha Acharya,sneha.acharya798@gmail.com,9214644955,Female,2007-11-23,Bengaluru,Karnataka,247936,2025-08-26
1172,Abhiram Vasa,abhiram.vasa781@outlook.com,9762441268,Male,2003-11-29,Mumbai,Maharashtra,389826,2023-07-22
1173,Aarush Mital,aarush.mital238@gmail.com,9838066391,Male,1974-11-12,Kochi,Kerala,137352,2026-07-26
1174,Nisha Bains,nisha.bains705@yahoo.com,9243974416,Female,2006-03-11,Nagpur,Maharashtra,636726,2025-10-24
1175,Manya Vaidya,manya.vaidya666@yahoo.com,9297543237,Female,2005-06-10,Ranchi,Jharkhand,516282,2025-01-18
1176,Garima Chandra,garima.chandra141@gmail.com,9307511166,Female,1980-12-01,Chandigarh,Punjab,347265,2023-03-18
1177,Ekapad Lanka,ekapad.lanka783@gmail.com,9389758574,Male,1990-08-29,Lucknow,Uttar Pradesh,543109,2024-05-18
1178,Jackson Kunda,jackson.kunda688@gmail.com,9913656416,Male,1969-07-30,Bhubaneswar,Odisha,324499,2025-12-14
1179,Ryan Kalla,ryan.kalla950@yahoo.com,9762562441,Male,1996-09-27,Mysuru,Karnataka,623743,2025-09-05
1180,Warhi Ghose,warhi.ghose909@gmail.com,9559084418,Female,2004-04-14,Kanpur,Uttar Pradesh,534534,2024-10-22
1181,Champak Mital,champak.mital753@yahoo.com,9873309842,Male,2000-05-20,Kochi,Kerala,438097,2023-03-18
1182,Sai Brar,sai.brar962@outlook.com,9714109940,Female,2005-04-07,Kochi,Kerala,732651,2025-11-04
1183,Oliver Pall,oliver.pall112@yahoo.com,9590593090,Male,1984-04-20,Bhopal,Madhya Pradesh,154477,2026-03-13
1184,Darpan Karan,darpan.karan551@yahoo.com,9889382867,Male,2002-02-25,Bhopal,Madhya Pradesh,151159,2025-09-23
1185,Aashi Raja,aashi.raja784@outlook.com,9152930584,Female,1988-03-04,Bhopal,Madhya Pradesh,309073,2023-04-09
1186,Odika Zacharia,odika.zacharia408@yahoo.com,9930729364,Female,1979-09-06,Kanpur,Uttar Pradesh,409804,2025-01-29
1187,Janya Dua,janya.dua433@yahoo.com,9758347916,Female,1997-01-31,Mysuru,Karnataka,167197,2023-04-04
1188,Ronith Sehgal,ronith.sehgal850@outlook.com,9585007134,Male,1990-05-12,Kanpur,Uttar Pradesh,204835,2025-09-29
1189,Chakradev Kapadia,chakradev.kapadia798@outlook.com,9847446866,Male,1999-06-10,Mysuru,Karnataka,682950,2024-08-10
1190,Ethan Deo,ethan.deo424@yahoo.com,9584135007,Male,1986-02-01,Jaipur,Rajasthan,136123,2024-04-08
1191,Aryan Rastogi,aryan.rastogi605@outlook.com,9316822839,Male,1982-10-06,Kanpur,Uttar Pradesh,586770,2024-01-04
1192,Teerth De,teerth.de332@outlook.com,9796403636,Male,1986-04-22,Coimbatore,Tamil Nadu,281961,2025-10-11
1193,Hardik Sura,hardik.sura117@outlook.com,9582537877,Male,1990-03-12,Nagpur,Maharashtra,774874,2024-06-23
1194,Zaitra Koshy,zaitra.koshy537@outlook.com,9512410679,Female,1977-01-27,Nagpur,Maharashtra,646522,2023-12-08
1195,Tanveer Naik,tanveer.naik564@yahoo.com,9147143794,Male,1990-05-24,Jaipur,Rajasthan,289186,2025-07-03
1196,Dayita Sachdev,dayita.sachdev893@outlook.com,9261157630,Female,1980-08-08,Patna,Bihar,280000,2024-07-30
1197,Naveen Padmanabhan,naveen.padmanabhan788@outlook.com,9155094221,Male,1966-09-01,Mysuru,Karnataka,549964,2025-03-08
1198,Niharika Gara,niharika.gara748@yahoo.com,9410075739,Female,1992-02-15,Kolkata,West Bengal,766884,2026-07-31
1199,Timothy Dhingra,timothy.dhingra921@gmail.com,9317810361,Male,2005-05-14,Delhi,Delhi,113705,2024-08-21
1200,Kamala Iyengar,kamala.iyengar470@yahoo.com,9635413025,Female,1972-05-01,Mumbai,Maharashtra,679903,2025-07-04
1201,Brijesh Chowdhury,brijesh.chowdhury904@yahoo.com,9355419939,Male,1976-01-29,Kochi,Kerala,337409,2025-09-12
1202,Falak Mani,falak.mani420@yahoo.com,9185260383,Female,1995-06-17,Kanpur,Uttar Pradesh,740422,2023-02-15
1203,Christopher Mody,christopher.mody904@outlook.com,9398621490,Male,1966-08-09,Chennai,Tamil Nadu,759872,2024-09-02
1204,Henry Yogi,henry.yogi190@gmail.com,9159124453,Male,1989-02-14,Pune,Maharashtra,795011,2023-10-30
1205,Leela Subramanian,leela.subramanian149@gmail.com,9816182084,Female,2008-04-18,Pune,Maharashtra,716175,2025-04-14
1206,Adya Puri,adya.puri943@gmail.com,9152647028,Female,1994-02-27,Ahmedabad,Gujarat,224177,2025-02-21
1207,Anya Kumer,anya.kumer166@outlook.com,9405351281,Female,1977-11-02,Mysuru,Karnataka,750775,2023-09-06
1208,Krishna Bera,krishna.bera768@outlook.com,9486749612,Male,2006-04-08,Kanpur,Uttar Pradesh,147582,2024-09-22
1209,Bahadurjit Rama,bahadurjit.rama307@yahoo.com,9495748400,Male,1994-02-18,Nashik,Maharashtra,507347,2025-06-02
1210,Pranit Chokshi,pranit.chokshi438@outlook.com,9169713616,Male,2002-12-04,Nashik,Maharashtra,417058,2023-02-22
1211,Sanya Kashyap,sanya.kashyap125@outlook.com,9394654666,Female,1987-06-30,Bengaluru,Karnataka,455201,2026-07-20
1212,Chavvi Mutti,chavvi.mutti215@outlook.com,9324466780,Female,1991-04-21,Bhopal,Madhya Pradesh,751785,2024-10-17
1213,Chaitanya Grewal,chaitanya.grewal586@outlook.com,9775360627,Male,2007-03-14,Delhi,Delhi,664641,2023-10-13
1214,Advay Baral,advay.baral742@outlook.com,9749375452,Male,1988-05-22,Chandigarh,Punjab,411138,2023-12-15
1215,Osha Suri,osha.suri869@yahoo.com,9378807844,Female,1972-05-17,Kochi,Kerala,660913,2024-06-21
1216,Prisha Pandey,prisha.pandey630@outlook.com,9633002137,Female,1978-08-17,Bengaluru,Karnataka,654952,2024-05-03
1217,Yamini Majumdar,yamini.majumdar828@gmail.com,9754344451,Female,1992-07-14,Chandigarh,Punjab,354027,2025-12-15
1218,Sara Balan,sara.balan2@gmail.com,9125755631,Female,2006-06-09,Hyderabad,Telangana,597468,2026-06-04
1219,Isaiah Doshi,isaiah.doshi869@gmail.com,9958525681,Male,1982-07-09,Bhubaneswar,Odisha,755198,2024-04-15
1220,Ekantika Chahal,ekantika.chahal47@yahoo.com,9475433873,Female,1988-01-07,Lucknow,Uttar Pradesh,697639,2025-08-31
1221,Ishaan Sahni,ishaan.sahni656@gmail.com,9840900181,Male,1972-03-12,Mumbai,Maharashtra,405308,2023-12-06
1222,Nimrat Narayan,nimrat.narayan70@yahoo.com,9422427487,Female,1971-04-17,Vadodara,Gujarat,641303,2024-09-01
1223,Ekantika Jain,ekantika.jain7@gmail.com,9836410568,Female,1978-11-30,Nashik,Maharashtra,459473,2026-02-19
1224,Zaitra Deshmukh,zaitra.deshmukh742@outlook.com,9761417815,Female,2004-09-17,Jaipur,Rajasthan,140532,2024-08-07
1225,Elijah Dugar,elijah.dugar339@yahoo.com,9822062338,Male,1989-08-04,Hyderabad,Telangana,612382,2024-03-15
1226,Dhriti Gour,dhriti.gour37@outlook.com,9245764637,Female,2003-06-14,Vadodara,Gujarat,614885,2024-03-15
1227,Alexander Nagar,alexander.nagar472@outlook.com,9459821251,Male,1983-06-06,Thiruvananthapuram,Kerala,594936,2026-03-13
1228,Tripti Mitter,tripti.mitter58@outlook.com,9421417903,Female,2005-10-11,Bhubaneswar,Odisha,702386,2024-08-24
1229,Mahika Doshi,mahika.doshi549@gmail.com,9323620127,Female,1970-03-20,Indore,Madhya Pradesh,715446,2025-11-02
1230,Hiral Bal,hiral.bal939@yahoo.com,9171095709,Female,1991-12-10,Vadodara,Gujarat,266558,2025-10-12
1231,Lila Kashyap,lila.kashyap32@yahoo.com,9502911719,Female,1975-07-22,Amritsar,Punjab,766945,2025-03-11
1232,Agastya Parmer,agastya.parmer621@yahoo.com,9301196574,Male,1999-02-27,Patna,Bihar,734104,2023-05-11
1233,Ekalinga Thakkar,ekalinga.thakkar770@yahoo.com,9857273798,Male,1985-10-13,Vadodara,Gujarat,439777,2026-01-28
1234,Rachit Gour,rachit.gour424@gmail.com,9633708134,Male,1986-10-04,Coimbatore,Tamil Nadu,359186,2026-02-05
1235,Ekantika Gade,ekantika.gade850@yahoo.com,9332078427,Female,1967-01-05,Kanpur,Uttar Pradesh,660608,2023-10-06
1236,Advika Madan,advika.madan115@yahoo.com,9942827184,Female,1975-03-13,Mysuru,Karnataka,149212,2026-06-12
1237,Harrison Jayaraman,harrison.jayaraman455@outlook.com,9126773507,Male,2005-06-29,Nagpur,Maharashtra,616110,2023-04-24
1238,Theodore Suri,theodore.suri349@yahoo.com,9886452604,Male,2002-11-24,Hyderabad,Telangana,659064,2025-07-07
1239,Krishna Sane,krishna.sane336@gmail.com,9926224353,Female,1967-06-04,Nashik,Maharashtra,213025,2024-07-06
1240,Ranveer Munshi,ranveer.munshi742@gmail.com,9593243074,Male,2006-01-04,Hyderabad,Telangana,516416,2024-06-22
1241,Anirudh Verma,anirudh.verma319@gmail.com,9837716816,Male,1985-04-10,Mumbai,Maharashtra,733156,2023-06-19
1242,Ansh Korpal,ansh.korpal479@gmail.com,9210705823,Male,1982-08-21,Ahmedabad,Gujarat,655866,2024-11-30
1243,Anusha Ram,anusha.ram592@yahoo.com,9785960873,Female,1992-09-28,Mumbai,Maharashtra,330040,2024-11-27
1244,Arya Gupta,arya.gupta198@yahoo.com,9397050178,Female,1982-09-28,Hyderabad,Telangana,668132,2024-02-10
1245,Nidra Mangal,nidra.mangal452@outlook.com,9226326628,Female,1983-10-17,Nashik,Maharashtra,395899,2024-09-17
1246,Avi Varughese,avi.varughese281@gmail.com,9116381768,Male,1985-07-23,Mysuru,Karnataka,763206,2026-04-13
1247,Upkaar Chana,upkaar.chana556@yahoo.com,9689876885,Male,1970-06-29,Hyderabad,Telangana,443956,2025-08-21
1248,Ekanta Ramaswamy,ekanta.ramaswamy966@outlook.com,9963291475,Female,1985-01-05,Bengaluru,Karnataka,407028,2024-07-17
1249,Gaurav Setty,gaurav.setty73@yahoo.com,9758486006,Male,1996-04-08,Mysuru,Karnataka,465194,2025-03-03
1250,Isha Sha,isha.sha134@gmail.com,9605448473,Female,1979-07-24,Pune,Maharashtra,162907,2023-05-25
1251,Finn Dasgupta,finn.dasgupta56@gmail.com,9557914110,Male,1995-12-29,Jaipur,Rajasthan,520955,2023-05-27
1252,Pratyush Chada,pratyush.chada611@outlook.com,9775889004,Male,1982-02-21,Ranchi,Jharkhand,577494,2024-12-07
1253,Yashodhara Dutta,yashodhara.dutta341@gmail.com,9865469134,Female,1981-12-28,Kolkata,West Bengal,669400,2024-06-02
1254,Frederick Nayak,frederick.nayak783@yahoo.com,9709659120,Male,1993-12-26,Nashik,Maharashtra,248198,2025-01-30
1255,Falan Gaba,falan.gaba822@outlook.com,9602807424,Male,1973-04-26,Amritsar,Punjab,211988,2026-02-27
1256,Ati Saini,ati.saini701@outlook.com,9862588517,Female,1997-01-08,Kolkata,West Bengal,598004,2024-03-02
1257,Vansha Mani,vansha.mani971@gmail.com,9254319982,Female,1970-09-06,Chennai,Tamil Nadu,756911,2025-04-19
1258,Ekaja Jain,ekaja.jain402@gmail.com,9851205475,Female,1998-07-16,Surat,Gujarat,456374,2023-02-02
1259,Abha Shanker,abha.shanker500@gmail.com,9170185347,Female,1987-01-25,Kanpur,Uttar Pradesh,608425,2024-11-03
1260,Aarnav Tak,aarnav.tak491@yahoo.com,9283396760,Male,1990-12-12,Surat,Gujarat,405969,2023-12-03
1261,Vyanjana Setty,vyanjana.setty589@gmail.com,9645406800,Female,1969-01-15,Kochi,Kerala,217933,2024-07-13
1262,Aarini Konda,aarini.konda732@gmail.com,9449899956,Female,1977-08-02,Amritsar,Punjab,693166,2026-03-16
1263,Hemang Bawa,hemang.bawa310@outlook.com,9594967982,Male,1967-12-29,Vadodara,Gujarat,530287,2023-09-25
1264,Priya Bansal,priya.bansal636@gmail.com,9688355778,Female,1967-01-08,Chennai,Tamil Nadu,276745,2023-08-05
1265,Neha Narula,neha.narula68@yahoo.com,9323594003,Female,1967-09-26,Jaipur,Rajasthan,729678,2026-05-04
1266,Turvi Gokhale,turvi.gokhale446@outlook.com,9945385686,Female,1977-11-08,Vadodara,Gujarat,468824,2023-08-25
1267,Gaurang Shah,gaurang.shah679@outlook.com,9183638479,Male,1981-02-11,Mysuru,Karnataka,712081,2025-09-25
1268,Anita Chander,anita.chander607@outlook.com,9597044149,Female,1979-07-05,Delhi,Delhi,451184,2025-10-20
1269,Ranveer Bir,ranveer.bir456@gmail.com,9430750834,Male,2001-11-21,Amritsar,Punjab,535506,2025-10-07
1270,Bachittar Master,bachittar.master112@outlook.com,9974097480,Male,1970-11-15,Kochi,Kerala,735377,2024-09-29
1271,Mahika Narayan,mahika.narayan507@outlook.com,9808846515,Female,1988-03-09,Ahmedabad,Gujarat,174469,2024-12-11
1272,Henry Bhardwaj,henry.bhardwaj837@gmail.com,9723594774,Male,1997-01-02,Hyderabad,Telangana,777034,2023-06-19
1273,Caleb Sule,caleb.sule151@outlook.com,9260219920,Male,1991-08-19,Nashik,Maharashtra,584979,2025-08-23
1274,Mitali Sane,mitali.sane631@outlook.com,9580134151,Female,1979-03-27,Jaipur,Rajasthan,315172,2025-03-27
1275,Peter Dayal,peter.dayal899@yahoo.com,9421838360,Male,1986-12-21,Guwahati,Assam,707979,2025-04-03
1276,Yadavi Tailor,yadavi.tailor736@yahoo.com,9195871622,Female,2003-08-16,Lucknow,Uttar Pradesh,721034,2025-12-10
1277,Jackson Mannan,jackson.mannan523@yahoo.com,9236961886,Male,1965-09-10,Kochi,Kerala,418475,2026-07-20
1278,Advik Shroff,advik.shroff923@outlook.com,9157045020,Male,1970-09-12,Surat,Gujarat,110885,2025-04-17
1279,Ishita Sachdeva,ishita.sachdeva882@yahoo.com,9133484360,Female,1979-12-24,Delhi,Delhi,356669,2024-07-18
1280,Jagvi Apte,jagvi.apte605@yahoo.com,9771318744,Female,1995-04-19,Ranchi,Jharkhand,443581,2025-05-07
1281,Lakshmi Bir,lakshmi.bir391@yahoo.com,9685316847,Female,1987-06-01,Jaipur,Rajasthan,331477,2024-03-02
1282,Neel Ahuja,neel.ahuja143@gmail.com,9696379379,Male,1979-12-16,Chandigarh,Punjab,513278,2023-06-25
1283,Siya Balakrishnan,siya.balakrishnan428@gmail.com,9409743234,Female,1973-12-20,Amritsar,Punjab,241648,2026-01-10
1284,Omkaar Srinivas,omkaar.srinivas74@outlook.com,9116866122,Male,1999-11-28,Mumbai,Maharashtra,260991,2026-04-29
1285,Ekanta Subramaniam,ekanta.subramaniam448@gmail.com,9190906681,Female,1985-06-07,Guwahati,Assam,253886,2023-08-18
1286,Oviya Shere,oviya.shere916@outlook.com,9749001242,Female,1983-06-05,Kanpur,Uttar Pradesh,556384,2025-11-09
1287,Ayaan Verma,ayaan.verma522@yahoo.com,9692759204,Male,1996-10-19,Kanpur,Uttar Pradesh,581908,2024-02-20
1288,Nisha Wason,nisha.wason232@gmail.com,9556095308,Female,1990-06-15,Surat,Gujarat,743942,2023-02-22
1289,Noah Pandya,noah.pandya511@outlook.com,9354208336,Male,1972-01-17,Patna,Bihar,636101,2023-04-24
1290,Amruta Nori,amruta.nori949@outlook.com,9718853630,Female,1992-07-25,Lucknow,Uttar Pradesh,494796,2026-07-25
1291,Fitan Ramachandran,fitan.ramachandran582@yahoo.com,9856861869,Male,1970-08-26,Pune,Maharashtra,496483,2023-09-28
1292,Mitesh Murty,mitesh.murty494@outlook.com,9185967108,Male,1977-04-20,Patna,Bihar,258990,2025-08-05
1293,Chameli Taneja,chameli.taneja530@gmail.com,9661950074,Female,1981-08-09,Kanpur,Uttar Pradesh,749706,2026-03-09
1294,Matthew Kalita,matthew.kalita484@outlook.com,9896379397,Male,1973-02-24,Chennai,Tamil Nadu,191875,2024-12-09
1295,Ridhi Barad,ridhi.barad55@yahoo.com,9674487589,Female,2004-11-25,Kochi,Kerala,121308,2025-11-01
1296,Vamakshi Toor,vamakshi.toor525@yahoo.com,9716290544,Female,1986-05-19,Kanpur,Uttar Pradesh,457618,2023-03-02
1297,Yamini Dube,yamini.dube984@yahoo.com,9410535202,Female,2005-05-05,Surat,Gujarat,285646,2023-10-02
1298,Mohammed Narang,mohammed.narang946@outlook.com,9904689266,Male,2003-02-11,Ranchi,Jharkhand,428842,2023-08-02
1299,Yauvani Deo,yauvani.deo645@yahoo.com,9720774271,Female,1967-03-14,Pune,Maharashtra,287293,2023-10-21
1300,Rishi Vig,rishi.vig299@outlook.com,9770355280,Male,1978-12-31,Guwahati,Assam,138625,2023-06-28
1301,Anya Chahal,anya.chahal85@gmail.com,9642879692,Female,2003-11-11,Chandigarh,Punjab,190596,2024-04-04
1302,Dalaja Verma,dalaja.verma136@outlook.com,9401691319,Female,1997-09-07,Coimbatore,Tamil Nadu,398587,2025-10-17
1303,Alka Muni,alka.muni760@gmail.com,9748348443,Female,1974-08-25,Mumbai,Maharashtra,293096,2025-05-05
1304,Harish Hans,harish.hans458@yahoo.com,9967412340,Male,1988-07-06,Guwahati,Assam,293920,2024-02-04
1305,Urvi Dalal,urvi.dalal718@gmail.com,9620677295,Female,1972-05-25,Vadodara,Gujarat,299593,2024-01-17
1306,Dakshesh Aurora,dakshesh.aurora87@gmail.com,9739460592,Male,1989-09-09,Ahmedabad,Gujarat,271639,2026-06-22
1307,Dalaja Jhaveri,dalaja.jhaveri423@yahoo.com,9355494114,Female,1989-04-01,Nashik,Maharashtra,571568,2024-12-31
1308,Krishna Dhaliwal,krishna.dhaliwal592@outlook.com,9470522239,Male,2000-03-13,Hyderabad,Telangana,166965,2026-06-03
1309,Krisha Garg,krisha.garg840@gmail.com,9156396358,Female,1991-12-30,Nashik,Maharashtra,285742,2023-05-01
1310,Pallavi Zachariah,pallavi.zachariah488@yahoo.com,9611386978,Female,1971-03-21,Jaipur,Rajasthan,668389,2024-08-25
1311,Warinder Bedi,warinder.bedi700@outlook.com,9518834994,Male,1967-12-09,Jaipur,Rajasthan,607644,2023-06-15
1312,Unni Ramanathan,unni.ramanathan544@yahoo.com,9112737840,Female,1991-04-05,Bengaluru,Karnataka,412821,2023-09-17
1313,Vansha Parekh,vansha.parekh695@yahoo.com,9669355272,Female,2000-10-10,Jaipur,Rajasthan,153011,2024-03-08
1314,Balveer Shroff,balveer.shroff653@yahoo.com,9563626557,Male,1969-08-15,Indore,Madhya Pradesh,750141,2025-02-02
1315,Vinaya Chatterjee,vinaya.chatterjee277@yahoo.com,9961480639,Female,1995-01-22,Ahmedabad,Gujarat,213051,2024-09-09
1316,Vidhi Singhal,vidhi.singhal599@yahoo.com,9595111580,Female,1975-04-01,Thiruvananthapuram,Kerala,363543,2023-11-25
1317,Kai Patla,kai.patla346@outlook.com,9841180707,Male,1995-09-17,Bhopal,Madhya Pradesh,298657,2024-06-19
1318,Oni Nair,oni.nair11@outlook.com,9109101213,Female,1966-12-05,Indore,Madhya Pradesh,181253,2024-09-07
1319,Wazir Chowdhury,wazir.chowdhury101@outlook.com,9211569592,Male,1985-06-17,Lucknow,Uttar Pradesh,577605,2024-04-28
1320,Harinakshi Mandal,harinakshi.mandal743@yahoo.com,9370471388,Female,1991-08-14,Chennai,Tamil Nadu,312459,2025-10-19
1321,Devansh Trivedi,devansh.trivedi635@gmail.com,9161076482,Male,2000-10-12,Mumbai,Maharashtra,733000,2023-06-11
1322,Chatresh Nanda,chatresh.nanda654@gmail.com,9860289849,Male,1968-09-03,Kochi,Kerala,235806,2025-01-18
1323,Matthew Walia,matthew.walia134@yahoo.com,9804798365,Male,1991-01-07,Kochi,Kerala,789379,2024-09-16
1324,Jagdish Kohli,jagdish.kohli713@gmail.com,9372017183,Male,2007-07-03,Delhi,Delhi,418878,2025-01-07
1325,Sanaya Bhatti,sanaya.bhatti959@gmail.com,9785885348,Female,2000-08-16,Guwahati,Assam,585471,2024-04-14
1326,Upasna Saran,upasna.saran438@outlook.com,9816807711,Female,1980-05-04,Nashik,Maharashtra,449114,2025-02-01
1327,Kamya Ghose,kamya.ghose800@gmail.com,9397735164,Female,1968-12-22,Mysuru,Karnataka,175418,2025-06-05
1328,Widisha Contractor,widisha.contractor341@gmail.com,9377281586,Female,1985-07-13,Jaipur,Rajasthan,387522,2025-03-05
1329,Chanakya Saxena,chanakya.saxena72@yahoo.com,9315466821,Male,2006-09-24,Kanpur,Uttar Pradesh,749948,2023-09-14
1330,Bhavya Chopra,bhavya.chopra661@yahoo.com,9216426335,Female,1991-04-10,Mysuru,Karnataka,260862,2025-07-04
1331,Sachi Narang,sachi.narang629@outlook.com,9214084752,Female,1994-01-05,Hyderabad,Telangana,573032,2024-10-30
1332,Chandani Kalla,chandani.kalla36@gmail.com,9175604661,Female,2003-10-12,Delhi,Delhi,709099,2025-12-22
1333,Aachal Din,aachal.din457@gmail.com,9634402789,Female,1985-02-07,Nashik,Maharashtra,266086,2025-06-02
1334,Madhav Ramakrishnan,madhav.ramakrishnan681@yahoo.com,9386083995,Male,1984-11-08,Pune,Maharashtra,268972,2025-04-05
1335,Ishanvi Nadig,ishanvi.nadig589@gmail.com,9653388287,Female,1999-10-14,Jaipur,Rajasthan,624515,2024-02-21
1336,Nidra Saran,nidra.saran414@outlook.com,9938524752,Female,2004-12-22,Lucknow,Uttar Pradesh,183505,2025-08-15
1337,Chaitanya Anand,chaitanya.anand394@outlook.com,9978295746,Male,1987-07-29,Mumbai,Maharashtra,615484,2025-03-30
1338,Devansh Menon,devansh.menon549@yahoo.com,9458028166,Male,2004-05-16,Patna,Bihar,427539,2023-04-19
1339,Avni Acharya,avni.acharya648@outlook.com,9197352922,Female,2000-12-01,Pune,Maharashtra,493103,2025-07-27
1340,Rachita Choudhary,rachita.choudhary862@yahoo.com,9916530277,Female,2002-11-07,Nagpur,Maharashtra,414044,2026-02-17
1341,Jacob Sankaran,jacob.sankaran568@gmail.com,9512492602,Male,1982-07-31,Mysuru,Karnataka,310282,2025-07-26
1342,Nitara Raja,nitara.raja400@gmail.com,9777119907,Female,1984-05-04,Ranchi,Jharkhand,486713,2024-07-07
1343,Jagvi Ghose,jagvi.ghose907@outlook.com,9570281466,Female,1973-09-20,Nagpur,Maharashtra,308668,2024-10-04
1344,Rehaan Parsa,rehaan.parsa198@gmail.com,9872813901,Male,1972-04-04,Pune,Maharashtra,731749,2026-01-20
1345,Dev Desai,dev.desai399@gmail.com,9951197200,Male,1993-07-04,Chandigarh,Punjab,676810,2023-02-13
1346,Eshana Sur,eshana.sur547@yahoo.com,9117629000,Female,2007-07-20,Chandigarh,Punjab,148843,2025-05-30
1347,Ekanta Chad,ekanta.chad346@outlook.com,9145971754,Female,2000-04-13,Pune,Maharashtra,535206,2023-07-25
1348,Vedant Sandal,vedant.sandal827@outlook.com,9816525550,Male,1985-03-01,Hyderabad,Telangana,658531,2025-04-15
1349,Unnati Sengupta,unnati.sengupta892@outlook.com,9259937739,Female,1975-05-02,Guwahati,Assam,717489,2024-06-10
1350,Simon Amble,simon.amble38@outlook.com,9252031615,Male,2002-01-14,Nagpur,Maharashtra,622644,2025-02-15
1351,Jagat Thaker,jagat.thaker929@outlook.com,9149179197,Male,2005-06-20,Chandigarh,Punjab,364472,2024-01-12
1352,Qadim Bandi,qadim.bandi177@outlook.com,9153641985,Male,1990-01-21,Mumbai,Maharashtra,432267,2026-07-18
1353,Qarin Chowdhury,qarin.chowdhury626@gmail.com,9996952545,Male,2006-12-25,Kanpur,Uttar Pradesh,729753,2025-02-18
1354,Balveer Dhar,balveer.dhar838@gmail.com,9222599500,Male,1988-04-05,Amritsar,Punjab,631293,2025-08-31
1355,Logan Shroff,logan.shroff824@gmail.com,9557641077,Male,1988-02-17,Nagpur,Maharashtra,463730,2024-11-28
1356,Chanchal Korpal,chanchal.korpal124@outlook.com,9718439865,Female,1997-07-08,Ahmedabad,Gujarat,682402,2024-10-01
1357,Balvan Zacharia,balvan.zacharia857@gmail.com,9920583443,Male,1979-01-24,Ahmedabad,Gujarat,157801,2025-11-27
1358,Avi Oza,avi.oza65@gmail.com,9394090757,Male,1966-02-02,Ahmedabad,Gujarat,258098,2024-12-21
1359,Vasana Vala,vasana.vala714@yahoo.com,9694217027,Female,1990-04-22,Mysuru,Karnataka,283022,2026-04-16
1360,Oni Sama,oni.sama948@outlook.com,9143700111,Female,2007-09-02,Chennai,Tamil Nadu,249850,2024-04-30
1361,Manan Mann,manan.mann868@outlook.com,9757604060,Male,1995-07-07,Vadodara,Gujarat,504402,2023-09-02
1362,Max Lad,max.lad901@yahoo.com,9186675240,Male,1985-12-21,Mumbai,Maharashtra,116659,2023-04-18
1363,Frado Behl,frado.behl949@gmail.com,9858857635,Male,1978-03-04,Mysuru,Karnataka,793416,2025-05-27
1364,Amara Mangat,amara.mangat711@yahoo.com,9843414103,Female,1971-01-29,Lucknow,Uttar Pradesh,243057,2024-10-17
1365,Balvan Mall,balvan.mall656@yahoo.com,9661660243,Male,1992-02-08,Bengaluru,Karnataka,582299,2023-12-21
1366,Mahika Kurian,mahika.kurian961@gmail.com,9755560172,Female,1970-06-03,Chennai,Tamil Nadu,149449,2023-02-16
1367,Gagan Dora,gagan.dora512@outlook.com,9194512033,Male,1981-07-11,Ranchi,Jharkhand,767659,2025-05-31
1368,Harita Lal,harita.lal429@gmail.com,9698836985,Female,1975-10-13,Surat,Gujarat,357086,2025-11-07
1369,Gautam Wable,gautam.wable543@gmail.com,9764561301,Male,1980-05-14,Delhi,Delhi,489482,2026-02-18
1370,Brijesh Dhillon,brijesh.dhillon789@outlook.com,9807947148,Male,2000-12-16,Kanpur,Uttar Pradesh,328218,2025-03-10
1371,Yachana Sachar,yachana.sachar199@gmail.com,9955356664,Female,1975-11-10,Pune,Maharashtra,266466,2025-10-22
1372,Urvi Ganesh,urvi.ganesh181@gmail.com,9819560168,Female,1997-03-15,Chandigarh,Punjab,155210,2023-10-29
1373,Orinder Bhagat,orinder.bhagat373@yahoo.com,9325045286,Male,1998-02-10,Thiruvananthapuram,Kerala,565787,2025-05-09
1374,Devika Ben,devika.ben632@yahoo.com,9146511793,Female,1982-10-09,Ahmedabad,Gujarat,219494,2023-09-03
1375,Matthew Soni,matthew.soni181@gmail.com,9943415633,Male,1997-12-24,Indore,Madhya Pradesh,140478,2025-09-21
1376,Zinal Kaur,zinal.kaur119@gmail.com,9352651266,Female,1995-12-20,Bhopal,Madhya Pradesh,576429,2024-06-03
1377,Vritti Lala,vritti.lala204@outlook.com,9826764882,Female,2003-01-18,Lucknow,Uttar Pradesh,451506,2023-08-04
1378,Abeer Mani,abeer.mani113@yahoo.com,9344579129,Male,1984-12-04,Nashik,Maharashtra,212828,2026-05-13
1379,Nakul Wagle,nakul.wagle423@gmail.com,9503224831,Male,1967-05-23,Bhubaneswar,Odisha,341382,2025-07-01
1380,Peter Sankaran,peter.sankaran600@yahoo.com,9158346438,Male,1993-08-31,Chandigarh,Punjab,567038,2025-03-29
1381,Laban Nayak,laban.nayak951@outlook.com,9588542730,Male,2000-02-16,Hyderabad,Telangana,296711,2024-01-14
1382,Lakshmi Raman,lakshmi.raman140@yahoo.com,9872902148,Female,1994-08-31,Surat,Gujarat,313587,2024-09-17
1383,Kavya Hayer,kavya.hayer208@yahoo.com,9236592599,Female,1994-10-08,Coimbatore,Tamil Nadu,143654,2024-12-02
1384,Gautam Munshi,gautam.munshi140@gmail.com,9599863643,Male,1994-07-23,Coimbatore,Tamil Nadu,590855,2025-01-07
1385,Bhavna Arora,bhavna.arora779@yahoo.com,9336065965,Female,1988-03-18,Mysuru,Karnataka,419500,2024-07-14
1386,Udant Panchal,udant.panchal814@outlook.com,9756623287,Male,1977-10-22,Vadodara,Gujarat,288191,2023-11-09
1387,Gopal Bandi,gopal.bandi422@outlook.com,9625288882,Male,1969-07-31,Nagpur,Maharashtra,336957,2023-02-28
1388,Janani Dara,janani.dara474@yahoo.com,9115573397,Female,1970-10-14,Amritsar,Punjab,558907,2025-08-02
1389,Dhruv Prashad,dhruv.prashad336@yahoo.com,9722197986,Male,2004-04-27,Chennai,Tamil Nadu,343211,2025-05-28
1390,George Choudhry,george.choudhry920@gmail.com,9548579110,Male,1976-07-08,Patna,Bihar,156373,2025-07-17
1391,Vivaan Borra,vivaan.borra752@outlook.com,9136099794,Male,2005-04-20,Chandigarh,Punjab,556377,2025-05-05
1392,Manya Sane,manya.sane830@outlook.com,9981854842,Female,1994-05-01,Chandigarh,Punjab,212760,2025-07-13
1393,Ojasvi Kurian,ojasvi.kurian247@gmail.com,9699670808,Female,1968-10-22,Chandigarh,Punjab,123027,2023-08-26
1394,Bhavani Raja,bhavani.raja136@yahoo.com,9417602552,Female,2008-06-14,Hyderabad,Telangana,360676,2024-06-15
1395,Kai Lanka,kai.lanka492@outlook.com,9427315813,Male,1968-08-10,Mumbai,Maharashtra,279663,2023-09-16
1396,Irya Ramaswamy,irya.ramaswamy766@outlook.com,9126213767,Female,1986-10-14,Patna,Bihar,586936,2023-09-17
1397,Eshana Zachariah,eshana.zachariah142@outlook.com,9535252390,Female,1975-01-06,Nashik,Maharashtra,303930,2025-10-20
1398,Damyanti Sathe,damyanti.sathe476@outlook.com,9780110550,Female,1970-01-25,Thiruvananthapuram,Kerala,111430,2025-08-12
1399,Balhaar Bobal,balhaar.bobal915@outlook.com,9457455242,Male,1976-05-26,Jaipur,Rajasthan,666711,2025-02-06
1400,Udant Bahl,udant.bahl437@yahoo.com,9849530830,Male,1972-01-10,Kolkata,West Bengal,752255,2026-04-03
1401,Aadi Barad,aadi.barad702@gmail.com,9766208705,Male,1977-01-30,Vadodara,Gujarat,462002,2025-06-07
1402,Nitesh Raman,nitesh.raman969@outlook.com,9490831844,Male,1987-10-15,Bhopal,Madhya Pradesh,164068,2025-02-11
1403,Yatan Sridhar,yatan.sridhar375@yahoo.com,9764789481,Male,2001-12-02,Jaipur,Rajasthan,152860,2024-08-15
1404,Bhavya Zachariah,bhavya.zachariah180@outlook.com,9699996680,Female,1982-02-26,Surat,Gujarat,180261,2023-11-17
1405,Wridesh Dara,wridesh.dara343@gmail.com,9679427414,Male,2005-10-31,Bengaluru,Karnataka,229074,2025-02-01
1406,Rachita Nath,rachita.nath962@outlook.com,9854672588,Female,1982-11-08,Bhubaneswar,Odisha,329985,2025-06-29
1407,Chakradev Pau,chakradev.pau362@yahoo.com,9640699840,Male,2006-12-12,Ahmedabad,Gujarat,553474,2024-12-21
1408,Chaitaly Sharaf,chaitaly.sharaf65@yahoo.com,9470684221,Female,1978-02-04,Pune,Maharashtra,584387,2025-10-09
1409,Isha Goda,isha.goda540@gmail.com,9604834590,Female,2007-03-25,Bhopal,Madhya Pradesh,667743,2025-01-16
1410,Ikshita Mistry,ikshita.mistry636@yahoo.com,9958890239,Female,2004-03-04,Kanpur,Uttar Pradesh,178816,2025-07-18
1411,Praneel Sur,praneel.sur90@gmail.com,9519492143,Male,1992-11-01,Kanpur,Uttar Pradesh,297498,2023-05-18
1412,Ikshita Dey,ikshita.dey112@gmail.com,9396291256,Female,1966-09-19,Nagpur,Maharashtra,227467,2023-03-16
1413,Jagdish Suresh,jagdish.suresh155@gmail.com,9659084094,Male,1999-09-18,Chandigarh,Punjab,767747,2024-06-15
1414,Mitesh Tata,mitesh.tata427@outlook.com,9681361352,Male,2001-07-01,Kolkata,West Bengal,248441,2024-12-20
1415,Varenya Babu,varenya.babu431@yahoo.com,9892109271,Female,1968-01-14,Surat,Gujarat,786001,2023-03-17
1416,Ansh Ravi,ansh.ravi194@gmail.com,9123661636,Male,2000-05-01,Kolkata,West Bengal,353614,2023-07-01
1417,Yutika Shanker,yutika.shanker593@yahoo.com,9804117476,Female,2003-01-17,Lucknow,Uttar Pradesh,787434,2026-05-30
1418,Falguni Kaul,falguni.kaul608@outlook.com,9848251568,Female,1967-03-19,Chandigarh,Punjab,665920,2026-05-10
1419,Ekta Suresh,ekta.suresh312@outlook.com,9241684797,Female,1985-11-20,Kanpur,Uttar Pradesh,431384,2025-05-24
1420,Arin Kibe,arin.kibe267@gmail.com,9619952085,Male,1971-03-29,Vadodara,Gujarat,499968,2025-07-25
1421,Harini Bedi,harini.bedi866@gmail.com,9259277073,Female,2000-12-01,Nashik,Maharashtra,480275,2026-04-14
1422,Chasmum Shan,chasmum.shan980@gmail.com,9764249151,Female,2001-07-19,Kanpur,Uttar Pradesh,278601,2025-03-30
1423,Bhavika Cherian,bhavika.cherian997@gmail.com,9860328560,Female,1991-03-18,Mysuru,Karnataka,270941,2023-06-25
1424,Imaran Bhatnagar,imaran.bhatnagar120@gmail.com,9439974407,Male,1983-12-15,Chennai,Tamil Nadu,712434,2025-12-05
1425,Sai Nair,sai.nair267@yahoo.com,9298101702,Male,1995-01-16,Kanpur,Uttar Pradesh,325121,2023-07-04
1426,Ekapad Nagy,ekapad.nagy325@yahoo.com,9258853889,Male,1999-09-24,Guwahati,Assam,501030,2026-01-16
1427,Aradhana Ghose,aradhana.ghose999@gmail.com,9672994767,Female,1970-10-26,Indore,Madhya Pradesh,426209,2024-04-07
1428,Ekavir Sagar,ekavir.sagar415@yahoo.com,9925190102,Male,1981-07-14,Mumbai,Maharashtra,262447,2023-09-03
1429,Gayathri Sarna,gayathri.sarna160@gmail.com,9892952947,Female,1990-08-26,Ahmedabad,Gujarat,682676,2023-12-10
1430,Ekani Chaudhry,ekani.chaudhry723@yahoo.com,9608857707,Female,1992-10-23,Thiruvananthapuram,Kerala,413906,2025-11-18
1431,Raghav Dugar,raghav.dugar579@outlook.com,9574707201,Male,1986-07-26,Vadodara,Gujarat,465137,2023-02-18
1432,Aarush Amble,aarush.amble491@gmail.com,9249704623,Male,1969-06-17,Bhubaneswar,Odisha,687724,2023-09-18
1433,Lucky Saha,lucky.saha26@yahoo.com,9763059187,Male,1999-09-10,Kolkata,West Bengal,341070,2025-07-15
1434,Vyanjana Date,vyanjana.date95@yahoo.com,9159091919,Female,1993-02-20,Surat,Gujarat,747693,2023-10-22
1435,Umang Sabharwal,umang.sabharwal540@gmail.com,9938896611,Male,1973-02-17,Patna,Bihar,401428,2023-12-04
1436,Anirudh Gole,anirudh.gole86@outlook.com,9578306974,Male,1991-12-11,Mumbai,Maharashtra,201622,2025-08-14
1437,Chanchal Mitra,chanchal.mitra503@yahoo.com,9747650867,Female,1965-10-27,Hyderabad,Telangana,744471,2024-04-23
1438,Jacob Handa,jacob.handa370@yahoo.com,9258855742,Male,1988-06-04,Guwahati,Assam,558414,2023-06-30
1439,Charvi Pathak,charvi.pathak382@gmail.com,9405641007,Female,2008-01-22,Jaipur,Rajasthan,471676,2026-02-19
1440,Yashica Kanda,yashica.kanda457@outlook.com,9194058316,Female,1992-07-25,Kolkata,West Bengal,336173,2024-09-21
1441,Ishita Malhotra,ishita.malhotra426@yahoo.com,9409918418,Female,1970-06-21,Bhubaneswar,Odisha,281747,2023-04-07
1442,Falguni Som,falguni.som918@yahoo.com,9249859658,Female,1972-06-30,Bhubaneswar,Odisha,725703,2024-11-03
1443,Anthony Bhagat,anthony.bhagat213@yahoo.com,9609611966,Male,1977-11-19,Bengaluru,Karnataka,660819,2025-05-13
1444,Urishilla Krishnamurthy,urishilla.krishnamurthy956@outlook.com,9911871283,Female,2000-03-31,Nagpur,Maharashtra,504026,2024-04-05
1445,Utkarsh Bassi,utkarsh.bassi420@outlook.com,9393484627,Male,1967-11-18,Mumbai,Maharashtra,544650,2023-06-13
1446,Gaurang Dugar,gaurang.dugar474@outlook.com,9709795510,Male,1986-06-26,Indore,Madhya Pradesh,253579,2025-11-11
1447,Dalbir Bobal,dalbir.bobal853@yahoo.com,9410808710,Male,1996-08-24,Mysuru,Karnataka,690772,2026-04-02
1448,Omaja Saini,omaja.saini843@yahoo.com,9996129032,Female,1994-09-24,Pune,Maharashtra,723636,2023-10-13
1449,Omaja Karpe,omaja.karpe573@outlook.com,9597627622,Female,1979-08-26,Chandigarh,Punjab,345427,2025-11-02
1450,Chandran Khalsa,chandran.khalsa3@gmail.com,9382047307,Male,2003-01-12,Vadodara,Gujarat,424751,2025-09-10
1451,Riya Kannan,riya.kannan670@outlook.com,9408903747,Female,1990-10-14,Delhi,Delhi,547421,2023-05-04
1452,Avi Sarin,avi.sarin929@outlook.com,9792333529,Male,2005-07-11,Chandigarh,Punjab,366640,2023-08-04
1453,Utkarsh Gokhale,utkarsh.gokhale784@yahoo.com,9629408646,Male,1971-06-29,Delhi,Delhi,179967,2024-06-13
1454,Indali Parmer,indali.parmer493@outlook.com,9568224996,Female,1974-04-27,Patna,Bihar,380440,2026-07-15
1455,Eesha Balay,eesha.balay838@gmail.com,9500722831,Female,1968-03-10,Ranchi,Jharkhand,647423,2025-07-13
1456,Ekansh Choudhry,ekansh.choudhry167@outlook.com,9162825060,Male,1985-05-06,Coimbatore,Tamil Nadu,263236,2026-02-04
1457,Harinakshi Oza,harinakshi.oza900@outlook.com,9245489216,Female,1978-04-26,Kanpur,Uttar Pradesh,484746,2023-11-09
1458,Farhan Garde,farhan.garde280@yahoo.com,9550449730,Male,1989-05-24,Pune,Maharashtra,777154,2025-02-15
1459,Jyoti Chadha,jyoti.chadha297@yahoo.com,9668666911,Female,1988-01-23,Pune,Maharashtra,779984,2024-07-15
1460,Hritik Solanki,hritik.solanki199@outlook.com,9296760502,Male,1977-08-18,Bhopal,Madhya Pradesh,209100,2026-01-16
1461,Tanish Koshy,tanish.koshy331@yahoo.com,9987793353,Male,1984-04-19,Indore,Madhya Pradesh,425698,2023-12-15
1462,Janya Dixit,janya.dixit715@outlook.com,9489255767,Female,2004-04-01,Guwahati,Assam,210489,2026-04-26
1463,Turvi Basu,turvi.basu148@gmail.com,9247048346,Female,1985-11-12,Amritsar,Punjab,653342,2023-03-21
1464,Yashawini Bandi,yashawini.bandi798@yahoo.com,9542375728,Female,1982-08-01,Surat,Gujarat,466845,2024-08-02
1465,Chandran Sethi,chandran.sethi224@gmail.com,9640503265,Male,1969-03-14,Delhi,Delhi,341855,2024-10-31
1466,Abeer Ray,abeer.ray919@outlook.com,9758663681,Male,1971-05-02,Vadodara,Gujarat,661187,2026-06-12
1467,Manbir Khare,manbir.khare472@gmail.com,9225161415,Male,1969-07-11,Lucknow,Uttar Pradesh,247607,2025-05-16
1468,Wriddhish Mody,wriddhish.mody357@yahoo.com,9842010046,Male,1985-05-17,Chandigarh,Punjab,490181,2023-08-26
1469,Advik Sha,advik.sha453@outlook.com,9661697010,Male,1971-08-03,Amritsar,Punjab,468661,2024-09-20
1470,Samaksh Goyal,samaksh.goyal312@gmail.com,9899358066,Male,1981-07-21,Ranchi,Jharkhand,234358,2025-11-16
1471,Vincent Agarwal,vincent.agarwal878@outlook.com,9252857173,Male,1968-08-31,Bengaluru,Karnataka,347581,2026-02-16
1472,Osha Wali,osha.wali215@gmail.com,9184401435,Female,1983-12-10,Bengaluru,Karnataka,555441,2023-03-12
1473,Krishna Johal,krishna.johal20@yahoo.com,9913181224,Male,1969-02-08,Nagpur,Maharashtra,562196,2025-11-14
1474,Oliver Bhakta,oliver.bhakta111@gmail.com,9951536517,Male,2004-10-03,Hyderabad,Telangana,648422,2024-11-25
1475,Qabil Behl,qabil.behl122@yahoo.com,9146473159,Male,1981-05-06,Chandigarh,Punjab,179466,2023-06-21
1476,Anusha Pau,anusha.pau11@gmail.com,9940064269,Female,1993-07-01,Guwahati,Assam,239807,2024-05-17
1477,Bahadurjit Jayaraman,bahadurjit.jayaraman923@gmail.com,9298407974,Male,1980-01-11,Patna,Bihar,478610,2023-07-27
1478,Dakshesh Sridhar,dakshesh.sridhar150@outlook.com,9397829845,Male,1997-12-22,Nagpur,Maharashtra,717914,2025-09-09
1479,Jagrati Kar,jagrati.kar165@outlook.com,9938379910,Female,2004-03-27,Surat,Gujarat,752732,2024-03-19
1480,Zayan Sampath,zayan.sampath584@gmail.com,9206413916,Male,1968-05-08,Bhopal,Madhya Pradesh,716218,2024-01-22
1481,Orinder Sethi,orinder.sethi223@outlook.com,9305672580,Male,1988-04-10,Bhopal,Madhya Pradesh,405549,2024-10-19
1482,Darsh Singhal,darsh.singhal551@gmail.com,9878837937,Male,1994-10-17,Nashik,Maharashtra,213480,2025-08-05
1483,Madhav Seth,madhav.seth872@outlook.com,9609721894,Male,2000-01-09,Bhopal,Madhya Pradesh,494265,2025-04-12
1484,Bachittar Guha,bachittar.guha690@gmail.com,9294184632,Male,1985-04-25,Kanpur,Uttar Pradesh,482059,2026-03-29
1485,Chaitaly Raman,chaitaly.raman220@outlook.com,9344334478,Female,1978-01-10,Lucknow,Uttar Pradesh,537377,2026-04-05
1486,Balvan Chopra,balvan.chopra322@gmail.com,9600258136,Male,1970-06-11,Nashik,Maharashtra,225675,2023-08-30
1487,Ethan Taneja,ethan.taneja781@yahoo.com,9856699057,Male,1974-05-30,Chandigarh,Punjab,412275,2023-08-11
1488,Advay Memon,advay.memon336@yahoo.com,9224256201,Male,1994-12-20,Nagpur,Maharashtra,513473,2024-07-21
1489,Ekaja Som,ekaja.som615@outlook.com,9435014871,Female,1984-09-17,Kanpur,Uttar Pradesh,575522,2024-04-21
1490,Advaith Manne,advaith.manne418@yahoo.com,9559520342,Male,1966-07-29,Indore,Madhya Pradesh,307956,2023-09-30
1491,Jack Venkatesh,jack.venkatesh822@yahoo.com,9829211472,Male,1983-05-01,Amritsar,Punjab,495291,2025-05-12
1492,Onveer Narain,onveer.narain691@yahoo.com,9821657025,Male,1994-04-04,Mumbai,Maharashtra,220281,2024-10-19
1493,Zilmil Saxena,zilmil.saxena536@outlook.com,9826406387,Female,1990-01-07,Kanpur,Uttar Pradesh,199136,2024-09-13
1494,Michael Garg,michael.garg405@yahoo.com,9846290420,Male,1975-05-18,Bengaluru,Karnataka,729245,2025-11-16
1495,Quincy Mani,quincy.mani948@gmail.com,9169482279,Male,1967-08-30,Bhubaneswar,Odisha,491378,2025-10-21
1496,Patrick Mane,patrick.mane206@outlook.com,9534102044,Male,1972-10-11,Ahmedabad,Gujarat,238726,2024-09-10
1497,Faris Wason,faris.wason435@outlook.com,9635915400,Male,2007-06-23,Amritsar,Punjab,402048,2024-02-02
1498,Ganga Edwin,ganga.edwin809@outlook.com,9529749624,Female,1967-05-25,Nashik,Maharashtra,483396,2023-12-03
1499,Nitara Date,nitara.date618@yahoo.com,9620263193,Female,1981-07-10,Guwahati,Assam,646257,2024-08-21
1500,Ishanvi Banerjee,ishanvi.banerjee787@yahoo.com,9216003492,Female,2007-09-06,Bengaluru,Karnataka,238126,2025-06-08
1501,Falak Pradhan,falak.pradhan510@gmail.com,9774708255,Female,2007-07-28,Chandigarh,Punjab,251148,2024-08-31
1502,Matthew Dara,matthew.dara756@gmail.com,9991541224,Male,1983-01-09,Delhi,Delhi,181543,2026-05-04
1503,Yahvi Dhillon,yahvi.dhillon28@gmail.com,9510849034,Female,2005-07-10,Guwahati,Assam,743953,2026-06-09
1504,Garima Agrawal,garima.agrawal311@outlook.com,9769190932,Female,1989-02-09,Bengaluru,Karnataka,211014,2026-07-08
1505,Zehaan Narula,zehaan.narula770@outlook.com,9924174273,Male,1978-05-03,Guwahati,Assam,626097,2025-05-16
1506,Mohini Din,mohini.din301@outlook.com,9634615027,Female,1996-12-14,Hyderabad,Telangana,624065,2025-11-29
1507,Vaishnavi Nigam,vaishnavi.nigam352@outlook.com,9686928797,Female,1997-02-01,Indore,Madhya Pradesh,128529,2025-07-09
1508,Anmol Dewan,anmol.dewan902@gmail.com,9511919441,Male,1970-08-26,Lucknow,Uttar Pradesh,581981,2025-06-25
1509,Amaira Ratti,amaira.ratti454@yahoo.com,9138634432,Female,1975-02-07,Jaipur,Rajasthan,144456,2025-04-07
1510,Pranav Chanda,pranav.chanda676@yahoo.com,9858125303,Male,1991-10-11,Indore,Madhya Pradesh,282118,2024-03-26
1511,Indali Vyas,indali.vyas138@yahoo.com,9868501922,Female,2005-11-10,Lucknow,Uttar Pradesh,517981,2023-11-12
1512,Maya Hayre,maya.hayre113@outlook.com,9824802127,Female,1988-10-11,Nashik,Maharashtra,624383,2023-02-27
1513,Vansha Chahal,vansha.chahal576@gmail.com,9644048929,Female,1982-08-02,Chandigarh,Punjab,168445,2026-07-15
1514,Xalak Nadkarni,xalak.nadkarni507@outlook.com,9505657194,Female,1987-08-16,Coimbatore,Tamil Nadu,756909,2025-03-20
1515,Baghyawati Patel,baghyawati.patel292@yahoo.com,9165953495,Female,1996-05-30,Nashik,Maharashtra,139515,2024-06-26
1516,Tanay Pingle,tanay.pingle858@yahoo.com,9474603593,Male,1966-02-24,Bengaluru,Karnataka,722334,2024-06-12
1517,Orinder Panchal,orinder.panchal913@outlook.com,9466421402,Male,1984-10-14,Nashik,Maharashtra,509061,2024-03-02
1518,Caleb Kale,caleb.kale354@yahoo.com,9542306042,Male,1984-09-22,Lucknow,Uttar Pradesh,478333,2025-08-28
1519,Sarthak Savant,sarthak.savant251@gmail.com,9351923547,Male,2000-04-08,Guwahati,Assam,789565,2024-02-06
1520,Unnati Sachdeva,unnati.sachdeva87@outlook.com,9170330343,Female,1990-11-16,Patna,Bihar,429724,2023-07-28
1521,Caleb Dhawan,caleb.dhawan174@gmail.com,9678120648,Male,1986-01-13,Ahmedabad,Gujarat,451959,2023-10-25
1522,Oliver Bhatti,oliver.bhatti674@yahoo.com,9709938401,Male,1991-01-10,Kanpur,Uttar Pradesh,649765,2026-05-21
1523,Riya Chakrabarti,riya.chakrabarti21@outlook.com,9604336426,Female,1993-02-04,Coimbatore,Tamil Nadu,726552,2023-02-06
1524,Laban Sachdeva,laban.sachdeva387@outlook.com,9519082280,Male,1985-07-01,Ahmedabad,Gujarat,448084,2023-09-12
1525,Ekapad Iyengar,ekapad.iyengar501@gmail.com,9841809534,Male,1982-01-16,Vadodara,Gujarat,325911,2023-09-26
1526,Xalak Basak,xalak.basak515@outlook.com,9464577685,Female,1978-08-12,Chandigarh,Punjab,284722,2025-12-29
1527,Nidra Tak,nidra.tak993@yahoo.com,9316636672,Female,1985-07-21,Surat,Gujarat,631092,2025-01-22
1528,Agastya Agate,agastya.agate871@outlook.com,9329866763,Male,1978-07-14,Amritsar,Punjab,411315,2023-08-16
1529,Vrishti Dash,vrishti.dash305@outlook.com,9531673580,Female,2004-01-05,Pune,Maharashtra,346859,2025-05-24
1530,Sathvik Gola,sathvik.gola865@outlook.com,9201719440,Male,1995-03-16,Ranchi,Jharkhand,730616,2024-10-26
1531,Krisha Balakrishnan,krisha.balakrishnan69@outlook.com,9960266563,Female,1977-07-18,Coimbatore,Tamil Nadu,666861,2023-07-02
1532,Bhavna Pathak,bhavna.pathak215@yahoo.com,9954324560,Female,1989-12-11,Lucknow,Uttar Pradesh,190386,2025-02-19
1533,Leela Soni,leela.soni824@yahoo.com,9564834095,Female,2000-10-23,Bhopal,Madhya Pradesh,676177,2026-07-13
1534,Ridhi Vala,ridhi.vala425@yahoo.com,9369793513,Female,1966-05-19,Hyderabad,Telangana,765323,2025-09-04
1535,Leela Gaba,leela.gaba782@outlook.com,9293918682,Female,1971-11-29,Guwahati,Assam,129507,2025-02-20
1536,Vihaan Deshmukh,vihaan.deshmukh512@gmail.com,9809535264,Male,1967-11-25,Patna,Bihar,599995,2024-05-05
1537,Radha Saini,radha.saini546@outlook.com,9925835412,Female,2006-09-12,Thiruvananthapuram,Kerala,564794,2025-05-01
1538,Arjun Mann,arjun.mann206@yahoo.com,9596591297,Male,1993-02-06,Bhopal,Madhya Pradesh,264921,2024-02-10
1539,Balvan Varkey,balvan.varkey765@outlook.com,9921981667,Male,1992-08-18,Bengaluru,Karnataka,424862,2023-10-06
1540,Charvi Ganesh,charvi.ganesh327@gmail.com,9780674456,Female,2003-02-21,Lucknow,Uttar Pradesh,323447,2025-01-02
1541,Nidhi Madan,nidhi.madan844@yahoo.com,9793683022,Female,1995-03-24,Coimbatore,Tamil Nadu,278385,2025-07-04
1542,Chasmum Warrior,chasmum.warrior616@gmail.com,9535795238,Female,2001-01-10,Guwahati,Assam,360068,2025-02-18
1543,Abeer Devan,abeer.devan197@gmail.com,9363696611,Male,1981-08-31,Bengaluru,Karnataka,435626,2024-11-30
1544,Watika Sabharwal,watika.sabharwal574@yahoo.com,9553139585,Female,2004-10-15,Chandigarh,Punjab,788347,2024-04-13
1545,Charan Kamdar,charan.kamdar164@yahoo.com,9246491273,Male,1975-02-18,Hyderabad,Telangana,140558,2023-08-17
1546,Ijaya Vora,ijaya.vora823@yahoo.com,9807242295,Female,1996-04-07,Vadodara,Gujarat,687458,2026-01-28
1547,Dakshesh Sahni,dakshesh.sahni873@gmail.com,9875750551,Male,1968-11-28,Thiruvananthapuram,Kerala,619443,2024-09-16
1548,Dominic Badal,dominic.badal881@gmail.com,9437052680,Male,1979-01-09,Pune,Maharashtra,740824,2024-10-10
1549,Radhika Dewan,radhika.dewan923@yahoo.com,9490234548,Female,2003-11-20,Nagpur,Maharashtra,799366,2025-12-22
1550,Onveer Gera,onveer.gera966@outlook.com,9250925319,Male,1966-11-11,Jaipur,Rajasthan,357508,2025-08-05
1551,Daniel Kapadia,daniel.kapadia753@outlook.com,9229539022,Male,1995-06-24,Patna,Bihar,657313,2023-07-14
1552,Jhalak Mohanty,jhalak.mohanty906@gmail.com,9355633079,Female,1971-03-24,Chandigarh,Punjab,738959,2023-07-10
1553,Balveer Sandal,balveer.sandal827@yahoo.com,9453568052,Male,1999-05-04,Nashik,Maharashtra,722711,2025-07-11
1554,Brinda Bahl,brinda.bahl767@outlook.com,9353336580,Female,1998-03-11,Vadodara,Gujarat,553411,2025-10-28
1555,Ansh Hegde,ansh.hegde110@gmail.com,9329897397,Male,1999-09-23,Bengaluru,Karnataka,397884,2023-06-17
1556,Yashvi Bhargava,yashvi.bhargava261@outlook.com,9160049440,Female,2004-09-10,Lucknow,Uttar Pradesh,624179,2024-09-27
1557,Anya Bhatti,anya.bhatti972@gmail.com,9439828493,Female,1966-01-25,Ranchi,Jharkhand,682256,2024-02-23
1558,Chasmum Dasgupta,chasmum.dasgupta700@gmail.com,9398214359,Female,1974-06-17,Chandigarh,Punjab,261951,2026-05-04
1559,Irya Goyal,irya.goyal733@yahoo.com,9981934350,Female,1966-11-19,Chandigarh,Punjab,433142,2025-06-15
1560,Elijah Mall,elijah.mall991@outlook.com,9137376338,Male,1980-08-01,Thiruvananthapuram,Kerala,167329,2026-06-10
1561,Faris Tella,faris.tella566@yahoo.com,9432074523,Male,1991-12-26,Coimbatore,Tamil Nadu,779987,2025-11-05
1562,Yashawini Bir,yashawini.bir702@gmail.com,9674355978,Female,1990-06-27,Vadodara,Gujarat,357865,2023-06-06
1563,Advika Wadhwa,advika.wadhwa9@yahoo.com,9374377213,Female,1973-11-11,Jaipur,Rajasthan,425505,2023-11-06
1564,Lohit Garg,lohit.garg775@gmail.com,9419355409,Male,1988-09-21,Amritsar,Punjab,330607,2026-04-10
1565,Chandran Kala,chandran.kala647@yahoo.com,9972144388,Male,2002-03-26,Kanpur,Uttar Pradesh,785734,2026-05-05
1566,Vyanjana Peri,vyanjana.peri35@yahoo.com,9186000877,Female,1973-08-02,Vadodara,Gujarat,625577,2025-07-21
1567,Damyanti Golla,damyanti.golla423@yahoo.com,9870287372,Female,2007-10-28,Bhubaneswar,Odisha,552883,2026-01-13
1568,Simon Kala,simon.kala165@outlook.com,9380214480,Male,1983-02-25,Amritsar,Punjab,640931,2024-11-24
1569,Naksh Dasgupta,naksh.dasgupta431@outlook.com,9883006462,Male,1987-12-22,Surat,Gujarat,684335,2024-09-23
1570,Yachana Patel,yachana.patel712@gmail.com,9918164904,Female,1989-08-01,Kanpur,Uttar Pradesh,164630,2025-07-29
1571,Anmol Butala,anmol.butala455@outlook.com,9246127912,Male,1970-08-08,Thiruvananthapuram,Kerala,113226,2024-03-28
1572,Meghana Shan,meghana.shan644@yahoo.com,9436856223,Female,1979-01-16,Hyderabad,Telangana,713780,2025-03-16
1573,Tristan Kara,tristan.kara162@gmail.com,9654443651,Male,1978-02-13,Delhi,Delhi,790716,2025-01-15
1574,Tanish Gulati,tanish.gulati703@yahoo.com,9951093177,Male,2004-02-07,Kochi,Kerala,444915,2026-02-11
1575,Vyanjana Pillai,vyanjana.pillai895@outlook.com,9243355059,Female,2008-07-27,Chandigarh,Punjab,383343,2023-09-18
1576,Yatan Cheema,yatan.cheema608@yahoo.com,9958487371,Male,1988-02-06,Guwahati,Assam,405486,2024-06-25
1577,Brijesh Dar,brijesh.dar425@yahoo.com,9295302103,Male,1982-11-08,Nagpur,Maharashtra,522609,2023-08-02
1578,Dalaja Ganguly,dalaja.ganguly906@outlook.com,9341041227,Female,2007-07-24,Amritsar,Punjab,131742,2023-04-22
1579,Omkaar Iyer,omkaar.iyer663@outlook.com,9772836002,Male,2008-03-23,Indore,Madhya Pradesh,349817,2025-03-09
1580,Darsh Kaul,darsh.kaul204@yahoo.com,9852973431,Male,1996-10-22,Kanpur,Uttar Pradesh,286954,2026-01-18
1581,Liam Mahajan,liam.mahajan633@yahoo.com,9744666787,Male,2000-01-26,Jaipur,Rajasthan,382796,2025-10-04
1582,Ryan Parekh,ryan.parekh982@yahoo.com,9282668050,Male,1991-07-25,Nagpur,Maharashtra,704798,2024-10-06
1583,Samaksh Sundaram,samaksh.sundaram736@outlook.com,9567248132,Male,1971-12-18,Mumbai,Maharashtra,585748,2024-11-21
1584,Vasana Chokshi,vasana.chokshi230@outlook.com,9318125679,Female,1986-09-01,Delhi,Delhi,309801,2023-07-06
1585,Kala Desai,kala.desai765@yahoo.com,9510248318,Female,1997-05-08,Kolkata,West Bengal,246524,2023-03-08
1586,Bhavna Tara,bhavna.tara615@gmail.com,9984858711,Female,2007-06-05,Hyderabad,Telangana,406713,2025-06-25
1587,Rayaan Narain,rayaan.narain185@yahoo.com,9950901243,Male,1992-05-15,Lucknow,Uttar Pradesh,263033,2023-08-14
1588,Chanakya Bose,chanakya.bose269@gmail.com,9763229105,Male,1987-12-26,Kolkata,West Bengal,582884,2025-06-03
1589,Yatin Shukla,yatin.shukla597@outlook.com,9794963903,Male,1994-02-04,Surat,Gujarat,590420,2023-10-17
1590,Yatan Thaman,yatan.thaman481@gmail.com,9447082726,Male,1980-05-26,Mumbai,Maharashtra,526867,2024-01-02
1591,Aditya Balay,aditya.balay393@outlook.com,9554505193,Male,2003-06-22,Ranchi,Jharkhand,736206,2026-08-03
1592,Dhriti Rajagopal,dhriti.rajagopal98@outlook.com,9163084820,Female,2002-04-20,Nagpur,Maharashtra,164645,2024-09-02
1593,Vaishnavi Sharaf,vaishnavi.sharaf483@yahoo.com,9751089619,Female,1973-03-25,Chennai,Tamil Nadu,737292,2023-03-16
1594,Max Gala,max.gala260@outlook.com,9765352581,Male,1971-05-30,Mumbai,Maharashtra,509443,2024-10-26
1595,Saumya Sura,saumya.sura688@yahoo.com,9241989740,Female,1990-02-01,Jaipur,Rajasthan,696742,2025-10-14
1596,Yatan Zacharia,yatan.zacharia184@yahoo.com,9282392760,Male,1986-02-02,Patna,Bihar,638217,2025-02-08
1597,Gaurangi Toor,gaurangi.toor899@yahoo.com,9241647522,Female,1976-12-13,Ahmedabad,Gujarat,204003,2023-04-11
1598,Saanvi Pandit,saanvi.pandit544@yahoo.com,9252252010,Female,1977-11-09,Ranchi,Jharkhand,383056,2025-10-17
1599,Azaan Bala,azaan.bala46@gmail.com,9636023317,Male,1971-02-20,Ahmedabad,Gujarat,404651,2025-03-03
1600,Rajeshri Palla,rajeshri.palla290@yahoo.com,9758130257,Female,1990-09-26,Lucknow,Uttar Pradesh,386571,2025-12-12
1601,Panini Rai,panini.rai915@gmail.com,9438811626,Female,1980-06-19,Lucknow,Uttar Pradesh,625139,2023-06-04
1602,Pranav Sabharwal,pranav.sabharwal874@outlook.com,9783600081,Male,1994-01-22,Indore,Madhya Pradesh,571363,2024-04-27
1603,Jatin Keer,jatin.keer153@gmail.com,9346810881,Male,1991-02-08,Hyderabad,Telangana,302038,2025-05-17
1604,Bachittar Mody,bachittar.mody267@gmail.com,9858021852,Male,1972-12-04,Chandigarh,Punjab,599825,2023-06-26
1605,Omaja Barad,omaja.barad917@yahoo.com,9143799764,Female,2002-10-02,Delhi,Delhi,572967,2024-09-16
1606,Yasti Sama,yasti.sama575@yahoo.com,9591515743,Female,1995-07-21,Ranchi,Jharkhand,626936,2024-01-09
1607,Advay Nadig,advay.nadig888@gmail.com,9232772727,Male,1982-05-30,Bhubaneswar,Odisha,476587,2024-06-01
1608,Chandran Suresh,chandran.suresh890@yahoo.com,9293976787,Male,1994-08-28,Hyderabad,Telangana,286471,2023-06-07
1609,Pahal Taneja,pahal.taneja913@outlook.com,9728866327,Female,1998-07-08,Patna,Bihar,332714,2024-11-10
1610,Omkaar Ganesan,omkaar.ganesan786@outlook.com,9293884326,Male,1981-04-01,Bhopal,Madhya Pradesh,546647,2025-04-04
1611,Tejas Jaggi,tejas.jaggi787@yahoo.com,9826824988,Male,2002-01-23,Chennai,Tamil Nadu,208887,2024-11-02
1612,Bishakha Wason,bishakha.wason292@outlook.com,9830831002,Female,1977-01-10,Mumbai,Maharashtra,237917,2023-11-02
1613,Neha Ratti,neha.ratti605@gmail.com,9998697433,Female,1992-06-25,Surat,Gujarat,449255,2025-12-05
1614,Chakradhar Chandran,chakradhar.chandran84@yahoo.com,9991956502,Male,1977-05-19,Mumbai,Maharashtra,613165,2025-03-05
1615,Zilmil Soman,zilmil.soman979@yahoo.com,9738021964,Female,1980-07-23,Thiruvananthapuram,Kerala,799970,2024-08-04
1616,Balvan Mittal,balvan.mittal994@gmail.com,9804560130,Male,1978-07-10,Ahmedabad,Gujarat,762597,2024-11-12
1617,Nirja Iyengar,nirja.iyengar971@outlook.com,9888469616,Female,1976-06-06,Ahmedabad,Gujarat,706806,2024-07-18
1618,Utkarsh Gole,utkarsh.gole884@gmail.com,9960666308,Male,1992-08-15,Hyderabad,Telangana,784910,2026-03-14
1619,Yauvani Grover,yauvani.grover818@gmail.com,9898649166,Female,1974-10-13,Ahmedabad,Gujarat,184160,2025-02-14
1620,Vinaya Loyal,vinaya.loyal409@yahoo.com,9291137642,Female,1988-07-13,Nagpur,Maharashtra,361743,2026-05-26
1621,Urishilla Bhasin,urishilla.bhasin22@gmail.com,9274956229,Female,1981-04-16,Nagpur,Maharashtra,517375,2024-12-05
1622,Falak Khosla,falak.khosla663@outlook.com,9265500839,Female,1995-02-04,Kolkata,West Bengal,236461,2023-08-11
1623,Netra Saran,netra.saran821@yahoo.com,9890155099,Female,2002-08-13,Chandigarh,Punjab,435165,2024-07-13
1624,Azad Jani,azad.jani682@gmail.com,9993409974,Male,1977-02-07,Surat,Gujarat,495307,2026-01-28
1625,Luke Dyal,luke.dyal457@yahoo.com,9611573219,Male,1991-06-24,Chandigarh,Punjab,391522,2023-12-27
1626,Tanmayi Khare,tanmayi.khare775@yahoo.com,9970798567,Female,1973-11-17,Nagpur,Maharashtra,496124,2023-06-25
1627,Jason Mukherjee,jason.mukherjee646@yahoo.com,9199801582,Male,1989-09-12,Lucknow,Uttar Pradesh,152403,2024-09-21
1628,Urmi Sami,urmi.sami693@gmail.com,9795366600,Female,1967-03-21,Kanpur,Uttar Pradesh,272603,2025-05-15
1629,Gauri Mahajan,gauri.mahajan645@outlook.com,9663368481,Female,1976-09-26,Bhopal,Madhya Pradesh,198050,2023-07-24
1630,Maya Goda,maya.goda448@gmail.com,9960652062,Female,1967-06-11,Kanpur,Uttar Pradesh,610812,2025-05-12
1631,Watika Bahri,watika.bahri131@outlook.com,9422561333,Female,2004-03-05,Bengaluru,Karnataka,370733,2023-04-10
1632,Nirja Misra,nirja.misra583@gmail.com,9691625661,Female,2004-05-08,Kolkata,West Bengal,190251,2026-02-24
1633,Samar Patla,samar.patla111@outlook.com,9556247420,Male,2003-09-18,Bhopal,Madhya Pradesh,543083,2025-06-16
1634,Rushil Dey,rushil.dey677@outlook.com,9710398824,Male,1990-03-06,Kanpur,Uttar Pradesh,375689,2023-11-30
1635,Yamini Dara,yamini.dara600@gmail.com,9925328186,Female,2001-04-09,Coimbatore,Tamil Nadu,637900,2024-12-04
1636,Jeremiah Taneja,jeremiah.taneja759@outlook.com,9597012485,Male,1975-11-12,Delhi,Delhi,298275,2026-03-19
1637,Darsh Munshi,darsh.munshi403@gmail.com,9189432561,Male,1990-10-02,Amritsar,Punjab,546472,2024-03-30
1638,Saumya Keer,saumya.keer602@outlook.com,9588550540,Female,1975-01-01,Ahmedabad,Gujarat,581805,2026-05-24
1639,Damyanti Gill,damyanti.gill990@gmail.com,9326632940,Female,1977-06-07,Ahmedabad,Gujarat,304079,2023-11-02
1640,Samarth Kumar,samarth.kumar619@yahoo.com,9823067158,Male,1968-01-12,Bhubaneswar,Odisha,221496,2026-02-19
1641,Ridhi Chowdhury,ridhi.chowdhury19@gmail.com,9524056989,Female,1983-11-06,Indore,Madhya Pradesh,232347,2024-03-13
1642,Jatin Mall,jatin.mall672@yahoo.com,9594096279,Male,2005-12-01,Mysuru,Karnataka,534770,2026-03-12
1643,Radhika Soman,radhika.soman634@outlook.com,9487329582,Female,2000-12-11,Kolkata,West Bengal,524185,2025-08-12
1644,Aishani Banerjee,aishani.banerjee129@gmail.com,9114899158,Female,1994-02-06,Nagpur,Maharashtra,310071,2026-01-22
1645,Avi Khatri,avi.khatri17@outlook.com,9302100867,Male,1982-03-02,Amritsar,Punjab,138118,2023-12-22
1646,Pratyush Dara,pratyush.dara665@gmail.com,9797652827,Male,1975-10-16,Chandigarh,Punjab,363525,2024-12-21
1647,Vaishnavi Rama,vaishnavi.rama642@outlook.com,9304992835,Female,2006-12-09,Amritsar,Punjab,200276,2023-02-08
1648,Lakshmi Mitra,lakshmi.mitra475@gmail.com,9608941911,Female,2001-01-01,Nashik,Maharashtra,552373,2023-05-25
1649,Jacob Mishra,jacob.mishra171@gmail.com,9893260250,Male,2003-11-28,Delhi,Delhi,576896,2023-10-28
1650,Urvashi Nadig,urvashi.nadig21@yahoo.com,9728381921,Female,1998-08-06,Chandigarh,Punjab,364416,2026-03-12
1651,Samar Bandi,samar.bandi584@yahoo.com,9154677276,Male,1969-01-25,Kolkata,West Bengal,460068,2024-01-18
1652,Yatan Sinha,yatan.sinha646@outlook.com,9563628778,Male,2005-06-19,Delhi,Delhi,545879,2025-09-09
1653,Osha Sami,osha.sami593@outlook.com,9884989615,Female,2000-11-23,Bhubaneswar,Odisha,691231,2026-03-09
1654,Gaurika Lal,gaurika.lal500@yahoo.com,9621946930,Female,1980-10-03,Pune,Maharashtra,648293,2024-11-14
1655,Omisha Setty,omisha.setty732@gmail.com,9667267264,Female,1998-05-23,Chennai,Tamil Nadu,129944,2025-07-17
1656,Hiral Sawhney,hiral.sawhney324@outlook.com,9168193955,Female,1971-06-24,Patna,Bihar,390860,2025-11-18
1657,Suhani Iyengar,suhani.iyengar120@yahoo.com,9768615479,Female,1979-02-12,Chandigarh,Punjab,787569,2025-04-21
1658,Chakrika Choudhry,chakrika.choudhry715@yahoo.com,9122341268,Female,1987-10-31,Kanpur,Uttar Pradesh,279171,2023-08-21
1659,Eiravati Roy,eiravati.roy197@yahoo.com,9469203324,Female,1979-05-12,Bhubaneswar,Odisha,569393,2025-11-20
1660,William Deol,william.deol225@outlook.com,9835485325,Male,1995-03-10,Bhopal,Madhya Pradesh,465628,2024-01-01
1661,Omisha Manda,omisha.manda905@yahoo.com,9876309973,Female,1983-06-14,Bengaluru,Karnataka,519334,2023-10-13
1662,Hemani Ramaswamy,hemani.ramaswamy964@outlook.com,9800616743,Female,2006-04-02,Amritsar,Punjab,487756,2026-03-08
1663,Jasmit Bail,jasmit.bail995@gmail.com,9767698175,Female,2005-04-27,Vadodara,Gujarat,327274,2026-06-09
1664,Jyoti Chakraborty,jyoti.chakraborty768@gmail.com,9816246415,Female,1974-02-24,Ranchi,Jharkhand,616347,2026-07-13
1665,Frado Bawa,frado.bawa205@gmail.com,9750418046,Male,1984-01-26,Mysuru,Karnataka,626095,2024-07-01
1666,Kalpit Dixit,kalpit.dixit426@yahoo.com,9426043743,Male,1981-06-12,Vadodara,Gujarat,356121,2023-05-24
1667,Daniel Atwal,daniel.atwal49@gmail.com,9485244337,Male,1984-05-03,Indore,Madhya Pradesh,383478,2025-08-16
1668,Vasana Talwar,vasana.talwar163@gmail.com,9989003129,Female,1996-04-23,Guwahati,Assam,637936,2023-07-01
1669,Girish Lata,girish.lata66@yahoo.com,9562375205,Male,1986-11-16,Vadodara,Gujarat,229506,2024-02-05
1670,Dhruv Sankar,dhruv.sankar576@gmail.com,9622230767,Male,1991-06-06,Delhi,Delhi,380347,2026-02-10
1671,Megha Gulati,megha.gulati364@gmail.com,9926883089,Female,1983-03-12,Vadodara,Gujarat,694081,2024-07-23
1672,Eta Balakrishnan,eta.balakrishnan874@outlook.com,9653393055,Female,1976-11-18,Bengaluru,Karnataka,743644,2024-02-08
1673,Umang Kothari,umang.kothari52@yahoo.com,9957905637,Male,1995-01-19,Ranchi,Jharkhand,589342,2024-05-21
1674,Veer Chada,veer.chada801@outlook.com,9754612980,Male,1971-05-10,Delhi,Delhi,216817,2023-02-11
1675,Neel Rao,neel.rao108@gmail.com,9776378019,Male,1996-04-19,Bhopal,Madhya Pradesh,233795,2025-07-06
1676,Siddharth Kunda,siddharth.kunda161@outlook.com,9413664671,Male,1989-07-30,Surat,Gujarat,572966,2023-05-03
1677,Ati Natarajan,ati.natarajan892@gmail.com,9265673777,Female,1985-11-16,Bhubaneswar,Odisha,788527,2026-05-18
1678,Raagini Bath,raagini.bath839@gmail.com,9232052491,Female,1987-04-28,Ahmedabad,Gujarat,321698,2023-02-04
1679,Sai Mittal,sai.mittal788@gmail.com,9363406114,Female,1994-06-28,Lucknow,Uttar Pradesh,606673,2026-07-17
1680,Ekaja Barman,ekaja.barman518@gmail.com,9191519166,Female,1976-10-26,Kolkata,West Bengal,388938,2025-02-18
1681,Yashasvi Tailor,yashasvi.tailor773@yahoo.com,9487237904,Female,2003-05-18,Ranchi,Jharkhand,770017,2026-05-17
1682,Dominic Chakraborty,dominic.chakraborty772@outlook.com,9552820774,Male,1988-06-07,Bengaluru,Karnataka,349267,2024-03-14
1683,Ekavir Lad,ekavir.lad440@yahoo.com,9539492534,Male,1967-07-11,Vadodara,Gujarat,591038,2023-06-29
1684,Eesha Tata,eesha.tata454@gmail.com,9926944269,Female,2001-07-10,Mumbai,Maharashtra,120432,2026-03-02
1685,Pranit Sani,pranit.sani347@yahoo.com,9531269332,Male,2003-05-03,Nagpur,Maharashtra,282307,2024-01-30
1686,Libni Varughese,libni.varughese403@gmail.com,9808858764,Female,2004-01-05,Pune,Maharashtra,782626,2024-03-09
1687,Nakul Swamy,nakul.swamy60@outlook.com,9865974687,Male,1972-02-17,Patna,Bihar,655028,2025-10-13
1688,Urvi Bera,urvi.bera412@outlook.com,9852467956,Female,1967-12-22,Lucknow,Uttar Pradesh,690503,2023-09-30
1689,Hemani Banik,hemani.banik761@yahoo.com,9469536155,Female,1972-08-28,Bhubaneswar,Odisha,118287,2024-09-28
1690,Vinaya Sarin,vinaya.sarin626@gmail.com,9851936102,Female,2004-02-13,Bhopal,Madhya Pradesh,533560,2023-06-28
1691,Yachana Baria,yachana.baria211@outlook.com,9770401096,Female,2008-02-23,Thiruvananthapuram,Kerala,758217,2024-08-22
1692,Watika Shankar,watika.shankar354@outlook.com,9534334693,Female,2001-12-30,Ranchi,Jharkhand,316880,2024-10-28
1693,Falak Dasgupta,falak.dasgupta38@outlook.com,9459159045,Female,1974-05-21,Nagpur,Maharashtra,518938,2024-04-25
1694,Lucky Gole,lucky.gole554@yahoo.com,9329495689,Male,1997-11-15,Bhopal,Madhya Pradesh,207329,2026-01-14
1695,Madhavi Kala,madhavi.kala349@outlook.com,9271828050,Female,2007-05-29,Bhopal,Madhya Pradesh,134560,2025-02-22
1696,Gautam Saha,gautam.saha553@outlook.com,9377766466,Male,1976-03-18,Vadodara,Gujarat,363064,2026-05-04
1697,Yahvi Chandra,yahvi.chandra433@outlook.com,9218586088,Female,1966-09-28,Bhubaneswar,Odisha,172858,2026-03-23
1698,Divya Ramesh,divya.ramesh643@outlook.com,9480612862,Female,2005-07-31,Coimbatore,Tamil Nadu,239828,2024-05-26
1699,Chatresh Naik,chatresh.naik667@gmail.com,9581827565,Male,1969-02-10,Nashik,Maharashtra,422435,2023-08-16
1700,Wriddhish Setty,wriddhish.setty348@gmail.com,9964778305,Male,1977-03-16,Kanpur,Uttar Pradesh,719846,2025-04-21
1701,Aarnav Narayan,aarnav.narayan307@yahoo.com,9816102443,Male,1993-11-03,Surat,Gujarat,710589,2026-07-07
1702,Upkaar Nair,upkaar.nair387@outlook.com,9891897827,Male,2008-08-14,Ranchi,Jharkhand,369663,2026-06-08
1703,Dhruv Kakar,dhruv.kakar529@outlook.com,9306754637,Male,2000-02-04,Ahmedabad,Gujarat,488817,2026-02-19
1704,Megha Naidu,megha.naidu151@outlook.com,9557083443,Female,1997-08-11,Delhi,Delhi,542069,2025-11-27
1705,Rayaan Chanda,rayaan.chanda64@yahoo.com,9239654428,Male,1973-04-12,Nagpur,Maharashtra,609388,2024-06-28
1706,Ryan Chakraborty,ryan.chakraborty80@yahoo.com,9826732562,Male,1974-07-31,Kanpur,Uttar Pradesh,661819,2023-02-24
1707,Sara Rau,sara.rau573@outlook.com,9936256672,Female,1997-12-26,Patna,Bihar,523960,2024-02-01
1708,Ganga Dara,ganga.dara511@outlook.com,9554646119,Female,2000-01-28,Patna,Bihar,571458,2024-02-19
1709,Nilima Deep,nilima.deep997@yahoo.com,9984561220,Female,1969-10-04,Bhubaneswar,Odisha,280754,2024-05-07
1710,Qarin Vala,qarin.vala131@yahoo.com,9863592104,Male,1984-10-12,Bhopal,Madhya Pradesh,589947,2023-10-14
1711,Rishi Soni,rishi.soni526@outlook.com,9226763976,Male,1991-06-10,Ranchi,Jharkhand,332972,2024-01-11
1712,Chandani Sami,chandani.sami34@outlook.com,9268405336,Female,1992-01-09,Chandigarh,Punjab,696182,2025-12-14
1713,Urishilla Sandhu,urishilla.sandhu617@yahoo.com,9218472553,Female,1987-09-13,Delhi,Delhi,236738,2023-05-29
1714,Vedika Kapur,vedika.kapur297@gmail.com,9661328067,Female,1996-04-24,Patna,Bihar,270752,2025-05-16
1715,Yug Vyas,yug.vyas313@yahoo.com,9425623035,Male,1988-03-09,Surat,Gujarat,418262,2025-04-23
1716,Mohini Sidhu,mohini.sidhu811@gmail.com,9252621455,Female,2004-08-20,Mumbai,Maharashtra,728266,2024-08-17
1717,Waida Mital,waida.mital960@yahoo.com,9404386805,Female,1971-02-14,Pune,Maharashtra,336054,2023-08-09
1718,Mason Kothari,mason.kothari758@yahoo.com,9102239566,Male,1978-05-01,Amritsar,Punjab,238271,2024-12-06
1719,Arunima Bose,arunima.bose892@gmail.com,9548367904,Female,1987-09-14,Nagpur,Maharashtra,614551,2026-04-30
1720,Yashodhara Sandal,yashodhara.sandal464@yahoo.com,9938967476,Female,1985-08-09,Patna,Bihar,505634,2024-07-16
1721,Lajita Pant,lajita.pant738@outlook.com,9242603228,Female,1969-02-21,Amritsar,Punjab,255252,2023-12-25
1722,Yashasvi Babu,yashasvi.babu461@outlook.com,9582190328,Female,1994-01-27,Nashik,Maharashtra,266220,2023-06-25
1723,Hemal Gopal,hemal.gopal820@outlook.com,9813503926,Female,1967-07-28,Nagpur,Maharashtra,763881,2026-01-24
1724,Turvi Mishra,turvi.mishra239@yahoo.com,9463996201,Female,1996-10-05,Jaipur,Rajasthan,677274,2024-03-10
1725,Umang Lanka,umang.lanka912@yahoo.com,9890180346,Male,2005-02-07,Guwahati,Assam,400849,2024-04-15
1726,Girik Kakar,girik.kakar725@gmail.com,9714174731,Male,1997-09-30,Mysuru,Karnataka,770718,2023-09-25
1727,Leela Cherian,leela.cherian661@gmail.com,9791397593,Female,1966-05-25,Indore,Madhya Pradesh,696524,2024-08-12
1728,Rudra Dada,rudra.dada979@outlook.com,9681790182,Male,1993-10-29,Hyderabad,Telangana,714877,2023-02-15
1729,Victor Ravel,victor.ravel535@gmail.com,9905906132,Male,2007-02-26,Patna,Bihar,608950,2026-02-27
1730,Yagnesh Mitter,yagnesh.mitter675@outlook.com,9292998003,Male,2007-07-04,Delhi,Delhi,129896,2025-04-08
1731,Radha Rana,radha.rana211@gmail.com,9990873441,Female,1969-05-24,Vadodara,Gujarat,717706,2025-12-06
1732,Ekanta Atwal,ekanta.atwal827@outlook.com,9751605405,Female,2000-09-17,Nagpur,Maharashtra,445997,2023-10-03
1733,Ijaya Bala,ijaya.bala47@yahoo.com,9124978726,Female,1993-07-08,Patna,Bihar,466471,2023-10-26
1734,Kavya Sarin,kavya.sarin425@gmail.com,9666830194,Female,2002-07-12,Mysuru,Karnataka,442800,2026-01-23
1735,Ikshita Chadha,ikshita.chadha94@gmail.com,9206658672,Female,1985-07-21,Coimbatore,Tamil Nadu,678097,2024-02-22
1736,Warjas Sami,warjas.sami148@gmail.com,9374399576,Male,1972-10-07,Kolkata,West Bengal,203983,2023-02-26
1737,Faraj Saxena,faraj.saxena976@yahoo.com,9828650400,Male,1985-11-25,Kolkata,West Bengal,287410,2026-06-30
1738,Umang Kibe,umang.kibe985@yahoo.com,9294838874,Male,1990-02-10,Kochi,Kerala,138492,2023-10-16
1739,Rohan Behl,rohan.behl400@gmail.com,9443641906,Male,1970-01-15,Kolkata,West Bengal,259381,2024-04-05
1740,Upma Sagar,upma.sagar265@yahoo.com,9988780552,Female,1997-04-27,Ahmedabad,Gujarat,236843,2026-01-31
1741,Maanav Bansal,maanav.bansal246@outlook.com,9729243930,Male,1986-07-12,Hyderabad,Telangana,357979,2024-10-21
1742,Widisha Kata,widisha.kata771@outlook.com,9513442871,Female,1988-05-05,Bhopal,Madhya Pradesh,230672,2025-08-11
1743,Udyati Mutti,udyati.mutti326@yahoo.com,9693909246,Female,1977-02-21,Pune,Maharashtra,536851,2025-01-14
1744,Sathvik Solanki,sathvik.solanki30@yahoo.com,9780259788,Male,1992-05-27,Chandigarh,Punjab,355095,2023-06-29
1745,Oscar Sen,oscar.sen568@outlook.com,9824880344,Male,1966-07-09,Coimbatore,Tamil Nadu,216441,2025-07-20
1746,Maanas Handa,maanas.handa569@outlook.com,9943117319,Male,1984-06-18,Nashik,Maharashtra,241672,2024-09-27
1747,Yashica Kanda,yashica.kanda417@yahoo.com,9190095909,Female,1995-01-30,Patna,Bihar,776684,2025-02-28
1748,Vivaan Deep,vivaan.deep992@gmail.com,9500833429,Male,1996-09-18,Vadodara,Gujarat,676693,2026-03-17
1749,Robert Saha,robert.saha252@outlook.com,9555000733,Male,1994-07-27,Vadodara,Gujarat,692120,2026-01-11
1750,Radha Sodhi,radha.sodhi2@yahoo.com,9990531175,Female,2001-12-10,Pune,Maharashtra,760883,2025-11-29
1751,Ishita Mandal,ishita.mandal996@gmail.com,9100582968,Female,1969-05-01,Thiruvananthapuram,Kerala,173099,2025-07-11
1752,Warhi Dayal,warhi.dayal613@yahoo.com,9830142077,Female,1972-05-07,Coimbatore,Tamil Nadu,508620,2023-09-10
1753,Xalak Chaudhuri,xalak.chaudhuri648@gmail.com,9728309864,Female,2006-03-06,Amritsar,Punjab,645119,2025-11-21
1754,Xiti Mitter,xiti.mitter166@outlook.com,9673474007,Female,1989-07-27,Pune,Maharashtra,700434,2023-11-28
1755,Aditya Parmer,aditya.parmer92@yahoo.com,9849932764,Male,1980-12-23,Kolkata,West Bengal,238951,2026-03-14
1756,Fariq Ghosh,fariq.ghosh570@yahoo.com,9563816134,Male,2004-02-02,Bhubaneswar,Odisha,331093,2026-01-05
1757,Anamika Bhatt,anamika.bhatt969@yahoo.com,9782008471,Female,1970-07-12,Guwahati,Assam,384057,2024-04-10
1758,Jhalak Dara,jhalak.dara252@outlook.com,9445356445,Female,1986-07-16,Coimbatore,Tamil Nadu,468225,2025-01-25
1759,Onkar Pant,onkar.pant983@outlook.com,9452678285,Male,1998-09-28,Kanpur,Uttar Pradesh,126646,2025-10-21
1760,Kiaan Dora,kiaan.dora945@gmail.com,9753679794,Male,2003-03-13,Thiruvananthapuram,Kerala,609677,2026-02-07
1761,Charles Bedi,charles.bedi689@gmail.com,9543630426,Male,1984-06-14,Mumbai,Maharashtra,692789,2026-05-12
1762,Vasudha Choudhry,vasudha.choudhry403@outlook.com,9187132846,Female,1999-03-28,Nashik,Maharashtra,790628,2026-07-14
1763,Charan Barman,charan.barman32@outlook.com,9578004919,Male,1972-10-22,Indore,Madhya Pradesh,239411,2024-11-15
1764,Dhriti Jha,dhriti.jha386@outlook.com,9484362791,Female,1972-05-18,Amritsar,Punjab,515538,2026-04-22
1765,Madhav Sathe,madhav.sathe787@outlook.com,9109053121,Male,1987-01-21,Amritsar,Punjab,240825,2025-10-11
1766,Chavvi Dube,chavvi.dube959@gmail.com,9577361628,Female,1980-01-06,Surat,Gujarat,119819,2025-05-15
1767,Ekapad Das,ekapad.das21@yahoo.com,9830739665,Male,1984-07-04,Bhubaneswar,Odisha,485203,2026-01-31
1768,Sarthak Ahuja,sarthak.ahuja836@outlook.com,9771342645,Male,2000-06-02,Nagpur,Maharashtra,427906,2023-12-12
1769,Onkar Mangat,onkar.mangat506@yahoo.com,9139509449,Male,1969-04-16,Chennai,Tamil Nadu,404395,2024-11-13
1770,Ria Sachdeva,ria.sachdeva724@outlook.com,9324504731,Female,1994-03-22,Ranchi,Jharkhand,117483,2024-05-10
1771,Faqid Wagle,faqid.wagle654@yahoo.com,9219127926,Male,1975-06-09,Amritsar,Punjab,400820,2024-07-28
1772,Upadhriti Sachdev,upadhriti.sachdev566@gmail.com,9808496105,Female,2004-03-30,Mysuru,Karnataka,703187,2026-05-01
1773,Pratyush Balan,pratyush.balan603@gmail.com,9900982881,Male,1998-09-29,Nagpur,Maharashtra,178210,2024-08-24
1774,Bakhshi Chad,bakhshi.chad956@outlook.com,9344775738,Male,1982-11-24,Coimbatore,Tamil Nadu,658490,2024-04-11
1775,Gayathri Saraf,gayathri.saraf869@outlook.com,9124822227,Female,1998-04-09,Hyderabad,Telangana,668830,2023-04-18
1776,Forum Bhardwaj,forum.bhardwaj574@yahoo.com,9102099126,Female,2007-10-08,Guwahati,Assam,557862,2026-07-18
1777,Manbir Saini,manbir.saini443@yahoo.com,9394243484,Male,1994-11-26,Ahmedabad,Gujarat,237631,2024-07-02
1778,Nidra Murthy,nidra.murthy371@outlook.com,9914993363,Female,1965-12-19,Chandigarh,Punjab,155577,2026-04-20
1779,Logan Wable,logan.wable285@yahoo.com,9671671189,Male,1971-12-10,Pune,Maharashtra,580666,2025-03-29
1780,Tamanna Sehgal,tamanna.sehgal402@gmail.com,9459387638,Female,2003-10-17,Mumbai,Maharashtra,195783,2025-05-11
1781,Timothy Pai,timothy.pai232@outlook.com,9555073531,Male,1999-03-27,Bhubaneswar,Odisha,188057,2026-03-23
1782,Samaksh Hora,samaksh.hora169@yahoo.com,9433725254,Male,1969-04-01,Hyderabad,Telangana,175897,2026-03-14
1783,Oliver Ramakrishnan,oliver.ramakrishnan492@yahoo.com,9967646831,Male,1997-06-13,Mumbai,Maharashtra,135191,2025-08-25
1784,Edhitha Venkatesh,edhitha.venkatesh257@gmail.com,9215793020,Female,1977-11-01,Amritsar,Punjab,606581,2026-08-05
1785,Chakradhar Vaidya,chakradhar.vaidya853@gmail.com,9982222571,Male,1988-01-17,Ahmedabad,Gujarat,459793,2025-01-12
1786,Fariq Bajaj,fariq.bajaj795@outlook.com,9765254520,Male,1999-11-18,Nagpur,Maharashtra,569832,2023-03-06
1787,Kai Khurana,kai.khurana458@outlook.com,9234031298,Male,1978-09-11,Thiruvananthapuram,Kerala,199690,2026-01-10
1788,Siddharth Tiwari,siddharth.tiwari387@yahoo.com,9844493568,Male,1968-03-15,Pune,Maharashtra,178188,2023-06-21
1789,Quincy Lad,quincy.lad942@yahoo.com,9158829061,Male,1980-11-13,Pune,Maharashtra,426116,2025-04-19
1790,Arunima Dash,arunima.dash105@outlook.com,9159904013,Female,1990-03-29,Nagpur,Maharashtra,696425,2024-09-01
1791,Aarnav Setty,aarnav.setty871@yahoo.com,9531303909,Male,1975-10-12,Kolkata,West Bengal,210486,2024-04-11
1792,Kamala Palla,kamala.palla886@outlook.com,9945544638,Female,1994-04-21,Chennai,Tamil Nadu,764320,2024-02-20
1793,Ekaraj Purohit,ekaraj.purohit394@yahoo.com,9953801568,Male,1976-04-10,Kanpur,Uttar Pradesh,558902,2024-12-01
1794,Nihal Varty,nihal.varty667@outlook.com,9940663765,Male,2001-01-03,Ahmedabad,Gujarat,137234,2025-02-21
1795,Radha Sha,radha.sha337@outlook.com,9306675241,Female,1996-03-24,Bhopal,Madhya Pradesh,223254,2023-06-04
1796,Samesh Bumb,samesh.bumb610@outlook.com,9172525321,Male,1983-11-24,Mumbai,Maharashtra,731687,2023-05-28
1797,Dhruv Soni,dhruv.soni130@outlook.com,9646425072,Male,1968-12-25,Patna,Bihar,378736,2023-11-03
1798,Zansi Rau,zansi.rau493@outlook.com,9766633565,Female,1987-12-10,Lucknow,Uttar Pradesh,576223,2025-02-28
1799,Rudra Lalla,rudra.lalla141@gmail.com,9164951915,Male,1992-12-29,Chennai,Tamil Nadu,243883,2025-02-23
1800,Urvi Suri,urvi.suri447@outlook.com,9799762892,Female,1983-07-22,Patna,Bihar,485122,2025-09-02
1801,Gautami Dhawan,gautami.dhawan907@outlook.com,9932682132,Female,1986-06-21,Patna,Bihar,262699,2024-11-13
1802,Veer Dayal,veer.dayal317@outlook.com,9468186412,Male,1987-09-11,Chandigarh,Punjab,415203,2026-07-05
1803,Zarna Dalal,zarna.dalal531@outlook.com,9806175094,Female,1985-03-18,Mumbai,Maharashtra,261625,2025-07-16
1804,Amol Dugar,amol.dugar520@outlook.com,9158634129,Male,1981-07-04,Chennai,Tamil Nadu,552564,2026-06-04
1805,Dhriti Rege,dhriti.rege206@outlook.com,9316102606,Female,1981-07-08,Hyderabad,Telangana,181727,2023-06-20
1806,Mohini Baria,mohini.baria684@yahoo.com,9846016035,Female,1970-09-09,Hyderabad,Telangana,600107,2024-12-05
1807,Niharika Prasad,niharika.prasad580@yahoo.com,9761535711,Female,1986-07-09,Patna,Bihar,424187,2024-02-25
1808,Eshana Dhar,eshana.dhar167@gmail.com,9587803152,Female,1983-10-06,Ahmedabad,Gujarat,154242,2025-11-09
1809,Niharika Mander,niharika.mander943@gmail.com,9785870900,Female,2000-11-06,Chennai,Tamil Nadu,343859,2023-11-04
1810,Yash Agate,yash.agate639@gmail.com,9356644737,Male,1980-08-13,Kanpur,Uttar Pradesh,614099,2023-07-06
1811,Anya Sahni,anya.sahni758@yahoo.com,9320456760,Female,1978-12-11,Vadodara,Gujarat,529759,2024-10-13
1812,Upkaar Nazareth,upkaar.nazareth7@yahoo.com,9110621558,Male,1986-01-22,Amritsar,Punjab,187313,2025-11-05
1813,Ekaja Devi,ekaja.devi569@gmail.com,9252902956,Female,1985-06-12,Mumbai,Maharashtra,414692,2024-11-12
1814,Varenya Sen,varenya.sen647@outlook.com,9921984514,Female,1996-12-03,Hyderabad,Telangana,487393,2023-08-09
1815,Chaitanya Rout,chaitanya.rout204@gmail.com,9405051006,Male,2004-05-03,Mumbai,Maharashtra,292606,2024-06-13
1816,Omkaar Zachariah,omkaar.zachariah737@gmail.com,9464876250,Male,1994-06-15,Coimbatore,Tamil Nadu,691441,2023-03-29
1817,Timothy Mall,timothy.mall201@gmail.com,9289061692,Male,2002-11-11,Mysuru,Karnataka,384506,2025-05-14
1818,Advik More,advik.more852@outlook.com,9247364121,Male,1970-12-13,Mumbai,Maharashtra,507330,2025-01-24
1819,Brijesh Hans,brijesh.hans959@gmail.com,9427568970,Male,1988-12-04,Ahmedabad,Gujarat,588365,2026-06-18
1820,Avi Vig,avi.vig829@yahoo.com,9809645329,Male,1986-02-01,Surat,Gujarat,289684,2023-10-01
1821,Adya Dara,adya.dara67@gmail.com,9255082939,Female,1988-06-30,Ranchi,Jharkhand,247149,2025-05-30
1822,Aditya Maharaj,aditya.maharaj546@yahoo.com,9845556818,Male,1976-03-04,Hyderabad,Telangana,502436,2025-11-12
1823,Vamakshi Chad,vamakshi.chad440@outlook.com,9362583172,Female,1991-09-21,Kochi,Kerala,158440,2025-12-08
1824,Sai Bath,sai.bath302@gmail.com,9451844369,Male,2005-10-13,Indore,Madhya Pradesh,369179,2024-10-26
1825,Onkar Sarkar,onkar.sarkar815@yahoo.com,9235783814,Male,1966-08-29,Thiruvananthapuram,Kerala,642960,2023-09-19
1826,Zarna Nadig,zarna.nadig745@gmail.com,9942527868,Female,1969-07-16,Hyderabad,Telangana,603531,2024-06-06
1827,Chandran Ganguly,chandran.ganguly521@yahoo.com,9906710856,Male,1973-06-24,Mysuru,Karnataka,786407,2024-02-02
1828,Chanchal Dube,chanchal.dube532@yahoo.com,9292198192,Female,1983-02-20,Chandigarh,Punjab,447457,2024-03-01
1829,Hamsini Bhargava,hamsini.bhargava712@yahoo.com,9868423193,Female,1979-08-13,Bhopal,Madhya Pradesh,628828,2025-04-03
1830,Amara Bhardwaj,amara.bhardwaj596@yahoo.com,9785160666,Female,1969-11-14,Coimbatore,Tamil Nadu,722351,2024-02-18
1831,Ekavir Sachar,ekavir.sachar225@gmail.com,9585417273,Male,1976-09-19,Hyderabad,Telangana,355771,2026-03-30
1832,Dipta Ben,dipta.ben314@yahoo.com,9504889751,Female,1997-12-20,Hyderabad,Telangana,709126,2023-10-18
1833,Jagat Tailor,jagat.tailor384@yahoo.com,9691150686,Male,1987-04-26,Amritsar,Punjab,198877,2024-11-17
1834,Dakshesh Luthra,dakshesh.luthra87@yahoo.com,9577283948,Male,1985-08-12,Nashik,Maharashtra,654023,2023-04-17
1835,Tanvi Bhatti,tanvi.bhatti598@gmail.com,9599561727,Female,1983-02-24,Chennai,Tamil Nadu,647146,2024-10-17
1836,Kamala Bahl,kamala.bahl462@yahoo.com,9564399416,Female,2007-01-21,Lucknow,Uttar Pradesh,538819,2024-01-12
1837,Daksha Koshy,daksha.koshy510@yahoo.com,9393152423,Female,1993-08-23,Vadodara,Gujarat,510945,2025-10-13
1838,Dev Modi,dev.modi453@gmail.com,9385212538,Male,1984-10-20,Mysuru,Karnataka,786704,2025-02-02
1839,Zashil Jani,zashil.jani924@gmail.com,9416236101,Male,1971-10-01,Surat,Gujarat,636139,2025-11-07
1840,Frado Korpal,frado.korpal284@gmail.com,9205665981,Male,1983-11-06,Vadodara,Gujarat,234349,2024-12-25
1841,Upkaar Barman,upkaar.barman40@outlook.com,9315077574,Male,1985-08-09,Surat,Gujarat,459971,2023-01-30
1842,Maanav Ganesh,maanav.ganesh338@yahoo.com,9425038380,Male,2005-10-07,Guwahati,Assam,397797,2023-01-29
1843,Wridesh Mahajan,wridesh.mahajan619@gmail.com,9907865473,Male,2001-09-21,Ranchi,Jharkhand,679509,2025-03-13
1844,Sachi Panchal,sachi.panchal789@yahoo.com,9402629052,Female,1974-10-10,Mumbai,Maharashtra,473471,2026-01-23
1845,Yashodhara Manda,yashodhara.manda842@outlook.com,9913688073,Female,1997-05-30,Jaipur,Rajasthan,797141,2023-03-28
1846,Bakhshi Mital,bakhshi.mital670@outlook.com,9917289898,Male,1995-08-29,Chandigarh,Punjab,266533,2023-05-25
1847,Ekiya Mammen,ekiya.mammen233@outlook.com,9904379808,Female,1974-09-10,Chennai,Tamil Nadu,330070,2026-03-11
1848,Yashawini Nadkarni,yashawini.nadkarni529@outlook.com,9943933854,Female,2006-04-12,Chennai,Tamil Nadu,689460,2026-03-18
1849,Leena Sethi,leena.sethi834@yahoo.com,9465780431,Female,1994-02-07,Bhubaneswar,Odisha,200048,2024-01-17
1850,Oeshi Om,oeshi.om440@outlook.com,9548488935,Female,2006-11-11,Hyderabad,Telangana,329766,2023-10-28
1851,Omya Babu,omya.babu874@outlook.com,9132324001,Female,1971-05-18,Kanpur,Uttar Pradesh,502902,2026-04-26
1852,Aarav Soni,aarav.soni895@gmail.com,9428105366,Male,1966-01-14,Patna,Bihar,120152,2023-02-03
1853,Harini Sachdev,harini.sachdev675@yahoo.com,9464881354,Female,1995-07-30,Vadodara,Gujarat,346445,2025-01-17
1854,Wishi Ramaswamy,wishi.ramaswamy703@yahoo.com,9919094911,Female,1999-06-25,Lucknow,Uttar Pradesh,673719,2024-12-25
1855,Brinda Yohannan,brinda.yohannan602@gmail.com,9709431623,Female,2001-05-28,Ahmedabad,Gujarat,143774,2023-03-10
1856,Tristan Dasgupta,tristan.dasgupta976@yahoo.com,9710090318,Male,2000-07-29,Bengaluru,Karnataka,770435,2024-04-30
1857,Rachita Ram,rachita.ram210@yahoo.com,9168407281,Female,1998-08-25,Jaipur,Rajasthan,670454,2023-09-15
1858,Aarna Dash,aarna.dash487@gmail.com,9453090727,Female,2005-11-19,Hyderabad,Telangana,707180,2024-09-19
1859,Vamakshi Andra,vamakshi.andra917@yahoo.com,9200117306,Female,1966-06-23,Thiruvananthapuram,Kerala,289751,2023-11-11
1860,Logan Parmar,logan.parmar567@gmail.com,9134423255,Male,2000-09-22,Guwahati,Assam,742673,2023-10-04
1861,Nidra Kant,nidra.kant192@gmail.com,9174615426,Female,1986-11-10,Mumbai,Maharashtra,514640,2023-11-28
1862,Radhika Bansal,radhika.bansal239@yahoo.com,9808207780,Female,2004-07-09,Hyderabad,Telangana,659869,2024-01-27
1863,Henry Amble,henry.amble59@yahoo.com,9656769159,Male,2000-12-07,Kanpur,Uttar Pradesh,121584,2023-10-09
1864,Rudra Choudhry,rudra.choudhry881@yahoo.com,9519946090,Male,1990-02-05,Ahmedabad,Gujarat,274664,2026-02-28
1865,Yatin Garde,yatin.garde550@yahoo.com,9613518249,Male,1993-12-31,Bengaluru,Karnataka,182104,2025-01-12
1866,Harita Bhattacharyya,harita.bhattacharyya134@gmail.com,9432599234,Female,1997-09-14,Hyderabad,Telangana,563196,2025-02-28
1867,Eesha Lad,eesha.lad619@outlook.com,9433196834,Female,2002-05-31,Mysuru,Karnataka,726030,2026-05-21
1868,Laksh Handa,laksh.handa734@outlook.com,9592800720,Male,1966-08-15,Bhopal,Madhya Pradesh,398821,2026-01-30
1869,Jonathan Setty,jonathan.setty147@yahoo.com,9168687310,Male,1983-12-29,Mumbai,Maharashtra,528631,2023-01-31
1870,Atharv Naidu,atharv.naidu337@outlook.com,9627162809,Male,2008-06-01,Bhopal,Madhya Pradesh,592560,2024-08-11
1871,Mahika Dara,mahika.dara41@outlook.com,9197820759,Female,1985-09-09,Patna,Bihar,411898,2025-06-27
1872,Radhika Varughese,radhika.varughese718@outlook.com,9950775885,Female,2003-08-19,Surat,Gujarat,421898,2025-10-07
1873,Jasmit Batta,jasmit.batta844@gmail.com,9545659507,Female,1983-09-09,Kochi,Kerala,371237,2024-01-23
1874,Udarsh Mutti,udarsh.mutti751@yahoo.com,9591589232,Male,1973-12-29,Kochi,Kerala,513351,2023-02-04
1875,Banjeet Bakshi,banjeet.bakshi583@gmail.com,9522572507,Male,1975-04-30,Ranchi,Jharkhand,155786,2026-08-03
1876,Siddharth Borde,siddharth.borde281@outlook.com,9677391292,Male,1974-02-03,Mysuru,Karnataka,416069,2026-04-30
1877,Nitesh Mukhopadhyay,nitesh.mukhopadhyay744@outlook.com,9333275639,Male,1992-07-06,Ranchi,Jharkhand,627460,2023-04-20
1878,Amrita Srinivasan,amrita.srinivasan567@gmail.com,9495923044,Female,1966-08-29,Nashik,Maharashtra,190252,2024-08-10
1879,Oliver Krishna,oliver.krishna785@yahoo.com,9540337297,Male,1985-12-27,Bhopal,Madhya Pradesh,582841,2023-12-15
1880,Onkar Bhagat,onkar.bhagat213@outlook.com,9147926645,Male,1987-12-22,Coimbatore,Tamil Nadu,594618,2025-12-28
1881,Jagat Bora,jagat.bora655@outlook.com,9825443666,Male,1992-04-07,Nagpur,Maharashtra,594342,2025-10-29
1882,Charvi Sekhon,charvi.sekhon764@yahoo.com,9308739262,Female,1969-04-21,Ahmedabad,Gujarat,525944,2025-02-16
1883,Azaan Bandi,azaan.bandi257@gmail.com,9861389900,Male,2003-11-25,Mumbai,Maharashtra,253111,2024-05-31
1884,Bhavini Datta,bhavini.datta767@yahoo.com,9620506264,Female,2000-02-17,Guwahati,Assam,593768,2023-04-19
1885,Ayaan Mitra,ayaan.mitra562@outlook.com,9360160777,Male,1984-03-12,Nagpur,Maharashtra,568987,2025-03-29
1886,Charan Bhalla,charan.bhalla841@yahoo.com,9273265999,Male,1978-04-22,Chandigarh,Punjab,288876,2025-01-22
1887,Rayaan Ratti,rayaan.ratti103@gmail.com,9415835422,Male,1997-12-17,Kochi,Kerala,240183,2023-06-02
1888,Kamala Anne,kamala.anne80@outlook.com,9919897502,Female,1985-08-02,Mysuru,Karnataka,121756,2024-09-07
1889,Upadhriti Chaudhuri,upadhriti.chaudhuri452@yahoo.com,9291061870,Female,2005-12-10,Bengaluru,Karnataka,337198,2024-04-12
1890,Agastya Setty,agastya.setty546@gmail.com,9574656314,Male,1990-11-26,Guwahati,Assam,160076,2024-11-28
1891,Chatura Chauhan,chatura.chauhan707@yahoo.com,9576727072,Male,1996-04-19,Jaipur,Rajasthan,164962,2023-02-13
1892,Gunbir Date,gunbir.date791@yahoo.com,9923682643,Male,1976-08-24,Pune,Maharashtra,321538,2025-05-03
1893,Shivansh Srivastava,shivansh.srivastava931@gmail.com,9314733002,Male,1984-09-29,Surat,Gujarat,205826,2025-08-24
1894,Jairaj Devan,jairaj.devan29@gmail.com,9461976234,Male,1968-03-24,Lucknow,Uttar Pradesh,311486,2025-11-26
1895,Nachiket Sarin,nachiket.sarin982@gmail.com,9955690804,Male,1993-08-25,Chennai,Tamil Nadu,286038,2024-11-23
1896,Praneel Mukhopadhyay,praneel.mukhopadhyay426@outlook.com,9215624631,Male,1988-11-23,Pune,Maharashtra,453033,2025-02-22
1897,Eta Din,eta.din642@gmail.com,9770737907,Female,1991-07-27,Indore,Madhya Pradesh,327181,2024-09-28
1898,Mugdha Pillay,mugdha.pillay124@gmail.com,9329544518,Female,1987-11-20,Lucknow,Uttar Pradesh,221029,2026-07-08
1899,Eta Bhandari,eta.bhandari178@gmail.com,9531793991,Female,2000-11-07,Ahmedabad,Gujarat,795762,2023-12-02
1900,Avni Sami,avni.sami399@gmail.com,9592606909,Female,2007-08-14,Mumbai,Maharashtra,340788,2024-04-18
1901,Harrison Biswas,harrison.biswas835@yahoo.com,9797873124,Male,1994-05-06,Guwahati,Assam,764217,2024-04-15
1902,Vinaya Narula,vinaya.narula69@gmail.com,9541411867,Female,1989-12-20,Pune,Maharashtra,426182,2026-02-05
1903,Oviya Mistry,oviya.mistry730@outlook.com,9949608711,Female,1972-08-08,Delhi,Delhi,706855,2024-07-24
1904,Utkarsh Basak,utkarsh.basak983@gmail.com,9744102442,Male,2005-03-08,Coimbatore,Tamil Nadu,450111,2024-11-01
1905,Jasmit Karpe,jasmit.karpe947@outlook.com,9242734041,Female,1974-10-16,Guwahati,Assam,458177,2024-09-24
1906,Wridesh Narula,wridesh.narula780@outlook.com,9441414434,Male,1981-10-16,Thiruvananthapuram,Kerala,615551,2025-12-09
1907,Ryan Gour,ryan.gour19@outlook.com,9728178604,Male,1965-11-30,Ahmedabad,Gujarat,580718,2026-01-02
1908,Aashi Borah,aashi.borah656@outlook.com,9349564952,Female,1989-06-23,Bhopal,Madhya Pradesh,637875,2024-05-06
1909,Ekavir Mannan,ekavir.mannan22@outlook.com,9914906726,Male,1992-10-09,Chennai,Tamil Nadu,240083,2024-08-21
1910,Radha Bassi,radha.bassi756@yahoo.com,9913086431,Female,1974-03-10,Chennai,Tamil Nadu,365377,2026-07-15
1911,Lucky Ghosh,lucky.ghosh141@yahoo.com,9635503487,Male,1976-11-21,Pune,Maharashtra,421024,2023-11-08
1912,Gagan Nori,gagan.nori385@gmail.com,9789384018,Male,1976-03-15,Bengaluru,Karnataka,149749,2026-01-30
1913,Guneet Bains,guneet.bains613@yahoo.com,9893769688,Male,1976-11-18,Bhubaneswar,Odisha,454657,2023-09-14
1914,Chandresh Bail,chandresh.bail326@outlook.com,9945003544,Male,1971-07-12,Coimbatore,Tamil Nadu,151532,2026-01-09
1915,Dayamai Nigam,dayamai.nigam833@yahoo.com,9905897904,Female,1978-09-29,Thiruvananthapuram,Kerala,134845,2026-05-25
1916,Jagdish Pingle,jagdish.pingle340@yahoo.com,9360112864,Male,1994-01-17,Bhubaneswar,Odisha,325816,2025-12-12
1917,Teerth Bhattacharyya,teerth.bhattacharyya255@outlook.com,9847622862,Male,2003-08-02,Guwahati,Assam,343250,2023-07-01
1918,Eiravati Gupta,eiravati.gupta330@gmail.com,9574981389,Female,1981-11-20,Bhopal,Madhya Pradesh,770375,2023-10-04
1919,Rachit Nadkarni,rachit.nadkarni891@yahoo.com,9175145733,Male,2007-08-21,Nagpur,Maharashtra,311815,2025-03-15
1920,Jason Batra,jason.batra145@gmail.com,9234820097,Male,1990-11-18,Thiruvananthapuram,Kerala,206217,2025-10-13
1921,Manan Dixit,manan.dixit563@gmail.com,9353736066,Male,1967-12-01,Patna,Bihar,642074,2024-03-28
1922,Logan Date,logan.date743@yahoo.com,9434430817,Male,2007-04-08,Lucknow,Uttar Pradesh,282133,2026-02-04
1923,Yash Kadakia,yash.kadakia435@gmail.com,9750527812,Male,1999-05-14,Chennai,Tamil Nadu,371064,2025-08-27
1924,Bhavini Ganesh,bhavini.ganesh591@yahoo.com,9782474359,Female,1997-12-07,Kolkata,West Bengal,321185,2024-11-17
1925,Yashoda Prasad,yashoda.prasad493@gmail.com,9486098163,Female,1985-08-03,Vadodara,Gujarat,527590,2024-11-04
1926,Oeshi Prakash,oeshi.prakash483@yahoo.com,9553867727,Female,1986-05-29,Mysuru,Karnataka,639838,2024-12-09
1927,Yachana Som,yachana.som160@yahoo.com,9121271982,Female,1982-11-13,Nashik,Maharashtra,509948,2024-01-11
1928,Anita Johal,anita.johal778@yahoo.com,9739073265,Female,1974-05-10,Nagpur,Maharashtra,673293,2023-11-09
1929,Jacob Randhawa,jacob.randhawa745@gmail.com,9376264887,Male,1983-11-26,Indore,Madhya Pradesh,508931,2023-11-08
1930,Saanvi Dugar,saanvi.dugar465@yahoo.com,9502810902,Female,1981-09-17,Kolkata,West Bengal,699449,2026-05-24
1931,Chaman Desai,chaman.desai342@gmail.com,9867578697,Female,1978-04-25,Nagpur,Maharashtra,602054,2025-09-28
1932,Patrick Karpe,patrick.karpe939@gmail.com,9104488833,Male,1985-08-19,Bengaluru,Karnataka,123458,2025-02-23
1933,Pahal Sandhu,pahal.sandhu415@yahoo.com,9523751880,Female,1984-03-22,Chandigarh,Punjab,501271,2024-09-04
1934,Raksha Tank,raksha.tank316@outlook.com,9731691986,Female,1982-01-25,Chandigarh,Punjab,184695,2024-03-14
1935,Hemal Sathe,hemal.sathe944@gmail.com,9513203779,Female,1993-05-17,Pune,Maharashtra,703084,2023-11-27
1936,Praneel Butala,praneel.butala782@yahoo.com,9374081636,Male,1987-03-15,Hyderabad,Telangana,475512,2024-02-14
1937,Chaaya Malhotra,chaaya.malhotra706@yahoo.com,9847813304,Female,1969-11-09,Thiruvananthapuram,Kerala,170508,2026-05-12
1938,Bimala Parsa,bimala.parsa754@gmail.com,9360224411,Female,1974-03-29,Lucknow,Uttar Pradesh,610932,2023-03-19
1939,Guneet Narayan,guneet.narayan371@outlook.com,9858661900,Male,1997-09-02,Amritsar,Punjab,139629,2023-12-18
1940,Laksh Halder,laksh.halder620@yahoo.com,9831289574,Male,2008-07-16,Coimbatore,Tamil Nadu,264526,2025-07-30
1941,Leena Anand,leena.anand617@outlook.com,9811466339,Female,1977-09-29,Chennai,Tamil Nadu,279269,2025-10-22
1942,Oscar Raval,oscar.raval790@gmail.com,9791916428,Male,2000-12-19,Delhi,Delhi,513018,2026-06-06
1943,Abha Sodhi,abha.sodhi601@gmail.com,9656774907,Female,2008-03-01,Ranchi,Jharkhand,307996,2025-05-25
1944,Falguni Rao,falguni.rao850@yahoo.com,9371518421,Female,1996-09-23,Mysuru,Karnataka,426901,2023-11-19
1945,Jagrati Som,jagrati.som316@outlook.com,9541961791,Female,1990-11-13,Patna,Bihar,203191,2023-11-27
1946,Vivaan Shenoy,vivaan.shenoy587@yahoo.com,9974270684,Male,1969-04-26,Thiruvananthapuram,Kerala,259646,2024-04-14
1947,Ijaya Sanghvi,ijaya.sanghvi215@outlook.com,9527317270,Female,1995-08-21,Bhubaneswar,Odisha,433067,2025-10-22
1948,Henry Sarna,henry.sarna836@yahoo.com,9101694991,Male,1989-08-21,Mysuru,Karnataka,211577,2024-09-02
1949,Rachit Dewan,rachit.dewan714@yahoo.com,9663673646,Male,1971-02-22,Nashik,Maharashtra,547091,2025-02-14
1950,Aarna Tata,aarna.tata442@gmail.com,9289409450,Female,2001-07-02,Bhubaneswar,Odisha,502851,2025-12-13
1951,Omkaar Kar,omkaar.kar138@gmail.com,9622344543,Male,1995-02-11,Ranchi,Jharkhand,300825,2024-07-24
1952,Saksham Yogi,saksham.yogi581@gmail.com,9299327335,Male,1990-11-12,Kanpur,Uttar Pradesh,320702,2024-02-21
1953,Amol Dewan,amol.dewan188@gmail.com,9378476998,Male,2006-08-04,Bhubaneswar,Odisha,538650,2023-08-16
1954,Oni Raman,oni.raman935@outlook.com,9217247719,Female,1974-05-29,Thiruvananthapuram,Kerala,777350,2026-07-21
1955,Rohan Bhatt,rohan.bhatt301@gmail.com,9505582930,Male,1973-09-22,Nagpur,Maharashtra,240739,2024-12-21
1956,Darika Narasimhan,darika.narasimhan351@gmail.com,9728833035,Female,1985-01-15,Nagpur,Maharashtra,356185,2025-02-04
1957,Nidra Chander,nidra.chander689@gmail.com,9110207613,Female,1994-08-24,Chandigarh,Punjab,174023,2023-09-07
1958,Hema Balay,hema.balay979@gmail.com,9814384353,Female,1991-07-28,Nashik,Maharashtra,720739,2026-01-03
1959,Agastya Grover,agastya.grover217@outlook.com,9950174327,Male,2004-10-24,Delhi,Delhi,117615,2023-10-13
1960,Sanya Mander,sanya.mander533@yahoo.com,9621759233,Female,1978-02-22,Kochi,Kerala,606220,2023-10-22
1961,Zaitra Boase,zaitra.boase440@yahoo.com,9498127494,Female,1981-06-24,Kochi,Kerala,469743,2024-09-08
1962,Aashi Garg,aashi.garg246@yahoo.com,9814122368,Female,2004-09-30,Amritsar,Punjab,527828,2024-03-27
1963,Shivani Dugar,shivani.dugar59@yahoo.com,9454608877,Female,1971-03-07,Kochi,Kerala,215044,2026-08-02
1964,Shaurya Sridhar,shaurya.sridhar892@outlook.com,9531438437,Male,1982-05-09,Kanpur,Uttar Pradesh,255609,2025-09-17
1965,Harshil De,harshil.de126@outlook.com,9400075968,Male,1978-12-12,Kochi,Kerala,370611,2026-03-01
1966,Vyanjana Dutt,vyanjana.dutt634@outlook.com,9807462828,Female,2006-01-04,Kanpur,Uttar Pradesh,608283,2025-03-20
1967,Isha Thakkar,isha.thakkar193@gmail.com,9785125940,Female,1985-05-12,Guwahati,Assam,447834,2025-08-14
1968,Harrison Amble,harrison.amble369@gmail.com,9967108597,Male,1984-10-16,Thiruvananthapuram,Kerala,451338,2026-08-04
1969,Sudiksha Koshy,sudiksha.koshy622@yahoo.com,9529674103,Female,2004-10-08,Chennai,Tamil Nadu,752350,2024-12-09
1970,Yatan Sharma,yatan.sharma439@yahoo.com,9806886123,Male,1967-04-22,Surat,Gujarat,215336,2024-09-19
1971,Chandani Mani,chandani.mani622@gmail.com,9864441874,Female,2005-02-20,Kolkata,West Bengal,260116,2025-05-14
1972,Oscar Mishra,oscar.mishra510@gmail.com,9423570275,Male,2001-01-12,Bengaluru,Karnataka,685403,2024-06-18
1973,Harita Sagar,harita.sagar918@yahoo.com,9224208992,Female,2004-04-28,Mysuru,Karnataka,615591,2023-12-17
1974,Tarak Shankar,tarak.shankar217@gmail.com,9908798730,Male,1993-12-19,Chennai,Tamil Nadu,203777,2024-06-10
1975,Champak Ramaswamy,champak.ramaswamy733@gmail.com,9272051317,Male,1967-07-03,Lucknow,Uttar Pradesh,452361,2025-07-21
1976,Gaurangi Mahal,gaurangi.mahal288@gmail.com,9872208263,Female,1988-09-30,Nashik,Maharashtra,380144,2026-03-16
1977,Bhavna Kalla,bhavna.kalla127@outlook.com,9245767354,Female,1983-04-24,Guwahati,Assam,670510,2026-04-19
1978,Divya Pillay,divya.pillay815@outlook.com,9457342476,Female,1970-02-24,Nagpur,Maharashtra,344678,2023-05-08
1979,Nicholas Rout,nicholas.rout352@yahoo.com,9870348269,Male,1976-06-29,Thiruvananthapuram,Kerala,510190,2024-09-03
1980,Yashica Basu,yashica.basu239@gmail.com,9378200009,Female,1968-10-09,Vadodara,Gujarat,231310,2024-09-18
1981,Vedhika Raj,vedhika.raj115@gmail.com,9465327609,Female,1982-10-19,Nagpur,Maharashtra,730968,2024-04-18
1982,Gunbir Ranganathan,gunbir.ranganathan965@gmail.com,9715081202,Male,1976-05-27,Bhubaneswar,Odisha,495601,2023-03-18
1983,Ekansh Narain,ekansh.narain977@yahoo.com,9719459743,Male,1985-08-03,Ahmedabad,Gujarat,111761,2025-06-15
1984,Vedhika Bir,vedhika.bir605@outlook.com,9303858121,Female,1993-11-17,Pune,Maharashtra,517001,2023-05-15
1985,Urvashi Dey,urvashi.dey790@yahoo.com,9956328583,Female,1977-08-18,Ahmedabad,Gujarat,242443,2024-09-29
1986,Faris Garde,faris.garde405@gmail.com,9677987641,Male,1991-09-23,Delhi,Delhi,592978,2026-01-18
1987,Hema Menon,hema.menon836@yahoo.com,9998954542,Female,1997-07-05,Bengaluru,Karnataka,339538,2023-07-08
1988,Hamsini Brahmbhatt,hamsini.brahmbhatt467@gmail.com,9745818574,Female,1966-02-09,Guwahati,Assam,407159,2025-06-16
1989,Laban Dube,laban.dube682@outlook.com,9136876440,Male,1973-04-11,Bhubaneswar,Odisha,737972,2024-08-21
1990,Anika Walia,anika.walia515@outlook.com,9232568472,Female,1995-08-03,Kolkata,West Bengal,396736,2023-11-04
1991,Yutika Chauhan,yutika.chauhan849@gmail.com,9631529611,Female,1978-11-19,Thiruvananthapuram,Kerala,415655,2024-06-17
1992,Ati Agrawal,ati.agrawal830@yahoo.com,9263962774,Female,1981-11-08,Pune,Maharashtra,330844,2023-04-02
1993,Harrison Krish,harrison.krish754@gmail.com,9933265252,Male,1975-11-19,Ranchi,Jharkhand,297717,2024-05-28
1994,Chandani Babu,chandani.babu402@yahoo.com,9975112646,Female,2008-03-01,Bhubaneswar,Odisha,276927,2024-07-28
1995,Om Handa,om.handa402@yahoo.com,9553588778,Male,1968-05-05,Indore,Madhya Pradesh,606419,2025-06-27
1996,Chasmum Ganesh,chasmum.ganesh401@yahoo.com,9177119592,Female,1967-07-09,Nashik,Maharashtra,663486,2025-08-23
1997,Yashvi Chokshi,yashvi.chokshi714@gmail.com,9852809702,Female,1979-07-03,Kolkata,West Bengal,684631,2025-12-20
1998,Ikshita Johal,ikshita.johal135@yahoo.com,9907739980,Female,1982-08-12,Delhi,Delhi,718577,2026-05-22
1999,Tanish Dara,tanish.dara312@yahoo.com,9802907889,Male,1970-03-07,Ranchi,Jharkhand,281647,2023-11-25
2000,Neel Ghose,neel.ghose713@yahoo.com,9412546455,Male,1993-09-30,Kanpur,Uttar Pradesh,261858,2023-02-17
